"","eeacellcode","pd"
"1","1kmE3799N3134",17699.333822
"2","1kmE3799N3135",15353.507304
"3","1kmE3800N3108",6343.5372345
"4","1kmE3800N3115",2190.3194015
"5","1kmE3800N3116",2318.8180705
"6","1kmE3800N3125",5533.641063
"7","1kmE3800N3126",5056.6476085
"8","1kmE3800N3127",3197.033951
"9","1kmE3800N3128",726.0565265
"10","1kmE3800N3129",4849.0020775
"11","1kmE3800N3130",4064.7698255
"12","1kmE3800N3131",13055.3904075
"13","1kmE3800N3132",17612.017039
"14","1kmE3800N3133",21878.617746
"15","1kmE3800N3134",20781.3389195
"16","1kmE3800N3135",19379.8311415
"17","1kmE3800N3136",13642.020587
"18","1kmE3801N3106",205.01639
"19","1kmE3801N3107",2561.1075905
"20","1kmE3801N3108",7914.65638
"21","1kmE3801N3109",6601.8510595
"22","1kmE3801N3110",4907.048291
"23","1kmE3801N3111",3764.2676015
"24","1kmE3801N3112",2862.037764
"25","1kmE3801N3113",2388.8897635
"26","1kmE3801N3114",3969.772552
"27","1kmE3801N3115",8805.1961385
"28","1kmE3801N3116",9585.1167355
"29","1kmE3801N3117",7481.675622
"30","1kmE3801N3124",8402.877709
"31","1kmE3801N3125",10172.0535855
"32","1kmE3801N3126",10362.069052
"33","1kmE3801N3127",7553.994904
"34","1kmE3801N3128",3322.132231
"35","1kmE3801N3129",8803.3637995
"36","1kmE3801N3130",6714.977952
"37","1kmE3801N3131",11508.066014
"38","1kmE3801N3132",17747.6258115
"39","1kmE3801N3133",20190.695592
"40","1kmE3801N3134",20401.200013
"41","1kmE3801N3135",21488.160916
"42","1kmE3801N3136",15829.184361
"43","1kmE3802N3104",3254.4061555
"44","1kmE3802N3105",5514.120001
"45","1kmE3802N3106",3767.31021
"46","1kmE3802N3107",6987.998699
"47","1kmE3802N3108",6990.492583
"48","1kmE3802N3109",8081.968697
"49","1kmE3802N3110",7504.273299
"50","1kmE3802N3111",1897.2345785
"51","1kmE3802N3112",5467.0338085
"52","1kmE3802N3113",1938.6153805
"53","1kmE3802N3114",6891.948161
"54","1kmE3802N3115",10447.1410835
"55","1kmE3802N3116",9881.0165085
"56","1kmE3802N3117",6436.062819
"57","1kmE3802N3122",205.016391
"58","1kmE3802N3123",2488.8855105
"59","1kmE3802N3124",9414.5102335
"60","1kmE3802N3125",8328.420731
"61","1kmE3802N3126",10753.0942605
"62","1kmE3802N3127",8110.480767
"63","1kmE3802N3128",3932.0788755
"64","1kmE3802N3129",7024.7007815
"65","1kmE3802N3130",5920.273343
"66","1kmE3802N3131",12009.0679245
"67","1kmE3802N3132",19507.70252
"68","1kmE3802N3133",18324.3333645
"69","1kmE3802N3134",19564.634865
"70","1kmE3802N3135",20210.3256765
"71","1kmE3802N3136",15701.202644
"72","1kmE3802N3137",2802.080823
"73","1kmE3803N3103",668.836293
"74","1kmE3803N3104",1588.320732
"75","1kmE3803N3105",2828.007748
"76","1kmE3803N3106",4684.323696
"77","1kmE3803N3107",6410.053758
"78","1kmE3803N3108",279.8060205
"79","1kmE3803N3109",1423.2206665
"80","1kmE3803N3110",743.094977
"81","1kmE3803N3111",868.7961015
"82","1kmE3803N3112",1629.588844
"83","1kmE3803N3113",2680.840108
"84","1kmE3803N3114",3474.497318
"85","1kmE3803N3115",8011.434804
"86","1kmE3803N3116",11968.6865575
"87","1kmE3803N3117",3668.6513625
"88","1kmE3803N3118",6193.612518
"89","1kmE3803N3119",926.676548
"90","1kmE3803N3120",1987.6084755
"91","1kmE3803N3121",3791.1441475
"92","1kmE3803N3122",3751.0201835
"93","1kmE3803N3123",8271.682379
"94","1kmE3803N3124",8653.874299
"95","1kmE3803N3125",10455.95989
"96","1kmE3803N3126",12214.6560495
"97","1kmE3803N3127",9973.643546
"98","1kmE3803N3128",5744.958499
"99","1kmE3803N3129",7135.0148615
"100","1kmE3803N3130",6117.860996
"101","1kmE3803N3131",9998.879632
"102","1kmE3803N3132",16101.8802395
"103","1kmE3803N3133",15562.758435
"104","1kmE3803N3134",20252.7731515
"105","1kmE3803N3135",19997.6142835
"106","1kmE3803N3136",19003.262178
"107","1kmE3803N3137",7469.6158245
"108","1kmE3804N3103",5618.9478445
"109","1kmE3804N3104",8495.657343
"110","1kmE3804N3105",9858.5096265
"111","1kmE3804N3106",11219.911666
"112","1kmE3804N3107",6530.7462305
"113","1kmE3804N3108",6636.7599185
"114","1kmE3804N3109",6266.9906235
"115","1kmE3804N3110",5588.068033
"116","1kmE3804N3111",2813.933483
"117","1kmE3804N3112",5323.397683
"118","1kmE3804N3113",7069.763556
"119","1kmE3804N3114",6597.4239365
"120","1kmE3804N3115",1955.266025
"121","1kmE3804N3116",9301.552103
"122","1kmE3804N3117",11879.3165965
"123","1kmE3804N3118",6149.8736865
"124","1kmE3804N3119",7491.4660705
"125","1kmE3804N3120",5447.907645
"126","1kmE3804N3121",4917.505434
"127","1kmE3804N3122",6239.9704125
"128","1kmE3804N3123",10205.85538
"129","1kmE3804N3124",4796.01017
"130","1kmE3804N3125",7130.817983
"131","1kmE3804N3126",2848.97411
"132","1kmE3804N3127",5556.360353
"133","1kmE3804N3128",5738.4527115
"134","1kmE3804N3129",9343.5742285
"135","1kmE3804N3130",5986.3685965
"136","1kmE3804N3131",6990.8304985
"137","1kmE3804N3132",7493.2179375
"138","1kmE3804N3133",11092.6439135
"139","1kmE3804N3134",17337.3355315
"140","1kmE3804N3135",20983.7417155
"141","1kmE3804N3136",20172.873746
"142","1kmE3804N3137",12671.241699
"143","1kmE3804N3138",1655.7192675
"144","1kmE3805N3103",5955.0857415
"145","1kmE3805N3104",9201.7020225
"146","1kmE3805N3105",11223.094528
"147","1kmE3805N3106",13376.375893
"148","1kmE3805N3107",11150.1339755
"149","1kmE3805N3108",9110.8105495
"150","1kmE3805N3109",10331.776365
"151","1kmE3805N3110",10894.9525695
"152","1kmE3805N3111",6213.768196
"153","1kmE3805N3112",5612.482129
"154","1kmE3805N3113",4770.993862
"155","1kmE3805N3114",5895.8705065
"156","1kmE3805N3115",205.0163905
"157","1kmE3805N3116",3607.231518
"158","1kmE3805N3117",9804.334919
"159","1kmE3805N3118",10330.0352805
"160","1kmE3805N3119",7016.9509775
"161","1kmE3805N3120",6860.292492
"162","1kmE3805N3121",205.0163915
"163","1kmE3805N3122",5793.80162
"164","1kmE3805N3123",8156.361754
"165","1kmE3805N3124",5791.3905285
"166","1kmE3805N3125",4960.765698
"167","1kmE3805N3126",8258.330466
"168","1kmE3805N3127",10872.4678235
"169","1kmE3805N3128",7675.4066285
"170","1kmE3805N3129",10398.095439
"171","1kmE3805N3130",7723.374093
"172","1kmE3805N3131",6470.6532355
"173","1kmE3805N3132",6932.264902
"174","1kmE3805N3133",6136.659546
"175","1kmE3805N3134",14323.359993
"176","1kmE3805N3135",21362.5645225
"177","1kmE3805N3136",19029.2068285
"178","1kmE3805N3137",14218.837997
"179","1kmE3805N3138",4047.1161315
"180","1kmE3806N3103",1840.182972
"181","1kmE3806N3104",2901.4690215
"182","1kmE3806N3105",6910.485104
"183","1kmE3806N3106",11252.2079125
"184","1kmE3806N3107",10451.477984
"185","1kmE3806N3108",6840.5197835
"186","1kmE3806N3109",10232.844971
"187","1kmE3806N3110",10064.4437875
"188","1kmE3806N3111",7205.5672905
"189","1kmE3806N3112",7046.406432
"190","1kmE3806N3113",7048.7500755
"191","1kmE3806N3114",6140.7797625
"192","1kmE3806N3115",1191.363402
"193","1kmE3806N3116",4902.8930295
"194","1kmE3806N3117",10464.2743055
"195","1kmE3806N3118",11674.6650395
"196","1kmE3806N3119",6716.2285785
"197","1kmE3806N3120",4817.239927
"198","1kmE3806N3121",5463.621832
"199","1kmE3806N3122",8470.9234205
"200","1kmE3806N3123",8265.253861
"201","1kmE3806N3124",5140.8194435
"202","1kmE3806N3125",8134.6706865
"203","1kmE3806N3126",9466.441237
"204","1kmE3806N3127",3272.839065
"205","1kmE3806N3128",6958.921105
"206","1kmE3806N3129",11303.2677925
"207","1kmE3806N3130",9172.479489
"208","1kmE3806N3131",10897.4377395
"209","1kmE3806N3132",11852.949753
"210","1kmE3806N3133",9140.1646975
"211","1kmE3806N3134",12778.048467
"212","1kmE3806N3135",18991.2528895
"213","1kmE3806N3136",19973.3297905
"214","1kmE3806N3137",18084.197007
"215","1kmE3806N3138",11675.568475
"216","1kmE3806N3139",2734.2236815
"217","1kmE3807N3103",382.506485
"218","1kmE3807N3104",1018.717643
"219","1kmE3807N3105",1920.054351
"220","1kmE3807N3106",6114.6730405
"221","1kmE3807N3107",7820.6631415
"222","1kmE3807N3108",5767.2896635
"223","1kmE3807N3109",4898.7453465
"224","1kmE3807N3110",8690.5433725
"225","1kmE3807N3111",10381.1015415
"226","1kmE3807N3112",11101.9294025
"227","1kmE3807N3113",9216.7125695
"228","1kmE3807N3114",7277.0532655
"229","1kmE3807N3115",6394.364037
"230","1kmE3807N3116",1401.1020465
"231","1kmE3807N3117",4551.9581515
"232","1kmE3807N3118",5145.9611595
"233","1kmE3807N3119",3347.5043155
"234","1kmE3807N3120",4185.476834
"235","1kmE3807N3121",8968.6756325
"236","1kmE3807N3122",6390.475514
"237","1kmE3807N3123",4863.623692
"238","1kmE3807N3124",5313.271967
"239","1kmE3807N3125",6422.9380675
"240","1kmE3807N3126",9631.5801235
"241","1kmE3807N3127",4175.4485675
"242","1kmE3807N3128",3201.2329995
"243","1kmE3807N3129",4929.5474405
"244","1kmE3807N3130",3685.8935835
"245","1kmE3807N3131",11253.1753305
"246","1kmE3807N3132",14648.9838145
"247","1kmE3807N3133",12627.247002
"248","1kmE3807N3134",7550.042833
"249","1kmE3807N3135",9524.210591
"250","1kmE3807N3136",17138.079738
"251","1kmE3807N3137",19683.653634
"252","1kmE3807N3138",16685.4553355
"253","1kmE3807N3139",7186.669134
"254","1kmE3808N3101",848.66474
"255","1kmE3808N3102",550.589774
"256","1kmE3808N3103",5579.4501955
"257","1kmE3808N3104",6676.256679
"258","1kmE3808N3105",3636.7743005
"259","1kmE3808N3106",8990.8776115
"260","1kmE3808N3107",7903.6631345
"261","1kmE3808N3108",6919.4967415
"262","1kmE3808N3109",2891.8469455
"263","1kmE3808N3110",8128.0172475
"264","1kmE3808N3111",12862.6152785
"265","1kmE3808N3112",11292.9683285
"266","1kmE3808N3113",7297.3868955
"267","1kmE3808N3114",7463.9179875
"268","1kmE3808N3115",8470.4223345
"269","1kmE3808N3116",6504.641204
"270","1kmE3808N3117",2482.2578725
"271","1kmE3808N3118",3721.4118715
"272","1kmE3808N3119",3572.1503335
"273","1kmE3808N3120",9793.59542
"274","1kmE3808N3121",9407.6424335
"275","1kmE3808N3122",5597.2435225
"276","1kmE3808N3123",4680.1183015
"277","1kmE3808N3124",5677.7911945
"278","1kmE3808N3125",2424.2245675
"279","1kmE3808N3126",1873.2534505
"280","1kmE3808N3127",2126.806393
"281","1kmE3808N3128",7464.471239
"282","1kmE3808N3129",9193.584924
"283","1kmE3808N3130",7664.771373
"284","1kmE3808N3131",12433.749937
"285","1kmE3808N3132",14691.7531295
"286","1kmE3808N3133",14493.940264
"287","1kmE3808N3134",10592.6312135
"288","1kmE3808N3135",9605.993687
"289","1kmE3808N3136",14590.643036
"290","1kmE3808N3137",17754.723173
"291","1kmE3808N3138",17825.9954955
"292","1kmE3808N3139",12359.7274205
"293","1kmE3808N3140",961.6191995
"294","1kmE3809N3099",9324.434141
"295","1kmE3809N3100",7399.1316395
"296","1kmE3809N3101",3870.808949
"297","1kmE3809N3102",1281.306626
"298","1kmE3809N3103",2146.863111
"299","1kmE3809N3104",2271.340676
"300","1kmE3809N3105",2203.387962
"301","1kmE3809N3106",7459.554647
"302","1kmE3809N3107",11250.618905
"303","1kmE3809N3108",7743.4422995
"304","1kmE3809N3109",891.602674
"305","1kmE3809N3110",2048.551351
"306","1kmE3809N3111",1086.818701
"307","1kmE3809N3112",8176.169701
"308","1kmE3809N3113",6736.724336
"309","1kmE3809N3114",5182.4091115
"310","1kmE3809N3115",6524.4009955
"311","1kmE3809N3116",5204.566005
"312","1kmE3809N3117",4116.3956185
"313","1kmE3809N3118",11538.385763
"314","1kmE3809N3119",8475.580524
"315","1kmE3809N3120",7857.1831575
"316","1kmE3809N3121",10210.840224
"317","1kmE3809N3122",7658.6887505
"318","1kmE3809N3123",1502.063442
"319","1kmE3809N3124",5600.84692
"320","1kmE3809N3125",6586.0807835
"321","1kmE3809N3126",6235.9352075
"322","1kmE3809N3127",7124.1851105
"323","1kmE3809N3128",8922.8922195
"324","1kmE3809N3129",10206.528831
"325","1kmE3809N3130",11827.5325555
"326","1kmE3809N3131",9469.51029
"327","1kmE3809N3132",9988.74452
"328","1kmE3809N3133",11805.199782
"329","1kmE3809N3134",8292.7433695
"330","1kmE3809N3135",11412.8755525
"331","1kmE3809N3136",16606.0532475
"332","1kmE3809N3137",19751.8257325
"333","1kmE3809N3138",19935.5646165
"334","1kmE3809N3139",16761.3247405
"335","1kmE3809N3140",5244.4182555
"336","1kmE3810N3097",1822.847555
"337","1kmE3810N3098",5736.1212335
"338","1kmE3810N3099",12493.4551775
"339","1kmE3810N3100",12231.5991675
"340","1kmE3810N3101",11886.74141
"341","1kmE3810N3102",5057.9284655
"342","1kmE3810N3103",1076.927289
"343","1kmE3810N3104",6499.6957185
"344","1kmE3810N3105",2943.1950995
"345","1kmE3810N3106",2963.000979
"346","1kmE3810N3107",11084.433467
"347","1kmE3810N3108",9293.653944
"348","1kmE3810N3109",4094.975728
"349","1kmE3810N3110",4225.518226
"350","1kmE3810N3111",3528.493623
"351","1kmE3810N3112",7706.4448925
"352","1kmE3810N3113",5133.9567315
"353","1kmE3810N3114",2374.6736895
"354","1kmE3810N3115",7803.871465
"355","1kmE3810N3116",8787.898861
"356","1kmE3810N3117",6860.497089
"357","1kmE3810N3118",13580.9425475
"358","1kmE3810N3119",11321.463121
"359","1kmE3810N3120",4649.191331
"360","1kmE3810N3121",9990.846133
"361","1kmE3810N3122",7154.798523
"362","1kmE3810N3123",3594.19111
"363","1kmE3810N3124",4101.228797
"364","1kmE3810N3125",10209.5561935
"365","1kmE3810N3126",11756.892277
"366","1kmE3810N3127",13133.8612335
"367","1kmE3810N3128",9263.2452335
"368","1kmE3810N3129",7976.6466035
"369","1kmE3810N3130",6299.4090615
"370","1kmE3810N3131",7655.1821675
"371","1kmE3810N3132",7565.9392235
"372","1kmE3810N3133",6040.9458335
"373","1kmE3810N3134",7907.5468375
"374","1kmE3810N3135",14294.3035505
"375","1kmE3810N3136",15802.2422535
"376","1kmE3810N3137",22051.0368905
"377","1kmE3810N3138",22990.3528355
"378","1kmE3810N3139",21328.7499165
"379","1kmE3810N3140",13405.308275
"380","1kmE3811N3096",9013.162997
"381","1kmE3811N3097",5212.088676
"382","1kmE3811N3098",9019.311157
"383","1kmE3811N3099",14269.8694595
"384","1kmE3811N3100",13806.9402415
"385","1kmE3811N3101",15930.5691785
"386","1kmE3811N3102",7592.2110695
"387","1kmE3811N3103",6119.325738
"388","1kmE3811N3104",4194.864503
"389","1kmE3811N3105",1185.856781
"390","1kmE3811N3106",5982.6198755
"391","1kmE3811N3107",8317.395236
"392","1kmE3811N3108",4565.8644135
"393","1kmE3811N3109",4670.8341695
"394","1kmE3811N3110",6469.279724
"395","1kmE3811N3111",5180.4494785
"396","1kmE3811N3112",7089.382698
"397","1kmE3811N3113",3783.872299
"398","1kmE3811N3114",7833.9581685
"399","1kmE3811N3115",5734.352848
"400","1kmE3811N3116",4510.680121
"401","1kmE3811N3117",5979.312161
"402","1kmE3811N3118",10778.490709
"403","1kmE3811N3119",11559.982141
"404","1kmE3811N3120",9074.7295435
"405","1kmE3811N3121",12991.9984695
"406","1kmE3811N3122",8590.7896875
"407","1kmE3811N3123",5810.069445
"408","1kmE3811N3124",6032.7655255
"409","1kmE3811N3125",8309.1660365
"410","1kmE3811N3126",11081.651975
"411","1kmE3811N3127",11230.888561
"412","1kmE3811N3128",10477.7636655
"413","1kmE3811N3129",13486.3426255
"414","1kmE3811N3130",12379.201935
"415","1kmE3811N3131",6696.7469365
"416","1kmE3811N3132",9403.279234
"417","1kmE3811N3133",6857.4049765
"418","1kmE3811N3134",8596.8288415
"419","1kmE3811N3135",11160.351075
"420","1kmE3811N3136",11124.5149805
"421","1kmE3811N3137",20795.171077
"422","1kmE3811N3138",23874.90532
"423","1kmE3811N3139",23331.615746
"424","1kmE3811N3140",14996.03826
"425","1kmE3811N3141",3776.653576
"426","1kmE3812N3093",2886.115375
"427","1kmE3812N3094",8797.2187365
"428","1kmE3812N3095",7256.2961945
"429","1kmE3812N3096",6276.660516
"430","1kmE3812N3097",4816.281574
"431","1kmE3812N3098",7677.4704935
"432","1kmE3812N3099",7415.359056
"433","1kmE3812N3100",10885.770203
"434","1kmE3812N3101",13492.855467
"435","1kmE3812N3102",7232.3879655
"436","1kmE3812N3103",2408.753102
"437","1kmE3812N3104",1118.2924595
"438","1kmE3812N3105",382.5064875
"439","1kmE3812N3106",2965.643275
"440","1kmE3812N3107",6729.3523655
"441","1kmE3812N3108",3371.404144
"442","1kmE3812N3109",5439.7144865
"443","1kmE3812N3110",4776.8611275
"444","1kmE3812N3111",5268.859233
"445","1kmE3812N3112",2390.6794605
"446","1kmE3812N3113",3082.433634
"447","1kmE3812N3114",2956.054703
"448","1kmE3812N3115",2161.8324125
"449","1kmE3812N3116",6658.331164
"450","1kmE3812N3117",8185.0403135
"451","1kmE3812N3118",8321.598664
"452","1kmE3812N3119",11090.3277245
"453","1kmE3812N3120",7187.935764
"454","1kmE3812N3121",12028.701018
"455","1kmE3812N3122",8378.1700625
"456","1kmE3812N3123",4197.1871225
"457","1kmE3812N3124",7694.0924055
"458","1kmE3812N3125",6651.0818325
"459","1kmE3812N3126",7685.648863
"460","1kmE3812N3127",6791.696929
"461","1kmE3812N3128",8648.642331
"462","1kmE3812N3129",9911.7459095
"463","1kmE3812N3130",6912.9444645
"464","1kmE3812N3131",5916.6741645
"465","1kmE3812N3132",6482.3587715
"466","1kmE3812N3133",7336.888315
"467","1kmE3812N3134",9172.8936955
"468","1kmE3812N3135",5396.78658
"469","1kmE3812N3136",8461.2304765
"470","1kmE3812N3137",11098.8700795
"471","1kmE3812N3138",14957.4573145
"472","1kmE3812N3139",19428.1036425
"473","1kmE3812N3140",18867.1689185
"474","1kmE3812N3141",11613.182996
"475","1kmE3813N3092",570.6291375
"476","1kmE3813N3093",1460.41931
"477","1kmE3813N3094",8212.1466095
"478","1kmE3813N3095",6343.651417
"479","1kmE3813N3096",7090.9369215
"480","1kmE3813N3097",4811.0546145
"481","1kmE3813N3098",10795.786605
"482","1kmE3813N3099",9460.058906
"483","1kmE3813N3100",12898.422631
"484","1kmE3813N3101",8348.9755245
"485","1kmE3813N3102",1263.7702165
"486","1kmE3813N3103",1577.505637
"487","1kmE3813N3104",6588.847827
"488","1kmE3813N3105",1870.58893
"489","1kmE3813N3106",1897.9509755
"490","1kmE3813N3107",6366.9418675
"491","1kmE3813N3108",9188.982608
"492","1kmE3813N3109",11796.817163
"493","1kmE3813N3110",7461.5688395
"494","1kmE3813N3111",909.577991
"495","1kmE3813N3112",1911.000145
"496","1kmE3813N3113",7909.208802
"497","1kmE3813N3114",6427.7189145
"498","1kmE3813N3115",712.2982085
"499","1kmE3813N3116",3719.6546645
"500","1kmE3813N3117",8784.055177
"501","1kmE3813N3118",8597.4115605
"502","1kmE3813N3119",12211.662238
"503","1kmE3813N3120",5710.3097655
"504","1kmE3813N3121",7287.639221
"505","1kmE3813N3122",5520.9114965
"506","1kmE3813N3123",6380.207955
"507","1kmE3813N3124",5177.3814035
"508","1kmE3813N3125",5571.1927735
"509","1kmE3813N3126",9628.834344
"510","1kmE3813N3127",10213.5895685
"511","1kmE3813N3128",7284.7034295
"512","1kmE3813N3129",8147.129038
"513","1kmE3813N3130",7977.12461
"514","1kmE3813N3131",4945.4499175
"515","1kmE3813N3132",8231.8298895
"516","1kmE3813N3133",7631.8375475
"517","1kmE3813N3134",5452.066787
"518","1kmE3813N3135",2957.1504765
"519","1kmE3813N3136",7907.4698835
"520","1kmE3813N3137",12933.5827505
"521","1kmE3813N3138",13717.630166
"522","1kmE3813N3139",16628.8932785
"523","1kmE3813N3140",19347.783987
"524","1kmE3813N3141",13987.808857
"525","1kmE3813N3142",2213.7171295
"526","1kmE3814N3091",205.01639
"527","1kmE3814N3092",735.561292
"528","1kmE3814N3093",451.3803115
"529","1kmE3814N3094",3992.1170225
"530","1kmE3814N3095",2874.9854005
"531","1kmE3814N3096",6294.0227235
"532","1kmE3814N3097",7780.153355
"533","1kmE3814N3098",14385.544363
"534","1kmE3814N3099",10722.3209165
"535","1kmE3814N3100",6664.777112
"536","1kmE3814N3101",10642.5430625
"537","1kmE3814N3102",1883.143197
"538","1kmE3814N3103",593.908462
"539","1kmE3814N3104",3394.5573055
"540","1kmE3814N3105",7176.946355
"541","1kmE3814N3106",2180.5695525
"542","1kmE3814N3107",4667.836649
"543","1kmE3814N3108",10442.029622
"544","1kmE3814N3109",13079.487263
"545","1kmE3814N3110",5330.233098
"546","1kmE3814N3111",5616.850105
"547","1kmE3814N3112",904.380427
"548","1kmE3814N3113",5275.8239405
"549","1kmE3814N3114",7394.0357015
"550","1kmE3814N3115",1841.028942
"551","1kmE3814N3116",2441.860163
"552","1kmE3814N3117",9867.143791
"553","1kmE3814N3118",10069.689899
"554","1kmE3814N3119",14874.797405
"555","1kmE3814N3120",6517.1667865
"556","1kmE3814N3121",5016.1335835
"557","1kmE3814N3122",7691.530918
"558","1kmE3814N3123",8519.045631
"559","1kmE3814N3124",4397.7169835
"560","1kmE3814N3125",4231.679489
"561","1kmE3814N3126",6568.434841
"562","1kmE3814N3127",11682.0047305
"563","1kmE3814N3128",9678.774497
"564","1kmE3814N3129",5320.2376575
"565","1kmE3814N3130",4533.605045
"566","1kmE3814N3131",7325.352891
"567","1kmE3814N3132",6123.436229
"568","1kmE3814N3133",5677.304636
"569","1kmE3814N3134",3020.8167395
"570","1kmE3814N3135",5741.1599965
"571","1kmE3814N3136",9636.847822
"572","1kmE3814N3137",16195.682889
"573","1kmE3814N3138",14266.839762
"574","1kmE3814N3139",13197.174856
"575","1kmE3814N3140",17854.195634
"576","1kmE3814N3141",14362.5115965
"577","1kmE3814N3142",4323.134425
"578","1kmE3815N3092",9624.4789655
"579","1kmE3815N3093",4925.7799345
"580","1kmE3815N3094",3925.6652955
"581","1kmE3815N3095",6311.1570315
"582","1kmE3815N3096",1995.466787
"583","1kmE3815N3097",6011.859627
"584","1kmE3815N3098",13193.46277
"585","1kmE3815N3099",13360.195167
"586","1kmE3815N3100",5049.01354
"587","1kmE3815N3101",7476.721158
"588","1kmE3815N3102",571.979733
"589","1kmE3815N3103",1838.8098095
"590","1kmE3815N3104",687.036861
"591","1kmE3815N3105",2677.4399615
"592","1kmE3815N3106",3689.1832525
"593","1kmE3815N3107",8852.150657
"594","1kmE3815N3108",3645.868075
"595","1kmE3815N3109",8974.663439
"596","1kmE3815N3110",9553.108534
"597","1kmE3815N3111",10283.307667
"598","1kmE3815N3112",2129.2818785
"599","1kmE3815N3113",4933.122453
"600","1kmE3815N3114",2708.5805275
"601","1kmE3815N3115",2725.4176275
"602","1kmE3815N3116",6581.0094505
"603","1kmE3815N3117",5778.9759355
"604","1kmE3815N3118",7178.4219775
"605","1kmE3815N3119",10758.3339225
"606","1kmE3815N3120",6245.494131
"607","1kmE3815N3121",7326.9758785
"608","1kmE3815N3122",9261.080017
"609","1kmE3815N3123",8896.62713
"610","1kmE3815N3124",3584.871629
"611","1kmE3815N3125",6711.813511
"612","1kmE3815N3126",7665.600235
"613","1kmE3815N3127",11529.4353405
"614","1kmE3815N3128",6511.858294
"615","1kmE3815N3129",4490.7165855
"616","1kmE3815N3130",9308.8492635
"617","1kmE3815N3131",6307.2447975
"618","1kmE3815N3132",2968.4449375
"619","1kmE3815N3133",3342.6946145
"620","1kmE3815N3134",6472.2311365
"621","1kmE3815N3135",8617.407229
"622","1kmE3815N3136",10534.993748
"623","1kmE3815N3137",12143.0999375
"624","1kmE3815N3138",13543.8319485
"625","1kmE3815N3139",9906.915053
"626","1kmE3815N3140",14167.163457
"627","1kmE3815N3141",15129.0749205
"628","1kmE3815N3142",8696.5804005
"629","1kmE3816N3092",9402.917145
"630","1kmE3816N3093",5432.624957
"631","1kmE3816N3094",2700.012003
"632","1kmE3816N3095",6439.556928
"633","1kmE3816N3096",5592.864485
"634","1kmE3816N3097",798.392509
"635","1kmE3816N3098",5829.9015115
"636","1kmE3816N3099",10966.141397
"637","1kmE3816N3100",3363.719967
"638","1kmE3816N3101",1658.129195
"639","1kmE3816N3102",6178.2885895
"640","1kmE3816N3103",9991.2511275
"641","1kmE3816N3104",5334.090128
"642","1kmE3816N3105",5933.3843835
"643","1kmE3816N3106",5414.745372
"644","1kmE3816N3107",8077.4876005
"645","1kmE3816N3108",1257.0691545
"646","1kmE3816N3109",5144.5709835
"647","1kmE3816N3110",9790.9666565
"648","1kmE3816N3111",6493.9429825
"649","1kmE3816N3112",6329.6885265
"650","1kmE3816N3113",9026.6287555
"651","1kmE3816N3114",4784.2977335
"652","1kmE3816N3115",7141.4141585
"653","1kmE3816N3116",2090.861817
"654","1kmE3816N3117",5368.6289335
"655","1kmE3816N3118",8873.7352365
"656","1kmE3816N3119",7140.0572125
"657","1kmE3816N3120",10494.815644
"658","1kmE3816N3121",12617.73064
"659","1kmE3816N3122",10033.8230545
"660","1kmE3816N3123",10658.235569
"661","1kmE3816N3124",7032.2365445
"662","1kmE3816N3125",9379.423347
"663","1kmE3816N3126",5286.1739735
"664","1kmE3816N3127",7696.648917
"665","1kmE3816N3128",7595.921897
"666","1kmE3816N3129",6820.980217
"667","1kmE3816N3130",6901.3238525
"668","1kmE3816N3131",9240.795152
"669","1kmE3816N3132",6068.169624
"670","1kmE3816N3133",4212.6905535
"671","1kmE3816N3134",6300.7811385
"672","1kmE3816N3135",5763.5722125
"673","1kmE3816N3136",4655.114971
"674","1kmE3816N3137",5976.640477
"675","1kmE3816N3138",11846.096358
"676","1kmE3816N3139",12980.9091745
"677","1kmE3816N3140",14445.9148815
"678","1kmE3816N3141",10775.6703955
"679","1kmE3816N3142",8075.034249
"680","1kmE3816N3143",2445.6798565
"681","1kmE3817N3090",734.852022
"682","1kmE3817N3091",1882.351337
"683","1kmE3817N3092",4387.7530515
"684","1kmE3817N3093",2412.7422005
"685","1kmE3817N3094",604.112441
"686","1kmE3817N3095",2298.810248
"687","1kmE3817N3096",6809.4372195
"688","1kmE3817N3097",985.257106
"689","1kmE3817N3098",3791.2808255
"690","1kmE3817N3099",4455.596993
"691","1kmE3817N3100",5525.7408245
"692","1kmE3817N3101",3252.487317
"693","1kmE3817N3102",8224.0515365
"694","1kmE3817N3103",9128.3748195
"695","1kmE3817N3104",3451.2959315
"696","1kmE3817N3105",4766.808814
"697","1kmE3817N3106",5546.237498
"698","1kmE3817N3107",7124.696158
"699","1kmE3817N3108",7285.313986
"700","1kmE3817N3109",5499.038839
"701","1kmE3817N3110",6035.5613285
"702","1kmE3817N3111",3473.700034
"703","1kmE3817N3112",6399.1924445
"704","1kmE3817N3113",5087.743697
"705","1kmE3817N3114",8285.787417
"706","1kmE3817N3115",2550.133993
"707","1kmE3817N3116",1619.607953
"708","1kmE3817N3117",6570.396469
"709","1kmE3817N3118",9712.246497
"710","1kmE3817N3119",10517.7933445
"711","1kmE3817N3120",9386.3065875
"712","1kmE3817N3121",11841.39921
"713","1kmE3817N3122",8454.836674
"714","1kmE3817N3123",6184.34311
"715","1kmE3817N3124",7902.192179
"716","1kmE3817N3125",8187.053065
"717","1kmE3817N3126",4884.3401985
"718","1kmE3817N3127",8425.6308625
"719","1kmE3817N3128",3887.178862
"720","1kmE3817N3129",5223.0159235
"721","1kmE3817N3130",3970.3506735
"722","1kmE3817N3131",6232.9032825
"723","1kmE3817N3132",5056.2916245
"724","1kmE3817N3133",3693.341359
"725","1kmE3817N3134",3709.405586
"726","1kmE3817N3135",1659.968885
"727","1kmE3817N3136",6970.007287
"728","1kmE3817N3137",11645.6935515
"729","1kmE3817N3138",10900.303321
"730","1kmE3817N3139",11275.7078815
"731","1kmE3817N3140",8541.061509
"732","1kmE3817N3141",6333.6214215
"733","1kmE3817N3142",9858.0016155
"734","1kmE3817N3143",12606.344575
"735","1kmE3818N3091",972.5347445
"736","1kmE3818N3095",205.01639
"737","1kmE3818N3096",403.8964455
"738","1kmE3818N3097",3767.793446
"739","1kmE3818N3098",5961.0854595
"740","1kmE3818N3099",7744.8697725
"741","1kmE3818N3100",5426.1390855
"742","1kmE3818N3101",4059.1542
"743","1kmE3818N3102",5696.1329145
"744","1kmE3818N3103",7163.989287
"745","1kmE3818N3104",6761.184129
"746","1kmE3818N3105",5953.263682
"747","1kmE3818N3106",7387.0412
"748","1kmE3818N3107",8297.4889945
"749","1kmE3818N3108",6994.085079
"750","1kmE3818N3109",7683.964278
"751","1kmE3818N3110",8615.885373
"752","1kmE3818N3111",4585.116385
"753","1kmE3818N3112",3903.999988
"754","1kmE3818N3113",6207.891753
"755","1kmE3818N3114",9599.486758
"756","1kmE3818N3115",7315.850025
"757","1kmE3818N3116",2610.883111
"758","1kmE3818N3117",7225.1924785
"759","1kmE3818N3118",9886.0837815
"760","1kmE3818N3119",9560.651056
"761","1kmE3818N3120",3023.456669
"762","1kmE3818N3121",5270.408463
"763","1kmE3818N3122",8261.6691405
"764","1kmE3818N3123",8793.250837
"765","1kmE3818N3124",6900.004499
"766","1kmE3818N3125",6123.0678
"767","1kmE3818N3126",5003.5575725
"768","1kmE3818N3127",6459.399156
"769","1kmE3818N3128",6202.6429665
"770","1kmE3818N3129",8093.456206
"771","1kmE3818N3130",4623.317686
"772","1kmE3818N3131",7089.100819
"773","1kmE3818N3132",6886.896935
"774","1kmE3818N3133",4049.4200175
"775","1kmE3818N3134",8424.9634115
"776","1kmE3818N3135",5248.9861525
"777","1kmE3818N3136",6302.2572905
"778","1kmE3818N3137",9010.08293
"779","1kmE3818N3138",6052.3101865
"780","1kmE3818N3139",7316.0108685
"781","1kmE3818N3140",10215.1416215
"782","1kmE3818N3141",4214.7930815
"783","1kmE3818N3142",11718.755757
"784","1kmE3818N3143",15012.842066
"785","1kmE3818N3144",7946.536989
"786","1kmE3819N3095",2823.336359
"787","1kmE3819N3096",4552.718539
"788","1kmE3819N3097",2567.898442
"789","1kmE3819N3098",7166.1569565
"790","1kmE3819N3099",11141.2898955
"791","1kmE3819N3100",9425.613442
"792","1kmE3819N3101",6270.7297875
"793","1kmE3819N3102",6787.7168405
"794","1kmE3819N3103",6297.950352
"795","1kmE3819N3104",3939.891999
"796","1kmE3819N3105",8602.9562135
"797","1kmE3819N3106",11104.8793405
"798","1kmE3819N3107",7598.7385235
"799","1kmE3819N3108",9795.399107
"800","1kmE3819N3109",10066.893891
"801","1kmE3819N3110",7884.259629
"802","1kmE3819N3111",7225.7980565
"803","1kmE3819N3112",8773.6742765
"804","1kmE3819N3113",7977.6981975
"805","1kmE3819N3114",4742.758315
"806","1kmE3819N3115",4694.700274
"807","1kmE3819N3116",2874.994701
"808","1kmE3819N3117",8393.304003
"809","1kmE3819N3118",9828.0605555
"810","1kmE3819N3119",5972.081759
"811","1kmE3819N3120",6590.9861965
"812","1kmE3819N3121",8856.4457505
"813","1kmE3819N3122",10800.2448605
"814","1kmE3819N3123",10953.5715105
"815","1kmE3819N3124",10388.1445835
"816","1kmE3819N3125",9510.688304
"817","1kmE3819N3126",9866.573427
"818","1kmE3819N3127",10775.7348565
"819","1kmE3819N3128",4534.410622
"820","1kmE3819N3129",3208.6118075
"821","1kmE3819N3130",4497.0570475
"822","1kmE3819N3131",10755.6764655
"823","1kmE3819N3132",11249.58687
"824","1kmE3819N3133",6536.5761815
"825","1kmE3819N3134",9000.004962
"826","1kmE3819N3135",8728.3827735
"827","1kmE3819N3136",6504.572388
"828","1kmE3819N3137",4741.300554
"829","1kmE3819N3138",4887.778881
"830","1kmE3819N3139",1512.30883
"831","1kmE3819N3140",3762.6178625
"832","1kmE3819N3141",4281.106867
"833","1kmE3819N3142",6587.9901905
"834","1kmE3819N3143",9562.1945845
"835","1kmE3819N3144",7984.213773
"836","1kmE3819N3145",3077.163149
"837","1kmE3820N3095",5126.0231
"838","1kmE3820N3096",7054.6089045
"839","1kmE3820N3097",4902.327656
"840","1kmE3820N3098",4033.631435
"841","1kmE3820N3099",5834.772593
"842","1kmE3820N3100",4355.1916905
"843","1kmE3820N3101",3557.7877695
"844","1kmE3820N3102",2735.835645
"845","1kmE3820N3103",8041.9622415
"846","1kmE3820N3104",11955.626916
"847","1kmE3820N3105",15684.9443695
"848","1kmE3820N3106",14016.891643
"849","1kmE3820N3107",10515.478229
"850","1kmE3820N3108",12039.3649365
"851","1kmE3820N3109",9966.622263
"852","1kmE3820N3110",4605.3545355
"853","1kmE3820N3111",5964.122071
"854","1kmE3820N3112",1936.4392995
"855","1kmE3820N3113",4251.6262435
"856","1kmE3820N3114",7786.8896955
"857","1kmE3820N3115",5910.0663495
"858","1kmE3820N3116",1676.4480535
"859","1kmE3820N3117",7025.5731275
"860","1kmE3820N3118",6886.849652
"861","1kmE3820N3119",7661.1808955
"862","1kmE3820N3120",10902.7047325
"863","1kmE3820N3121",13487.0048105
"864","1kmE3820N3122",12873.9062585
"865","1kmE3820N3123",8682.2332555
"866","1kmE3820N3124",8390.174877
"867","1kmE3820N3125",10946.410235
"868","1kmE3820N3126",13072.4746715
"869","1kmE3820N3127",12806.5872975
"870","1kmE3820N3128",7913.748254
"871","1kmE3820N3129",9001.7822955
"872","1kmE3820N3130",9400.432617
"873","1kmE3820N3131",9320.2641595
"874","1kmE3820N3132",11355.7824125
"875","1kmE3820N3133",7852.709776
"876","1kmE3820N3134",7276.708782
"877","1kmE3820N3135",5632.713463
"878","1kmE3820N3136",9377.3577915
"879","1kmE3820N3137",7634.947432
"880","1kmE3820N3138",3926.2149565
"881","1kmE3820N3139",2453.207888
"882","1kmE3820N3140",5346.4939645
"883","1kmE3820N3141",6501.125187
"884","1kmE3820N3142",5002.2414855
"885","1kmE3820N3143",4090.21293
"886","1kmE3820N3144",10950.256992
"887","1kmE3820N3145",11052.043601
"888","1kmE3821N3095",5381.959063
"889","1kmE3821N3096",6441.9153565
"890","1kmE3821N3097",3405.994668
"891","1kmE3821N3098",2219.9759025
"892","1kmE3821N3099",4321.694204
"893","1kmE3821N3100",3905.7007915
"894","1kmE3821N3101",4301.892359
"895","1kmE3821N3102",5555.216164
"896","1kmE3821N3103",6025.089741
"897","1kmE3821N3104",14993.3932975
"898","1kmE3821N3105",15627.808207
"899","1kmE3821N3106",13058.5586595
"900","1kmE3821N3107",10125.9193105
"901","1kmE3821N3108",7913.0473545
"902","1kmE3821N3109",5227.404118
"903","1kmE3821N3110",382.506485
"904","1kmE3821N3111",3957.8123495
"905","1kmE3821N3112",5843.3884005
"906","1kmE3821N3113",1448.9758395
"907","1kmE3821N3114",2642.2205345
"908","1kmE3821N3115",4668.7947095
"909","1kmE3821N3116",3591.793502
"910","1kmE3821N3117",2935.9721015
"911","1kmE3821N3118",3745.327319
"912","1kmE3821N3119",5614.737388
"913","1kmE3821N3120",9473.369845
"914","1kmE3821N3121",12854.358825
"915","1kmE3821N3122",9707.3984495
"916","1kmE3821N3123",4532.288394
"917","1kmE3821N3124",6305.546203
"918","1kmE3821N3125",9601.2969275
"919","1kmE3821N3126",10229.364164
"920","1kmE3821N3127",9231.7644825
"921","1kmE3821N3128",5397.8948235
"922","1kmE3821N3129",4481.5232955
"923","1kmE3821N3130",5185.3918555
"924","1kmE3821N3131",6415.9188935
"925","1kmE3821N3132",7811.7097495
"926","1kmE3821N3133",5139.855995
"927","1kmE3821N3134",6032.088994
"928","1kmE3821N3135",4060.3952415
"929","1kmE3821N3136",8679.5755205
"930","1kmE3821N3137",9430.5344995
"931","1kmE3821N3138",5736.227642
"932","1kmE3821N3139",7278.3812515
"933","1kmE3821N3140",6263.6060385
"934","1kmE3821N3141",1731.7761655
"935","1kmE3821N3142",5419.4648315
"936","1kmE3821N3143",8114.0300175
"937","1kmE3821N3144",14062.2871075
"938","1kmE3821N3145",16301.9729355
"939","1kmE3821N3146",7816.7025045
"940","1kmE3822N3095",2019.365263
"941","1kmE3822N3096",2381.3018545
"942","1kmE3822N3097",4664.640283
"943","1kmE3822N3098",3894.2834845
"944","1kmE3822N3099",5844.3613755
"945","1kmE3822N3100",7780.022285
"946","1kmE3822N3101",11588.445171
"947","1kmE3822N3102",12748.8339225
"948","1kmE3822N3103",11473.484084
"949","1kmE3822N3104",10558.5841825
"950","1kmE3822N3105",10640.435567
"951","1kmE3822N3106",7822.7693535
"952","1kmE3822N3107",5222.1465225
"953","1kmE3822N3108",6919.801286
"954","1kmE3822N3109",3487.8952415
"955","1kmE3822N3111",2075.426948
"956","1kmE3822N3112",5796.026884
"957","1kmE3822N3113",4885.1850465
"958","1kmE3822N3114",5472.045409
"959","1kmE3822N3115",5444.952984
"960","1kmE3822N3116",5888.8999105
"961","1kmE3822N3117",5978.653278
"962","1kmE3822N3118",6999.422511
"963","1kmE3822N3119",5104.7216985
"964","1kmE3822N3120",5262.089025
"965","1kmE3822N3121",3661.558763
"966","1kmE3822N3122",4503.3915165
"967","1kmE3822N3123",2741.3382565
"968","1kmE3822N3124",382.5064845
"969","1kmE3822N3125",572.5185015
"970","1kmE3822N3126",8362.73931
"971","1kmE3822N3127",9447.145533
"972","1kmE3822N3128",5660.2885495
"973","1kmE3822N3129",7743.262732
"974","1kmE3822N3130",5440.8022755
"975","1kmE3822N3131",2993.591503
"976","1kmE3822N3132",8642.8749535
"977","1kmE3822N3133",6930.370774
"978","1kmE3822N3134",4273.9166115
"979","1kmE3822N3135",3621.024524
"980","1kmE3822N3136",4643.9597585
"981","1kmE3822N3137",5023.77344
"982","1kmE3822N3138",5499.3301215
"983","1kmE3822N3139",5435.4234575
"984","1kmE3822N3140",2073.0363445
"985","1kmE3822N3141",3335.1878325
"986","1kmE3822N3142",5754.14576
"987","1kmE3822N3143",9663.3828165
"988","1kmE3822N3144",11894.7228485
"989","1kmE3822N3145",16975.6635485
"990","1kmE3822N3146",12942.5898515
"991","1kmE3823N3096",368.6952115
"992","1kmE3823N3097",6041.69466
"993","1kmE3823N3098",3835.856477
"994","1kmE3823N3099",5619.158795
"995","1kmE3823N3100",5049.434582
"996","1kmE3823N3101",15088.559765
"997","1kmE3823N3102",15404.569358
"998","1kmE3823N3103",10794.5765625
"999","1kmE3823N3104",2583.520559
"1000","1kmE3823N3105",5149.410375
"1001","1kmE3823N3106",4179.524562
"1002","1kmE3823N3107",907.9510865
"1003","1kmE3823N3108",6562.8561665
"1004","1kmE3823N3109",2975.9200415
"1005","1kmE3823N3110",382.5064845
"1006","1kmE3823N3111",4703.4913665
"1007","1kmE3823N3112",10386.559338
"1008","1kmE3823N3113",8901.501106
"1009","1kmE3823N3114",3746.1592345
"1010","1kmE3823N3115",3088.632826
"1011","1kmE3823N3116",6560.0945905
"1012","1kmE3823N3117",8801.92056
"1013","1kmE3823N3118",7174.697661
"1014","1kmE3823N3119",4636.511372
"1015","1kmE3823N3120",3338.6941425
"1016","1kmE3823N3121",2950.8737815
"1017","1kmE3823N3122",5532.891371
"1018","1kmE3823N3123",3989.7128985
"1019","1kmE3823N3124",536.8783155
"1020","1kmE3823N3125",4873.5041765
"1021","1kmE3823N3126",8047.652669
"1022","1kmE3823N3127",6884.4616125
"1023","1kmE3823N3128",4683.814609
"1024","1kmE3823N3129",3992.4394125
"1025","1kmE3823N3130",6023.2668205
"1026","1kmE3823N3131",3666.4184015
"1027","1kmE3823N3132",5634.160904
"1028","1kmE3823N3133",6996.979462
"1029","1kmE3823N3134",4254.3601015
"1030","1kmE3823N3135",4857.594436
"1031","1kmE3823N3136",8788.113093
"1032","1kmE3823N3137",7503.687142
"1033","1kmE3823N3138",2381.7870235
"1034","1kmE3823N3139",4054.809191
"1035","1kmE3823N3140",1667.7296575
"1036","1kmE3823N3141",6194.729049
"1037","1kmE3823N3142",10085.139362
"1038","1kmE3823N3143",8239.4547415
"1039","1kmE3823N3144",5983.805758
"1040","1kmE3823N3145",11926.762977
"1041","1kmE3823N3146",13062.1143485
"1042","1kmE3823N3147",6621.6471855
"1043","1kmE3824N3097",3591.331339
"1044","1kmE3824N3098",5103.7964865
"1045","1kmE3824N3099",2338.089002
"1046","1kmE3824N3100",7056.5601635
"1047","1kmE3824N3101",10623.981384
"1048","1kmE3824N3102",14307.6210685
"1049","1kmE3824N3103",9390.431465
"1050","1kmE3824N3104",7594.1183195
"1051","1kmE3824N3105",6430.9015325
"1052","1kmE3824N3106",8475.278533
"1053","1kmE3824N3107",5508.801605
"1054","1kmE3824N3108",4707.9245575
"1055","1kmE3824N3109",5447.890609
"1056","1kmE3824N3110",5134.813615
"1057","1kmE3824N3111",2192.965019
"1058","1kmE3824N3112",1144.8953255
"1059","1kmE3824N3113",8585.337737
"1060","1kmE3824N3114",5758.1471295
"1061","1kmE3824N3115",2255.793418
"1062","1kmE3824N3116",6503.392432
"1063","1kmE3824N3117",8645.7701185
"1064","1kmE3824N3118",6718.858448
"1065","1kmE3824N3119",9669.200054
"1066","1kmE3824N3120",5243.2564155
"1067","1kmE3824N3121",5413.524987
"1068","1kmE3824N3122",8140.9462165
"1069","1kmE3824N3123",3854.6796275
"1070","1kmE3824N3124",700.5571375
"1071","1kmE3824N3125",8947.2862435
"1072","1kmE3824N3126",12630.1475215
"1073","1kmE3824N3127",8323.529652
"1074","1kmE3824N3128",3021.0450505
"1075","1kmE3824N3129",10860.920275
"1076","1kmE3824N3130",6676.7470835
"1077","1kmE3824N3131",1738.617062
"1078","1kmE3824N3132",1647.236819
"1079","1kmE3824N3133",4696.6841735
"1080","1kmE3824N3134",3954.510697
"1081","1kmE3824N3135",5641.236484
"1082","1kmE3824N3136",4519.121805
"1083","1kmE3824N3137",7326.90592
"1084","1kmE3824N3138",4004.8940685
"1085","1kmE3824N3139",7656.698132
"1086","1kmE3824N3140",5442.0513185
"1087","1kmE3824N3141",7136.3057155
"1088","1kmE3824N3142",7536.8841445
"1089","1kmE3824N3143",3573.560039
"1090","1kmE3824N3144",1528.360129
"1091","1kmE3824N3145",3202.4490425
"1092","1kmE3824N3146",10083.2050765
"1093","1kmE3824N3147",8028.813167
"1094","1kmE3825N3097",5069.179766
"1095","1kmE3825N3098",8245.829606
"1096","1kmE3825N3100",6862.851871
"1097","1kmE3825N3101",4576.6510195
"1098","1kmE3825N3102",10964.118218
"1099","1kmE3825N3103",10461.7721045
"1100","1kmE3825N3104",8754.848955
"1101","1kmE3825N3105",7053.2620265
"1102","1kmE3825N3106",5314.1659635
"1103","1kmE3825N3107",8396.575952
"1104","1kmE3825N3108",8447.7913895
"1105","1kmE3825N3109",5444.755715
"1106","1kmE3825N3110",6259.977251
"1107","1kmE3825N3111",2513.4285495
"1108","1kmE3825N3112",694.6163755
"1109","1kmE3825N3113",3202.259862
"1110","1kmE3825N3114",7649.4617355
"1111","1kmE3825N3115",8548.83695
"1112","1kmE3825N3116",8323.141872
"1113","1kmE3825N3117",11337.3116945
"1114","1kmE3825N3118",8541.280375
"1115","1kmE3825N3119",7505.1352625
"1116","1kmE3825N3120",4419.590425
"1117","1kmE3825N3121",5824.5301175
"1118","1kmE3825N3122",7496.4802075
"1119","1kmE3825N3123",5311.165315
"1120","1kmE3825N3124",2160.8052245
"1121","1kmE3825N3125",5975.334543
"1122","1kmE3825N3126",7710.111851
"1123","1kmE3825N3127",9661.522375
"1124","1kmE3825N3128",4504.1348615
"1125","1kmE3825N3129",6305.0078775
"1126","1kmE3825N3130",11454.5268765
"1127","1kmE3825N3131",7652.9046035
"1128","1kmE3825N3132",2719.4736915
"1129","1kmE3825N3133",1831.9681155
"1130","1kmE3825N3134",2127.423736
"1131","1kmE3825N3135",5620.5704835
"1132","1kmE3825N3136",3211.8284315
"1133","1kmE3825N3137",11370.187071
"1134","1kmE3825N3138",6847.2347445
"1135","1kmE3825N3139",6687.769933
"1136","1kmE3825N3140",3811.429738
"1137","1kmE3825N3141",5409.837612
"1138","1kmE3825N3142",7821.787458
"1139","1kmE3825N3143",9282.106425
"1140","1kmE3825N3144",8114.970282
"1141","1kmE3825N3145",7610.15423
"1142","1kmE3825N3146",7909.2988015
"1143","1kmE3825N3147",9167.135086
"1144","1kmE3825N3148",3985.154182
"1145","1kmE3826N3100",1578.9943615
"1146","1kmE3826N3101",8003.6642825
"1147","1kmE3826N3102",9774.6344675
"1148","1kmE3826N3103",12225.6301435
"1149","1kmE3826N3104",9205.9198065
"1150","1kmE3826N3105",9857.08119
"1151","1kmE3826N3106",4825.8579345
"1152","1kmE3826N3107",8056.6284455
"1153","1kmE3826N3108",8791.426237
"1154","1kmE3826N3109",2269.626701
"1155","1kmE3826N3110",451.8138915
"1156","1kmE3826N3111",3446.6180265
"1157","1kmE3826N3112",640.6452175
"1158","1kmE3826N3113",6556.039388
"1159","1kmE3826N3114",5431.7073815
"1160","1kmE3826N3115",11365.83903
"1161","1kmE3826N3116",12302.4787185
"1162","1kmE3826N3117",15248.535335
"1163","1kmE3826N3118",15138.5535315
"1164","1kmE3826N3119",13873.9873285
"1165","1kmE3826N3120",9048.682202
"1166","1kmE3826N3121",8471.964803
"1167","1kmE3826N3122",3584.2030535
"1168","1kmE3826N3123",5914.5290095
"1169","1kmE3826N3124",4543.7895855
"1170","1kmE3826N3125",7912.869557
"1171","1kmE3826N3126",6169.232239
"1172","1kmE3826N3127",3029.7863895
"1173","1kmE3826N3128",1362.666344
"1174","1kmE3826N3129",9733.572146
"1175","1kmE3826N3130",12434.8487265
"1176","1kmE3826N3131",8437.0483275
"1177","1kmE3826N3132",2630.199259
"1178","1kmE3826N3133",5352.9881335
"1179","1kmE3826N3134",2454.515236
"1180","1kmE3826N3135",9322.0848665
"1181","1kmE3826N3136",4779.8253485
"1182","1kmE3826N3137",8398.1956945
"1183","1kmE3826N3138",5279.6450525
"1184","1kmE3826N3139",3707.4926705
"1185","1kmE3826N3140",3520.3060545
"1186","1kmE3826N3141",8388.1240605
"1187","1kmE3826N3142",8106.97094
"1188","1kmE3826N3143",10527.55703
"1189","1kmE3826N3144",9938.681225
"1190","1kmE3826N3145",7517.8161175
"1191","1kmE3826N3146",4935.93682
"1192","1kmE3826N3147",9519.6094745
"1193","1kmE3826N3148",6061.5131325
"1194","1kmE3826N3149",1992.1588975
"1195","1kmE3827N3100",1528.786638
"1196","1kmE3827N3101",7551.748928
"1197","1kmE3827N3102",3170.8032965
"1198","1kmE3827N3103",6319.3191815
"1199","1kmE3827N3104",7906.562967
"1200","1kmE3827N3105",13193.28673
"1201","1kmE3827N3106",11528.2633895
"1202","1kmE3827N3107",7837.9671965
"1203","1kmE3827N3108",7234.051393
"1204","1kmE3827N3109",581.3865415
"1205","1kmE3827N3110",2017.923723
"1206","1kmE3827N3111",6083.3357965
"1207","1kmE3827N3112",5483.978679
"1208","1kmE3827N3113",11165.3925315
"1209","1kmE3827N3114",4377.960548
"1210","1kmE3827N3115",6947.836124
"1211","1kmE3827N3116",14636.459737
"1212","1kmE3827N3117",16799.475818
"1213","1kmE3827N3118",16568.296983
"1214","1kmE3827N3119",14030.0291155
"1215","1kmE3827N3120",9568.3277485
"1216","1kmE3827N3121",9843.5622585
"1217","1kmE3827N3122",3830.106868
"1218","1kmE3827N3123",6356.767812
"1219","1kmE3827N3124",6374.2316515
"1220","1kmE3827N3125",8389.3888595
"1221","1kmE3827N3126",5162.527191
"1222","1kmE3827N3127",2300.7564685
"1223","1kmE3827N3128",3072.679866
"1224","1kmE3827N3129",9508.1400925
"1225","1kmE3827N3130",10561.979999
"1226","1kmE3827N3131",8212.8841365
"1227","1kmE3827N3132",6139.8931435
"1228","1kmE3827N3133",5728.9369685
"1229","1kmE3827N3134",1382.019967
"1230","1kmE3827N3135",6506.4892495
"1231","1kmE3827N3136",1680.647304
"1232","1kmE3827N3137",1506.04493
"1233","1kmE3827N3138",1289.806671
"1234","1kmE3827N3139",7826.6619165
"1235","1kmE3827N3140",3831.080441
"1236","1kmE3827N3141",6888.6674445
"1237","1kmE3827N3142",10499.4248755
"1238","1kmE3827N3143",9314.638413
"1239","1kmE3827N3144",10584.172928
"1240","1kmE3827N3145",5648.8128995
"1241","1kmE3827N3146",8594.309343
"1242","1kmE3827N3147",13249.2837015
"1243","1kmE3827N3148",11722.8817365
"1244","1kmE3827N3149",7516.036111
"1245","1kmE3828N3099",572.5184995
"1246","1kmE3828N3100",1910.3006
"1247","1kmE3828N3101",6460.264295
"1248","1kmE3828N3102",2756.8911225
"1249","1kmE3828N3103",8356.5045805
"1250","1kmE3828N3104",9469.6200945
"1251","1kmE3828N3105",13461.1482395
"1252","1kmE3828N3106",10443.5038065
"1253","1kmE3828N3107",7815.040497
"1254","1kmE3828N3108",11199.1697235
"1255","1kmE3828N3109",6431.534285
"1256","1kmE3828N3110",5574.600664
"1257","1kmE3828N3111",2624.48335
"1258","1kmE3828N3112",5279.1208895
"1259","1kmE3828N3113",7098.291286
"1260","1kmE3828N3114",3112.81711
"1261","1kmE3828N3115",7423.265969
"1262","1kmE3828N3116",8038.296416
"1263","1kmE3828N3117",10285.620976
"1264","1kmE3828N3118",8513.5165565
"1265","1kmE3828N3119",8286.5391425
"1266","1kmE3828N3120",6888.7714525
"1267","1kmE3828N3121",6722.4942415
"1268","1kmE3828N3122",6264.776255
"1269","1kmE3828N3123",8285.621062
"1270","1kmE3828N3124",9670.4514895
"1271","1kmE3828N3125",10557.2073035
"1272","1kmE3828N3126",7374.507042
"1273","1kmE3828N3127",6465.2625705
"1274","1kmE3828N3128",5438.1514865
"1275","1kmE3828N3129",9657.016344
"1276","1kmE3828N3130",15095.899904
"1277","1kmE3828N3131",7048.658112
"1278","1kmE3828N3132",3556.375834
"1279","1kmE3828N3133",921.887061
"1280","1kmE3828N3134",1339.999668
"1281","1kmE3828N3135",6330.677797
"1282","1kmE3828N3136",3398.327416
"1283","1kmE3828N3137",1970.343444
"1284","1kmE3828N3138",3308.709347
"1285","1kmE3828N3139",3514.910159
"1286","1kmE3828N3140",3849.7775215
"1287","1kmE3828N3141",10172.2942955
"1288","1kmE3828N3142",11693.2725815
"1289","1kmE3828N3143",9773.900844
"1290","1kmE3828N3144",10134.3289305
"1291","1kmE3828N3145",6232.3715825
"1292","1kmE3828N3146",7555.69708
"1293","1kmE3828N3147",14164.134281
"1294","1kmE3828N3148",18133.2475305
"1295","1kmE3828N3149",11048.5286145
"1296","1kmE3829N3096",6586.7024375
"1297","1kmE3829N3097",9603.0327535
"1298","1kmE3829N3098",3993.659672
"1299","1kmE3829N3099",205.0163885
"1300","1kmE3829N3100",3031.3083405
"1301","1kmE3829N3101",7380.3186005
"1302","1kmE3829N3102",2083.4585455
"1303","1kmE3829N3103",5947.5336865
"1304","1kmE3829N3104",10799.3730745
"1305","1kmE3829N3105",9928.2618425
"1306","1kmE3829N3106",6210.091274
"1307","1kmE3829N3107",8297.289665
"1308","1kmE3829N3108",10161.580629
"1309","1kmE3829N3109",10140.859599
"1310","1kmE3829N3110",7161.83072
"1311","1kmE3829N3111",4473.7736305
"1312","1kmE3829N3112",3934.9766535
"1313","1kmE3829N3113",2175.298761
"1314","1kmE3829N3114",2699.328366
"1315","1kmE3829N3115",3578.632375
"1316","1kmE3829N3116",6970.086813
"1317","1kmE3829N3117",6425.248924
"1318","1kmE3829N3118",9978.4828585
"1319","1kmE3829N3119",2263.4725025
"1320","1kmE3829N3120",7752.70388
"1321","1kmE3829N3121",8810.9451335
"1322","1kmE3829N3122",7278.4872075
"1323","1kmE3829N3123",3147.798792
"1324","1kmE3829N3124",6739.361986
"1325","1kmE3829N3125",3066.2100235
"1326","1kmE3829N3126",3435.705846
"1327","1kmE3829N3127",3865.860796
"1328","1kmE3829N3128",2781.664486
"1329","1kmE3829N3129",7256.5563815
"1330","1kmE3829N3130",10255.7789215
"1331","1kmE3829N3131",6800.1505325
"1332","1kmE3829N3132",6807.957799
"1333","1kmE3829N3133",403.8964465
"1334","1kmE3829N3134",1719.509534
"1335","1kmE3829N3135",6967.59395
"1336","1kmE3829N3136",8347.860007
"1337","1kmE3829N3137",4804.834671
"1338","1kmE3829N3138",7846.726511
"1339","1kmE3829N3139",9959.484065
"1340","1kmE3829N3140",3074.667233
"1341","1kmE3829N3141",5806.5591755
"1342","1kmE3829N3142",8575.535345
"1343","1kmE3829N3143",5793.8471655
"1344","1kmE3829N3144",9383.2432395
"1345","1kmE3829N3145",11353.9413505
"1346","1kmE3829N3146",7221.550656
"1347","1kmE3829N3147",13430.6375565
"1348","1kmE3829N3148",19245.0704755
"1349","1kmE3829N3149",11209.5837785
"1350","1kmE3829N3150",6129.395781
"1351","1kmE3830N3096",10569.294712
"1352","1kmE3830N3097",12310.7043455
"1353","1kmE3830N3098",9554.241046
"1354","1kmE3830N3099",345.867941
"1355","1kmE3830N3100",2453.1369255
"1356","1kmE3830N3101",5135.0514145
"1357","1kmE3830N3102",6968.4588415
"1358","1kmE3830N3103",1880.8091585
"1359","1kmE3830N3104",5441.677254
"1360","1kmE3830N3105",5180.13107
"1361","1kmE3830N3106",1315.214228
"1362","1kmE3830N3107",5041.808067
"1363","1kmE3830N3108",6926.292575
"1364","1kmE3830N3109",8350.067491
"1365","1kmE3830N3110",6177.775348
"1366","1kmE3830N3111",5956.6173025
"1367","1kmE3830N3112",5290.8504615
"1368","1kmE3830N3113",6469.4463065
"1369","1kmE3830N3114",6156.3570545
"1370","1kmE3830N3115",9586.392842
"1371","1kmE3830N3116",9069.5272325
"1372","1kmE3830N3117",6459.2387875
"1373","1kmE3830N3118",9407.553812
"1374","1kmE3830N3119",7941.33291
"1375","1kmE3830N3120",4853.607413
"1376","1kmE3830N3121",7104.6610805
"1377","1kmE3830N3122",3827.2328175
"1378","1kmE3830N3123",5272.663259
"1379","1kmE3830N3124",10555.061305
"1380","1kmE3830N3125",2549.3662585
"1381","1kmE3830N3126",4202.5846095
"1382","1kmE3830N3127",6846.105436
"1383","1kmE3830N3128",2405.4184585
"1384","1kmE3830N3129",5587.6149975
"1385","1kmE3830N3130",8202.80441
"1386","1kmE3830N3131",6915.344885
"1387","1kmE3830N3132",9942.445083
"1388","1kmE3830N3133",1083.0983645
"1389","1kmE3830N3134",2271.0193045
"1390","1kmE3830N3135",5724.92203
"1391","1kmE3830N3136",8879.285311
"1392","1kmE3830N3137",9451.91921
"1393","1kmE3830N3138",10665.151957
"1394","1kmE3830N3139",4981.936476
"1395","1kmE3830N3140",2982.9601535
"1396","1kmE3830N3141",1781.5975435
"1397","1kmE3830N3142",5443.318619
"1398","1kmE3830N3143",10509.4128075
"1399","1kmE3830N3144",12576.9407815
"1400","1kmE3830N3145",8628.1082345
"1401","1kmE3830N3146",6463.504598
"1402","1kmE3830N3147",10269.86505
"1403","1kmE3830N3148",7071.908812
"1404","1kmE3830N3149",9489.659958
"1405","1kmE3830N3150",11306.53562
"1406","1kmE3831N3097",11710.629821
"1407","1kmE3831N3098",7120.8171405
"1408","1kmE3831N3099",1734.59593
"1409","1kmE3831N3100",2571.216047
"1410","1kmE3831N3101",2619.4369175
"1411","1kmE3831N3102",6604.247516
"1412","1kmE3831N3103",5657.323664
"1413","1kmE3831N3104",1285.29805
"1414","1kmE3831N3105",4165.8202205
"1415","1kmE3831N3106",4686.375081
"1416","1kmE3831N3107",5161.4008035
"1417","1kmE3831N3108",5666.252955
"1418","1kmE3831N3109",5508.9947785
"1419","1kmE3831N3110",3560.7610535
"1420","1kmE3831N3111",2254.417423
"1421","1kmE3831N3112",5649.467725
"1422","1kmE3831N3113",8979.605882
"1423","1kmE3831N3114",8135.4870345
"1424","1kmE3831N3115",7198.7536055
"1425","1kmE3831N3116",5387.7978695
"1426","1kmE3831N3117",5655.619918
"1427","1kmE3831N3118",6530.4892595
"1428","1kmE3831N3119",8319.4284975
"1429","1kmE3831N3120",7695.4851135
"1430","1kmE3831N3121",7195.399753
"1431","1kmE3831N3122",6722.060231
"1432","1kmE3831N3123",8827.9722705
"1433","1kmE3831N3124",9376.789674
"1434","1kmE3831N3125",3242.350749
"1435","1kmE3831N3126",3700.164193
"1436","1kmE3831N3127",6669.4174335
"1437","1kmE3831N3128",6772.021478
"1438","1kmE3831N3129",9439.0146965
"1439","1kmE3831N3130",5510.6417985
"1440","1kmE3831N3131",7869.0151635
"1441","1kmE3831N3132",7757.7187715
"1442","1kmE3831N3133",3764.8612955
"1443","1kmE3831N3134",6550.938666
"1444","1kmE3831N3135",7853.5726035
"1445","1kmE3831N3136",10116.199032
"1446","1kmE3831N3137",13066.8167225
"1447","1kmE3831N3138",10088.4302935
"1448","1kmE3831N3139",9927.8302945
"1449","1kmE3831N3140",6577.440471
"1450","1kmE3831N3141",4095.439888
"1451","1kmE3831N3142",5140.071244
"1452","1kmE3831N3143",11905.386317
"1453","1kmE3831N3144",12837.962303
"1454","1kmE3831N3145",5645.2047935
"1455","1kmE3831N3146",6167.3024295
"1456","1kmE3831N3147",8198.7960965
"1457","1kmE3831N3148",7068.3501165
"1458","1kmE3831N3149",12994.3834945
"1459","1kmE3831N3150",17157.1313915
"1460","1kmE3831N3151",10590.5740065
"1461","1kmE3832N3097",6204.4311815
"1462","1kmE3832N3098",7052.591051
"1463","1kmE3832N3099",6154.054332
"1464","1kmE3832N3100",6630.533775
"1465","1kmE3832N3101",6704.345792
"1466","1kmE3832N3102",8622.9628735
"1467","1kmE3832N3103",9143.978617
"1468","1kmE3832N3104",7026.550491
"1469","1kmE3832N3105",2999.3558755
"1470","1kmE3832N3106",6732.190682
"1471","1kmE3832N3107",6735.33714
"1472","1kmE3832N3108",3367.44599
"1473","1kmE3832N3109",6039.7819665
"1474","1kmE3832N3110",6764.282468
"1475","1kmE3832N3111",4305.26111
"1476","1kmE3832N3112",5538.0199215
"1477","1kmE3832N3113",3624.710945
"1478","1kmE3832N3114",3574.475779
"1479","1kmE3832N3115",3618.399042
"1480","1kmE3832N3116",3460.7863765
"1481","1kmE3832N3117",3166.8320875
"1482","1kmE3832N3118",3278.7772245
"1483","1kmE3832N3119",6341.9110425
"1484","1kmE3832N3120",8340.8838825
"1485","1kmE3832N3121",8706.3111545
"1486","1kmE3832N3122",8397.598792
"1487","1kmE3832N3123",10242.3035955
"1488","1kmE3832N3124",8914.6008925
"1489","1kmE3832N3125",7075.5992255
"1490","1kmE3832N3126",1360.628113
"1491","1kmE3832N3127",8169.881977
"1492","1kmE3832N3128",10939.852038
"1493","1kmE3832N3129",7808.621807
"1494","1kmE3832N3130",5796.7128895
"1495","1kmE3832N3131",7528.880374
"1496","1kmE3832N3132",6044.22934
"1497","1kmE3832N3133",5092.526404
"1498","1kmE3832N3134",6049.905296
"1499","1kmE3832N3135",6615.338891
"1500","1kmE3832N3136",10549.267929
"1501","1kmE3832N3137",1801.4252695
"1502","1kmE3832N3138",6397.0242785
"1503","1kmE3832N3139",7852.7241195
"1504","1kmE3832N3140",4667.3687485
"1505","1kmE3832N3141",7334.086583
"1506","1kmE3832N3142",10109.714477
"1507","1kmE3832N3143",13225.5639235
"1508","1kmE3832N3144",12543.368412
"1509","1kmE3832N3145",8176.8085225
"1510","1kmE3832N3146",7044.7450755
"1511","1kmE3832N3147",6888.0131575
"1512","1kmE3832N3148",7414.9907175
"1513","1kmE3832N3149",14178.8629495
"1514","1kmE3832N3150",18073.819175
"1515","1kmE3832N3151",16587.740417
"1516","1kmE3833N3096",7659.752319
"1517","1kmE3833N3097",7694.829525
"1518","1kmE3833N3098",5046.245397
"1519","1kmE3833N3099",382.5064845
"1520","1kmE3833N3100",2639.812819
"1521","1kmE3833N3101",6967.566105
"1522","1kmE3833N3102",6869.0973085
"1523","1kmE3833N3103",4434.365191
"1524","1kmE3833N3104",3335.575039
"1525","1kmE3833N3105",1976.6141125
"1526","1kmE3833N3106",4012.877174
"1527","1kmE3833N3107",5409.083012
"1528","1kmE3833N3108",6752.6687565
"1529","1kmE3833N3109",5474.30509
"1530","1kmE3833N3110",6314.9225395
"1531","1kmE3833N3111",5192.016279
"1532","1kmE3833N3112",2533.64963
"1533","1kmE3833N3113",4134.1918495
"1534","1kmE3833N3114",6132.6259345
"1535","1kmE3833N3115",8565.777897
"1536","1kmE3833N3116",6917.018236
"1537","1kmE3833N3117",6403.1641535
"1538","1kmE3833N3118",8905.801521
"1539","1kmE3833N3119",6740.8101315
"1540","1kmE3833N3120",4645.1739495
"1541","1kmE3833N3121",4775.694978
"1542","1kmE3833N3122",5300.413412
"1543","1kmE3833N3123",7670.175954
"1544","1kmE3833N3124",10485.8719765
"1545","1kmE3833N3125",8383.7605565
"1546","1kmE3833N3126",2899.6480335
"1547","1kmE3833N3127",1574.914522
"1548","1kmE3833N3128",11180.6598845
"1549","1kmE3833N3129",12210.534204
"1550","1kmE3833N3130",8910.879054
"1551","1kmE3833N3131",7265.166508
"1552","1kmE3833N3132",2993.0079545
"1553","1kmE3833N3133",4205.4914825
"1554","1kmE3833N3134",6465.700921
"1555","1kmE3833N3135",6438.6677565
"1556","1kmE3833N3136",5676.785425
"1557","1kmE3833N3137",1467.66214
"1558","1kmE3833N3138",3416.562103
"1559","1kmE3833N3139",4305.6591575
"1560","1kmE3833N3140",2172.3608275
"1561","1kmE3833N3141",3662.972653
"1562","1kmE3833N3142",5613.71402
"1563","1kmE3833N3143",8118.1766155
"1564","1kmE3833N3144",7212.144897
"1565","1kmE3833N3145",5945.97222
"1566","1kmE3833N3146",5167.889422
"1567","1kmE3833N3147",1951.863541
"1568","1kmE3833N3148",4980.1842205
"1569","1kmE3833N3149",12157.54804
"1570","1kmE3833N3150",18280.839566
"1571","1kmE3833N3151",18163.834957
"1572","1kmE3833N3152",10200.430075
"1573","1kmE3834N3096",7499.155064
"1574","1kmE3834N3097",5316.0960455
"1575","1kmE3834N3098",2148.782071
"1576","1kmE3834N3099",1177.2659965
"1577","1kmE3834N3100",6581.9165945
"1578","1kmE3834N3101",6286.3867765
"1579","1kmE3834N3102",4083.6463925
"1580","1kmE3834N3103",2507.166071
"1581","1kmE3834N3104",4125.8553035
"1582","1kmE3834N3105",3776.7458515
"1583","1kmE3834N3106",3585.373559
"1584","1kmE3834N3107",5658.166732
"1585","1kmE3834N3108",3896.436606
"1586","1kmE3834N3109",3745.5192435
"1587","1kmE3834N3110",6442.8823135
"1588","1kmE3834N3111",6624.6454585
"1589","1kmE3834N3112",5924.171077
"1590","1kmE3834N3113",1079.598862
"1591","1kmE3834N3114",2253.015375
"1592","1kmE3834N3115",6379.59728
"1593","1kmE3834N3116",7842.7809925
"1594","1kmE3834N3117",9082.1935745
"1595","1kmE3834N3118",9287.1135915
"1596","1kmE3834N3119",8292.591891
"1597","1kmE3834N3120",6856.448063
"1598","1kmE3834N3121",3914.798664
"1599","1kmE3834N3122",6393.8247315
"1600","1kmE3834N3123",5543.762804
"1601","1kmE3834N3124",10099.347983
"1602","1kmE3834N3125",10339.411902
"1603","1kmE3834N3126",4502.5481315
"1604","1kmE3834N3127",1854.480136
"1605","1kmE3834N3128",10140.6801
"1606","1kmE3834N3129",12782.1054125
"1607","1kmE3834N3130",10268.0964195
"1608","1kmE3834N3131",4327.9590145
"1609","1kmE3834N3132",7431.99108
"1610","1kmE3834N3133",7702.080921
"1611","1kmE3834N3134",4943.343724
"1612","1kmE3834N3135",5835.8520995
"1613","1kmE3834N3136",3760.3411565
"1614","1kmE3834N3137",1071.2864285
"1615","1kmE3834N3138",6847.32041
"1616","1kmE3834N3139",6902.7454035
"1617","1kmE3834N3140",3634.946652
"1618","1kmE3834N3141",3957.118148
"1619","1kmE3834N3142",2192.2886765
"1620","1kmE3834N3143",1462.9073145
"1621","1kmE3834N3144",8492.750011
"1622","1kmE3834N3145",8763.1619025
"1623","1kmE3834N3146",4568.5210465
"1624","1kmE3834N3147",4006.9933795
"1625","1kmE3834N3148",5186.842244
"1626","1kmE3834N3149",7375.4651315
"1627","1kmE3834N3150",6980.648807
"1628","1kmE3834N3151",12572.689948
"1629","1kmE3834N3152",14328.7815585
"1630","1kmE3834N3153",3623.7172965
"1631","1kmE3835N3097",3594.6529145
"1632","1kmE3835N3098",3435.7308985
"1633","1kmE3835N3099",4890.149106
"1634","1kmE3835N3100",2471.043694
"1635","1kmE3835N3101",1599.9702355
"1636","1kmE3835N3102",2014.0701385
"1637","1kmE3835N3103",6106.6125495
"1638","1kmE3835N3104",9084.1752745
"1639","1kmE3835N3105",7815.5032195
"1640","1kmE3835N3106",8031.983465
"1641","1kmE3835N3107",6816.2092805
"1642","1kmE3835N3108",3415.668588
"1643","1kmE3835N3109",799.9860025
"1644","1kmE3835N3110",7278.767828
"1645","1kmE3835N3111",7129.7350045
"1646","1kmE3835N3112",5216.335666
"1647","1kmE3835N3113",5010.428737
"1648","1kmE3835N3114",7902.7890485
"1649","1kmE3835N3115",6897.3028975
"1650","1kmE3835N3116",5507.092372
"1651","1kmE3835N3117",7039.8080865
"1652","1kmE3835N3118",6186.7150705
"1653","1kmE3835N3119",6780.6518745
"1654","1kmE3835N3120",6835.757689
"1655","1kmE3835N3121",3535.3847195
"1656","1kmE3835N3122",5973.1223805
"1657","1kmE3835N3123",5247.884144
"1658","1kmE3835N3124",8526.9253385
"1659","1kmE3835N3125",8508.8142925
"1660","1kmE3835N3126",5478.127284
"1661","1kmE3835N3127",2516.821868
"1662","1kmE3835N3128",8364.7680265
"1663","1kmE3835N3129",12467.3819995
"1664","1kmE3835N3130",14615.2844755
"1665","1kmE3835N3131",11562.2696825
"1666","1kmE3835N3132",7954.977077
"1667","1kmE3835N3133",6415.30302
"1668","1kmE3835N3134",1292.843579
"1669","1kmE3835N3135",6050.2946615
"1670","1kmE3835N3136",6123.3470585
"1671","1kmE3835N3137",1731.4621575
"1672","1kmE3835N3138",6014.0020425
"1673","1kmE3835N3139",4951.86805
"1674","1kmE3835N3140",9750.0523315
"1675","1kmE3835N3141",12828.132885
"1676","1kmE3835N3142",8781.509428
"1677","1kmE3835N3143",5841.560821
"1678","1kmE3835N3144",9141.352616
"1679","1kmE3835N3145",7765.2360535
"1680","1kmE3835N3146",8010.7203845
"1681","1kmE3835N3147",5826.2740705
"1682","1kmE3835N3148",7824.9486685
"1683","1kmE3835N3149",9670.7347375
"1684","1kmE3835N3150",8808.9158065
"1685","1kmE3835N3151",9394.8366465
"1686","1kmE3835N3152",12155.472928
"1687","1kmE3835N3153",6693.6983085
"1688","1kmE3836N3097",2510.773052
"1689","1kmE3836N3098",8887.460695
"1690","1kmE3836N3099",8585.744686
"1691","1kmE3836N3100",6623.918274
"1692","1kmE3836N3101",6455.771329
"1693","1kmE3836N3102",6006.165293
"1694","1kmE3836N3103",4083.2933645
"1695","1kmE3836N3104",3757.54773
"1696","1kmE3836N3105",5444.1366345
"1697","1kmE3836N3106",5030.7508545
"1698","1kmE3836N3107",6198.271077
"1699","1kmE3836N3108",1643.5139825
"1700","1kmE3836N3109",3412.6295805
"1701","1kmE3836N3110",6591.6227545
"1702","1kmE3836N3111",6742.3201645
"1703","1kmE3836N3112",9408.939372
"1704","1kmE3836N3113",9306.8517115
"1705","1kmE3836N3114",7576.4391405
"1706","1kmE3836N3115",7388.2982535
"1707","1kmE3836N3116",9715.8991195
"1708","1kmE3836N3117",10104.0643735
"1709","1kmE3836N3118",9422.608114
"1710","1kmE3836N3119",6626.7973375
"1711","1kmE3836N3120",6900.028043
"1712","1kmE3836N3121",6128.5370395
"1713","1kmE3836N3122",6377.599592
"1714","1kmE3836N3123",5092.915943
"1715","1kmE3836N3124",9128.9953005
"1716","1kmE3836N3125",6144.999907
"1717","1kmE3836N3126",4511.4885815
"1718","1kmE3836N3127",1894.087389
"1719","1kmE3836N3128",10141.250052
"1720","1kmE3836N3129",9924.7842285
"1721","1kmE3836N3130",12589.168744
"1722","1kmE3836N3131",11933.6828895
"1723","1kmE3836N3132",8877.4366065
"1724","1kmE3836N3133",6278.1135245
"1725","1kmE3836N3134",5036.1588855
"1726","1kmE3836N3135",2427.8405705
"1727","1kmE3836N3136",4762.7626145
"1728","1kmE3836N3137",6029.326295
"1729","1kmE3836N3138",5094.652492
"1730","1kmE3836N3139",6007.1934025
"1731","1kmE3836N3140",5341.75944
"1732","1kmE3836N3141",7548.7534925
"1733","1kmE3836N3142",6203.4262365
"1734","1kmE3836N3143",6920.59676
"1735","1kmE3836N3144",7307.479603
"1736","1kmE3836N3145",5748.3079445
"1737","1kmE3836N3146",7580.3667785
"1738","1kmE3836N3147",8229.4246625
"1739","1kmE3836N3148",7115.9014205
"1740","1kmE3836N3149",7474.673796
"1741","1kmE3836N3150",6350.211491
"1742","1kmE3836N3151",4232.648891
"1743","1kmE3836N3152",12624.6376675
"1744","1kmE3836N3153",12959.11539
"1745","1kmE3836N3154",8250.5526685
"1746","1kmE3837N3097",2654.7843995
"1747","1kmE3837N3098",9757.653857
"1748","1kmE3837N3099",6357.0621305
"1749","1kmE3837N3100",7595.1405985
"1750","1kmE3837N3101",7790.8526285
"1751","1kmE3837N3102",8759.890994
"1752","1kmE3837N3103",11925.211514
"1753","1kmE3837N3104",5711.4346635
"1754","1kmE3837N3105",3568.599077
"1755","1kmE3837N3106",7075.3445005
"1756","1kmE3837N3107",7877.2746085
"1757","1kmE3837N3108",4694.8300105
"1758","1kmE3837N3109",6155.6823975
"1759","1kmE3837N3110",4347.2251795
"1760","1kmE3837N3111",4711.174239
"1761","1kmE3837N3112",5887.8461075
"1762","1kmE3837N3113",9280.083027
"1763","1kmE3837N3114",8570.66498
"1764","1kmE3837N3115",6596.619836
"1765","1kmE3837N3116",9985.9803215
"1766","1kmE3837N3117",8228.7269565
"1767","1kmE3837N3118",7926.315026
"1768","1kmE3837N3119",5376.7729675
"1769","1kmE3837N3120",5410.1404005
"1770","1kmE3837N3121",7045.674535
"1771","1kmE3837N3122",5271.627892
"1772","1kmE3837N3123",7404.042066
"1773","1kmE3837N3124",5388.004469
"1774","1kmE3837N3125",6435.310746
"1775","1kmE3837N3126",7875.059647
"1776","1kmE3837N3127",5567.779174
"1777","1kmE3837N3128",5697.4898125
"1778","1kmE3837N3129",7337.977093
"1779","1kmE3837N3130",11060.715189
"1780","1kmE3837N3131",11758.7282875
"1781","1kmE3837N3132",10841.9304455
"1782","1kmE3837N3133",7197.9117775
"1783","1kmE3837N3134",7352.9780105
"1784","1kmE3837N3135",3908.538544
"1785","1kmE3837N3136",1773.6152405
"1786","1kmE3837N3137",5337.0321605
"1787","1kmE3837N3138",9160.420287
"1788","1kmE3837N3139",14105.8628825
"1789","1kmE3837N3140",9845.9693545
"1790","1kmE3837N3141",3795.4300765
"1791","1kmE3837N3142",3401.0431995
"1792","1kmE3837N3143",11050.193786
"1793","1kmE3837N3144",10508.186656
"1794","1kmE3837N3145",8034.508468
"1795","1kmE3837N3146",8063.494586
"1796","1kmE3837N3147",6453.872057
"1797","1kmE3837N3148",5900.237182
"1798","1kmE3837N3149",7715.739018
"1799","1kmE3837N3150",6925.33022
"1800","1kmE3837N3151",1248.5302165
"1801","1kmE3837N3152",12215.792124
"1802","1kmE3837N3153",18920.847498
"1803","1kmE3837N3154",16759.7265055
"1804","1kmE3838N3096",1102.8167155
"1805","1kmE3838N3097",3820.3682425
"1806","1kmE3838N3098",10945.8885885
"1807","1kmE3838N3099",8636.085777
"1808","1kmE3838N3100",4871.728363
"1809","1kmE3838N3101",1185.943428
"1810","1kmE3838N3102",3698.662219
"1811","1kmE3838N3103",6713.706058
"1812","1kmE3838N3104",1941.055979
"1813","1kmE3838N3105",2087.3747205
"1814","1kmE3838N3106",6077.4616465
"1815","1kmE3838N3107",6940.763565
"1816","1kmE3838N3108",3761.2228235
"1817","1kmE3838N3109",4637.741076
"1818","1kmE3838N3110",4408.050766
"1819","1kmE3838N3111",8363.1351885
"1820","1kmE3838N3112",14319.241958
"1821","1kmE3838N3113",12113.144487
"1822","1kmE3838N3114",9605.8337245
"1823","1kmE3838N3115",10380.4400525
"1824","1kmE3838N3116",14176.71745
"1825","1kmE3838N3117",13452.8851565
"1826","1kmE3838N3118",14355.476457
"1827","1kmE3838N3119",9305.5612655
"1828","1kmE3838N3120",10710.383266
"1829","1kmE3838N3121",9420.1306125
"1830","1kmE3838N3122",5658.6024875
"1831","1kmE3838N3123",9935.492453
"1832","1kmE3838N3124",8573.152751
"1833","1kmE3838N3125",6436.8627125
"1834","1kmE3838N3126",3953.533001
"1835","1kmE3838N3127",6514.780079
"1836","1kmE3838N3128",9549.802305
"1837","1kmE3838N3129",10454.1323845
"1838","1kmE3838N3130",8862.1457065
"1839","1kmE3838N3131",7530.7113675
"1840","1kmE3838N3132",5998.3552055
"1841","1kmE3838N3133",3050.435841
"1842","1kmE3838N3134",6070.4203245
"1843","1kmE3838N3135",4713.2392055
"1844","1kmE3838N3136",7353.6156805
"1845","1kmE3838N3137",15255.3138585
"1846","1kmE3838N3138",12292.042955
"1847","1kmE3838N3139",8029.497714
"1848","1kmE3838N3140",5495.7967795
"1849","1kmE3838N3141",6615.013921
"1850","1kmE3838N3142",10156.031553
"1851","1kmE3838N3143",10003.1463115
"1852","1kmE3838N3144",10508.1851495
"1853","1kmE3838N3145",9890.431659
"1854","1kmE3838N3146",5199.4689645
"1855","1kmE3838N3147",3445.64723
"1856","1kmE3838N3148",3533.9571085
"1857","1kmE3838N3149",6914.715474
"1858","1kmE3838N3150",3450.077593
"1859","1kmE3838N3151",599.3592655
"1860","1kmE3838N3152",4509.9955095
"1861","1kmE3838N3153",16175.43338
"1862","1kmE3838N3154",15917.0159845
"1863","1kmE3838N3155",10217.096967
"1864","1kmE3839N3094",8447.680417
"1865","1kmE3839N3095",7606.151193
"1866","1kmE3839N3096",1646.044467
"1867","1kmE3839N3097",3044.7311685
"1868","1kmE3839N3098",9107.4827685
"1869","1kmE3839N3099",4460.3225535
"1870","1kmE3839N3100",8799.4342685
"1871","1kmE3839N3101",2417.9936705
"1872","1kmE3839N3102",3558.908257
"1873","1kmE3839N3103",7510.024958
"1874","1kmE3839N3104",6397.345803
"1875","1kmE3839N3105",1183.062276
"1876","1kmE3839N3108",1109.5343605
"1877","1kmE3839N3109",5796.9211975
"1878","1kmE3839N3110",2320.1014215
"1879","1kmE3839N3111",9722.374557
"1880","1kmE3839N3112",16583.3495495
"1881","1kmE3839N3113",17482.102723
"1882","1kmE3839N3114",13347.681295
"1883","1kmE3839N3115",12153.0873125
"1884","1kmE3839N3116",14021.921422
"1885","1kmE3839N3117",11315.0470885
"1886","1kmE3839N3118",10117.630926
"1887","1kmE3839N3119",7060.235854
"1888","1kmE3839N3120",9719.1766315
"1889","1kmE3839N3121",12475.745493
"1890","1kmE3839N3122",9183.243331
"1891","1kmE3839N3123",9638.413008
"1892","1kmE3839N3124",9579.6583505
"1893","1kmE3839N3125",9121.9457865
"1894","1kmE3839N3126",4236.9715525
"1895","1kmE3839N3127",2710.8180245
"1896","1kmE3839N3128",5810.293791
"1897","1kmE3839N3129",5777.246332
"1898","1kmE3839N3130",10064.4017625
"1899","1kmE3839N3131",4528.0815485
"1900","1kmE3839N3132",3801.906625
"1901","1kmE3839N3133",8202.4086035
"1902","1kmE3839N3134",10252.7469655
"1903","1kmE3839N3135",4662.962965
"1904","1kmE3839N3136",11868.948918
"1905","1kmE3839N3137",17875.3544595
"1906","1kmE3839N3138",15541.0353435
"1907","1kmE3839N3139",9952.9438955
"1908","1kmE3839N3140",8416.6018335
"1909","1kmE3839N3141",6947.2122265
"1910","1kmE3839N3142",7317.301578
"1911","1kmE3839N3143",8970.2821335
"1912","1kmE3839N3144",9070.743093
"1913","1kmE3839N3145",7920.973048
"1914","1kmE3839N3146",2499.941451
"1915","1kmE3839N3147",3903.424873
"1916","1kmE3839N3148",6452.306533
"1917","1kmE3839N3149",8438.6911795
"1918","1kmE3839N3150",3926.0368455
"1919","1kmE3839N3151",766.727774
"1920","1kmE3839N3152",5398.9181535
"1921","1kmE3839N3153",8530.254989
"1922","1kmE3839N3154",11443.2087645
"1923","1kmE3839N3155",10298.8991295
"1924","1kmE3840N3093",3949.058113
"1925","1kmE3840N3094",10033.8687005
"1926","1kmE3840N3095",7200.5654235
"1927","1kmE3840N3096",2952.0063905
"1928","1kmE3840N3097",2869.409608
"1929","1kmE3840N3098",7118.364727
"1930","1kmE3840N3099",4650.185182
"1931","1kmE3840N3100",2995.920801
"1932","1kmE3840N3101",4130.5459935
"1933","1kmE3840N3102",10078.548609
"1934","1kmE3840N3103",6025.1761415
"1935","1kmE3840N3104",4132.287381
"1936","1kmE3840N3105",1515.2816035
"1937","1kmE3840N3106",6360.0755905
"1938","1kmE3840N3107",5993.9257545
"1939","1kmE3840N3108",1776.2578655
"1940","1kmE3840N3109",4215.541506
"1941","1kmE3840N3110",1391.031468
"1942","1kmE3840N3111",7220.046075
"1943","1kmE3840N3112",10596.0558595
"1944","1kmE3840N3113",9422.3848605
"1945","1kmE3840N3114",13357.650768
"1946","1kmE3840N3115",14443.2617495
"1947","1kmE3840N3116",8905.746673
"1948","1kmE3840N3117",6545.2334225
"1949","1kmE3840N3118",7898.010358
"1950","1kmE3840N3119",4497.933308
"1951","1kmE3840N3120",9678.7527035
"1952","1kmE3840N3121",10743.366691
"1953","1kmE3840N3122",8876.671341
"1954","1kmE3840N3123",12724.9856325
"1955","1kmE3840N3124",6881.831749
"1956","1kmE3840N3125",3989.300922
"1957","1kmE3840N3126",1609.215798
"1958","1kmE3840N3127",3075.389154
"1959","1kmE3840N3128",10235.9983375
"1960","1kmE3840N3129",9324.316164
"1961","1kmE3840N3130",8631.1343045
"1962","1kmE3840N3131",9427.1043685
"1963","1kmE3840N3132",6299.266089
"1964","1kmE3840N3133",8895.877442
"1965","1kmE3840N3134",7491.392692
"1966","1kmE3840N3135",4555.5737725
"1967","1kmE3840N3136",7970.6712025
"1968","1kmE3840N3137",16367.992335
"1969","1kmE3840N3138",12908.0255835
"1970","1kmE3840N3139",4017.554297
"1971","1kmE3840N3140",6712.920866
"1972","1kmE3840N3141",10290.685464
"1973","1kmE3840N3142",4818.9883405
"1974","1kmE3840N3143",7890.2336835
"1975","1kmE3840N3144",10696.2017505
"1976","1kmE3840N3145",5233.690989
"1977","1kmE3840N3146",2334.708025
"1978","1kmE3840N3147",7147.529365
"1979","1kmE3840N3148",8641.776722
"1980","1kmE3840N3149",3841.452288
"1981","1kmE3840N3150",1589.8823265
"1982","1kmE3840N3151",3265.3818515
"1983","1kmE3840N3152",9524.706488
"1984","1kmE3840N3153",7963.533983
"1985","1kmE3840N3154",11730.2851035
"1986","1kmE3840N3155",11327.391414
"1987","1kmE3840N3156",4360.5524615
"1988","1kmE3841N3093",2462.2701945
"1989","1kmE3841N3094",5101.116352
"1990","1kmE3841N3095",5055.2402625
"1991","1kmE3841N3096",5670.7937785
"1992","1kmE3841N3097",6247.0292045
"1993","1kmE3841N3098",5916.3964925
"1994","1kmE3841N3099",6389.118441
"1995","1kmE3841N3100",3618.495209
"1996","1kmE3841N3101",5315.1511375
"1997","1kmE3841N3102",10402.7344825
"1998","1kmE3841N3103",13713.6730705
"1999","1kmE3841N3104",2200.5113185
"2000","1kmE3841N3105",6798.002387
"2001","1kmE3841N3106",7192.482091
"2002","1kmE3841N3107",6711.2748725
"2003","1kmE3841N3108",6767.764312
"2004","1kmE3841N3109",7489.5017105
"2005","1kmE3841N3110",1536.3932735
"2006","1kmE3841N3111",3594.950939
"2007","1kmE3841N3112",7335.3031725
"2008","1kmE3841N3113",8869.6214
"2009","1kmE3841N3114",12198.4766505
"2010","1kmE3841N3115",9961.390214
"2011","1kmE3841N3116",2484.895086
"2012","1kmE3841N3117",2287.1510465
"2013","1kmE3841N3118",6813.1951625
"2014","1kmE3841N3119",8450.4415185
"2015","1kmE3841N3120",10673.371394
"2016","1kmE3841N3121",8809.1213595
"2017","1kmE3841N3122",5139.216141
"2018","1kmE3841N3123",5400.4865985
"2019","1kmE3841N3124",5197.720881
"2020","1kmE3841N3125",10426.326133
"2021","1kmE3841N3126",2499.890175
"2022","1kmE3841N3127",3748.516347
"2023","1kmE3841N3128",10007.0020295
"2024","1kmE3841N3129",13206.396545
"2025","1kmE3841N3130",6107.056042
"2026","1kmE3841N3131",8333.027718
"2027","1kmE3841N3132",4002.5886295
"2028","1kmE3841N3133",8187.2023355
"2029","1kmE3841N3134",2863.65395
"2030","1kmE3841N3135",4127.4583035
"2031","1kmE3841N3136",4537.42872
"2032","1kmE3841N3137",10955.4436345
"2033","1kmE3841N3138",10054.801719
"2034","1kmE3841N3139",9589.8308735
"2035","1kmE3841N3140",12060.2920615
"2036","1kmE3841N3141",8218.3780565
"2037","1kmE3841N3142",10079.2829255
"2038","1kmE3841N3143",6940.97615
"2039","1kmE3841N3144",12719.1798015
"2040","1kmE3841N3145",10210.7886435
"2041","1kmE3841N3146",6058.42569
"2042","1kmE3841N3147",8362.127827
"2043","1kmE3841N3148",8282.8615635
"2044","1kmE3841N3149",5813.2119905
"2045","1kmE3841N3150",3097.2556165
"2046","1kmE3841N3151",4462.751809
"2047","1kmE3841N3152",8158.785359
"2048","1kmE3841N3153",10772.613469
"2049","1kmE3841N3154",10968.0212735
"2050","1kmE3841N3155",11025.001499
"2051","1kmE3841N3156",6350.1162735
"2052","1kmE3842N3094",4840.6504475
"2053","1kmE3842N3095",9511.6057455
"2054","1kmE3842N3096",8090.88868
"2055","1kmE3842N3097",10346.2189765
"2056","1kmE3842N3098",9630.638022
"2057","1kmE3842N3099",11710.614768
"2058","1kmE3842N3100",2858.806968
"2059","1kmE3842N3101",2398.755693
"2060","1kmE3842N3102",4916.9216015
"2061","1kmE3842N3103",9174.8257695
"2062","1kmE3842N3104",2278.2309575
"2063","1kmE3842N3105",6116.5731425
"2064","1kmE3842N3106",9072.8043745
"2065","1kmE3842N3107",2560.192176
"2066","1kmE3842N3108",7239.6247355
"2067","1kmE3842N3109",6576.8269015
"2068","1kmE3842N3110",7184.7763905
"2069","1kmE3842N3111",3279.7721765
"2070","1kmE3842N3112",6058.8797105
"2071","1kmE3842N3113",10775.1453245
"2072","1kmE3842N3114",12588.609885
"2073","1kmE3842N3115",10781.476013
"2074","1kmE3842N3116",6788.5887775
"2075","1kmE3842N3117",1332.460427
"2076","1kmE3842N3118",2986.0402465
"2077","1kmE3842N3119",5786.9775155
"2078","1kmE3842N3120",7115.8255795
"2079","1kmE3842N3121",5855.665756
"2080","1kmE3842N3122",5098.730039
"2081","1kmE3842N3123",5555.9444095
"2082","1kmE3842N3124",3783.53273
"2083","1kmE3842N3125",6437.4140235
"2084","1kmE3842N3126",3227.253283
"2085","1kmE3842N3127",2492.0524
"2086","1kmE3842N3128",4585.6950845
"2087","1kmE3842N3129",7442.165582
"2088","1kmE3842N3130",3792.967718
"2089","1kmE3842N3131",7460.1019725
"2090","1kmE3842N3132",3688.9435935
"2091","1kmE3842N3133",5270.803639
"2092","1kmE3842N3134",3499.22571
"2093","1kmE3842N3135",5459.746384
"2094","1kmE3842N3136",3190.557062
"2095","1kmE3842N3137",7853.1496785
"2096","1kmE3842N3138",9944.788128
"2097","1kmE3842N3139",13704.873343
"2098","1kmE3842N3140",10414.2240995
"2099","1kmE3842N3141",7025.750716
"2100","1kmE3842N3142",5998.480814
"2101","1kmE3842N3143",6240.729984
"2102","1kmE3842N3144",12425.666235
"2103","1kmE3842N3145",11047.0774635
"2104","1kmE3842N3146",10161.361079
"2105","1kmE3842N3147",7999.839252
"2106","1kmE3842N3148",6642.4171565
"2107","1kmE3842N3149",6976.749365
"2108","1kmE3842N3150",3624.543907
"2109","1kmE3842N3151",5253.259941
"2110","1kmE3842N3152",8581.47789
"2111","1kmE3842N3153",10663.2832815
"2112","1kmE3842N3154",7167.068753
"2113","1kmE3842N3155",8974.748766
"2114","1kmE3842N3156",2588.945067
"2115","1kmE3843N3094",4235.1087305
"2116","1kmE3843N3095",5702.3509635
"2117","1kmE3843N3096",5577.149971
"2118","1kmE3843N3097",9497.593145
"2119","1kmE3843N3098",8797.507517
"2120","1kmE3843N3099",9062.8187125
"2121","1kmE3843N3100",5782.11864
"2122","1kmE3843N3101",3797.2683035
"2123","1kmE3843N3102",2276.322876
"2124","1kmE3843N3103",3797.219784
"2125","1kmE3843N3104",4535.776685
"2126","1kmE3843N3105",5530.004412
"2127","1kmE3843N3106",5221.842762
"2128","1kmE3843N3107",2384.18088
"2129","1kmE3843N3108",205.016391
"2130","1kmE3843N3109",3474.543469
"2131","1kmE3843N3110",7000.3100525
"2132","1kmE3843N3111",6827.01734
"2133","1kmE3843N3112",8896.575734
"2134","1kmE3843N3113",4798.1967345
"2135","1kmE3843N3114",3633.6109905
"2136","1kmE3843N3115",3495.608152
"2137","1kmE3843N3116",4382.7922825
"2138","1kmE3843N3117",3331.8386325
"2139","1kmE3843N3118",6850.60187
"2140","1kmE3843N3119",5333.9642075
"2141","1kmE3843N3120",3770.1396185
"2142","1kmE3843N3121",7138.0586115
"2143","1kmE3843N3122",2031.1784795
"2144","1kmE3843N3123",2928.5049805
"2145","1kmE3843N3124",2842.4626165
"2146","1kmE3843N3125",5611.2049675
"2147","1kmE3843N3126",2461.3707315
"2148","1kmE3843N3127",3520.605733
"2149","1kmE3843N3128",4118.1891775
"2150","1kmE3843N3129",8509.9667815
"2151","1kmE3843N3130",2801.58492
"2152","1kmE3843N3131",3769.692762
"2153","1kmE3843N3132",4382.641375
"2154","1kmE3843N3133",6540.030829
"2155","1kmE3843N3134",7624.38871
"2156","1kmE3843N3135",9008.8374075
"2157","1kmE3843N3136",2472.190075
"2158","1kmE3843N3137",6709.011484
"2159","1kmE3843N3138",11230.8769255
"2160","1kmE3843N3139",12881.153831
"2161","1kmE3843N3140",9843.811812
"2162","1kmE3843N3141",6026.526094
"2163","1kmE3843N3142",3836.244247
"2164","1kmE3843N3143",6813.92166
"2165","1kmE3843N3144",8615.877908
"2166","1kmE3843N3145",10727.3399215
"2167","1kmE3843N3146",10339.846037
"2168","1kmE3843N3147",9771.531867
"2169","1kmE3843N3148",2330.33748
"2170","1kmE3843N3149",2871.787329
"2171","1kmE3843N3150",4799.547769
"2172","1kmE3843N3151",4350.2096565
"2173","1kmE3843N3152",8776.094437
"2174","1kmE3843N3153",10507.325936
"2175","1kmE3843N3154",6845.3012525
"2176","1kmE3843N3155",7133.07897
"2177","1kmE3843N3156",9634.6990415
"2178","1kmE3843N3157",3732.7057105
"2179","1kmE3844N3093",5077.0265175
"2180","1kmE3844N3094",5081.5784875
"2181","1kmE3844N3095",2379.603392
"2182","1kmE3844N3096",2903.1022585
"2183","1kmE3844N3097",3410.298285
"2184","1kmE3844N3098",5438.2068975
"2185","1kmE3844N3099",9975.482218
"2186","1kmE3844N3100",13997.2635325
"2187","1kmE3844N3101",13056.639665
"2188","1kmE3844N3102",5760.0648155
"2189","1kmE3844N3103",8353.2968105
"2190","1kmE3844N3104",3193.4246135
"2191","1kmE3844N3105",3167.6605315
"2192","1kmE3844N3106",1550.5460555
"2193","1kmE3844N3107",4346.813944
"2194","1kmE3844N3108",4402.8168135
"2195","1kmE3844N3109",2706.592753
"2196","1kmE3844N3110",5660.5817805
"2197","1kmE3844N3111",9807.6899795
"2198","1kmE3844N3112",11983.362865
"2199","1kmE3844N3113",4379.9864365
"2200","1kmE3844N3114",3959.9893045
"2201","1kmE3844N3115",4735.9870125
"2202","1kmE3844N3116",2151.003774
"2203","1kmE3844N3117",5367.52775
"2204","1kmE3844N3118",8251.738693
"2205","1kmE3844N3119",5798.1853625
"2206","1kmE3844N3120",7152.4727365
"2207","1kmE3844N3121",6302.237723
"2208","1kmE3844N3122",6256.640019
"2209","1kmE3844N3123",8730.3994865
"2210","1kmE3844N3124",1572.723661
"2211","1kmE3844N3125",3925.210794
"2212","1kmE3844N3126",6019.6037325
"2213","1kmE3844N3127",6667.7850395
"2214","1kmE3844N3128",5031.8171415
"2215","1kmE3844N3129",4291.441049
"2216","1kmE3844N3130",1150.19981
"2217","1kmE3844N3131",5148.500872
"2218","1kmE3844N3132",7351.514221
"2219","1kmE3844N3133",8312.711679
"2220","1kmE3844N3134",12446.9822475
"2221","1kmE3844N3135",12041.9932785
"2222","1kmE3844N3136",5256.8842075
"2223","1kmE3844N3137",7578.795025
"2224","1kmE3844N3138",9839.3932155
"2225","1kmE3844N3139",11466.6983465
"2226","1kmE3844N3140",6957.5787305
"2227","1kmE3844N3141",5467.651656
"2228","1kmE3844N3142",3787.387019
"2229","1kmE3844N3143",5324.3746095
"2230","1kmE3844N3144",9583.0294685
"2231","1kmE3844N3145",7945.752363
"2232","1kmE3844N3146",7173.323134
"2233","1kmE3844N3147",4764.011565
"2234","1kmE3844N3148",1470.7043895
"2235","1kmE3844N3149",3997.908337
"2236","1kmE3844N3150",6177.178995
"2237","1kmE3844N3151",2608.6257155
"2238","1kmE3844N3152",4873.8242445
"2239","1kmE3844N3153",7689.4445965
"2240","1kmE3844N3154",1723.1431
"2241","1kmE3844N3155",4920.310179
"2242","1kmE3844N3156",13322.576962
"2243","1kmE3844N3157",15521.820762
"2244","1kmE3845N3093",3578.012788
"2245","1kmE3845N3094",5074.8495535
"2246","1kmE3845N3095",4277.6266325
"2247","1kmE3845N3096",5264.93349
"2248","1kmE3845N3097",6819.6219425
"2249","1kmE3845N3098",8878.9724485
"2250","1kmE3845N3099",8806.8196405
"2251","1kmE3845N3100",11278.300453
"2252","1kmE3845N3101",12366.440773
"2253","1kmE3845N3102",9877.612687
"2254","1kmE3845N3103",8110.6682385
"2255","1kmE3845N3104",382.5064855
"2256","1kmE3845N3105",889.887918
"2257","1kmE3845N3106",5873.195701
"2258","1kmE3845N3107",6068.56296
"2259","1kmE3845N3108",4317.9548435
"2260","1kmE3845N3109",4074.296103
"2261","1kmE3845N3110",5988.776187
"2262","1kmE3845N3111",14732.826553
"2263","1kmE3845N3112",16196.9998795
"2264","1kmE3845N3113",10310.4818735
"2265","1kmE3845N3114",4597.58146
"2266","1kmE3845N3115",9632.194199
"2267","1kmE3845N3116",8873.9765965
"2268","1kmE3845N3117",2578.765966
"2269","1kmE3845N3118",3196.9285965
"2270","1kmE3845N3119",6332.6416235
"2271","1kmE3845N3120",8379.1750305
"2272","1kmE3845N3121",4857.1077715
"2273","1kmE3845N3122",7967.315999
"2274","1kmE3845N3123",9402.2344135
"2275","1kmE3845N3124",4248.476145
"2276","1kmE3845N3125",5607.3647415
"2277","1kmE3845N3126",6369.447094
"2278","1kmE3845N3127",2669.271814
"2279","1kmE3845N3128",5898.6120485
"2280","1kmE3845N3129",5431.3669065
"2281","1kmE3845N3130",2508.2249985
"2282","1kmE3845N3131",5311.5880625
"2283","1kmE3845N3132",7719.2799975
"2284","1kmE3845N3133",5666.246704
"2285","1kmE3845N3134",12163.0107685
"2286","1kmE3845N3135",12500.025207
"2287","1kmE3845N3136",5747.4357515
"2288","1kmE3845N3137",8546.468326
"2289","1kmE3845N3138",12196.5656625
"2290","1kmE3845N3139",13691.561945
"2291","1kmE3845N3140",13637.4422555
"2292","1kmE3845N3141",9456.661923
"2293","1kmE3845N3142",3355.55408
"2294","1kmE3845N3143",9527.636289
"2295","1kmE3845N3144",12776.7215045
"2296","1kmE3845N3145",9405.747514
"2297","1kmE3845N3146",6302.171024
"2298","1kmE3845N3147",5241.3811925
"2299","1kmE3845N3148",4816.028459
"2300","1kmE3845N3149",5078.7622105
"2301","1kmE3845N3150",3341.595147
"2302","1kmE3845N3151",4114.0473885
"2303","1kmE3845N3152",9374.762816
"2304","1kmE3845N3153",11256.7644935
"2305","1kmE3845N3154",1023.2554
"2306","1kmE3845N3155",2195.251063
"2307","1kmE3845N3156",13626.7196045
"2308","1kmE3845N3157",16163.7112215
"2309","1kmE3845N3158",3825.1228725
"2310","1kmE3845N3159",4275.1463935
"2311","1kmE3845N3160",608.6672775
"2312","1kmE3846N3092",633.269701
"2313","1kmE3846N3093",2883.535073
"2314","1kmE3846N3094",3431.386938
"2315","1kmE3846N3095",6358.3596845
"2316","1kmE3846N3096",5827.8685455
"2317","1kmE3846N3097",10433.1444575
"2318","1kmE3846N3098",9566.3774195
"2319","1kmE3846N3099",5071.455017
"2320","1kmE3846N3100",9482.1202805
"2321","1kmE3846N3101",11504.5484855
"2322","1kmE3846N3102",7477.8889675
"2323","1kmE3846N3103",4867.2167405
"2324","1kmE3846N3104",5504.8703245
"2325","1kmE3846N3105",5673.9485345
"2326","1kmE3846N3106",5253.3920175
"2327","1kmE3846N3107",6599.4075725
"2328","1kmE3846N3108",3994.982316
"2329","1kmE3846N3109",3080.9047175
"2330","1kmE3846N3110",5324.5307145
"2331","1kmE3846N3111",10371.977134
"2332","1kmE3846N3112",10544.7225935
"2333","1kmE3846N3113",2870.9693845
"2334","1kmE3846N3114",6424.65001
"2335","1kmE3846N3115",14006.687029
"2336","1kmE3846N3116",17345.391108
"2337","1kmE3846N3117",10287.05508
"2338","1kmE3846N3118",5769.994898
"2339","1kmE3846N3119",6730.485222
"2340","1kmE3846N3120",4242.067874
"2341","1kmE3846N3121",5275.011743
"2342","1kmE3846N3122",4707.637863
"2343","1kmE3846N3123",1243.41417
"2344","1kmE3846N3124",1793.003992
"2345","1kmE3846N3125",4515.143487
"2346","1kmE3846N3126",4868.2141295
"2347","1kmE3846N3127",7528.1274765
"2348","1kmE3846N3128",8374.358003
"2349","1kmE3846N3129",7893.150742
"2350","1kmE3846N3130",7601.455451
"2351","1kmE3846N3131",4144.8776765
"2352","1kmE3846N3132",7342.3386495
"2353","1kmE3846N3133",9202.1663565
"2354","1kmE3846N3134",9343.3040705
"2355","1kmE3846N3135",8244.824228
"2356","1kmE3846N3136",6783.5130895
"2357","1kmE3846N3137",12673.221152
"2358","1kmE3846N3138",13412.8771775
"2359","1kmE3846N3139",12343.1766165
"2360","1kmE3846N3140",11875.8801545
"2361","1kmE3846N3141",5385.0368375
"2362","1kmE3846N3142",3908.5767305
"2363","1kmE3846N3143",5545.3398805
"2364","1kmE3846N3144",9425.822675
"2365","1kmE3846N3145",7987.778463
"2366","1kmE3846N3146",6482.2878235
"2367","1kmE3846N3147",6141.7573945
"2368","1kmE3846N3148",12161.0075025
"2369","1kmE3846N3149",13272.7765755
"2370","1kmE3846N3150",2319.4046035
"2371","1kmE3846N3151",2614.7371345
"2372","1kmE3846N3152",8116.443073
"2373","1kmE3846N3153",9429.5463595
"2374","1kmE3846N3154",1913.9515225
"2375","1kmE3846N3155",7264.5080115
"2376","1kmE3846N3156",15872.1586215
"2377","1kmE3846N3157",17118.01264
"2378","1kmE3846N3158",9572.813023
"2379","1kmE3846N3159",6886.038444
"2380","1kmE3846N3160",3051.166552
"2381","1kmE3847N3092",754.767206499999
"2382","1kmE3847N3093",4516.2138735
"2383","1kmE3847N3094",3227.817054
"2384","1kmE3847N3095",6865.407539
"2385","1kmE3847N3096",4726.356275
"2386","1kmE3847N3097",3622.768298
"2387","1kmE3847N3098",11479.3476235
"2388","1kmE3847N3099",8071.658816
"2389","1kmE3847N3100",5967.1194925
"2390","1kmE3847N3101",11115.213042
"2391","1kmE3847N3102",11102.614838
"2392","1kmE3847N3103",5735.900864
"2393","1kmE3847N3104",8192.9311915
"2394","1kmE3847N3105",5161.7231605
"2395","1kmE3847N3106",1248.4687775
"2396","1kmE3847N3107",4417.859056
"2397","1kmE3847N3108",5200.1314155
"2398","1kmE3847N3109",4660.634708
"2399","1kmE3847N3110",9682.3234555
"2400","1kmE3847N3111",10604.890241
"2401","1kmE3847N3112",6323.69672
"2402","1kmE3847N3113",6737.990494
"2403","1kmE3847N3114",5600.5135105
"2404","1kmE3847N3115",7162.946528
"2405","1kmE3847N3116",8820.5820955
"2406","1kmE3847N3117",6023.5433555
"2407","1kmE3847N3118",4710.4358135
"2408","1kmE3847N3119",4410.49614
"2409","1kmE3847N3120",205.01639
"2410","1kmE3847N3121",3758.0956285
"2411","1kmE3847N3122",7111.753267
"2412","1kmE3847N3123",5189.425863
"2413","1kmE3847N3124",3376.4877395
"2414","1kmE3847N3125",3879.001731
"2415","1kmE3847N3126",1759.2997035
"2416","1kmE3847N3127",2611.464181
"2417","1kmE3847N3128",5016.908658
"2418","1kmE3847N3129",9832.2771635
"2419","1kmE3847N3130",10719.995121
"2420","1kmE3847N3131",4752.981209
"2421","1kmE3847N3132",5274.340631
"2422","1kmE3847N3133",11467.134562
"2423","1kmE3847N3134",10493.0451745
"2424","1kmE3847N3135",8479.2486135
"2425","1kmE3847N3136",5042.608073
"2426","1kmE3847N3137",8988.381425
"2427","1kmE3847N3138",13045.835788
"2428","1kmE3847N3139",9836.591985
"2429","1kmE3847N3140",8307.0752455
"2430","1kmE3847N3141",10997.255823
"2431","1kmE3847N3142",12599.387309
"2432","1kmE3847N3143",10729.352272
"2433","1kmE3847N3144",8188.8015695
"2434","1kmE3847N3145",11397.2103355
"2435","1kmE3847N3146",11784.1910975
"2436","1kmE3847N3147",11902.938335
"2437","1kmE3847N3148",14286.6971685
"2438","1kmE3847N3149",16525.938959
"2439","1kmE3847N3150",9584.1537325
"2440","1kmE3847N3151",10198.6524915
"2441","1kmE3847N3152",11175.6497505
"2442","1kmE3847N3153",12087.838685
"2443","1kmE3847N3154",8898.3948215
"2444","1kmE3847N3155",8707.156302
"2445","1kmE3847N3156",13348.8121485
"2446","1kmE3847N3157",15534.5547575
"2447","1kmE3847N3158",9750.523572
"2448","1kmE3847N3159",3309.0017945
"2449","1kmE3847N3160",2558.079898
"2450","1kmE3847N3161",581.38654
"2451","1kmE3848N3092",883.0076595
"2452","1kmE3848N3093",5386.682501
"2453","1kmE3848N3094",10781.7377305
"2454","1kmE3848N3095",10313.878353
"2455","1kmE3848N3096",7521.666587
"2456","1kmE3848N3097",4358.457534
"2457","1kmE3848N3098",15816.6672345
"2458","1kmE3848N3099",11750.225172
"2459","1kmE3848N3100",6188.521932
"2460","1kmE3848N3101",11167.083594
"2461","1kmE3848N3102",12994.7992755
"2462","1kmE3848N3103",13235.584161
"2463","1kmE3848N3104",7053.2657605
"2464","1kmE3848N3105",6513.9420305
"2465","1kmE3848N3106",8574.4466855
"2466","1kmE3848N3107",4550.920923
"2467","1kmE3848N3108",2453.483807
"2468","1kmE3848N3109",4113.879526
"2469","1kmE3848N3110",9240.8276195
"2470","1kmE3848N3111",7467.7247625
"2471","1kmE3848N3112",2542.181315
"2472","1kmE3848N3113",3769.4985835
"2473","1kmE3848N3114",6485.0083065
"2474","1kmE3848N3115",2995.2186775
"2475","1kmE3848N3117",745.899169999999
"2476","1kmE3848N3118",1569.243728
"2477","1kmE3848N3119",5973.2108145
"2478","1kmE3848N3120",3486.6575255
"2479","1kmE3848N3121",3786.87703
"2480","1kmE3848N3122",8657.1552295
"2481","1kmE3848N3123",6129.3551025
"2482","1kmE3848N3124",2561.8462165
"2483","1kmE3848N3125",5608.571858
"2484","1kmE3848N3126",3797.0639365
"2485","1kmE3848N3127",4520.6498685
"2486","1kmE3848N3128",8559.749104
"2487","1kmE3848N3129",7453.921547
"2488","1kmE3848N3130",8802.5098715
"2489","1kmE3848N3131",8458.011689
"2490","1kmE3848N3132",2862.7565785
"2491","1kmE3848N3133",10065.3378465
"2492","1kmE3848N3134",11309.8890805
"2493","1kmE3848N3135",10301.4270885
"2494","1kmE3848N3136",12581.652551
"2495","1kmE3848N3137",9763.7598625
"2496","1kmE3848N3138",8463.8408685
"2497","1kmE3848N3139",13647.84196
"2498","1kmE3848N3140",14606.02815
"2499","1kmE3848N3141",13444.8118455
"2500","1kmE3848N3142",14626.1958315
"2501","1kmE3848N3143",12439.179306
"2502","1kmE3848N3144",15713.9301795
"2503","1kmE3848N3145",13704.9009405
"2504","1kmE3848N3146",12602.7529005
"2505","1kmE3848N3147",13647.521844
"2506","1kmE3848N3148",12165.9389295
"2507","1kmE3848N3149",11620.6232875
"2508","1kmE3848N3150",15023.469959
"2509","1kmE3848N3151",16116.3730315
"2510","1kmE3848N3152",12648.354165
"2511","1kmE3848N3153",9756.6178865
"2512","1kmE3848N3154",7579.208656
"2513","1kmE3848N3155",9711.8115205
"2514","1kmE3848N3156",10499.679204
"2515","1kmE3848N3157",11485.6421775
"2516","1kmE3848N3158",10850.105451
"2517","1kmE3848N3159",1338.9195825
"2518","1kmE3848N3160",1885.4019045
"2519","1kmE3848N3161",2355.2248665
"2520","1kmE3849N3091",403.8964455
"2521","1kmE3849N3092",633.269701
"2522","1kmE3849N3093",3961.514546
"2523","1kmE3849N3094",13781.77142
"2524","1kmE3849N3095",10268.5980365
"2525","1kmE3849N3096",6006.125076
"2526","1kmE3849N3097",3253.3631575
"2527","1kmE3849N3098",12330.831779
"2528","1kmE3849N3099",9915.2587775
"2529","1kmE3849N3100",9904.551368
"2530","1kmE3849N3101",8277.4020815
"2531","1kmE3849N3102",12341.6081325
"2532","1kmE3849N3103",12506.6728985
"2533","1kmE3849N3104",8738.8840585
"2534","1kmE3849N3105",3681.030559
"2535","1kmE3849N3106",7685.547323
"2536","1kmE3849N3107",5415.799209
"2537","1kmE3849N3108",1086.5792225
"2538","1kmE3849N3109",3917.0152955
"2539","1kmE3849N3110",12099.919656
"2540","1kmE3849N3111",9730.999993
"2541","1kmE3849N3112",5398.0420725
"2542","1kmE3849N3113",9111.5715785
"2543","1kmE3849N3114",10651.495281
"2544","1kmE3849N3115",5827.5151695
"2545","1kmE3849N3116",986.965710499999
"2546","1kmE3849N3117",5493.5564815
"2547","1kmE3849N3118",6563.0574065
"2548","1kmE3849N3119",4938.91188
"2549","1kmE3849N3120",2804.6453785
"2550","1kmE3849N3121",4898.5284955
"2551","1kmE3849N3122",6378.885673
"2552","1kmE3849N3123",5245.664043
"2553","1kmE3849N3124",3813.4100055
"2554","1kmE3849N3125",2407.092835
"2555","1kmE3849N3126",5688.4745755
"2556","1kmE3849N3127",4503.647574
"2557","1kmE3849N3128",7317.2411255
"2558","1kmE3849N3129",4065.1768475
"2559","1kmE3849N3130",5821.9039485
"2560","1kmE3849N3131",7775.9860335
"2561","1kmE3849N3132",3953.928776
"2562","1kmE3849N3133",4852.7824885
"2563","1kmE3849N3134",6020.561605
"2564","1kmE3849N3135",9419.282083
"2565","1kmE3849N3136",11098.4183025
"2566","1kmE3849N3137",16672.1941405
"2567","1kmE3849N3138",13960.50294
"2568","1kmE3849N3139",16946.892918
"2569","1kmE3849N3140",17584.984457
"2570","1kmE3849N3141",16020.75675
"2571","1kmE3849N3142",10449.8058725
"2572","1kmE3849N3143",7829.9433635
"2573","1kmE3849N3144",13085.6465795
"2574","1kmE3849N3145",12424.110548
"2575","1kmE3849N3146",9394.9961465
"2576","1kmE3849N3147",9901.1790355
"2577","1kmE3849N3148",9901.01468
"2578","1kmE3849N3149",7633.8849225
"2579","1kmE3849N3150",7722.7701685
"2580","1kmE3849N3151",9273.9525
"2581","1kmE3849N3152",7622.5298895
"2582","1kmE3849N3153",9697.3963835
"2583","1kmE3849N3154",8206.754543
"2584","1kmE3849N3155",5553.189545
"2585","1kmE3849N3156",11283.521203
"2586","1kmE3849N3157",15396.081357
"2587","1kmE3849N3158",16076.015069
"2588","1kmE3849N3159",8554.131965
"2589","1kmE3849N3160",1374.031112
"2590","1kmE3850N3088",1213.275589
"2591","1kmE3850N3089",2463.510892
"2592","1kmE3850N3090",2568.547013
"2593","1kmE3850N3091",6540.807288
"2594","1kmE3850N3092",3778.0895445
"2595","1kmE3850N3093",1486.999156
"2596","1kmE3850N3094",9635.992388
"2597","1kmE3850N3095",4930.447411
"2598","1kmE3850N3096",871.0045475
"2599","1kmE3850N3097",723.970439
"2600","1kmE3850N3098",4183.199839
"2601","1kmE3850N3099",2977.1215955
"2602","1kmE3850N3100",10273.8991685
"2603","1kmE3850N3101",13723.171881
"2604","1kmE3850N3102",18257.348236
"2605","1kmE3850N3103",13830.0163675
"2606","1kmE3850N3104",13091.098774
"2607","1kmE3850N3105",5158.9702115
"2608","1kmE3850N3106",8395.5212955
"2609","1kmE3850N3107",4055.699186
"2610","1kmE3850N3109",4620.499146
"2611","1kmE3850N3110",9675.9343375
"2612","1kmE3850N3111",4030.22063
"2613","1kmE3850N3112",5201.1520865
"2614","1kmE3850N3113",4057.9523155
"2615","1kmE3850N3114",3158.28518
"2616","1kmE3850N3115",9016.0129035
"2617","1kmE3850N3116",9096.211114
"2618","1kmE3850N3117",5035.1796525
"2619","1kmE3850N3118",7000.100139
"2620","1kmE3850N3119",3032.3717105
"2621","1kmE3850N3120",1370.676892
"2622","1kmE3850N3121",691.79594
"2623","1kmE3850N3122",643.7578735
"2624","1kmE3850N3123",7355.1381365
"2625","1kmE3850N3124",8693.8921445
"2626","1kmE3850N3125",4886.8393105
"2627","1kmE3850N3126",6280.0561645
"2628","1kmE3850N3127",3155.7778165
"2629","1kmE3850N3128",2264.0118205
"2630","1kmE3850N3129",755.6168965
"2631","1kmE3850N3130",5707.613085
"2632","1kmE3850N3131",11182.3094655
"2633","1kmE3850N3132",10123.4401465
"2634","1kmE3850N3133",9717.286805
"2635","1kmE3850N3134",7800.048886
"2636","1kmE3850N3135",2950.831059
"2637","1kmE3850N3136",9675.228671
"2638","1kmE3850N3137",16963.6152555
"2639","1kmE3850N3138",15798.565751
"2640","1kmE3850N3139",11954.338944
"2641","1kmE3850N3140",13735.062129
"2642","1kmE3850N3141",13554.1541155
"2643","1kmE3850N3142",11128.44952
"2644","1kmE3850N3143",12298.1559315
"2645","1kmE3850N3144",11155.4017335
"2646","1kmE3850N3145",8364.285622
"2647","1kmE3850N3146",11671.0471365
"2648","1kmE3850N3147",11456.038722
"2649","1kmE3850N3148",8352.7267515
"2650","1kmE3850N3149",9226.521586
"2651","1kmE3850N3150",5534.8549795
"2652","1kmE3850N3151",3334.836579
"2653","1kmE3850N3152",8939.9887515
"2654","1kmE3850N3153",8744.8048405
"2655","1kmE3850N3154",7096.9268815
"2656","1kmE3850N3155",10050.146405
"2657","1kmE3850N3156",11024.3741485
"2658","1kmE3850N3157",14233.663085
"2659","1kmE3850N3158",14364.94449
"2660","1kmE3850N3159",8605.6048125
"2661","1kmE3850N3160",763.251071
"2662","1kmE3851N3088",4852.600928
"2663","1kmE3851N3089",9725.4241385
"2664","1kmE3851N3090",3532.2294565
"2665","1kmE3851N3091",10518.879597
"2666","1kmE3851N3092",9561.959454
"2667","1kmE3851N3093",3796.154817
"2668","1kmE3851N3094",5566.572825
"2669","1kmE3851N3095",1324.378258
"2670","1kmE3851N3096",550.5897725
"2671","1kmE3851N3097",5789.5500095
"2672","1kmE3851N3098",8865.510856
"2673","1kmE3851N3099",5608.4393395
"2674","1kmE3851N3100",10747.4739735
"2675","1kmE3851N3101",12319.849035
"2676","1kmE3851N3102",20492.6953365
"2677","1kmE3851N3103",15934.720698
"2678","1kmE3851N3104",9835.038115
"2679","1kmE3851N3105",10703.2788295
"2680","1kmE3851N3106",14790.7846475
"2681","1kmE3851N3107",6487.959345
"2682","1kmE3851N3108",951.594888999999
"2683","1kmE3851N3109",6013.4199905
"2684","1kmE3851N3110",7954.859456
"2685","1kmE3851N3111",3189.476452
"2686","1kmE3851N3112",3017.507532
"2687","1kmE3851N3113",882.401789499999
"2688","1kmE3851N3114",395.0284085
"2689","1kmE3851N3115",4481.531346
"2690","1kmE3851N3116",3727.2259385
"2691","1kmE3851N3117",6943.9032625
"2692","1kmE3851N3118",5609.26886
"2693","1kmE3851N3119",3556.3474015
"2694","1kmE3851N3120",6476.678962
"2695","1kmE3851N3121",4312.7775335
"2696","1kmE3851N3122",2995.494814
"2697","1kmE3851N3123",6116.863887
"2698","1kmE3851N3124",9836.3388245
"2699","1kmE3851N3125",5275.6653285
"2700","1kmE3851N3126",3639.7115665
"2701","1kmE3851N3127",373.0996755
"2702","1kmE3851N3128",933.1069945
"2703","1kmE3851N3129",7397.2162795
"2704","1kmE3851N3130",8932.3298155
"2705","1kmE3851N3131",10711.958788
"2706","1kmE3851N3132",12188.953496
"2707","1kmE3851N3133",11927.586748
"2708","1kmE3851N3134",8865.5849165
"2709","1kmE3851N3135",4537.323832
"2710","1kmE3851N3136",6758.336657
"2711","1kmE3851N3137",12136.7129835
"2712","1kmE3851N3138",10173.649759
"2713","1kmE3851N3139",6328.4616065
"2714","1kmE3851N3140",13046.7288045
"2715","1kmE3851N3141",12812.6161695
"2716","1kmE3851N3142",16884.195197
"2717","1kmE3851N3143",14168.419433
"2718","1kmE3851N3144",8072.7428155
"2719","1kmE3851N3145",7204.572699
"2720","1kmE3851N3146",10945.5320905
"2721","1kmE3851N3147",11953.8735755
"2722","1kmE3851N3148",13615.4795535
"2723","1kmE3851N3149",9394.90461
"2724","1kmE3851N3150",4758.9462335
"2725","1kmE3851N3151",5980.969205
"2726","1kmE3851N3152",8778.0594165
"2727","1kmE3851N3153",10929.877067
"2728","1kmE3851N3154",8733.547601
"2729","1kmE3851N3155",7575.1966755
"2730","1kmE3851N3156",3383.4426535
"2731","1kmE3851N3157",9148.245786
"2732","1kmE3851N3158",14406.0658875
"2733","1kmE3851N3159",9439.688727
"2734","1kmE3852N3087",4474.524366
"2735","1kmE3852N3088",9651.330914
"2736","1kmE3852N3089",6850.4980105
"2737","1kmE3852N3090",3910.157486
"2738","1kmE3852N3091",10408.8446195
"2739","1kmE3852N3092",9288.079184
"2740","1kmE3852N3093",2650.0296955
"2741","1kmE3852N3094",2691.280552
"2742","1kmE3852N3095",1053.464574
"2743","1kmE3852N3096",2194.4069565
"2744","1kmE3852N3097",9838.28453
"2745","1kmE3852N3098",5412.690675
"2746","1kmE3852N3099",8885.3318915
"2747","1kmE3852N3100",11561.4499845
"2748","1kmE3852N3101",9537.4763875
"2749","1kmE3852N3102",15878.1073515
"2750","1kmE3852N3103",13070.9034845
"2751","1kmE3852N3104",9931.5808225
"2752","1kmE3852N3105",8837.449732
"2753","1kmE3852N3106",14049.8697705
"2754","1kmE3852N3107",13762.3864125
"2755","1kmE3852N3108",8986.186434
"2756","1kmE3852N3109",5873.9901395
"2757","1kmE3852N3110",10702.479492
"2758","1kmE3852N3111",7926.751255
"2759","1kmE3852N3112",8711.7529085
"2760","1kmE3852N3113",1865.9291705
"2761","1kmE3852N3114",1213.232562
"2762","1kmE3852N3115",1089.4492095
"2763","1kmE3852N3116",4042.2944275
"2764","1kmE3852N3117",8665.997393
"2765","1kmE3852N3118",11511.878621
"2766","1kmE3852N3119",6700.816522
"2767","1kmE3852N3120",11444.1761235
"2768","1kmE3852N3121",6004.352273
"2769","1kmE3852N3122",6510.6875785
"2770","1kmE3852N3123",2749.082874
"2771","1kmE3852N3124",2703.277621
"2772","1kmE3852N3125",2209.3279965
"2773","1kmE3852N3126",8350.8021515
"2774","1kmE3852N3127",2626.38111
"2775","1kmE3852N3128",3346.394344
"2776","1kmE3852N3129",5060.0323495
"2777","1kmE3852N3130",6349.2268945
"2778","1kmE3852N3131",8205.801993
"2779","1kmE3852N3132",10983.4398385
"2780","1kmE3852N3133",10531.4760875
"2781","1kmE3852N3134",5234.467948
"2782","1kmE3852N3135",10808.487595
"2783","1kmE3852N3136",9063.926402
"2784","1kmE3852N3137",13674.6896505
"2785","1kmE3852N3138",10387.3845865
"2786","1kmE3852N3139",7237.364968
"2787","1kmE3852N3140",7823.551568
"2788","1kmE3852N3141",11554.2481635
"2789","1kmE3852N3142",17817.529537
"2790","1kmE3852N3143",15545.0995645
"2791","1kmE3852N3144",8617.6393015
"2792","1kmE3852N3145",3461.4806585
"2793","1kmE3852N3146",6004.3205125
"2794","1kmE3852N3147",10901.3525275
"2795","1kmE3852N3148",16802.596201
"2796","1kmE3852N3149",13838.3241725
"2797","1kmE3852N3150",8046.81643
"2798","1kmE3852N3151",9915.29017
"2799","1kmE3852N3152",7652.9430415
"2800","1kmE3852N3153",6627.974466
"2801","1kmE3852N3154",3396.2972065
"2802","1kmE3852N3155",1716.6200705
"2803","1kmE3852N3156",1496.4737745
"2804","1kmE3852N3157",8612.830773
"2805","1kmE3852N3158",14723.520817
"2806","1kmE3852N3159",9788.078488
"2807","1kmE3853N3088",5068.250341
"2808","1kmE3853N3089",3587.651431
"2809","1kmE3853N3090",2818.971405
"2810","1kmE3853N3091",9136.044048
"2811","1kmE3853N3092",6200.3292875
"2812","1kmE3853N3093",3536.5918975
"2813","1kmE3853N3094",9506.653302
"2814","1kmE3853N3095",12540.1783445
"2815","1kmE3853N3096",9970.5343625
"2816","1kmE3853N3097",9015.1307795
"2817","1kmE3853N3098",5302.583846
"2818","1kmE3853N3099",7232.6589235
"2819","1kmE3853N3100",3784.705415
"2820","1kmE3853N3101",7868.5924035
"2821","1kmE3853N3102",11503.834261
"2822","1kmE3853N3103",13518.0681815
"2823","1kmE3853N3104",14619.5252165
"2824","1kmE3853N3105",10589.9221945
"2825","1kmE3853N3106",5801.857678
"2826","1kmE3853N3107",14290.666756
"2827","1kmE3853N3108",12705.340949
"2828","1kmE3853N3109",6568.8873485
"2829","1kmE3853N3110",6745.809063
"2830","1kmE3853N3111",8817.6680865
"2831","1kmE3853N3112",9119.598274
"2832","1kmE3853N3113",4085.232349
"2833","1kmE3853N3114",6579.784731
"2834","1kmE3853N3115",1366.3034085
"2835","1kmE3853N3116",567.5752685
"2836","1kmE3853N3117",3595.91735
"2837","1kmE3853N3118",8622.383861
"2838","1kmE3853N3119",11622.471565
"2839","1kmE3853N3120",9154.8903675
"2840","1kmE3853N3121",3083.2596735
"2841","1kmE3853N3122",4748.226165
"2842","1kmE3853N3123",2184.305597
"2843","1kmE3853N3124",5089.1838535
"2844","1kmE3853N3125",2549.125875
"2845","1kmE3853N3126",2013.6148265
"2846","1kmE3853N3127",3793.678388
"2847","1kmE3853N3128",8009.8365335
"2848","1kmE3853N3129",5889.1657435
"2849","1kmE3853N3130",10751.1106735
"2850","1kmE3853N3131",10831.748342
"2851","1kmE3853N3132",12783.9481195
"2852","1kmE3853N3133",6435.3930315
"2853","1kmE3853N3134",5807.668052
"2854","1kmE3853N3135",14335.145038
"2855","1kmE3853N3136",7831.367079
"2856","1kmE3853N3137",4137.2443415
"2857","1kmE3853N3138",5618.96766
"2858","1kmE3853N3139",4909.045809
"2859","1kmE3853N3140",10467.8879525
"2860","1kmE3853N3141",14524.846285
"2861","1kmE3853N3142",15742.776271
"2862","1kmE3853N3143",13235.1887525
"2863","1kmE3853N3144",10767.5844465
"2864","1kmE3853N3145",5222.0327585
"2865","1kmE3853N3146",8750.078995
"2866","1kmE3853N3147",10135.072245
"2867","1kmE3853N3148",13786.4778145
"2868","1kmE3853N3149",14219.574661
"2869","1kmE3853N3150",11958.926628
"2870","1kmE3853N3151",7348.667328
"2871","1kmE3853N3152",4908.4139705
"2872","1kmE3853N3153",8156.7560505
"2873","1kmE3853N3154",6463.743472
"2874","1kmE3853N3155",7420.058225
"2875","1kmE3853N3156",2992.1070815
"2876","1kmE3853N3157",10805.9739875
"2877","1kmE3853N3158",11752.511754
"2878","1kmE3853N3159",5199.595192
"2879","1kmE3854N3089",8423.531523
"2880","1kmE3854N3090",5408.0070805
"2881","1kmE3854N3091",3824.4158955
"2882","1kmE3854N3092",3927.9199355
"2883","1kmE3854N3093",5463.094864
"2884","1kmE3854N3094",13871.9999765
"2885","1kmE3854N3095",17898.0874035
"2886","1kmE3854N3096",13137.3315935
"2887","1kmE3854N3097",8199.1050305
"2888","1kmE3854N3098",9541.990087
"2889","1kmE3854N3099",10564.6034885
"2890","1kmE3854N3100",8162.7300825
"2891","1kmE3854N3101",12312.2116315
"2892","1kmE3854N3102",9412.614593
"2893","1kmE3854N3103",12229.6917565
"2894","1kmE3854N3104",11454.3373165
"2895","1kmE3854N3105",9186.581944
"2896","1kmE3854N3106",8275.1540615
"2897","1kmE3854N3107",8979.3924605
"2898","1kmE3854N3108",11336.7885655
"2899","1kmE3854N3109",9960.7615825
"2900","1kmE3854N3110",4387.324436
"2901","1kmE3854N3111",378.3970535
"2902","1kmE3854N3112",3647.9874315
"2903","1kmE3854N3113",7301.3988235
"2904","1kmE3854N3114",2948.735583
"2905","1kmE3854N3115",978.686437499999
"2906","1kmE3854N3116",593.9084625
"2907","1kmE3854N3117",1077.6612785
"2908","1kmE3854N3118",5168.005772
"2909","1kmE3854N3119",11529.3955255
"2910","1kmE3854N3120",8276.402775
"2911","1kmE3854N3121",2720.1359485
"2912","1kmE3854N3122",3434.1296165
"2913","1kmE3854N3123",1311.332709
"2914","1kmE3854N3124",751.8443715
"2915","1kmE3854N3125",1757.819053
"2916","1kmE3854N3126",2827.394413
"2917","1kmE3854N3127",10216.369719
"2918","1kmE3854N3128",11434.5970345
"2919","1kmE3854N3129",8721.850545
"2920","1kmE3854N3130",8061.401362
"2921","1kmE3854N3131",7947.26863
"2922","1kmE3854N3132",8805.720542
"2923","1kmE3854N3133",10550.8080145
"2924","1kmE3854N3134",8261.8458425
"2925","1kmE3854N3135",14764.8040835
"2926","1kmE3854N3136",5806.7246875
"2927","1kmE3854N3137",8217.038302
"2928","1kmE3854N3138",5328.321583
"2929","1kmE3854N3139",4034.2743805
"2930","1kmE3854N3140",7027.630222
"2931","1kmE3854N3141",12787.137796
"2932","1kmE3854N3142",13582.2132955
"2933","1kmE3854N3143",9545.738597
"2934","1kmE3854N3144",10983.223172
"2935","1kmE3854N3145",3382.6275985
"2936","1kmE3854N3146",5551.758482
"2937","1kmE3854N3147",9597.064392
"2938","1kmE3854N3148",7780.4696495
"2939","1kmE3854N3149",13444.31512
"2940","1kmE3854N3150",13899.1631995
"2941","1kmE3854N3151",8070.4759775
"2942","1kmE3854N3152",7493.4316265
"2943","1kmE3854N3153",10801.421283
"2944","1kmE3854N3154",5110.2088505
"2945","1kmE3854N3155",8795.0367065
"2946","1kmE3854N3156",3655.7560995
"2947","1kmE3854N3157",7823.0185545
"2948","1kmE3854N3158",11053.5631065
"2949","1kmE3854N3159",10795.223521
"2950","1kmE3854N3160",4648.0525395
"2951","1kmE3855N3089",3913.605436
"2952","1kmE3855N3090",5121.898301
"2953","1kmE3855N3091",6971.6032235
"2954","1kmE3855N3092",4926.446295
"2955","1kmE3855N3093",8098.6696765
"2956","1kmE3855N3094",11756.3198495
"2957","1kmE3855N3095",14171.789058
"2958","1kmE3855N3096",8651.487984
"2959","1kmE3855N3097",7433.919085
"2960","1kmE3855N3098",8030.1069875
"2961","1kmE3855N3099",4529.613394
"2962","1kmE3855N3100",2783.2443215
"2963","1kmE3855N3101",9367.0698335
"2964","1kmE3855N3102",9114.845066
"2965","1kmE3855N3103",13293.3601955
"2966","1kmE3855N3104",7964.8973455
"2967","1kmE3855N3105",8429.7548605
"2968","1kmE3855N3106",12673.9269625
"2969","1kmE3855N3107",11887.675093
"2970","1kmE3855N3108",11962.8388295
"2971","1kmE3855N3109",13758.474124
"2972","1kmE3855N3110",6892.692205
"2973","1kmE3855N3111",2594.3976465
"2974","1kmE3855N3112",5482.1501155
"2975","1kmE3855N3113",9492.505245
"2976","1kmE3855N3114",6691.005672
"2977","1kmE3855N3115",3224.4723205
"2978","1kmE3855N3116",2401.189057
"2979","1kmE3855N3117",6208.098525
"2980","1kmE3855N3118",6580.4494485
"2981","1kmE3855N3119",8664.1936175
"2982","1kmE3855N3120",7452.6539705
"2983","1kmE3855N3121",2622.4275895
"2984","1kmE3855N3122",5710.273654
"2985","1kmE3855N3123",1831.2196725
"2986","1kmE3855N3124",3530.221464
"2987","1kmE3855N3125",3618.174724
"2988","1kmE3855N3126",4832.835442
"2989","1kmE3855N3127",12288.7303625
"2990","1kmE3855N3128",13330.1891275
"2991","1kmE3855N3129",7923.7890465
"2992","1kmE3855N3130",6840.1506275
"2993","1kmE3855N3131",9200.897928
"2994","1kmE3855N3132",10989.201
"2995","1kmE3855N3133",11955.8417485
"2996","1kmE3855N3134",11256.947673
"2997","1kmE3855N3135",9668.654729
"2998","1kmE3855N3136",3661.0616055
"2999","1kmE3855N3137",6113.4631955
"3000","1kmE3855N3138",10928.607084
"3001","1kmE3855N3139",9670.140802
"3002","1kmE3855N3140",8221.824579
"3003","1kmE3855N3141",8496.9241435
"3004","1kmE3855N3142",12131.4161825
"3005","1kmE3855N3143",9804.9509855
"3006","1kmE3855N3144",6291.4129415
"3007","1kmE3855N3145",1259.9964365
"3008","1kmE3855N3146",2373.1386795
"3009","1kmE3855N3147",8181.1827355
"3010","1kmE3855N3148",6277.976924
"3011","1kmE3855N3149",9641.291457
"3012","1kmE3855N3150",5710.4925725
"3013","1kmE3855N3151",8738.080363
"3014","1kmE3855N3152",11487.9234035
"3015","1kmE3855N3153",6607.270428
"3016","1kmE3855N3154",8248.6469885
"3017","1kmE3855N3155",5262.144738
"3018","1kmE3855N3156",8181.3242845
"3019","1kmE3855N3157",12217.7612485
"3020","1kmE3855N3158",13987.4801095
"3021","1kmE3855N3159",14140.2057885
"3022","1kmE3855N3160",7771.250732
"3023","1kmE3856N3090",7907.396362
"3024","1kmE3856N3091",10530.792725
"3025","1kmE3856N3092",9929.176386
"3026","1kmE3856N3093",8524.0641795
"3027","1kmE3856N3094",8236.744361
"3028","1kmE3856N3095",4667.7954245
"3029","1kmE3856N3096",3658.3426205
"3030","1kmE3856N3097",3927.095081
"3031","1kmE3856N3098",6255.646888
"3032","1kmE3856N3099",6871.9061445
"3033","1kmE3856N3100",6737.6639025
"3034","1kmE3856N3101",11094.700958
"3035","1kmE3856N3102",8592.15443
"3036","1kmE3856N3103",10722.715365
"3037","1kmE3856N3104",9917.16158
"3038","1kmE3856N3105",6184.479303
"3039","1kmE3856N3106",8915.9167585
"3040","1kmE3856N3107",12177.140043
"3041","1kmE3856N3108",14105.3199115
"3042","1kmE3856N3109",13415.786194
"3043","1kmE3856N3110",3200.093323
"3044","1kmE3856N3111",6655.8679555
"3045","1kmE3856N3112",8845.847258
"3046","1kmE3856N3113",7823.825441
"3047","1kmE3856N3114",1951.620786
"3048","1kmE3856N3115",4273.001458
"3049","1kmE3856N3116",6915.8538165
"3050","1kmE3856N3117",8951.988622
"3051","1kmE3856N3118",5276.772127
"3052","1kmE3856N3119",1364.0818815
"3053","1kmE3856N3121",593.908461499999
"3054","1kmE3856N3122",572.5185025
"3055","1kmE3856N3123",2725.3017705
"3056","1kmE3856N3124",7050.5721225
"3057","1kmE3856N3125",7779.1306485
"3058","1kmE3856N3126",10768.542176
"3059","1kmE3856N3127",13011.262689
"3060","1kmE3856N3128",15548.9258405
"3061","1kmE3856N3129",11820.8449525
"3062","1kmE3856N3130",9243.5417705
"3063","1kmE3856N3131",14168.3572035
"3064","1kmE3856N3132",16077.263223
"3065","1kmE3856N3133",11520.278493
"3066","1kmE3856N3134",15098.715724
"3067","1kmE3856N3135",3734.4200515
"3068","1kmE3856N3136",4073.5090345
"3069","1kmE3856N3137",7525.8288135
"3070","1kmE3856N3138",9759.1693035
"3071","1kmE3856N3139",3212.6353365
"3072","1kmE3856N3140",6340.0976655
"3073","1kmE3856N3141",8733.8417985
"3074","1kmE3856N3142",8169.9104845
"3075","1kmE3856N3143",10218.4788125
"3076","1kmE3856N3144",12288.3861705
"3077","1kmE3856N3145",6477.1631255
"3078","1kmE3856N3146",10852.8247275
"3079","1kmE3856N3147",10306.1221265
"3080","1kmE3856N3148",6475.6636445
"3081","1kmE3856N3149",3134.49847
"3082","1kmE3856N3150",4638.155685
"3083","1kmE3856N3151",10757.497277
"3084","1kmE3856N3152",13205.1287175
"3085","1kmE3856N3153",7928.711198
"3086","1kmE3856N3154",3672.750251
"3087","1kmE3856N3155",3259.4370295
"3088","1kmE3856N3156",5945.358197
"3089","1kmE3856N3157",13880.7845055
"3090","1kmE3856N3158",17580.1770805
"3091","1kmE3856N3159",20507.222319
"3092","1kmE3856N3160",14008.641882
"3093","1kmE3857N3091",10051.371704
"3094","1kmE3857N3092",8677.100104
"3095","1kmE3857N3093",8588.4695095
"3096","1kmE3857N3094",8544.958836
"3097","1kmE3857N3095",7316.292073
"3098","1kmE3857N3096",6796.4305985
"3099","1kmE3857N3097",7029.8289205
"3100","1kmE3857N3098",9323.478258
"3101","1kmE3857N3099",10492.038015
"3102","1kmE3857N3100",6996.4110965
"3103","1kmE3857N3101",7834.1452205
"3104","1kmE3857N3102",8089.9611395
"3105","1kmE3857N3103",9809.983817
"3106","1kmE3857N3104",11291.335103
"3107","1kmE3857N3105",9737.343493
"3108","1kmE3857N3106",8951.289333
"3109","1kmE3857N3107",12741.048875
"3110","1kmE3857N3108",13441.142154
"3111","1kmE3857N3109",13159.290721
"3112","1kmE3857N3110",6232.0244795
"3113","1kmE3857N3111",6978.493372
"3114","1kmE3857N3112",8343.5453745
"3115","1kmE3857N3113",4089.05208
"3116","1kmE3857N3114",7904.1030935
"3117","1kmE3857N3115",8981.082893
"3118","1kmE3857N3116",3503.1620125
"3119","1kmE3857N3117",6745.278967
"3120","1kmE3857N3118",6216.0804615
"3121","1kmE3857N3119",1134.3636905
"3122","1kmE3857N3120",3414.1557505
"3123","1kmE3857N3121",4843.1764075
"3124","1kmE3857N3122",3351.997291
"3125","1kmE3857N3123",3906.971762
"3126","1kmE3857N3124",2471.700246
"3127","1kmE3857N3125",4767.6050375
"3128","1kmE3857N3126",11024.197462
"3129","1kmE3857N3127",16361.591879
"3130","1kmE3857N3128",15421.6581865
"3131","1kmE3857N3129",6073.245368
"3132","1kmE3857N3130",9071.0633545
"3133","1kmE3857N3131",13496.8335315
"3134","1kmE3857N3132",15615.51338
"3135","1kmE3857N3133",13823.8214325
"3136","1kmE3857N3134",14981.404983
"3137","1kmE3857N3135",2233.1922595
"3138","1kmE3857N3136",2035.5953575
"3139","1kmE3857N3137",2226.6439645
"3140","1kmE3857N3138",2130.2190605
"3141","1kmE3857N3139",5640.572194
"3142","1kmE3857N3140",6984.8764905
"3143","1kmE3857N3141",3473.668488
"3144","1kmE3857N3142",4065.4664985
"3145","1kmE3857N3143",8255.790244
"3146","1kmE3857N3144",8801.820086
"3147","1kmE3857N3145",6429.2795005
"3148","1kmE3857N3146",9147.3182375
"3149","1kmE3857N3147",10618.3538215
"3150","1kmE3857N3148",7309.893883
"3151","1kmE3857N3149",5346.617582
"3152","1kmE3857N3150",8074.4938225
"3153","1kmE3857N3151",12951.678338
"3154","1kmE3857N3152",14740.777784
"3155","1kmE3857N3153",12128.44842
"3156","1kmE3857N3154",7062.0607035
"3157","1kmE3857N3155",9392.557322
"3158","1kmE3857N3156",8911.361958
"3159","1kmE3857N3157",10089.523321
"3160","1kmE3857N3158",17528.534603
"3161","1kmE3857N3159",20999.9209165
"3162","1kmE3857N3160",17020.219742
"3163","1kmE3858N3091",6927.743247
"3164","1kmE3858N3092",9010.3389815
"3165","1kmE3858N3093",7674.144962
"3166","1kmE3858N3094",8887.8504215
"3167","1kmE3858N3095",5716.834366
"3168","1kmE3858N3096",6363.7341265
"3169","1kmE3858N3097",8525.2072845
"3170","1kmE3858N3098",8738.300826
"3171","1kmE3858N3099",7886.4294745
"3172","1kmE3858N3100",8063.840224
"3173","1kmE3858N3101",9230.9307355
"3174","1kmE3858N3102",8907.0386545
"3175","1kmE3858N3103",9587.509305
"3176","1kmE3858N3104",11852.7354045
"3177","1kmE3858N3105",12253.7526355
"3178","1kmE3858N3106",12104.7439545
"3179","1kmE3858N3107",13801.6763925
"3180","1kmE3858N3108",15624.232538
"3181","1kmE3858N3109",15448.214215
"3182","1kmE3858N3110",12473.3623205
"3183","1kmE3858N3111",9047.0241255
"3184","1kmE3858N3112",7427.4744205
"3185","1kmE3858N3113",9050.716687
"3186","1kmE3858N3114",9249.22118
"3187","1kmE3858N3115",8907.370647
"3188","1kmE3858N3116",6436.4776265
"3189","1kmE3858N3117",6984.484973
"3190","1kmE3858N3118",6893.724606
"3191","1kmE3858N3119",7202.410009
"3192","1kmE3858N3120",7018.2758845
"3193","1kmE3858N3121",6959.3536695
"3194","1kmE3858N3122",4520.655256
"3195","1kmE3858N3123",5311.660623
"3196","1kmE3858N3124",7026.076789
"3197","1kmE3858N3125",8446.7186815
"3198","1kmE3858N3126",12620.5397225
"3199","1kmE3858N3127",16235.2147135
"3200","1kmE3858N3128",12221.2898315
"3201","1kmE3858N3129",12103.1117355
"3202","1kmE3858N3130",9379.746368
"3203","1kmE3858N3131",13123.9363635
"3204","1kmE3858N3132",13205.123292
"3205","1kmE3858N3133",12109.4714915
"3206","1kmE3858N3134",9856.6859495
"3207","1kmE3858N3135",2014.174748
"3208","1kmE3858N3136",3577.140052
"3209","1kmE3858N3137",4778.8131185
"3210","1kmE3858N3138",2368.58631
"3211","1kmE3858N3139",4916.37046
"3212","1kmE3858N3140",5480.2573325
"3213","1kmE3858N3141",4545.5397745
"3214","1kmE3858N3142",6674.7050945
"3215","1kmE3858N3143",4877.401181
"3216","1kmE3858N3144",6733.4111225
"3217","1kmE3858N3145",8068.701369
"3218","1kmE3858N3146",5305.85676
"3219","1kmE3858N3147",11117.479745
"3220","1kmE3858N3148",3839.037338
"3221","1kmE3858N3149",6132.0012985
"3222","1kmE3858N3150",10858.212998
"3223","1kmE3858N3151",12624.8609095
"3224","1kmE3858N3152",12246.690147
"3225","1kmE3858N3153",14191.8765375
"3226","1kmE3858N3154",10861.0248005
"3227","1kmE3858N3155",10834.9726355
"3228","1kmE3858N3156",8424.6603265
"3229","1kmE3858N3157",11695.9099875
"3230","1kmE3858N3158",15666.5674625
"3231","1kmE3858N3159",18692.1077865
"3232","1kmE3858N3160",17556.7561135
"3233","1kmE3859N3092",12366.1825575
"3234","1kmE3859N3093",14708.495491
"3235","1kmE3859N3094",10995.106784
"3236","1kmE3859N3095",8102.710919
"3237","1kmE3859N3096",8263.486895
"3238","1kmE3859N3097",10117.9387985
"3239","1kmE3859N3098",9575.329859
"3240","1kmE3859N3099",8615.730545
"3241","1kmE3859N3100",8876.476412
"3242","1kmE3859N3101",8819.955151
"3243","1kmE3859N3102",7922.2150825
"3244","1kmE3859N3103",10470.0560725
"3245","1kmE3859N3104",11825.3402405
"3246","1kmE3859N3105",11746.655499
"3247","1kmE3859N3106",12521.581283
"3248","1kmE3859N3107",13945.8801205
"3249","1kmE3859N3108",16953.415796
"3250","1kmE3859N3109",16731.051148
"3251","1kmE3859N3110",14565.7010185
"3252","1kmE3859N3111",11805.5127085
"3253","1kmE3859N3112",9239.245252
"3254","1kmE3859N3113",8150.475302
"3255","1kmE3859N3114",11804.942577
"3256","1kmE3859N3115",11561.825243
"3257","1kmE3859N3116",8818.9461545
"3258","1kmE3859N3117",8462.241172
"3259","1kmE3859N3118",8543.766286
"3260","1kmE3859N3119",7522.028048
"3261","1kmE3859N3120",7263.6810085
"3262","1kmE3859N3121",4926.6641925
"3263","1kmE3859N3122",5063.8321985
"3264","1kmE3859N3123",8651.486241
"3265","1kmE3859N3124",4525.7603035
"3266","1kmE3859N3125",4812.7671025
"3267","1kmE3859N3126",11312.2476555
"3268","1kmE3859N3127",11686.6360025
"3269","1kmE3859N3128",8393.3079335
"3270","1kmE3859N3129",9539.622185
"3271","1kmE3859N3130",7840.788524
"3272","1kmE3859N3131",12631.286485
"3273","1kmE3859N3132",12337.277831
"3274","1kmE3859N3133",7451.7932975
"3275","1kmE3859N3134",6409.842861
"3276","1kmE3859N3135",8497.0073135
"3277","1kmE3859N3136",7215.83178
"3278","1kmE3859N3137",6669.17074
"3279","1kmE3859N3138",8808.7378075
"3280","1kmE3859N3139",12876.2525715
"3281","1kmE3859N3140",10394.7837555
"3282","1kmE3859N3141",6357.9946195
"3283","1kmE3859N3142",7822.536655
"3284","1kmE3859N3143",7364.1806895
"3285","1kmE3859N3144",9287.083434
"3286","1kmE3859N3145",7221.452788
"3287","1kmE3859N3146",7677.52331
"3288","1kmE3859N3147",8865.844749
"3289","1kmE3859N3148",4432.44978
"3290","1kmE3859N3149",7638.325463
"3291","1kmE3859N3150",8353.1338965
"3292","1kmE3859N3151",10304.7978835
"3293","1kmE3859N3152",8892.7782825
"3294","1kmE3859N3153",11480.166381
"3295","1kmE3859N3154",10406.5175605
"3296","1kmE3859N3155",9716.754752
"3297","1kmE3859N3156",9249.057522
"3298","1kmE3859N3157",12749.524721
"3299","1kmE3859N3158",14344.938693
"3300","1kmE3859N3159",15367.2911045
"3301","1kmE3859N3160",14379.191329
"3302","1kmE3859N3161",8970.990743
"3303","1kmE3860N3092",10094.4049695
"3304","1kmE3860N3093",13978.0652395
"3305","1kmE3860N3094",13686.103917
"3306","1kmE3860N3095",8393.0564285
"3307","1kmE3860N3096",9223.0346915
"3308","1kmE3860N3097",11089.532051
"3309","1kmE3860N3098",13480.150464
"3310","1kmE3860N3099",11235.46567
"3311","1kmE3860N3100",9482.1139155
"3312","1kmE3860N3101",11087.1822635
"3313","1kmE3860N3102",9514.247105
"3314","1kmE3860N3103",12959.6971645
"3315","1kmE3860N3104",17196.495333
"3316","1kmE3860N3105",15855.310383
"3317","1kmE3860N3106",13678.0112755
"3318","1kmE3860N3107",14338.379716
"3319","1kmE3860N3108",14083.9976125
"3320","1kmE3860N3109",14047.53942
"3321","1kmE3860N3110",13285.0553735
"3322","1kmE3860N3111",13329.075715
"3323","1kmE3860N3112",10551.516231
"3324","1kmE3860N3113",9659.5893265
"3325","1kmE3860N3114",10543.8580585
"3326","1kmE3860N3115",10964.407937
"3327","1kmE3860N3116",8877.2963475
"3328","1kmE3860N3117",8884.8396035
"3329","1kmE3860N3118",7353.2272285
"3330","1kmE3860N3119",7503.277311
"3331","1kmE3860N3120",6562.515266
"3332","1kmE3860N3121",4711.2660825
"3333","1kmE3860N3122",382.506487
"3334","1kmE3860N3123",1916.3630975
"3335","1kmE3860N3124",3740.539358
"3336","1kmE3860N3125",7957.558622
"3337","1kmE3860N3126",8482.159677
"3338","1kmE3860N3127",5298.2801555
"3339","1kmE3860N3128",7012.708385
"3340","1kmE3860N3129",8893.6032055
"3341","1kmE3860N3130",10505.020582
"3342","1kmE3860N3131",11225.228386
"3343","1kmE3860N3132",9602.460461
"3344","1kmE3860N3133",5253.0741635
"3345","1kmE3860N3134",9535.328343
"3346","1kmE3860N3135",10635.619755
"3347","1kmE3860N3136",7812.5717525
"3348","1kmE3860N3137",6784.7819435
"3349","1kmE3860N3138",12112.1582345
"3350","1kmE3860N3139",14440.8041225
"3351","1kmE3860N3140",10522.4379695
"3352","1kmE3860N3141",6363.3063015
"3353","1kmE3860N3142",6950.78547
"3354","1kmE3860N3143",5292.8727915
"3355","1kmE3860N3144",5582.2148
"3356","1kmE3860N3145",4482.7497065
"3357","1kmE3860N3146",9444.194089
"3358","1kmE3860N3147",11701.075799
"3359","1kmE3860N3148",8126.4891545
"3360","1kmE3860N3149",8726.8427655
"3361","1kmE3860N3150",8904.324081
"3362","1kmE3860N3156",9253.906952
"3363","1kmE3860N3157",13262.41581
"3364","1kmE3860N3158",14562.494478
"3365","1kmE3860N3159",13834.127093
"3366","1kmE3860N3160",14949.013897
"3367","1kmE3861N3092",10850.478239
"3368","1kmE3861N3093",13358.95643
"3369","1kmE3861N3094",13762.9193045
"3370","1kmE3861N3095",11861.3476475
"3371","1kmE3861N3096",10599.603803
"3372","1kmE3861N3097",9207.269022
"3373","1kmE3861N3098",13266.892308
"3374","1kmE3861N3099",13195.951305
"3375","1kmE3861N3100",11117.9319705
"3376","1kmE3861N3101",9009.053849
"3377","1kmE3861N3102",8707.9766135
"3378","1kmE3861N3103",12161.0434605
"3379","1kmE3861N3104",15218.17018
"3380","1kmE3861N3105",15581.2278795
"3381","1kmE3861N3106",13588.144006
"3382","1kmE3861N3107",12768.97037
"3383","1kmE3861N3108",11024.978044
"3384","1kmE3861N3109",11913.657671
"3385","1kmE3861N3110",12212.807848
"3386","1kmE3861N3111",12663.8402645
"3387","1kmE3861N3112",10798.809456
"3388","1kmE3861N3113",9676.457729
"3389","1kmE3861N3114",7485.6093375
"3390","1kmE3861N3115",9669.873957
"3391","1kmE3861N3116",14338.1880415
"3392","1kmE3861N3117",15088.8137565
"3393","1kmE3861N3118",10095.1241435
"3394","1kmE3861N3119",7482.9782305
"3395","1kmE3861N3120",6838.63775
"3396","1kmE3861N3121",4900.6721235
"3397","1kmE3861N3122",6332.869805
"3398","1kmE3861N3123",9469.9440415
"3399","1kmE3861N3124",11017.1674205
"3400","1kmE3861N3125",9719.1738835
"3401","1kmE3861N3126",10270.5319695
"3402","1kmE3861N3127",7853.8599415
"3403","1kmE3861N3128",2770.2584465
"3404","1kmE3861N3129",12597.9276745
"3405","1kmE3861N3130",12729.25792
"3406","1kmE3861N3131",9794.1858085
"3407","1kmE3861N3132",6502.860691
"3408","1kmE3861N3133",4328.1790075
"3409","1kmE3861N3134",5104.592075
"3410","1kmE3861N3135",7220.2016765
"3411","1kmE3861N3136",10163.2879185
"3412","1kmE3861N3137",12369.30234
"3413","1kmE3861N3138",13519.3206595
"3414","1kmE3861N3139",12245.892054
"3415","1kmE3861N3140",8358.650163
"3416","1kmE3861N3141",9732.771752
"3417","1kmE3861N3142",8148.870526
"3418","1kmE3861N3143",7385.267597
"3419","1kmE3861N3144",4991.4802555
"3420","1kmE3861N3145",5094.248518
"3421","1kmE3861N3146",9151.1542545
"3422","1kmE3861N3147",13782.1923245
"3423","1kmE3861N3148",11504.5280135
"3424","1kmE3862N3092",13932.177286
"3425","1kmE3862N3093",13376.289971
"3426","1kmE3862N3094",14182.3499735
"3427","1kmE3862N3095",10488.2735195
"3428","1kmE3862N3096",11668.745779
"3429","1kmE3862N3097",4632.713217
"3430","1kmE3862N3098",12637.6978225
"3431","1kmE3862N3099",11775.8978015
"3432","1kmE3862N3100",11011.00002
"3433","1kmE3862N3101",15033.528366
"3434","1kmE3862N3102",11869.034442
"3435","1kmE3862N3103",9955.326807
"3436","1kmE3862N3104",13787.355941
"3437","1kmE3862N3105",13790.198043
"3438","1kmE3862N3106",14284.7007395
"3439","1kmE3862N3107",14940.223319
"3440","1kmE3862N3108",12594.7541045
"3441","1kmE3862N3109",13502.687192
"3442","1kmE3862N3110",14743.216728
"3443","1kmE3862N3111",11866.1893565
"3444","1kmE3862N3112",12260.748988
"3445","1kmE3862N3113",10867.376526
"3446","1kmE3862N3114",13651.7706975
"3447","1kmE3862N3115",12569.285819
"3448","1kmE3862N3116",12776.0622705
"3449","1kmE3862N3117",14668.0114605
"3450","1kmE3862N3118",11589.338558
"3451","1kmE3862N3119",9268.606148
"3452","1kmE3862N3120",5917.1479715
"3453","1kmE3862N3121",4303.310023
"3454","1kmE3862N3122",7936.268927
"3455","1kmE3862N3123",14435.5073665
"3456","1kmE3862N3124",13976.095316
"3457","1kmE3862N3125",9677.349748
"3458","1kmE3862N3126",7053.2953675
"3459","1kmE3862N3127",4995.2252775
"3460","1kmE3862N3128",8211.597267
"3461","1kmE3862N3129",12817.4163065
"3462","1kmE3862N3130",11203.009467
"3463","1kmE3862N3131",11245.5985415
"3464","1kmE3862N3132",10167.0418195
"3465","1kmE3862N3133",9022.7378435
"3466","1kmE3862N3134",9665.462505
"3467","1kmE3862N3135",11801.7001895
"3468","1kmE3862N3136",14891.420368
"3469","1kmE3862N3137",12409.7896825
"3470","1kmE3862N3138",8314.8714995
"3471","1kmE3862N3139",6645.8698925
"3472","1kmE3862N3140",11518.5273775
"3473","1kmE3862N3141",12691.104035
"3474","1kmE3862N3142",9094.096047
"3475","1kmE3862N3143",7552.177535
"3476","1kmE3862N3144",5837.4047105
"3477","1kmE3862N3145",7662.664405
"3478","1kmE3862N3146",7991.8696695
"3479","1kmE3862N3147",13611.9789585
"3480","1kmE3862N3148",13099.130954
"3481","1kmE3863N3092",13288.3897095
"3482","1kmE3863N3093",13236.234864
"3483","1kmE3863N3094",10625.3002505
"3484","1kmE3863N3095",13139.883143
"3485","1kmE3863N3096",14751.030261
"3486","1kmE3863N3097",8716.1979305
"3487","1kmE3863N3098",9386.8756575
"3488","1kmE3863N3099",11958.9283515
"3489","1kmE3863N3100",11800.8977075
"3490","1kmE3863N3101",15248.1660435
"3491","1kmE3863N3102",11688.829673
"3492","1kmE3863N3103",10128.65246
"3493","1kmE3863N3104",9295.7336285
"3494","1kmE3863N3105",9581.0143265
"3495","1kmE3863N3106",12863.125717
"3496","1kmE3863N3107",13167.194127
"3497","1kmE3863N3108",12243.795599
"3498","1kmE3863N3109",11205.7411645
"3499","1kmE3863N3110",12490.6455345
"3500","1kmE3863N3111",12165.224234
"3501","1kmE3863N3112",13618.5841075
"3502","1kmE3863N3113",9901.3195285
"3503","1kmE3863N3114",15905.0565235
"3504","1kmE3863N3115",12373.248169
"3505","1kmE3863N3116",14026.3308905
"3506","1kmE3863N3117",12352.6943605
"3507","1kmE3863N3118",13377.310482
"3508","1kmE3863N3119",13775.6384675
"3509","1kmE3863N3120",8517.5904395
"3510","1kmE3863N3121",5943.5995985
"3511","1kmE3863N3122",1312.7874545
"3512","1kmE3863N3123",8016.8582005
"3513","1kmE3863N3124",10697.3550335
"3514","1kmE3863N3125",9747.830844
"3515","1kmE3863N3126",9338.551205
"3516","1kmE3863N3127",11434.7052685
"3517","1kmE3863N3128",10481.780202
"3518","1kmE3863N3129",12719.2535205
"3519","1kmE3863N3130",10131.5837405
"3520","1kmE3863N3131",11319.7866605
"3521","1kmE3863N3132",13842.4628855
"3522","1kmE3863N3133",12099.8606015
"3523","1kmE3863N3134",12481.274307
"3524","1kmE3863N3135",13918.840862
"3525","1kmE3863N3136",14921.486536
"3526","1kmE3863N3137",13787.208662
"3527","1kmE3863N3138",8182.461209
"3528","1kmE3863N3139",4740.1678035
"3529","1kmE3863N3140",5816.544233
"3530","1kmE3863N3141",10531.225847
"3531","1kmE3863N3142",9577.0973425
"3532","1kmE3863N3143",4300.770745
"3533","1kmE3863N3144",10925.0076965
"3534","1kmE3863N3145",13834.0450625
"3535","1kmE3863N3146",10138.712105
"3536","1kmE3864N3092",12030.2867705
"3537","1kmE3864N3093",14570.573686
"3538","1kmE3864N3094",12530.3386325
"3539","1kmE3864N3095",17631.191081
"3540","1kmE3864N3096",14719.278268
"3541","1kmE3864N3097",11729.9355875
"3542","1kmE3864N3098",8790.849004
"3543","1kmE3864N3099",10624.3825235
"3544","1kmE3864N3100",14072.2514915
"3545","1kmE3864N3101",14435.917579
"3546","1kmE3864N3102",11798.8393755
"3547","1kmE3864N3103",9713.1594615
"3548","1kmE3864N3104",7406.8532775
"3549","1kmE3864N3105",8810.3013495
"3550","1kmE3864N3106",15155.365989
"3551","1kmE3864N3107",10223.8500765
"3552","1kmE3864N3108",9140.7701895
"3553","1kmE3864N3109",5791.1578545
"3554","1kmE3864N3110",7689.472053
"3555","1kmE3864N3111",8568.6175835
"3556","1kmE3864N3112",5612.0012895
"3557","1kmE3864N3113",9114.109974
"3558","1kmE3864N3114",11720.205659
"3559","1kmE3864N3115",5014.6098705
"3560","1kmE3864N3116",9459.7425785
"3561","1kmE3864N3117",11142.0618575
"3562","1kmE3864N3118",15583.2635855
"3563","1kmE3864N3119",13229.1828495
"3564","1kmE3864N3120",8720.0732965
"3565","1kmE3864N3121",8133.9109645
"3566","1kmE3864N3122",9450.433205
"3567","1kmE3864N3123",9737.7179525
"3568","1kmE3864N3124",13104.056182
"3569","1kmE3864N3125",8341.1914975
"3570","1kmE3864N3126",14274.8447895
"3571","1kmE3864N3127",15663.4908605
"3572","1kmE3864N3128",14488.057434
"3573","1kmE3864N3129",13192.2354795
"3574","1kmE3864N3130",14938.8278225
"3575","1kmE3864N3131",12520.14187
"3576","1kmE3864N3132",12148.3787055
"3577","1kmE3864N3133",11526.459323
"3578","1kmE3864N3134",13879.717199
"3579","1kmE3864N3135",14068.945556
"3580","1kmE3864N3136",15649.6480135
"3581","1kmE3864N3137",13782.2529885
"3582","1kmE3864N3138",9059.7730465
"3583","1kmE3864N3139",4835.311072
"3584","1kmE3864N3140",2140.039932
"3585","1kmE3864N3141",8211.110145
"3586","1kmE3864N3142",7983.1923305
"3587","1kmE3864N3143",4588.200124
"3588","1kmE3864N3144",9418.620476
"3589","1kmE3864N3145",12233.8862775
"3590","1kmE3864N3146",12082.9360585
"3591","1kmE3865N3089",6000.1553865
"3592","1kmE3865N3091",8077.3307455
"3593","1kmE3865N3092",12391.4990735
"3594","1kmE3865N3093",14602.859116
"3595","1kmE3865N3094",13428.4044495
"3596","1kmE3865N3095",14483.539782
"3597","1kmE3865N3096",13843.295352
"3598","1kmE3865N3097",13163.938826
"3599","1kmE3865N3098",12220.9177715
"3600","1kmE3865N3099",9635.0604505
"3601","1kmE3865N3100",12135.074161
"3602","1kmE3865N3101",10691.506083
"3603","1kmE3865N3102",8705.44747
"3604","1kmE3865N3103",7432.323164
"3605","1kmE3865N3104",10108.500899
"3606","1kmE3865N3105",8696.0990865
"3607","1kmE3865N3106",14287.7846685
"3608","1kmE3865N3107",10995.8066945
"3609","1kmE3865N3108",11564.5962105
"3610","1kmE3865N3109",9330.026399
"3611","1kmE3865N3110",8092.5843675
"3612","1kmE3865N3111",9077.380892
"3613","1kmE3865N3112",7844.04672
"3614","1kmE3865N3113",12045.05797
"3615","1kmE3865N3114",9107.201118
"3616","1kmE3865N3115",10093.2202655
"3617","1kmE3865N3116",13513.861747
"3618","1kmE3865N3117",13320.764524
"3619","1kmE3865N3118",19254.7879075
"3620","1kmE3865N3119",11359.3253305
"3621","1kmE3865N3120",7176.905124
"3622","1kmE3865N3121",8139.0884975
"3623","1kmE3865N3122",10839.1038285
"3624","1kmE3865N3123",4630.790795
"3625","1kmE3865N3124",10874.590959
"3626","1kmE3865N3125",9534.817034
"3627","1kmE3865N3126",14829.419265
"3628","1kmE3865N3127",15011.9464965
"3629","1kmE3865N3128",14423.107556
"3630","1kmE3865N3129",13479.9165015
"3631","1kmE3865N3130",16388.8779105
"3632","1kmE3865N3131",14185.3166925
"3633","1kmE3865N3132",8628.0204125
"3634","1kmE3865N3133",8959.089315
"3635","1kmE3865N3134",12439.093115
"3636","1kmE3865N3135",12357.55111
"3637","1kmE3865N3136",12065.63317
"3638","1kmE3865N3137",7889.878861
"3639","1kmE3865N3138",2821.460331
"3640","1kmE3865N3139",7240.8920565
"3641","1kmE3865N3140",8942.622405
"3642","1kmE3865N3141",11163.795636
"3643","1kmE3865N3142",7110.9611325
"3644","1kmE3865N3143",1600.2012035
"3645","1kmE3865N3144",4242.1445055
"3646","1kmE3865N3145",11047.677853
"3647","1kmE3865N3146",10712.1819455
"3648","1kmE3866N3089",9676.719631
"3649","1kmE3866N3090",11503.9688225
"3650","1kmE3866N3091",11244.272199
"3651","1kmE3866N3092",11740.40512
"3652","1kmE3866N3093",13442.112002
"3653","1kmE3866N3094",11534.289011
"3654","1kmE3866N3095",11291.1793595
"3655","1kmE3866N3096",10001.5187745
"3656","1kmE3866N3097",14210.84971
"3657","1kmE3866N3098",15687.251456
"3658","1kmE3866N3099",11890.170149
"3659","1kmE3866N3100",11612.607403
"3660","1kmE3866N3101",6751.5181975
"3661","1kmE3866N3102",4395.9945405
"3662","1kmE3866N3103",8376.2583005
"3663","1kmE3866N3104",10856.7795465
"3664","1kmE3866N3105",9406.136138
"3665","1kmE3866N3106",8130.424363
"3666","1kmE3866N3107",10923.005224
"3667","1kmE3866N3108",12890.419639
"3668","1kmE3866N3109",11448.557279
"3669","1kmE3866N3110",9617.993053
"3670","1kmE3866N3111",10701.195075
"3671","1kmE3866N3112",10938.544572
"3672","1kmE3866N3113",14372.7401775
"3673","1kmE3866N3114",8223.747789
"3674","1kmE3866N3115",11576.865465
"3675","1kmE3866N3116",16723.9497535
"3676","1kmE3866N3117",16110.227376
"3677","1kmE3866N3118",15905.71774
"3678","1kmE3866N3119",9834.309684
"3679","1kmE3866N3120",8767.059706
"3680","1kmE3866N3121",3342.3181195
"3681","1kmE3866N3122",8826.134255
"3682","1kmE3866N3123",6890.3483335
"3683","1kmE3866N3124",6033.178169
"3684","1kmE3866N3125",12485.5503565
"3685","1kmE3866N3126",14714.0702285
"3686","1kmE3866N3127",16842.745464
"3687","1kmE3866N3128",13922.2147855
"3688","1kmE3866N3129",13393.1035715
"3689","1kmE3866N3130",14659.6307405
"3690","1kmE3866N3131",11917.9361905
"3691","1kmE3866N3132",9948.6313345
"3692","1kmE3866N3133",5906.303851
"3693","1kmE3866N3134",10838.456212
"3694","1kmE3866N3135",7765.582581
"3695","1kmE3866N3136",8743.5785305
"3696","1kmE3866N3137",10694.631885
"3697","1kmE3866N3138",3486.4201135
"3698","1kmE3866N3139",5662.533237
"3699","1kmE3866N3140",5085.430714
"3700","1kmE3866N3141",10718.1514165
"3701","1kmE3866N3142",2968.530539
"3702","1kmE3866N3143",7540.24403
"3703","1kmE3866N3144",9704.668475
"3704","1kmE3866N3145",12006.566844
"3705","1kmE3866N3146",10717.1648655
"3706","1kmE3867N3088",8568.016521
"3707","1kmE3867N3089",11242.5575665
"3708","1kmE3867N3090",11635.3841815
"3709","1kmE3867N3091",15412.1918295
"3710","1kmE3867N3092",16680.0144565
"3711","1kmE3867N3093",14816.085431
"3712","1kmE3867N3094",11542.490642
"3713","1kmE3867N3095",14298.898695
"3714","1kmE3867N3096",8875.517967
"3715","1kmE3867N3097",11424.525567
"3716","1kmE3867N3098",15870.262447
"3717","1kmE3867N3099",13342.7382315
"3718","1kmE3867N3100",9690.145338
"3719","1kmE3867N3101",7082.6736605
"3720","1kmE3867N3102",8660.218953
"3721","1kmE3867N3103",8642.831895
"3722","1kmE3867N3104",8082.83033
"3723","1kmE3867N3105",9953.1699475
"3724","1kmE3867N3106",10490.1265425
"3725","1kmE3867N3107",7760.3460535
"3726","1kmE3867N3108",11020.681774
"3727","1kmE3867N3109",10547.045513
"3728","1kmE3867N3110",11088.05634
"3729","1kmE3867N3111",9349.8228205
"3730","1kmE3867N3112",11107.4269965
"3731","1kmE3867N3113",16333.395627
"3732","1kmE3867N3114",13688.532151
"3733","1kmE3867N3115",13250.6051445
"3734","1kmE3867N3116",14686.4874805
"3735","1kmE3867N3117",14088.1022595
"3736","1kmE3867N3118",15605.656172
"3737","1kmE3867N3119",9369.0801355
"3738","1kmE3867N3120",7598.4283175
"3739","1kmE3867N3121",2890.5605165
"3740","1kmE3867N3122",9171.8540085
"3741","1kmE3867N3123",10916.503963
"3742","1kmE3867N3124",4173.2206305
"3743","1kmE3867N3125",7774.668098
"3744","1kmE3867N3126",13376.007534
"3745","1kmE3867N3127",14229.451656
"3746","1kmE3867N3128",13628.2473445
"3747","1kmE3867N3129",13170.51187
"3748","1kmE3867N3130",12462.0558425
"3749","1kmE3867N3131",11552.0398375
"3750","1kmE3867N3132",8542.632042
"3751","1kmE3867N3133",8797.3268565
"3752","1kmE3867N3134",12049.570326
"3753","1kmE3867N3135",8503.8719155
"3754","1kmE3867N3136",2637.8525535
"3755","1kmE3867N3137",2244.141231
"3756","1kmE3867N3138",1740.6909455
"3757","1kmE3867N3139",3152.586141
"3758","1kmE3867N3140",6178.5406525
"3759","1kmE3867N3141",10460.6561225
"3760","1kmE3867N3142",7569.9785465
"3761","1kmE3867N3143",11675.774443
"3762","1kmE3867N3144",11097.622519
"3763","1kmE3867N3145",13113.19217
"3764","1kmE3867N3146",11307.430976
"3765","1kmE3868N3088",8561.257884
"3766","1kmE3868N3089",6935.911116
"3767","1kmE3868N3090",13184.702432
"3768","1kmE3868N3091",15291.7225245
"3769","1kmE3868N3092",16583.4227735
"3770","1kmE3868N3093",14792.7768375
"3771","1kmE3868N3094",14203.339635
"3772","1kmE3868N3095",17003.2141595
"3773","1kmE3868N3096",12843.654835
"3774","1kmE3868N3097",13396.767316
"3775","1kmE3868N3098",18085.0451085
"3776","1kmE3868N3099",16422.1126745
"3777","1kmE3868N3100",13731.880113
"3778","1kmE3868N3101",13179.3899275
"3779","1kmE3868N3102",14496.3986525
"3780","1kmE3868N3103",6501.0620585
"3781","1kmE3868N3104",8803.1206265
"3782","1kmE3868N3105",12493.825635
"3783","1kmE3868N3106",14413.305169
"3784","1kmE3868N3107",7879.260241
"3785","1kmE3868N3108",7553.4223165
"3786","1kmE3868N3109",10916.9370285
"3787","1kmE3868N3110",14030.7373205
"3788","1kmE3868N3111",9133.9517135
"3789","1kmE3868N3112",11165.267792
"3790","1kmE3868N3113",12746.733783
"3791","1kmE3868N3114",11564.989345
"3792","1kmE3868N3115",15176.0750805
"3793","1kmE3868N3116",16670.721891
"3794","1kmE3868N3117",12891.324192
"3795","1kmE3868N3118",15105.001221
"3796","1kmE3868N3119",9760.9156045
"3797","1kmE3868N3120",10707.362177
"3798","1kmE3868N3121",9978.4029405
"3799","1kmE3868N3122",9874.321472
"3800","1kmE3868N3123",3157.9563945
"3801","1kmE3868N3124",6828.941464
"3802","1kmE3868N3125",8997.4078515
"3803","1kmE3868N3126",9159.802971
"3804","1kmE3868N3127",12883.039345
"3805","1kmE3868N3128",12493.2682445
"3806","1kmE3868N3129",11510.2394595
"3807","1kmE3868N3130",6291.9251625
"3808","1kmE3868N3131",7330.546598
"3809","1kmE3868N3132",8849.1806305
"3810","1kmE3868N3133",7529.173152
"3811","1kmE3868N3134",12302.6687885
"3812","1kmE3868N3135",5745.857489
"3813","1kmE3868N3136",4670.2508055
"3814","1kmE3868N3137",6002.9834915
"3815","1kmE3868N3138",5878.6406335
"3816","1kmE3868N3139",7135.9293305
"3817","1kmE3868N3140",8638.0350345
"3818","1kmE3868N3141",12343.3553475
"3819","1kmE3868N3142",7182.1150015
"3820","1kmE3868N3143",9559.7001955
"3821","1kmE3868N3144",6061.123369
"3822","1kmE3868N3145",9299.1143355
"3823","1kmE3868N3146",9885.42579
"3824","1kmE3869N3088",9239.446194
"3825","1kmE3869N3089",11355.0242525
"3826","1kmE3869N3090",9498.483096
"3827","1kmE3869N3091",12059.832683
"3828","1kmE3869N3092",12974.963765
"3829","1kmE3869N3093",12374.2638105
"3830","1kmE3869N3094",13960.611534
"3831","1kmE3869N3095",15581.577069
"3832","1kmE3869N3096",14644.060553
"3833","1kmE3869N3097",15834.6896615
"3834","1kmE3869N3098",18503.711437
"3835","1kmE3869N3099",16593.733553
"3836","1kmE3869N3100",16997.5766585
"3837","1kmE3869N3101",16051.193201
"3838","1kmE3869N3102",11388.6551545
"3839","1kmE3869N3103",6607.1707715
"3840","1kmE3869N3104",7637.291121
"3841","1kmE3869N3105",10219.1897795
"3842","1kmE3869N3106",13233.0927265
"3843","1kmE3869N3107",8648.2647345
"3844","1kmE3869N3108",9163.0285425
"3845","1kmE3869N3109",14967.8540815
"3846","1kmE3869N3110",16253.892521
"3847","1kmE3869N3111",13061.359061
"3848","1kmE3869N3112",15036.1836555
"3849","1kmE3869N3113",10629.5858095
"3850","1kmE3869N3114",9446.3810515
"3851","1kmE3869N3115",14893.7014805
"3852","1kmE3869N3116",16993.636093
"3853","1kmE3869N3117",15395.868007
"3854","1kmE3869N3118",14354.935645
"3855","1kmE3869N3119",8981.7190505
"3856","1kmE3869N3120",11106.185153
"3857","1kmE3869N3121",12772.515186
"3858","1kmE3869N3122",12725.3868915
"3859","1kmE3869N3123",6662.2960925
"3860","1kmE3869N3124",12056.38054
"3861","1kmE3869N3125",12351.8415475
"3862","1kmE3869N3126",12376.8776155
"3863","1kmE3869N3127",9095.1542655
"3864","1kmE3869N3128",13081.495622
"3865","1kmE3869N3129",12790.5472515
"3866","1kmE3869N3130",3001.16439
"3867","1kmE3869N3131",3330.5435015
"3868","1kmE3869N3132",8330.2561055
"3869","1kmE3869N3133",6339.4182315
"3870","1kmE3869N3134",7948.364576
"3871","1kmE3869N3135",8236.732789
"3872","1kmE3869N3136",7119.5901425
"3873","1kmE3869N3137",8037.466423
"3874","1kmE3869N3138",13598.34001
"3875","1kmE3869N3139",14619.256605
"3876","1kmE3869N3140",12030.344192
"3877","1kmE3869N3141",8080.8893755
"3878","1kmE3869N3142",9201.81783
"3879","1kmE3869N3143",4147.806046
"3880","1kmE3869N3144",922.8504945
"3881","1kmE3869N3145",7396.177591
"3882","1kmE3869N3146",11383.0117925
"3883","1kmE3869N3147",9900.3990175
"3884","1kmE3869N3148",11592.449187
"3885","1kmE3869N3149",10375.8348265
"3886","1kmE3869N3150",11084.9105115
"3887","1kmE3870N3087",3120.396674
"3888","1kmE3870N3088",6626.5414785
"3889","1kmE3870N3089",8973.044441
"3890","1kmE3870N3090",10613.962484
"3891","1kmE3870N3091",16978.095095
"3892","1kmE3870N3092",16351.557562
"3893","1kmE3870N3093",10146.4963495
"3894","1kmE3870N3094",8378.599365
"3895","1kmE3870N3095",11642.274377
"3896","1kmE3870N3096",14655.028722
"3897","1kmE3870N3097",14950.0683215
"3898","1kmE3870N3098",15028.883796
"3899","1kmE3870N3099",16556.1495245
"3900","1kmE3870N3100",18548.9501585
"3901","1kmE3870N3101",17832.669191
"3902","1kmE3870N3102",11441.2476355
"3903","1kmE3870N3103",8501.887569
"3904","1kmE3870N3104",6912.6832175
"3905","1kmE3870N3105",7290.9025765
"3906","1kmE3870N3106",10361.2618585
"3907","1kmE3870N3107",10227.3555385
"3908","1kmE3870N3108",8241.559947
"3909","1kmE3870N3109",12265.1310095
"3910","1kmE3870N3110",13979.6072885
"3911","1kmE3870N3111",16931.8804475
"3912","1kmE3870N3112",16957.296767
"3913","1kmE3870N3113",14124.045678
"3914","1kmE3870N3114",14006.1286485
"3915","1kmE3870N3115",14153.1579995
"3916","1kmE3870N3116",15519.2123005
"3917","1kmE3870N3117",16137.1926565
"3918","1kmE3870N3118",15221.3155735
"3919","1kmE3870N3119",11675.2961225
"3920","1kmE3870N3120",7965.4153125
"3921","1kmE3870N3121",3503.056072
"3922","1kmE3870N3122",3582.133764
"3923","1kmE3870N3123",11439.9553125
"3924","1kmE3870N3124",13930.460823
"3925","1kmE3870N3125",14934.9420195
"3926","1kmE3870N3126",11992.6573695
"3927","1kmE3870N3127",12579.9207225
"3928","1kmE3870N3128",14059.0132715
"3929","1kmE3870N3129",15434.677799
"3930","1kmE3870N3130",9753.993038
"3931","1kmE3870N3131",8242.154391
"3932","1kmE3870N3132",5911.013551
"3933","1kmE3870N3133",8020.639642
"3934","1kmE3870N3134",10608.483645
"3935","1kmE3870N3135",12039.770782
"3936","1kmE3870N3136",14585.8174365
"3937","1kmE3870N3137",11930.090119
"3938","1kmE3870N3138",9607.777364
"3939","1kmE3870N3139",8123.712237
"3940","1kmE3870N3140",9093.2448175
"3941","1kmE3870N3141",7219.084873
"3942","1kmE3870N3142",10774.0238995
"3943","1kmE3870N3143",6340.570937
"3944","1kmE3870N3144",3825.186501
"3945","1kmE3870N3145",7727.038518
"3946","1kmE3870N3146",12371.559994
"3947","1kmE3870N3147",11863.109817
"3948","1kmE3870N3148",12865.153561
"3949","1kmE3870N3149",6637.079184
"3950","1kmE3870N3150",8394.5075335
"3951","1kmE3871N3087",12671.5310315
"3952","1kmE3871N3088",14674.438192
"3953","1kmE3871N3089",13068.1609245
"3954","1kmE3871N3090",11503.1462635
"3955","1kmE3871N3091",14879.5279105
"3956","1kmE3871N3092",15408.881973
"3957","1kmE3871N3093",12922.0022895
"3958","1kmE3871N3094",10637.6461
"3959","1kmE3871N3095",6511.9811075
"3960","1kmE3871N3096",9788.161623
"3961","1kmE3871N3097",10857.986189
"3962","1kmE3871N3098",12701.4888165
"3963","1kmE3871N3099",16626.426607
"3964","1kmE3871N3100",17437.729794
"3965","1kmE3871N3101",17138.304195
"3966","1kmE3871N3102",14943.1967195
"3967","1kmE3871N3103",11030.0916285
"3968","1kmE3871N3104",9575.5588135
"3969","1kmE3871N3105",9365.575773
"3970","1kmE3871N3106",13650.411132
"3971","1kmE3871N3107",15010.1552695
"3972","1kmE3871N3108",8134.925285
"3973","1kmE3871N3109",10278.6689155
"3974","1kmE3871N3110",12908.4537835
"3975","1kmE3871N3111",14521.0116655
"3976","1kmE3871N3112",14616.5564185
"3977","1kmE3871N3113",14218.2375065
"3978","1kmE3871N3114",13128.938881
"3979","1kmE3871N3115",14811.1793585
"3980","1kmE3871N3116",15503.7172255
"3981","1kmE3871N3117",14053.07789
"3982","1kmE3871N3118",13364.078905
"3983","1kmE3871N3119",13273.8174245
"3984","1kmE3871N3120",10502.1701325
"3985","1kmE3871N3121",7357.0884575
"3986","1kmE3871N3122",3680.389059
"3987","1kmE3871N3123",6963.815574
"3988","1kmE3871N3124",12644.5737525
"3989","1kmE3871N3125",14156.855566
"3990","1kmE3871N3126",14018.840627
"3991","1kmE3871N3127",8971.107326
"3992","1kmE3871N3128",13698.1840425
"3993","1kmE3871N3129",13858.309956
"3994","1kmE3871N3130",7031.714173
"3995","1kmE3871N3131",8578.3791825
"3996","1kmE3871N3132",9099.667088
"3997","1kmE3871N3133",6128.902861
"3998","1kmE3871N3134",9021.8285335
"3999","1kmE3871N3135",13747.189691
"4000","1kmE3871N3136",15430.085409
"4001","1kmE3871N3137",15516.4495725
"4002","1kmE3871N3138",11375.0650705
"4003","1kmE3871N3139",10666.496484
"4004","1kmE3871N3140",2492.598461
"4005","1kmE3871N3141",7782.0804605
"4006","1kmE3871N3142",8729.010454
"4007","1kmE3871N3143",3619.239818
"4008","1kmE3871N3144",2138.801455
"4009","1kmE3871N3145",6698.9115405
"4010","1kmE3871N3146",11592.579538
"4011","1kmE3871N3147",14487.47503
"4012","1kmE3871N3148",13273.602409
"4013","1kmE3871N3149",7077.5598775
"4014","1kmE3871N3150",10327.4447585
"4015","1kmE3871N3151",10461.986386
"4016","1kmE3872N3087",11842.5704345
"4017","1kmE3872N3088",18624.562171
"4018","1kmE3872N3089",19067.22355
"4019","1kmE3872N3090",14741.1464655
"4020","1kmE3872N3091",15994.8947135
"4021","1kmE3872N3092",15020.6255045
"4022","1kmE3872N3093",13832.1814595
"4023","1kmE3872N3094",10400.260157
"4024","1kmE3872N3095",6975.0247445
"4025","1kmE3872N3096",8601.4851195
"4026","1kmE3872N3097",10886.991999
"4027","1kmE3872N3098",16337.705213
"4028","1kmE3872N3099",16473.242944
"4029","1kmE3872N3100",15757.07721
"4030","1kmE3872N3101",16309.446322
"4031","1kmE3872N3102",16763.3543035
"4032","1kmE3872N3103",17697.547392
"4033","1kmE3872N3104",15339.8741965
"4034","1kmE3872N3105",13391.661574
"4035","1kmE3872N3106",12260.7560245
"4036","1kmE3872N3107",13030.248803
"4037","1kmE3872N3108",8813.3866795
"4038","1kmE3872N3109",12676.0690115
"4039","1kmE3872N3110",15288.971119
"4040","1kmE3872N3111",14006.3032655
"4041","1kmE3872N3112",14353.6188335
"4042","1kmE3872N3113",11964.259847
"4043","1kmE3872N3114",14499.5866765
"4044","1kmE3872N3115",14724.6968845
"4045","1kmE3872N3116",14909.6223435
"4046","1kmE3872N3117",14927.863616
"4047","1kmE3872N3118",14119.7304965
"4048","1kmE3872N3119",14427.602549
"4049","1kmE3872N3120",14083.9400515
"4050","1kmE3872N3121",12751.873307
"4051","1kmE3872N3122",11786.181411
"4052","1kmE3872N3123",10362.9917645
"4053","1kmE3872N3124",8753.9694515
"4054","1kmE3872N3125",9276.1641535
"4055","1kmE3872N3126",14249.4371745
"4056","1kmE3872N3127",13606.8584095
"4057","1kmE3872N3128",14045.1163375
"4058","1kmE3872N3129",13697.0181505
"4059","1kmE3872N3130",4421.917118
"4060","1kmE3872N3131",6827.525231
"4061","1kmE3872N3132",7328.9293635
"4062","1kmE3872N3133",7451.4782525
"4063","1kmE3872N3134",8965.5022285
"4064","1kmE3872N3135",11459.0452945
"4065","1kmE3872N3136",15119.171646
"4066","1kmE3872N3137",16502.804651
"4067","1kmE3872N3138",12058.1525615
"4068","1kmE3872N3139",7527.600215
"4069","1kmE3872N3140",4733.09484
"4070","1kmE3872N3141",8271.0100685
"4071","1kmE3872N3142",10103.8643065
"4072","1kmE3872N3143",4641.588822
"4073","1kmE3872N3144",4105.9879895
"4074","1kmE3872N3145",8977.66168
"4075","1kmE3872N3146",14258.7607955
"4076","1kmE3872N3147",15336.4483925
"4077","1kmE3872N3148",13471.6976615
"4078","1kmE3872N3149",8500.7748575
"4079","1kmE3872N3150",11273.3700655
"4080","1kmE3872N3151",11372.2763075
"4081","1kmE3873N3089",15576.309097
"4082","1kmE3873N3090",13315.588826
"4083","1kmE3873N3091",16668.7829135
"4084","1kmE3873N3092",17105.9285705
"4085","1kmE3873N3093",13615.8403905
"4086","1kmE3873N3094",10155.580019
"4087","1kmE3873N3095",9013.7591185
"4088","1kmE3873N3096",10211.470565
"4089","1kmE3873N3097",14151.5351125
"4090","1kmE3873N3098",12676.1643215
"4091","1kmE3873N3099",14786.5033125
"4092","1kmE3873N3100",17440.7596865
"4093","1kmE3873N3101",18496.412329
"4094","1kmE3873N3102",20550.762851
"4095","1kmE3873N3103",17063.5888995
"4096","1kmE3873N3104",17244.9008395
"4097","1kmE3873N3105",15433.792509
"4098","1kmE3873N3106",11442.520353
"4099","1kmE3873N3107",9599.028326
"4100","1kmE3873N3108",11018.0588225
"4101","1kmE3873N3109",10824.3041385
"4102","1kmE3873N3110",12519.086753
"4103","1kmE3873N3111",15317.163261
"4104","1kmE3873N3112",14331.0330655
"4105","1kmE3873N3113",12228.7731585
"4106","1kmE3873N3114",12826.955851
"4107","1kmE3873N3115",16585.900578
"4108","1kmE3873N3116",16634.2531515
"4109","1kmE3873N3117",14351.9047555
"4110","1kmE3873N3118",14068.722383
"4111","1kmE3873N3119",14983.325577
"4112","1kmE3873N3120",17012.264314
"4113","1kmE3873N3121",16723.6636895
"4114","1kmE3873N3122",16995.670366
"4115","1kmE3873N3123",13189.145429
"4116","1kmE3873N3124",10966.4279875
"4117","1kmE3873N3125",10435.940801
"4118","1kmE3873N3126",13516.0731465
"4119","1kmE3873N3127",14351.0306675
"4120","1kmE3873N3128",14155.6304405
"4121","1kmE3873N3129",13755.95998
"4122","1kmE3873N3130",11219.757069
"4123","1kmE3873N3131",3808.4912895
"4124","1kmE3873N3132",2796.2966695
"4125","1kmE3873N3133",8760.6967555
"4126","1kmE3873N3134",8449.785699
"4127","1kmE3873N3135",6016.2449375
"4128","1kmE3873N3136",9372.096117
"4129","1kmE3873N3137",8943.841588
"4130","1kmE3873N3138",3741.715109
"4131","1kmE3873N3139",8308.882571
"4132","1kmE3873N3140",7686.031887
"4133","1kmE3873N3141",3828.957573
"4134","1kmE3873N3142",4418.1812055
"4135","1kmE3873N3143",3165.738483
"4136","1kmE3873N3144",2844.326388
"4137","1kmE3873N3145",5929.7467205
"4138","1kmE3873N3146",13923.755049
"4139","1kmE3873N3147",15360.8820075
"4140","1kmE3873N3148",11992.362599
"4141","1kmE3873N3149",8495.251395
"4142","1kmE3873N3150",10488.9425405
"4143","1kmE3873N3151",7999.9117595
"4144","1kmE3874N3089",7357.003875
"4145","1kmE3874N3090",12025.6334425
"4146","1kmE3874N3091",15522.6888335
"4147","1kmE3874N3092",16213.4929395
"4148","1kmE3874N3093",13051.495883
"4149","1kmE3874N3094",10874.175876
"4150","1kmE3874N3095",10889.30149
"4151","1kmE3874N3096",11156.918621
"4152","1kmE3874N3097",13860.557581
"4153","1kmE3874N3098",12556.5892745
"4154","1kmE3874N3099",13106.57681
"4155","1kmE3874N3100",14350.4952515
"4156","1kmE3874N3101",17152.8907
"4157","1kmE3874N3102",19251.7452765
"4158","1kmE3874N3103",17519.6462245
"4159","1kmE3874N3104",16957.9689285
"4160","1kmE3874N3105",16102.4176285
"4161","1kmE3874N3106",14021.6235935
"4162","1kmE3874N3107",13703.565503
"4163","1kmE3874N3108",14930.3005645
"4164","1kmE3874N3109",15001.7898545
"4165","1kmE3874N3110",15076.330897
"4166","1kmE3874N3111",15040.9152165
"4167","1kmE3874N3112",16732.8756805
"4168","1kmE3874N3113",15645.432823
"4169","1kmE3874N3114",15455.5240395
"4170","1kmE3874N3115",14853.2919945
"4171","1kmE3874N3116",12606.2840265
"4172","1kmE3874N3117",8809.9495365
"4173","1kmE3874N3118",14789.8115265
"4174","1kmE3874N3119",15732.835759
"4175","1kmE3874N3120",18884.7059665
"4176","1kmE3874N3121",17527.908553
"4177","1kmE3874N3122",15478.0429245
"4178","1kmE3874N3123",9850.6088025
"4179","1kmE3874N3124",10636.3059415
"4180","1kmE3874N3125",13523.9309045
"4181","1kmE3874N3126",13595.5441255
"4182","1kmE3874N3127",16916.139271
"4183","1kmE3874N3128",16564.164881
"4184","1kmE3874N3129",14380.8687205
"4185","1kmE3874N3130",11211.0206975
"4186","1kmE3874N3131",6405.2016755
"4187","1kmE3874N3132",4479.576374
"4188","1kmE3874N3133",9659.8303485
"4189","1kmE3874N3134",6586.067875
"4190","1kmE3874N3135",7022.4269805
"4191","1kmE3874N3136",9076.6629675
"4192","1kmE3874N3137",11265.901322
"4193","1kmE3874N3138",7678.2083085
"4194","1kmE3874N3139",3514.8748755
"4195","1kmE3874N3140",1898.710502
"4196","1kmE3874N3141",1108.20906
"4197","1kmE3874N3142",6639.4916
"4198","1kmE3874N3143",7851.7823945
"4199","1kmE3874N3144",4558.6265615
"4200","1kmE3874N3145",4366.510191
"4201","1kmE3874N3146",11305.0031115
"4202","1kmE3874N3147",13212.3349115
"4203","1kmE3874N3148",11771.4306115
"4204","1kmE3874N3149",8083.9166735
"4205","1kmE3874N3150",9281.7288255
"4206","1kmE3874N3151",8965.6455025
"4207","1kmE3874N3152",9327.311134
"4208","1kmE3875N3090",5608.358538
"4209","1kmE3875N3091",10080.789277
"4210","1kmE3875N3092",9611.723124
"4211","1kmE3875N3093",13928.378256
"4212","1kmE3875N3094",13248.697325
"4213","1kmE3875N3095",11273.8077855
"4214","1kmE3875N3096",10433.000314
"4215","1kmE3875N3097",11683.328084
"4216","1kmE3875N3098",13544.858188
"4217","1kmE3875N3099",10751.551817
"4218","1kmE3875N3100",13615.0434755
"4219","1kmE3875N3101",14217.7339565
"4220","1kmE3875N3102",16946.584713
"4221","1kmE3875N3103",13369.9323665
"4222","1kmE3875N3104",15182.4013715
"4223","1kmE3875N3105",15783.7761375
"4224","1kmE3875N3106",12426.26842
"4225","1kmE3875N3107",16103.9025445
"4226","1kmE3875N3108",18093.297302
"4227","1kmE3875N3109",18613.4958925
"4228","1kmE3875N3110",17020.6860095
"4229","1kmE3875N3111",16211.4277575
"4230","1kmE3875N3112",18114.284774
"4231","1kmE3875N3113",15939.893101
"4232","1kmE3875N3114",13436.4836125
"4233","1kmE3875N3115",11995.6011215
"4234","1kmE3875N3116",12313.702541
"4235","1kmE3875N3117",13897.536333
"4236","1kmE3875N3118",14531.4379515
"4237","1kmE3875N3119",15682.2281265
"4238","1kmE3875N3120",17500.1158045
"4239","1kmE3875N3121",16020.4708815
"4240","1kmE3875N3122",14980.9771175
"4241","1kmE3875N3123",11490.397821
"4242","1kmE3875N3124",13483.0012835
"4243","1kmE3875N3125",16775.015993
"4244","1kmE3875N3126",16909.40285
"4245","1kmE3875N3127",17697.7408355
"4246","1kmE3875N3128",15622.6305255
"4247","1kmE3875N3129",9856.885463
"4248","1kmE3875N3130",8318.1860925
"4249","1kmE3875N3131",6857.6162335
"4250","1kmE3875N3132",8104.030232
"4251","1kmE3875N3133",10916.0859465
"4252","1kmE3875N3134",8767.7412775
"4253","1kmE3875N3135",8083.4039415
"4254","1kmE3875N3136",11936.996694
"4255","1kmE3875N3137",11647.7982015
"4256","1kmE3875N3138",10652.2996655
"4257","1kmE3875N3139",7974.0508145
"4258","1kmE3875N3140",7658.5353525
"4259","1kmE3875N3141",10759.556157
"4260","1kmE3875N3142",10513.2785305
"4261","1kmE3875N3143",7256.539827
"4262","1kmE3875N3144",2986.3581745
"4263","1kmE3875N3145",4489.4031775
"4264","1kmE3875N3146",6040.539319
"4265","1kmE3875N3147",7843.8042785
"4266","1kmE3875N3148",7427.2661565
"4267","1kmE3875N3149",5972.283539
"4268","1kmE3875N3150",9130.372773
"4269","1kmE3875N3151",9858.888083
"4270","1kmE3875N3152",10552.248987
"4271","1kmE3876N3092",11981.7146385
"4272","1kmE3876N3093",15526.8581115
"4273","1kmE3876N3094",14847.9121485
"4274","1kmE3876N3095",12763.6884865
"4275","1kmE3876N3096",14137.5557635
"4276","1kmE3876N3097",15350.5031865
"4277","1kmE3876N3098",15371.495338
"4278","1kmE3876N3099",13118.79592
"4279","1kmE3876N3100",10404.3992205
"4280","1kmE3876N3101",11289.570459
"4281","1kmE3876N3102",11087.1611845
"4282","1kmE3876N3103",10134.1552395
"4283","1kmE3876N3104",11508.340682
"4284","1kmE3876N3105",15629.864943
"4285","1kmE3876N3106",16111.605591
"4286","1kmE3876N3107",14658.303581
"4287","1kmE3876N3108",18265.019222
"4288","1kmE3876N3109",17161.7561075
"4289","1kmE3876N3110",13128.3244625
"4290","1kmE3876N3111",13485.907791
"4291","1kmE3876N3112",16844.9246495
"4292","1kmE3876N3113",15409.535965
"4293","1kmE3876N3114",11311.2726085
"4294","1kmE3876N3115",14080.953316
"4295","1kmE3876N3116",13799.852113
"4296","1kmE3876N3117",16922.9872145
"4297","1kmE3876N3118",15343.037272
"4298","1kmE3876N3119",16724.726361
"4299","1kmE3876N3120",16256.397673
"4300","1kmE3876N3121",13859.5335565
"4301","1kmE3876N3122",17629.912807
"4302","1kmE3876N3123",16287.2151385
"4303","1kmE3876N3124",14728.3705685
"4304","1kmE3876N3125",17601.8249395
"4305","1kmE3876N3126",19733.188823
"4306","1kmE3876N3127",19481.7633655
"4307","1kmE3876N3128",15756.6962965
"4308","1kmE3876N3129",11592.6146965
"4309","1kmE3876N3130",8235.7253885
"4310","1kmE3876N3131",9391.1750825
"4311","1kmE3876N3132",7742.9041585
"4312","1kmE3876N3133",7676.225208
"4313","1kmE3876N3134",6726.2374705
"4314","1kmE3876N3135",4362.063065
"4315","1kmE3876N3136",13290.0739525
"4316","1kmE3876N3137",13623.147526
"4317","1kmE3876N3138",7072.553596
"4318","1kmE3876N3139",6587.326178
"4319","1kmE3876N3140",3782.2018405
"4320","1kmE3876N3141",4341.772797
"4321","1kmE3876N3142",6884.080679
"4322","1kmE3876N3143",5990.974048
"4323","1kmE3876N3144",1861.143822
"4324","1kmE3876N3145",5072.2773605
"4325","1kmE3876N3146",8475.0850045
"4326","1kmE3876N3147",9836.7840145
"4327","1kmE3876N3148",7754.7485725
"4328","1kmE3876N3149",3275.228429
"4329","1kmE3876N3150",9734.146574
"4330","1kmE3876N3151",10333.7768465
"4331","1kmE3877N3092",12942.4286245
"4332","1kmE3877N3093",12514.95209
"4333","1kmE3877N3094",12014.502735
"4334","1kmE3877N3095",15062.2806875
"4335","1kmE3877N3096",16303.3590345
"4336","1kmE3877N3097",12716.5124055
"4337","1kmE3877N3098",8975.334578
"4338","1kmE3877N3099",11155.796983
"4339","1kmE3877N3100",8162.131833
"4340","1kmE3877N3101",9154.095396
"4341","1kmE3877N3102",11343.2698025
"4342","1kmE3877N3103",11577.7694095
"4343","1kmE3877N3104",11115.009614
"4344","1kmE3877N3105",15171.3934495
"4345","1kmE3877N3106",16385.2194795
"4346","1kmE3877N3107",17306.1952265
"4347","1kmE3877N3108",15081.641402
"4348","1kmE3877N3109",12273.6324445
"4349","1kmE3877N3110",10185.36603
"4350","1kmE3877N3111",11471.9087605
"4351","1kmE3877N3112",16317.7282985
"4352","1kmE3877N3113",15920.963075
"4353","1kmE3877N3114",14473.753487
"4354","1kmE3877N3115",13538.9179825
"4355","1kmE3877N3116",12485.094908
"4356","1kmE3877N3117",15935.859309
"4357","1kmE3877N3118",16152.6692625
"4358","1kmE3877N3119",16025.7908635
"4359","1kmE3877N3120",18088.3129455
"4360","1kmE3877N3121",17101.84914
"4361","1kmE3877N3122",17219.52055
"4362","1kmE3877N3123",16789.562887
"4363","1kmE3877N3124",17278.570457
"4364","1kmE3877N3125",20419.4457415
"4365","1kmE3877N3126",20675.8364865
"4366","1kmE3877N3127",18798.4946345
"4367","1kmE3877N3128",11781.111893
"4368","1kmE3877N3129",4556.2358125
"4369","1kmE3877N3130",8138.1333005
"4370","1kmE3877N3131",10713.1787035
"4371","1kmE3877N3132",11516.473451
"4372","1kmE3877N3133",5065.770514
"4373","1kmE3877N3134",8547.868838
"4374","1kmE3877N3135",9570.6491335
"4375","1kmE3877N3136",7453.339276
"4376","1kmE3877N3137",10276.6719255
"4377","1kmE3877N3138",6761.0685865
"4378","1kmE3877N3139",2093.526133
"4379","1kmE3877N3140",205.0163895
"4380","1kmE3877N3141",6666.178472
"4381","1kmE3877N3142",4003.014381
"4382","1kmE3877N3143",4006.704538
"4383","1kmE3877N3144",2063.6320295
"4384","1kmE3877N3145",6417.017694
"4385","1kmE3877N3146",12183.531085
"4386","1kmE3877N3147",10463.9189275
"4387","1kmE3877N3148",6262.139406
"4388","1kmE3877N3149",6097.3434195
"4389","1kmE3877N3150",11788.0058415
"4390","1kmE3878N3091",10126.4810895
"4391","1kmE3878N3092",15728.2764455
"4392","1kmE3878N3093",13442.7435555
"4393","1kmE3878N3094",12786.21445
"4394","1kmE3878N3095",14672.800231
"4395","1kmE3878N3096",15908.882992
"4396","1kmE3878N3097",14071.918001
"4397","1kmE3878N3098",7576.7461995
"4398","1kmE3878N3099",11752.949622
"4399","1kmE3878N3100",11858.001439
"4400","1kmE3878N3101",11242.258415
"4401","1kmE3878N3102",12246.227409
"4402","1kmE3878N3103",13250.4191805
"4403","1kmE3878N3104",11812.751737
"4404","1kmE3878N3105",11739.047706
"4405","1kmE3878N3106",14397.6982455
"4406","1kmE3878N3107",16750.234275
"4407","1kmE3878N3108",12219.6432495
"4408","1kmE3878N3109",11199.070349
"4409","1kmE3878N3110",9586.469684
"4410","1kmE3878N3111",13439.7381915
"4411","1kmE3878N3112",15942.332994
"4412","1kmE3878N3113",16554.013964
"4413","1kmE3878N3114",16026.5408265
"4414","1kmE3878N3115",14775.239887
"4415","1kmE3878N3116",13323.631872
"4416","1kmE3878N3117",16149.8522575
"4417","1kmE3878N3118",15333.423485
"4418","1kmE3878N3119",15664.183793
"4419","1kmE3878N3120",16455.7766645
"4420","1kmE3878N3121",19646.8652315
"4421","1kmE3878N3122",21088.277074
"4422","1kmE3878N3123",19065.2600015
"4423","1kmE3878N3124",20612.871826
"4424","1kmE3878N3125",20245.6955275
"4425","1kmE3878N3126",20247.524335
"4426","1kmE3878N3127",18565.205834
"4427","1kmE3878N3128",11876.737189
"4428","1kmE3878N3129",8352.631208
"4429","1kmE3878N3130",8763.7195115
"4430","1kmE3878N3131",12564.8442855
"4431","1kmE3878N3132",10140.1353695
"4432","1kmE3878N3133",4146.887527
"4433","1kmE3878N3134",7355.4841155
"4434","1kmE3878N3135",9289.2170975
"4435","1kmE3878N3136",9187.661108
"4436","1kmE3878N3137",7477.587522
"4437","1kmE3878N3138",8447.2151
"4438","1kmE3878N3139",2902.005646
"4439","1kmE3878N3140",617.6032465
"4440","1kmE3878N3141",5792.650044
"4441","1kmE3878N3142",5738.7562325
"4442","1kmE3878N3143",2339.198804
"4443","1kmE3878N3144",5160.378521
"4444","1kmE3878N3145",5037.9664265
"4445","1kmE3878N3146",11673.1126815
"4446","1kmE3878N3147",12286.828256
"4447","1kmE3878N3148",8408.8970625
"4448","1kmE3878N3149",4874.682565
"4449","1kmE3878N3150",10948.651337
"4450","1kmE3879N3092",15255.6486825
"4451","1kmE3879N3093",13239.418682
"4452","1kmE3879N3094",11901.813298
"4453","1kmE3879N3095",11193.8100775
"4454","1kmE3879N3096",11910.230203
"4455","1kmE3879N3097",13520.1578135
"4456","1kmE3879N3098",11101.724057
"4457","1kmE3879N3099",9229.8692235
"4458","1kmE3879N3100",9744.500545
"4459","1kmE3879N3101",10720.020687
"4460","1kmE3879N3102",10249.17426
"4461","1kmE3879N3103",11549.835175
"4462","1kmE3879N3104",14319.304785
"4463","1kmE3879N3105",10805.6778955
"4464","1kmE3879N3106",15052.720532
"4465","1kmE3879N3107",13696.7496755
"4466","1kmE3879N3108",8874.7549035
"4467","1kmE3879N3109",10790.473665
"4468","1kmE3879N3110",12174.617847
"4469","1kmE3879N3111",15063.121544
"4470","1kmE3879N3112",16729.865475
"4471","1kmE3879N3113",14844.3042365
"4472","1kmE3879N3114",16087.365588
"4473","1kmE3879N3115",16973.183866
"4474","1kmE3879N3116",11078.148236
"4475","1kmE3879N3117",13563.9901975
"4476","1kmE3879N3118",16517.344682
"4477","1kmE3879N3119",17813.9014575
"4478","1kmE3879N3120",19859.972383
"4479","1kmE3879N3121",20562.3746645
"4480","1kmE3879N3122",21076.3176575
"4481","1kmE3879N3123",20086.0365945
"4482","1kmE3879N3124",20906.5426445
"4483","1kmE3879N3125",19209.493826
"4484","1kmE3879N3126",15514.4259025
"4485","1kmE3879N3127",16598.618071
"4486","1kmE3879N3128",15094.2208725
"4487","1kmE3879N3129",12595.436316
"4488","1kmE3879N3130",5881.0625655
"4489","1kmE3879N3131",5896.302059
"4490","1kmE3879N3132",4043.019996
"4491","1kmE3879N3133",1689.071771
"4492","1kmE3879N3134",5517.1659365
"4493","1kmE3879N3135",2387.1481445
"4494","1kmE3879N3136",13607.2054365
"4495","1kmE3879N3137",12674.871543
"4496","1kmE3879N3138",6931.922082
"4497","1kmE3879N3139",1256.3871225
"4498","1kmE3879N3140",3008.746294
"4499","1kmE3879N3141",6531.1857705
"4500","1kmE3879N3142",3845.8726075
"4501","1kmE3879N3143",6988.4667225
"4502","1kmE3879N3144",7080.060079
"4503","1kmE3879N3145",3665.131854
"4504","1kmE3879N3146",9288.32007
"4505","1kmE3879N3147",14051.075065
"4506","1kmE3879N3148",7081.012362
"4507","1kmE3879N3149",6548.0496225
"4508","1kmE3879N3150",10303.8845445
"4509","1kmE3880N3092",13402.611877
"4510","1kmE3880N3093",13831.7686095
"4511","1kmE3880N3094",10956.7105445
"4512","1kmE3880N3095",9501.108763
"4513","1kmE3880N3096",12762.230059
"4514","1kmE3880N3097",12856.5257135
"4515","1kmE3880N3098",9516.014681
"4516","1kmE3880N3099",8266.083334
"4517","1kmE3880N3100",8977.520542
"4518","1kmE3880N3101",9602.2530345
"4519","1kmE3880N3102",9318.80299
"4520","1kmE3880N3103",10501.7554005
"4521","1kmE3880N3104",14201.230775
"4522","1kmE3880N3105",11943.1104145
"4523","1kmE3880N3106",15135.6980615
"4524","1kmE3880N3107",14213.995009
"4525","1kmE3880N3108",10549.5697055
"4526","1kmE3880N3109",13526.103955
"4527","1kmE3880N3110",15031.130628
"4528","1kmE3880N3111",17531.079088
"4529","1kmE3880N3112",17890.513854
"4530","1kmE3880N3113",14702.032627
"4531","1kmE3880N3114",14850.2152395
"4532","1kmE3880N3115",16951.1154105
"4533","1kmE3880N3116",16608.861702
"4534","1kmE3880N3117",15334.7798295
"4535","1kmE3880N3118",17014.2814735
"4536","1kmE3880N3119",17699.4102835
"4537","1kmE3880N3120",19356.228248
"4538","1kmE3880N3121",18916.7779925
"4539","1kmE3880N3122",18956.725599
"4540","1kmE3880N3123",18404.82023
"4541","1kmE3880N3124",18552.1539415
"4542","1kmE3880N3125",18079.6829365
"4543","1kmE3880N3126",13060.6702805
"4544","1kmE3880N3127",14244.020266
"4545","1kmE3880N3128",14347.519553
"4546","1kmE3880N3129",13265.742873
"4547","1kmE3880N3130",5932.9354055
"4548","1kmE3880N3131",8810.5116085
"4549","1kmE3880N3132",5710.2262865
"4550","1kmE3880N3133",5552.0087575
"4551","1kmE3880N3134",6693.959066
"4552","1kmE3880N3135",6190.575374
"4553","1kmE3880N3136",11149.230544
"4554","1kmE3880N3137",10664.655806
"4555","1kmE3880N3138",8510.806414
"4556","1kmE3880N3139",5226.7471205
"4557","1kmE3880N3140",10640.431342
"4558","1kmE3880N3141",4740.6554685
"4559","1kmE3880N3142",913.248467
"4560","1kmE3880N3143",6360.6629445
"4561","1kmE3880N3144",8321.1793605
"4562","1kmE3880N3145",3548.9485425
"4563","1kmE3880N3146",8611.1257335
"4564","1kmE3880N3147",14469.6128835
"4565","1kmE3880N3148",8156.557953
"4566","1kmE3880N3149",8962.6549355
"4567","1kmE3881N3090",12091.8742315
"4568","1kmE3881N3091",14493.7401435
"4569","1kmE3881N3092",14461.514117
"4570","1kmE3881N3093",15831.030647
"4571","1kmE3881N3094",12026.302286
"4572","1kmE3881N3095",10557.867595
"4573","1kmE3881N3096",10236.8860825
"4574","1kmE3881N3097",11604.1507715
"4575","1kmE3881N3098",12229.0812505
"4576","1kmE3881N3099",10890.942881
"4577","1kmE3881N3100",9419.527549
"4578","1kmE3881N3101",9497.939029
"4579","1kmE3881N3102",11705.1864555
"4580","1kmE3881N3103",13901.988611
"4581","1kmE3881N3104",11965.7300215
"4582","1kmE3881N3105",11879.529833
"4583","1kmE3881N3106",12605.149113
"4584","1kmE3881N3107",14341.1455535
"4585","1kmE3881N3108",11348.3529625
"4586","1kmE3881N3109",12202.8955185
"4587","1kmE3881N3110",13290.8358765
"4588","1kmE3881N3111",15266.1668425
"4589","1kmE3881N3112",16466.3679285
"4590","1kmE3881N3113",14375.525799
"4591","1kmE3881N3114",13052.9964605
"4592","1kmE3881N3115",15097.585756
"4593","1kmE3881N3116",14452.05041
"4594","1kmE3881N3117",14891.4791805
"4595","1kmE3881N3118",16528.847237
"4596","1kmE3881N3119",17118.2059505
"4597","1kmE3881N3120",16979.4718385
"4598","1kmE3881N3121",17952.806125
"4599","1kmE3881N3122",19795.341767
"4600","1kmE3881N3123",17692.9913505
"4601","1kmE3881N3124",19760.812249
"4602","1kmE3881N3125",19186.425667
"4603","1kmE3881N3126",17020.7010305
"4604","1kmE3881N3127",14825.4442635
"4605","1kmE3881N3128",14353.3105075
"4606","1kmE3881N3129",17251.0675905
"4607","1kmE3881N3130",6141.4397975
"4608","1kmE3881N3131",10353.994567
"4609","1kmE3881N3132",11231.0016755
"4610","1kmE3881N3133",8350.642625
"4611","1kmE3881N3134",8160.863878
"4612","1kmE3881N3135",8778.656212
"4613","1kmE3881N3136",6315.676111
"4614","1kmE3881N3137",7693.4722385
"4615","1kmE3881N3138",2349.016855
"4616","1kmE3881N3139",4191.826837
"4617","1kmE3881N3140",9408.2162305
"4618","1kmE3881N3141",2035.246824
"4619","1kmE3881N3142",2079.6962975
"4620","1kmE3881N3143",7170.831958
"4621","1kmE3881N3144",9503.149965
"4622","1kmE3881N3145",9478.9526045
"4623","1kmE3881N3146",10995.5920085
"4624","1kmE3881N3147",12800.7142695
"4625","1kmE3881N3148",10291.572178
"4626","1kmE3881N3149",9596.66295
"4627","1kmE3882N3089",7325.902223
"4628","1kmE3882N3090",13787.451834
"4629","1kmE3882N3091",14972.676916
"4630","1kmE3882N3092",16186.9490295
"4631","1kmE3882N3093",16093.29142
"4632","1kmE3882N3094",13377.186438
"4633","1kmE3882N3095",13082.847212
"4634","1kmE3882N3096",11262.2370175
"4635","1kmE3882N3097",13799.4055035
"4636","1kmE3882N3098",15034.9700055
"4637","1kmE3882N3099",17739.126975
"4638","1kmE3882N3100",15326.946982
"4639","1kmE3882N3101",11483.3631735
"4640","1kmE3882N3102",14940.037603
"4641","1kmE3882N3103",15699.4604925
"4642","1kmE3882N3104",12726.8477395
"4643","1kmE3882N3105",12095.488289
"4644","1kmE3882N3106",12540.4718075
"4645","1kmE3882N3107",11459.741543
"4646","1kmE3882N3108",10928.3985605
"4647","1kmE3882N3109",11949.1396925
"4648","1kmE3882N3110",12100.0126445
"4649","1kmE3882N3111",14839.806587
"4650","1kmE3882N3112",15222.375515
"4651","1kmE3882N3113",16411.8292405
"4652","1kmE3882N3114",15931.4918245
"4653","1kmE3882N3115",14422.8806615
"4654","1kmE3882N3116",11067.1317085
"4655","1kmE3882N3117",15759.383585
"4656","1kmE3882N3118",15815.2413255
"4657","1kmE3882N3119",19696.809661
"4658","1kmE3882N3120",18534.445375
"4659","1kmE3882N3121",18360.5667465
"4660","1kmE3882N3122",18231.6365055
"4661","1kmE3882N3123",18533.7447495
"4662","1kmE3882N3124",19676.2958985
"4663","1kmE3882N3125",19705.882148
"4664","1kmE3882N3126",16846.4291615
"4665","1kmE3882N3127",14275.338194
"4666","1kmE3882N3128",14923.7003745
"4667","1kmE3882N3129",17624.3502295
"4668","1kmE3882N3130",12172.3468415
"4669","1kmE3882N3131",7410.114754
"4670","1kmE3882N3132",9361.5916875
"4671","1kmE3882N3133",8529.3181225
"4672","1kmE3882N3134",8926.5315255
"4673","1kmE3882N3135",8847.828877
"4674","1kmE3882N3136",9706.1955485
"4675","1kmE3882N3137",9008.316985
"4676","1kmE3882N3138",2226.859799
"4677","1kmE3882N3139",2049.024527
"4678","1kmE3882N3140",3140.96208
"4679","1kmE3882N3141",907.367047499999
"4680","1kmE3882N3142",2645.8444705
"4681","1kmE3882N3143",4847.420829
"4682","1kmE3882N3144",6799.7364645
"4683","1kmE3882N3145",9369.6168205
"4684","1kmE3882N3146",8557.671365
"4685","1kmE3882N3147",12020.3375895
"4686","1kmE3882N3148",11000.8032735
"4687","1kmE3883N3089",3448.335713
"4688","1kmE3883N3090",9852.011402
"4689","1kmE3883N3091",12789.954965
"4690","1kmE3883N3092",15987.714697
"4691","1kmE3883N3093",15501.6193945
"4692","1kmE3883N3094",10249.1931445
"4693","1kmE3883N3095",11745.742039
"4694","1kmE3883N3096",13999.1574935
"4695","1kmE3883N3097",15294.089133
"4696","1kmE3883N3098",13713.057219
"4697","1kmE3883N3099",15582.7077555
"4698","1kmE3883N3100",14996.7859575
"4699","1kmE3883N3101",14133.156242
"4700","1kmE3883N3102",13901.5552925
"4701","1kmE3883N3103",14119.4276615
"4702","1kmE3883N3104",13515.806298
"4703","1kmE3883N3105",10817.911364
"4704","1kmE3883N3106",10051.462874
"4705","1kmE3883N3107",10848.95426
"4706","1kmE3883N3108",11524.824602
"4707","1kmE3883N3109",11875.8106795
"4708","1kmE3883N3110",12362.6718445
"4709","1kmE3883N3111",14482.283489
"4710","1kmE3883N3112",16500.0564705
"4711","1kmE3883N3113",15521.7208835
"4712","1kmE3883N3114",13087.8597465
"4713","1kmE3883N3115",13198.8883215
"4714","1kmE3883N3116",13421.799504
"4715","1kmE3883N3117",15325.167244
"4716","1kmE3883N3118",16633.407865
"4717","1kmE3883N3119",17829.748517
"4718","1kmE3883N3120",18724.0721185
"4719","1kmE3883N3121",17904.897432
"4720","1kmE3883N3122",18087.287864
"4721","1kmE3883N3123",18973.004456
"4722","1kmE3883N3124",19384.0172815
"4723","1kmE3883N3125",20256.004868
"4724","1kmE3883N3126",16703.585256
"4725","1kmE3883N3127",14403.031498
"4726","1kmE3883N3128",11508.2600245
"4727","1kmE3883N3129",10403.5742
"4728","1kmE3883N3130",12246.277962
"4729","1kmE3883N3131",7240.696414
"4730","1kmE3883N3132",6420.223748
"4731","1kmE3883N3133",6743.1283325
"4732","1kmE3883N3134",9417.595907
"4733","1kmE3883N3135",9680.530214
"4734","1kmE3883N3136",5899.516399
"4735","1kmE3883N3137",5637.3841885
"4736","1kmE3883N3138",5760.662562
"4737","1kmE3883N3139",8855.6548995
"4738","1kmE3883N3140",6905.414444
"4739","1kmE3883N3141",960.001167499999
"4740","1kmE3883N3142",5124.824595
"4741","1kmE3883N3143",9600.620868
"4742","1kmE3883N3144",4534.3697335
"4743","1kmE3883N3145",7385.172082
"4744","1kmE3883N3146",7561.7451765
"4745","1kmE3883N3147",12026.012118
"4746","1kmE3884N3089",4420.772781
"4747","1kmE3884N3090",13592.4464345
"4748","1kmE3884N3091",14184.92767
"4749","1kmE3884N3092",14326.316336
"4750","1kmE3884N3093",14430.23852
"4751","1kmE3884N3094",9290.5816285
"4752","1kmE3884N3095",7512.1822755
"4753","1kmE3884N3096",13945.771161
"4754","1kmE3884N3097",15064.7350425
"4755","1kmE3884N3098",11275.1895495
"4756","1kmE3884N3099",12569.1732895
"4757","1kmE3884N3100",11919.357449
"4758","1kmE3884N3101",10738.447146
"4759","1kmE3884N3102",14658.504825
"4760","1kmE3884N3103",15258.3300435
"4761","1kmE3884N3104",13749.582356
"4762","1kmE3884N3105",8492.887773
"4763","1kmE3884N3106",9206.751687
"4764","1kmE3884N3107",9697.4537495
"4765","1kmE3884N3108",10865.86889
"4766","1kmE3884N3109",11351.7118015
"4767","1kmE3884N3110",12366.7676445
"4768","1kmE3884N3111",14945.8842405
"4769","1kmE3884N3112",17982.942502
"4770","1kmE3884N3113",15442.0286205
"4771","1kmE3884N3114",14642.7293135
"4772","1kmE3884N3115",14810.7781755
"4773","1kmE3884N3116",15774.96569
"4774","1kmE3884N3117",13200.9720065
"4775","1kmE3884N3118",13609.029737
"4776","1kmE3884N3119",13479.1139485
"4777","1kmE3884N3120",14684.5973515
"4778","1kmE3884N3121",17141.260684
"4779","1kmE3884N3122",18397.7129045
"4780","1kmE3884N3123",19683.145048
"4781","1kmE3884N3124",18680.3640215
"4782","1kmE3884N3125",17047.2788015
"4783","1kmE3884N3126",16372.7859105
"4784","1kmE3884N3127",13170.4870855
"4785","1kmE3884N3128",10521.073029
"4786","1kmE3884N3129",10902.5436995
"4787","1kmE3884N3130",7852.737203
"4788","1kmE3884N3131",7839.439749
"4789","1kmE3884N3132",10371.928816
"4790","1kmE3884N3133",8669.7359755
"4791","1kmE3884N3134",10204.6443285
"4792","1kmE3884N3135",9028.1140995
"4793","1kmE3884N3136",10699.602627
"4794","1kmE3884N3137",10625.352745
"4795","1kmE3884N3138",10625.3618785
"4796","1kmE3884N3139",2697.0462445
"4797","1kmE3884N3140",5478.134311
"4798","1kmE3884N3141",4701.965426
"4799","1kmE3884N3142",7542.1406515
"4800","1kmE3884N3143",10879.031719
"4801","1kmE3884N3144",14572.6109525
"4802","1kmE3884N3145",16647.7396335
"4803","1kmE3884N3146",11482.2472965
"4804","1kmE3884N3147",10710.1075005
"4805","1kmE3885N3088",8541.651824
"4806","1kmE3885N3089",8250.8060895
"4807","1kmE3885N3090",12436.6628615
"4808","1kmE3885N3091",13304.7837715
"4809","1kmE3885N3092",12490.053628
"4810","1kmE3885N3093",12036.929244
"4811","1kmE3885N3094",11094.356125
"4812","1kmE3885N3095",9316.196874
"4813","1kmE3885N3096",7814.401829
"4814","1kmE3885N3097",9951.171946
"4815","1kmE3885N3098",10300.5297425
"4816","1kmE3885N3099",15417.825133
"4817","1kmE3885N3100",14475.281887
"4818","1kmE3885N3101",10739.612676
"4819","1kmE3885N3102",15049.9383465
"4820","1kmE3885N3103",15516.2134575
"4821","1kmE3885N3104",12080.900481
"4822","1kmE3885N3105",11424.250252
"4823","1kmE3885N3106",8780.71941
"4824","1kmE3885N3107",11926.1002085
"4825","1kmE3885N3108",12137.6476705
"4826","1kmE3885N3109",10711.3736175
"4827","1kmE3885N3110",11103.542887
"4828","1kmE3885N3111",13578.0276565
"4829","1kmE3885N3112",16028.4957475
"4830","1kmE3885N3113",18262.33387
"4831","1kmE3885N3114",18467.7597675
"4832","1kmE3885N3115",16103.438589
"4833","1kmE3885N3116",12734.365805
"4834","1kmE3885N3117",12622.961481
"4835","1kmE3885N3118",17849.8794595
"4836","1kmE3885N3119",17342.590723
"4837","1kmE3885N3120",16978.1355265
"4838","1kmE3885N3121",19426.4312165
"4839","1kmE3885N3122",17460.7423475
"4840","1kmE3885N3123",16751.862846
"4841","1kmE3885N3124",16195.125748
"4842","1kmE3885N3125",15663.987601
"4843","1kmE3885N3126",13882.718456
"4844","1kmE3885N3127",9927.1086995
"4845","1kmE3885N3128",12293.319817
"4846","1kmE3885N3129",11732.4155845
"4847","1kmE3885N3130",7838.3827485
"4848","1kmE3885N3131",7777.3544045
"4849","1kmE3885N3132",12739.0928415
"4850","1kmE3885N3133",14079.803702
"4851","1kmE3885N3134",11112.4672725
"4852","1kmE3885N3135",7778.089454
"4853","1kmE3885N3136",7262.553143
"4854","1kmE3885N3137",6009.9514855
"4855","1kmE3885N3138",4997.639204
"4856","1kmE3885N3139",3476.641324
"4857","1kmE3885N3140",5501.2730555
"4858","1kmE3885N3141",4364.778098
"4859","1kmE3885N3142",7332.993679
"4860","1kmE3885N3143",10573.450837
"4861","1kmE3885N3144",14604.77131
"4862","1kmE3885N3145",16369.0122
"4863","1kmE3885N3146",13935.646957
"4864","1kmE3885N3147",11142.260658
"4865","1kmE3886N3088",9538.9987125
"4866","1kmE3886N3089",6293.3863
"4867","1kmE3886N3090",10137.2773025
"4868","1kmE3886N3091",10741.566308
"4869","1kmE3886N3092",9073.4663195
"4870","1kmE3886N3093",8020.944762
"4871","1kmE3886N3094",9408.967718
"4872","1kmE3886N3095",9883.2592515
"4873","1kmE3886N3096",9678.263841
"4874","1kmE3886N3097",10269.4857975
"4875","1kmE3886N3098",14416.5399625
"4876","1kmE3886N3099",14517.89644
"4877","1kmE3886N3100",9448.833863
"4878","1kmE3886N3101",11884.370551
"4879","1kmE3886N3102",15529.9883175
"4880","1kmE3886N3103",14310.918272
"4881","1kmE3886N3104",13575.291325
"4882","1kmE3886N3105",11224.6025795
"4883","1kmE3886N3106",10310.3717855
"4884","1kmE3886N3107",13027.903363
"4885","1kmE3886N3108",11971.9357575
"4886","1kmE3886N3109",11729.1929515
"4887","1kmE3886N3110",9623.2430475
"4888","1kmE3886N3111",8561.300313
"4889","1kmE3886N3112",11878.916109
"4890","1kmE3886N3113",14325.734442
"4891","1kmE3886N3114",16717.7357035
"4892","1kmE3886N3115",16241.465783
"4893","1kmE3886N3116",14251.316564
"4894","1kmE3886N3117",15289.2445925
"4895","1kmE3886N3118",16609.342608
"4896","1kmE3886N3119",16988.0503745
"4897","1kmE3886N3120",17353.1189955
"4898","1kmE3886N3121",18724.253667
"4899","1kmE3886N3122",17437.0946155
"4900","1kmE3886N3123",16849.08144
"4901","1kmE3886N3124",14886.067324
"4902","1kmE3886N3125",12685.9108965
"4903","1kmE3886N3126",10526.7479115
"4904","1kmE3886N3127",12928.44059
"4905","1kmE3886N3128",14521.4958335
"4906","1kmE3886N3129",14172.3306185
"4907","1kmE3886N3130",15586.017699
"4908","1kmE3886N3131",14129.471523
"4909","1kmE3886N3132",13459.018104
"4910","1kmE3886N3133",14024.4460295
"4911","1kmE3886N3134",13858.874456
"4912","1kmE3886N3135",6732.033416
"4913","1kmE3886N3136",9235.7558645
"4914","1kmE3886N3137",13374.0397735
"4915","1kmE3886N3138",11772.8747725
"4916","1kmE3886N3139",5265.448109
"4917","1kmE3886N3140",7441.255248
"4918","1kmE3886N3141",6810.0998645
"4919","1kmE3886N3142",6352.7515675
"4920","1kmE3886N3143",12456.222311
"4921","1kmE3886N3144",9342.678338
"4922","1kmE3886N3145",14131.107975
"4923","1kmE3886N3146",13790.222924
"4924","1kmE3887N3088",7561.807256
"4925","1kmE3887N3089",11861.9584965
"4926","1kmE3887N3090",8946.317051
"4927","1kmE3887N3091",5252.7290135
"4928","1kmE3887N3092",7987.247216
"4929","1kmE3887N3093",9647.664495
"4930","1kmE3887N3094",8788.4466465
"4931","1kmE3887N3095",10355.293561
"4932","1kmE3887N3096",9603.3751175
"4933","1kmE3887N3097",12255.3633055
"4934","1kmE3887N3098",13122.6583485
"4935","1kmE3887N3099",11793.1359265
"4936","1kmE3887N3100",9467.8404295
"4937","1kmE3887N3101",10295.9017775
"4938","1kmE3887N3102",16222.3756935
"4939","1kmE3887N3103",13829.734151
"4940","1kmE3887N3104",12327.5745125
"4941","1kmE3887N3105",10432.3437145
"4942","1kmE3887N3106",13610.601365
"4943","1kmE3887N3107",11044.890891
"4944","1kmE3887N3108",7674.4148255
"4945","1kmE3887N3109",13190.496211
"4946","1kmE3887N3110",11644.5448255
"4947","1kmE3887N3111",11857.177944
"4948","1kmE3887N3112",10549.013847
"4949","1kmE3887N3113",9028.4894015
"4950","1kmE3887N3114",9216.996031
"4951","1kmE3887N3115",15426.9418065
"4952","1kmE3887N3116",16184.151012
"4953","1kmE3887N3117",14955.6457715
"4954","1kmE3887N3118",13574.833417
"4955","1kmE3887N3119",13481.6506675
"4956","1kmE3887N3120",12984.800311
"4957","1kmE3887N3121",16627.462185
"4958","1kmE3887N3122",19166.1897925
"4959","1kmE3887N3123",17792.7165895
"4960","1kmE3887N3124",11980.719249
"4961","1kmE3887N3125",9487.156227
"4962","1kmE3887N3126",9249.842339
"4963","1kmE3887N3127",10958.505177
"4964","1kmE3887N3128",11330.107546
"4965","1kmE3887N3129",8149.4175405
"4966","1kmE3887N3130",11240.394715
"4967","1kmE3887N3131",13931.2234895
"4968","1kmE3887N3132",14613.9620675
"4969","1kmE3887N3133",12842.9383175
"4970","1kmE3887N3134",7770.136191
"4971","1kmE3887N3135",7066.8437505
"4972","1kmE3887N3136",12357.2802335
"4973","1kmE3887N3137",11580.565839
"4974","1kmE3887N3138",9610.8006525
"4975","1kmE3887N3139",6213.5310285
"4976","1kmE3887N3140",8653.9879365
"4977","1kmE3887N3141",11009.274858
"4978","1kmE3887N3142",8617.7162455
"4979","1kmE3887N3143",10552.5990765
"4980","1kmE3887N3144",10726.664372
"4981","1kmE3887N3145",11813.2138075
"4982","1kmE3887N3146",13103.2262095
"4983","1kmE3888N3088",7661.3078845
"4984","1kmE3888N3089",12649.2479615
"4985","1kmE3888N3090",11203.545958
"4986","1kmE3888N3091",6574.4434095
"4987","1kmE3888N3092",7009.379803
"4988","1kmE3888N3093",10539.928745
"4989","1kmE3888N3094",9302.8728545
"4990","1kmE3888N3095",9910.0305075
"4991","1kmE3888N3096",6630.9920785
"4992","1kmE3888N3097",11891.4633755
"4993","1kmE3888N3098",15115.6880415
"4994","1kmE3888N3099",12984.3230285
"4995","1kmE3888N3100",8770.806731
"4996","1kmE3888N3101",11394.675082
"4997","1kmE3888N3102",12070.6329645
"4998","1kmE3888N3103",9599.705779
"4999","1kmE3888N3104",9431.8674235
"5000","1kmE3888N3105",12751.925164
"5001","1kmE3888N3106",14041.895682
"5002","1kmE3888N3107",11154.24902
"5003","1kmE3888N3108",8229.6863675
"5004","1kmE3888N3109",12990.480426
"5005","1kmE3888N3110",11117.838753
"5006","1kmE3888N3111",11518.5692735
"5007","1kmE3888N3112",12400.6680885
"5008","1kmE3888N3113",11474.1450615
"5009","1kmE3888N3114",11045.0999675
"5010","1kmE3888N3115",11683.977646
"5011","1kmE3888N3116",12948.7097805
"5012","1kmE3888N3117",11752.150014
"5013","1kmE3888N3118",11500.557977
"5014","1kmE3888N3119",12448.772907
"5015","1kmE3888N3120",11655.8930915
"5016","1kmE3888N3121",17026.096628
"5017","1kmE3888N3122",19502.654204
"5018","1kmE3888N3123",16774.960505
"5019","1kmE3888N3124",5962.125537
"5020","1kmE3888N3125",7021.293857
"5021","1kmE3888N3126",8917.487608
"5022","1kmE3888N3127",9971.5366225
"5023","1kmE3888N3128",5444.2705545
"5024","1kmE3888N3129",6818.8278415
"5025","1kmE3888N3130",5224.0794865
"5026","1kmE3888N3131",9678.3419165
"5027","1kmE3888N3132",13471.844739
"5028","1kmE3888N3133",13151.035651
"5029","1kmE3888N3134",7209.4919035
"5030","1kmE3888N3135",3589.656947
"5031","1kmE3888N3136",6592.520022
"5032","1kmE3888N3137",5868.78238
"5033","1kmE3888N3138",10745.9284165
"5034","1kmE3888N3139",10929.153143
"5035","1kmE3888N3140",11562.509381
"5036","1kmE3888N3144",11358.3681285
"5037","1kmE3888N3145",10638.092356
"5038","1kmE3889N3084",6276.9137285
"5039","1kmE3889N3088",14925.2480785
"5040","1kmE3889N3089",17066.150027
"5041","1kmE3889N3090",14420.3759465
"5042","1kmE3889N3091",12266.369598
"5043","1kmE3889N3092",10547.547836
"5044","1kmE3889N3093",8945.217729
"5045","1kmE3889N3094",11628.838686
"5046","1kmE3889N3095",10352.359
"5047","1kmE3889N3096",7982.558117
"5048","1kmE3889N3097",15474.8103205
"5049","1kmE3889N3098",12963.649917
"5050","1kmE3889N3099",7186.513304
"5051","1kmE3889N3100",5549.389263
"5052","1kmE3889N3101",6898.297607
"5053","1kmE3889N3102",8461.8355305
"5054","1kmE3889N3103",7561.657535
"5055","1kmE3889N3104",10558.352309
"5056","1kmE3889N3105",10275.398817
"5057","1kmE3889N3106",14151.96421
"5058","1kmE3889N3107",12965.280589
"5059","1kmE3889N3108",6265.758225
"5060","1kmE3889N3109",11833.850453
"5061","1kmE3889N3110",8981.88806
"5062","1kmE3889N3111",7963.726534
"5063","1kmE3889N3112",6064.4820405
"5064","1kmE3889N3113",13259.7924175
"5065","1kmE3889N3114",9156.6776805
"5066","1kmE3889N3115",3580.9538145
"5067","1kmE3889N3116",12578.758023
"5068","1kmE3889N3117",10914.932069
"5069","1kmE3889N3118",11093.2697185
"5070","1kmE3889N3119",13803.2436795
"5071","1kmE3889N3120",11519.5516735
"5072","1kmE3889N3121",12076.9722975
"5073","1kmE3889N3122",18405.6460835
"5074","1kmE3889N3123",15891.6631875
"5075","1kmE3889N3124",8102.3197595
"5076","1kmE3889N3125",8853.3445185
"5077","1kmE3889N3126",9184.835995
"5078","1kmE3889N3127",5515.441235
"5079","1kmE3889N3128",2283.5967805
"5080","1kmE3889N3129",4045.1142985
"5081","1kmE3889N3130",7601.825923
"5082","1kmE3889N3131",5573.0559655
"5083","1kmE3889N3132",11375.005908
"5084","1kmE3889N3133",12723.607426
"5085","1kmE3889N3134",8409.1743975
"5086","1kmE3889N3135",7059.7601035
"5087","1kmE3889N3136",10469.071373
"5088","1kmE3889N3137",11137.187369
"5089","1kmE3889N3138",8166.3902455
"5090","1kmE3889N3139",7758.084322
"5091","1kmE3889N3140",13268.44089
"5092","1kmE3890N3083",2982.4580385
"5093","1kmE3890N3084",9703.142098
"5094","1kmE3890N3085",11695.5441055
"5095","1kmE3890N3086",7349.5556115
"5096","1kmE3890N3087",8040.0751935
"5097","1kmE3890N3088",13690.374274
"5098","1kmE3890N3089",16433.519916
"5099","1kmE3890N3090",10796.520698
"5100","1kmE3890N3091",13870.644714
"5101","1kmE3890N3092",14822.4637555
"5102","1kmE3890N3093",12491.052218
"5103","1kmE3890N3094",10887.7718735
"5104","1kmE3890N3095",13567.64777
"5105","1kmE3890N3096",12355.7123315
"5106","1kmE3890N3097",15001.015829
"5107","1kmE3890N3098",9845.369567
"5108","1kmE3890N3099",2383.125896
"5109","1kmE3890N3100",8626.547583
"5110","1kmE3890N3101",8148.796292
"5111","1kmE3890N3102",8896.8525215
"5112","1kmE3890N3103",4705.8648595
"5113","1kmE3890N3104",7491.813777
"5114","1kmE3890N3105",4785.4924525
"5115","1kmE3890N3106",11302.3454325
"5116","1kmE3890N3107",12323.03713
"5117","1kmE3890N3108",6374.0429
"5118","1kmE3890N3109",5519.2448285
"5119","1kmE3890N3110",7490.6605655
"5120","1kmE3890N3111",10687.961354
"5121","1kmE3890N3112",8255.69477
"5122","1kmE3890N3113",11032.061722
"5123","1kmE3890N3114",4727.297759
"5124","1kmE3890N3115",1968.224639
"5125","1kmE3890N3116",14079.909839
"5126","1kmE3890N3117",13092.046481
"5127","1kmE3890N3118",10080.0832625
"5128","1kmE3890N3119",8381.8635445
"5129","1kmE3890N3120",9976.636706
"5130","1kmE3890N3121",6450.3043495
"5131","1kmE3890N3122",7768.0172885
"5132","1kmE3890N3123",8085.3531355
"5133","1kmE3890N3124",7619.6167355
"5134","1kmE3890N3125",8608.864179
"5135","1kmE3890N3126",9677.5853545
"5136","1kmE3890N3127",3662.3608275
"5137","1kmE3890N3128",6368.8845845
"5138","1kmE3890N3129",5983.7814
"5139","1kmE3890N3130",3878.1826505
"5140","1kmE3890N3131",3049.870277
"5141","1kmE3890N3132",9214.135802
"5142","1kmE3890N3133",7761.0322985
"5143","1kmE3890N3134",9812.864847
"5144","1kmE3890N3135",4431.123024
"5145","1kmE3890N3136",11830.1250695
"5146","1kmE3890N3137",14536.419233
"5147","1kmE3890N3138",10732.465297
"5148","1kmE3890N3139",11277.050876
"5149","1kmE3890N3140",11420.417077
"5150","1kmE3891N3082",5566.96151
"5151","1kmE3891N3083",9257.857051
"5152","1kmE3891N3084",5695.655091
"5153","1kmE3891N3085",5076.4204455
"5154","1kmE3891N3086",4686.9851405
"5155","1kmE3891N3087",4574.8159715
"5156","1kmE3891N3088",7937.728785
"5157","1kmE3891N3089",7632.8045775
"5158","1kmE3891N3090",5049.4693565
"5159","1kmE3891N3091",10350.352326
"5160","1kmE3891N3092",12921.440455
"5161","1kmE3891N3093",13736.098356
"5162","1kmE3891N3094",10468.8682615
"5163","1kmE3891N3095",14966.3634695
"5164","1kmE3891N3096",11108.741926
"5165","1kmE3891N3097",4681.530382
"5166","1kmE3891N3098",10895.214122
"5167","1kmE3891N3099",6278.0796315
"5168","1kmE3891N3100",9991.749344
"5169","1kmE3891N3101",5492.191521
"5170","1kmE3891N3102",12301.4231205
"5171","1kmE3891N3103",4745.9995925
"5172","1kmE3891N3104",6600.0331205
"5173","1kmE3891N3105",3099.3016685
"5174","1kmE3891N3106",9180.3514055
"5175","1kmE3891N3107",8453.282101
"5176","1kmE3891N3108",6554.5485225
"5177","1kmE3891N3109",6612.472001
"5178","1kmE3891N3110",11090.660844
"5179","1kmE3891N3111",7837.7835735
"5180","1kmE3891N3112",10893.0153745
"5181","1kmE3891N3113",10629.509876
"5182","1kmE3891N3114",11477.5227955
"5183","1kmE3891N3115",5902.648337
"5184","1kmE3891N3116",9353.9650465
"5185","1kmE3891N3117",12941.2888255
"5186","1kmE3891N3118",6416.263139
"5187","1kmE3891N3119",7178.334306
"5188","1kmE3891N3120",5986.764542
"5189","1kmE3891N3121",3811.244225
"5190","1kmE3891N3122",10423.5603365
"5191","1kmE3891N3123",9180.146031
"5192","1kmE3891N3124",9430.2320195
"5193","1kmE3891N3125",3940.6788945
"5194","1kmE3891N3126",5570.1063155
"5195","1kmE3891N3127",2085.5284355
"5196","1kmE3891N3128",3006.854016
"5197","1kmE3891N3129",6098.318647
"5198","1kmE3891N3130",2978.1294335
"5199","1kmE3891N3131",2409.708992
"5200","1kmE3891N3132",6064.5486125
"5201","1kmE3891N3133",11723.758084
"5202","1kmE3891N3134",12155.169532
"5203","1kmE3891N3135",6859.9186915
"5204","1kmE3891N3136",11063.0796575
"5205","1kmE3891N3137",14771.7969675
"5206","1kmE3891N3138",12622.4130495
"5207","1kmE3891N3139",12433.557516
"5208","1kmE3891N3140",11556.716055
"5209","1kmE3892N3081",2654.350843
"5210","1kmE3892N3082",8738.2719815
"5211","1kmE3892N3083",11943.472958
"5212","1kmE3892N3084",5343.334781
"5213","1kmE3892N3085",6659.167564
"5214","1kmE3892N3086",1778.440403
"5215","1kmE3892N3087",5443.073559
"5216","1kmE3892N3088",12177.955318
"5217","1kmE3892N3089",8855.8700805
"5218","1kmE3892N3090",11035.6458645
"5219","1kmE3892N3091",12061.8499415
"5220","1kmE3892N3092",7939.712041
"5221","1kmE3892N3093",8898.029471
"5222","1kmE3892N3094",8521.9789375
"5223","1kmE3892N3095",10424.881755
"5224","1kmE3892N3096",7635.819974
"5225","1kmE3892N3097",3859.756573
"5226","1kmE3892N3098",4201.799526
"5227","1kmE3892N3099",9022.1114755
"5228","1kmE3892N3100",12740.1417555
"5229","1kmE3892N3101",5545.571641
"5230","1kmE3892N3102",7774.7619755
"5231","1kmE3892N3103",4734.546088
"5232","1kmE3892N3104",4576.6757175
"5233","1kmE3892N3105",7092.434755
"5234","1kmE3892N3106",8726.639176
"5235","1kmE3892N3107",6016.600698
"5236","1kmE3892N3108",9221.250173
"5237","1kmE3892N3109",9827.8578585
"5238","1kmE3892N3110",10533.9693885
"5239","1kmE3892N3111",10370.8020775
"5240","1kmE3892N3112",5687.160613
"5241","1kmE3892N3113",4724.366216
"5242","1kmE3892N3114",10138.0101585
"5243","1kmE3892N3115",15314.466813
"5244","1kmE3892N3116",8998.905555
"5245","1kmE3892N3117",9938.4102695
"5246","1kmE3892N3118",10834.5916565
"5247","1kmE3892N3119",10571.131785
"5248","1kmE3892N3120",6596.6495595
"5249","1kmE3892N3121",2888.183197
"5250","1kmE3892N3122",5556.195329
"5251","1kmE3892N3123",1622.682746
"5252","1kmE3892N3124",3098.9430135
"5253","1kmE3892N3125",4916.0986795
"5254","1kmE3892N3126",12657.4995625
"5255","1kmE3892N3127",4556.1818095
"5256","1kmE3892N3128",8561.9903115
"5257","1kmE3892N3129",4009.45609
"5258","1kmE3892N3130",1474.4786965
"5259","1kmE3892N3131",4626.8068875
"5260","1kmE3892N3132",13099.649121
"5261","1kmE3892N3133",13889.8103925
"5262","1kmE3892N3134",9796.2248525
"5263","1kmE3892N3135",7941.519774
"5264","1kmE3892N3136",4041.5610035
"5265","1kmE3892N3137",12370.289983
"5266","1kmE3892N3138",10462.232362
"5267","1kmE3892N3139",14284.0805345
"5268","1kmE3892N3140",17104.2491555
"5269","1kmE3893N3081",4455.04444
"5270","1kmE3893N3082",9731.3800355
"5271","1kmE3893N3083",4129.364246
"5272","1kmE3893N3084",6632.8636635
"5273","1kmE3893N3085",7169.4017745
"5274","1kmE3893N3086",578.3534245
"5275","1kmE3893N3087",8012.8829885
"5276","1kmE3893N3088",13726.7969515
"5277","1kmE3893N3089",15471.0559725
"5278","1kmE3893N3090",17497.6122455
"5279","1kmE3893N3091",15890.6640475
"5280","1kmE3893N3092",9652.570325
"5281","1kmE3893N3093",9897.5785395
"5282","1kmE3893N3094",11306.5574355
"5283","1kmE3893N3095",10278.6684445
"5284","1kmE3893N3096",7392.4359635
"5285","1kmE3893N3097",5049.8760495
"5286","1kmE3893N3098",7857.6561745
"5287","1kmE3893N3099",15611.0349525
"5288","1kmE3893N3100",15421.872059
"5289","1kmE3893N3101",11513.7594925
"5290","1kmE3893N3102",5937.4819315
"5291","1kmE3893N3103",11816.279357
"5292","1kmE3893N3104",11777.634702
"5293","1kmE3893N3105",10894.9247995
"5294","1kmE3893N3106",4870.4686475
"5295","1kmE3893N3107",5340.177028
"5296","1kmE3893N3108",9740.681126
"5297","1kmE3893N3109",9312.9524335
"5298","1kmE3893N3110",9512.9270725
"5299","1kmE3893N3111",14331.2974855
"5300","1kmE3893N3112",7130.706855
"5301","1kmE3893N3113",9643.466204
"5302","1kmE3893N3114",15399.4746345
"5303","1kmE3893N3115",16969.615995
"5304","1kmE3893N3116",13715.4516695
"5305","1kmE3893N3117",17239.1189945
"5306","1kmE3893N3118",14599.9975125
"5307","1kmE3893N3119",12546.2322395
"5308","1kmE3893N3120",6574.386568
"5309","1kmE3893N3121",5972.7414285
"5310","1kmE3893N3122",8714.626541
"5311","1kmE3893N3123",5026.652882
"5312","1kmE3893N3124",6588.492207
"5313","1kmE3893N3125",3034.720703
"5314","1kmE3893N3126",7782.070472
"5315","1kmE3893N3127",4210.638233
"5316","1kmE3893N3128",9099.938825
"5317","1kmE3893N3129",1637.3325805
"5318","1kmE3893N3130",2043.180369
"5319","1kmE3893N3131",8276.799578
"5320","1kmE3893N3132",13609.610223
"5321","1kmE3893N3133",12752.743184
"5322","1kmE3893N3134",4983.202992
"5323","1kmE3893N3135",11228.0756005
"5324","1kmE3893N3136",8744.904926
"5325","1kmE3893N3137",14627.1187985
"5326","1kmE3893N3138",8986.5043345
"5327","1kmE3893N3139",10859.969689
"5328","1kmE3893N3140",13558.346308
"5329","1kmE3893N3141",13172.5456695
"5330","1kmE3894N3081",7313.1859765
"5331","1kmE3894N3082",11175.263963
"5332","1kmE3894N3083",6859.04714
"5333","1kmE3894N3084",2969.705572
"5334","1kmE3894N3085",5646.1448385
"5335","1kmE3894N3086",2444.0923695
"5336","1kmE3894N3087",5403.0777025
"5337","1kmE3894N3088",9907.9037655
"5338","1kmE3894N3089",13520.5760005
"5339","1kmE3894N3090",15030.7527735
"5340","1kmE3894N3091",14208.4713605
"5341","1kmE3894N3092",8584.6753945
"5342","1kmE3894N3093",10411.7340495
"5343","1kmE3894N3094",13427.8934115
"5344","1kmE3894N3095",11702.1975625
"5345","1kmE3894N3096",7856.8937235
"5346","1kmE3894N3097",8296.7111915
"5347","1kmE3894N3098",10363.965658
"5348","1kmE3894N3099",13583.2170855
"5349","1kmE3894N3100",14607.26303
"5350","1kmE3894N3101",11211.685458
"5351","1kmE3894N3102",10081.442782
"5352","1kmE3894N3103",12218.5894745
"5353","1kmE3894N3104",12803.9787135
"5354","1kmE3894N3105",8323.9646525
"5355","1kmE3894N3106",1510.5150005
"5356","1kmE3894N3107",5202.001802
"5357","1kmE3894N3108",10699.962437
"5358","1kmE3894N3109",6060.570798
"5359","1kmE3894N3110",13179.6303945
"5360","1kmE3894N3111",14517.799106
"5361","1kmE3894N3112",9181.002632
"5362","1kmE3894N3113",16739.107111
"5363","1kmE3894N3114",18791.519352
"5364","1kmE3894N3115",14283.5723245
"5365","1kmE3894N3116",10609.9959415
"5366","1kmE3894N3117",15900.698503
"5367","1kmE3894N3118",15733.064161
"5368","1kmE3894N3119",14171.4848215
"5369","1kmE3894N3120",14111.882295
"5370","1kmE3894N3121",8581.506862
"5371","1kmE3894N3122",3844.359194
"5372","1kmE3894N3123",6116.982879
"5373","1kmE3894N3124",3987.6906355
"5374","1kmE3894N3125",4141.197963
"5375","1kmE3894N3126",8339.6558895
"5376","1kmE3894N3127",8881.5624825
"5377","1kmE3894N3128",8796.398635
"5378","1kmE3894N3129",2248.9576955
"5379","1kmE3894N3130",7250.445987
"5380","1kmE3894N3131",11239.234974
"5381","1kmE3894N3132",14688.2357315
"5382","1kmE3894N3133",11248.444416
"5383","1kmE3894N3134",3428.5204995
"5384","1kmE3894N3135",7404.283269
"5385","1kmE3894N3136",11272.950393
"5386","1kmE3894N3137",9093.1539295
"5387","1kmE3894N3138",15549.9918205
"5388","1kmE3894N3139",14823.7254605
"5389","1kmE3894N3140",14345.364111
"5390","1kmE3894N3141",14077.645975
"5391","1kmE3895N3081",9755.3320405
"5392","1kmE3895N3082",11866.299077
"5393","1kmE3895N3083",2187.719639
"5394","1kmE3895N3084",6052.926827
"5395","1kmE3895N3085",6993.7814715
"5396","1kmE3895N3086",9318.60756
"5397","1kmE3895N3087",11469.6811235
"5398","1kmE3895N3088",7013.289241
"5399","1kmE3895N3089",6131.3391085
"5400","1kmE3895N3090",4805.3477685
"5401","1kmE3895N3091",6745.160041
"5402","1kmE3895N3092",4031.857717
"5403","1kmE3895N3093",9515.780609
"5404","1kmE3895N3094",13137.2225595
"5405","1kmE3895N3095",11589.395771
"5406","1kmE3895N3096",6177.9415445
"5407","1kmE3895N3097",6708.0912
"5408","1kmE3895N3098",12360.185882
"5409","1kmE3895N3099",14385.502922
"5410","1kmE3895N3100",4552.4818375
"5411","1kmE3895N3101",10003.536152
"5412","1kmE3895N3102",13563.849669
"5413","1kmE3895N3103",13704.188559
"5414","1kmE3895N3104",13037.6106555
"5415","1kmE3895N3105",7775.1642565
"5416","1kmE3895N3106",11704.969062
"5417","1kmE3895N3107",11266.9329395
"5418","1kmE3895N3108",14177.7774405
"5419","1kmE3895N3109",10225.525847
"5420","1kmE3895N3110",14763.454263
"5421","1kmE3895N3111",13228.9069265
"5422","1kmE3895N3112",12121.4366585
"5423","1kmE3895N3113",17028.7724555
"5424","1kmE3895N3114",18541.9906695
"5425","1kmE3895N3115",15801.984909
"5426","1kmE3895N3116",11764.2555995
"5427","1kmE3895N3117",15689.2427755
"5428","1kmE3895N3118",18279.341177
"5429","1kmE3895N3119",15981.9964605
"5430","1kmE3895N3120",15517.4868475
"5431","1kmE3895N3121",9378.199856
"5432","1kmE3895N3122",7359.3000915
"5433","1kmE3895N3123",7135.6981005
"5434","1kmE3895N3124",8707.094899
"5435","1kmE3895N3125",9193.302605
"5436","1kmE3895N3126",11289.922927
"5437","1kmE3895N3127",10750.3117085
"5438","1kmE3895N3128",8237.443246
"5439","1kmE3895N3129",7712.464659
"5440","1kmE3895N3130",7278.1637705
"5441","1kmE3895N3131",11632.097561
"5442","1kmE3895N3132",17294.8799535
"5443","1kmE3895N3133",13155.684261
"5444","1kmE3895N3134",3651.166361
"5445","1kmE3895N3135",10535.326555
"5446","1kmE3895N3136",13211.2297635
"5447","1kmE3895N3137",11950.7769345
"5448","1kmE3895N3138",13852.709132
"5449","1kmE3895N3139",14821.748501
"5450","1kmE3896N3081",6450.8681535
"5451","1kmE3896N3082",7881.0808805
"5452","1kmE3896N3083",4873.4937825
"5453","1kmE3896N3084",9391.946567
"5454","1kmE3896N3085",10164.4545645
"5455","1kmE3896N3086",7138.9910045
"5456","1kmE3896N3087",4013.4728325
"5457","1kmE3896N3088",3841.9950345
"5458","1kmE3896N3089",5376.1182495
"5459","1kmE3896N3090",7013.187343
"5460","1kmE3896N3091",5964.487721
"5461","1kmE3896N3092",10906.658543
"5462","1kmE3896N3093",13705.741498
"5463","1kmE3896N3094",11185.2683535
"5464","1kmE3896N3095",10095.989024
"5465","1kmE3896N3096",4168.5324525
"5466","1kmE3896N3097",2439.038932
"5467","1kmE3896N3098",8329.509982
"5468","1kmE3896N3099",8794.7077455
"5469","1kmE3896N3100",4562.8517705
"5470","1kmE3896N3101",6835.551327
"5471","1kmE3896N3102",11566.020947
"5472","1kmE3896N3103",15481.162849
"5473","1kmE3896N3104",16429.789917
"5474","1kmE3896N3105",16116.447632
"5475","1kmE3896N3106",15577.7796915
"5476","1kmE3896N3107",11089.610183
"5477","1kmE3896N3108",13330.225895
"5478","1kmE3896N3109",11989.635626
"5479","1kmE3896N3110",14641.396955
"5480","1kmE3896N3111",13321.884708
"5481","1kmE3896N3112",16124.3313415
"5482","1kmE3896N3113",17643.5492315
"5483","1kmE3896N3114",17393.7827555
"5484","1kmE3896N3115",15424.787689
"5485","1kmE3896N3116",13378.8421545
"5486","1kmE3896N3117",17479.5848935
"5487","1kmE3896N3118",19569.7263045
"5488","1kmE3896N3119",16242.088646
"5489","1kmE3896N3120",16023.678308
"5490","1kmE3896N3121",7253.025825
"5491","1kmE3896N3122",5281.000513
"5492","1kmE3896N3123",4451.467128
"5493","1kmE3896N3124",7261.3478415
"5494","1kmE3896N3125",3843.930282
"5495","1kmE3896N3126",7103.0375055
"5496","1kmE3896N3127",8935.7971035
"5497","1kmE3896N3128",4222.5091205
"5498","1kmE3896N3129",6905.7547775
"5499","1kmE3896N3130",7525.4353665
"5500","1kmE3896N3131",10085.569083
"5501","1kmE3896N3132",15505.966533
"5502","1kmE3896N3133",16301.2132525
"5503","1kmE3896N3134",8396.7554865
"5504","1kmE3896N3135",8102.8622735
"5505","1kmE3896N3136",13511.4880525
"5506","1kmE3896N3137",14371.164363
"5507","1kmE3896N3138",14520.241019
"5508","1kmE3896N3139",13822.276662
"5509","1kmE3896N3140",13470.7524905
"5510","1kmE3897N3081",1910.4966645
"5511","1kmE3897N3082",4050.178785
"5512","1kmE3897N3083",6722.030125
"5513","1kmE3897N3084",4181.1242755
"5514","1kmE3897N3085",2397.9449685
"5515","1kmE3897N3086",2320.9628005
"5516","1kmE3897N3087",9369.354752
"5517","1kmE3897N3088",9458.887757
"5518","1kmE3897N3089",6548.3991925
"5519","1kmE3897N3090",5589.451801
"5520","1kmE3897N3091",7545.2918465
"5521","1kmE3897N3092",12066.370022
"5522","1kmE3897N3093",13674.7015115
"5523","1kmE3897N3094",12782.04841
"5524","1kmE3897N3095",12465.512756
"5525","1kmE3897N3096",10655.5703335
"5526","1kmE3897N3097",5765.9066655
"5527","1kmE3897N3098",12244.1097735
"5528","1kmE3897N3099",13439.6743315
"5529","1kmE3897N3100",6566.2709055
"5530","1kmE3897N3101",6631.9186605
"5531","1kmE3897N3102",4548.0007825
"5532","1kmE3897N3103",12395.8603105
"5533","1kmE3897N3104",15318.823536
"5534","1kmE3897N3105",15545.4354865
"5535","1kmE3897N3106",12076.963734
"5536","1kmE3897N3107",10607.737486
"5537","1kmE3897N3108",13468.0023375
"5538","1kmE3897N3109",14159.668618
"5539","1kmE3897N3110",12216.8200395
"5540","1kmE3897N3111",16084.261483
"5541","1kmE3897N3112",16535.081555
"5542","1kmE3897N3113",15588.5634125
"5543","1kmE3897N3114",14788.9810745
"5544","1kmE3897N3115",10873.404924
"5545","1kmE3897N3116",8548.9976665
"5546","1kmE3897N3117",16766.9717055
"5547","1kmE3897N3118",18318.4619015
"5548","1kmE3897N3119",16832.5334805
"5549","1kmE3897N3120",16664.4937605
"5550","1kmE3897N3121",9957.8356205
"5551","1kmE3897N3122",562.1593895
"5552","1kmE3897N3123",5700.552928
"5553","1kmE3897N3124",7772.0387145
"5554","1kmE3897N3125",3077.534281
"5555","1kmE3897N3126",7802.386763
"5556","1kmE3897N3127",10947.1544805
"5557","1kmE3897N3128",3793.9554195
"5558","1kmE3897N3129",8507.808215
"5559","1kmE3897N3130",5996.8749985
"5560","1kmE3897N3131",5778.1211495
"5561","1kmE3897N3132",14554.633968
"5562","1kmE3897N3133",15149.640349
"5563","1kmE3897N3134",12595.222516
"5564","1kmE3897N3135",9102.094836
"5565","1kmE3897N3136",5387.429815
"5566","1kmE3897N3137",9087.577666
"5567","1kmE3897N3138",13275.156344
"5568","1kmE3897N3139",12835.67923
"5569","1kmE3897N3140",15256.0799415
"5570","1kmE3898N3081",4488.5180375
"5571","1kmE3898N3082",4425.4311165
"5572","1kmE3898N3083",3210.6046265
"5573","1kmE3898N3084",2918.855765
"5574","1kmE3898N3085",7221.6918025
"5575","1kmE3898N3086",6523.7542935
"5576","1kmE3898N3087",10192.0133505
"5577","1kmE3898N3088",8186.8225805
"5578","1kmE3898N3089",10461.4720305
"5579","1kmE3898N3090",9504.4037375
"5580","1kmE3898N3091",10396.8315545
"5581","1kmE3898N3092",6844.478219
"5582","1kmE3898N3093",3908.2799955
"5583","1kmE3898N3094",10683.4512885
"5584","1kmE3898N3095",14549.717869
"5585","1kmE3898N3096",14639.7969215
"5586","1kmE3898N3097",13369.9643945
"5587","1kmE3898N3098",10874.8432785
"5588","1kmE3898N3099",8432.1003115
"5589","1kmE3898N3100",9388.9595635
"5590","1kmE3898N3101",8414.987424
"5591","1kmE3898N3102",1503.757364
"5592","1kmE3898N3103",6054.715078
"5593","1kmE3898N3104",7720.197152
"5594","1kmE3898N3105",5722.799688
"5595","1kmE3898N3106",2536.2920385
"5596","1kmE3898N3107",9049.242987
"5597","1kmE3898N3108",12167.4392065
"5598","1kmE3898N3109",14651.9051175
"5599","1kmE3898N3110",13486.0728915
"5600","1kmE3898N3111",13933.078422
"5601","1kmE3898N3112",13177.492535
"5602","1kmE3898N3113",11728.7918795
"5603","1kmE3898N3114",6632.7162475
"5604","1kmE3898N3115",6133.265097
"5605","1kmE3898N3116",11532.9420985
"5606","1kmE3898N3117",16895.262094
"5607","1kmE3898N3118",17259.17604
"5608","1kmE3898N3119",17496.2613665
"5609","1kmE3898N3120",17265.078576
"5610","1kmE3898N3121",11809.478809
"5611","1kmE3898N3122",1451.914447
"5612","1kmE3898N3123",3467.823733
"5613","1kmE3898N3124",5850.343905
"5614","1kmE3898N3125",6527.9180035
"5615","1kmE3898N3126",6440.3076925
"5616","1kmE3898N3127",3972.4481425
"5617","1kmE3898N3128",5783.58004
"5618","1kmE3898N3129",5331.521041
"5619","1kmE3898N3130",6184.771764
"5620","1kmE3898N3131",10265.273341
"5621","1kmE3898N3132",12666.86011
"5622","1kmE3898N3133",10942.0388375
"5623","1kmE3898N3134",10646.0482895
"5624","1kmE3898N3135",9548.703724
"5625","1kmE3898N3136",9553.2269885
"5626","1kmE3898N3137",10559.009917
"5627","1kmE3898N3138",10494.6791915
"5628","1kmE3898N3139",14731.738775
"5629","1kmE3898N3140",15380.0385925
"5630","1kmE3899N3081",7578.6314145
"5631","1kmE3899N3082",7502.513076
"5632","1kmE3899N3083",8046.6202785
"5633","1kmE3899N3084",5883.957816
"5634","1kmE3899N3085",10827.6822765
"5635","1kmE3899N3086",13039.759729
"5636","1kmE3899N3087",10339.3580415
"5637","1kmE3899N3088",2662.721973
"5638","1kmE3899N3089",5754.5473645
"5639","1kmE3899N3090",7596.111009
"5640","1kmE3899N3091",7414.1821915
"5641","1kmE3899N3092",8624.455621
"5642","1kmE3899N3093",5498.187553
"5643","1kmE3899N3094",9594.1443105
"5644","1kmE3899N3095",8983.136036
"5645","1kmE3899N3096",12805.935917
"5646","1kmE3899N3097",15678.776572
"5647","1kmE3899N3098",13952.8277905
"5648","1kmE3899N3099",12573.07482
"5649","1kmE3899N3100",13823.4868705
"5650","1kmE3899N3101",11396.930381
"5651","1kmE3899N3102",9467.918383
"5652","1kmE3899N3103",13125.2402495
"5653","1kmE3899N3104",8916.973203
"5654","1kmE3899N3105",6465.852694
"5655","1kmE3899N3106",6655.3804095
"5656","1kmE3899N3107",10294.9554325
"5657","1kmE3899N3108",11626.6688375
"5658","1kmE3899N3109",13198.514737
"5659","1kmE3899N3110",17536.0427515
"5660","1kmE3899N3111",17918.3490975
"5661","1kmE3899N3112",17316.7519255
"5662","1kmE3899N3113",13151.072021
"5663","1kmE3899N3114",8923.05576
"5664","1kmE3899N3115",8755.5287025
"5665","1kmE3899N3116",17195.48994
"5666","1kmE3899N3117",18565.909165
"5667","1kmE3899N3118",17880.128272
"5668","1kmE3899N3119",16400.2005535
"5669","1kmE3899N3120",15984.336976
"5670","1kmE3899N3121",15441.1024365
"5671","1kmE3899N3122",7167.5198305
"5672","1kmE3899N3123",5727.38966
"5673","1kmE3899N3124",8434.1243495
"5674","1kmE3899N3125",4021.301654
"5675","1kmE3899N3126",6358.6029695
"5676","1kmE3899N3127",7790.1837745
"5677","1kmE3899N3128",13818.2354105
"5678","1kmE3899N3129",15362.652605
"5679","1kmE3899N3130",12420.0217555
"5680","1kmE3899N3131",10874.5904015
"5681","1kmE3899N3132",11416.5958035
"5682","1kmE3899N3133",15839.20351
"5683","1kmE3899N3134",14104.9870065
"5684","1kmE3899N3135",8852.171526
"5685","1kmE3899N3136",3810.1165955
"5686","1kmE3899N3137",3898.14849
"5687","1kmE3899N3138",13986.0780675
"5688","1kmE3899N3139",16922.184366
"5689","1kmE3899N3140",15938.9449135
"5690","1kmE3899N3141",13441.8739585
"5691","1kmE3900N3082",8732.494803
"5692","1kmE3900N3083",5737.2717095
"5693","1kmE3900N3084",745.065364
"5694","1kmE3900N3085",6517.0481605
"5695","1kmE3900N3086",8529.036257
"5696","1kmE3900N3087",12003.89671
"5697","1kmE3900N3088",9064.495974
"5698","1kmE3900N3089",9320.0318295
"5699","1kmE3900N3090",10269.3465275
"5700","1kmE3900N3091",7509.306594
"5701","1kmE3900N3092",7489.222212
"5702","1kmE3900N3093",6052.142439
"5703","1kmE3900N3094",1410.8161855
"5704","1kmE3900N3095",4626.1480895
"5705","1kmE3900N3096",8178.244818
"5706","1kmE3900N3097",10196.0613065
"5707","1kmE3900N3098",8676.2460775
"5708","1kmE3900N3099",7127.0902485
"5709","1kmE3900N3100",7210.4385995
"5710","1kmE3900N3101",5434.7192765
"5711","1kmE3900N3102",15746.512984
"5712","1kmE3900N3103",15477.986249
"5713","1kmE3900N3104",9594.418316
"5714","1kmE3900N3105",7882.4189185
"5715","1kmE3900N3106",10702.027123
"5716","1kmE3900N3107",9080.526989
"5717","1kmE3900N3108",7731.10239
"5718","1kmE3900N3109",15941.2434535
"5719","1kmE3900N3110",19198.3639735
"5720","1kmE3900N3111",17771.3699215
"5721","1kmE3900N3112",13422.061498
"5722","1kmE3900N3113",12205.5925415
"5723","1kmE3900N3114",7816.899937
"5724","1kmE3900N3115",5055.2639485
"5725","1kmE3900N3116",15309.937547
"5726","1kmE3900N3117",17009.9649675
"5727","1kmE3900N3118",15519.4853005
"5728","1kmE3900N3119",15842.715056
"5729","1kmE3900N3120",14623.0338645
"5730","1kmE3900N3121",13833.846709
"5731","1kmE3900N3122",11026.1963745
"5732","1kmE3900N3123",4763.841859
"5733","1kmE3900N3124",10313.4785995
"5734","1kmE3900N3125",11527.880988
"5735","1kmE3900N3126",8787.380836
"5736","1kmE3900N3127",14588.102875
"5737","1kmE3900N3128",18820.0579325
"5738","1kmE3900N3129",20554.311128
"5739","1kmE3900N3130",17347.109616
"5740","1kmE3900N3131",11294.934882
"5741","1kmE3900N3132",9952.4130335
"5742","1kmE3900N3133",15979.2628835
"5743","1kmE3900N3134",16464.7868845
"5744","1kmE3900N3135",8402.9150505
"5745","1kmE3900N3136",4339.153484
"5746","1kmE3900N3137",8307.8652805
"5747","1kmE3900N3138",13264.573598
"5748","1kmE3900N3139",13592.9837
"5749","1kmE3900N3140",10908.103331
"5750","1kmE3900N3141",12293.058177
"5751","1kmE3901N3081",3638.4048755
"5752","1kmE3901N3082",1735.988472
"5753","1kmE3901N3083",3007.703081
"5754","1kmE3901N3084",1152.6963855
"5755","1kmE3901N3085",4495.0680525
"5756","1kmE3901N3086",2662.333232
"5757","1kmE3901N3087",5586.697822
"5758","1kmE3901N3088",2908.3085885
"5759","1kmE3901N3089",6105.673398
"5760","1kmE3901N3090",8119.9896215
"5761","1kmE3901N3091",5151.8568895
"5762","1kmE3901N3092",6070.9133755
"5763","1kmE3901N3093",8052.212991
"5764","1kmE3901N3094",11290.5068795
"5765","1kmE3901N3095",10732.614065
"5766","1kmE3901N3096",6883.9544165
"5767","1kmE3901N3097",9500.615015
"5768","1kmE3901N3098",9697.3982315
"5769","1kmE3901N3099",6140.9493495
"5770","1kmE3901N3100",8607.7571445
"5771","1kmE3901N3101",4282.2507915
"5772","1kmE3901N3102",14964.991147
"5773","1kmE3901N3103",16662.9087815
"5774","1kmE3901N3104",15191.0255395
"5775","1kmE3901N3105",12400.928238
"5776","1kmE3901N3106",14282.555888
"5777","1kmE3901N3107",17108.5906155
"5778","1kmE3901N3108",13895.1788995
"5779","1kmE3901N3109",13213.114307
"5780","1kmE3901N3110",16306.2096315
"5781","1kmE3901N3111",13439.1015265
"5782","1kmE3901N3112",10148.3108375
"5783","1kmE3901N3113",10517.692934
"5784","1kmE3901N3114",12687.1557945
"5785","1kmE3901N3115",9761.5427385
"5786","1kmE3901N3116",8973.1864575
"5787","1kmE3901N3117",8970.090772
"5788","1kmE3901N3118",10066.2719995
"5789","1kmE3901N3119",15016.825423
"5790","1kmE3901N3120",13910.564197
"5791","1kmE3901N3121",12580.571074
"5792","1kmE3901N3122",5784.297521
"5793","1kmE3901N3123",2857.242472
"5794","1kmE3901N3124",3628.1549095
"5795","1kmE3901N3125",9194.987345
"5796","1kmE3901N3126",10461.095219
"5797","1kmE3901N3127",16459.3385215
"5798","1kmE3901N3128",17168.195943
"5799","1kmE3901N3129",17555.979189
"5800","1kmE3901N3130",12022.206301
"5801","1kmE3901N3131",5237.1250285
"5802","1kmE3901N3132",8301.7771085
"5803","1kmE3901N3133",11188.4148515
"5804","1kmE3901N3134",13820.48452
"5805","1kmE3901N3135",11791.6202005
"5806","1kmE3901N3136",9408.2014415
"5807","1kmE3901N3137",7848.3085615
"5808","1kmE3901N3138",9752.78941
"5809","1kmE3901N3139",6358.0047315
"5810","1kmE3901N3140",5841.398259
"5811","1kmE3901N3141",12509.9247495
"5812","1kmE3901N3142",15676.2357465
"5813","1kmE3902N3082",2449.1196315
"5814","1kmE3902N3083",10079.879531
"5815","1kmE3902N3084",5810.623451
"5816","1kmE3902N3085",10891.3112945
"5817","1kmE3902N3086",6012.103864
"5818","1kmE3902N3087",744.0283455
"5819","1kmE3902N3088",1677.223979
"5820","1kmE3902N3089",5254.1325355
"5821","1kmE3902N3090",7987.5515525
"5822","1kmE3902N3091",2496.400354
"5823","1kmE3902N3092",6140.3340915
"5824","1kmE3902N3093",10047.3143795
"5825","1kmE3902N3094",16833.5969585
"5826","1kmE3902N3095",15979.6759535
"5827","1kmE3902N3096",11133.6973815
"5828","1kmE3902N3097",10011.4704895
"5829","1kmE3902N3098",15525.1938565
"5830","1kmE3902N3099",14039.467295
"5831","1kmE3902N3100",9610.2970045
"5832","1kmE3902N3101",5460.721371
"5833","1kmE3902N3102",9597.662941
"5834","1kmE3902N3103",12469.9421265
"5835","1kmE3902N3104",13963.61105
"5836","1kmE3902N3105",13805.551062
"5837","1kmE3902N3106",18123.9799865
"5838","1kmE3902N3107",22039.492268
"5839","1kmE3902N3108",19309.3470685
"5840","1kmE3902N3109",15794.2130145
"5841","1kmE3902N3110",12555.670973
"5842","1kmE3902N3111",10665.118616
"5843","1kmE3902N3112",8233.8388955
"5844","1kmE3902N3113",5088.8585535
"5845","1kmE3902N3114",6445.223229
"5846","1kmE3902N3115",9808.934699
"5847","1kmE3902N3116",7702.6082655
"5848","1kmE3902N3117",10193.226301
"5849","1kmE3902N3118",8320.6263985
"5850","1kmE3902N3119",12452.250243
"5851","1kmE3902N3120",8519.0657075
"5852","1kmE3902N3121",2822.94446
"5853","1kmE3902N3122",859.535662
"5854","1kmE3902N3123",5714.6549
"5855","1kmE3902N3124",6009.706011
"5856","1kmE3902N3125",8140.315854
"5857","1kmE3902N3126",14466.685495
"5858","1kmE3902N3127",17971.291081
"5859","1kmE3902N3128",14809.256722
"5860","1kmE3902N3129",9724.1280155
"5861","1kmE3902N3130",3953.2867715
"5862","1kmE3902N3131",6610.7581585
"5863","1kmE3902N3132",8109.593856
"5864","1kmE3902N3133",8308.2730845
"5865","1kmE3902N3134",14516.5314435
"5866","1kmE3902N3135",14837.52202
"5867","1kmE3902N3136",13743.740681
"5868","1kmE3902N3137",10312.140224
"5869","1kmE3902N3138",13217.1020225
"5870","1kmE3902N3139",10451.507402
"5871","1kmE3902N3140",7548.477047
"5872","1kmE3902N3141",10461.8191135
"5873","1kmE3902N3142",15572.135196
"5874","1kmE3903N3083",13529.555184
"5875","1kmE3903N3084",12877.9470115
"5876","1kmE3903N3085",8428.3908355
"5877","1kmE3903N3086",10482.6311505
"5878","1kmE3903N3087",4939.464862
"5879","1kmE3903N3088",4985.4417525
"5880","1kmE3903N3089",7594.700838
"5881","1kmE3903N3090",10215.960658
"5882","1kmE3903N3091",3976.426572
"5883","1kmE3903N3092",5289.548742
"5884","1kmE3903N3093",11033.3254625
"5885","1kmE3903N3094",16908.3990775
"5886","1kmE3903N3095",16764.5786105
"5887","1kmE3903N3096",11280.709099
"5888","1kmE3903N3097",11720.7176935
"5889","1kmE3903N3098",10953.378677
"5890","1kmE3903N3099",16729.9242015
"5891","1kmE3903N3100",18281.0042055
"5892","1kmE3903N3101",18745.091768
"5893","1kmE3903N3102",11616.671729
"5894","1kmE3903N3103",9639.068855
"5895","1kmE3903N3104",21235.812686
"5896","1kmE3903N3105",21304.608798
"5897","1kmE3903N3106",19291.22316
"5898","1kmE3903N3107",21855.556061
"5899","1kmE3903N3108",19648.923884
"5900","1kmE3903N3109",12880.0033205
"5901","1kmE3903N3110",4272.5863985
"5902","1kmE3903N3111",7601.7793975
"5903","1kmE3903N3112",15985.20703
"5904","1kmE3903N3113",11345.8724135
"5905","1kmE3903N3114",5797.260291
"5906","1kmE3903N3115",5747.6045585
"5907","1kmE3903N3116",3598.8983545
"5908","1kmE3903N3117",7310.884767
"5909","1kmE3903N3118",8335.065003
"5910","1kmE3903N3119",13694.448835
"5911","1kmE3903N3120",11707.653851
"5912","1kmE3903N3121",4990.6107775
"5913","1kmE3903N3122",2622.3061745
"5914","1kmE3903N3123",4501.356693
"5915","1kmE3903N3124",5541.075672
"5916","1kmE3903N3125",6018.3860685
"5917","1kmE3903N3126",13928.8165555
"5918","1kmE3903N3127",13833.545036
"5919","1kmE3903N3128",6465.151397
"5920","1kmE3903N3129",6538.65431
"5921","1kmE3903N3130",9681.863827
"5922","1kmE3903N3131",9219.971157
"5923","1kmE3903N3132",8816.1367035
"5924","1kmE3903N3133",6462.2975085
"5925","1kmE3903N3134",12345.2168665
"5926","1kmE3903N3135",15555.740567
"5927","1kmE3903N3136",14057.088334
"5928","1kmE3903N3137",6598.207958
"5929","1kmE3903N3138",12129.1823655
"5930","1kmE3903N3139",7416.640593
"5931","1kmE3903N3140",3666.524735
"5932","1kmE3903N3141",12751.375233
"5933","1kmE3903N3142",13176.909416
"5934","1kmE3903N3143",12673.850896
"5935","1kmE3904N3082",4524.6887505
"5936","1kmE3904N3083",8919.8362805
"5937","1kmE3904N3084",10482.893208
"5938","1kmE3904N3085",9746.497519
"5939","1kmE3904N3086",6729.3539005
"5940","1kmE3904N3087",9242.111615
"5941","1kmE3904N3088",4449.0419015
"5942","1kmE3904N3089",8357.2512345
"5943","1kmE3904N3090",11033.5932165
"5944","1kmE3904N3091",9179.915666
"5945","1kmE3904N3092",6217.779709
"5946","1kmE3904N3093",12468.4851515
"5947","1kmE3904N3094",14602.6537725
"5948","1kmE3904N3095",16461.3209495
"5949","1kmE3904N3096",13860.52832
"5950","1kmE3904N3097",11960.413295
"5951","1kmE3904N3098",14187.971956
"5952","1kmE3904N3099",10796.3050535
"5953","1kmE3904N3100",14366.628857
"5954","1kmE3904N3101",15106.6938475
"5955","1kmE3904N3102",14035.3425035
"5956","1kmE3904N3103",15863.953615
"5957","1kmE3904N3104",22718.979327
"5958","1kmE3904N3105",21642.9789205
"5959","1kmE3904N3106",17447.131036
"5960","1kmE3904N3107",16019.2294775
"5961","1kmE3904N3108",15721.7402955
"5962","1kmE3904N3109",15191.4770155
"5963","1kmE3904N3110",8582.8949445
"5964","1kmE3904N3111",13068.008978
"5965","1kmE3904N3112",16072.270302
"5966","1kmE3904N3113",16339.299683
"5967","1kmE3904N3114",15213.7508585
"5968","1kmE3904N3115",6592.514903
"5969","1kmE3904N3116",3786.6922535
"5970","1kmE3904N3117",8403.759981
"5971","1kmE3904N3118",7020.693973
"5972","1kmE3904N3119",8877.7473575
"5973","1kmE3904N3120",11223.175819
"5974","1kmE3904N3121",4656.003262
"5975","1kmE3904N3122",4495.579564
"5976","1kmE3904N3123",7418.0469785
"5977","1kmE3904N3124",3955.179113
"5978","1kmE3904N3125",3809.489131
"5979","1kmE3904N3126",12124.998025
"5980","1kmE3904N3127",7400.7825475
"5981","1kmE3904N3128",6004.050254
"5982","1kmE3904N3129",12739.835601
"5983","1kmE3904N3130",8763.6143625
"5984","1kmE3904N3131",11189.5562545
"5985","1kmE3904N3132",7942.1834705
"5986","1kmE3904N3133",6911.3530465
"5987","1kmE3904N3134",3037.636068
"5988","1kmE3904N3135",11086.929494
"5989","1kmE3904N3136",11835.7317835
"5990","1kmE3904N3137",6206.842162
"5991","1kmE3904N3138",5912.54247
"5992","1kmE3904N3139",2423.1728285
"5993","1kmE3904N3140",8844.994081
"5994","1kmE3904N3141",15500.96804
"5995","1kmE3904N3142",15051.290573
"5996","1kmE3904N3143",14113.0757575
"5997","1kmE3905N3083",2981.9822265
"5998","1kmE3905N3084",2255.328384
"5999","1kmE3905N3085",7978.4849285
"6000","1kmE3905N3086",9898.950705
"6001","1kmE3905N3087",7929.6658835
"6002","1kmE3905N3088",3352.0175505
"6003","1kmE3905N3089",11454.0684305
"6004","1kmE3905N3090",17226.173775
"6005","1kmE3905N3091",14417.204685
"6006","1kmE3905N3092",8119.0042135
"6007","1kmE3905N3093",10720.891473
"6008","1kmE3905N3094",9569.323565
"6009","1kmE3905N3095",6705.95253
"6010","1kmE3905N3096",7904.267453
"6011","1kmE3905N3097",10693.1800485
"6012","1kmE3905N3098",12857.349955
"6013","1kmE3905N3099",9315.561292
"6014","1kmE3905N3100",13157.151555
"6015","1kmE3905N3101",11339.5638425
"6016","1kmE3905N3102",16233.911837
"6017","1kmE3905N3103",12670.986812
"6018","1kmE3905N3104",18059.1334905
"6019","1kmE3905N3105",18358.921395
"6020","1kmE3905N3106",18172.962223
"6021","1kmE3905N3107",18344.6462825
"6022","1kmE3905N3108",15238.146433
"6023","1kmE3905N3109",14129.1925675
"6024","1kmE3905N3110",11628.8248635
"6025","1kmE3905N3111",13593.330914
"6026","1kmE3905N3112",12960.273886
"6027","1kmE3905N3113",13362.351609
"6028","1kmE3905N3114",14387.298219
"6029","1kmE3905N3115",14660.4868385
"6030","1kmE3905N3116",10940.9488845
"6031","1kmE3905N3117",12442.915139
"6032","1kmE3905N3118",15100.5919525
"6033","1kmE3905N3119",9187.4526185
"6034","1kmE3905N3120",15962.208015
"6035","1kmE3905N3121",6225.6331395
"6036","1kmE3905N3122",7617.9907515
"6037","1kmE3905N3123",4961.9755965
"6038","1kmE3905N3124",3773.920542
"6039","1kmE3905N3125",4385.3150265
"6040","1kmE3905N3126",10493.774568
"6041","1kmE3905N3127",10985.881201
"6042","1kmE3905N3128",7268.303907
"6043","1kmE3905N3129",8498.961193
"6044","1kmE3905N3130",5564.1094875
"6045","1kmE3905N3131",11653.885382
"6046","1kmE3905N3132",8377.79496
"6047","1kmE3905N3133",1416.5911625
"6048","1kmE3905N3134",4689.3343835
"6049","1kmE3905N3135",7725.7547075
"6050","1kmE3905N3136",8521.6809465
"6051","1kmE3905N3137",9317.678245
"6052","1kmE3905N3138",12912.365189
"6053","1kmE3905N3139",5105.509322
"6054","1kmE3905N3140",6097.419471
"6055","1kmE3905N3141",12965.0257135
"6056","1kmE3905N3142",15029.4096685
"6057","1kmE3905N3143",15406.91845
"6058","1kmE3906N3083",1124.2203985
"6059","1kmE3906N3084",4001.5609195
"6060","1kmE3906N3085",9184.443938
"6061","1kmE3906N3086",5744.7611585
"6062","1kmE3906N3087",6914.3242425
"6063","1kmE3906N3088",2059.7633485
"6064","1kmE3906N3089",7066.51818
"6065","1kmE3906N3090",13323.9678305
"6066","1kmE3906N3091",11123.8405205
"6067","1kmE3906N3092",7300.6511275
"6068","1kmE3906N3093",6582.8096245
"6069","1kmE3906N3094",9237.230512
"6070","1kmE3906N3095",11052.7350285
"6071","1kmE3906N3096",12823.0489235
"6072","1kmE3906N3097",15195.83519
"6073","1kmE3906N3098",11966.221617
"6074","1kmE3906N3099",10165.5095315
"6075","1kmE3906N3100",16741.927314
"6076","1kmE3906N3101",16556.0685345
"6077","1kmE3906N3102",15941.3147025
"6078","1kmE3906N3103",9270.453946
"6079","1kmE3906N3104",13989.649501
"6080","1kmE3906N3105",15325.989835
"6081","1kmE3906N3106",15598.636328
"6082","1kmE3906N3107",18641.1804525
"6083","1kmE3906N3108",16497.0451565
"6084","1kmE3906N3109",15090.927839
"6085","1kmE3906N3110",16487.3905715
"6086","1kmE3906N3111",17452.653635
"6087","1kmE3906N3112",17425.040716
"6088","1kmE3906N3113",10863.089553
"6089","1kmE3906N3114",13751.2873205
"6090","1kmE3906N3115",9941.5865625
"6091","1kmE3906N3116",10828.6677005
"6092","1kmE3906N3117",13374.9487075
"6093","1kmE3906N3118",18389.953076
"6094","1kmE3906N3119",13087.6579605
"6095","1kmE3906N3120",17402.034258
"6096","1kmE3906N3121",8358.468481
"6097","1kmE3906N3122",5442.745215
"6098","1kmE3906N3123",6762.1064885
"6099","1kmE3906N3124",5492.1163775
"6100","1kmE3906N3125",6662.3588525
"6101","1kmE3906N3126",7897.2215875
"6102","1kmE3906N3127",12420.06956
"6103","1kmE3906N3128",11443.4827525
"6104","1kmE3906N3129",12262.0055795
"6105","1kmE3906N3130",5291.520125
"6106","1kmE3906N3131",8703.656287
"6107","1kmE3906N3132",8004.8242055
"6108","1kmE3906N3133",4653.8491535
"6109","1kmE3906N3134",10612.647818
"6110","1kmE3906N3135",8615.430406
"6111","1kmE3906N3136",7846.0660425
"6112","1kmE3906N3137",8096.582462
"6113","1kmE3906N3138",7757.5335735
"6114","1kmE3906N3139",7154.308971
"6115","1kmE3906N3140",6306.4667375
"6116","1kmE3906N3141",16112.2193825
"6117","1kmE3906N3142",20367.5237105
"6118","1kmE3906N3143",19510.2954645
"6119","1kmE3907N3083",1121.5021755
"6120","1kmE3907N3084",1846.9547655
"6121","1kmE3907N3085",4916.3798465
"6122","1kmE3907N3086",6191.542654
"6123","1kmE3907N3087",8734.9196365
"6124","1kmE3907N3088",10577.1865195
"6125","1kmE3907N3089",3486.8534135
"6126","1kmE3907N3090",7428.0312805
"6127","1kmE3907N3091",9493.90071
"6128","1kmE3907N3092",3856.823191
"6129","1kmE3907N3093",6275.0897335
"6130","1kmE3907N3094",9441.8711535
"6131","1kmE3907N3095",12188.077643
"6132","1kmE3907N3096",11236.541175
"6133","1kmE3907N3097",15120.229678
"6134","1kmE3907N3098",12422.2223645
"6135","1kmE3907N3099",10066.6068195
"6136","1kmE3907N3100",16131.4021095
"6137","1kmE3907N3101",16305.823118
"6138","1kmE3907N3102",12123.9651435
"6139","1kmE3907N3103",14222.4784815
"6140","1kmE3907N3104",15171.3717745
"6141","1kmE3907N3105",8141.805724
"6142","1kmE3907N3106",13701.896576
"6143","1kmE3907N3107",17121.1509115
"6144","1kmE3907N3108",15172.0419655
"6145","1kmE3907N3109",12444.442365
"6146","1kmE3907N3110",9846.281408
"6147","1kmE3907N3111",12579.0860455
"6148","1kmE3907N3112",7926.042975
"6149","1kmE3907N3113",4619.3630705
"6150","1kmE3907N3114",8744.4047585
"6151","1kmE3907N3115",4319.228599
"6152","1kmE3907N3116",8663.8131465
"6153","1kmE3907N3117",14046.0033585
"6154","1kmE3907N3118",19139.423767
"6155","1kmE3907N3119",15501.061178
"6156","1kmE3907N3120",13909.8782375
"6157","1kmE3907N3121",3891.4720795
"6158","1kmE3907N3122",4563.328713
"6159","1kmE3907N3123",11489.8598655
"6160","1kmE3907N3124",8102.643483
"6161","1kmE3907N3125",3053.0737065
"6162","1kmE3907N3126",7604.148514
"6163","1kmE3907N3127",11259.4838415
"6164","1kmE3907N3128",12158.0705575
"6165","1kmE3907N3129",13061.141631
"6166","1kmE3907N3130",12244.0230015
"6167","1kmE3907N3131",10142.880526
"6168","1kmE3907N3132",6789.5424785
"6169","1kmE3907N3133",4999.358321
"6170","1kmE3907N3134",11532.4568365
"6171","1kmE3907N3135",9872.47675
"6172","1kmE3907N3136",4632.2279835
"6173","1kmE3907N3137",1894.3099605
"6174","1kmE3907N3138",1242.3863385
"6175","1kmE3907N3139",3703.333517
"6176","1kmE3907N3140",5594.4146795
"6177","1kmE3907N3141",14857.79512
"6178","1kmE3907N3142",19672.184438
"6179","1kmE3907N3143",17161.8911025
"6180","1kmE3908N3084",6942.050121
"6181","1kmE3908N3085",8842.6429055
"6182","1kmE3908N3086",8313.4538225
"6183","1kmE3908N3087",8242.920102
"6184","1kmE3908N3088",8294.4508165
"6185","1kmE3908N3089",6390.4094775
"6186","1kmE3908N3090",7064.3195725
"6187","1kmE3908N3091",7924.2831805
"6188","1kmE3908N3092",5256.1398765
"6189","1kmE3908N3093",9433.5750905
"6190","1kmE3908N3094",8700.0518165
"6191","1kmE3908N3095",8793.04864
"6192","1kmE3908N3096",8039.033088
"6193","1kmE3908N3097",8736.489155
"6194","1kmE3908N3098",11184.4348975
"6195","1kmE3908N3099",7364.590416
"6196","1kmE3908N3100",9717.0939435
"6197","1kmE3908N3101",10399.422979
"6198","1kmE3908N3102",8614.657698
"6199","1kmE3908N3103",9526.71139
"6200","1kmE3908N3104",11407.5624905
"6201","1kmE3908N3105",11009.186582
"6202","1kmE3908N3106",15590.5442295
"6203","1kmE3908N3107",15040.86862
"6204","1kmE3908N3108",13773.3911925
"6205","1kmE3908N3109",12487.1244045
"6206","1kmE3908N3110",7398.578491
"6207","1kmE3908N3111",8990.5274795
"6208","1kmE3908N3112",7287.4729515
"6209","1kmE3908N3113",7233.5772935
"6210","1kmE3908N3114",9153.6931385
"6211","1kmE3908N3115",5557.6838325
"6212","1kmE3908N3116",8161.849445
"6213","1kmE3908N3117",10706.572073
"6214","1kmE3908N3118",15401.481781
"6215","1kmE3908N3119",15227.0037945
"6216","1kmE3908N3120",10802.3651
"6217","1kmE3908N3121",4675.690993
"6218","1kmE3908N3122",916.5215945
"6219","1kmE3908N3123",4784.928327
"6220","1kmE3908N3124",7440.2203
"6221","1kmE3908N3125",1970.612181
"6222","1kmE3908N3126",6678.8716095
"6223","1kmE3908N3127",11591.353201
"6224","1kmE3908N3128",12646.149448
"6225","1kmE3908N3129",8260.968532
"6226","1kmE3908N3130",11573.638147
"6227","1kmE3908N3131",11079.7306755
"6228","1kmE3908N3132",8408.052486
"6229","1kmE3908N3133",5963.281118
"6230","1kmE3908N3134",9476.273968
"6231","1kmE3908N3135",5127.023937
"6232","1kmE3908N3136",9522.572883
"6233","1kmE3908N3137",1016.9678125
"6234","1kmE3908N3138",4095.267971
"6235","1kmE3908N3139",7965.078824
"6236","1kmE3908N3140",11265.985543
"6237","1kmE3908N3141",17092.798228
"6238","1kmE3908N3142",15579.2104465
"6239","1kmE3908N3143",13242.4350595
"6240","1kmE3908N3144",14542.250288
"6241","1kmE3909N3083",7184.108202
"6242","1kmE3909N3084",10519.334398
"6243","1kmE3909N3085",10586.1725795
"6244","1kmE3909N3086",6765.9542395
"6245","1kmE3909N3087",2908.44324
"6246","1kmE3909N3088",8370.272714
"6247","1kmE3909N3089",9311.7345625
"6248","1kmE3909N3090",6838.1781875
"6249","1kmE3909N3091",5953.922513
"6250","1kmE3909N3092",8683.1485725
"6251","1kmE3909N3093",12213.347682
"6252","1kmE3909N3094",10028.4420305
"6253","1kmE3909N3095",8236.4912995
"6254","1kmE3909N3096",8141.6509425
"6255","1kmE3909N3097",9058.5861715
"6256","1kmE3909N3098",5486.0489385
"6257","1kmE3909N3099",10998.7994165
"6258","1kmE3909N3100",12858.9818825
"6259","1kmE3909N3101",12095.679581
"6260","1kmE3909N3102",10587.8351505
"6261","1kmE3909N3103",7790.6893015
"6262","1kmE3909N3104",4241.0178345
"6263","1kmE3909N3105",7607.3221245
"6264","1kmE3909N3106",17301.466583
"6265","1kmE3909N3107",18526.3546725
"6266","1kmE3909N3108",16166.8472575
"6267","1kmE3909N3109",14568.1937075
"6268","1kmE3909N3110",12338.754991
"6269","1kmE3909N3111",13169.975587
"6270","1kmE3909N3112",10435.8806205
"6271","1kmE3909N3113",2262.178192
"6272","1kmE3909N3114",7038.5358665
"6273","1kmE3909N3115",11203.6636655
"6274","1kmE3909N3116",9176.534111
"6275","1kmE3909N3117",10051.338779
"6276","1kmE3909N3118",10975.222579
"6277","1kmE3909N3119",13361.589018
"6278","1kmE3909N3120",14854.53089
"6279","1kmE3909N3121",13089.62545
"6280","1kmE3909N3122",9822.3679825
"6281","1kmE3909N3123",6930.6961485
"6282","1kmE3909N3124",10185.7511805
"6283","1kmE3909N3125",6076.9507135
"6284","1kmE3909N3126",11525.0397405
"6285","1kmE3909N3127",13105.699472
"6286","1kmE3909N3128",13001.504606
"6287","1kmE3909N3129",7324.742769
"6288","1kmE3909N3130",11121.110269
"6289","1kmE3909N3131",6282.2320115
"6290","1kmE3909N3132",3716.7090635
"6291","1kmE3909N3133",6011.947761
"6292","1kmE3909N3134",1590.1228245
"6293","1kmE3909N3135",3165.386661
"6294","1kmE3909N3136",5762.7857645
"6295","1kmE3909N3137",4204.8238475
"6296","1kmE3909N3138",6765.3991845
"6297","1kmE3909N3139",6579.5348025
"6298","1kmE3909N3140",9668.1098475
"6299","1kmE3909N3141",14969.3285935
"6300","1kmE3909N3142",14390.8790715
"6301","1kmE3909N3143",8552.18915
"6302","1kmE3909N3144",13721.99469
"6303","1kmE3910N3082",6276.5500995
"6304","1kmE3910N3083",7142.962063
"6305","1kmE3910N3084",7151.788835
"6306","1kmE3910N3085",7390.087806
"6307","1kmE3910N3086",8567.850416
"6308","1kmE3910N3087",6239.079631
"6309","1kmE3910N3088",7516.3392825
"6310","1kmE3910N3089",10063.9407135
"6311","1kmE3910N3090",11809.410144
"6312","1kmE3910N3091",8434.658214
"6313","1kmE3910N3092",9361.416401
"6314","1kmE3910N3093",10839.179971
"6315","1kmE3910N3094",8861.6317485
"6316","1kmE3910N3095",5931.730295
"6317","1kmE3910N3096",2808.7023795
"6318","1kmE3910N3097",4379.330583
"6319","1kmE3910N3098",6206.034302
"6320","1kmE3910N3099",9460.920627
"6321","1kmE3910N3100",10384.2306825
"6322","1kmE3910N3101",11936.6256675
"6323","1kmE3910N3102",10761.8766715
"6324","1kmE3910N3103",8236.356939
"6325","1kmE3910N3104",10129.806192
"6326","1kmE3910N3105",10027.812779
"6327","1kmE3910N3106",17202.715358
"6328","1kmE3910N3107",19020.927679
"6329","1kmE3910N3108",15901.1550325
"6330","1kmE3910N3109",13178.9794985
"6331","1kmE3910N3110",6746.4264275
"6332","1kmE3910N3111",11175.453738
"6333","1kmE3910N3112",10668.10466
"6334","1kmE3910N3113",8546.2622675
"6335","1kmE3910N3114",10872.610355
"6336","1kmE3910N3115",6644.0929035
"6337","1kmE3910N3116",10385.6985685
"6338","1kmE3910N3117",11307.263843
"6339","1kmE3910N3118",9313.0276345
"6340","1kmE3910N3119",15831.5235135
"6341","1kmE3910N3120",18142.0342785
"6342","1kmE3910N3121",16817.6403305
"6343","1kmE3910N3122",12133.221801
"6344","1kmE3910N3123",906.3153685
"6345","1kmE3910N3124",1926.959252
"6346","1kmE3910N3125",5020.69708
"6347","1kmE3910N3126",12775.2992045
"6348","1kmE3910N3127",15079.519876
"6349","1kmE3910N3128",10434.372994
"6350","1kmE3910N3129",4946.1098525
"6351","1kmE3910N3130",7256.423079
"6352","1kmE3910N3131",1844.4871855
"6353","1kmE3910N3132",3548.5737645
"6354","1kmE3910N3133",7053.2296765
"6355","1kmE3910N3134",4805.320399
"6356","1kmE3910N3135",2128.968771
"6357","1kmE3910N3136",5126.4062225
"6358","1kmE3910N3137",8417.3678615
"6359","1kmE3910N3138",5818.9099565
"6360","1kmE3910N3139",4354.2798985
"6361","1kmE3910N3140",5129.947574
"6362","1kmE3910N3141",8735.4380175
"6363","1kmE3910N3142",11108.7390175
"6364","1kmE3910N3143",10520.709749
"6365","1kmE3910N3144",13828.099261
"6366","1kmE3910N3145",14966.807602
"6367","1kmE3911N3082",7903.276684
"6368","1kmE3911N3083",8168.5601555
"6369","1kmE3911N3084",6574.4075605
"6370","1kmE3911N3085",8038.0306035
"6371","1kmE3911N3086",10086.7225095
"6372","1kmE3911N3087",12742.222749
"6373","1kmE3911N3088",10492.688998
"6374","1kmE3911N3089",6857.46897
"6375","1kmE3911N3090",12480.5226255
"6376","1kmE3911N3091",15759.3248585
"6377","1kmE3911N3092",14783.333484
"6378","1kmE3911N3093",11641.934323
"6379","1kmE3911N3094",8839.013446
"6380","1kmE3911N3095",8830.8074905
"6381","1kmE3911N3096",8289.347672
"6382","1kmE3911N3097",3197.518095
"6383","1kmE3911N3098",6246.621988
"6384","1kmE3911N3099",5802.154148
"6385","1kmE3911N3100",9157.0270875
"6386","1kmE3911N3101",9375.477951
"6387","1kmE3911N3102",13779.8559
"6388","1kmE3911N3103",12825.691465
"6389","1kmE3911N3104",12320.313974
"6390","1kmE3911N3105",10840.5758795
"6391","1kmE3911N3106",12072.172068
"6392","1kmE3911N3107",14596.716041
"6393","1kmE3911N3108",12137.035479
"6394","1kmE3911N3109",8639.8413625
"6395","1kmE3911N3110",14306.40433
"6396","1kmE3911N3111",14697.660436
"6397","1kmE3911N3112",7014.0836005
"6398","1kmE3911N3113",13021.049489
"6399","1kmE3911N3114",13942.7200785
"6400","1kmE3911N3115",1422.70698
"6401","1kmE3911N3116",6089.897158
"6402","1kmE3911N3117",9136.9212335
"6403","1kmE3911N3118",11519.744739
"6404","1kmE3911N3119",15617.347101
"6405","1kmE3911N3120",16098.34197
"6406","1kmE3911N3121",16007.9602295
"6407","1kmE3911N3122",11502.5530265
"6408","1kmE3911N3123",4508.5308075
"6409","1kmE3911N3124",2888.8438455
"6410","1kmE3911N3125",5244.004616
"6411","1kmE3911N3126",11773.2611585
"6412","1kmE3911N3127",15283.164766
"6413","1kmE3911N3128",11535.1104005
"6414","1kmE3911N3129",4390.4390375
"6415","1kmE3911N3130",1681.1024125
"6416","1kmE3911N3131",4567.369687
"6417","1kmE3911N3132",5710.1046325
"6418","1kmE3911N3133",5772.363924
"6419","1kmE3911N3134",7627.9717175
"6420","1kmE3911N3135",5437.3727945
"6421","1kmE3911N3136",1017.1534785
"6422","1kmE3911N3137",4171.6735535
"6423","1kmE3911N3138",5902.067701
"6424","1kmE3911N3139",2410.3207845
"6425","1kmE3911N3140",11554.530495
"6426","1kmE3911N3141",16868.8894995
"6427","1kmE3911N3142",16803.8033525
"6428","1kmE3911N3143",9829.044259
"6429","1kmE3911N3144",11982.426528
"6430","1kmE3911N3145",14017.301514
"6431","1kmE3911N3146",12691.670063
"6432","1kmE3912N3081",9882.6498975
"6433","1kmE3912N3082",14409.411219
"6434","1kmE3912N3083",10818.7709195
"6435","1kmE3912N3084",10004.520517
"6436","1kmE3912N3085",10515.750961
"6437","1kmE3912N3086",10228.942215
"6438","1kmE3912N3087",10667.7984095
"6439","1kmE3912N3088",11750.847503
"6440","1kmE3912N3089",12098.670493
"6441","1kmE3912N3090",15495.1122985
"6442","1kmE3912N3091",17511.0465915
"6443","1kmE3912N3092",16892.9756605
"6444","1kmE3912N3093",14387.545019
"6445","1kmE3912N3094",11181.7909595
"6446","1kmE3912N3095",8996.0067465
"6447","1kmE3912N3096",10058.4901885
"6448","1kmE3912N3097",8564.980665
"6449","1kmE3912N3098",4379.410165
"6450","1kmE3912N3099",5018.90602
"6451","1kmE3912N3100",8220.6845435
"6452","1kmE3912N3101",6185.8558315
"6453","1kmE3912N3102",11345.842125
"6454","1kmE3912N3103",11084.8236575
"6455","1kmE3912N3104",8208.75563
"6456","1kmE3912N3105",5553.079859
"6457","1kmE3912N3106",6707.3838995
"6458","1kmE3912N3107",3511.7698775
"6459","1kmE3912N3108",9666.343714
"6460","1kmE3912N3109",7856.243082
"6461","1kmE3912N3110",12788.4504595
"6462","1kmE3912N3111",11851.3474275
"6463","1kmE3912N3112",12044.803387
"6464","1kmE3912N3113",12090.34655
"6465","1kmE3912N3114",5315.3104425
"6466","1kmE3912N3115",1467.086946
"6467","1kmE3912N3116",3384.277175
"6468","1kmE3912N3117",7868.006799
"6469","1kmE3912N3118",9943.920092
"6470","1kmE3912N3119",13755.9029225
"6471","1kmE3912N3120",11533.990025
"6472","1kmE3912N3121",12569.563921
"6473","1kmE3912N3122",10858.5063375
"6474","1kmE3912N3123",11567.306433
"6475","1kmE3912N3124",10578.6026135
"6476","1kmE3912N3125",6031.59081
"6477","1kmE3912N3126",12105.488735
"6478","1kmE3912N3127",12771.1101315
"6479","1kmE3912N3128",9559.554189
"6480","1kmE3912N3129",7283.702098
"6481","1kmE3912N3130",5232.889517
"6482","1kmE3912N3131",6123.9887735
"6483","1kmE3912N3132",5961.8231855
"6484","1kmE3912N3133",5769.2525095
"6485","1kmE3912N3134",7325.4104755
"6486","1kmE3912N3135",5740.9193195
"6487","1kmE3912N3136",3099.6243815
"6488","1kmE3912N3137",3094.985981
"6489","1kmE3912N3138",2414.4612605
"6490","1kmE3912N3139",556.436941
"6491","1kmE3912N3140",5249.208196
"6492","1kmE3912N3141",15117.954438
"6493","1kmE3912N3142",16674.9012665
"6494","1kmE3912N3143",5436.0973025
"6495","1kmE3912N3144",10000.478587
"6496","1kmE3912N3145",10902.77097
"6497","1kmE3912N3146",10726.921466
"6498","1kmE3913N3081",12328.1141115
"6499","1kmE3913N3082",17780.6656835
"6500","1kmE3913N3083",15500.1802835
"6501","1kmE3913N3084",12155.069374
"6502","1kmE3913N3085",12704.431374
"6503","1kmE3913N3086",12117.132074
"6504","1kmE3913N3087",10823.7338955
"6505","1kmE3913N3088",8900.9878125
"6506","1kmE3913N3089",9958.791806
"6507","1kmE3913N3090",14082.0710955
"6508","1kmE3913N3091",12807.425189
"6509","1kmE3913N3092",13890.210895
"6510","1kmE3913N3093",15616.0379965
"6511","1kmE3913N3094",11188.141803
"6512","1kmE3913N3095",11210.697596
"6513","1kmE3913N3096",10474.988224
"6514","1kmE3913N3097",6984.315091
"6515","1kmE3913N3098",6522.7601635
"6516","1kmE3913N3099",9555.832164
"6517","1kmE3913N3100",7584.228954
"6518","1kmE3913N3101",4800.584313
"6519","1kmE3913N3102",14083.0466835
"6520","1kmE3913N3103",12847.5963285
"6521","1kmE3913N3104",8184.7331665
"6522","1kmE3913N3105",4170.238089
"6523","1kmE3913N3106",6687.4856935
"6524","1kmE3913N3107",11920.690661
"6525","1kmE3913N3108",7332.197493
"6526","1kmE3913N3109",7176.007035
"6527","1kmE3913N3110",6304.9552125
"6528","1kmE3913N3111",10961.8535875
"6529","1kmE3913N3112",10063.351853
"6530","1kmE3913N3113",5748.7333305
"6531","1kmE3913N3114",12529.7666025
"6532","1kmE3913N3115",11063.900655
"6533","1kmE3913N3116",10035.720039
"6534","1kmE3913N3117",9355.34849
"6535","1kmE3913N3118",11085.7661835
"6536","1kmE3913N3119",14001.162913
"6537","1kmE3913N3120",11772.533712
"6538","1kmE3913N3121",11796.814685
"6539","1kmE3913N3122",12976.143959
"6540","1kmE3913N3123",13615.3028865
"6541","1kmE3913N3124",14000.7801545
"6542","1kmE3913N3125",11353.6964565
"6543","1kmE3913N3126",12128.634711
"6544","1kmE3913N3127",11588.3553585
"6545","1kmE3913N3128",9388.909396
"6546","1kmE3913N3129",7037.3222145
"6547","1kmE3913N3130",6940.634551
"6548","1kmE3913N3131",5132.28525
"6549","1kmE3913N3132",5275.4891715
"6550","1kmE3913N3133",6824.6512235
"6551","1kmE3913N3134",7288.4298055
"6552","1kmE3913N3135",5137.5491945
"6553","1kmE3913N3136",7409.7637825
"6554","1kmE3913N3137",6078.0878375
"6555","1kmE3913N3138",6408.7707525
"6556","1kmE3913N3139",5368.793929
"6557","1kmE3913N3140",10721.0775675
"6558","1kmE3913N3141",13712.9309285
"6559","1kmE3913N3142",12690.1351365
"6560","1kmE3913N3143",5714.897934
"6561","1kmE3913N3144",6078.1214785
"6562","1kmE3913N3145",11086.6652835
"6563","1kmE3913N3146",11269.908929
"6564","1kmE3913N3147",10462.67445
"6565","1kmE3914N3080",11016.762565
"6566","1kmE3914N3081",12301.227889
"6567","1kmE3914N3082",20092.001476
"6568","1kmE3914N3083",18034.159074
"6569","1kmE3914N3084",13908.004782
"6570","1kmE3914N3085",14789.5951715
"6571","1kmE3914N3086",13279.3533385
"6572","1kmE3914N3087",10470.886628
"6573","1kmE3914N3088",8971.6310495
"6574","1kmE3914N3089",9334.1746565
"6575","1kmE3914N3090",13851.6487515
"6576","1kmE3914N3091",12418.3495925
"6577","1kmE3914N3092",10232.312191
"6578","1kmE3914N3093",9487.2793075
"6579","1kmE3914N3094",8065.3398275
"6580","1kmE3914N3095",14305.788989
"6581","1kmE3914N3096",12468.06213
"6582","1kmE3914N3097",9873.454623
"6583","1kmE3914N3098",11892.1250945
"6584","1kmE3914N3099",10718.5473485
"6585","1kmE3914N3100",8127.007961
"6586","1kmE3914N3101",4311.776123
"6587","1kmE3914N3102",14573.062282
"6588","1kmE3914N3103",10644.669438
"6589","1kmE3914N3104",6553.5027065
"6590","1kmE3914N3105",9479.4317895
"6591","1kmE3914N3106",9493.300082
"6592","1kmE3914N3107",13385.739455
"6593","1kmE3914N3108",7971.777978
"6594","1kmE3914N3109",11852.4014515
"6595","1kmE3914N3110",8727.9949235
"6596","1kmE3914N3111",14642.494706
"6597","1kmE3914N3112",11209.308633
"6598","1kmE3914N3113",3277.9210255
"6599","1kmE3914N3114",11961.1038935
"6600","1kmE3914N3115",9237.5567285
"6601","1kmE3914N3116",9726.1713655
"6602","1kmE3914N3117",8612.948632
"6603","1kmE3914N3118",11746.1773755
"6604","1kmE3914N3119",11734.552202
"6605","1kmE3914N3120",13399.121977
"6606","1kmE3914N3121",12516.684655
"6607","1kmE3914N3122",12948.7303435
"6608","1kmE3914N3123",16854.803608
"6609","1kmE3914N3124",16009.8044345
"6610","1kmE3914N3125",16556.9949775
"6611","1kmE3914N3126",14564.0001365
"6612","1kmE3914N3127",11250.885812
"6613","1kmE3914N3128",8655.6977485
"6614","1kmE3914N3129",2516.6702525
"6615","1kmE3914N3130",6685.1829295
"6616","1kmE3914N3131",8295.757971
"6617","1kmE3914N3132",7665.1173905
"6618","1kmE3914N3133",7812.141592
"6619","1kmE3914N3134",4741.637751
"6620","1kmE3914N3135",5266.199351
"6621","1kmE3914N3136",8701.113464
"6622","1kmE3914N3137",4829.2877085
"6623","1kmE3914N3138",4380.3433975
"6624","1kmE3914N3139",1196.1291935
"6625","1kmE3914N3140",5588.735538
"6626","1kmE3914N3141",10493.108575
"6627","1kmE3914N3142",9084.153785
"6628","1kmE3914N3143",8594.5053075
"6629","1kmE3914N3144",6183.006269
"6630","1kmE3914N3145",9428.0693195
"6631","1kmE3914N3146",12558.668696
"6632","1kmE3914N3147",11421.9322375
"6633","1kmE3914N3148",8670.8556675
"6634","1kmE3915N3080",14360.9743775
"6635","1kmE3915N3081",14049.1440475
"6636","1kmE3915N3082",18687.851986
"6637","1kmE3915N3083",15908.249512
"6638","1kmE3915N3084",13852.675129
"6639","1kmE3915N3085",16786.7541035
"6640","1kmE3915N3086",15419.060528
"6641","1kmE3915N3087",12987.2601295
"6642","1kmE3915N3088",11380.7900435
"6643","1kmE3915N3089",10112.922757
"6644","1kmE3915N3090",13520.9978065
"6645","1kmE3915N3091",10170.111666
"6646","1kmE3915N3092",6377.872851
"6647","1kmE3915N3093",8050.1619265
"6648","1kmE3915N3094",13844.7492095
"6649","1kmE3915N3095",12961.070922
"6650","1kmE3915N3096",7390.91351
"6651","1kmE3915N3097",10429.210079
"6652","1kmE3915N3098",10718.225735
"6653","1kmE3915N3099",5123.575861
"6654","1kmE3915N3100",8642.482488
"6655","1kmE3915N3101",5967.859995
"6656","1kmE3915N3102",11430.6094685
"6657","1kmE3915N3103",7088.8911205
"6658","1kmE3915N3104",12083.9645645
"6659","1kmE3915N3105",9849.4711365
"6660","1kmE3915N3106",11047.6509675
"6661","1kmE3915N3107",6496.2269525
"6662","1kmE3915N3108",1885.7195515
"6663","1kmE3915N3109",5714.558076
"6664","1kmE3915N3110",8676.308073
"6665","1kmE3915N3111",6245.295975
"6666","1kmE3915N3112",3109.085189
"6667","1kmE3915N3113",4201.80823
"6668","1kmE3915N3114",11838.7008825
"6669","1kmE3915N3115",11197.5738125
"6670","1kmE3915N3116",9438.7612105
"6671","1kmE3915N3117",9019.915469
"6672","1kmE3915N3118",9645.8053105
"6673","1kmE3915N3119",11029.767449
"6674","1kmE3915N3120",12977.2004085
"6675","1kmE3915N3121",11951.228324
"6676","1kmE3915N3122",15503.474136
"6677","1kmE3915N3123",18051.991635
"6678","1kmE3915N3124",16924.372552
"6679","1kmE3915N3125",13761.8487425
"6680","1kmE3915N3126",14666.178978
"6681","1kmE3915N3127",13523.523328
"6682","1kmE3915N3128",8617.2397515
"6683","1kmE3915N3129",2925.441481
"6684","1kmE3915N3130",5605.8999025
"6685","1kmE3915N3131",9599.15311
"6686","1kmE3915N3132",7988.237845
"6687","1kmE3915N3133",12015.677022
"6688","1kmE3915N3134",10619.9302615
"6689","1kmE3915N3135",11572.74238
"6690","1kmE3915N3136",7722.622649
"6691","1kmE3915N3137",3942.482775
"6692","1kmE3915N3138",7917.3396185
"6693","1kmE3915N3139",5503.4408675
"6694","1kmE3915N3140",8884.5061435
"6695","1kmE3915N3141",8359.44417
"6696","1kmE3915N3142",7193.7368095
"6697","1kmE3915N3143",10236.0028985
"6698","1kmE3915N3144",9184.8388885
"6699","1kmE3915N3145",7406.4878805
"6700","1kmE3915N3146",14812.282976
"6701","1kmE3915N3147",13289.801392
"6702","1kmE3915N3148",6494.530673
"6703","1kmE3915N3149",7745.319671
"6704","1kmE3916N3081",15052.424072
"6705","1kmE3916N3082",17704.2855395
"6706","1kmE3916N3083",18842.5901825
"6707","1kmE3916N3084",18704.836835
"6708","1kmE3916N3085",14717.932275
"6709","1kmE3916N3086",13522.1597985
"6710","1kmE3916N3087",13107.614778
"6711","1kmE3916N3088",9942.454123
"6712","1kmE3916N3089",9542.934307
"6713","1kmE3916N3090",11546.1511545
"6714","1kmE3916N3091",14103.092031
"6715","1kmE3916N3092",8594.985222
"6716","1kmE3916N3093",14315.4166925
"6717","1kmE3916N3094",16968.714091
"6718","1kmE3916N3095",15926.5770825
"6719","1kmE3916N3096",11536.158139
"6720","1kmE3916N3097",9177.1109015
"6721","1kmE3916N3098",14920.6669845
"6722","1kmE3916N3099",13806.4110975
"6723","1kmE3916N3100",7882.853544
"6724","1kmE3916N3101",4255.9642385
"6725","1kmE3916N3102",4670.647561
"6726","1kmE3916N3103",3476.9101415
"6727","1kmE3916N3104",13232.4863235
"6728","1kmE3916N3105",8313.32828
"6729","1kmE3916N3106",10274.5816875
"6730","1kmE3916N3107",12305.4161215
"6731","1kmE3916N3108",7058.569075
"6732","1kmE3916N3109",5976.437786
"6733","1kmE3916N3110",6951.2703375
"6734","1kmE3916N3111",4111.4252115
"6735","1kmE3916N3112",4296.6232145
"6736","1kmE3916N3113",3180.7366245
"6737","1kmE3916N3114",11700.4803385
"6738","1kmE3916N3115",7590.53051
"6739","1kmE3916N3116",8722.597445
"6740","1kmE3916N3117",8852.96733
"6741","1kmE3916N3118",12231.6952565
"6742","1kmE3916N3119",12646.3581135
"6743","1kmE3916N3120",10440.087244
"6744","1kmE3916N3121",12309.6839195
"6745","1kmE3916N3122",14619.055323
"6746","1kmE3916N3123",15880.046756
"6747","1kmE3916N3124",16095.4382215
"6748","1kmE3916N3125",15189.4442485
"6749","1kmE3916N3126",14445.4574325
"6750","1kmE3916N3127",15597.64768
"6751","1kmE3916N3128",8492.3729755
"6752","1kmE3916N3129",7664.4966285
"6753","1kmE3916N3130",7048.037613
"6754","1kmE3916N3131",7633.8550405
"6755","1kmE3916N3132",7155.72671
"6756","1kmE3916N3133",11165.146416
"6757","1kmE3916N3134",11600.63416
"6758","1kmE3916N3135",10799.6853835
"6759","1kmE3916N3136",8408.9591725
"6760","1kmE3916N3137",8907.266027
"6761","1kmE3916N3138",4675.535057
"6762","1kmE3916N3139",2610.949655
"6763","1kmE3916N3140",4539.199019
"6764","1kmE3916N3141",8165.88025
"6765","1kmE3916N3142",12249.2995675
"6766","1kmE3916N3143",14650.120834
"6767","1kmE3916N3144",11018.919978
"6768","1kmE3916N3145",10246.25408
"6769","1kmE3916N3146",9611.4459915
"6770","1kmE3916N3147",11827.659621
"6771","1kmE3916N3148",8236.5161385
"6772","1kmE3916N3149",8166.329038
"6773","1kmE3916N3150",8250.095159
"6774","1kmE3917N3080",13349.4579845
"6775","1kmE3917N3081",15059.5919145
"6776","1kmE3917N3082",18196.0298025
"6777","1kmE3917N3083",20404.8214895
"6778","1kmE3917N3084",18214.2333165
"6779","1kmE3917N3085",13702.187872
"6780","1kmE3917N3086",14011.4598165
"6781","1kmE3917N3087",12051.524255
"6782","1kmE3917N3088",9668.235256
"6783","1kmE3917N3089",12401.9831665
"6784","1kmE3917N3090",9766.6819475
"6785","1kmE3917N3091",13525.9401675
"6786","1kmE3917N3092",10595.6556365
"6787","1kmE3917N3093",18272.415853
"6788","1kmE3917N3094",17872.2457285
"6789","1kmE3917N3095",17672.9562535
"6790","1kmE3917N3096",15790.792867
"6791","1kmE3917N3097",14312.2985325
"6792","1kmE3917N3098",14208.243347
"6793","1kmE3917N3099",10911.932116
"6794","1kmE3917N3100",9221.593315
"6795","1kmE3917N3101",10311.484805
"6796","1kmE3917N3102",7907.655786
"6797","1kmE3917N3103",3906.302039
"6798","1kmE3917N3104",9449.556195
"6799","1kmE3917N3105",8072.3107585
"6800","1kmE3917N3106",8842.924643
"6801","1kmE3917N3107",14406.6282015
"6802","1kmE3917N3108",10819.314686
"6803","1kmE3917N3109",10587.4271985
"6804","1kmE3917N3110",5527.064628
"6805","1kmE3917N3111",11337.2659885
"6806","1kmE3917N3112",6225.645634
"6807","1kmE3917N3113",1631.008681
"6808","1kmE3917N3114",3636.4135705
"6809","1kmE3917N3115",4070.4414475
"6810","1kmE3917N3116",10887.2266805
"6811","1kmE3917N3117",9452.023928
"6812","1kmE3917N3118",12148.1238005
"6813","1kmE3917N3119",12714.4473435
"6814","1kmE3917N3120",11542.4411765
"6815","1kmE3917N3121",12070.076646
"6816","1kmE3917N3122",11315.000015
"6817","1kmE3917N3123",16017.25576
"6818","1kmE3917N3124",17248.31275
"6819","1kmE3917N3125",14607.4268055
"6820","1kmE3917N3126",14919.971861
"6821","1kmE3917N3127",16022.9169665
"6822","1kmE3917N3128",15316.64611
"6823","1kmE3917N3129",11733.047526
"6824","1kmE3917N3130",4746.5250985
"6825","1kmE3917N3131",2184.4676555
"6826","1kmE3917N3132",2773.5897685
"6827","1kmE3917N3133",12737.9370165
"6828","1kmE3917N3134",10834.2535905
"6829","1kmE3917N3135",9213.666342
"6830","1kmE3917N3136",6457.7484735
"6831","1kmE3917N3137",2334.8494605
"6832","1kmE3917N3138",7623.925852
"6833","1kmE3917N3139",5384.1516595
"6834","1kmE3917N3140",6056.03672
"6835","1kmE3917N3141",8893.69026
"6836","1kmE3917N3142",13361.019038
"6837","1kmE3917N3143",15025.551463
"6838","1kmE3917N3144",11125.465607
"6839","1kmE3917N3145",5908.1238205
"6840","1kmE3917N3146",12824.427158
"6841","1kmE3917N3147",13348.0750635
"6842","1kmE3917N3148",9532.098951
"6843","1kmE3917N3149",7985.625563
"6844","1kmE3917N3150",9951.958446
"6845","1kmE3917N3151",9784.563699
"6846","1kmE3918N3080",12198.280311
"6847","1kmE3918N3081",13423.3009195
"6848","1kmE3918N3082",18047.3404365
"6849","1kmE3918N3083",20187.8616885
"6850","1kmE3918N3084",18146.913558
"6851","1kmE3918N3085",16440.884673
"6852","1kmE3918N3086",14740.7556005
"6853","1kmE3918N3087",13327.7048
"6854","1kmE3918N3088",9509.9658995
"6855","1kmE3918N3089",7674.249771
"6856","1kmE3918N3090",8795.2268075
"6857","1kmE3918N3091",11599.59884
"6858","1kmE3918N3092",13398.5188585
"6859","1kmE3918N3093",19162.1443685
"6860","1kmE3918N3094",17024.570304
"6861","1kmE3918N3095",16976.554904
"6862","1kmE3918N3096",13461.43459
"6863","1kmE3918N3097",11268.257405
"6864","1kmE3918N3098",15922.6349375
"6865","1kmE3918N3099",15167.985286
"6866","1kmE3918N3100",10108.6519685
"6867","1kmE3918N3101",7161.591781
"6868","1kmE3918N3102",7988.943325
"6869","1kmE3918N3103",7818.4590715
"6870","1kmE3918N3104",9830.0200975
"6871","1kmE3918N3105",8516.304616
"6872","1kmE3918N3106",5934.2012495
"6873","1kmE3918N3107",6577.076038
"6874","1kmE3918N3108",8095.2851545
"6875","1kmE3918N3109",8840.266154
"6876","1kmE3918N3110",7687.108665
"6877","1kmE3918N3111",11556.4716475
"6878","1kmE3918N3112",10009.189033
"6879","1kmE3918N3113",5284.1767335
"6880","1kmE3918N3114",6376.5837175
"6881","1kmE3918N3115",4191.355736
"6882","1kmE3918N3116",10139.005465
"6883","1kmE3918N3117",12970.3635905
"6884","1kmE3918N3118",13571.089285
"6885","1kmE3918N3119",13993.1709505
"6886","1kmE3918N3120",14658.193868
"6887","1kmE3918N3121",11968.6861585
"6888","1kmE3918N3122",13087.016244
"6889","1kmE3918N3123",11916.0807475
"6890","1kmE3918N3124",15054.5459685
"6891","1kmE3918N3125",13026.3898505
"6892","1kmE3918N3126",14482.100908
"6893","1kmE3918N3127",16785.1036485
"6894","1kmE3918N3128",15999.0582
"6895","1kmE3918N3129",11289.380288
"6896","1kmE3918N3130",5988.469384
"6897","1kmE3918N3131",3327.1179245
"6898","1kmE3918N3132",10707.315037
"6899","1kmE3918N3133",13047.8048145
"6900","1kmE3918N3134",9125.884046
"6901","1kmE3918N3135",10387.082996
"6902","1kmE3918N3136",14568.5559935
"6903","1kmE3918N3137",7974.680846
"6904","1kmE3918N3138",2910.77934
"6905","1kmE3918N3139",2546.7537775
"6906","1kmE3918N3140",4884.8854025
"6907","1kmE3918N3141",12888.9495925
"6908","1kmE3918N3142",13796.5678375
"6909","1kmE3918N3143",11817.2336505
"6910","1kmE3918N3144",6588.3568075
"6911","1kmE3918N3145",4009.789079
"6912","1kmE3918N3146",12272.6122785
"6913","1kmE3918N3147",9793.990012
"6914","1kmE3918N3148",6407.930843
"6915","1kmE3918N3149",10558.4871975
"6916","1kmE3918N3150",9521.8857505
"6917","1kmE3918N3151",11587.077098
"6918","1kmE3918N3152",9842.377682
"6919","1kmE3918N3155",2259.7163265
"6920","1kmE3918N3156",1524.768253
"6921","1kmE3919N3080",11243.2992835
"6922","1kmE3919N3081",14673.98766
"6923","1kmE3919N3082",16943.1431755
"6924","1kmE3919N3083",16948.693122
"6925","1kmE3919N3084",15461.1676745
"6926","1kmE3919N3085",15607.678269
"6927","1kmE3919N3086",16707.2769905
"6928","1kmE3919N3087",17637.8018205
"6929","1kmE3919N3088",15433.969891
"6930","1kmE3919N3089",12639.599868
"6931","1kmE3919N3090",13025.520963
"6932","1kmE3919N3091",11176.306283
"6933","1kmE3919N3092",12626.0690415
"6934","1kmE3919N3093",16405.3605375
"6935","1kmE3919N3094",15259.8767335
"6936","1kmE3919N3095",15132.662948
"6937","1kmE3919N3096",13361.271301
"6938","1kmE3919N3097",16820.366902
"6939","1kmE3919N3098",18550.730049
"6940","1kmE3919N3099",16023.9169045
"6941","1kmE3919N3100",17203.001148
"6942","1kmE3919N3101",15039.338052
"6943","1kmE3919N3102",12050.9504595
"6944","1kmE3919N3103",7013.7394135
"6945","1kmE3919N3104",10421.85836
"6946","1kmE3919N3105",8359.474611
"6947","1kmE3919N3106",10771.841222
"6948","1kmE3919N3107",9831.345544
"6949","1kmE3919N3108",4953.0487745
"6950","1kmE3919N3109",9158.904899
"6951","1kmE3919N3110",11772.600787
"6952","1kmE3919N3111",8270.7755415
"6953","1kmE3919N3112",5451.61559
"6954","1kmE3919N3113",3759.262916
"6955","1kmE3919N3114",6535.3450335
"6956","1kmE3919N3115",10974.864648
"6957","1kmE3919N3116",11303.521706
"6958","1kmE3919N3117",13468.171612
"6959","1kmE3919N3118",14527.110503
"6960","1kmE3919N3119",14388.3641975
"6961","1kmE3919N3120",14293.2311105
"6962","1kmE3919N3121",13227.3858115
"6963","1kmE3919N3122",16670.0720455
"6964","1kmE3919N3123",12399.2913455
"6965","1kmE3919N3124",13385.644344
"6966","1kmE3919N3125",16100.111246
"6967","1kmE3919N3126",18907.8891305
"6968","1kmE3919N3127",16517.2589075
"6969","1kmE3919N3128",16942.9285255
"6970","1kmE3919N3129",15116.6721
"6971","1kmE3919N3130",7373.199272
"6972","1kmE3919N3131",5319.1303525
"6973","1kmE3919N3132",13945.484274
"6974","1kmE3919N3133",5531.8613335
"6975","1kmE3919N3134",6601.4653705
"6976","1kmE3919N3135",7849.266929
"6977","1kmE3919N3136",9947.3355635
"6978","1kmE3919N3137",11666.19203
"6979","1kmE3919N3138",5204.449363
"6980","1kmE3919N3139",2380.568285
"6981","1kmE3919N3140",10631.006685
"6982","1kmE3919N3141",14391.559088
"6983","1kmE3919N3142",14100.011063
"6984","1kmE3919N3143",8482.945736
"6985","1kmE3919N3144",2283.129178
"6986","1kmE3919N3145",8264.91314
"6987","1kmE3919N3146",7012.913436
"6988","1kmE3919N3147",10744.662848
"6989","1kmE3919N3148",5064.948626
"6990","1kmE3919N3149",4479.1830655
"6991","1kmE3919N3150",8878.5327545
"6992","1kmE3919N3151",11741.2778295
"6993","1kmE3919N3152",12817.852272
"6994","1kmE3919N3153",10296.5607855
"6995","1kmE3919N3154",6307.1882735
"6996","1kmE3919N3155",2110.667671
"6997","1kmE3919N3156",1958.051479
"6998","1kmE3920N3082",16102.872445
"6999","1kmE3920N3083",18156.053315
"7000","1kmE3920N3084",16555.748192
"7001","1kmE3920N3085",16078.103971
"7002","1kmE3920N3086",13211.220766
"7003","1kmE3920N3087",15197.6571935
"7004","1kmE3920N3088",15480.799354
"7005","1kmE3920N3089",13381.049057
"7006","1kmE3920N3090",15559.6864295
"7007","1kmE3920N3091",15895.3170935
"7008","1kmE3920N3092",14984.5141535
"7009","1kmE3920N3093",14954.871997
"7010","1kmE3920N3094",16093.32272
"7011","1kmE3920N3095",14495.710489
"7012","1kmE3920N3096",14236.721439
"7013","1kmE3920N3097",14429.3214875
"7014","1kmE3920N3098",16088.902099
"7015","1kmE3920N3099",16001.4073
"7016","1kmE3920N3100",19767.7819125
"7017","1kmE3920N3101",20939.754049
"7018","1kmE3920N3102",14620.578316
"7019","1kmE3920N3103",4760.199365
"7020","1kmE3920N3104",7795.9163605
"7021","1kmE3920N3105",8771.8584745
"7022","1kmE3920N3106",11639.5302295
"7023","1kmE3920N3107",11754.594258
"7024","1kmE3920N3108",8651.53288
"7025","1kmE3920N3109",7507.008483
"7026","1kmE3920N3110",11772.675696
"7027","1kmE3920N3111",4676.163169
"7028","1kmE3920N3112",2420.032678
"7029","1kmE3920N3113",3118.171911
"7030","1kmE3920N3114",6498.7645545
"7031","1kmE3920N3115",11804.56043
"7032","1kmE3920N3116",9856.692128
"7033","1kmE3920N3117",11633.6840205
"7034","1kmE3920N3118",12635.85411
"7035","1kmE3920N3119",12709.465503
"7036","1kmE3920N3120",15111.9390845
"7037","1kmE3920N3121",16196.6033395
"7038","1kmE3920N3122",14583.6588725
"7039","1kmE3920N3123",16672.580387
"7040","1kmE3920N3124",14847.237313
"7041","1kmE3920N3125",14393.9250635
"7042","1kmE3920N3126",16773.5737085
"7043","1kmE3920N3127",12794.7123815
"7044","1kmE3920N3128",15530.3205035
"7045","1kmE3920N3129",11569.55398
"7046","1kmE3920N3130",9233.3718525
"7047","1kmE3920N3131",7833.2730025
"7048","1kmE3920N3132",11514.301324
"7049","1kmE3920N3133",5599.373396
"7050","1kmE3920N3134",5862.2777945
"7051","1kmE3920N3135",7011.840828
"7052","1kmE3920N3136",5435.1530805
"7053","1kmE3920N3137",6600.593447
"7054","1kmE3920N3138",11948.943031
"7055","1kmE3920N3139",6604.252548
"7056","1kmE3920N3140",11698.3861595
"7057","1kmE3920N3141",14839.1914245
"7058","1kmE3920N3142",15158.2924995
"7059","1kmE3920N3143",8555.1581055
"7060","1kmE3920N3144",5215.841788
"7061","1kmE3920N3145",9017.6679645
"7062","1kmE3920N3146",6259.4581865
"7063","1kmE3920N3147",5470.174091
"7064","1kmE3920N3148",7072.699214
"7065","1kmE3920N3149",6960.584621
"7066","1kmE3920N3150",7513.4594655
"7067","1kmE3920N3151",14131.56201
"7068","1kmE3920N3152",13697.7830315
"7069","1kmE3920N3153",8060.0214315
"7070","1kmE3920N3154",7283.485823
"7071","1kmE3920N3155",9595.05315
"7072","1kmE3920N3156",10640.422709
"7073","1kmE3921N3082",14392.7393855
"7074","1kmE3921N3083",15740.63167
"7075","1kmE3921N3084",16716.059429
"7076","1kmE3921N3085",17275.625552
"7077","1kmE3921N3086",12516.660383
"7078","1kmE3921N3087",19105.646269
"7079","1kmE3921N3088",20763.272946
"7080","1kmE3921N3089",19368.8755295
"7081","1kmE3921N3090",19163.4167335
"7082","1kmE3921N3091",17126.386035
"7083","1kmE3921N3092",14405.8022715
"7084","1kmE3921N3093",15979.2100765
"7085","1kmE3921N3094",16197.406868
"7086","1kmE3921N3095",14212.10416
"7087","1kmE3921N3096",13542.81999
"7088","1kmE3921N3097",13550.634279
"7089","1kmE3921N3098",13552.8111705
"7090","1kmE3921N3099",13673.774736
"7091","1kmE3921N3100",18484.205512
"7092","1kmE3921N3101",19771.8846815
"7093","1kmE3921N3102",13930.5310545
"7094","1kmE3921N3103",12454.840014
"7095","1kmE3921N3104",11705.294097
"7096","1kmE3921N3105",9640.0962215
"7097","1kmE3921N3106",13948.7668155
"7098","1kmE3921N3107",11093.8396605
"7099","1kmE3921N3108",10343.5196245
"7100","1kmE3921N3109",12896.9296655
"7101","1kmE3921N3110",16212.206154
"7102","1kmE3921N3111",12405.5148365
"7103","1kmE3921N3112",9748.909627
"7104","1kmE3921N3113",13184.843675
"7105","1kmE3921N3114",5795.017563
"7106","1kmE3921N3115",8341.510238
"7107","1kmE3921N3116",7388.4786655
"7108","1kmE3921N3117",11022.5094105
"7109","1kmE3921N3118",8968.099161
"7110","1kmE3921N3119",13203.6456875
"7111","1kmE3921N3120",16205.2557565
"7112","1kmE3921N3121",15535.827905
"7113","1kmE3921N3122",15906.62343
"7114","1kmE3921N3123",16992.3642505
"7115","1kmE3921N3124",16363.6686505
"7116","1kmE3921N3125",13222.2989405
"7117","1kmE3921N3126",14135.4941925
"7118","1kmE3921N3127",13371.0147
"7119","1kmE3921N3128",10752.6888005
"7120","1kmE3921N3129",3797.2079815
"7121","1kmE3921N3130",7106.1367975
"7122","1kmE3921N3131",5102.454713
"7123","1kmE3921N3132",4173.305754
"7124","1kmE3921N3133",8145.671907
"7125","1kmE3921N3134",7498.751503
"7126","1kmE3921N3135",9968.582128
"7127","1kmE3921N3136",11692.941916
"7128","1kmE3921N3137",2222.9076085
"7129","1kmE3921N3138",5604.042335
"7130","1kmE3921N3139",3720.7555035
"7131","1kmE3921N3140",8282.890733
"7132","1kmE3921N3141",11511.9581595
"7133","1kmE3921N3142",13788.4891495
"7134","1kmE3921N3143",9947.2758025
"7135","1kmE3921N3144",8258.7466825
"7136","1kmE3921N3145",4214.072638
"7137","1kmE3921N3146",4528.2473055
"7138","1kmE3921N3147",1694.9284065
"7139","1kmE3921N3148",8217.947675
"7140","1kmE3921N3149",10517.9497105
"7141","1kmE3921N3150",2357.5185605
"7142","1kmE3921N3151",6776.1555635
"7143","1kmE3921N3152",7464.1692
"7144","1kmE3921N3153",4903.667868
"7145","1kmE3921N3154",6056.942997
"7146","1kmE3921N3155",8436.4827895
"7147","1kmE3921N3156",9917.33834
"7148","1kmE3922N3082",11939.096197
"7149","1kmE3922N3083",10421.893963
"7150","1kmE3922N3084",17184.059497
"7151","1kmE3922N3085",18275.826146
"7152","1kmE3922N3086",14317.9695495
"7153","1kmE3922N3087",16927.3377935
"7154","1kmE3922N3088",20285.673055
"7155","1kmE3922N3089",21169.645499
"7156","1kmE3922N3090",20340.6839525
"7157","1kmE3922N3091",18725.028112
"7158","1kmE3922N3092",15032.175977
"7159","1kmE3922N3093",14569.298588
"7160","1kmE3922N3094",15829.8703865
"7161","1kmE3922N3095",12887.4892995
"7162","1kmE3922N3096",9564.9998575
"7163","1kmE3922N3097",10995.5345835
"7164","1kmE3922N3098",11382.5375995
"7165","1kmE3922N3099",12484.2157785
"7166","1kmE3922N3100",16121.523735
"7167","1kmE3922N3101",16659.3480275
"7168","1kmE3922N3102",13640.1826685
"7169","1kmE3922N3103",13134.4017605
"7170","1kmE3922N3104",14362.2012905
"7171","1kmE3922N3105",18949.4643955
"7172","1kmE3922N3106",19532.8598795
"7173","1kmE3922N3107",10330.378078
"7174","1kmE3922N3108",3242.0993135
"7175","1kmE3922N3109",8789.367285
"7176","1kmE3922N3110",14653.894097
"7177","1kmE3922N3111",15158.54009
"7178","1kmE3922N3112",7135.7966465
"7179","1kmE3922N3113",10430.411446
"7180","1kmE3922N3114",3145.2545885
"7181","1kmE3922N3115",2932.5700785
"7182","1kmE3922N3116",5908.546021
"7183","1kmE3922N3117",9610.8451685
"7184","1kmE3922N3118",9067.3208905
"7185","1kmE3922N3119",9591.8569165
"7186","1kmE3922N3120",10998.341522
"7187","1kmE3922N3121",13838.590063
"7188","1kmE3922N3122",15341.28739
"7189","1kmE3922N3123",15400.677187
"7190","1kmE3922N3124",15485.4541495
"7191","1kmE3922N3125",18165.457411
"7192","1kmE3922N3126",17869.3816665
"7193","1kmE3922N3127",18660.552469
"7194","1kmE3922N3128",15123.844401
"7195","1kmE3922N3129",14829.0848125
"7196","1kmE3922N3130",14886.065298
"7197","1kmE3922N3131",11542.3398025
"7198","1kmE3922N3132",5587.9414515
"7199","1kmE3922N3133",6960.244658
"7200","1kmE3922N3134",2709.2716095
"7201","1kmE3922N3135",6932.1807025
"7202","1kmE3922N3136",9362.365643
"7203","1kmE3922N3137",5302.1960355
"7204","1kmE3922N3138",4045.1048465
"7205","1kmE3922N3139",7038.1777165
"7206","1kmE3922N3140",11753.948245
"7207","1kmE3922N3141",12503.972419
"7208","1kmE3922N3142",13459.4357715
"7209","1kmE3922N3143",13341.7997815
"7210","1kmE3922N3144",11620.7707295
"7211","1kmE3922N3145",7112.6227945
"7212","1kmE3922N3146",9828.0527365
"7213","1kmE3922N3147",7914.3418645
"7214","1kmE3922N3148",10159.3891465
"7215","1kmE3922N3149",9086.0842255
"7216","1kmE3922N3150",2149.845417
"7217","1kmE3922N3151",4227.985412
"7218","1kmE3922N3152",7385.9701475
"7219","1kmE3922N3153",7493.770877
"7220","1kmE3922N3154",1202.1613305
"7221","1kmE3922N3155",4184.6566635
"7222","1kmE3922N3156",9453.4947645
"7223","1kmE3923N3082",9347.6724075
"7224","1kmE3923N3083",8747.448924
"7225","1kmE3923N3084",14121.6092695
"7226","1kmE3923N3085",15233.8448425
"7227","1kmE3923N3086",11117.792009
"7228","1kmE3923N3087",9330.7234165
"7229","1kmE3923N3088",17451.608117
"7230","1kmE3923N3089",20542.77232
"7231","1kmE3923N3090",20800.677951
"7232","1kmE3923N3091",18944.0998335
"7233","1kmE3923N3092",15291.889956
"7234","1kmE3923N3093",14481.5510005
"7235","1kmE3923N3094",12720.9505755
"7236","1kmE3923N3095",13896.315804
"7237","1kmE3923N3096",11597.6757605
"7238","1kmE3923N3097",12583.17537
"7239","1kmE3923N3098",14408.8932965
"7240","1kmE3923N3099",15642.600424
"7241","1kmE3923N3100",16641.4439355
"7242","1kmE3923N3101",16688.780908
"7243","1kmE3923N3102",16789.9497605
"7244","1kmE3923N3103",14293.2160425
"7245","1kmE3923N3104",14956.683105
"7246","1kmE3923N3105",17584.097863
"7247","1kmE3923N3106",17198.3720435
"7248","1kmE3923N3107",6690.3726275
"7249","1kmE3923N3108",1850.594736
"7250","1kmE3923N3109",10752.9761095
"7251","1kmE3923N3110",16036.5507215
"7252","1kmE3923N3111",14421.321302
"7253","1kmE3923N3112",6268.5661335
"7254","1kmE3923N3113",5426.8072035
"7255","1kmE3923N3114",1345.069335
"7256","1kmE3923N3115",7851.895779
"7257","1kmE3923N3116",11498.255106
"7258","1kmE3923N3117",9241.063554
"7259","1kmE3923N3118",9490.856032
"7260","1kmE3923N3119",10975.7805185
"7261","1kmE3923N3120",11889.810232
"7262","1kmE3923N3121",13620.758953
"7263","1kmE3923N3122",14534.1665105
"7264","1kmE3923N3123",15236.4455385
"7265","1kmE3923N3124",15823.2047
"7266","1kmE3923N3125",16314.00235
"7267","1kmE3923N3126",18062.104068
"7268","1kmE3923N3127",17351.347346
"7269","1kmE3923N3128",16156.924151
"7270","1kmE3923N3129",15481.380945
"7271","1kmE3923N3130",15920.7307765
"7272","1kmE3923N3131",14021.0023515
"7273","1kmE3923N3132",13680.2849015
"7274","1kmE3923N3133",7990.944027
"7275","1kmE3923N3134",10343.748915
"7276","1kmE3923N3135",10749.1040235
"7277","1kmE3923N3136",9088.4647985
"7278","1kmE3923N3137",11030.491109
"7279","1kmE3923N3138",10310.8288505
"7280","1kmE3923N3139",12336.432924
"7281","1kmE3923N3140",16392.1223275
"7282","1kmE3923N3141",15049.498057
"7283","1kmE3923N3142",15651.8894445
"7284","1kmE3923N3143",12679.1495615
"7285","1kmE3923N3144",9760.87172
"7286","1kmE3923N3145",10275.0138815
"7287","1kmE3923N3146",13680.1584115
"7288","1kmE3923N3147",12262.5630305
"7289","1kmE3923N3148",15879.935885
"7290","1kmE3923N3149",11740.586266
"7291","1kmE3923N3150",6922.765489
"7292","1kmE3923N3151",6410.531586
"7293","1kmE3923N3152",8786.696989
"7294","1kmE3923N3153",4884.1608895
"7295","1kmE3923N3154",546.1853075
"7296","1kmE3923N3155",2515.477684
"7297","1kmE3923N3156",6483.6796215
"7298","1kmE3924N3082",5160.845623
"7299","1kmE3924N3083",10883.165506
"7300","1kmE3924N3084",11960.59299
"7301","1kmE3924N3085",13516.7277825
"7302","1kmE3924N3086",11430.949686
"7303","1kmE3924N3087",8504.156109
"7304","1kmE3924N3088",14369.3724805
"7305","1kmE3924N3089",16586.044928
"7306","1kmE3924N3090",17771.9810225
"7307","1kmE3924N3091",18209.025551
"7308","1kmE3924N3092",16144.8649115
"7309","1kmE3924N3093",14974.023938
"7310","1kmE3924N3094",12143.1586915
"7311","1kmE3924N3095",11961.976926
"7312","1kmE3924N3096",11628.889647
"7313","1kmE3924N3097",12085.2051025
"7314","1kmE3924N3098",14053.300705
"7315","1kmE3924N3099",13648.2094915
"7316","1kmE3924N3100",16090.809287
"7317","1kmE3924N3101",16033.223358
"7318","1kmE3924N3102",14648.031083
"7319","1kmE3924N3103",12609.244706
"7320","1kmE3924N3104",11667.313396
"7321","1kmE3924N3105",10962.370959
"7322","1kmE3924N3106",9499.264484
"7323","1kmE3924N3107",5525.763362
"7324","1kmE3924N3108",6769.5755845
"7325","1kmE3924N3109",9593.2715605
"7326","1kmE3924N3110",11375.7244365
"7327","1kmE3924N3111",10868.094449
"7328","1kmE3924N3112",7570.9571535
"7329","1kmE3924N3113",1373.362616
"7330","1kmE3924N3114",7267.592315
"7331","1kmE3924N3115",9043.9019935
"7332","1kmE3924N3116",8293.782038
"7333","1kmE3924N3117",7609.5621515
"7334","1kmE3924N3118",7616.90093
"7335","1kmE3924N3119",9402.376085
"7336","1kmE3924N3120",10737.2038185
"7337","1kmE3924N3121",12036.486384
"7338","1kmE3924N3122",16347.4790945
"7339","1kmE3924N3123",16483.856248
"7340","1kmE3924N3124",12193.2549705
"7341","1kmE3924N3125",12448.7612325
"7342","1kmE3924N3126",12124.252594
"7343","1kmE3924N3127",12725.5623475
"7344","1kmE3924N3128",15009.4031025
"7345","1kmE3924N3129",15692.345144
"7346","1kmE3924N3130",14776.245969
"7347","1kmE3924N3131",13936.072142
"7348","1kmE3924N3132",13194.981612
"7349","1kmE3924N3133",11284.400825
"7350","1kmE3924N3134",14968.3733145
"7351","1kmE3924N3135",13440.3032835
"7352","1kmE3924N3136",11049.0710895
"7353","1kmE3924N3137",10190.2136225
"7354","1kmE3924N3138",7950.3236485
"7355","1kmE3924N3139",11892.647956
"7356","1kmE3924N3140",13651.119758
"7357","1kmE3924N3141",11602.3505935
"7358","1kmE3924N3142",12166.309867
"7359","1kmE3924N3143",10972.078883
"7360","1kmE3924N3144",10711.8003045
"7361","1kmE3924N3145",12400.231079
"7362","1kmE3924N3146",13461.250921
"7363","1kmE3924N3147",8599.5224835
"7364","1kmE3924N3148",8918.8941695
"7365","1kmE3924N3149",4001.4000535
"7366","1kmE3924N3150",6023.979131
"7367","1kmE3924N3151",12150.985155
"7368","1kmE3924N3152",14266.107958
"7369","1kmE3924N3153",9748.395999
"7370","1kmE3924N3154",9231.461014
"7371","1kmE3924N3155",11788.0894285
"7372","1kmE3924N3156",6898.1037765
"7373","1kmE3925N3084",3664.7147405
"7374","1kmE3925N3085",11334.033463
"7375","1kmE3925N3086",11448.397598
"7376","1kmE3925N3087",10967.046901
"7377","1kmE3925N3088",14259.9099295
"7378","1kmE3925N3089",14140.6514465
"7379","1kmE3925N3090",14520.781122
"7380","1kmE3925N3091",17266.4641095
"7381","1kmE3925N3092",16913.2881035
"7382","1kmE3925N3093",17707.439075
"7383","1kmE3925N3094",13619.0274635
"7384","1kmE3925N3095",14157.4635535
"7385","1kmE3925N3096",13085.311323
"7386","1kmE3925N3097",10501.001901
"7387","1kmE3925N3098",11471.146656
"7388","1kmE3925N3099",14337.7810855
"7389","1kmE3925N3100",17206.763721
"7390","1kmE3925N3101",16750.5318065
"7391","1kmE3925N3102",15613.2891605
"7392","1kmE3925N3103",11960.2164465
"7393","1kmE3925N3104",8588.622952
"7394","1kmE3925N3105",12507.1893685
"7395","1kmE3925N3106",15493.7858745
"7396","1kmE3925N3107",11463.1499
"7397","1kmE3925N3108",6648.303954
"7398","1kmE3925N3109",11281.0019665
"7399","1kmE3925N3110",9385.578771
"7400","1kmE3925N3111",12753.9324785
"7401","1kmE3925N3112",9288.304361
"7402","1kmE3925N3113",5434.1832485
"7403","1kmE3925N3114",10025.40747
"7404","1kmE3925N3115",8506.0215
"7405","1kmE3925N3116",5194.887805
"7406","1kmE3925N3117",9337.2719235
"7407","1kmE3925N3118",9859.298063
"7408","1kmE3925N3119",9848.460785
"7409","1kmE3925N3120",9746.5863475
"7410","1kmE3925N3121",11192.5875295
"7411","1kmE3925N3122",13713.1003305
"7412","1kmE3925N3123",13164.130929
"7413","1kmE3925N3124",13931.2417645
"7414","1kmE3925N3125",16069.8317465
"7415","1kmE3925N3126",13965.664333
"7416","1kmE3925N3127",8500.4061805
"7417","1kmE3925N3128",9709.832199
"7418","1kmE3925N3129",13245.691284
"7419","1kmE3925N3130",14674.891681
"7420","1kmE3925N3131",11554.083301
"7421","1kmE3925N3132",8192.54437
"7422","1kmE3925N3133",8268.872862
"7423","1kmE3925N3134",14475.479395
"7424","1kmE3925N3135",15681.781003
"7425","1kmE3925N3136",14363.763904
"7426","1kmE3925N3137",10064.9134165
"7427","1kmE3925N3138",13115.4070865
"7428","1kmE3925N3139",13542.6979
"7429","1kmE3925N3140",11047.634044
"7430","1kmE3925N3141",10933.2872385
"7431","1kmE3925N3142",10921.8506355
"7432","1kmE3925N3143",8625.772585
"7433","1kmE3925N3144",11564.0917205
"7434","1kmE3925N3145",11042.2793805
"7435","1kmE3925N3146",10347.05123
"7436","1kmE3925N3147",9015.249694
"7437","1kmE3925N3148",9367.237738
"7438","1kmE3925N3149",10722.262991
"7439","1kmE3925N3150",13841.4753755
"7440","1kmE3925N3151",14533.888542
"7441","1kmE3925N3152",11204.2017635
"7442","1kmE3925N3153",9381.788028
"7443","1kmE3925N3154",8279.8971005
"7444","1kmE3925N3155",9793.419639
"7445","1kmE3925N3156",6185.3516685
"7446","1kmE3926N3084",9488.067414
"7447","1kmE3926N3085",10324.5557415
"7448","1kmE3926N3086",6622.5279675
"7449","1kmE3926N3087",9318.3204415
"7450","1kmE3926N3088",12525.556353
"7451","1kmE3926N3089",13530.0370555
"7452","1kmE3926N3090",19609.631341
"7453","1kmE3926N3091",19211.433452
"7454","1kmE3926N3092",18587.131883
"7455","1kmE3926N3093",17692.7588
"7456","1kmE3926N3094",14775.1018125
"7457","1kmE3926N3095",14610.8297445
"7458","1kmE3926N3096",12530.06318
"7459","1kmE3926N3097",13269.234312
"7460","1kmE3926N3098",16531.6757625
"7461","1kmE3926N3099",14775.579533
"7462","1kmE3926N3100",20504.637724
"7463","1kmE3926N3101",19431.3331455
"7464","1kmE3926N3102",18190.3594425
"7465","1kmE3926N3103",17405.078483
"7466","1kmE3926N3104",16371.4737805
"7467","1kmE3926N3105",11827.3628925
"7468","1kmE3926N3106",15106.9978325
"7469","1kmE3926N3107",11375.1350275
"7470","1kmE3926N3108",4005.4505705
"7471","1kmE3926N3109",12059.7185195
"7472","1kmE3926N3110",12935.1875135
"7473","1kmE3926N3111",14449.4685025
"7474","1kmE3926N3112",15169.963177
"7475","1kmE3926N3113",11327.4671795
"7476","1kmE3926N3114",6403.6063425
"7477","1kmE3926N3115",4843.312386
"7478","1kmE3926N3116",4484.7275515
"7479","1kmE3926N3117",5716.8336585
"7480","1kmE3926N3118",7675.217291
"7481","1kmE3926N3119",8365.32972
"7482","1kmE3926N3120",14120.488716
"7483","1kmE3926N3121",14000.3340395
"7484","1kmE3926N3122",14000.635009
"7485","1kmE3926N3123",12860.513779
"7486","1kmE3926N3124",15814.518564
"7487","1kmE3926N3125",11401.012817
"7488","1kmE3926N3126",9046.5632005
"7489","1kmE3926N3127",6791.026305
"7490","1kmE3926N3128",11730.951822
"7491","1kmE3926N3129",10661.70965
"7492","1kmE3926N3130",7993.6761855
"7493","1kmE3926N3131",7378.8878595
"7494","1kmE3926N3132",11942.718891
"7495","1kmE3926N3133",8766.685329
"7496","1kmE3926N3134",15308.57738
"7497","1kmE3926N3135",17764.492257
"7498","1kmE3926N3136",16833.511508
"7499","1kmE3926N3137",12948.500866
"7500","1kmE3926N3138",16895.2809885
"7501","1kmE3926N3139",17664.2244465
"7502","1kmE3926N3140",14040.1812425
"7503","1kmE3926N3141",10634.4331925
"7504","1kmE3926N3142",9864.9421715
"7505","1kmE3926N3143",6816.518887
"7506","1kmE3926N3144",8459.543951
"7507","1kmE3926N3145",9449.6186565
"7508","1kmE3926N3146",14536.1327125
"7509","1kmE3926N3147",13887.6487655
"7510","1kmE3926N3148",11916.47166
"7511","1kmE3926N3149",10642.9219935
"7512","1kmE3926N3150",12346.7992075
"7513","1kmE3926N3151",14044.7535325
"7514","1kmE3926N3152",10721.62227
"7515","1kmE3926N3153",8767.508278
"7516","1kmE3926N3154",12490.267803
"7517","1kmE3926N3155",11597.3471255
"7518","1kmE3926N3156",5231.41745
"7519","1kmE3927N3084",5342.0238
"7520","1kmE3927N3085",7771.0853305
"7521","1kmE3927N3086",8039.153357
"7522","1kmE3927N3087",12764.538305
"7523","1kmE3927N3088",12450.5426325
"7524","1kmE3927N3089",16904.2330705
"7525","1kmE3927N3090",23462.703927
"7526","1kmE3927N3091",20970.2125565
"7527","1kmE3927N3092",18524.7600945
"7528","1kmE3927N3093",16506.654183
"7529","1kmE3927N3094",14876.9511105
"7530","1kmE3927N3095",13559.1327075
"7531","1kmE3927N3096",13038.4291995
"7532","1kmE3927N3097",12821.8724205
"7533","1kmE3927N3098",18040.735925
"7534","1kmE3927N3099",16944.4197705
"7535","1kmE3927N3100",19550.281115
"7536","1kmE3927N3101",17965.7672885
"7537","1kmE3927N3102",18796.7837895
"7538","1kmE3927N3103",17448.2901215
"7539","1kmE3927N3104",15651.939618
"7540","1kmE3927N3105",10715.0851825
"7541","1kmE3927N3106",7614.3628395
"7542","1kmE3927N3107",11365.9276725
"7543","1kmE3927N3108",11376.148788
"7544","1kmE3927N3109",12392.7711
"7545","1kmE3927N3110",11422.8876235
"7546","1kmE3927N3111",11329.46103
"7547","1kmE3927N3112",17645.833974
"7548","1kmE3927N3113",15876.0645955
"7549","1kmE3927N3114",12461.1151565
"7550","1kmE3927N3115",7060.1164535
"7551","1kmE3927N3116",9120.734838
"7552","1kmE3927N3117",8628.8255035
"7553","1kmE3927N3118",4250.276408
"7554","1kmE3927N3119",12024.071007
"7555","1kmE3927N3120",16003.2170525
"7556","1kmE3927N3121",13301.3925375
"7557","1kmE3927N3122",10692.9808485
"7558","1kmE3927N3123",10378.5548845
"7559","1kmE3927N3124",14807.8556805
"7560","1kmE3927N3125",13148.2663295
"7561","1kmE3927N3126",8324.891725
"7562","1kmE3927N3127",6875.377282
"7563","1kmE3927N3128",8248.8857305
"7564","1kmE3927N3129",9680.82003
"7565","1kmE3927N3130",7713.9234155
"7566","1kmE3927N3131",11068.344472
"7567","1kmE3927N3132",15878.1356935
"7568","1kmE3927N3133",10874.7202625
"7569","1kmE3927N3134",8999.1334615
"7570","1kmE3927N3135",14876.9793705
"7571","1kmE3927N3136",17382.134808
"7572","1kmE3927N3137",17509.1676125
"7573","1kmE3927N3138",18011.5866025
"7574","1kmE3927N3139",18239.3771555
"7575","1kmE3927N3140",14016.07452
"7576","1kmE3927N3141",9376.147475
"7577","1kmE3927N3142",8366.1986815
"7578","1kmE3927N3143",8702.7202645
"7579","1kmE3927N3144",6428.3334005
"7580","1kmE3927N3145",7645.841339
"7581","1kmE3927N3146",16682.328087
"7582","1kmE3927N3147",16193.3464845
"7583","1kmE3927N3148",13113.5662165
"7584","1kmE3927N3149",11547.947656
"7585","1kmE3927N3150",10633.6258545
"7586","1kmE3927N3151",16547.21934
"7587","1kmE3927N3152",16888.059799
"7588","1kmE3927N3153",12095.1888145
"7589","1kmE3927N3154",10192.4292425
"7590","1kmE3927N3155",8892.804766
"7591","1kmE3928N3084",8257.8247405
"7592","1kmE3928N3085",7234.491143
"7593","1kmE3928N3086",11486.566942
"7594","1kmE3928N3087",19817.5663125
"7595","1kmE3928N3088",14481.5075035
"7596","1kmE3928N3089",13614.101507
"7597","1kmE3928N3090",21197.901799
"7598","1kmE3928N3091",18316.5803775
"7599","1kmE3928N3092",19794.658039
"7600","1kmE3928N3093",18849.5550225
"7601","1kmE3928N3094",19041.4572565
"7602","1kmE3928N3095",17698.590119
"7603","1kmE3928N3096",16401.278043
"7604","1kmE3928N3097",15012.055995
"7605","1kmE3928N3098",16973.699379
"7606","1kmE3928N3099",15674.1186375
"7607","1kmE3928N3100",17098.5284455
"7608","1kmE3928N3101",17036.264578
"7609","1kmE3928N3102",16411.894842
"7610","1kmE3928N3103",15855.1315695
"7611","1kmE3928N3104",11520.502671
"7612","1kmE3928N3105",11309.9585905
"7613","1kmE3928N3106",8525.565015
"7614","1kmE3928N3107",11840.332223
"7615","1kmE3928N3108",11003.740883
"7616","1kmE3928N3109",12011.3100225
"7617","1kmE3928N3110",8976.3907715
"7618","1kmE3928N3111",6381.79209
"7619","1kmE3928N3112",16154.1270415
"7620","1kmE3928N3113",13259.1334555
"7621","1kmE3928N3114",11407.760902
"7622","1kmE3928N3115",7151.312609
"7623","1kmE3928N3116",8797.1994395
"7624","1kmE3928N3117",7022.972616
"7625","1kmE3928N3118",3316.964944
"7626","1kmE3928N3119",13516.0786855
"7627","1kmE3928N3120",17456.975992
"7628","1kmE3928N3121",14587.1769595
"7629","1kmE3928N3122",10560.499714
"7630","1kmE3928N3123",11631.5728685
"7631","1kmE3928N3124",10077.0526985
"7632","1kmE3928N3125",7701.4028245
"7633","1kmE3928N3126",9536.90849
"7634","1kmE3928N3127",6644.37628
"7635","1kmE3928N3128",10092.729873
"7636","1kmE3928N3129",10090.6429635
"7637","1kmE3928N3130",8942.442741
"7638","1kmE3928N3131",15506.901344
"7639","1kmE3928N3132",14833.299853
"7640","1kmE3928N3133",8906.8016575
"7641","1kmE3928N3134",2399.478026
"7642","1kmE3928N3135",14901.0037665
"7643","1kmE3928N3136",17606.745311
"7644","1kmE3928N3137",16229.126035
"7645","1kmE3928N3138",15876.2076295
"7646","1kmE3928N3139",15983.958891
"7647","1kmE3928N3140",14056.1694555
"7648","1kmE3928N3141",8616.4564445
"7649","1kmE3928N3142",8536.5393515
"7650","1kmE3928N3143",10885.6588495
"7651","1kmE3928N3144",9234.706355
"7652","1kmE3928N3145",10344.460382
"7653","1kmE3928N3146",13658.2515455
"7654","1kmE3928N3147",12839.0540505
"7655","1kmE3928N3148",9305.5189295
"7656","1kmE3928N3149",7209.185458
"7657","1kmE3928N3150",4909.030361
"7658","1kmE3928N3151",11820.4475415
"7659","1kmE3928N3152",12182.0732845
"7660","1kmE3928N3153",10073.5803595
"7661","1kmE3929N3085",7594.2176325
"7662","1kmE3929N3086",8740.641199
"7663","1kmE3929N3087",19966.331573
"7664","1kmE3929N3088",18618.374125
"7665","1kmE3929N3089",12323.2258185
"7666","1kmE3929N3090",12410.5896705
"7667","1kmE3929N3091",17888.6040835
"7668","1kmE3929N3092",24714.935413
"7669","1kmE3929N3093",21257.3783205
"7670","1kmE3929N3094",20872.217729
"7671","1kmE3929N3095",19861.981085
"7672","1kmE3929N3096",20222.014808
"7673","1kmE3929N3097",18477.9999025
"7674","1kmE3929N3098",12995.5838465
"7675","1kmE3929N3099",10487.2110875
"7676","1kmE3929N3100",12711.3440575
"7677","1kmE3929N3101",16170.5036355
"7678","1kmE3929N3102",15068.340492
"7679","1kmE3929N3103",10347.4135255
"7680","1kmE3929N3104",9214.2819285
"7681","1kmE3929N3105",8304.879129
"7682","1kmE3929N3106",4531.1291735
"7683","1kmE3929N3107",10719.531592
"7684","1kmE3929N3108",8861.385827
"7685","1kmE3929N3109",3445.3150255
"7686","1kmE3929N3110",4151.839633
"7687","1kmE3929N3111",9071.2077675
"7688","1kmE3929N3112",8889.8985
"7689","1kmE3929N3113",3957.03512
"7690","1kmE3929N3114",6000.323097
"7691","1kmE3929N3115",3720.7988775
"7692","1kmE3929N3116",2515.9686945
"7693","1kmE3929N3117",8311.117452
"7694","1kmE3929N3118",9953.963289
"7695","1kmE3929N3119",10503.0038305
"7696","1kmE3929N3120",12814.815761
"7697","1kmE3929N3121",12487.503623
"7698","1kmE3929N3122",9321.090434
"7699","1kmE3929N3123",9015.8288905
"7700","1kmE3929N3124",6447.9806105
"7701","1kmE3929N3125",5176.5584305
"7702","1kmE3929N3126",12989.7356755
"7703","1kmE3929N3127",7711.9748285
"7704","1kmE3929N3128",7030.8604625
"7705","1kmE3929N3129",6876.553584
"7706","1kmE3929N3130",9059.3347325
"7707","1kmE3929N3131",16236.1109525
"7708","1kmE3929N3132",12452.524612
"7709","1kmE3929N3133",6358.2857905
"7710","1kmE3929N3134",7923.303306
"7711","1kmE3929N3135",16120.4953265
"7712","1kmE3929N3136",15250.797465
"7713","1kmE3929N3137",13251.9472895
"7714","1kmE3929N3138",12589.9840145
"7715","1kmE3929N3139",15800.8656655
"7716","1kmE3929N3140",15307.328541
"7717","1kmE3929N3141",8868.789751
"7718","1kmE3929N3142",8555.83395
"7719","1kmE3929N3143",15307.3011005
"7720","1kmE3929N3144",15228.2082265
"7721","1kmE3929N3145",15006.9600645
"7722","1kmE3929N3146",16710.70836
"7723","1kmE3929N3147",13895.9264915
"7724","1kmE3929N3148",11114.8154475
"7725","1kmE3929N3149",8298.8538735
"7726","1kmE3929N3150",6991.256993
"7727","1kmE3929N3151",11051.0635175
"7728","1kmE3929N3152",12597.999612
"7729","1kmE3929N3153",6896.896516
"7730","1kmE3930N3085",7642.6870605
"7731","1kmE3930N3086",13549.536156
"7732","1kmE3930N3087",16492.280742
"7733","1kmE3930N3088",15422.944506
"7734","1kmE3930N3089",10435.1934825
"7735","1kmE3930N3090",11674.3077285
"7736","1kmE3930N3091",17058.6058655
"7737","1kmE3930N3092",20472.545198
"7738","1kmE3930N3093",18523.4529455
"7739","1kmE3930N3094",16029.023197
"7740","1kmE3930N3095",16659.6392715
"7741","1kmE3930N3096",18442.9903415
"7742","1kmE3930N3097",19701.1096845
"7743","1kmE3930N3098",10911.3503195
"7744","1kmE3930N3099",4952.724574
"7745","1kmE3930N3100",6558.907968
"7746","1kmE3930N3101",10911.029588
"7747","1kmE3930N3102",9015.7065085
"7748","1kmE3930N3103",6508.062
"7749","1kmE3930N3104",8710.417243
"7750","1kmE3930N3105",4439.8198675
"7751","1kmE3930N3106",10933.363817
"7752","1kmE3930N3107",11419.703092
"7753","1kmE3930N3108",13316.4727265
"7754","1kmE3930N3109",8360.1330225
"7755","1kmE3930N3110",6548.9305185
"7756","1kmE3930N3111",14921.625624
"7757","1kmE3930N3112",6906.856326
"7758","1kmE3930N3113",2561.5763385
"7759","1kmE3930N3114",1475.2086955
"7760","1kmE3930N3115",3092.8753695
"7761","1kmE3930N3116",6661.201575
"7762","1kmE3930N3117",10443.2604085
"7763","1kmE3930N3118",12237.840288
"7764","1kmE3930N3119",13779.080777
"7765","1kmE3930N3120",13524.6813875
"7766","1kmE3930N3121",10428.2865755
"7767","1kmE3930N3122",10885.783035
"7768","1kmE3930N3123",9202.665437
"7769","1kmE3930N3124",8365.617526
"7770","1kmE3930N3125",7524.250302
"7771","1kmE3930N3126",6200.792079
"7772","1kmE3930N3127",3256.454746
"7773","1kmE3930N3128",10028.2203645
"7774","1kmE3930N3129",13107.4303915
"7775","1kmE3930N3130",12615.6788195
"7776","1kmE3930N3131",13625.2921675
"7777","1kmE3930N3132",8551.0376815
"7778","1kmE3930N3133",11667.741777
"7779","1kmE3930N3134",14654.938638
"7780","1kmE3930N3135",14812.5740615
"7781","1kmE3930N3136",10694.1725705
"7782","1kmE3930N3137",12344.0555255
"7783","1kmE3930N3138",12400.736972
"7784","1kmE3930N3139",14113.5181135
"7785","1kmE3930N3140",16458.5213365
"7786","1kmE3930N3141",12728.1829615
"7787","1kmE3930N3142",10969.6398575
"7788","1kmE3930N3143",14635.071623
"7789","1kmE3930N3144",18267.319405
"7790","1kmE3930N3145",17192.87171
"7791","1kmE3930N3146",13894.8681835
"7792","1kmE3930N3147",10057.5204725
"7793","1kmE3930N3148",12298.648946
"7794","1kmE3930N3149",11055.2303685
"7795","1kmE3930N3150",12081.777931
"7796","1kmE3930N3151",16941.2519045
"7797","1kmE3930N3152",15115.3905475
"7798","1kmE3930N3153",9349.340566
"7799","1kmE3930N3159",8304.832708
"7800","1kmE3930N3160",7429.0721235
"7801","1kmE3930N3163",10358.767671
"7802","1kmE3931N3085",7284.9027015
"7803","1kmE3931N3086",6126.8123145
"7804","1kmE3931N3087",9465.0259335
"7805","1kmE3931N3088",7165.8955045
"7806","1kmE3931N3089",8732.8119565
"7807","1kmE3931N3090",10800.6199995
"7808","1kmE3931N3091",12300.2425395
"7809","1kmE3931N3092",13771.9878815
"7810","1kmE3931N3093",14832.7084165
"7811","1kmE3931N3094",13388.593615
"7812","1kmE3931N3095",13481.6520755
"7813","1kmE3931N3096",13637.9899095
"7814","1kmE3931N3097",13251.768895
"7815","1kmE3931N3098",8623.954778
"7816","1kmE3931N3099",6714.604973
"7817","1kmE3931N3100",11518.652274
"7818","1kmE3931N3101",8973.4786665
"7819","1kmE3931N3102",1980.7905745
"7820","1kmE3931N3103",4443.9693185
"7821","1kmE3931N3104",10862.22891
"7822","1kmE3931N3105",7818.7869615
"7823","1kmE3931N3106",11799.1277195
"7824","1kmE3931N3107",7414.2429565
"7825","1kmE3931N3108",11857.4206175
"7826","1kmE3931N3109",8638.881279
"7827","1kmE3931N3110",6529.0395215
"7828","1kmE3931N3111",5833.387413
"7829","1kmE3931N3112",6052.764617
"7830","1kmE3931N3113",11710.3277225
"7831","1kmE3931N3114",5465.3433555
"7832","1kmE3931N3115",9953.3107085
"7833","1kmE3931N3116",12256.879581
"7834","1kmE3931N3117",15119.9792575
"7835","1kmE3931N3118",12652.4571815
"7836","1kmE3931N3119",12693.3323095
"7837","1kmE3931N3120",12092.4770965
"7838","1kmE3931N3121",6474.748269
"7839","1kmE3931N3122",12268.4964455
"7840","1kmE3931N3123",8800.1047725
"7841","1kmE3931N3124",3673.2069015
"7842","1kmE3931N3125",8155.1686275
"7843","1kmE3931N3126",4329.577615
"7844","1kmE3931N3127",7360.0081035
"7845","1kmE3931N3128",9195.2514405
"7846","1kmE3931N3129",15646.520926
"7847","1kmE3931N3130",14436.332167
"7848","1kmE3931N3131",15355.4936945
"7849","1kmE3931N3132",14766.037325
"7850","1kmE3931N3133",13217.406799
"7851","1kmE3931N3134",16660.799335
"7852","1kmE3931N3135",16837.195037
"7853","1kmE3931N3136",13779.6173
"7854","1kmE3931N3137",18062.4272995
"7855","1kmE3931N3138",12984.2708785
"7856","1kmE3931N3139",11309.265245
"7857","1kmE3931N3140",12263.7065265
"7858","1kmE3931N3141",8982.010614
"7859","1kmE3931N3142",11022.5328975
"7860","1kmE3931N3143",16721.9571845
"7861","1kmE3931N3144",18902.003575
"7862","1kmE3931N3145",17185.5070565
"7863","1kmE3931N3146",14088.8495525
"7864","1kmE3931N3147",6107.9805315
"7865","1kmE3931N3148",7206.3830275
"7866","1kmE3931N3149",9155.407527
"7867","1kmE3931N3150",4744.054077
"7868","1kmE3931N3151",9984.3081925
"7869","1kmE3931N3152",13559.9091825
"7870","1kmE3931N3153",10260.215011
"7871","1kmE3931N3157",3257.0375595
"7872","1kmE3931N3158",8629.7251625
"7873","1kmE3931N3159",11629.6745605
"7874","1kmE3931N3160",10247.480074
"7875","1kmE3931N3161",10057.3708005
"7876","1kmE3931N3162",7725.0281535
"7877","1kmE3931N3163",11786.7065245
"7878","1kmE3931N3164",9465.932856
"7879","1kmE3932N3084",4555.53326
"7880","1kmE3932N3085",5584.4246635
"7881","1kmE3932N3086",8898.038512
"7882","1kmE3932N3087",14929.3643485
"7883","1kmE3932N3088",7957.1651215
"7884","1kmE3932N3089",8355.754721
"7885","1kmE3932N3090",10669.8557925
"7886","1kmE3932N3091",10921.372389
"7887","1kmE3932N3092",12450.2462295
"7888","1kmE3932N3093",10046.655376
"7889","1kmE3932N3094",8093.876888
"7890","1kmE3932N3095",8873.1411405
"7891","1kmE3932N3096",9662.501447
"7892","1kmE3932N3097",11759.1927085
"7893","1kmE3932N3098",11880.3095375
"7894","1kmE3932N3099",5221.3001055
"7895","1kmE3932N3100",9022.5954315
"7896","1kmE3932N3101",3608.797221
"7897","1kmE3932N3102",1923.164979
"7898","1kmE3932N3103",12431.437712
"7899","1kmE3932N3104",14452.2190265
"7900","1kmE3932N3105",7846.1597155
"7901","1kmE3932N3106",6296.515449
"7902","1kmE3932N3107",10814.1758445
"7903","1kmE3932N3108",8534.806155
"7904","1kmE3932N3109",14244.1231565
"7905","1kmE3932N3110",12714.0102745
"7906","1kmE3932N3111",4303.4191195
"7907","1kmE3932N3112",4545.0949585
"7908","1kmE3932N3113",9970.03423
"7909","1kmE3932N3114",12613.139329
"7910","1kmE3932N3115",17979.4662475
"7911","1kmE3932N3116",15491.7510165
"7912","1kmE3932N3117",14536.554339
"7913","1kmE3932N3118",13353.5051685
"7914","1kmE3932N3119",5662.0102865
"7915","1kmE3932N3120",13699.89868
"7916","1kmE3932N3121",10614.3895475
"7917","1kmE3932N3122",8659.6893915
"7918","1kmE3932N3123",3095.020817
"7919","1kmE3932N3124",2755.92091
"7920","1kmE3932N3125",5312.262808
"7921","1kmE3932N3126",8797.253791
"7922","1kmE3932N3127",8003.7479625
"7923","1kmE3932N3128",6307.484643
"7924","1kmE3932N3129",12752.647868
"7925","1kmE3932N3130",14038.231096
"7926","1kmE3932N3131",15736.468531
"7927","1kmE3932N3132",17133.815223
"7928","1kmE3932N3133",11012.793378
"7929","1kmE3932N3134",18142.144838
"7930","1kmE3932N3135",17581.4678655
"7931","1kmE3932N3136",12775.6399525
"7932","1kmE3932N3137",13031.04273
"7933","1kmE3932N3138",10405.5398215
"7934","1kmE3932N3139",12150.341773
"7935","1kmE3932N3140",6041.8965945
"7936","1kmE3932N3141",8489.9053625
"7937","1kmE3932N3142",13809.5139955
"7938","1kmE3932N3143",19789.170613
"7939","1kmE3932N3144",18896.685543
"7940","1kmE3932N3145",13338.161835
"7941","1kmE3932N3146",11065.988197
"7942","1kmE3932N3147",7102.799043
"7943","1kmE3932N3148",11327.850593
"7944","1kmE3932N3149",6738.184197
"7945","1kmE3932N3150",3403.965104
"7946","1kmE3932N3151",10616.370194
"7947","1kmE3932N3152",15127.747982
"7948","1kmE3932N3153",11686.6492835
"7949","1kmE3932N3154",3848.796366
"7950","1kmE3932N3156",4138.777977
"7951","1kmE3932N3157",5905.223462
"7952","1kmE3932N3158",9920.1114105
"7953","1kmE3932N3159",12965.993847
"7954","1kmE3932N3160",11458.226211
"7955","1kmE3932N3161",12293.7644915
"7956","1kmE3932N3162",11139.6747055
"7957","1kmE3932N3163",14206.1120025
"7958","1kmE3932N3164",13275.6807525
"7959","1kmE3933N3083",8030.2814505
"7960","1kmE3933N3084",6921.491421
"7961","1kmE3933N3085",6962.5016775
"7962","1kmE3933N3086",10393.606711
"7963","1kmE3933N3087",15384.372354
"7964","1kmE3933N3088",9362.8435215
"7965","1kmE3933N3089",6295.6315705
"7966","1kmE3933N3090",7639.6197735
"7967","1kmE3933N3091",11497.3343225
"7968","1kmE3933N3092",9451.5358885
"7969","1kmE3933N3093",6065.161378
"7970","1kmE3933N3094",7168.622384
"7971","1kmE3933N3095",9982.516074
"7972","1kmE3933N3096",11187.0438925
"7973","1kmE3933N3097",12586.42535
"7974","1kmE3933N3098",3886.5705555
"7975","1kmE3933N3099",5904.4663945
"7976","1kmE3933N3100",7618.903637
"7977","1kmE3933N3101",205.01639
"7978","1kmE3933N3102",1631.4207285
"7979","1kmE3933N3103",9429.188596
"7980","1kmE3933N3104",15015.6208175
"7981","1kmE3933N3105",10891.32899
"7982","1kmE3933N3106",8763.3052505
"7983","1kmE3933N3107",13923.045534
"7984","1kmE3933N3108",6657.9203695
"7985","1kmE3933N3109",9950.048445
"7986","1kmE3933N3110",6011.6987875
"7987","1kmE3933N3111",8413.1228255
"7988","1kmE3933N3112",9026.767692
"7989","1kmE3933N3113",13198.4179645
"7990","1kmE3933N3114",11094.1187805
"7991","1kmE3933N3115",14361.730642
"7992","1kmE3933N3116",13306.638716
"7993","1kmE3933N3117",11534.0667215
"7994","1kmE3933N3118",11019.99221
"7995","1kmE3933N3119",7144.157091
"7996","1kmE3933N3120",12966.9434595
"7997","1kmE3933N3121",15345.3498335
"7998","1kmE3933N3122",8198.4139445
"7999","1kmE3933N3123",5333.670419
"8000","1kmE3933N3124",8543.9147525
"8001","1kmE3933N3125",10020.5986965
"8002","1kmE3933N3126",10117.953074
"8003","1kmE3933N3127",8030.969998
"8004","1kmE3933N3128",10778.3330895
"8005","1kmE3933N3129",5756.3559825
"8006","1kmE3933N3130",6769.66598
"8007","1kmE3933N3131",8392.501244
"8008","1kmE3933N3132",10634.5133795
"8009","1kmE3933N3133",14843.838012
"8010","1kmE3933N3134",8358.0962815
"8011","1kmE3933N3135",12131.8624685
"8012","1kmE3933N3136",13132.692386
"8013","1kmE3933N3137",13951.449984
"8014","1kmE3933N3138",13498.745555
"8015","1kmE3933N3139",12328.1499955
"8016","1kmE3933N3140",9936.0203985
"8017","1kmE3933N3141",8969.102133
"8018","1kmE3933N3142",10316.123452
"8019","1kmE3933N3143",14895.61508
"8020","1kmE3933N3144",14740.796003
"8021","1kmE3933N3145",13440.5518975
"8022","1kmE3933N3146",10599.2317755
"8023","1kmE3933N3147",3598.503219
"8024","1kmE3933N3148",6099.072626
"8025","1kmE3933N3149",9124.8655045
"8026","1kmE3933N3150",9472.5247425
"8027","1kmE3933N3151",11685.9179565
"8028","1kmE3933N3152",12912.307948
"8029","1kmE3933N3153",8404.9942655
"8030","1kmE3933N3154",4809.8836645
"8031","1kmE3933N3155",5958.5905705
"8032","1kmE3933N3156",5747.5149245
"8033","1kmE3933N3157",7540.3263455
"8034","1kmE3933N3158",10665.412422
"8035","1kmE3933N3159",13238.513122
"8036","1kmE3933N3160",16541.2396215
"8037","1kmE3933N3161",14011.143669
"8038","1kmE3933N3162",13386.6327245
"8039","1kmE3933N3163",14430.971748
"8040","1kmE3933N3164",13423.8119005
"8041","1kmE3933N3165",11506.2640845
"8042","1kmE3934N3082",8770.668002
"8043","1kmE3934N3083",11844.102674
"8044","1kmE3934N3084",7944.64111
"8045","1kmE3934N3085",4555.685527
"8046","1kmE3934N3086",11164.3769235
"8047","1kmE3934N3087",13307.287578
"8048","1kmE3934N3088",7266.9413
"8049","1kmE3934N3089",5287.237591
"8050","1kmE3934N3090",6429.7773845
"8051","1kmE3934N3091",10410.407463
"8052","1kmE3934N3092",11884.484528
"8053","1kmE3934N3093",9676.0914425
"8054","1kmE3934N3094",11253.5038685
"8055","1kmE3934N3095",9446.609503
"8056","1kmE3934N3096",5914.003999
"8057","1kmE3934N3097",6787.2802915
"8058","1kmE3934N3098",6526.0376
"8059","1kmE3934N3099",6148.695644
"8060","1kmE3934N3100",8667.386618
"8061","1kmE3934N3101",205.0163915
"8062","1kmE3934N3102",3876.8971145
"8063","1kmE3934N3103",6297.335435
"8064","1kmE3934N3104",7746.6225125
"8065","1kmE3934N3105",11339.057403
"8066","1kmE3934N3106",7787.254055
"8067","1kmE3934N3107",7948.1943725
"8068","1kmE3934N3108",7693.1307015
"8069","1kmE3934N3109",5157.812956
"8070","1kmE3934N3110",10392.90455
"8071","1kmE3934N3111",12426.489319
"8072","1kmE3934N3112",6055.071367
"8073","1kmE3934N3113",8223.2612
"8074","1kmE3934N3114",5434.3487605
"8075","1kmE3934N3115",11445.47447
"8076","1kmE3934N3116",14541.2552805
"8077","1kmE3934N3117",10782.579719
"8078","1kmE3934N3118",12648.6595555
"8079","1kmE3934N3119",7386.0040605
"8080","1kmE3934N3120",10678.8533695
"8081","1kmE3934N3121",13051.339728
"8082","1kmE3934N3122",8049.336695
"8083","1kmE3934N3123",3319.397674
"8084","1kmE3934N3124",5304.766812
"8085","1kmE3934N3125",3420.2264575
"8086","1kmE3934N3126",5967.0765315
"8087","1kmE3934N3127",10572.0434515
"8088","1kmE3934N3128",9296.1471105
"8089","1kmE3934N3129",11841.821623
"8090","1kmE3934N3130",6607.9966375
"8091","1kmE3934N3131",9279.039833
"8092","1kmE3934N3132",13320.822327
"8093","1kmE3934N3133",16089.353129
"8094","1kmE3934N3134",12423.0134525
"8095","1kmE3934N3135",14999.461894
"8096","1kmE3934N3136",12228.0568195
"8097","1kmE3934N3137",17559.124895
"8098","1kmE3934N3138",9847.191929
"8099","1kmE3934N3139",9668.426069
"8100","1kmE3934N3140",10406.9915865
"8101","1kmE3934N3141",10819.3212405
"8102","1kmE3934N3142",12176.155932
"8103","1kmE3934N3143",10122.968403
"8104","1kmE3934N3144",8851.636622
"8105","1kmE3934N3145",8104.6373955
"8106","1kmE3934N3146",3949.7675755
"8107","1kmE3934N3147",5663.895801
"8108","1kmE3934N3148",10676.8270645
"8109","1kmE3934N3149",14615.589787
"8110","1kmE3934N3150",13786.482702
"8111","1kmE3934N3151",13401.2738895
"8112","1kmE3934N3152",9095.5349665
"8113","1kmE3934N3153",10189.046201
"8114","1kmE3934N3154",12155.653788
"8115","1kmE3934N3155",13493.14166
"8116","1kmE3934N3156",10051.2102575
"8117","1kmE3934N3157",10559.4706565
"8118","1kmE3934N3158",11913.375824
"8119","1kmE3934N3159",13971.390896
"8120","1kmE3934N3160",18459.4382525
"8121","1kmE3934N3161",15333.512496
"8122","1kmE3934N3162",12788.7478515
"8123","1kmE3934N3163",14915.1716245
"8124","1kmE3934N3164",15862.49659
"8125","1kmE3934N3165",11983.175026
"8126","1kmE3935N3083",8889.3260945
"8127","1kmE3935N3084",5208.702538
"8128","1kmE3935N3085",7527.621733
"8129","1kmE3935N3086",9382.2875855
"8130","1kmE3935N3087",9215.7706265
"8131","1kmE3935N3088",6390.773721
"8132","1kmE3935N3089",3597.02883
"8133","1kmE3935N3090",8016.9676495
"8134","1kmE3935N3091",12318.118151
"8135","1kmE3935N3092",14190.252235
"8136","1kmE3935N3093",13398.513905
"8137","1kmE3935N3094",12416.3361315
"8138","1kmE3935N3095",11380.0766515
"8139","1kmE3935N3096",7962.8020795
"8140","1kmE3935N3097",4172.685244
"8141","1kmE3935N3098",4039.6557935
"8142","1kmE3935N3099",3090.3428875
"8143","1kmE3935N3100",3148.2231795
"8144","1kmE3935N3101",510.408897
"8145","1kmE3935N3102",7850.3551115
"8146","1kmE3935N3103",11611.7802525
"8147","1kmE3935N3104",6170.2373125
"8148","1kmE3935N3105",8729.191472
"8149","1kmE3935N3106",12224.9060225
"8150","1kmE3935N3107",11663.370901
"8151","1kmE3935N3108",10672.542518
"8152","1kmE3935N3109",6843.7951435
"8153","1kmE3935N3110",10043.5221035
"8154","1kmE3935N3111",10412.478918
"8155","1kmE3935N3112",7431.6674535
"8156","1kmE3935N3113",7631.3615275
"8157","1kmE3935N3114",13073.686614
"8158","1kmE3935N3115",17403.4863995
"8159","1kmE3935N3116",14790.7518905
"8160","1kmE3935N3117",9322.5200155
"8161","1kmE3935N3118",9659.18835
"8162","1kmE3935N3119",4393.237883
"8163","1kmE3935N3120",10256.0540175
"8164","1kmE3935N3121",15526.163378
"8165","1kmE3935N3122",15291.06345
"8166","1kmE3935N3123",11387.210708
"8167","1kmE3935N3124",12195.4822215
"8168","1kmE3935N3125",3085.915788
"8169","1kmE3935N3126",5849.0139365
"8170","1kmE3935N3127",8461.579767
"8171","1kmE3935N3128",5797.7114605
"8172","1kmE3935N3129",8493.3393865
"8173","1kmE3935N3130",7826.0641595
"8174","1kmE3935N3131",12165.7737855
"8175","1kmE3935N3132",13213.1245325
"8176","1kmE3935N3133",12810.537277
"8177","1kmE3935N3134",16396.12116
"8178","1kmE3935N3135",12599.306322
"8179","1kmE3935N3136",14873.581935
"8180","1kmE3935N3137",17253.0419725
"8181","1kmE3935N3138",7361.7599005
"8182","1kmE3935N3139",7695.4540695
"8183","1kmE3935N3140",11107.8096465
"8184","1kmE3935N3141",14488.8854935
"8185","1kmE3935N3142",11709.528767
"8186","1kmE3935N3143",8841.2760185
"8187","1kmE3935N3144",9791.073088
"8188","1kmE3935N3145",7190.5578325
"8189","1kmE3935N3146",4159.5437315
"8190","1kmE3935N3147",8384.1644045
"8191","1kmE3935N3148",11138.9778485
"8192","1kmE3935N3149",13242.329346
"8193","1kmE3935N3150",11082.4461725
"8194","1kmE3935N3151",9618.207934
"8195","1kmE3935N3152",8911.9308325
"8196","1kmE3935N3153",11660.7231
"8197","1kmE3935N3154",14059.205615
"8198","1kmE3935N3155",14968.8179035
"8199","1kmE3935N3156",17155.4202625
"8200","1kmE3935N3157",18503.216033
"8201","1kmE3935N3158",13658.059591
"8202","1kmE3935N3159",12759.357448
"8203","1kmE3935N3160",14635.061922
"8204","1kmE3935N3161",15710.846319
"8205","1kmE3935N3162",15617.5021675
"8206","1kmE3935N3163",17423.871717
"8207","1kmE3935N3164",18804.9651325
"8208","1kmE3935N3165",18157.66548
"8209","1kmE3936N3084",8871.5969925
"8210","1kmE3936N3085",8952.100058
"8211","1kmE3936N3086",6176.457335
"8212","1kmE3936N3087",9646.7378095
"8213","1kmE3936N3088",10474.5298355
"8214","1kmE3936N3089",8325.5644235
"8215","1kmE3936N3090",7645.220481
"8216","1kmE3936N3091",9570.2252675
"8217","1kmE3936N3092",11484.118618
"8218","1kmE3936N3093",16128.5138355
"8219","1kmE3936N3094",15745.008923
"8220","1kmE3936N3095",12356.8362375
"8221","1kmE3936N3096",10308.635204
"8222","1kmE3936N3097",9330.305926
"8223","1kmE3936N3098",9838.2168625
"8224","1kmE3936N3099",8134.524835
"8225","1kmE3936N3100",8276.1584605
"8226","1kmE3936N3101",7095.9719165
"8227","1kmE3936N3102",7232.8974595
"8228","1kmE3936N3103",7845.0017335
"8229","1kmE3936N3104",13172.005507
"8230","1kmE3936N3105",14694.7491385
"8231","1kmE3936N3106",12285.8450615
"8232","1kmE3936N3107",11371.951092
"8233","1kmE3936N3108",8189.583554
"8234","1kmE3936N3109",12304.27418
"8235","1kmE3936N3110",13861.4354635
"8236","1kmE3936N3111",9494.852385
"8237","1kmE3936N3112",12323.688367
"8238","1kmE3936N3113",11550.0754025
"8239","1kmE3936N3114",16142.131379
"8240","1kmE3936N3115",17384.385151
"8241","1kmE3936N3116",13811.7259325
"8242","1kmE3936N3117",9815.036249
"8243","1kmE3936N3118",2088.0851415
"8244","1kmE3936N3119",4512.8704665
"8245","1kmE3936N3120",5388.378612
"8246","1kmE3936N3121",7830.927698
"8247","1kmE3936N3122",8650.879181
"8248","1kmE3936N3123",4638.372033
"8249","1kmE3936N3124",11021.6444205
"8250","1kmE3936N3125",12237.6351375
"8251","1kmE3936N3126",8803.3998305
"8252","1kmE3936N3127",9169.682752
"8253","1kmE3936N3128",10420.185582
"8254","1kmE3936N3129",8608.309937
"8255","1kmE3936N3130",7432.403477
"8256","1kmE3936N3131",11171.8860745
"8257","1kmE3936N3132",13795.9847875
"8258","1kmE3936N3133",11551.68231
"8259","1kmE3936N3134",11976.3111515
"8260","1kmE3936N3135",7104.459346
"8261","1kmE3936N3136",10417.633206
"8262","1kmE3936N3137",13923.1513915
"8263","1kmE3936N3138",12903.42446
"8264","1kmE3936N3139",15035.3584535
"8265","1kmE3936N3140",10068.636315
"8266","1kmE3936N3141",16194.403887
"8267","1kmE3936N3142",17071.714329
"8268","1kmE3936N3143",9298.9650225
"8269","1kmE3936N3144",7436.6315125
"8270","1kmE3936N3145",5213.771374
"8271","1kmE3936N3146",6597.8729835
"8272","1kmE3936N3147",6739.7488105
"8273","1kmE3936N3148",3869.6258505
"8274","1kmE3936N3149",10649.2408255
"8275","1kmE3936N3150",12523.752042
"8276","1kmE3936N3151",6468.143498
"8277","1kmE3936N3152",7352.8485545
"8278","1kmE3936N3153",10152.9053475
"8279","1kmE3936N3154",14212.292719
"8280","1kmE3936N3155",15827.2414905
"8281","1kmE3936N3156",17370.9652785
"8282","1kmE3936N3157",17729.320975
"8283","1kmE3936N3158",15827.53115
"8284","1kmE3936N3159",16382.708819
"8285","1kmE3936N3160",17841.2450405
"8286","1kmE3936N3161",17537.609301
"8287","1kmE3936N3162",17045.3575575
"8288","1kmE3936N3163",17017.3556865
"8289","1kmE3936N3164",18392.6293025
"8290","1kmE3936N3165",17047.090754
"8291","1kmE3937N3084",7396.7686495
"8292","1kmE3937N3085",11260.9563925
"8293","1kmE3937N3086",9049.832488
"8294","1kmE3937N3087",6574.886193
"8295","1kmE3937N3088",13106.8721165
"8296","1kmE3937N3089",14421.4048225
"8297","1kmE3937N3090",11486.9166155
"8298","1kmE3937N3091",6911.310561
"8299","1kmE3937N3092",6140.824783
"8300","1kmE3937N3093",13120.372257
"8301","1kmE3937N3094",14796.8405905
"8302","1kmE3937N3095",12036.9701185
"8303","1kmE3937N3096",10245.506532
"8304","1kmE3937N3097",8778.726357
"8305","1kmE3937N3098",9381.4630795
"8306","1kmE3937N3099",14886.5933255
"8307","1kmE3937N3100",14340.502315
"8308","1kmE3937N3101",5722.407071
"8309","1kmE3937N3102",4460.417557
"8310","1kmE3937N3103",7942.434452
"8311","1kmE3937N3104",20444.407825
"8312","1kmE3937N3105",18492.726795
"8313","1kmE3937N3106",9271.8352705
"8314","1kmE3937N3107",10407.947426
"8315","1kmE3937N3108",10228.324121
"8316","1kmE3937N3109",8788.17531
"8317","1kmE3937N3110",8302.6607785
"8318","1kmE3937N3111",5927.004747
"8319","1kmE3937N3112",12332.6107895
"8320","1kmE3937N3113",13572.3410775
"8321","1kmE3937N3114",14208.8255325
"8322","1kmE3937N3115",15162.8564795
"8323","1kmE3937N3116",11683.4401085
"8324","1kmE3937N3117",8534.486014
"8325","1kmE3937N3118",4164.2772135
"8326","1kmE3937N3119",3838.1007975
"8327","1kmE3937N3120",3916.4518095
"8328","1kmE3937N3121",1624.25518
"8329","1kmE3937N3122",2942.999893
"8330","1kmE3937N3123",3766.675169
"8331","1kmE3937N3124",4352.088518
"8332","1kmE3937N3125",8163.055224
"8333","1kmE3937N3126",14187.9628655
"8334","1kmE3937N3127",15522.378771
"8335","1kmE3937N3128",12664.581723
"8336","1kmE3937N3129",10313.2079735
"8337","1kmE3937N3130",7815.3396045
"8338","1kmE3937N3131",10362.6478055
"8339","1kmE3937N3132",11225.751308
"8340","1kmE3937N3133",10424.792733
"8341","1kmE3937N3134",11174.254469
"8342","1kmE3937N3135",8919.9297715
"8343","1kmE3937N3136",5946.976707
"8344","1kmE3937N3137",6448.7601505
"8345","1kmE3937N3138",5671.641513
"8346","1kmE3937N3139",12204.418477
"8347","1kmE3937N3140",12857.054064
"8348","1kmE3937N3141",12810.883899
"8349","1kmE3937N3142",14703.564374
"8350","1kmE3937N3143",9017.431401
"8351","1kmE3937N3144",10897.2426415
"8352","1kmE3937N3145",9371.5824925
"8353","1kmE3937N3146",8854.1047875
"8354","1kmE3937N3147",9350.760546
"8355","1kmE3937N3148",6502.3393575
"8356","1kmE3937N3149",13668.13446
"8357","1kmE3937N3150",13947.282178
"8358","1kmE3937N3151",12580.227655
"8359","1kmE3937N3152",13193.5518565
"8360","1kmE3937N3153",12411.402154
"8361","1kmE3937N3154",13505.339131
"8362","1kmE3937N3155",12762.193048
"8363","1kmE3937N3156",12134.154666
"8364","1kmE3937N3157",13444.1396945
"8365","1kmE3937N3158",11504.004847
"8366","1kmE3937N3159",15144.9506965
"8367","1kmE3937N3160",16964.0213275
"8368","1kmE3937N3161",17857.1445485
"8369","1kmE3937N3162",16521.283716
"8370","1kmE3937N3163",17225.822743
"8371","1kmE3937N3164",17679.9321705
"8372","1kmE3937N3165",18664.656731
"8373","1kmE3937N3166",16589.8911495
"8374","1kmE3938N3084",8503.5814755
"8375","1kmE3938N3085",15659.648175
"8376","1kmE3938N3086",16152.114639
"8377","1kmE3938N3087",9550.080717
"8378","1kmE3938N3088",15016.7790335
"8379","1kmE3938N3089",16601.9688785
"8380","1kmE3938N3090",13170.0474145
"8381","1kmE3938N3091",9602.0782215
"8382","1kmE3938N3092",8408.804006
"8383","1kmE3938N3093",9549.500773
"8384","1kmE3938N3094",13112.5397075
"8385","1kmE3938N3095",8937.8741975
"8386","1kmE3938N3096",2589.334519
"8387","1kmE3938N3097",11052.370452
"8388","1kmE3938N3098",12447.325677
"8389","1kmE3938N3099",12883.433843
"8390","1kmE3938N3100",9447.215188
"8391","1kmE3938N3101",2480.7817115
"8392","1kmE3938N3102",8163.008242
"8393","1kmE3938N3103",8545.358911
"8394","1kmE3938N3104",18656.106969
"8395","1kmE3938N3105",17978.7735795
"8396","1kmE3938N3106",8478.170121
"8397","1kmE3938N3107",9896.1333885
"8398","1kmE3938N3108",9619.4939035
"8399","1kmE3938N3109",8268.4058
"8400","1kmE3938N3110",6375.9343605
"8401","1kmE3938N3111",7746.389296
"8402","1kmE3938N3112",11136.114729
"8403","1kmE3938N3113",12506.4909475
"8404","1kmE3938N3114",10270.979286
"8405","1kmE3938N3115",9358.922675
"8406","1kmE3938N3116",7700.7197865
"8407","1kmE3938N3117",7879.2168735
"8408","1kmE3938N3118",5860.490469
"8409","1kmE3938N3119",5623.082183
"8410","1kmE3938N3120",8320.3415865
"8411","1kmE3938N3121",4060.2339835
"8412","1kmE3938N3122",6301.469336
"8413","1kmE3938N3123",5484.0664235
"8414","1kmE3938N3124",11251.1998585
"8415","1kmE3938N3125",13827.134275
"8416","1kmE3938N3126",12796.914706
"8417","1kmE3938N3127",12222.680021
"8418","1kmE3938N3128",11912.9640675
"8419","1kmE3938N3129",12067.980857
"8420","1kmE3938N3130",5070.3610225
"8421","1kmE3938N3131",8479.134921
"8422","1kmE3938N3132",11154.4885485
"8423","1kmE3938N3133",8703.86385
"8424","1kmE3938N3134",8299.5840105
"8425","1kmE3938N3135",4417.0113165
"8426","1kmE3938N3136",9021.064693
"8427","1kmE3938N3137",14417.690514
"8428","1kmE3938N3138",12324.954363
"8429","1kmE3938N3139",12272.470506
"8430","1kmE3938N3140",11520.7399955
"8431","1kmE3938N3141",10173.8023175
"8432","1kmE3938N3142",12158.47428
"8433","1kmE3938N3143",11197.40808
"8434","1kmE3938N3144",10750.5517325
"8435","1kmE3938N3145",11682.315075
"8436","1kmE3938N3146",8233.85455
"8437","1kmE3938N3147",9470.488276
"8438","1kmE3938N3148",14499.880145
"8439","1kmE3938N3149",14740.3354855
"8440","1kmE3938N3150",13606.5055745
"8441","1kmE3938N3151",15848.9028275
"8442","1kmE3938N3152",14524.504063
"8443","1kmE3938N3153",12862.125269
"8444","1kmE3938N3154",11413.054916
"8445","1kmE3938N3155",7519.6344045
"8446","1kmE3938N3156",8220.1257435
"8447","1kmE3938N3157",10157.858386
"8448","1kmE3938N3158",9308.804287
"8449","1kmE3938N3159",12376.4870345
"8450","1kmE3938N3160",11974.05955
"8451","1kmE3938N3161",12160.1315705
"8452","1kmE3938N3162",11245.706399
"8453","1kmE3938N3163",14884.910322
"8454","1kmE3938N3164",14940.877677
"8455","1kmE3938N3165",15587.2445375
"8456","1kmE3938N3166",15649.2081475
"8457","1kmE3939N3085",9766.9089105
"8458","1kmE3939N3086",14150.7647895
"8459","1kmE3939N3087",11976.9347155
"8460","1kmE3939N3088",11158.0950235
"8461","1kmE3939N3089",14418.9664205
"8462","1kmE3939N3090",11539.0845975
"8463","1kmE3939N3091",10739.910442
"8464","1kmE3939N3092",9859.61958
"8465","1kmE3939N3093",10530.9203635
"8466","1kmE3939N3094",15294.580219
"8467","1kmE3939N3095",14576.5212975
"8468","1kmE3939N3096",7763.135769
"8469","1kmE3939N3097",7509.8109005
"8470","1kmE3939N3098",12976.3825425
"8471","1kmE3939N3099",13863.4336105
"8472","1kmE3939N3100",11540.193806
"8473","1kmE3939N3101",6223.742915
"8474","1kmE3939N3102",13111.1124685
"8475","1kmE3939N3103",17333.1391415
"8476","1kmE3939N3104",15070.298987
"8477","1kmE3939N3105",10214.081427
"8478","1kmE3939N3106",9363.2313105
"8479","1kmE3939N3107",9146.4557445
"8480","1kmE3939N3108",5028.6646925
"8481","1kmE3939N3109",15492.688763
"8482","1kmE3939N3110",13889.1932165
"8483","1kmE3939N3111",14399.627174
"8484","1kmE3939N3112",15863.983945
"8485","1kmE3939N3113",15628.9160845
"8486","1kmE3939N3114",13314.0241955
"8487","1kmE3939N3115",7673.1922085
"8488","1kmE3939N3116",7339.341497
"8489","1kmE3939N3117",7595.5220525
"8490","1kmE3939N3118",5874.558148
"8491","1kmE3939N3119",5418.252377
"8492","1kmE3939N3120",9132.590251
"8493","1kmE3939N3121",8569.0050945
"8494","1kmE3939N3122",4150.999726
"8495","1kmE3939N3123",1502.0083165
"8496","1kmE3939N3124",7165.619587
"8497","1kmE3939N3125",11117.3041065
"8498","1kmE3939N3126",11113.259121
"8499","1kmE3939N3127",7399.413463
"8500","1kmE3939N3128",12346.729255
"8501","1kmE3939N3129",9724.166115
"8502","1kmE3939N3130",5988.8475365
"8503","1kmE3939N3131",12469.02969
"8504","1kmE3939N3132",11423.454113
"8505","1kmE3939N3133",6523.36795
"8506","1kmE3939N3134",11065.3674995
"8507","1kmE3939N3135",9143.019226
"8508","1kmE3939N3136",5903.742445
"8509","1kmE3939N3137",10359.772112
"8510","1kmE3939N3138",12275.9848225
"8511","1kmE3939N3139",6682.241043
"8512","1kmE3939N3140",10208.780938
"8513","1kmE3939N3141",9873.1873745
"8514","1kmE3939N3142",8648.098475
"8515","1kmE3939N3143",11474.218222
"8516","1kmE3939N3144",11485.882814
"8517","1kmE3939N3145",9145.98195
"8518","1kmE3939N3146",12084.382336
"8519","1kmE3939N3147",15290.012275
"8520","1kmE3939N3148",14047.6592155
"8521","1kmE3939N3149",11724.670885
"8522","1kmE3939N3150",11114.187926
"8523","1kmE3939N3151",10863.206531
"8524","1kmE3939N3152",10466.8722085
"8525","1kmE3939N3153",9350.598047
"8526","1kmE3939N3154",8763.156779
"8527","1kmE3939N3155",9551.6212165
"8528","1kmE3939N3156",10094.1464235
"8529","1kmE3939N3157",11849.848789
"8530","1kmE3939N3158",11231.265702
"8531","1kmE3939N3159",11876.5210595
"8532","1kmE3939N3160",11836.3418185
"8533","1kmE3939N3161",10501.662652
"8534","1kmE3939N3162",13402.6312505
"8535","1kmE3939N3163",14930.525196
"8536","1kmE3939N3164",14934.9332845
"8537","1kmE3939N3165",13311.2266495
"8538","1kmE3939N3166",11205.855253
"8539","1kmE3940N3083",3989.4314255
"8540","1kmE3940N3084",8602.3815805
"8541","1kmE3940N3085",9804.1115935
"8542","1kmE3940N3086",18364.4462065
"8543","1kmE3940N3087",18989.8114855
"8544","1kmE3940N3088",12502.175981
"8545","1kmE3940N3089",14491.2885255
"8546","1kmE3940N3090",16455.1573525
"8547","1kmE3940N3091",13322.6219
"8548","1kmE3940N3092",12191.759624
"8549","1kmE3940N3093",12744.5737325
"8550","1kmE3940N3094",15824.482108
"8551","1kmE3940N3095",15561.2513175
"8552","1kmE3940N3096",10376.238532
"8553","1kmE3940N3097",4679.4914935
"8554","1kmE3940N3098",8148.554364
"8555","1kmE3940N3099",9987.700517
"8556","1kmE3940N3100",17520.4444205
"8557","1kmE3940N3101",14017.3310835
"8558","1kmE3940N3102",12999.296293
"8559","1kmE3940N3103",16767.533747
"8560","1kmE3940N3104",15259.943714
"8561","1kmE3940N3105",11142.59667
"8562","1kmE3940N3106",7767.164042
"8563","1kmE3940N3107",10584.835647
"8564","1kmE3940N3108",7809.4921795
"8565","1kmE3940N3109",8577.448698
"8566","1kmE3940N3110",15411.0629555
"8567","1kmE3940N3111",18137.542055
"8568","1kmE3940N3112",17736.339238
"8569","1kmE3940N3113",17389.3691265
"8570","1kmE3940N3114",14540.936469
"8571","1kmE3940N3115",8505.4857215
"8572","1kmE3940N3116",4302.6326585
"8573","1kmE3940N3117",7933.354966
"8574","1kmE3940N3118",8275.1717655
"8575","1kmE3940N3119",7435.5660645
"8576","1kmE3940N3120",8799.3415565
"8577","1kmE3940N3121",10846.907882
"8578","1kmE3940N3122",8491.701558
"8579","1kmE3940N3123",1854.7564775
"8580","1kmE3940N3124",7965.3728985
"8581","1kmE3940N3125",8829.83971
"8582","1kmE3940N3126",14302.448212
"8583","1kmE3940N3127",13966.9648005
"8584","1kmE3940N3128",13008.788728
"8585","1kmE3940N3129",5233.219344
"8586","1kmE3940N3130",4014.494756
"8587","1kmE3940N3131",13686.819836
"8588","1kmE3940N3132",9802.770926
"8589","1kmE3940N3133",1891.1352905
"8590","1kmE3940N3134",13067.2757645
"8591","1kmE3940N3135",10804.8550475
"8592","1kmE3940N3136",5419.864103
"8593","1kmE3940N3137",6601.709152
"8594","1kmE3940N3138",6778.776861
"8595","1kmE3940N3139",2779.7594715
"8596","1kmE3940N3140",9501.6322255
"8597","1kmE3940N3141",8612.87646
"8598","1kmE3940N3142",11377.4132085
"8599","1kmE3940N3143",11674.4217425
"8600","1kmE3940N3144",11101.813074
"8601","1kmE3940N3145",12845.736496
"8602","1kmE3940N3146",16495.367957
"8603","1kmE3940N3147",14510.800133
"8604","1kmE3940N3148",9706.7347065
"8605","1kmE3940N3149",11357.6720125
"8606","1kmE3940N3150",10845.072285
"8607","1kmE3940N3151",7731.40566
"8608","1kmE3940N3152",6985.830571
"8609","1kmE3940N3153",7577.9352785
"8610","1kmE3940N3154",8667.3340195
"8611","1kmE3940N3155",10431.517878
"8612","1kmE3940N3156",9852.4561235
"8613","1kmE3940N3157",11198.323305
"8614","1kmE3940N3158",10183.5647935
"8615","1kmE3940N3159",12205.121693
"8616","1kmE3940N3160",14272.9344545
"8617","1kmE3940N3161",11282.1845675
"8618","1kmE3940N3162",11119.8023195
"8619","1kmE3940N3163",12897.288806
"8620","1kmE3940N3164",14299.574702
"8621","1kmE3940N3165",13542.0633305
"8622","1kmE3940N3166",10302.235052
"8623","1kmE3941N3084",7646.7217435
"8624","1kmE3941N3085",9385.776494
"8625","1kmE3941N3086",17428.3099455
"8626","1kmE3941N3087",19822.876161
"8627","1kmE3941N3088",18808.393444
"8628","1kmE3941N3089",17024.462146
"8629","1kmE3941N3090",17097.7619575
"8630","1kmE3941N3091",17696.3566315
"8631","1kmE3941N3092",16255.065564
"8632","1kmE3941N3093",13112.416316
"8633","1kmE3941N3094",14016.8021115
"8634","1kmE3941N3095",12245.5016675
"8635","1kmE3941N3096",12521.8156075
"8636","1kmE3941N3097",9547.52299
"8637","1kmE3941N3098",8923.8760865
"8638","1kmE3941N3099",9449.586626
"8639","1kmE3941N3100",14541.029803
"8640","1kmE3941N3101",18030.397077
"8641","1kmE3941N3102",15633.8787675
"8642","1kmE3941N3103",14512.826422
"8643","1kmE3941N3104",15798.13768
"8644","1kmE3941N3105",13654.480086
"8645","1kmE3941N3106",8019.0947215
"8646","1kmE3941N3107",12649.452337
"8647","1kmE3941N3108",11283.401423
"8648","1kmE3941N3109",14629.441265
"8649","1kmE3941N3110",17418.449193
"8650","1kmE3941N3111",18038.603093
"8651","1kmE3941N3112",15165.218313
"8652","1kmE3941N3113",17857.218894
"8653","1kmE3941N3114",16801.9215955
"8654","1kmE3941N3115",13720.2711565
"8655","1kmE3941N3116",7444.9167755
"8656","1kmE3941N3117",8063.3512545
"8657","1kmE3941N3118",7591.4569405
"8658","1kmE3941N3119",8026.3550505
"8659","1kmE3941N3120",6845.32413
"8660","1kmE3941N3121",10189.269181
"8661","1kmE3941N3122",10234.205162
"8662","1kmE3941N3123",6530.704098
"8663","1kmE3941N3124",2032.643829
"8664","1kmE3941N3125",10248.655826
"8665","1kmE3941N3126",14909.184305
"8666","1kmE3941N3127",13155.12602
"8667","1kmE3941N3128",14318.861434
"8668","1kmE3941N3129",10522.2193865
"8669","1kmE3941N3130",8839.751926
"8670","1kmE3941N3131",12320.334402
"8671","1kmE3941N3132",7811.6282005
"8672","1kmE3941N3133",3805.1854305
"8673","1kmE3941N3134",14854.9907115
"8674","1kmE3941N3135",13865.7197615
"8675","1kmE3941N3136",12877.7534575
"8676","1kmE3941N3137",16832.123247
"8677","1kmE3941N3138",14320.576743
"8678","1kmE3941N3139",5843.879843
"8679","1kmE3941N3140",7999.811269
"8680","1kmE3941N3141",6389.5019725
"8681","1kmE3941N3142",10992.705424
"8682","1kmE3941N3143",11916.2384035
"8683","1kmE3941N3144",8595.795269
"8684","1kmE3941N3145",14482.346897
"8685","1kmE3941N3146",14105.7070135
"8686","1kmE3941N3147",10839.877754
"8687","1kmE3941N3148",7243.268311
"8688","1kmE3941N3149",12596.5636405
"8689","1kmE3941N3150",12926.4295005
"8690","1kmE3941N3151",12681.1109715
"8691","1kmE3941N3152",9138.27737
"8692","1kmE3941N3153",7722.769112
"8693","1kmE3941N3154",6154.6173015
"8694","1kmE3941N3155",7574.405398
"8695","1kmE3941N3156",8452.567709
"8696","1kmE3941N3157",9196.5623345
"8697","1kmE3941N3158",8540.791837
"8698","1kmE3941N3159",12215.1191125
"8699","1kmE3941N3160",13178.9695625
"8700","1kmE3941N3161",11274.8885305
"8701","1kmE3941N3162",8926.347392
"8702","1kmE3941N3163",11507.8694325
"8703","1kmE3941N3164",14335.7943055
"8704","1kmE3941N3165",16215.1826395
"8705","1kmE3941N3166",16045.0823955
"8706","1kmE3942N3083",3614.7529205
"8707","1kmE3942N3084",11149.070046
"8708","1kmE3942N3085",9958.4338205
"8709","1kmE3942N3086",12242.0083745
"8710","1kmE3942N3087",15928.300314
"8711","1kmE3942N3088",19286.964609
"8712","1kmE3942N3089",19549.2794375
"8713","1kmE3942N3090",17163.3541385
"8714","1kmE3942N3091",18925.061749
"8715","1kmE3942N3092",18157.3577125
"8716","1kmE3942N3093",14956.094049
"8717","1kmE3942N3094",15533.391372
"8718","1kmE3942N3095",12534.6242975
"8719","1kmE3942N3096",14155.259768
"8720","1kmE3942N3097",15942.686732
"8721","1kmE3942N3098",13958.264149
"8722","1kmE3942N3099",10295.5257905
"8723","1kmE3942N3100",12314.726885
"8724","1kmE3942N3101",15825.2836205
"8725","1kmE3942N3102",15489.442306
"8726","1kmE3942N3103",12777.1566235
"8727","1kmE3942N3104",12696.8771615
"8728","1kmE3942N3105",11563.480426
"8729","1kmE3942N3106",5385.9898805
"8730","1kmE3942N3107",11571.85671
"8731","1kmE3942N3108",11854.088882
"8732","1kmE3942N3109",17003.5180175
"8733","1kmE3942N3110",14831.2575405
"8734","1kmE3942N3111",18661.547298
"8735","1kmE3942N3112",14125.9647405
"8736","1kmE3942N3113",15079.552759
"8737","1kmE3942N3114",13607.2171285
"8738","1kmE3942N3115",13045.575786
"8739","1kmE3942N3116",7544.018035
"8740","1kmE3942N3117",2319.689148
"8741","1kmE3942N3118",5414.2088785
"8742","1kmE3942N3119",7543.2227485
"8743","1kmE3942N3120",3536.2111085
"8744","1kmE3942N3121",3905.980086
"8745","1kmE3942N3122",4061.937688
"8746","1kmE3942N3123",10795.749953
"8747","1kmE3942N3124",6968.7288255
"8748","1kmE3942N3125",10783.124669
"8749","1kmE3942N3126",10783.2652725
"8750","1kmE3942N3127",13762.164229
"8751","1kmE3942N3128",14174.3314345
"8752","1kmE3942N3129",18563.008042
"8753","1kmE3942N3130",15446.280529
"8754","1kmE3942N3131",11364.121903
"8755","1kmE3942N3132",9791.716907
"8756","1kmE3942N3133",4084.337649
"8757","1kmE3942N3134",13275.098852
"8758","1kmE3942N3135",9788.849694
"8759","1kmE3942N3136",10577.500683
"8760","1kmE3942N3137",17768.7979965
"8761","1kmE3942N3138",10493.8695515
"8762","1kmE3942N3139",3055.455939
"8763","1kmE3942N3140",9627.2631205
"8764","1kmE3942N3141",8474.9617295
"8765","1kmE3942N3142",13340.6760715
"8766","1kmE3942N3143",13723.83251
"8767","1kmE3942N3144",12491.2160925
"8768","1kmE3942N3145",12178.6836835
"8769","1kmE3942N3146",11681.792209
"8770","1kmE3942N3147",9930.740891
"8771","1kmE3942N3148",7810.486345
"8772","1kmE3942N3149",12138.557533
"8773","1kmE3942N3150",13036.0775805
"8774","1kmE3942N3151",11693.7352025
"8775","1kmE3942N3152",10108.79273
"8776","1kmE3942N3153",11202.2184455
"8777","1kmE3942N3154",7530.027431
"8778","1kmE3942N3155",4569.635033
"8779","1kmE3942N3156",9036.7823845
"8780","1kmE3942N3157",8216.44269
"8781","1kmE3942N3158",7588.8535575
"8782","1kmE3942N3159",10178.5547225
"8783","1kmE3942N3160",12857.529284
"8784","1kmE3942N3164",10185.847456
"8785","1kmE3942N3165",11764.9215815
"8786","1kmE3942N3166",13295.241797
"8787","1kmE3943N3084",12663.0666045
"8788","1kmE3943N3085",15600.8876855
"8789","1kmE3943N3086",11147.5123985
"8790","1kmE3943N3087",9821.868817
"8791","1kmE3943N3088",16026.895426
"8792","1kmE3943N3089",17959.200951
"8793","1kmE3943N3090",16178.177977
"8794","1kmE3943N3091",16971.7940995
"8795","1kmE3943N3092",20849.136699
"8796","1kmE3943N3093",17649.8605965
"8797","1kmE3943N3094",17902.5393795
"8798","1kmE3943N3095",15221.5962435
"8799","1kmE3943N3096",11870.533534
"8800","1kmE3943N3097",8521.4740185
"8801","1kmE3943N3098",10636.298744
"8802","1kmE3943N3099",13837.595065
"8803","1kmE3943N3100",13922.233573
"8804","1kmE3943N3101",14236.129656
"8805","1kmE3943N3102",13879.883636
"8806","1kmE3943N3103",11572.995541
"8807","1kmE3943N3104",7851.5532965
"8808","1kmE3943N3105",8801.0458305
"8809","1kmE3943N3106",5498.447625
"8810","1kmE3943N3107",14035.375621
"8811","1kmE3943N3108",15485.1579525
"8812","1kmE3943N3109",14860.132624
"8813","1kmE3943N3110",9809.0765355
"8814","1kmE3943N3111",9509.1114645
"8815","1kmE3943N3112",12239.6604615
"8816","1kmE3943N3113",9861.6430245
"8817","1kmE3943N3114",7463.6639215
"8818","1kmE3943N3115",6935.711037
"8819","1kmE3943N3116",3341.334039
"8820","1kmE3943N3117",2119.69112
"8821","1kmE3943N3118",9512.765393
"8822","1kmE3943N3119",6620.3787245
"8823","1kmE3943N3120",4620.8776165
"8824","1kmE3943N3121",7505.460841
"8825","1kmE3943N3122",4374.8475745
"8826","1kmE3943N3123",3638.3019535
"8827","1kmE3943N3124",8449.8073
"8828","1kmE3943N3125",10514.1214445
"8829","1kmE3943N3126",9384.8043535
"8830","1kmE3943N3127",15404.0897605
"8831","1kmE3943N3128",16404.11076
"8832","1kmE3943N3129",19470.422103
"8833","1kmE3943N3130",16366.1749645
"8834","1kmE3943N3131",6770.7507025
"8835","1kmE3943N3132",11978.0336645
"8836","1kmE3943N3133",6224.0496205
"8837","1kmE3943N3134",5261.674584
"8838","1kmE3943N3135",9995.2909895
"8839","1kmE3943N3136",9378.6608545
"8840","1kmE3943N3137",13202.9269105
"8841","1kmE3943N3138",8050.929781
"8842","1kmE3943N3139",4817.9414035
"8843","1kmE3943N3140",9230.8481925
"8844","1kmE3943N3141",11999.385241
"8845","1kmE3943N3142",13100.8528815
"8846","1kmE3943N3143",11094.359051
"8847","1kmE3943N3144",10053.8677815
"8848","1kmE3943N3145",11939.6988625
"8849","1kmE3943N3146",12304.432945
"8850","1kmE3943N3147",9122.853043
"8851","1kmE3943N3148",8995.506035
"8852","1kmE3943N3149",7273.843423
"8853","1kmE3943N3150",10565.019166
"8854","1kmE3943N3151",10748.5862565
"8855","1kmE3943N3152",10173.6013725
"8856","1kmE3943N3153",10446.013675
"8857","1kmE3943N3154",13328.430257
"8858","1kmE3943N3155",7686.2932755
"8859","1kmE3943N3156",7366.051945
"8860","1kmE3943N3157",6514.9634095
"8861","1kmE3943N3158",7363.741246
"8862","1kmE3943N3159",8623.63876
"8863","1kmE3943N3160",8592.332162
"8864","1kmE3944N3084",5996.9572735
"8865","1kmE3944N3085",12103.0793785
"8866","1kmE3944N3089",14914.1453535
"8867","1kmE3944N3090",18330.262917
"8868","1kmE3944N3091",20095.1217135
"8869","1kmE3944N3092",22341.432275
"8870","1kmE3944N3093",16160.54962
"8871","1kmE3944N3094",16994.746029
"8872","1kmE3944N3095",17988.8690165
"8873","1kmE3944N3096",15220.974243
"8874","1kmE3944N3097",12831.332375
"8875","1kmE3944N3098",15729.771903
"8876","1kmE3944N3099",13100.5774625
"8877","1kmE3944N3100",13236.2161575
"8878","1kmE3944N3101",11598.8964485
"8879","1kmE3944N3102",12047.276051
"8880","1kmE3944N3103",12546.0599005
"8881","1kmE3944N3104",5087.59921
"8882","1kmE3944N3105",8323.5475405
"8883","1kmE3944N3106",9192.946053
"8884","1kmE3944N3107",12692.31392
"8885","1kmE3944N3108",15889.540466
"8886","1kmE3944N3109",15407.2589975
"8887","1kmE3944N3110",8667.437351
"8888","1kmE3944N3111",3741.713927
"8889","1kmE3944N3112",7798.768493
"8890","1kmE3944N3113",10787.778914
"8891","1kmE3944N3114",11427.842599
"8892","1kmE3944N3115",7020.217079
"8893","1kmE3944N3116",3592.776291
"8894","1kmE3944N3117",2333.314689
"8895","1kmE3944N3118",6362.154162
"8896","1kmE3944N3119",3043.787337
"8897","1kmE3944N3120",907.3746265
"8898","1kmE3944N3121",3807.2624645
"8899","1kmE3944N3122",5333.3323685
"8900","1kmE3944N3123",1533.5547125
"8901","1kmE3944N3124",3074.2311645
"8902","1kmE3944N3125",6434.721881
"8903","1kmE3944N3126",14453.3395405
"8904","1kmE3944N3127",14095.716838
"8905","1kmE3944N3128",12620.9299035
"8906","1kmE3944N3129",16477.7811655
"8907","1kmE3944N3130",16956.657154
"8908","1kmE3944N3131",15837.0669045
"8909","1kmE3944N3132",9089.835368
"8910","1kmE3944N3133",2735.2117275
"8911","1kmE3944N3134",6727.8723215
"8912","1kmE3944N3135",16929.157861
"8913","1kmE3944N3136",16831.907935
"8914","1kmE3944N3137",20741.629283
"8915","1kmE3944N3138",17715.5214725
"8916","1kmE3944N3139",16018.8216015
"8917","1kmE3944N3140",9622.991691
"8918","1kmE3944N3141",7884.585579
"8919","1kmE3944N3142",10491.5801545
"8920","1kmE3944N3143",3272.55165
"8921","1kmE3944N3144",9163.133725
"8922","1kmE3944N3145",8581.044635
"8923","1kmE3944N3146",5411.9079785
"8924","1kmE3944N3147",6780.7152545
"8925","1kmE3944N3148",6143.9994705
"8926","1kmE3944N3149",6336.645728
"8927","1kmE3944N3150",5402.298838
"8928","1kmE3944N3151",13964.5119255
"8929","1kmE3944N3152",13280.390126
"8930","1kmE3944N3153",12371.4480645
"8931","1kmE3944N3154",14398.002349
"8932","1kmE3944N3155",11010.414264
"8933","1kmE3944N3156",6288.2334185
"8934","1kmE3944N3157",6911.4714405
"8935","1kmE3944N3158",8909.684044
"8936","1kmE3944N3159",10127.2211985
"8937","1kmE3944N3160",8107.578788
"8938","1kmE3945N3089",12519.9299965
"8939","1kmE3945N3090",15679.9325655
"8940","1kmE3945N3091",18023.742931
"8941","1kmE3945N3092",20427.0008845
"8942","1kmE3945N3093",15297.2229895
"8943","1kmE3945N3094",16116.0827535
"8944","1kmE3945N3095",18776.507237
"8945","1kmE3945N3096",18963.874287
"8946","1kmE3945N3097",16217.3350905
"8947","1kmE3945N3098",10478.9820005
"8948","1kmE3945N3099",9910.2552845
"8949","1kmE3945N3100",11774.959971
"8950","1kmE3945N3101",13575.6129325
"8951","1kmE3945N3102",8717.5952275
"8952","1kmE3945N3103",9404.3404745
"8953","1kmE3945N3104",7589.0380355
"8954","1kmE3945N3105",8703.2766475
"8955","1kmE3945N3106",12612.420167
"8956","1kmE3945N3107",9026.626953
"8957","1kmE3945N3108",13957.9976025
"8958","1kmE3945N3109",16798.5061875
"8959","1kmE3945N3110",16819.092032
"8960","1kmE3945N3111",11918.034321
"8961","1kmE3945N3112",4759.0022545
"8962","1kmE3945N3113",8118.835613
"8963","1kmE3945N3114",9383.171187
"8964","1kmE3945N3115",10298.0312295
"8965","1kmE3945N3116",4550.76513
"8966","1kmE3945N3117",6014.722701
"8967","1kmE3945N3118",5084.5687075
"8968","1kmE3945N3119",2192.744747
"8969","1kmE3945N3120",4735.2474415
"8970","1kmE3945N3121",6988.701671
"8971","1kmE3945N3122",1189.8265205
"8972","1kmE3945N3123",3488.769074
"8973","1kmE3945N3124",7730.381871
"8974","1kmE3945N3125",5840.143847
"8975","1kmE3945N3126",15228.1348495
"8976","1kmE3945N3127",15113.11907
"8977","1kmE3945N3128",8116.668312
"8978","1kmE3945N3129",16982.884124
"8979","1kmE3945N3130",17646.043113
"8980","1kmE3945N3131",19345.20411
"8981","1kmE3945N3132",14363.7579855
"8982","1kmE3945N3133",5772.4690325
"8983","1kmE3945N3134",13930.8811905
"8984","1kmE3945N3135",18837.3344615
"8985","1kmE3945N3136",16587.6989265
"8986","1kmE3945N3137",17390.6814265
"8987","1kmE3945N3138",11207.1545285
"8988","1kmE3945N3139",11206.8674745
"8989","1kmE3945N3140",4966.1441665
"8990","1kmE3945N3141",3693.4015505
"8991","1kmE3945N3142",5941.876636
"8992","1kmE3945N3143",3077.585326
"8993","1kmE3945N3144",10148.796738
"8994","1kmE3945N3145",10999.3056675
"8995","1kmE3945N3146",4458.425595
"8996","1kmE3945N3147",6259.6401165
"8997","1kmE3945N3148",5904.0871775
"8998","1kmE3945N3149",8896.11636
"8999","1kmE3945N3150",9382.3097725
"9000","1kmE3945N3151",11257.761377
"9001","1kmE3945N3152",17279.54275
"9002","1kmE3945N3153",17754.9904855
"9003","1kmE3945N3154",17915.6861895
"9004","1kmE3945N3155",14049.702824
"9005","1kmE3945N3156",10655.581176
"9006","1kmE3945N3157",7574.1767415
"9007","1kmE3945N3158",5736.2165715
"9008","1kmE3945N3159",8392.4811145
"9009","1kmE3945N3160",7171.1601495
"9010","1kmE3946N3089",11295.860873
"9011","1kmE3946N3090",14598.3710795
"9012","1kmE3946N3091",16684.085267
"9013","1kmE3946N3092",17732.7865135
"9014","1kmE3946N3093",16762.413728
"9015","1kmE3946N3094",8752.031144
"9016","1kmE3946N3095",14006.6901525
"9017","1kmE3946N3096",17053.901658
"9018","1kmE3946N3097",16226.7837855
"9019","1kmE3946N3098",9759.9241655
"9020","1kmE3946N3099",11889.598598
"9021","1kmE3946N3100",13647.193559
"9022","1kmE3946N3101",12875.0178415
"9023","1kmE3946N3102",4956.8598365
"9024","1kmE3946N3103",4176.146082
"9025","1kmE3946N3104",8207.05415
"9026","1kmE3946N3105",7856.234324
"9027","1kmE3946N3106",11002.8650365
"9028","1kmE3946N3107",9006.7152065
"9029","1kmE3946N3108",15573.769494
"9030","1kmE3946N3109",15950.2857795
"9031","1kmE3946N3110",14315.809998
"9032","1kmE3946N3111",13666.8877195
"9033","1kmE3946N3112",11594.804242
"9034","1kmE3946N3113",4366.8486515
"9035","1kmE3946N3114",5784.9927705
"9036","1kmE3946N3115",8867.549081
"9037","1kmE3946N3116",4388.3495385
"9038","1kmE3946N3117",5573.007274
"9039","1kmE3946N3118",7275.0456095
"9040","1kmE3946N3119",4020.618382
"9041","1kmE3946N3120",9098.720944
"9042","1kmE3946N3121",10869.087854
"9043","1kmE3946N3122",1808.67925
"9044","1kmE3946N3123",3502.745004
"9045","1kmE3946N3124",2143.4039445
"9046","1kmE3946N3125",4035.11625
"9047","1kmE3946N3126",9639.038344
"9048","1kmE3946N3127",11914.875458
"9049","1kmE3946N3128",7063.5883105
"9050","1kmE3946N3129",15558.1383535
"9051","1kmE3946N3130",13619.6177885
"9052","1kmE3946N3131",16068.6466045
"9053","1kmE3946N3132",18522.06598
"9054","1kmE3946N3133",9107.730176
"9055","1kmE3946N3134",15225.398889
"9056","1kmE3946N3135",15000.3523705
"9057","1kmE3946N3136",12440.2088445
"9058","1kmE3946N3137",12262.321584
"9059","1kmE3946N3138",9029.418987
"9060","1kmE3946N3139",7333.474725
"9061","1kmE3946N3140",10331.2553635
"9062","1kmE3946N3141",3531.676674
"9063","1kmE3946N3142",3283.558647
"9064","1kmE3946N3143",3976.9075055
"9065","1kmE3946N3144",10028.602989
"9066","1kmE3946N3145",11757.926214
"9067","1kmE3946N3146",5185.1617485
"9068","1kmE3946N3147",6296.7183055
"9069","1kmE3946N3148",12706.3154185
"9070","1kmE3946N3149",8596.0073985
"9071","1kmE3946N3150",9572.1450885
"9072","1kmE3946N3151",8285.267672
"9073","1kmE3946N3152",13354.16776
"9074","1kmE3946N3153",17522.577554
"9075","1kmE3946N3154",19336.2609185
"9076","1kmE3946N3155",15483.1990115
"9077","1kmE3946N3156",11639.2946745
"9078","1kmE3946N3157",8799.231342
"9079","1kmE3946N3158",5710.1082905
"9080","1kmE3946N3159",7080.788322
"9081","1kmE3946N3160",6043.1391755
"9082","1kmE3947N3088",9648.722683
"9083","1kmE3947N3089",11029.1222505
"9084","1kmE3947N3090",13372.472308
"9085","1kmE3947N3091",12640.790038
"9086","1kmE3947N3092",15411.345954
"9087","1kmE3947N3093",15763.6826935
"9088","1kmE3947N3094",11575.714085
"9089","1kmE3947N3095",11268.6790795
"9090","1kmE3947N3096",15009.0018345
"9091","1kmE3947N3097",16851.7044785
"9092","1kmE3947N3098",15395.9154405
"9093","1kmE3947N3099",15184.3256035
"9094","1kmE3947N3100",13691.7987425
"9095","1kmE3947N3101",11335.2994245
"9096","1kmE3947N3102",4542.3552965
"9097","1kmE3947N3103",7223.873006
"9098","1kmE3947N3104",8266.031006
"9099","1kmE3947N3105",3423.293973
"9100","1kmE3947N3106",3561.340014
"9101","1kmE3947N3107",4096.861072
"9102","1kmE3947N3108",5138.754451
"9103","1kmE3947N3109",5852.353006
"9104","1kmE3947N3110",9148.3318995
"9105","1kmE3947N3111",11877.781501
"9106","1kmE3947N3112",7579.100791
"9107","1kmE3947N3113",3071.655841
"9108","1kmE3947N3114",8236.5374175
"9109","1kmE3947N3115",9804.6114945
"9110","1kmE3947N3116",4483.448417
"9111","1kmE3947N3117",3483.47537
"9112","1kmE3947N3118",8606.94059
"9113","1kmE3947N3119",7515.3900885
"9114","1kmE3947N3120",4059.042109
"9115","1kmE3947N3121",5001.877328
"9116","1kmE3947N3122",5039.1810065
"9117","1kmE3947N3123",6497.834963
"9118","1kmE3947N3124",3117.523868
"9119","1kmE3947N3125",8355.9566785
"9120","1kmE3947N3126",8335.801024
"9121","1kmE3947N3127",7399.1898085
"9122","1kmE3947N3128",5326.1281545
"9123","1kmE3947N3129",8933.8121375
"9124","1kmE3947N3130",10473.754102
"9125","1kmE3947N3131",12416.57996
"9126","1kmE3947N3132",17190.310715
"9127","1kmE3947N3133",7456.783929
"9128","1kmE3947N3134",6730.3862135
"9129","1kmE3947N3135",3843.679721
"9130","1kmE3947N3136",6695.958772
"9131","1kmE3947N3137",9688.0249325
"9132","1kmE3947N3138",11026.0042165
"9133","1kmE3947N3139",9765.011162
"9134","1kmE3947N3140",11823.810313
"9135","1kmE3947N3141",8235.8994585
"9136","1kmE3947N3142",3899.931708
"9137","1kmE3947N3143",6262.019806
"9138","1kmE3947N3144",10052.62983
"9139","1kmE3947N3145",8585.896687
"9140","1kmE3947N3146",4402.566992
"9141","1kmE3947N3147",5737.417086
"9142","1kmE3947N3148",11154.6854985
"9143","1kmE3947N3149",12510.0911655
"9144","1kmE3947N3150",9217.1309155
"9145","1kmE3947N3151",10287.571492
"9146","1kmE3947N3152",8166.065174
"9147","1kmE3947N3153",13406.8798725
"9148","1kmE3947N3154",16845.937444
"9149","1kmE3947N3155",13748.7472765
"9150","1kmE3947N3156",6853.475634
"9151","1kmE3947N3157",8035.2866305
"9152","1kmE3947N3158",8699.612284
"9153","1kmE3947N3159",8364.5540025
"9154","1kmE3947N3160",6832.8889535
"9155","1kmE3948N3088",9350.851341
"9156","1kmE3948N3089",11797.0248095
"9157","1kmE3948N3090",11284.9729345
"9158","1kmE3948N3091",10684.406003
"9159","1kmE3948N3092",12223.8762945
"9160","1kmE3948N3093",10702.2760285
"9161","1kmE3948N3094",13352.5595765
"9162","1kmE3948N3095",14356.728418
"9163","1kmE3948N3096",15856.22656
"9164","1kmE3948N3097",17299.6672805
"9165","1kmE3948N3098",15551.2388155
"9166","1kmE3948N3099",18700.55288
"9167","1kmE3948N3100",18628.5757775
"9168","1kmE3948N3101",15010.6978245
"9169","1kmE3948N3102",13489.557507
"9170","1kmE3948N3103",15901.930523
"9171","1kmE3948N3104",15000.0320925
"9172","1kmE3948N3105",13972.156739
"9173","1kmE3948N3106",11046.441046
"9174","1kmE3948N3107",9387.8856805
"9175","1kmE3948N3108",12377.234645
"9176","1kmE3948N3109",9794.7423255
"9177","1kmE3948N3110",9841.014638
"9178","1kmE3948N3111",10102.68044
"9179","1kmE3948N3112",3091.351909
"9180","1kmE3948N3113",5603.190954
"9181","1kmE3948N3114",6240.0591755
"9182","1kmE3948N3115",7013.169271
"9183","1kmE3948N3116",5009.809078
"9184","1kmE3948N3117",6452.7503295
"9185","1kmE3948N3118",9451.5755795
"9186","1kmE3948N3119",7875.6764725
"9187","1kmE3948N3120",3560.3877715
"9188","1kmE3948N3121",5509.027431
"9189","1kmE3948N3122",8425.801372
"9190","1kmE3948N3123",6881.4881955
"9191","1kmE3948N3124",8344.822364
"9192","1kmE3948N3125",13530.786231
"9193","1kmE3948N3126",11607.7585415
"9194","1kmE3948N3127",11243.843772
"9195","1kmE3948N3128",10336.6354165
"9196","1kmE3948N3129",7073.1338605
"9197","1kmE3948N3130",9195.1192795
"9198","1kmE3948N3131",12693.0540875
"9199","1kmE3948N3132",13587.31467
"9200","1kmE3948N3133",12682.8865215
"9201","1kmE3948N3134",9988.125533
"9202","1kmE3948N3135",8174.7096405
"9203","1kmE3948N3136",8445.804856
"9204","1kmE3948N3137",7565.710921
"9205","1kmE3948N3138",10958.928889
"9206","1kmE3948N3139",7288.8545365
"9207","1kmE3948N3140",6936.6811975
"9208","1kmE3948N3141",7130.63423
"9209","1kmE3948N3142",3929.505614
"9210","1kmE3948N3143",4443.678444
"9211","1kmE3948N3144",7524.0102175
"9212","1kmE3948N3145",6395.709939
"9213","1kmE3948N3146",803.269809
"9214","1kmE3948N3147",3876.7091745
"9215","1kmE3948N3148",14811.2124555
"9216","1kmE3948N3149",16793.826065
"9217","1kmE3948N3150",9760.8151565
"9218","1kmE3948N3151",4436.446458
"9219","1kmE3948N3152",2483.0582195
"9220","1kmE3948N3153",5036.1132855
"9221","1kmE3948N3154",8638.8362175
"9222","1kmE3948N3155",8412.0207295
"9223","1kmE3948N3156",5935.5232435
"9224","1kmE3948N3157",7746.527346
"9225","1kmE3948N3158",8749.7249365
"9226","1kmE3948N3159",8229.2389075
"9227","1kmE3949N3088",7025.8716445
"9228","1kmE3949N3089",8962.3275995
"9229","1kmE3949N3090",6918.808962
"9230","1kmE3949N3091",10017.6263335
"9231","1kmE3949N3092",11740.64715
"9232","1kmE3949N3093",10284.16365
"9233","1kmE3949N3094",8630.6245235
"9234","1kmE3949N3095",9824.397257
"9235","1kmE3949N3096",18260.9621835
"9236","1kmE3949N3097",19787.3340355
"9237","1kmE3949N3098",13979.125978
"9238","1kmE3949N3099",18505.6550695
"9239","1kmE3949N3100",20492.145544
"9240","1kmE3949N3101",18574.7848375
"9241","1kmE3949N3102",17960.5357295
"9242","1kmE3949N3103",16783.184989
"9243","1kmE3949N3104",17276.2818045
"9244","1kmE3949N3105",16366.894013
"9245","1kmE3949N3106",14266.663816
"9246","1kmE3949N3107",12883.9622725
"9247","1kmE3949N3108",15273.424311
"9248","1kmE3949N3109",11118.418738
"9249","1kmE3949N3110",8805.26221
"9250","1kmE3949N3111",10197.2348515
"9251","1kmE3949N3112",6872.0110965
"9252","1kmE3949N3113",7095.5101415
"9253","1kmE3949N3114",7600.29855
"9254","1kmE3949N3115",7232.682608
"9255","1kmE3949N3116",3490.015694
"9256","1kmE3949N3117",5416.7183295
"9257","1kmE3949N3118",5664.2574835
"9258","1kmE3949N3119",4554.8278725
"9259","1kmE3949N3120",3162.2971545
"9260","1kmE3949N3121",5895.4472485
"9261","1kmE3949N3122",6634.341481
"9262","1kmE3949N3123",3236.856351
"9263","1kmE3949N3124",8341.870943
"9264","1kmE3949N3125",13510.6658575
"9265","1kmE3949N3126",10072.8101855
"9266","1kmE3949N3127",7078.3841025
"9267","1kmE3949N3128",6903.031599
"9268","1kmE3949N3129",3683.6217415
"9269","1kmE3949N3130",7773.3071715
"9270","1kmE3949N3131",12901.4735725
"9271","1kmE3949N3132",12827.305926
"9272","1kmE3949N3133",12772.9622445
"9273","1kmE3949N3134",12016.914986
"9274","1kmE3949N3135",15108.6127335
"9275","1kmE3949N3136",15617.953385
"9276","1kmE3949N3137",7099.781201
"9277","1kmE3949N3138",11642.841943
"9278","1kmE3949N3139",16534.3609855
"9279","1kmE3949N3140",17526.875621
"9280","1kmE3949N3141",12538.823338
"9281","1kmE3949N3142",6068.842931
"9282","1kmE3949N3143",8349.0674155
"9283","1kmE3949N3144",9637.0159145
"9284","1kmE3949N3145",9175.7563495
"9285","1kmE3949N3146",1257.746946
"9286","1kmE3949N3147",5793.8653625
"9287","1kmE3949N3148",11797.662586
"9288","1kmE3949N3149",13673.7639775
"9289","1kmE3949N3150",12771.0441175
"9290","1kmE3949N3151",395.028405
"9291","1kmE3949N3152",563.707789
"9292","1kmE3949N3153",887.6991685
"9293","1kmE3949N3154",4239.0992065
"9294","1kmE3949N3155",9046.2989245
"9295","1kmE3949N3156",8214.8586945
"9296","1kmE3949N3157",5361.5603205
"9297","1kmE3949N3158",5226.864348
"9298","1kmE3949N3159",10348.7402935
"9299","1kmE3950N3089",4608.960042
"9300","1kmE3950N3090",8069.240825
"9301","1kmE3950N3091",10747.8007995
"9302","1kmE3950N3092",12433.811968
"9303","1kmE3950N3093",9530.303445
"9304","1kmE3950N3094",5910.2341595
"9305","1kmE3950N3095",13399.142576
"9306","1kmE3950N3096",18138.71442
"9307","1kmE3950N3097",16078.340681
"9308","1kmE3950N3098",14817.3449155
"9309","1kmE3950N3099",16108.0295965
"9310","1kmE3950N3100",20142.157044
"9311","1kmE3950N3101",17783.036365
"9312","1kmE3950N3102",17926.3076065
"9313","1kmE3950N3103",16611.9901405
"9314","1kmE3950N3104",14666.4985845
"9315","1kmE3950N3105",15475.238192
"9316","1kmE3950N3106",9965.406241
"9317","1kmE3950N3107",13904.712754
"9318","1kmE3950N3108",16308.3588205
"9319","1kmE3950N3109",13604.187912
"9320","1kmE3950N3110",10180.6258065
"9321","1kmE3950N3111",8049.3814185
"9322","1kmE3950N3112",7765.603625
"9323","1kmE3950N3113",8897.1938365
"9324","1kmE3950N3114",9494.7543365
"9325","1kmE3950N3115",6442.2112725
"9326","1kmE3950N3116",6405.3319385
"9327","1kmE3950N3117",6411.5935715
"9328","1kmE3950N3118",4430.495757
"9329","1kmE3950N3119",5990.8561835
"9330","1kmE3950N3120",3855.670092
"9331","1kmE3950N3121",11097.420854
"9332","1kmE3950N3122",12858.184658
"9333","1kmE3950N3123",7720.810858
"9334","1kmE3950N3124",6044.3553055
"9335","1kmE3950N3125",9623.625281
"9336","1kmE3950N3126",12042.8625405
"9337","1kmE3950N3127",10379.8755345
"9338","1kmE3950N3128",6627.400442
"9339","1kmE3950N3129",7945.4607425
"9340","1kmE3950N3130",6554.077129
"9341","1kmE3950N3131",10322.438171
"9342","1kmE3950N3132",12590.188907
"9343","1kmE3950N3133",7017.5924995
"9344","1kmE3950N3134",9740.535813
"9345","1kmE3950N3135",13489.0155615
"9346","1kmE3950N3136",12441.591753
"9347","1kmE3950N3137",10421.313289
"9348","1kmE3950N3138",11138.787994
"9349","1kmE3950N3139",13652.6127695
"9350","1kmE3950N3140",15524.080138
"9351","1kmE3950N3141",12186.955673
"9352","1kmE3950N3142",6249.1511895
"9353","1kmE3950N3143",7949.2532725
"9354","1kmE3950N3144",8994.098626
"9355","1kmE3950N3145",4797.182814
"9356","1kmE3950N3146",1113.1297295
"9357","1kmE3950N3147",2843.780296
"9358","1kmE3950N3148",3601.7875125
"9359","1kmE3950N3149",5707.824277
"9360","1kmE3950N3150",7696.2030515
"9361","1kmE3950N3151",4338.845072
"9362","1kmE3950N3152",6360.384318
"9363","1kmE3950N3153",6414.7696075
"9364","1kmE3950N3154",6341.958222
"9365","1kmE3950N3155",7501.506815
"9366","1kmE3950N3156",5719.759883
"9367","1kmE3950N3157",5107.8699145
"9368","1kmE3950N3158",2977.999184
"9369","1kmE3950N3159",6179.254251
"9370","1kmE3950N3160",7587.461027
"9371","1kmE3950N3161",12540.1372215
"9372","1kmE3951N3090",11804.611645
"9373","1kmE3951N3091",14209.4569145
"9374","1kmE3951N3092",15180.3696875
"9375","1kmE3951N3093",13824.79758
"9376","1kmE3951N3094",13187.803514
"9377","1kmE3951N3095",16988.2883005
"9378","1kmE3951N3096",15582.2084215
"9379","1kmE3951N3097",15334.368867
"9380","1kmE3951N3098",14923.732587
"9381","1kmE3951N3099",15159.803402
"9382","1kmE3951N3100",15499.646607
"9383","1kmE3951N3101",14379.8697925
"9384","1kmE3951N3102",18306.8963555
"9385","1kmE3951N3103",18925.2649135
"9386","1kmE3951N3104",18235.204547
"9387","1kmE3951N3105",15399.295874
"9388","1kmE3951N3106",11630.301049
"9389","1kmE3951N3107",11114.372171
"9390","1kmE3951N3108",16403.638163
"9391","1kmE3951N3109",14351.19431
"9392","1kmE3951N3110",10969.462775
"9393","1kmE3951N3111",9198.7616085
"9394","1kmE3951N3112",6572.7425705
"9395","1kmE3951N3113",10221.9432385
"9396","1kmE3951N3114",11552.3674935
"9397","1kmE3951N3115",6918.0952
"9398","1kmE3951N3116",6093.370498
"9399","1kmE3951N3117",6358.052488
"9400","1kmE3951N3118",2185.6151975
"9401","1kmE3951N3119",5544.1450405
"9402","1kmE3951N3120",6770.0296365
"9403","1kmE3951N3121",11625.4801285
"9404","1kmE3951N3122",13151.7136095
"9405","1kmE3951N3123",6212.987282
"9406","1kmE3951N3124",1603.8684775
"9407","1kmE3951N3125",8464.249148
"9408","1kmE3951N3126",11951.25932
"9409","1kmE3951N3127",7688.1636475
"9410","1kmE3951N3128",5500.5997305
"9411","1kmE3951N3129",5689.461221
"9412","1kmE3951N3130",7917.7633105
"9413","1kmE3951N3131",12857.116477
"9414","1kmE3951N3132",12225.9568915
"9415","1kmE3951N3133",8399.623317
"9416","1kmE3951N3134",7686.2226115
"9417","1kmE3951N3135",10399.785134
"9418","1kmE3951N3136",13689.623321
"9419","1kmE3951N3137",10738.253499
"9420","1kmE3951N3138",7939.649136
"9421","1kmE3951N3139",14103.0727345
"9422","1kmE3951N3140",14227.4173715
"9423","1kmE3951N3141",11309.196366
"9424","1kmE3951N3142",6298.864759
"9425","1kmE3951N3143",5086.6072795
"9426","1kmE3951N3144",6543.0569305
"9427","1kmE3951N3145",4786.6692605
"9428","1kmE3951N3146",6073.1716285
"9429","1kmE3951N3147",8063.91014
"9430","1kmE3951N3148",7898.8940295
"9431","1kmE3951N3149",6532.322232
"9432","1kmE3951N3150",8787.580277
"9433","1kmE3951N3151",8043.9465345
"9434","1kmE3951N3152",7430.1084235
"9435","1kmE3951N3153",3112.0014565
"9436","1kmE3951N3154",5006.410577
"9437","1kmE3951N3155",4156.9281595
"9438","1kmE3951N3156",3812.55323
"9439","1kmE3951N3157",2681.473025
"9440","1kmE3951N3158",3049.682341
"9441","1kmE3951N3159",3538.232964
"9442","1kmE3951N3160",5491.7774365
"9443","1kmE3951N3161",13040.0874755
"9444","1kmE3951N3162",13158.450276
"9445","1kmE3952N3089",5474.998053
"9446","1kmE3952N3090",11593.461806
"9447","1kmE3952N3091",13558.410061
"9448","1kmE3952N3092",13268.7091835
"9449","1kmE3952N3093",14493.8196125
"9450","1kmE3952N3094",15886.3501655
"9451","1kmE3952N3095",17292.3686335
"9452","1kmE3952N3096",12927.7193085
"9453","1kmE3952N3097",9614.507605
"9454","1kmE3952N3098",14296.87405
"9455","1kmE3952N3099",13449.614121
"9456","1kmE3952N3100",12820.1447085
"9457","1kmE3952N3101",13876.7881685
"9458","1kmE3952N3102",15716.7430785
"9459","1kmE3952N3103",19757.059553
"9460","1kmE3952N3104",20577.3139795
"9461","1kmE3952N3105",18394.6323715
"9462","1kmE3952N3106",14900.685221
"9463","1kmE3952N3107",9485.324757
"9464","1kmE3952N3108",16598.9333315
"9465","1kmE3952N3109",16222.783185
"9466","1kmE3952N3110",10533.4285015
"9467","1kmE3952N3111",5329.1523595
"9468","1kmE3952N3112",5920.7249725
"9469","1kmE3952N3113",7599.595853
"9470","1kmE3952N3114",9768.8677015
"9471","1kmE3952N3115",6728.847298
"9472","1kmE3952N3116",7311.66559
"9473","1kmE3952N3117",5131.514254
"9474","1kmE3952N3118",4803.181154
"9475","1kmE3952N3119",7314.3654785
"9476","1kmE3952N3120",9287.7487185
"9477","1kmE3952N3121",7927.5629875
"9478","1kmE3952N3122",9018.52336
"9479","1kmE3952N3123",3437.150441
"9480","1kmE3952N3124",4960.775629
"9481","1kmE3952N3125",8075.8954605
"9482","1kmE3952N3126",7757.6384175
"9483","1kmE3952N3127",9680.0466215
"9484","1kmE3952N3128",6721.8674995
"9485","1kmE3952N3129",6547.380693
"9486","1kmE3952N3130",6285.90482
"9487","1kmE3952N3131",14412.738427
"9488","1kmE3952N3132",15741.0547495
"9489","1kmE3952N3133",10049.5984575
"9490","1kmE3952N3134",4821.2229795
"9491","1kmE3952N3135",13296.46183
"9492","1kmE3952N3136",19061.537261
"9493","1kmE3952N3137",16095.0920575
"9494","1kmE3952N3138",9570.142725
"9495","1kmE3952N3139",11420.4978915
"9496","1kmE3952N3140",12036.8521735
"9497","1kmE3952N3141",10041.8008165
"9498","1kmE3952N3142",8342.4678675
"9499","1kmE3952N3143",4130.2336165
"9500","1kmE3952N3144",1709.3100055
"9501","1kmE3952N3145",5064.8841275
"9502","1kmE3952N3146",9541.295749
"9503","1kmE3952N3147",11398.885857
"9504","1kmE3952N3148",11886.793571
"9505","1kmE3952N3149",12687.8821795
"9506","1kmE3952N3150",11786.062397
"9507","1kmE3952N3151",6639.3698945
"9508","1kmE3952N3152",2494.946194
"9509","1kmE3952N3153",5110.8147445
"9510","1kmE3952N3154",5448.5742235
"9511","1kmE3952N3155",3431.587324
"9512","1kmE3952N3156",3898.886847
"9513","1kmE3952N3157",4023.141674
"9514","1kmE3952N3158",8377.864013
"9515","1kmE3952N3159",10378.629299
"9516","1kmE3952N3160",8554.828105
"9517","1kmE3952N3161",9420.007345
"9518","1kmE3952N3162",10565.6071245
"9519","1kmE3952N3163",9046.755844
"9520","1kmE3953N3089",7674.653817
"9521","1kmE3953N3090",7296.717435
"9522","1kmE3953N3091",7718.3232805
"9523","1kmE3953N3092",6279.452735
"9524","1kmE3953N3093",7830.516788
"9525","1kmE3953N3094",7926.7354335
"9526","1kmE3953N3095",17975.150967
"9527","1kmE3953N3096",14284.400736
"9528","1kmE3953N3097",10420.8485855
"9529","1kmE3953N3098",13341.741767
"9530","1kmE3953N3099",10035.4521925
"9531","1kmE3953N3100",9320.2084985
"9532","1kmE3953N3101",12362.0752435
"9533","1kmE3953N3102",12545.3696915
"9534","1kmE3953N3103",19418.8443915
"9535","1kmE3953N3104",21267.8547815
"9536","1kmE3953N3105",19510.2993995
"9537","1kmE3953N3106",16964.380374
"9538","1kmE3953N3107",10449.242033
"9539","1kmE3953N3108",16824.294853
"9540","1kmE3953N3109",15515.8475145
"9541","1kmE3953N3110",9921.713792
"9542","1kmE3953N3111",8237.5090635
"9543","1kmE3953N3112",9509.4532955
"9544","1kmE3953N3113",11847.4011465
"9545","1kmE3953N3114",12408.586857
"9546","1kmE3953N3115",7961.8031325
"9547","1kmE3953N3116",7556.538912
"9548","1kmE3953N3117",5406.4758845
"9549","1kmE3953N3118",4813.7417135
"9550","1kmE3953N3119",7430.843659
"9551","1kmE3953N3120",11738.3704905
"9552","1kmE3953N3121",12241.39292
"9553","1kmE3953N3122",8227.0188665
"9554","1kmE3953N3123",7777.170757
"9555","1kmE3953N3124",5617.256107
"9556","1kmE3953N3125",13357.5524475
"9557","1kmE3953N3126",13566.4529585
"9558","1kmE3953N3127",9720.305567
"9559","1kmE3953N3128",7518.450364
"9560","1kmE3953N3129",9301.536106
"9561","1kmE3953N3130",8402.6270875
"9562","1kmE3953N3131",14055.9393995
"9563","1kmE3953N3132",17400.1185515
"9564","1kmE3953N3133",12233.889508
"9565","1kmE3953N3134",7155.7074055
"9566","1kmE3953N3135",13498.2014745
"9567","1kmE3953N3136",17708.2165505
"9568","1kmE3953N3137",16797.20634
"9569","1kmE3953N3138",15128.9885735
"9570","1kmE3953N3139",12704.164955
"9571","1kmE3953N3140",11209.450665
"9572","1kmE3953N3141",11539.389169
"9573","1kmE3953N3142",8591.852461
"9574","1kmE3953N3143",10086.3127765
"9575","1kmE3953N3144",10582.093082
"9576","1kmE3953N3145",6572.933391
"9577","1kmE3953N3146",902.310223999999
"9578","1kmE3953N3147",9033.5808205
"9579","1kmE3953N3148",16168.6997235
"9580","1kmE3953N3149",15262.2789675
"9581","1kmE3953N3150",11853.360442
"9582","1kmE3953N3151",8107.8285725
"9583","1kmE3953N3152",7945.334015
"9584","1kmE3953N3153",7367.337846
"9585","1kmE3953N3154",3493.0930775
"9586","1kmE3953N3155",5449.0466295
"9587","1kmE3953N3156",5711.8258605
"9588","1kmE3953N3157",5335.9046975
"9589","1kmE3953N3158",12768.874472
"9590","1kmE3953N3159",12528.641024
"9591","1kmE3953N3160",9447.3788155
"9592","1kmE3953N3161",1790.251143
"9593","1kmE3953N3162",8843.3687255
"9594","1kmE3953N3163",11478.818482
"9595","1kmE3953N3164",8534.907833
"9596","1kmE3954N3088",5627.3864285
"9597","1kmE3954N3089",11556.6821575
"9598","1kmE3954N3090",9453.359999
"9599","1kmE3954N3091",9633.9300855
"9600","1kmE3954N3092",4729.7821585
"9601","1kmE3954N3093",12678.067931
"9602","1kmE3954N3094",15452.642601
"9603","1kmE3954N3095",18201.518104
"9604","1kmE3954N3096",17480.124086
"9605","1kmE3954N3097",15455.987099
"9606","1kmE3954N3098",11687.66219
"9607","1kmE3954N3099",9488.8979605
"9608","1kmE3954N3100",10949.8441485
"9609","1kmE3954N3101",11579.3532475
"9610","1kmE3954N3102",12654.5846375
"9611","1kmE3954N3103",17790.827856
"9612","1kmE3954N3104",18598.957264
"9613","1kmE3954N3105",19149.529649
"9614","1kmE3954N3106",15203.555485
"9615","1kmE3954N3107",13843.6174045
"9616","1kmE3954N3108",17692.4218
"9617","1kmE3954N3109",17952.685503
"9618","1kmE3954N3110",10984.6564145
"9619","1kmE3954N3111",5320.1831645
"9620","1kmE3954N3112",8781.7478625
"9621","1kmE3954N3113",8691.3092865
"9622","1kmE3954N3114",11119.114466
"9623","1kmE3954N3115",9273.6805625
"9624","1kmE3954N3116",4217.849122
"9625","1kmE3954N3117",3628.1746375
"9626","1kmE3954N3118",5332.8812765
"9627","1kmE3954N3119",10850.2219425
"9628","1kmE3954N3120",14835.665962
"9629","1kmE3954N3121",9411.518127
"9630","1kmE3954N3122",4152.77974
"9631","1kmE3954N3123",4223.641401
"9632","1kmE3954N3124",1555.918082
"9633","1kmE3954N3125",10793.708662
"9634","1kmE3954N3126",9494.8091775
"9635","1kmE3954N3127",3347.646611
"9636","1kmE3954N3128",7829.7296995
"9637","1kmE3954N3129",10295.706515
"9638","1kmE3954N3130",11224.6724855
"9639","1kmE3954N3131",12416.7069965
"9640","1kmE3954N3132",15916.683374
"9641","1kmE3954N3133",14491.66964
"9642","1kmE3954N3134",9788.812296
"9643","1kmE3954N3135",9942.5071555
"9644","1kmE3954N3136",13845.2579925
"9645","1kmE3954N3137",12933.2020225
"9646","1kmE3954N3138",13552.2037935
"9647","1kmE3954N3139",12625.577793
"9648","1kmE3954N3140",7983.814556
"9649","1kmE3954N3141",9608.419898
"9650","1kmE3954N3142",9335.829659
"9651","1kmE3954N3143",11166.528357
"9652","1kmE3954N3144",11031.047704
"9653","1kmE3954N3145",8146.8942895
"9654","1kmE3954N3146",2467.8573215
"9655","1kmE3954N3147",1628.429186
"9656","1kmE3954N3148",12783.5816925
"9657","1kmE3954N3149",9004.3311625
"9658","1kmE3954N3150",3046.5654035
"9659","1kmE3954N3151",1800.293401
"9660","1kmE3954N3152",4207.1435
"9661","1kmE3954N3153",5146.074207
"9662","1kmE3954N3154",1656.1544695
"9663","1kmE3954N3155",2717.194822
"9664","1kmE3954N3156",4106.5325805
"9665","1kmE3954N3157",2617.8508885
"9666","1kmE3954N3158",1857.381079
"9667","1kmE3954N3159",6184.2023325
"9668","1kmE3954N3160",6533.537204
"9669","1kmE3954N3161",2757.972515
"9670","1kmE3954N3162",2386.6108805
"9671","1kmE3954N3163",6587.628694
"9672","1kmE3954N3164",9698.0707175
"9673","1kmE3954N3165",7464.678553
"9674","1kmE3955N3086",2400.855685
"9675","1kmE3955N3087",7308.854677
"9676","1kmE3955N3088",6756.754802
"9677","1kmE3955N3089",10364.37067
"9678","1kmE3955N3090",8095.181352
"9679","1kmE3955N3091",12655.5245765
"9680","1kmE3955N3092",8401.634197
"9681","1kmE3955N3093",15885.108093
"9682","1kmE3955N3094",18701.9738235
"9683","1kmE3955N3095",17126.517313
"9684","1kmE3955N3096",14798.077557
"9685","1kmE3955N3097",12412.32482
"9686","1kmE3955N3098",7590.255045
"9687","1kmE3955N3099",7168.115937
"9688","1kmE3955N3100",7350.726892
"9689","1kmE3955N3101",9693.249691
"9690","1kmE3955N3102",9702.8082345
"9691","1kmE3955N3103",14543.672113
"9692","1kmE3955N3104",16025.51372
"9693","1kmE3955N3105",17834.080793
"9694","1kmE3955N3106",15069.2232195
"9695","1kmE3955N3107",13391.8706525
"9696","1kmE3955N3108",20507.824712
"9697","1kmE3955N3109",21479.178285
"9698","1kmE3955N3110",13367.4283075
"9699","1kmE3955N3111",9073.2335695
"9700","1kmE3955N3112",11141.0154925
"9701","1kmE3955N3113",14995.856653
"9702","1kmE3955N3114",12502.398839
"9703","1kmE3955N3115",10427.2464165
"9704","1kmE3955N3116",9036.978325
"9705","1kmE3955N3117",4399.170039
"9706","1kmE3955N3118",11614.73796
"9707","1kmE3955N3119",6273.4381615
"9708","1kmE3955N3120",3991.29934
"9709","1kmE3955N3121",5230.1248425
"9710","1kmE3955N3122",9505.6767555
"9711","1kmE3955N3123",8763.7895165
"9712","1kmE3955N3124",8367.753613
"9713","1kmE3955N3125",7357.5625285
"9714","1kmE3955N3126",2664.441978
"9715","1kmE3955N3127",5814.413877
"9716","1kmE3955N3128",5462.6118635
"9717","1kmE3955N3129",9945.569119
"9718","1kmE3955N3130",11403.628152
"9719","1kmE3955N3131",9699.502871
"9720","1kmE3955N3132",15835.6839295
"9721","1kmE3955N3133",18427.2979815
"9722","1kmE3955N3134",11545.6547255
"9723","1kmE3955N3135",2947.7228165
"9724","1kmE3955N3136",5411.9550815
"9725","1kmE3955N3137",7316.7904685
"9726","1kmE3955N3138",16493.1630215
"9727","1kmE3955N3139",17556.831744
"9728","1kmE3955N3140",13281.1013165
"9729","1kmE3955N3141",9583.2282655
"9730","1kmE3955N3142",10438.499375
"9731","1kmE3955N3143",10542.8796915
"9732","1kmE3955N3144",5741.3696265
"9733","1kmE3955N3145",6862.222541
"9734","1kmE3955N3146",5115.959654
"9735","1kmE3955N3147",729.364043
"9736","1kmE3955N3148",9829.845351
"9737","1kmE3955N3149",4246.41378
"9738","1kmE3955N3150",205.0163895
"9739","1kmE3955N3151",6510.6718215
"9740","1kmE3955N3152",2388.226919
"9741","1kmE3955N3153",1903.7709355
"9742","1kmE3955N3154",1419.9961665
"9743","1kmE3955N3155",4565.287987
"9744","1kmE3955N3156",5702.322443
"9745","1kmE3955N3157",2854.523097
"9746","1kmE3955N3158",771.398557499999
"9747","1kmE3955N3159",6433.452747
"9748","1kmE3955N3160",7276.1659515
"9749","1kmE3955N3161",7095.407615
"9750","1kmE3955N3162",2777.967541
"9751","1kmE3955N3163",9092.1595205
"9752","1kmE3955N3164",10886.414103
"9753","1kmE3955N3165",7074.969435
"9754","1kmE3955N3166",5280.464951
"9755","1kmE3956N3085",6365.786027
"9756","1kmE3956N3086",10614.116327
"9757","1kmE3956N3087",11841.833324
"9758","1kmE3956N3088",10122.177019
"9759","1kmE3956N3089",10433.7244395
"9760","1kmE3956N3090",5800.2439025
"9761","1kmE3956N3091",10910.3318465
"9762","1kmE3956N3092",14005.5336805
"9763","1kmE3956N3093",15343.157601
"9764","1kmE3956N3094",10990.621986
"9765","1kmE3956N3095",12987.9173075
"9766","1kmE3956N3096",14700.923225
"9767","1kmE3956N3097",12324.701926
"9768","1kmE3956N3098",9295.826017
"9769","1kmE3956N3099",9394.4374775
"9770","1kmE3956N3100",6524.5811035
"9771","1kmE3956N3101",9782.315959
"9772","1kmE3956N3102",7065.026448
"9773","1kmE3956N3103",13693.7002135
"9774","1kmE3956N3104",19002.9948085
"9775","1kmE3956N3105",17859.736511
"9776","1kmE3956N3106",16436.3892305
"9777","1kmE3956N3107",12806.105273
"9778","1kmE3956N3108",17962.483348
"9779","1kmE3956N3109",16443.2569995
"9780","1kmE3956N3110",12494.6526925
"9781","1kmE3956N3111",12267.6960095
"9782","1kmE3956N3112",10131.431816
"9783","1kmE3956N3113",9235.0936445
"9784","1kmE3956N3114",6667.4458075
"9785","1kmE3956N3115",7072.2255655
"9786","1kmE3956N3116",10012.434026
"9787","1kmE3956N3117",4726.721882
"9788","1kmE3956N3118",13085.017477
"9789","1kmE3956N3119",4853.995164
"9790","1kmE3956N3120",5283.382057
"9791","1kmE3956N3121",9330.7777875
"9792","1kmE3956N3122",7447.3872435
"9793","1kmE3956N3123",10945.7681995
"9794","1kmE3956N3124",10749.928739
"9795","1kmE3956N3125",8982.9211015
"9796","1kmE3956N3126",4387.2358095
"9797","1kmE3956N3127",3532.8440045
"9798","1kmE3956N3128",3179.638335
"9799","1kmE3956N3129",9807.1874785
"9800","1kmE3956N3130",10101.8995845
"9801","1kmE3956N3131",11254.898587
"9802","1kmE3956N3132",17490.092347
"9803","1kmE3956N3133",13405.733719
"9804","1kmE3956N3134",11712.3287215
"9805","1kmE3956N3135",3765.191677
"9806","1kmE3956N3136",5956.84545
"9807","1kmE3956N3137",10040.037773
"9808","1kmE3956N3138",12174.5057245
"9809","1kmE3956N3139",11894.099467
"9810","1kmE3956N3140",13024.1259975
"9811","1kmE3956N3141",11597.653624
"9812","1kmE3956N3142",9018.0285
"9813","1kmE3956N3143",8854.8445095
"9814","1kmE3956N3144",4033.824546
"9815","1kmE3956N3145",5217.4516495
"9816","1kmE3956N3146",7532.3967655
"9817","1kmE3956N3147",6313.6551345
"9818","1kmE3956N3148",11750.5258175
"9819","1kmE3956N3149",5320.1808785
"9820","1kmE3956N3150",1209.3088315
"9821","1kmE3956N3151",3514.1281155
"9822","1kmE3956N3152",9605.1342895
"9823","1kmE3956N3153",4918.227275
"9824","1kmE3956N3154",4605.476513
"9825","1kmE3956N3155",6005.521854
"9826","1kmE3956N3156",7170.6575915
"9827","1kmE3956N3157",4780.1657975
"9828","1kmE3956N3158",3841.725471
"9829","1kmE3956N3159",3039.5065005
"9830","1kmE3956N3160",4840.1768355
"9831","1kmE3956N3161",9896.1844345
"9832","1kmE3956N3162",6034.0453575
"9833","1kmE3956N3163",7568.523503
"9834","1kmE3956N3164",15895.1991365
"9835","1kmE3956N3165",12608.533671
"9836","1kmE3956N3166",8397.584989
"9837","1kmE3956N3167",11923.4292435
"9838","1kmE3957N3085",11463.7913035
"9839","1kmE3957N3086",11753.841443
"9840","1kmE3957N3087",13138.4985805
"9841","1kmE3957N3088",15985.1802855
"9842","1kmE3957N3089",13727.861352
"9843","1kmE3957N3090",12028.9585265
"9844","1kmE3957N3091",11514.03053
"9845","1kmE3957N3092",16672.4834715
"9846","1kmE3957N3093",17808.032113
"9847","1kmE3957N3094",16125.1299895
"9848","1kmE3957N3095",13112.707003
"9849","1kmE3957N3096",13240.433353
"9850","1kmE3957N3097",7699.5347635
"9851","1kmE3957N3098",12746.4473335
"9852","1kmE3957N3099",15902.0740085
"9853","1kmE3957N3100",12120.073366
"9854","1kmE3957N3101",8460.317935
"9855","1kmE3957N3102",7690.4555715
"9856","1kmE3957N3103",13328.6247685
"9857","1kmE3957N3104",19559.4478035
"9858","1kmE3957N3105",17235.194546
"9859","1kmE3957N3106",14633.573502
"9860","1kmE3957N3107",12872.4591605
"9861","1kmE3957N3108",16461.6854065
"9862","1kmE3957N3109",16906.984737
"9863","1kmE3957N3110",14927.5752495
"9864","1kmE3957N3111",13440.9922205
"9865","1kmE3957N3112",12399.123498
"9866","1kmE3957N3113",4459.0917505
"9867","1kmE3957N3114",5864.893991
"9868","1kmE3957N3115",8947.116878
"9869","1kmE3957N3116",7249.600135
"9870","1kmE3957N3117",6000.8931205
"9871","1kmE3957N3118",11073.326382
"9872","1kmE3957N3119",3714.2326695
"9873","1kmE3957N3120",5875.642719
"9874","1kmE3957N3121",4073.8981015
"9875","1kmE3957N3122",9656.8487165
"9876","1kmE3957N3123",9922.3874935
"9877","1kmE3957N3124",14316.17116
"9878","1kmE3957N3125",9961.3071565
"9879","1kmE3957N3126",4141.677432
"9880","1kmE3957N3127",2704.0103635
"9881","1kmE3957N3128",7750.3856165
"9882","1kmE3957N3129",10819.831083
"9883","1kmE3957N3130",10887.497372
"9884","1kmE3957N3131",12081.5202665
"9885","1kmE3957N3132",10306.449133
"9886","1kmE3957N3133",5992.3462705
"9887","1kmE3957N3134",12127.2265635
"9888","1kmE3957N3135",5041.600489
"9889","1kmE3957N3136",7826.7082375
"9890","1kmE3957N3137",15016.73848
"9891","1kmE3957N3138",17457.3467205
"9892","1kmE3957N3139",13628.5446365
"9893","1kmE3957N3140",8941.9595565
"9894","1kmE3957N3141",6605.251944
"9895","1kmE3957N3142",10318.538554
"9896","1kmE3957N3143",8262.2647505
"9897","1kmE3957N3144",3214.6785855
"9898","1kmE3957N3145",5775.6205595
"9899","1kmE3957N3146",6627.002047
"9900","1kmE3957N3147",12319.248899
"9901","1kmE3957N3148",11237.3522
"9902","1kmE3957N3149",3094.142219
"9903","1kmE3957N3150",1155.6958265
"9904","1kmE3957N3151",7476.694415
"9905","1kmE3957N3152",10626.6910245
"9906","1kmE3957N3153",9760.595601
"9907","1kmE3957N3154",5576.2835125
"9908","1kmE3957N3155",2796.505378
"9909","1kmE3957N3156",8144.693904
"9910","1kmE3957N3157",11763.051607
"9911","1kmE3957N3158",8419.4374135
"9912","1kmE3957N3159",11458.266837
"9913","1kmE3957N3160",11069.7281535
"9914","1kmE3957N3161",6335.7020385
"9915","1kmE3957N3162",4972.088507
"9916","1kmE3957N3163",4587.140454
"9917","1kmE3957N3164",13015.869879
"9918","1kmE3957N3165",17377.4091205
"9919","1kmE3957N3166",12599.8566705
"9920","1kmE3957N3167",10740.451001
"9921","1kmE3958N3085",15055.8679735
"9922","1kmE3958N3086",16859.7682995
"9923","1kmE3958N3087",7819.471711
"9924","1kmE3958N3088",14894.3136555
"9925","1kmE3958N3089",15606.5699805
"9926","1kmE3958N3090",12846.2213345
"9927","1kmE3958N3091",9793.674428
"9928","1kmE3958N3092",12631.9678195
"9929","1kmE3958N3093",18012.4403475
"9930","1kmE3958N3094",15934.6358665
"9931","1kmE3958N3095",12389.601743
"9932","1kmE3958N3096",7668.16337
"9933","1kmE3958N3097",13655.4386145
"9934","1kmE3958N3098",17123.601523
"9935","1kmE3958N3099",16679.5285555
"9936","1kmE3958N3100",15937.579837
"9937","1kmE3958N3101",12841.85455
"9938","1kmE3958N3102",16397.763165
"9939","1kmE3958N3103",16442.6123065
"9940","1kmE3958N3104",18022.5544295
"9941","1kmE3958N3105",16629.26843
"9942","1kmE3958N3106",13638.958499
"9943","1kmE3958N3107",9051.370774
"9944","1kmE3958N3108",10320.564504
"9945","1kmE3958N3109",12634.416114
"9946","1kmE3958N3110",13873.4227725
"9947","1kmE3958N3111",9615.7237895
"9948","1kmE3958N3112",6913.0098215
"9949","1kmE3958N3113",5782.269741
"9950","1kmE3958N3114",8050.9323435
"9951","1kmE3958N3115",9394.4213395
"9952","1kmE3958N3116",9621.8394095
"9953","1kmE3958N3117",9327.024122
"9954","1kmE3958N3118",7611.2918545
"9955","1kmE3958N3119",3204.631683
"9956","1kmE3958N3120",6818.1947145
"9957","1kmE3958N3121",4842.8910715
"9958","1kmE3958N3122",10988.177062
"9959","1kmE3958N3123",12781.483078
"9960","1kmE3958N3124",9804.656856
"9961","1kmE3958N3125",7323.1256645
"9962","1kmE3958N3126",7819.74059
"9963","1kmE3958N3127",7331.7052335
"9964","1kmE3958N3128",8766.1691735
"9965","1kmE3958N3129",6794.823603
"9966","1kmE3958N3130",8203.6539865
"9967","1kmE3958N3131",5417.0792235
"9968","1kmE3958N3132",9748.144736
"9969","1kmE3958N3133",3836.6717235
"9970","1kmE3958N3134",5982.625886
"9971","1kmE3958N3135",4770.1787195
"9972","1kmE3958N3136",5882.128005
"9973","1kmE3958N3137",9356.003647
"9974","1kmE3958N3138",12951.543647
"9975","1kmE3958N3139",17963.9555825
"9976","1kmE3958N3140",13729.0818965
"9977","1kmE3958N3141",14239.754245
"9978","1kmE3958N3142",14655.401838
"9979","1kmE3958N3143",13097.216727
"9980","1kmE3958N3144",7721.9753915
"9981","1kmE3958N3145",8586.5109585
"9982","1kmE3958N3146",8811.8978665
"9983","1kmE3958N3147",8211.771458
"9984","1kmE3958N3148",14999.1570085
"9985","1kmE3958N3149",7076.805186
"9986","1kmE3958N3150",1646.0250505
"9987","1kmE3958N3151",6918.514021
"9988","1kmE3958N3152",10789.09758
"9989","1kmE3958N3153",13165.8225075
"9990","1kmE3958N3154",9733.1469065
"9991","1kmE3958N3155",13462.4833155
"9992","1kmE3958N3156",9703.6340395
"9993","1kmE3958N3157",11079.8452215
"9994","1kmE3958N3159",13235.9668985
"9995","1kmE3958N3160",8167.0063645
"9996","1kmE3958N3161",6199.8886445
"9997","1kmE3958N3162",7382.2218285
"9998","1kmE3958N3163",3896.217339
"9999","1kmE3958N3164",8900.7900465
"10000","1kmE3958N3165",16032.7580655
"10001","1kmE3958N3166",14525.058578
"10002","1kmE3958N3167",12956.2275745
"10003","1kmE3959N3085",14038.275422
"10004","1kmE3959N3086",14522.573146
"10005","1kmE3959N3087",10397.8782625
"10006","1kmE3959N3088",10117.01319
"10007","1kmE3959N3089",15506.245127
"10008","1kmE3959N3090",8965.8155055
"10009","1kmE3959N3091",8016.7940785
"10010","1kmE3959N3092",8069.7335785
"10011","1kmE3959N3093",12928.4905455
"10012","1kmE3959N3094",11906.751662
"10013","1kmE3959N3095",12979.876086
"10014","1kmE3959N3096",9871.8656845
"10015","1kmE3959N3097",10981.5931715
"10016","1kmE3959N3098",9811.708304
"10017","1kmE3959N3099",14383.191821
"10018","1kmE3959N3100",17435.835037
"10019","1kmE3959N3101",16907.5681505
"10020","1kmE3959N3102",18875.19554
"10021","1kmE3959N3103",20644.391161
"10022","1kmE3959N3104",15438.1543715
"10023","1kmE3959N3105",15500.2225745
"10024","1kmE3959N3106",13562.5648975
"10025","1kmE3959N3107",5840.656297
"10026","1kmE3959N3108",9443.585678
"10027","1kmE3959N3109",17621.1432325
"10028","1kmE3959N3110",14183.1359735
"10029","1kmE3959N3111",9079.138212
"10030","1kmE3959N3112",10751.9938765
"10031","1kmE3959N3113",14002.084608
"10032","1kmE3959N3114",9424.9794095
"10033","1kmE3959N3115",7429.5640375
"10034","1kmE3959N3116",11730.2024725
"10035","1kmE3959N3117",16236.183244
"10036","1kmE3959N3118",15546.7505045
"10037","1kmE3959N3119",10192.635749
"10038","1kmE3959N3120",8068.787644
"10039","1kmE3959N3121",7684.0374145
"10040","1kmE3959N3122",4320.0829595
"10041","1kmE3959N3123",10639.2310355
"10042","1kmE3959N3124",7244.1016765
"10043","1kmE3959N3125",5325.541463
"10044","1kmE3959N3126",8553.276206
"10045","1kmE3959N3127",8983.5592845
"10046","1kmE3959N3128",7504.030758
"10047","1kmE3959N3129",7502.380461
"10048","1kmE3959N3130",6219.0295075
"10049","1kmE3959N3131",9245.219459
"10050","1kmE3959N3132",14043.6163405
"10051","1kmE3959N3133",2465.542363
"10052","1kmE3959N3134",5643.9567195
"10053","1kmE3959N3135",11879.133325
"10054","1kmE3959N3136",8474.6022445
"10055","1kmE3959N3137",2857.521627
"10056","1kmE3959N3138",6468.129181
"10057","1kmE3959N3139",11801.4641375
"10058","1kmE3959N3140",12671.0802455
"10059","1kmE3959N3141",16786.861211
"10060","1kmE3959N3142",15154.195547
"10061","1kmE3959N3143",17042.771298
"10062","1kmE3959N3144",11677.9772085
"10063","1kmE3959N3145",6552.786199
"10064","1kmE3959N3146",10085.9040145
"10065","1kmE3959N3147",6242.7287915
"10066","1kmE3959N3148",12406.4231685
"10067","1kmE3959N3149",9628.7354335
"10068","1kmE3959N3150",4884.9848645
"10069","1kmE3959N3151",7295.3397825
"10070","1kmE3959N3152",7599.379267
"10071","1kmE3959N3153",13149.683156
"10072","1kmE3959N3154",10889.2365735
"10073","1kmE3959N3155",14785.9560425
"10074","1kmE3959N3156",11232.604668
"10075","1kmE3959N3157",6342.976231
"10076","1kmE3959N3159",8320.3458715
"10077","1kmE3959N3160",9516.0294695
"10078","1kmE3959N3161",3519.357888
"10079","1kmE3959N3162",3926.6117715
"10080","1kmE3959N3163",2424.4386035
"10081","1kmE3959N3164",3182.548862
"10082","1kmE3959N3165",9398.0590675
"10083","1kmE3959N3166",13091.4649455
"10084","1kmE3959N3167",14562.942574
"10085","1kmE3960N3084",8084.637814
"10086","1kmE3960N3085",11908.0004755
"10087","1kmE3960N3086",12600.4013255
"10088","1kmE3960N3087",8572.0680305
"10089","1kmE3960N3088",11575.240389
"10090","1kmE3960N3089",14778.134449
"10091","1kmE3960N3090",9349.8066645
"10092","1kmE3960N3091",11577.979606
"10093","1kmE3960N3092",10674.57282
"10094","1kmE3960N3093",12373.4275015
"10095","1kmE3960N3094",14936.1467215
"10096","1kmE3960N3095",14636.0150965
"10097","1kmE3960N3096",13558.518757
"10098","1kmE3960N3097",15701.835754
"10099","1kmE3960N3098",9233.518891
"10100","1kmE3960N3099",10275.50469
"10101","1kmE3960N3100",12719.4847885
"10102","1kmE3960N3101",14021.6975555
"10103","1kmE3960N3102",17250.872171
"10104","1kmE3960N3103",20129.8487345
"10105","1kmE3960N3104",19923.5583
"10106","1kmE3960N3105",16095.101684
"10107","1kmE3960N3106",13130.501783
"10108","1kmE3960N3107",8650.090907
"10109","1kmE3960N3108",13202.4169105
"10110","1kmE3960N3109",16931.682824
"10111","1kmE3960N3110",14805.455424
"10112","1kmE3960N3111",12170.4101
"10113","1kmE3960N3112",12275.789227
"10114","1kmE3960N3113",17183.186649
"10115","1kmE3960N3114",16102.65144
"10116","1kmE3960N3115",10048.186094
"10117","1kmE3960N3116",11569.398187
"10118","1kmE3960N3117",18675.5061875
"10119","1kmE3960N3118",16678.275966
"10120","1kmE3960N3119",15236.7211
"10121","1kmE3960N3120",9524.0361475
"10122","1kmE3960N3121",6945.2215345
"10123","1kmE3960N3122",5799.6446925
"10124","1kmE3960N3123",4735.5559755
"10125","1kmE3960N3124",7982.082173
"10126","1kmE3960N3125",8551.8476415
"10127","1kmE3960N3126",8830.5921965
"10128","1kmE3960N3127",9521.53938
"10129","1kmE3960N3128",10764.897758
"10130","1kmE3960N3129",6496.213877
"10131","1kmE3960N3130",9187.694192
"10132","1kmE3960N3131",11871.2490335
"10133","1kmE3960N3132",12800.282925
"10134","1kmE3960N3133",1804.525033
"10135","1kmE3960N3134",10071.113269
"10136","1kmE3960N3135",12648.250471
"10137","1kmE3960N3136",4774.688602
"10138","1kmE3960N3137",4996.7417835
"10139","1kmE3960N3138",9045.9527205
"10140","1kmE3960N3139",4653.81851
"10141","1kmE3960N3140",10011.4134595
"10142","1kmE3960N3141",15305.058936
"10143","1kmE3960N3142",14444.582898
"10144","1kmE3960N3143",15176.41422
"10145","1kmE3960N3144",12655.9598165
"10146","1kmE3960N3145",5568.1721185
"10147","1kmE3960N3146",6721.028561
"10148","1kmE3960N3147",4500.693022
"10149","1kmE3960N3148",6203.6937905
"10150","1kmE3960N3149",7078.291603
"10151","1kmE3960N3150",7637.694081
"10152","1kmE3960N3151",8071.667084
"10153","1kmE3960N3152",11143.101426
"10154","1kmE3960N3153",12152.910622
"10155","1kmE3960N3154",11248.780705
"10156","1kmE3960N3155",6581.1980405
"10157","1kmE3960N3156",7706.8351415
"10158","1kmE3960N3157",12916.3728535
"10159","1kmE3960N3158",15201.770674
"10160","1kmE3960N3159",13154.4168825
"10161","1kmE3960N3160",11775.493389
"10162","1kmE3960N3161",4272.291435
"10163","1kmE3960N3162",4899.1712345
"10164","1kmE3960N3163",9879.592161
"10165","1kmE3960N3164",4933.2421595
"10166","1kmE3960N3165",11249.593777
"10167","1kmE3960N3166",15119.09466
"10168","1kmE3960N3167",16970.453503
"10169","1kmE3961N3083",1514.8920475
"10170","1kmE3961N3084",4518.3916845
"10171","1kmE3961N3085",8892.918261
"10172","1kmE3961N3086",12707.8978225
"10173","1kmE3961N3087",10197.4740995
"10174","1kmE3961N3088",13168.7910595
"10175","1kmE3961N3089",14451.44909
"10176","1kmE3961N3090",13706.54752
"10177","1kmE3961N3091",14231.808094
"10178","1kmE3961N3092",11927.2948085
"10179","1kmE3961N3093",11945.889387
"10180","1kmE3961N3094",13763.197631
"10181","1kmE3961N3095",13069.830915
"10182","1kmE3961N3096",14033.564924
"10183","1kmE3961N3097",14137.766396
"10184","1kmE3961N3098",11976.4217475
"10185","1kmE3961N3099",11731.797532
"10186","1kmE3961N3100",8375.256299
"10187","1kmE3961N3101",10174.750361
"10188","1kmE3961N3102",16231.7881495
"10189","1kmE3961N3103",18838.076444
"10190","1kmE3961N3104",19483.4089515
"10191","1kmE3961N3105",17517.942966
"10192","1kmE3961N3106",14896.834178
"10193","1kmE3961N3107",9366.4356625
"10194","1kmE3961N3108",9999.7368495
"10195","1kmE3961N3109",14985.39213
"10196","1kmE3961N3110",19226.2827615
"10197","1kmE3961N3111",14528.625228
"10198","1kmE3961N3112",6351.6964505
"10199","1kmE3961N3113",12870.4607325
"10200","1kmE3961N3114",14913.871605
"10201","1kmE3961N3115",12670.13278
"10202","1kmE3961N3116",11401.551037
"10203","1kmE3961N3117",14199.32124
"10204","1kmE3961N3118",16485.104162
"10205","1kmE3961N3119",15286.275773
"10206","1kmE3961N3120",13227.3564465
"10207","1kmE3961N3121",6333.3952365
"10208","1kmE3961N3122",9037.64856
"10209","1kmE3961N3123",9342.2273565
"10210","1kmE3961N3124",8538.4726265
"10211","1kmE3961N3125",4578.285722
"10212","1kmE3961N3126",9714.7737255
"10213","1kmE3961N3127",9925.9954895
"10214","1kmE3961N3128",8333.821074
"10215","1kmE3961N3129",6154.8096855
"10216","1kmE3961N3130",8443.2710305
"10217","1kmE3961N3131",16240.73133
"10218","1kmE3961N3132",17247.794845
"10219","1kmE3961N3133",8254.804378
"10220","1kmE3961N3134",9121.875383
"10221","1kmE3961N3135",10793.9491485
"10222","1kmE3961N3136",11234.6437015
"10223","1kmE3961N3137",3684.7985565
"10224","1kmE3961N3138",8816.131254
"10225","1kmE3961N3139",8900.6799395
"10226","1kmE3961N3140",9222.4165415
"10227","1kmE3961N3141",12537.2646895
"10228","1kmE3961N3142",9013.5645825
"10229","1kmE3961N3143",8677.98166
"10230","1kmE3961N3144",9234.211511
"10231","1kmE3961N3145",6500.4664345
"10232","1kmE3961N3146",9496.4546185
"10233","1kmE3961N3147",8533.189937
"10234","1kmE3961N3148",9870.064644
"10235","1kmE3961N3149",9155.512892
"10236","1kmE3961N3150",9270.57148
"10237","1kmE3961N3151",4546.7495205
"10238","1kmE3961N3152",8131.6495815
"10239","1kmE3961N3153",13084.7017185
"10240","1kmE3961N3154",12938.7132525
"10241","1kmE3961N3155",2353.5206525
"10242","1kmE3961N3156",7828.8718505
"10243","1kmE3961N3157",15244.177578
"10244","1kmE3961N3158",15849.2687575
"10245","1kmE3961N3159",13184.4781245
"10246","1kmE3961N3160",2621.494687
"10247","1kmE3961N3161",3212.749635
"10248","1kmE3961N3162",4174.2563995
"10249","1kmE3961N3163",6054.6570165
"10250","1kmE3961N3164",7606.415504
"10251","1kmE3961N3165",10912.5030455
"10252","1kmE3961N3166",13942.913778
"10253","1kmE3962N3082",5451.5660915
"10254","1kmE3962N3083",6226.717936
"10255","1kmE3962N3084",8247.686213
"10256","1kmE3962N3085",12037.6523865
"10257","1kmE3962N3086",14757.5598705
"10258","1kmE3962N3087",13577.731144
"10259","1kmE3962N3088",11253.5611315
"10260","1kmE3962N3089",16681.0625435
"10261","1kmE3962N3090",18312.431924
"10262","1kmE3962N3091",15129.474477
"10263","1kmE3962N3092",11397.16254
"10264","1kmE3962N3093",11215.88264
"10265","1kmE3962N3094",13330.4164325
"10266","1kmE3962N3095",13461.513813
"10267","1kmE3962N3096",12805.1069595
"10268","1kmE3962N3097",13559.1863005
"10269","1kmE3962N3098",13206.933748
"10270","1kmE3962N3099",11685.0726025
"10271","1kmE3962N3100",9302.9445765
"10272","1kmE3962N3101",9903.852951
"10273","1kmE3962N3102",12894.836883
"10274","1kmE3962N3103",18026.173459
"10275","1kmE3962N3104",18769.5890075
"10276","1kmE3962N3105",16892.253866
"10277","1kmE3962N3106",15839.322712
"10278","1kmE3962N3107",11208.307109
"10279","1kmE3962N3108",11510.0483975
"10280","1kmE3962N3109",15562.6789275
"10281","1kmE3962N3110",16201.4447165
"10282","1kmE3962N3111",13339.636522
"10283","1kmE3962N3112",8733.087876
"10284","1kmE3962N3113",9623.2956465
"10285","1kmE3962N3114",10025.6011855
"10286","1kmE3962N3115",7372.542641
"10287","1kmE3962N3116",4341.532352
"10288","1kmE3962N3117",10783.8537665
"10289","1kmE3962N3118",14272.7201265
"10290","1kmE3962N3119",18287.2033365
"10291","1kmE3962N3120",17661.2205465
"10292","1kmE3962N3121",10822.414777
"10293","1kmE3962N3122",10162.129638
"10294","1kmE3962N3123",9821.7665075
"10295","1kmE3962N3124",8990.556678
"10296","1kmE3962N3125",1608.919282
"10297","1kmE3962N3126",8582.9481255
"10298","1kmE3962N3127",11075.3403015
"10299","1kmE3962N3128",7678.588077
"10300","1kmE3962N3129",7392.9058
"10301","1kmE3962N3130",7875.406044
"10302","1kmE3962N3131",16404.1566225
"10303","1kmE3962N3132",16416.609732
"10304","1kmE3962N3133",12592.0079005
"10305","1kmE3962N3134",11610.3575585
"10306","1kmE3962N3135",12305.9089895
"10307","1kmE3962N3136",7765.4119925
"10308","1kmE3962N3137",4166.2800925
"10309","1kmE3962N3138",6391.222043
"10310","1kmE3962N3139",9691.0605145
"10311","1kmE3962N3140",10911.2421145
"10312","1kmE3962N3141",13346.564185
"10313","1kmE3962N3142",11246.711488
"10314","1kmE3962N3143",9400.949102
"10315","1kmE3962N3144",8103.45804
"10316","1kmE3962N3145",6778.7720745
"10317","1kmE3962N3146",8055.824256
"10318","1kmE3962N3147",10961.7199245
"10319","1kmE3962N3148",13531.8539545
"10320","1kmE3962N3149",4033.844343
"10321","1kmE3962N3150",2730.554288
"10322","1kmE3962N3151",1401.941281
"10323","1kmE3962N3152",5861.7768545
"10324","1kmE3962N3153",10202.411025
"10325","1kmE3962N3154",10334.950805
"10326","1kmE3962N3155",6481.8406615
"10327","1kmE3962N3156",13198.8603525
"10328","1kmE3962N3157",16213.8558545
"10329","1kmE3962N3158",11317.6608405
"10330","1kmE3962N3161",7696.1953315
"10331","1kmE3962N3162",8186.806973
"10332","1kmE3962N3163",7567.7505295
"10333","1kmE3962N3164",6382.46259
"10334","1kmE3962N3165",8129.836349
"10335","1kmE3963N3082",8135.6697445
"10336","1kmE3963N3083",8987.5601205
"10337","1kmE3963N3084",8891.679047
"10338","1kmE3963N3085",10413.9714115
"10339","1kmE3963N3086",8630.9043845
"10340","1kmE3963N3087",11780.450506
"10341","1kmE3963N3088",9958.027383
"10342","1kmE3963N3089",15589.053516
"10343","1kmE3963N3090",17191.6372905
"10344","1kmE3963N3091",13027.102399
"10345","1kmE3963N3092",12826.0167575
"10346","1kmE3963N3093",14156.574369
"10347","1kmE3963N3094",13264.90435
"10348","1kmE3963N3095",14329.8742505
"10349","1kmE3963N3096",11779.536548
"10350","1kmE3963N3097",13748.8106265
"10351","1kmE3963N3098",14477.75494
"10352","1kmE3963N3099",11314.1153755
"10353","1kmE3963N3100",9800.512523
"10354","1kmE3963N3101",9668.688914
"10355","1kmE3963N3102",10317.7969395
"10356","1kmE3963N3103",17844.8217025
"10357","1kmE3963N3104",16694.434474
"10358","1kmE3963N3105",14216.2727095
"10359","1kmE3963N3106",14803.945463
"10360","1kmE3963N3107",14747.089203
"10361","1kmE3963N3108",10667.890544
"10362","1kmE3963N3109",13113.8241355
"10363","1kmE3963N3110",17296.8353155
"10364","1kmE3963N3111",18367.2908555
"10365","1kmE3963N3112",15406.0087815
"10366","1kmE3963N3113",11548.0895775
"10367","1kmE3963N3114",11233.8383065
"10368","1kmE3963N3115",8339.141311
"10369","1kmE3963N3116",5744.711501
"10370","1kmE3963N3117",8485.2461345
"10371","1kmE3963N3118",10562.527035
"10372","1kmE3963N3119",16971.521529
"10373","1kmE3963N3120",16030.3045395
"10374","1kmE3963N3121",10984.291096
"10375","1kmE3963N3122",11674.0340345
"10376","1kmE3963N3123",11133.9694415
"10377","1kmE3963N3124",9716.833898
"10378","1kmE3963N3125",7350.206332
"10379","1kmE3963N3126",9132.625946
"10380","1kmE3963N3127",10821.889029
"10381","1kmE3963N3128",10571.723498
"10382","1kmE3963N3129",4888.301612
"10383","1kmE3963N3130",3368.6704125
"10384","1kmE3963N3131",8743.084881
"10385","1kmE3963N3132",14529.4724065
"10386","1kmE3963N3133",13149.5094215
"10387","1kmE3963N3134",7136.7370495
"10388","1kmE3963N3135",6842.718954
"10389","1kmE3963N3136",7491.4020625
"10390","1kmE3963N3137",9231.6444335
"10391","1kmE3963N3138",7355.6379645
"10392","1kmE3963N3139",7910.857899
"10393","1kmE3963N3140",8971.21079
"10394","1kmE3963N3141",10365.966767
"10395","1kmE3963N3142",12941.065869
"10396","1kmE3963N3143",12711.776822
"10397","1kmE3963N3144",11745.269507
"10398","1kmE3963N3145",8454.044231
"10399","1kmE3963N3146",9909.126157
"10400","1kmE3963N3147",11267.811547
"10401","1kmE3963N3148",10775.5381615
"10402","1kmE3963N3149",6542.6452545
"10403","1kmE3963N3150",1890.9641925
"10404","1kmE3963N3151",3951.01503
"10405","1kmE3963N3152",10999.365647
"10406","1kmE3963N3153",11568.8167745
"10407","1kmE3963N3154",4103.2270555
"10408","1kmE3963N3155",7896.3674425
"10409","1kmE3963N3156",12988.464546
"10410","1kmE3963N3157",14297.5830495
"10411","1kmE3963N3164",5957.0415295
"10412","1kmE3964N3082",2544.052415
"10413","1kmE3964N3083",7738.621695
"10414","1kmE3964N3084",8973.3190225
"10415","1kmE3964N3085",8037.998774
"10416","1kmE3964N3086",8286.075364
"10417","1kmE3964N3087",8087.6099455
"10418","1kmE3964N3088",6502.4208855
"10419","1kmE3964N3089",11033.5775175
"10420","1kmE3964N3090",8537.0668405
"10421","1kmE3964N3091",5675.3476245
"10422","1kmE3964N3092",6064.4382475
"10423","1kmE3964N3093",9126.8380505
"10424","1kmE3964N3094",11761.182298
"10425","1kmE3964N3095",11493.8676815
"10426","1kmE3964N3096",7961.714076
"10427","1kmE3964N3097",10108.521777
"10428","1kmE3964N3098",11137.6171585
"10429","1kmE3964N3099",9671.783824
"10430","1kmE3964N3100",8200.6207405
"10431","1kmE3964N3101",9196.3748755
"10432","1kmE3964N3102",9691.152236
"10433","1kmE3964N3103",15036.145604
"10434","1kmE3964N3104",14690.4418385
"10435","1kmE3964N3105",14701.7378865
"10436","1kmE3964N3106",11672.027947
"10437","1kmE3964N3107",13347.790994
"10438","1kmE3964N3108",10945.40827
"10439","1kmE3964N3109",8922.7294315
"10440","1kmE3964N3110",14481.75031
"10441","1kmE3964N3111",16581.3614865
"10442","1kmE3964N3112",15077.160979
"10443","1kmE3964N3113",10069.995205
"10444","1kmE3964N3114",7605.5885355
"10445","1kmE3964N3115",5623.870759
"10446","1kmE3964N3116",5714.478791
"10447","1kmE3964N3117",8068.239822
"10448","1kmE3964N3118",8191.5613735
"10449","1kmE3964N3119",15180.437147
"10450","1kmE3964N3120",16848.406254
"10451","1kmE3964N3121",12115.546045
"10452","1kmE3964N3122",12522.224849
"10453","1kmE3964N3123",12248.301402
"10454","1kmE3964N3124",7038.028285
"10455","1kmE3964N3125",6060.519898
"10456","1kmE3964N3126",8504.052265
"10457","1kmE3964N3127",8839.079778
"10458","1kmE3964N3128",6752.2544035
"10459","1kmE3964N3129",4571.4145705
"10460","1kmE3964N3130",4019.731054
"10461","1kmE3964N3131",5151.163253
"10462","1kmE3964N3132",12055.6562495
"10463","1kmE3964N3133",14271.941844
"10464","1kmE3964N3134",9596.91427
"10465","1kmE3964N3135",5915.853071
"10466","1kmE3964N3136",6566.33484
"10467","1kmE3964N3137",8818.971793
"10468","1kmE3964N3138",5201.5334965
"10469","1kmE3964N3139",2983.604885
"10470","1kmE3964N3140",5835.173487
"10471","1kmE3964N3141",8579.8226445
"10472","1kmE3964N3142",15083.966221
"10473","1kmE3964N3143",15827.026761
"10474","1kmE3964N3144",10922.5880535
"10475","1kmE3964N3145",10437.8859885
"10476","1kmE3964N3146",11402.001052
"10477","1kmE3964N3147",10137.398825
"10478","1kmE3964N3148",11099.141304
"10479","1kmE3964N3149",6693.688744
"10480","1kmE3964N3150",6298.58465
"10481","1kmE3964N3151",4894.1505635
"10482","1kmE3964N3152",9854.9897345
"10483","1kmE3964N3153",12626.6977095
"10484","1kmE3964N3154",5383.70209
"10485","1kmE3964N3155",4061.2093355
"10486","1kmE3964N3156",12301.266319
"10487","1kmE3964N3157",13463.222128
"10488","1kmE3965N3083",3831.519843
"10489","1kmE3965N3084",8235.055958
"10490","1kmE3965N3085",6577.3164335
"10491","1kmE3965N3086",5563.5850005
"10492","1kmE3965N3087",5955.653786
"10493","1kmE3965N3088",6234.046656
"10494","1kmE3965N3089",11407.818534
"10495","1kmE3965N3090",8672.645715
"10496","1kmE3965N3091",3368.360746
"10497","1kmE3965N3092",6929.018452
"10498","1kmE3965N3093",10447.0647575
"10499","1kmE3965N3094",9431.015519
"10500","1kmE3965N3095",7578.4549495
"10501","1kmE3965N3096",8427.680572
"10502","1kmE3965N3097",8606.4847915
"10503","1kmE3965N3098",12418.437667
"10504","1kmE3965N3099",8759.7892
"10505","1kmE3965N3100",5201.8629575
"10506","1kmE3965N3101",9217.41473
"10507","1kmE3965N3102",9709.3176415
"10508","1kmE3965N3103",10974.4320235
"10509","1kmE3965N3104",15540.5473445
"10510","1kmE3965N3105",15692.7104785
"10511","1kmE3965N3106",9417.3269425
"10512","1kmE3965N3107",5636.2525575
"10513","1kmE3965N3108",5354.862996
"10514","1kmE3965N3109",5508.8492845
"10515","1kmE3965N3110",14175.2106205
"10516","1kmE3965N3111",17407.6819115
"10517","1kmE3965N3112",13693.9061105
"10518","1kmE3965N3113",9664.869845
"10519","1kmE3965N3114",6946.932245
"10520","1kmE3965N3115",5931.0600325
"10521","1kmE3965N3116",9242.335089
"10522","1kmE3965N3117",8582.5642635
"10523","1kmE3965N3118",8402.4141085
"10524","1kmE3965N3119",15090.5884865
"10525","1kmE3965N3120",15577.8137425
"10526","1kmE3965N3121",12791.8791475
"10527","1kmE3965N3122",9708.062305
"10528","1kmE3965N3123",8059.810222
"10529","1kmE3965N3124",6747.589094
"10530","1kmE3965N3125",4808.3485425
"10531","1kmE3965N3126",7599.0116735
"10532","1kmE3965N3127",7486.417335
"10533","1kmE3965N3128",5541.039718
"10534","1kmE3965N3129",652.8943005
"10535","1kmE3965N3130",5605.53425
"10536","1kmE3965N3131",11079.1284015
"10537","1kmE3965N3132",9084.1110945
"10538","1kmE3965N3133",5484.872106
"10539","1kmE3965N3134",9239.259375
"10540","1kmE3965N3135",11269.194587
"10541","1kmE3965N3136",8122.816546
"10542","1kmE3965N3137",5220.6963135
"10543","1kmE3965N3138",5708.4702385
"10544","1kmE3965N3139",7527.861564
"10545","1kmE3965N3140",10900.253371
"10546","1kmE3965N3141",11548.258583
"10547","1kmE3965N3142",14246.1278945
"10548","1kmE3965N3143",15519.5350735
"10549","1kmE3965N3144",12131.847923
"10550","1kmE3965N3145",9993.1743885
"10551","1kmE3965N3146",10287.730953
"10552","1kmE3965N3147",11406.083408
"10553","1kmE3965N3148",8665.436586
"10554","1kmE3965N3149",6294.57623
"10555","1kmE3965N3150",6080.269571
"10556","1kmE3965N3151",3346.075497
"10557","1kmE3965N3152",5462.792896
"10558","1kmE3965N3153",7548.1471555
"10559","1kmE3965N3154",10690.728721
"10560","1kmE3965N3155",10603.2945055
"10561","1kmE3965N3156",13532.1396395
"10562","1kmE3965N3157",13134.1277265
"10563","1kmE3965N3158",8753.9075885
"10564","1kmE3966N3084",3524.4759845
"10565","1kmE3966N3085",7980.3810125
"10566","1kmE3966N3086",8551.673908
"10567","1kmE3966N3087",6274.6002975
"10568","1kmE3966N3088",8232.860419
"10569","1kmE3966N3089",14271.7854975
"10570","1kmE3966N3090",12085.7194935
"10571","1kmE3966N3091",6866.4093615
"10572","1kmE3966N3092",7286.0185225
"10573","1kmE3966N3093",8928.833926
"10574","1kmE3966N3094",7920.233503
"10575","1kmE3966N3095",11419.490881
"10576","1kmE3966N3096",11994.867725
"10577","1kmE3966N3097",6511.462779
"10578","1kmE3966N3098",7817.157006
"10579","1kmE3966N3099",6370.847247
"10580","1kmE3966N3100",10260.080092
"10581","1kmE3966N3101",9644.7457045
"10582","1kmE3966N3102",9577.0650985
"10583","1kmE3966N3103",8177.8812475
"10584","1kmE3966N3104",14444.8651445
"10585","1kmE3966N3105",14679.4274825
"10586","1kmE3966N3106",6486.282079
"10587","1kmE3966N3107",2327.322564
"10588","1kmE3966N3108",6967.332141
"10589","1kmE3966N3109",8562.3320115
"10590","1kmE3966N3110",13122.296955
"10591","1kmE3966N3111",16492.674909
"10592","1kmE3966N3112",11770.562285
"10593","1kmE3966N3113",6874.9105695
"10594","1kmE3966N3114",5063.487488
"10595","1kmE3966N3115",8462.4124225
"10596","1kmE3966N3116",9429.9204285
"10597","1kmE3966N3117",11335.358031
"10598","1kmE3966N3118",10016.798277
"10599","1kmE3966N3119",15000.510776
"10600","1kmE3966N3120",16460.525586
"10601","1kmE3966N3121",14835.7863425
"10602","1kmE3966N3122",11441.065498
"10603","1kmE3966N3123",8623.481194
"10604","1kmE3966N3124",5172.8511735
"10605","1kmE3966N3125",9955.8441715
"10606","1kmE3966N3126",8119.7652565
"10607","1kmE3966N3127",6834.424128
"10608","1kmE3966N3128",2936.430435
"10609","1kmE3966N3129",371.7490805
"10610","1kmE3966N3130",5430.9437625
"10611","1kmE3966N3131",16008.7995695
"10612","1kmE3966N3132",15587.3322675
"10613","1kmE3966N3133",11737.1713245
"10614","1kmE3966N3134",3924.8519385
"10615","1kmE3966N3135",5814.0469025
"10616","1kmE3966N3136",3720.3911655
"10617","1kmE3966N3137",11042.047378
"10618","1kmE3966N3138",12454.388182
"10619","1kmE3966N3139",16611.936481
"10620","1kmE3966N3140",16539.6998875
"10621","1kmE3966N3141",10710.7371185
"10622","1kmE3966N3142",10965.4880835
"10623","1kmE3966N3143",16762.083819
"10624","1kmE3966N3144",13439.987631
"10625","1kmE3966N3145",11187.964398
"10626","1kmE3966N3146",11823.0500675
"10627","1kmE3966N3147",13703.696054
"10628","1kmE3966N3148",12843.492537
"10629","1kmE3966N3149",4474.690116
"10630","1kmE3966N3150",3212.480238
"10631","1kmE3966N3151",3835.685666
"10632","1kmE3966N3152",8139.8688875
"10633","1kmE3966N3153",7981.316341
"10634","1kmE3966N3154",12433.324175
"10635","1kmE3966N3155",11819.856189
"10636","1kmE3966N3156",11347.420799
"10637","1kmE3966N3157",10393.928789
"10638","1kmE3966N3158",5650.0277975
"10639","1kmE3967N3084",6976.6970815
"10640","1kmE3967N3085",10389.455978
"10641","1kmE3967N3086",8733.023843
"10642","1kmE3967N3087",9639.630642
"10643","1kmE3967N3088",8713.757633
"10644","1kmE3967N3089",12893.4783025
"10645","1kmE3967N3090",12932.164873
"10646","1kmE3967N3091",5913.17514
"10647","1kmE3967N3092",9628.875769
"10648","1kmE3967N3093",7107.9048365
"10649","1kmE3967N3094",9351.3400655
"10650","1kmE3967N3095",12875.4510285
"10651","1kmE3967N3096",14858.1892995
"10652","1kmE3967N3097",9807.7384845
"10653","1kmE3967N3098",3514.7879805
"10654","1kmE3967N3099",4666.7648175
"10655","1kmE3967N3100",8163.702096
"10656","1kmE3967N3101",5132.2529385
"10657","1kmE3967N3102",9663.2677715
"10658","1kmE3967N3103",9995.697942
"10659","1kmE3967N3104",7067.452941
"10660","1kmE3967N3105",9810.294344
"10661","1kmE3967N3106",4709.8253105
"10662","1kmE3967N3107",5614.1872615
"10663","1kmE3967N3108",3719.7389265
"10664","1kmE3967N3109",3897.030136
"10665","1kmE3967N3110",12641.3372455
"10666","1kmE3967N3111",19383.3267685
"10667","1kmE3967N3112",18228.845981
"10668","1kmE3967N3113",10344.6214265
"10669","1kmE3967N3114",12798.931065
"10670","1kmE3967N3115",9141.36956
"10671","1kmE3967N3116",8777.6222585
"10672","1kmE3967N3117",9745.5929625
"10673","1kmE3967N3118",9378.627246
"10674","1kmE3967N3119",14064.202811
"10675","1kmE3967N3120",16966.3794065
"10676","1kmE3967N3121",16485.931634
"10677","1kmE3967N3122",12233.7510225
"10678","1kmE3967N3123",10845.615986
"10679","1kmE3967N3124",9594.613343
"10680","1kmE3967N3125",11865.9935755
"10681","1kmE3967N3126",10853.0938365
"10682","1kmE3967N3127",6105.502784
"10683","1kmE3967N3128",1724.183452
"10684","1kmE3967N3129",4104.8510045
"10685","1kmE3967N3130",5071.695573
"10686","1kmE3967N3131",16865.934831
"10687","1kmE3967N3132",17887.7413355
"10688","1kmE3967N3133",13114.567227
"10689","1kmE3967N3134",8705.8988195
"10690","1kmE3967N3135",9832.838572
"10691","1kmE3967N3136",5893.794961
"10692","1kmE3967N3137",10812.7509245
"10693","1kmE3967N3138",10918.4192665
"10694","1kmE3967N3139",16416.15261
"10695","1kmE3967N3140",17289.3981535
"10696","1kmE3967N3141",16450.263375
"10697","1kmE3967N3142",14485.8547925
"10698","1kmE3967N3143",14352.053832
"10699","1kmE3967N3144",9026.4657235
"10700","1kmE3967N3145",9769.2014005
"10701","1kmE3967N3146",10090.755608
"10702","1kmE3967N3147",15040.0960995
"10703","1kmE3967N3148",16069.570469
"10704","1kmE3967N3149",10374.991174
"10705","1kmE3967N3150",11222.015542
"10706","1kmE3967N3151",10171.6045375
"10707","1kmE3967N3152",9283.91493
"10708","1kmE3967N3153",7796.69501
"10709","1kmE3967N3154",8902.0297925
"10710","1kmE3967N3155",10019.774826
"10711","1kmE3967N3156",4497.3523505
"10712","1kmE3967N3159",3981.9125255
"10713","1kmE3968N3084",12283.1643265
"10714","1kmE3968N3085",14616.8134065
"10715","1kmE3968N3086",9630.1801205
"10716","1kmE3968N3087",5843.139596
"10717","1kmE3968N3088",5893.0264425
"10718","1kmE3968N3089",10232.3985085
"10719","1kmE3968N3090",8483.348194
"10720","1kmE3968N3091",5647.894112
"10721","1kmE3968N3092",10750.914259
"10722","1kmE3968N3093",9083.195319
"10723","1kmE3968N3094",11466.438068
"10724","1kmE3968N3095",14747.1365555
"10725","1kmE3968N3096",16243.1955295
"10726","1kmE3968N3097",13859.600179
"10727","1kmE3968N3098",10937.355328
"10728","1kmE3968N3099",9838.25113
"10729","1kmE3968N3100",6182.961654
"10730","1kmE3968N3101",3730.431954
"10731","1kmE3968N3102",7420.599698
"10732","1kmE3968N3103",7777.826736
"10733","1kmE3968N3104",8458.003522
"10734","1kmE3968N3105",11443.531336
"10735","1kmE3968N3106",2959.2206745
"10736","1kmE3968N3107",6111.0078215
"10737","1kmE3968N3108",4959.275977
"10738","1kmE3968N3109",2023.8180095
"10739","1kmE3968N3110",16388.5655605
"10740","1kmE3968N3111",19679.5929125
"10741","1kmE3968N3112",20802.4610755
"10742","1kmE3968N3113",12667.7442685
"10743","1kmE3968N3114",10959.1907705
"10744","1kmE3968N3115",10505.638984
"10745","1kmE3968N3116",7010.3803635
"10746","1kmE3968N3117",4165.1559955
"10747","1kmE3968N3118",3778.965715
"10748","1kmE3968N3119",14011.1687105
"10749","1kmE3968N3120",16268.9811305
"10750","1kmE3968N3121",16522.204919
"10751","1kmE3968N3122",13413.857089
"10752","1kmE3968N3123",13527.509955
"10753","1kmE3968N3124",11896.584314
"10754","1kmE3968N3125",11986.3838565
"10755","1kmE3968N3126",9643.3153465
"10756","1kmE3968N3127",6150.150551
"10757","1kmE3968N3128",2382.4542335
"10758","1kmE3968N3129",6979.6209285
"10759","1kmE3968N3130",7556.7960655
"10760","1kmE3968N3131",12443.0788385
"10761","1kmE3968N3132",16024.0828275
"10762","1kmE3968N3133",11960.461157
"10763","1kmE3968N3134",10728.5465925
"10764","1kmE3968N3135",4023.691517
"10765","1kmE3968N3136",6210.9385825
"10766","1kmE3968N3137",11840.9939535
"10767","1kmE3968N3138",6009.2794625
"10768","1kmE3968N3139",8773.1089885
"10769","1kmE3968N3140",14104.530122
"10770","1kmE3968N3141",15253.483421
"10771","1kmE3968N3142",12562.2948715
"10772","1kmE3968N3143",3331.6669185
"10773","1kmE3968N3144",8005.628604
"10774","1kmE3968N3145",7229.4453055
"10775","1kmE3968N3146",7717.5913895
"10776","1kmE3968N3147",11812.840937
"10777","1kmE3968N3148",13782.9621395
"10778","1kmE3968N3149",12833.6731925
"10779","1kmE3968N3150",13150.2563445
"10780","1kmE3968N3151",14856.866784
"10781","1kmE3968N3152",15398.9700975
"10782","1kmE3968N3153",11855.0078735
"10783","1kmE3968N3154",13433.8742795
"10784","1kmE3968N3155",12478.46993
"10785","1kmE3968N3156",5559.9580525
"10786","1kmE3968N3158",5714.086979
"10787","1kmE3968N3159",7323.6019345
"10788","1kmE3968N3160",6501.005002
"10789","1kmE3968N3161",3677.8497915
"10790","1kmE3969N3082",3013.996012
"10791","1kmE3969N3083",6176.6042145
"10792","1kmE3969N3084",10337.046809
"10793","1kmE3969N3085",11616.1063765
"10794","1kmE3969N3086",11175.841575
"10795","1kmE3969N3087",3798.4068765
"10796","1kmE3969N3088",3117.7711205
"10797","1kmE3969N3089",9062.9580955
"10798","1kmE3969N3090",9384.8129105
"10799","1kmE3969N3091",3627.213537
"10800","1kmE3969N3092",4959.2258415
"10801","1kmE3969N3093",7324.8598885
"10802","1kmE3969N3094",3351.780698
"10803","1kmE3969N3095",5947.09443
"10804","1kmE3969N3096",12215.411072
"10805","1kmE3969N3097",12248.636137
"10806","1kmE3969N3098",10197.3618885
"10807","1kmE3969N3099",11123.265145
"10808","1kmE3969N3100",9737.453619
"10809","1kmE3969N3101",3627.0232415
"10810","1kmE3969N3102",4387.5920315
"10811","1kmE3969N3103",7244.491498
"10812","1kmE3969N3104",9334.489601
"10813","1kmE3969N3105",11001.40516
"10814","1kmE3969N3106",3450.143203
"10815","1kmE3969N3107",1530.954012
"10816","1kmE3969N3108",7804.99333
"10817","1kmE3969N3109",9543.231922
"10818","1kmE3969N3110",14802.292421
"10819","1kmE3969N3111",20235.515317
"10820","1kmE3969N3112",21041.363491
"10821","1kmE3969N3113",13030.963827
"10822","1kmE3969N3114",11138.5618025
"10823","1kmE3969N3115",9781.087774
"10824","1kmE3969N3116",5031.2169905
"10825","1kmE3969N3117",7044.4368745
"10826","1kmE3969N3118",4114.7787015
"10827","1kmE3969N3119",11174.2710385
"10828","1kmE3969N3120",7844.6477545
"10829","1kmE3969N3121",10479.535138
"10830","1kmE3969N3122",13388.8025785
"10831","1kmE3969N3123",11034.8282005
"10832","1kmE3969N3124",13856.483729
"10833","1kmE3969N3125",9436.0506145
"10834","1kmE3969N3126",6850.5507225
"10835","1kmE3969N3127",4861.420031
"10836","1kmE3969N3128",2427.5721965
"10837","1kmE3969N3129",4048.629476
"10838","1kmE3969N3130",7958.909677
"10839","1kmE3969N3131",3538.5844895
"10840","1kmE3969N3132",12178.3545775
"10841","1kmE3969N3133",9576.454232
"10842","1kmE3969N3134",3930.259511
"10843","1kmE3969N3135",8832.3109865
"10844","1kmE3969N3136",11634.469884
"10845","1kmE3969N3137",8218.2555865
"10846","1kmE3969N3138",7755.407179
"10847","1kmE3969N3139",3412.633608
"10848","1kmE3969N3140",9104.994062
"10849","1kmE3969N3141",11232.2024795
"10850","1kmE3969N3142",8084.2928525
"10851","1kmE3969N3143",12636.3902465
"10852","1kmE3969N3144",9530.947966
"10853","1kmE3969N3145",8175.182593
"10854","1kmE3969N3146",6849.2055115
"10855","1kmE3969N3147",10478.375511
"10856","1kmE3969N3148",11083.083355
"10857","1kmE3969N3149",11260.029304
"10858","1kmE3969N3150",13416.3283375
"10859","1kmE3969N3151",14626.6846805
"10860","1kmE3969N3152",13575.5221765
"10861","1kmE3969N3153",10982.579323
"10862","1kmE3969N3154",13470.832748
"10863","1kmE3969N3155",12015.614687
"10864","1kmE3969N3156",6312.5597285
"10865","1kmE3969N3158",987.771967999999
"10866","1kmE3969N3159",1380.29846
"10867","1kmE3969N3160",3908.1675305
"10868","1kmE3969N3161",4345.5148855
"10869","1kmE3970N3082",4017.926131
"10870","1kmE3970N3083",8566.2947605
"10871","1kmE3970N3084",11121.3911855
"10872","1kmE3970N3085",9936.846844
"10873","1kmE3970N3086",9153.853433
"10874","1kmE3970N3087",10128.4106315
"10875","1kmE3970N3088",3757.289098
"10876","1kmE3970N3089",6029.6743125
"10877","1kmE3970N3090",9409.5430215
"10878","1kmE3970N3091",5152.330787
"10879","1kmE3970N3092",6824.309497
"10880","1kmE3970N3093",1321.0677265
"10881","1kmE3970N3094",4901.9033335
"10882","1kmE3970N3095",6824.836634
"10883","1kmE3970N3096",7723.3393175
"10884","1kmE3970N3097",12564.963113
"10885","1kmE3970N3098",12019.303968
"10886","1kmE3970N3099",8476.2714985
"10887","1kmE3970N3100",7710.140153
"10888","1kmE3970N3101",5243.7689485
"10889","1kmE3970N3102",9618.5731535
"10890","1kmE3970N3103",7844.66806
"10891","1kmE3970N3104",5646.430563
"10892","1kmE3970N3105",6754.827483
"10893","1kmE3970N3106",4736.3685665
"10894","1kmE3970N3107",3300.6445465
"10895","1kmE3970N3108",10531.5146275
"10896","1kmE3970N3109",16419.5584345
"10897","1kmE3970N3110",14645.227499
"10898","1kmE3970N3111",17446.0106675
"10899","1kmE3970N3112",17161.9122695
"10900","1kmE3970N3113",10181.4177245
"10901","1kmE3970N3114",9840.020712
"10902","1kmE3970N3115",8587.208906
"10903","1kmE3970N3116",6306.727854
"10904","1kmE3970N3117",5259.89105
"10905","1kmE3970N3118",5111.9581375
"10906","1kmE3970N3119",6173.92598
"10907","1kmE3970N3120",3001.171686
"10908","1kmE3970N3121",9128.54352
"10909","1kmE3970N3122",16959.3565435
"10910","1kmE3970N3123",15301.121041
"10911","1kmE3970N3124",15266.477653
"10912","1kmE3970N3125",14445.9794415
"10913","1kmE3970N3126",8331.9985315
"10914","1kmE3970N3127",6738.0890385
"10915","1kmE3970N3128",3805.772955
"10916","1kmE3970N3129",2450.5237615
"10917","1kmE3970N3130",5181.1816085
"10918","1kmE3970N3131",2103.152332
"10919","1kmE3970N3132",8934.9346105
"10920","1kmE3970N3133",13836.570863
"10921","1kmE3970N3134",12362.5110185
"10922","1kmE3970N3135",15468.135091
"10923","1kmE3970N3136",10706.651775
"10924","1kmE3970N3137",3719.0872885
"10925","1kmE3970N3138",9828.0450895
"10926","1kmE3970N3139",8912.274389
"10927","1kmE3970N3140",7836.4172035
"10928","1kmE3970N3141",6234.0015765
"10929","1kmE3970N3142",6393.6950275
"10930","1kmE3970N3143",15511.5349955
"10931","1kmE3970N3144",10165.1510515
"10932","1kmE3970N3145",6383.683287
"10933","1kmE3970N3146",10999.69154
"10934","1kmE3970N3147",10106.742769
"10935","1kmE3970N3148",13213.3691565
"10936","1kmE3970N3149",11371.475491
"10937","1kmE3970N3150",15228.4781995
"10938","1kmE3970N3151",13318.80075
"10939","1kmE3970N3152",12004.734877
"10940","1kmE3970N3153",11120.4800235
"10941","1kmE3970N3154",8038.4732005
"10942","1kmE3970N3155",4885.977256
"10943","1kmE3970N3156",6424.9546815
"10944","1kmE3970N3157",5852.9563705
"10945","1kmE3970N3160",4072.3769955
"10946","1kmE3970N3161",4121.066123
"10947","1kmE3971N3079",2885.759866
"10948","1kmE3971N3080",3750.786726
"10949","1kmE3971N3081",6029.188619
"10950","1kmE3971N3082",9610.129162
"10951","1kmE3971N3083",10789.781848
"10952","1kmE3971N3084",10857.546644
"10953","1kmE3971N3085",4445.129029
"10954","1kmE3971N3086",6820.7002775
"10955","1kmE3971N3087",8304.7209895
"10956","1kmE3971N3088",4650.518579
"10957","1kmE3971N3089",9392.7329585
"10958","1kmE3971N3090",13308.272622
"10959","1kmE3971N3091",9358.4571675
"10960","1kmE3971N3092",11363.845036
"10961","1kmE3971N3093",3690.706315
"10962","1kmE3971N3094",7234.193533
"10963","1kmE3971N3095",6050.719607
"10964","1kmE3971N3096",9804.561592
"10965","1kmE3971N3097",7903.330914
"10966","1kmE3971N3098",8510.1473185
"10967","1kmE3971N3099",6490.8353905
"10968","1kmE3971N3100",8305.1344615
"10969","1kmE3971N3101",5069.814567
"10970","1kmE3971N3102",9637.383234
"10971","1kmE3971N3103",4771.3427605
"10972","1kmE3971N3104",6137.480556
"10973","1kmE3971N3105",7869.436126
"10974","1kmE3971N3106",9570.111074
"10975","1kmE3971N3107",5129.9911315
"10976","1kmE3971N3108",13293.7905425
"10977","1kmE3971N3109",16083.258085
"10978","1kmE3971N3110",13178.501907
"10979","1kmE3971N3111",14771.047257
"10980","1kmE3971N3112",11242.957996
"10981","1kmE3971N3113",11607.325641
"10982","1kmE3971N3114",11074.091216
"10983","1kmE3971N3115",11799.203882
"10984","1kmE3971N3116",8590.66135
"10985","1kmE3971N3117",10090.3510665
"10986","1kmE3971N3118",12148.5204245
"10987","1kmE3971N3119",8852.2386555
"10988","1kmE3971N3120",6671.287185
"10989","1kmE3971N3121",5972.7825555
"10990","1kmE3971N3122",12538.910765
"10991","1kmE3971N3123",9346.047452
"10992","1kmE3971N3124",7892.6987215
"10993","1kmE3971N3125",10607.451151
"10994","1kmE3971N3126",11614.457027
"10995","1kmE3971N3127",9318.249041
"10996","1kmE3971N3128",9117.52411
"10997","1kmE3971N3129",4036.3371505
"10998","1kmE3971N3130",1846.965181
"10999","1kmE3971N3131",881.4795405
"11000","1kmE3971N3132",2540.9865975
"11001","1kmE3971N3133",10218.428568
"11002","1kmE3971N3134",13571.9293315
"11003","1kmE3971N3135",8361.5235235
"11004","1kmE3971N3136",4868.791557
"11005","1kmE3971N3137",2475.3502795
"11006","1kmE3971N3138",6206.768049
"11007","1kmE3971N3139",10313.3184245
"11008","1kmE3971N3140",12893.4512005
"11009","1kmE3971N3141",11440.210776
"11010","1kmE3971N3142",9081.793598
"11011","1kmE3971N3143",12096.9645975
"11012","1kmE3971N3144",6050.336702
"11013","1kmE3971N3145",5736.965954
"11014","1kmE3971N3146",8862.8751635
"11015","1kmE3971N3147",9358.8576625
"11016","1kmE3971N3148",9664.9610165
"11017","1kmE3971N3149",10049.5500765
"11018","1kmE3971N3150",13949.7001625
"11019","1kmE3971N3151",13521.849135
"11020","1kmE3971N3152",13747.48414
"11021","1kmE3971N3153",11140.7243
"11022","1kmE3971N3154",10811.6148515
"11023","1kmE3971N3155",6684.484922
"11024","1kmE3971N3156",10105.9552115
"11025","1kmE3971N3157",8521.23387
"11026","1kmE3971N3158",2018.052892
"11027","1kmE3972N3077",2178.2403135
"11028","1kmE3972N3078",6426.5807325
"11029","1kmE3972N3079",5922.7224015
"11030","1kmE3972N3080",4810.9709425
"11031","1kmE3972N3081",9894.33727
"11032","1kmE3972N3082",10355.199163
"11033","1kmE3972N3083",7045.202416
"11034","1kmE3972N3084",5950.0409765
"11035","1kmE3972N3085",1701.2294225
"11036","1kmE3972N3086",3350.433733
"11037","1kmE3972N3087",7675.860168
"11038","1kmE3972N3088",8488.9541295
"11039","1kmE3972N3089",7321.5203425
"11040","1kmE3972N3090",10350.7864945
"11041","1kmE3972N3091",9548.5122525
"11042","1kmE3972N3092",12112.284788
"11043","1kmE3972N3093",5460.5604975
"11044","1kmE3972N3094",3322.599207
"11045","1kmE3972N3095",5169.452512
"11046","1kmE3972N3096",11543.341914
"11047","1kmE3972N3097",9172.408938
"11048","1kmE3972N3098",3655.961328
"11049","1kmE3972N3099",3056.656041
"11050","1kmE3972N3100",7449.569275
"11051","1kmE3972N3101",7749.9058645
"11052","1kmE3972N3102",5313.0293905
"11053","1kmE3972N3103",5083.470814
"11054","1kmE3972N3104",6034.830834
"11055","1kmE3972N3105",9695.5178035
"11056","1kmE3972N3106",10354.478839
"11057","1kmE3972N3107",6128.5087135
"11058","1kmE3972N3108",10696.5014385
"11059","1kmE3972N3109",13599.402632
"11060","1kmE3972N3110",9194.9142685
"11061","1kmE3972N3111",9619.0371285
"11062","1kmE3972N3112",9446.890452
"11063","1kmE3972N3113",11557.3389475
"11064","1kmE3972N3114",10922.3286195
"11065","1kmE3972N3115",11347.9124515
"11066","1kmE3972N3116",10441.9798205
"11067","1kmE3972N3117",12421.6821155
"11068","1kmE3972N3118",12984.016293
"11069","1kmE3972N3119",6930.416307
"11070","1kmE3972N3120",9495.054834
"11071","1kmE3972N3121",3437.6538045
"11072","1kmE3972N3122",9667.82026
"11073","1kmE3972N3123",14385.6212405
"11074","1kmE3972N3124",2333.1585735
"11075","1kmE3972N3125",9594.8105465
"11076","1kmE3972N3126",15112.33282
"11077","1kmE3972N3127",10803.6702755
"11078","1kmE3972N3128",8275.4345955
"11079","1kmE3972N3129",6143.6012765
"11080","1kmE3972N3130",2968.86244
"11081","1kmE3972N3131",5369.06858
"11082","1kmE3972N3132",3728.9738475
"11083","1kmE3972N3133",10816.102614
"11084","1kmE3972N3134",2956.2865305
"11085","1kmE3972N3135",5205.280383
"11086","1kmE3972N3136",5358.5004415
"11087","1kmE3972N3137",9333.254226
"11088","1kmE3972N3138",7756.661913
"11089","1kmE3972N3139",6252.3366065
"11090","1kmE3972N3140",11600.461027
"11091","1kmE3972N3141",11766.81203
"11092","1kmE3972N3142",12360.8195235
"11093","1kmE3972N3143",7121.3487025
"11094","1kmE3972N3144",4289.380372
"11095","1kmE3972N3145",4012.8404835
"11096","1kmE3972N3146",8437.8785655
"11097","1kmE3972N3147",15374.861143
"11098","1kmE3972N3148",12948.455472
"11099","1kmE3972N3149",14490.915446
"11100","1kmE3972N3150",18183.5795765
"11101","1kmE3972N3151",8868.230869
"11102","1kmE3972N3152",11194.7864465
"11103","1kmE3972N3153",7197.5222375
"11104","1kmE3972N3154",8525.1209845
"11105","1kmE3972N3155",5116.8492625
"11106","1kmE3972N3156",5901.1949985
"11107","1kmE3972N3157",4899.665031
"11108","1kmE3972N3158",2115.058133
"11109","1kmE3972N3159",5670.370132
"11110","1kmE3973N3077",6256.7347455
"11111","1kmE3973N3078",11045.6046035
"11112","1kmE3973N3079",9739.0007055
"11113","1kmE3973N3080",7448.0667585
"11114","1kmE3973N3081",9406.8236005
"11115","1kmE3973N3082",11514.22571
"11116","1kmE3973N3083",12057.368245
"11117","1kmE3973N3084",8877.257276
"11118","1kmE3973N3085",9222.119697
"11119","1kmE3973N3086",5324.322727
"11120","1kmE3973N3087",6671.4771135
"11121","1kmE3973N3088",9208.132951
"11122","1kmE3973N3089",5702.311073
"11123","1kmE3973N3090",3065.3195585
"11124","1kmE3973N3091",7166.283378
"11125","1kmE3973N3092",9951.2503525
"11126","1kmE3973N3093",8486.7037645
"11127","1kmE3973N3094",3120.24378
"11128","1kmE3973N3095",4678.688332
"11129","1kmE3973N3096",10313.264272
"11130","1kmE3973N3097",10192.256242
"11131","1kmE3973N3098",1507.167703
"11132","1kmE3973N3099",2923.5683375
"11133","1kmE3973N3100",8218.3551885
"11134","1kmE3973N3101",11213.6559275
"11135","1kmE3973N3102",6347.5552705
"11136","1kmE3973N3103",6265.569141
"11137","1kmE3973N3104",7217.28767
"11138","1kmE3973N3105",6717.974536
"11139","1kmE3973N3106",5496.5923615
"11140","1kmE3973N3107",9605.185711
"11141","1kmE3973N3108",11451.173891
"11142","1kmE3973N3109",13915.856933
"11143","1kmE3973N3110",14493.314096
"11144","1kmE3973N3111",14817.8941725
"11145","1kmE3973N3112",16034.4143935
"11146","1kmE3973N3113",11593.336607
"11147","1kmE3973N3114",10363.4766135
"11148","1kmE3973N3115",12163.184813
"11149","1kmE3973N3116",9788.51409
"11150","1kmE3973N3117",8034.0490835
"11151","1kmE3973N3118",11221.501324
"11152","1kmE3973N3119",7539.6894725
"11153","1kmE3973N3120",8798.876796
"11154","1kmE3973N3121",5120.108897
"11155","1kmE3973N3122",6804.505789
"11156","1kmE3973N3123",9688.752511
"11157","1kmE3973N3124",8172.652291
"11158","1kmE3973N3125",8297.398668
"11159","1kmE3973N3126",12547.565294
"11160","1kmE3973N3127",11944.151704
"11161","1kmE3973N3128",7710.593568
"11162","1kmE3973N3129",11154.095702
"11163","1kmE3973N3130",8326.739919
"11164","1kmE3973N3131",9861.419745
"11165","1kmE3973N3132",8249.480779
"11166","1kmE3973N3133",14515.130386
"11167","1kmE3973N3134",7930.081136
"11168","1kmE3973N3135",12563.368035
"11169","1kmE3973N3136",12910.1037295
"11170","1kmE3973N3137",14732.183883
"11171","1kmE3973N3138",13248.5289585
"11172","1kmE3973N3139",13928.4800165
"11173","1kmE3973N3140",10997.959329
"11174","1kmE3973N3141",12611.474983
"11175","1kmE3973N3142",12051.75032
"11176","1kmE3973N3143",9969.668669
"11177","1kmE3973N3144",6657.360258
"11178","1kmE3973N3145",6106.913337
"11179","1kmE3973N3146",9451.1375675
"11180","1kmE3973N3147",11914.4529565
"11181","1kmE3973N3148",13305.4071675
"11182","1kmE3973N3149",11012.58443
"11183","1kmE3973N3150",15844.7724645
"11184","1kmE3973N3151",8704.84054
"11185","1kmE3973N3152",6061.0365315
"11186","1kmE3973N3153",1682.7642305
"11187","1kmE3973N3154",4958.3404195
"11188","1kmE3973N3155",1559.6487335
"11189","1kmE3973N3156",536.8284065
"11190","1kmE3973N3157",1116.91637
"11191","1kmE3973N3158",4699.503848
"11192","1kmE3973N3159",10224.9640515
"11193","1kmE3973N3160",9413.243456
"11194","1kmE3974N3077",9404.9391775
"11195","1kmE3974N3078",12066.8928795
"11196","1kmE3974N3079",10538.959884
"11197","1kmE3974N3080",8697.686217
"11198","1kmE3974N3081",10063.1366585
"11199","1kmE3974N3082",10593.1143135
"11200","1kmE3974N3083",10182.7425955
"11201","1kmE3974N3084",11714.4478435
"11202","1kmE3974N3085",10657.1850825
"11203","1kmE3974N3086",10541.65857
"11204","1kmE3974N3087",8504.546154
"11205","1kmE3974N3088",8928.89469
"11206","1kmE3974N3089",9223.4428285
"11207","1kmE3974N3090",7388.8298085
"11208","1kmE3974N3091",9221.3202425
"11209","1kmE3974N3092",10015.008508
"11210","1kmE3974N3093",6974.792485
"11211","1kmE3974N3094",4583.6395925
"11212","1kmE3974N3095",1052.9835215
"11213","1kmE3974N3096",1509.385324
"11214","1kmE3974N3097",2289.728917
"11215","1kmE3974N3098",6715.118989
"11216","1kmE3974N3099",9251.5505085
"11217","1kmE3974N3100",9048.705807
"11218","1kmE3974N3101",10053.757448
"11219","1kmE3974N3102",10411.015848
"11220","1kmE3974N3103",8382.8582455
"11221","1kmE3974N3104",9446.8053835
"11222","1kmE3974N3105",8518.425775
"11223","1kmE3974N3106",5282.8741225
"11224","1kmE3974N3107",5885.457448
"11225","1kmE3974N3108",12277.0461925
"11226","1kmE3974N3109",16043.4698425
"11227","1kmE3974N3110",9065.0090605
"11228","1kmE3974N3111",13531.9811225
"11229","1kmE3974N3112",14946.8728325
"11230","1kmE3974N3113",12504.88795
"11231","1kmE3974N3114",10759.058708
"11232","1kmE3974N3115",11159.0456475
"11233","1kmE3974N3116",7490.302864
"11234","1kmE3974N3117",6783.156286
"11235","1kmE3974N3118",5822.3046235
"11236","1kmE3974N3119",6261.592936
"11237","1kmE3974N3120",835.5992075
"11238","1kmE3974N3121",6834.854753
"11239","1kmE3974N3122",7364.878369
"11240","1kmE3974N3123",2359.4794255
"11241","1kmE3974N3124",6919.9566255
"11242","1kmE3974N3125",12439.669282
"11243","1kmE3974N3126",11531.125747
"11244","1kmE3974N3127",9872.052769
"11245","1kmE3974N3128",9512.042196
"11246","1kmE3974N3129",12655.812635
"11247","1kmE3974N3130",10976.486244
"11248","1kmE3974N3131",10652.2597845
"11249","1kmE3974N3132",7764.65143
"11250","1kmE3974N3133",10272.6732435
"11251","1kmE3974N3134",13137.540309
"11252","1kmE3974N3135",11313.746922
"11253","1kmE3974N3136",14150.003637
"11254","1kmE3974N3137",14242.8662035
"11255","1kmE3974N3138",13736.7150995
"11256","1kmE3974N3139",10597.383451
"11257","1kmE3974N3140",8422.214479
"11258","1kmE3974N3141",10363.9805875
"11259","1kmE3974N3142",13355.4775475
"11260","1kmE3974N3143",10659.364191
"11261","1kmE3974N3144",6752.5621855
"11262","1kmE3974N3145",7875.987554
"11263","1kmE3974N3146",13559.96092
"11264","1kmE3974N3147",11534.636739
"11265","1kmE3974N3148",9173.740141
"11266","1kmE3974N3149",11165.8100845
"11267","1kmE3974N3150",14122.1951195
"11268","1kmE3974N3151",11238.620341
"11269","1kmE3974N3152",7344.6201965
"11270","1kmE3974N3153",2087.865875
"11271","1kmE3974N3154",5054.627342
"11272","1kmE3974N3155",5442.962058
"11273","1kmE3974N3156",880.169094
"11274","1kmE3974N3157",2128.39547
"11275","1kmE3974N3158",5165.713789
"11276","1kmE3974N3159",3094.1162135
"11277","1kmE3974N3160",9532.712404
"11278","1kmE3974N3161",10786.719929
"11279","1kmE3974N3162",5341.667477
"11280","1kmE3974N3163",3083.432084
"11281","1kmE3975N3077",9359.189598
"11282","1kmE3975N3078",13447.626681
"11283","1kmE3975N3079",12632.946439
"11284","1kmE3975N3080",8969.7274545
"11285","1kmE3975N3081",7380.496536
"11286","1kmE3975N3082",8671.805302
"11287","1kmE3975N3083",9197.011435
"11288","1kmE3975N3084",6245.669459
"11289","1kmE3975N3085",4634.1452285
"11290","1kmE3975N3086",8758.91108
"11291","1kmE3975N3087",9440.908882
"11292","1kmE3975N3088",9370.4076615
"11293","1kmE3975N3089",9590.4470805
"11294","1kmE3975N3090",11090.622344
"11295","1kmE3975N3091",13401.5737855
"11296","1kmE3975N3092",9725.193707
"11297","1kmE3975N3093",8302.0010375
"11298","1kmE3975N3094",7359.485571
"11299","1kmE3975N3095",2658.6462695
"11300","1kmE3975N3096",2541.652568
"11301","1kmE3975N3097",6783.4237035
"11302","1kmE3975N3098",8687.7121095
"11303","1kmE3975N3099",6923.2291795
"11304","1kmE3975N3100",7035.011395
"11305","1kmE3975N3101",9062.815195
"11306","1kmE3975N3102",10556.777389
"11307","1kmE3975N3103",9782.2626005
"11308","1kmE3975N3104",9589.904392
"11309","1kmE3975N3105",10569.2447495
"11310","1kmE3975N3106",12190.3312355
"11311","1kmE3975N3107",12952.5854665
"11312","1kmE3975N3108",13308.161315
"11313","1kmE3975N3109",11313.3201155
"11314","1kmE3975N3110",7609.473108
"11315","1kmE3975N3111",12187.9358455
"11316","1kmE3975N3112",12541.03729
"11317","1kmE3975N3113",11408.7771105
"11318","1kmE3975N3114",11325.8556775
"11319","1kmE3975N3115",11770.796825
"11320","1kmE3975N3116",9721.8440765
"11321","1kmE3975N3117",7484.345418
"11322","1kmE3975N3118",8546.2478765
"11323","1kmE3975N3119",8161.004134
"11324","1kmE3975N3120",1333.5162095
"11325","1kmE3975N3121",3562.64802
"11326","1kmE3975N3122",4749.5138615
"11327","1kmE3975N3123",2252.1596185
"11328","1kmE3975N3124",4809.229792
"11329","1kmE3975N3125",13105.2532845
"11330","1kmE3975N3126",15396.139417
"11331","1kmE3975N3127",11852.7626605
"11332","1kmE3975N3128",9215.914788
"11333","1kmE3975N3129",12480.0237935
"11334","1kmE3975N3130",9356.012061
"11335","1kmE3975N3131",5677.2773145
"11336","1kmE3975N3132",8529.9462385
"11337","1kmE3975N3133",7981.868431
"11338","1kmE3975N3134",10674.848606
"11339","1kmE3975N3135",10475.3757875
"11340","1kmE3975N3136",13403.0018745
"11341","1kmE3975N3137",16365.293945
"11342","1kmE3975N3138",13963.9045705
"11343","1kmE3975N3139",9047.727742
"11344","1kmE3975N3140",10554.443161
"11345","1kmE3975N3141",8595.0360755
"11346","1kmE3975N3142",11304.856758
"11347","1kmE3975N3143",10584.395369
"11348","1kmE3975N3144",6222.899267
"11349","1kmE3975N3145",7678.131461
"11350","1kmE3975N3146",13063.2474305
"11351","1kmE3975N3147",12075.956838
"11352","1kmE3975N3148",6775.2055175
"11353","1kmE3975N3149",8185.3577165
"11354","1kmE3975N3150",10075.0925765
"11355","1kmE3975N3151",10969.059713
"11356","1kmE3975N3152",12129.173285
"11357","1kmE3975N3153",3883.773953
"11358","1kmE3975N3154",2113.55811
"11359","1kmE3975N3155",5337.4945655
"11360","1kmE3975N3156",1343.7103195
"11361","1kmE3975N3157",266.047974
"11362","1kmE3975N3158",382.506485
"11363","1kmE3975N3159",560.422181499999
"11364","1kmE3975N3160",3119.2164285
"11365","1kmE3975N3161",7717.3489675
"11366","1kmE3975N3162",5311.1258035
"11367","1kmE3975N3163",8809.127678
"11368","1kmE3975N3164",7124.8765285
"11369","1kmE3976N3077",8173.0346105
"11370","1kmE3976N3078",13159.3466115
"11371","1kmE3976N3079",13212.726824
"11372","1kmE3976N3080",10358.433971
"11373","1kmE3976N3081",10071.3729135
"11374","1kmE3976N3082",10433.34779
"11375","1kmE3976N3083",7311.5523225
"11376","1kmE3976N3084",6018.4282185
"11377","1kmE3976N3085",3769.1359295
"11378","1kmE3976N3086",6116.8361525
"11379","1kmE3976N3087",8659.6320855
"11380","1kmE3976N3088",6966.6165015
"11381","1kmE3976N3089",8989.143316
"11382","1kmE3976N3090",12604.3351175
"11383","1kmE3976N3091",14465.7420715
"11384","1kmE3976N3092",13253.292629
"11385","1kmE3976N3093",10254.047977
"11386","1kmE3976N3094",6223.89374
"11387","1kmE3976N3095",9663.1142105
"11388","1kmE3976N3096",7501.330337
"11389","1kmE3976N3097",3858.1152095
"11390","1kmE3976N3098",4899.887184
"11391","1kmE3976N3099",5139.2952885
"11392","1kmE3976N3100",3839.526066
"11393","1kmE3976N3101",5814.67278
"11394","1kmE3976N3102",7235.6578675
"11395","1kmE3976N3103",7838.642557
"11396","1kmE3976N3104",9601.252593
"11397","1kmE3976N3105",12845.9355205
"11398","1kmE3976N3106",16309.0830965
"11399","1kmE3976N3107",17146.8345335
"11400","1kmE3976N3108",15663.336133
"11401","1kmE3976N3109",11545.551673
"11402","1kmE3976N3110",7608.940317
"11403","1kmE3976N3111",11841.0996935
"11404","1kmE3976N3112",11927.1945305
"11405","1kmE3976N3113",10630.7602355
"11406","1kmE3976N3114",9712.3742275
"11407","1kmE3976N3115",8969.03764
"11408","1kmE3976N3116",7557.8241445
"11409","1kmE3976N3117",7793.4260655
"11410","1kmE3976N3118",10538.1701845
"11411","1kmE3976N3119",7907.3380935
"11412","1kmE3976N3120",3000.35887
"11413","1kmE3976N3121",7722.912455
"11414","1kmE3976N3122",11154.635391
"11415","1kmE3976N3123",8327.17541
"11416","1kmE3976N3124",6282.4218615
"11417","1kmE3976N3125",8441.3091875
"11418","1kmE3976N3126",11647.987354
"11419","1kmE3976N3127",12391.6452795
"11420","1kmE3976N3128",11500.8818705
"11421","1kmE3976N3129",8464.7161715
"11422","1kmE3976N3130",3726.28702
"11423","1kmE3976N3131",4641.3134165
"11424","1kmE3976N3132",7015.890187
"11425","1kmE3976N3133",8845.0940855
"11426","1kmE3976N3134",8748.534664
"11427","1kmE3976N3135",5849.4932445
"11428","1kmE3976N3136",9406.5885445
"11429","1kmE3976N3137",13647.1499685
"11430","1kmE3976N3138",11509.4086795
"11431","1kmE3976N3139",8201.539035
"11432","1kmE3976N3140",9825.5021515
"11433","1kmE3976N3141",9629.5053495
"11434","1kmE3976N3142",9817.334897
"11435","1kmE3976N3143",9062.225066
"11436","1kmE3976N3144",7512.738072
"11437","1kmE3976N3145",2548.779058
"11438","1kmE3976N3146",4306.099033
"11439","1kmE3976N3147",4063.6540865
"11440","1kmE3976N3148",5943.80516
"11441","1kmE3976N3149",7210.347133
"11442","1kmE3976N3150",6755.6258635
"11443","1kmE3976N3151",7425.450975
"11444","1kmE3976N3152",9355.961267
"11445","1kmE3976N3153",5521.813124
"11446","1kmE3976N3154",8202.882656
"11447","1kmE3976N3155",8536.2364665
"11448","1kmE3976N3156",8062.347107
"11449","1kmE3976N3157",7398.0731355
"11450","1kmE3976N3158",3358.517975
"11451","1kmE3976N3159",4450.8303935
"11452","1kmE3976N3160",7687.217817
"11453","1kmE3976N3161",4019.498905
"11454","1kmE3976N3162",3330.056676
"11455","1kmE3976N3163",6180.074791
"11456","1kmE3976N3164",8545.432874
"11457","1kmE3977N3076",1631.158427
"11458","1kmE3977N3077",8259.42811
"11459","1kmE3977N3078",9754.2475715
"11460","1kmE3977N3079",10513.3334845
"11461","1kmE3977N3080",11709.774836
"11462","1kmE3977N3081",10342.7315735
"11463","1kmE3977N3082",10808.3576715
"11464","1kmE3977N3083",10665.5247465
"11465","1kmE3977N3084",10025.924236
"11466","1kmE3977N3085",10452.155096
"11467","1kmE3977N3086",11531.661306
"11468","1kmE3977N3087",8971.721917
"11469","1kmE3977N3088",8557.549196
"11470","1kmE3977N3089",8790.8708895
"11471","1kmE3977N3090",10916.2395565
"11472","1kmE3977N3091",15357.5181615
"11473","1kmE3977N3092",16851.49298
"11474","1kmE3977N3093",16165.457218
"11475","1kmE3977N3094",7108.812024
"11476","1kmE3977N3095",10070.9278315
"11477","1kmE3977N3096",10674.636647
"11478","1kmE3977N3097",11379.560067
"11479","1kmE3977N3098",12452.7214795
"11480","1kmE3977N3099",10295.509911
"11481","1kmE3977N3100",9918.525708
"11482","1kmE3977N3101",8012.0183975
"11483","1kmE3977N3102",3568.4372195
"11484","1kmE3977N3103",5889.0020485
"11485","1kmE3977N3104",8915.366181
"11486","1kmE3977N3105",12217.552016
"11487","1kmE3977N3106",15696.5721355
"11488","1kmE3977N3107",16163.67239
"11489","1kmE3977N3108",16440.398695
"11490","1kmE3977N3109",14538.9994055
"11491","1kmE3977N3110",9996.694245
"11492","1kmE3977N3111",9839.076922
"11493","1kmE3977N3112",9682.7740855
"11494","1kmE3977N3113",8640.0985945
"11495","1kmE3977N3114",6575.4312635
"11496","1kmE3977N3115",7014.461131
"11497","1kmE3977N3116",6153.2160395
"11498","1kmE3977N3117",8137.3970195
"11499","1kmE3977N3118",11688.4883245
"11500","1kmE3977N3119",9211.856142
"11501","1kmE3977N3120",5694.533997
"11502","1kmE3977N3121",3170.2927795
"11503","1kmE3977N3122",2426.087757
"11504","1kmE3977N3123",2931.7019505
"11505","1kmE3977N3124",9865.9112625
"11506","1kmE3977N3125",12489.878441
"11507","1kmE3977N3126",9512.899129
"11508","1kmE3977N3127",10242.3041175
"11509","1kmE3977N3128",11190.4783015
"11510","1kmE3977N3129",6047.638137
"11511","1kmE3977N3130",4392.4688645
"11512","1kmE3977N3131",4413.2186215
"11513","1kmE3977N3132",5536.217224
"11514","1kmE3977N3133",8650.431628
"11515","1kmE3977N3134",9824.0471755
"11516","1kmE3977N3135",6025.359068
"11517","1kmE3977N3136",7691.086783
"11518","1kmE3977N3137",7001.063845
"11519","1kmE3977N3138",4738.2411175
"11520","1kmE3977N3139",8863.913958
"11521","1kmE3977N3140",10021.9985925
"11522","1kmE3977N3141",9029.877667
"11523","1kmE3977N3142",9679.5897515
"11524","1kmE3977N3143",7499.0736445
"11525","1kmE3977N3144",6483.803666
"11526","1kmE3977N3145",3686.862936
"11527","1kmE3977N3146",5947.7703645
"11528","1kmE3977N3147",3067.445585
"11529","1kmE3977N3148",9730.413027
"11530","1kmE3977N3149",10397.7172665
"11531","1kmE3977N3150",7065.9619565
"11532","1kmE3977N3151",7522.0476705
"11533","1kmE3977N3152",6005.655521
"11534","1kmE3977N3153",7009.0218785
"11535","1kmE3977N3154",8247.923001
"11536","1kmE3977N3155",7671.9848875
"11537","1kmE3977N3156",7005.882242
"11538","1kmE3977N3157",7875.7771715
"11539","1kmE3977N3158",1953.991042
"11540","1kmE3977N3159",9089.5850125
"11541","1kmE3977N3160",12474.3174235
"11542","1kmE3977N3161",8232.609573
"11543","1kmE3977N3162",5223.808481
"11544","1kmE3977N3163",2763.862709
"11545","1kmE3978N3076",4542.5000205
"11546","1kmE3978N3077",11051.713297
"11547","1kmE3978N3078",9924.693751
"11548","1kmE3978N3079",9443.0447885
"11549","1kmE3978N3080",13413.1694055
"11550","1kmE3978N3081",10304.902146
"11551","1kmE3978N3082",11771.4944035
"11552","1kmE3978N3083",10641.5459735
"11553","1kmE3978N3084",11632.27054
"11554","1kmE3978N3085",10299.9977665
"11555","1kmE3978N3086",10027.7329925
"11556","1kmE3978N3087",10286.89463
"11557","1kmE3978N3088",8988.8659375
"11558","1kmE3978N3089",9952.3900485
"11559","1kmE3978N3090",9683.284676
"11560","1kmE3978N3091",13551.550578
"11561","1kmE3978N3092",18713.3457775
"11562","1kmE3978N3093",15855.127548
"11563","1kmE3978N3094",7667.451427
"11564","1kmE3978N3095",6092.325579
"11565","1kmE3978N3096",8125.6828735
"11566","1kmE3978N3097",11418.0709025
"11567","1kmE3978N3098",12039.7463915
"11568","1kmE3978N3099",9214.2659275
"11569","1kmE3978N3100",8888.957439
"11570","1kmE3978N3101",8978.5913865
"11571","1kmE3978N3102",6890.0529635
"11572","1kmE3978N3103",8653.1725805
"11573","1kmE3978N3104",10994.3862155
"11574","1kmE3978N3105",14737.832124
"11575","1kmE3978N3106",14757.9098195
"11576","1kmE3978N3107",10078.051023
"11577","1kmE3978N3108",15445.707334
"11578","1kmE3978N3109",15181.6643955
"11579","1kmE3978N3110",9329.88392
"11580","1kmE3978N3111",8228.6386505
"11581","1kmE3978N3112",7845.7245435
"11582","1kmE3978N3113",14979.3583475
"11583","1kmE3978N3114",13203.8946015
"11584","1kmE3978N3115",10990.4104875
"11585","1kmE3978N3116",10231.015195
"11586","1kmE3978N3117",10648.794116
"11587","1kmE3978N3118",11832.592013
"11588","1kmE3978N3119",9880.127785
"11589","1kmE3978N3120",10405.748322
"11590","1kmE3978N3121",7433.9776665
"11591","1kmE3978N3122",7266.7448935
"11592","1kmE3978N3123",7301.8959335
"11593","1kmE3978N3124",4269.1356035
"11594","1kmE3978N3125",11958.5248195
"11595","1kmE3978N3126",14582.365033
"11596","1kmE3978N3127",8941.1259255
"11597","1kmE3978N3128",6627.8518505
"11598","1kmE3978N3129",9753.244862
"11599","1kmE3978N3130",6765.3476895
"11600","1kmE3978N3131",5642.2131715
"11601","1kmE3978N3132",3620.8040315
"11602","1kmE3978N3133",6717.876915
"11603","1kmE3978N3134",13651.6769965
"11604","1kmE3978N3135",13589.875029
"11605","1kmE3978N3136",7631.7691125
"11606","1kmE3978N3137",7143.4453935
"11607","1kmE3978N3138",8204.3998485
"11608","1kmE3978N3139",8010.306251
"11609","1kmE3978N3140",7747.787716
"11610","1kmE3978N3141",7989.0960295
"11611","1kmE3978N3142",9879.9347265
"11612","1kmE3978N3143",9850.9481195
"11613","1kmE3978N3144",5774.883669
"11614","1kmE3978N3145",7661.1557765
"11615","1kmE3978N3146",10407.424379
"11616","1kmE3978N3147",6954.674288
"11617","1kmE3978N3148",8056.1500095
"11618","1kmE3978N3149",6836.240501
"11619","1kmE3978N3150",9231.2294225
"11620","1kmE3978N3151",9494.755765
"11621","1kmE3978N3152",5367.3112165
"11622","1kmE3978N3153",5226.66889
"11623","1kmE3978N3154",7338.242696
"11624","1kmE3978N3155",4497.9970025
"11625","1kmE3978N3156",1633.0100325
"11626","1kmE3978N3157",3242.8778905
"11627","1kmE3978N3158",891.6645885
"11628","1kmE3978N3159",7999.99657
"11629","1kmE3978N3160",10828.332332
"11630","1kmE3978N3161",8706.180976
"11631","1kmE3978N3162",8306.373672
"11632","1kmE3979N3076",9638.9012665
"11633","1kmE3979N3077",11407.733739
"11634","1kmE3979N3078",8737.496403
"11635","1kmE3979N3079",9869.843574
"11636","1kmE3979N3080",10943.7628405
"11637","1kmE3979N3081",10440.3913265
"11638","1kmE3979N3082",10631.924644
"11639","1kmE3979N3083",8784.975556
"11640","1kmE3979N3084",7192.64491
"11641","1kmE3979N3085",6645.1063895
"11642","1kmE3979N3086",7886.48529
"11643","1kmE3979N3087",10691.1729165
"11644","1kmE3979N3088",11713.4955975
"11645","1kmE3979N3089",13951.3754855
"11646","1kmE3979N3090",9189.200237
"11647","1kmE3979N3091",13480.20214
"11648","1kmE3979N3092",17769.9954085
"11649","1kmE3979N3093",14105.0249615
"11650","1kmE3979N3094",10984.5983655
"11651","1kmE3979N3095",7840.624563
"11652","1kmE3979N3096",6880.897367
"11653","1kmE3979N3097",5998.846373
"11654","1kmE3979N3098",8885.363682
"11655","1kmE3979N3099",11828.2678085
"11656","1kmE3979N3100",10493.6290075
"11657","1kmE3979N3101",8331.124002
"11658","1kmE3979N3102",8658.932778
"11659","1kmE3979N3103",10942.996765
"11660","1kmE3979N3104",14325.005078
"11661","1kmE3979N3105",15424.2361255
"11662","1kmE3979N3106",13835.572661
"11663","1kmE3979N3107",11824.8805935
"11664","1kmE3979N3108",15365.534164
"11665","1kmE3979N3109",14930.8224445
"11666","1kmE3979N3110",10476.256924
"11667","1kmE3979N3111",6143.1644695
"11668","1kmE3979N3112",6394.6295385
"11669","1kmE3979N3113",13114.3768665
"11670","1kmE3979N3114",13282.9085645
"11671","1kmE3979N3115",10723.18027
"11672","1kmE3979N3116",10488.029949
"11673","1kmE3979N3117",10943.4920625
"11674","1kmE3979N3118",11474.54204
"11675","1kmE3979N3119",9066.8044675
"11676","1kmE3979N3120",5945.8981365
"11677","1kmE3979N3121",2491.217795
"11678","1kmE3979N3122",7149.350168
"11679","1kmE3979N3123",8062.995615
"11680","1kmE3979N3124",5051.5560225
"11681","1kmE3979N3125",13373.819019
"11682","1kmE3979N3126",12682.7342465
"11683","1kmE3979N3127",6340.10457
"11684","1kmE3979N3128",2662.9176795
"11685","1kmE3979N3129",11419.1605195
"11686","1kmE3979N3130",10101.6597245
"11687","1kmE3979N3131",7994.3830825
"11688","1kmE3979N3132",5212.4524665
"11689","1kmE3979N3133",9162.340772
"11690","1kmE3979N3134",12906.113694
"11691","1kmE3979N3135",12920.956843
"11692","1kmE3979N3136",10310.2641415
"11693","1kmE3979N3137",2522.394263
"11694","1kmE3979N3138",4964.989089
"11695","1kmE3979N3139",7331.1849005
"11696","1kmE3979N3140",6712.151577
"11697","1kmE3979N3141",8244.9088475
"11698","1kmE3979N3142",15302.0153805
"11699","1kmE3979N3143",14060.027567
"11700","1kmE3979N3144",6443.4540845
"11701","1kmE3979N3145",8905.0940385
"11702","1kmE3979N3146",12408.2414785
"11703","1kmE3979N3147",8718.9711
"11704","1kmE3979N3148",9447.265173
"11705","1kmE3979N3149",9783.7782555
"11706","1kmE3979N3150",8813.3393085
"11707","1kmE3979N3151",8377.3795035
"11708","1kmE3979N3152",5308.8919675
"11709","1kmE3979N3153",2788.5251905
"11710","1kmE3979N3155",5280.2020345
"11711","1kmE3979N3156",1369.81558
"11712","1kmE3979N3157",3244.7289265
"11713","1kmE3979N3158",2629.1191315
"11714","1kmE3979N3159",4207.581682
"11715","1kmE3979N3160",8524.551077
"11716","1kmE3979N3161",9544.323585
"11717","1kmE3979N3162",5319.0602085
"11718","1kmE3980N3076",6424.66585
"11719","1kmE3980N3077",7281.6305075
"11720","1kmE3980N3078",3256.450524
"11721","1kmE3980N3079",9424.083575
"11722","1kmE3980N3080",8812.471864
"11723","1kmE3980N3081",10069.8973725
"11724","1kmE3980N3082",9629.3973565
"11725","1kmE3980N3083",7739.1125965
"11726","1kmE3980N3084",8119.6128375
"11727","1kmE3980N3085",11382.729489
"11728","1kmE3980N3086",8583.8950145
"11729","1kmE3980N3087",11557.3436905
"11730","1kmE3980N3088",10005.9175745
"11731","1kmE3980N3089",13356.3529265
"11732","1kmE3980N3090",11931.0447735
"11733","1kmE3980N3091",13148.1873
"11734","1kmE3980N3092",15126.195648
"11735","1kmE3980N3093",14671.4199295
"11736","1kmE3980N3094",14239.945719
"11737","1kmE3980N3095",12533.682892
"11738","1kmE3980N3096",12769.4721645
"11739","1kmE3980N3097",8989.9039605
"11740","1kmE3980N3098",5244.6551695
"11741","1kmE3980N3099",6726.470869
"11742","1kmE3980N3100",6307.5947945
"11743","1kmE3980N3101",9000.137677
"11744","1kmE3980N3102",10216.6447695
"11745","1kmE3980N3103",7584.427591
"11746","1kmE3980N3104",14140.8836575
"11747","1kmE3980N3105",17905.725714
"11748","1kmE3980N3106",16903.8017395
"11749","1kmE3980N3107",14952.641401
"11750","1kmE3980N3108",15437.0443365
"11751","1kmE3980N3109",14833.2418145
"11752","1kmE3980N3110",11926.103719
"11753","1kmE3980N3111",8150.354302
"11754","1kmE3980N3112",7393.156164
"11755","1kmE3980N3113",11097.7238625
"11756","1kmE3980N3114",8785.2570065
"11757","1kmE3980N3115",7413.3758435
"11758","1kmE3980N3116",11003.989969
"11759","1kmE3980N3117",9076.1755715
"11760","1kmE3980N3118",9287.7963845
"11761","1kmE3980N3119",8138.170408
"11762","1kmE3980N3120",10726.367181
"11763","1kmE3980N3121",7924.06734
"11764","1kmE3980N3122",13757.285139
"11765","1kmE3980N3123",8315.067888
"11766","1kmE3980N3124",4322.1992295
"11767","1kmE3980N3125",8822.1912085
"11768","1kmE3980N3126",13837.4379215
"11769","1kmE3980N3127",9233.832818
"11770","1kmE3980N3128",8677.729731
"11771","1kmE3980N3129",10621.2021625
"11772","1kmE3980N3130",12227.063377
"11773","1kmE3980N3131",11773.3880095
"11774","1kmE3980N3132",5755.486008
"11775","1kmE3980N3133",9107.249015
"11776","1kmE3980N3134",13968.3372275
"11777","1kmE3980N3135",13499.1599175
"11778","1kmE3980N3136",7354.606375
"11779","1kmE3980N3137",1827.0253885
"11780","1kmE3980N3138",3908.214592
"11781","1kmE3980N3139",11538.932794
"11782","1kmE3980N3140",11387.7242785
"11783","1kmE3980N3141",9915.3617725
"11784","1kmE3980N3142",16318.287923
"11785","1kmE3980N3143",13377.2956895
"11786","1kmE3980N3144",9990.0712305
"11787","1kmE3980N3145",14309.6181285
"11788","1kmE3980N3146",15331.6111805
"11789","1kmE3980N3147",11797.928375
"11790","1kmE3980N3148",9610.9845195
"11791","1kmE3980N3149",12052.8216895
"11792","1kmE3980N3150",9411.50255
"11793","1kmE3980N3151",7389.0964605
"11794","1kmE3980N3156",1419.998893
"11795","1kmE3980N3157",4354.3579515
"11796","1kmE3980N3158",4254.4810475
"11797","1kmE3980N3159",8595.503749
"11798","1kmE3980N3160",10027.717616
"11799","1kmE3981N3078",1936.987806
"11800","1kmE3981N3079",7781.2210915
"11801","1kmE3981N3080",9955.99176
"11802","1kmE3981N3081",11411.0062725
"11803","1kmE3981N3082",8053.8917045
"11804","1kmE3981N3083",11270.8875605
"11805","1kmE3981N3084",12501.5837515
"11806","1kmE3981N3085",16911.912434
"11807","1kmE3981N3086",13140.3698855
"11808","1kmE3981N3087",14891.429058
"11809","1kmE3981N3088",10299.738395
"11810","1kmE3981N3089",12415.3666815
"11811","1kmE3981N3090",12004.3854465
"11812","1kmE3981N3091",11259.303174
"11813","1kmE3981N3092",11815.382731
"11814","1kmE3981N3093",11735.6136865
"11815","1kmE3981N3094",13087.646878
"11816","1kmE3981N3095",11576.5583505
"11817","1kmE3981N3096",12859.7495595
"11818","1kmE3981N3097",6413.135336
"11819","1kmE3981N3098",1322.8308645
"11820","1kmE3981N3099",4524.0681425
"11821","1kmE3981N3100",9114.89697
"11822","1kmE3981N3101",9257.101459
"11823","1kmE3981N3102",11301.295164
"11824","1kmE3981N3103",10846.70357
"11825","1kmE3981N3104",12274.459945
"11826","1kmE3981N3105",15001.935703
"11827","1kmE3981N3106",17650.456951
"11828","1kmE3981N3107",15951.8828725
"11829","1kmE3981N3108",13235.063609
"11830","1kmE3981N3109",13071.5608335
"11831","1kmE3981N3110",13318.698694
"11832","1kmE3981N3111",9622.325216
"11833","1kmE3981N3112",7967.765178
"11834","1kmE3981N3113",8469.4644235
"11835","1kmE3981N3114",6153.619688
"11836","1kmE3981N3115",9845.3306465
"11837","1kmE3981N3116",12678.7786375
"11838","1kmE3981N3117",9653.7815675
"11839","1kmE3981N3118",11274.4553775
"11840","1kmE3981N3119",8637.0779655
"11841","1kmE3981N3120",8274.167481
"11842","1kmE3981N3121",9728.876908
"11843","1kmE3981N3122",12104.762562
"11844","1kmE3981N3123",9429.2151145
"11845","1kmE3981N3124",13550.6878435
"11846","1kmE3981N3125",11343.575286
"11847","1kmE3981N3126",17967.2528775
"11848","1kmE3981N3127",12242.742605
"11849","1kmE3981N3128",7962.9700545
"11850","1kmE3981N3129",12061.3585025
"11851","1kmE3981N3130",13848.385293
"11852","1kmE3981N3131",13554.414083
"11853","1kmE3981N3132",7886.3979235
"11854","1kmE3981N3133",8314.515442
"11855","1kmE3981N3134",10058.828978
"11856","1kmE3981N3135",9879.326049
"11857","1kmE3981N3136",9057.21111
"11858","1kmE3981N3137",8055.561184
"11859","1kmE3981N3138",9847.987725
"11860","1kmE3981N3139",11680.8354915
"11861","1kmE3981N3140",8169.0875675
"11862","1kmE3981N3141",7568.300089
"11863","1kmE3981N3142",14043.432236
"11864","1kmE3981N3143",14906.051723
"11865","1kmE3981N3144",13128.5043625
"11866","1kmE3981N3145",16334.6608745
"11867","1kmE3981N3146",14848.4747675
"11868","1kmE3981N3147",8590.3531855
"11869","1kmE3981N3148",9050.061602
"11870","1kmE3981N3149",9778.8037435
"11871","1kmE3981N3150",7915.486656
"11872","1kmE3982N3078",3215.873992
"11873","1kmE3982N3079",8391.904954
"11874","1kmE3982N3080",10417.21323
"11875","1kmE3982N3081",10415.899593
"11876","1kmE3982N3082",7451.109398
"11877","1kmE3982N3083",8709.7639455
"11878","1kmE3982N3084",10771.693474
"11879","1kmE3982N3085",11967.6819065
"11880","1kmE3982N3086",10023.694988
"11881","1kmE3982N3087",11838.2095195
"11882","1kmE3982N3088",8861.6796575
"11883","1kmE3982N3089",11856.8537555
"11884","1kmE3982N3090",11943.2326325
"11885","1kmE3982N3091",10671.5674445
"11886","1kmE3982N3092",9252.4285305
"11887","1kmE3982N3093",14582.8564235
"11888","1kmE3982N3094",12979.141967
"11889","1kmE3982N3095",12661.445811
"11890","1kmE3982N3096",13472.9246085
"11891","1kmE3982N3097",8550.9616385
"11892","1kmE3982N3098",8985.520367
"11893","1kmE3982N3099",9138.361109
"11894","1kmE3982N3100",8992.120989
"11895","1kmE3982N3101",7704.592458
"11896","1kmE3982N3102",8853.642484
"11897","1kmE3982N3103",12559.084212
"11898","1kmE3982N3104",10983.5698225
"11899","1kmE3982N3105",13497.8593645
"11900","1kmE3982N3106",16431.4490265
"11901","1kmE3982N3107",17786.8074495
"11902","1kmE3982N3108",13257.9194185
"11903","1kmE3982N3109",13513.5303745
"11904","1kmE3982N3110",15138.0898665
"11905","1kmE3982N3111",12947.1398955
"11906","1kmE3982N3112",12327.5459815
"11907","1kmE3982N3113",8384.540549
"11908","1kmE3982N3114",6953.986598
"11909","1kmE3982N3115",10136.353128
"11910","1kmE3982N3116",11002.995084
"11911","1kmE3982N3117",7953.4695995
"11912","1kmE3982N3118",12630.5828525
"11913","1kmE3982N3119",7574.6378485
"11914","1kmE3982N3120",10183.492388
"11915","1kmE3982N3121",8411.0593085
"11916","1kmE3982N3122",5654.4974245
"11917","1kmE3982N3123",3333.7465845
"11918","1kmE3982N3124",4626.564882
"11919","1kmE3982N3125",8929.354795
"11920","1kmE3982N3126",16160.9408315
"11921","1kmE3982N3127",10239.3882945
"11922","1kmE3982N3128",8738.989143
"11923","1kmE3982N3129",10569.7913615
"11924","1kmE3982N3130",13567.1316005
"11925","1kmE3982N3131",13036.791435
"11926","1kmE3982N3132",11367.6181295
"11927","1kmE3982N3133",15054.3637805
"11928","1kmE3982N3134",12596.5998795
"11929","1kmE3982N3135",10700.1418455
"11930","1kmE3982N3136",8849.9868475
"11931","1kmE3982N3137",4470.974012
"11932","1kmE3982N3138",5890.620633
"11933","1kmE3982N3139",13583.726855
"11934","1kmE3982N3140",12129.753527
"11935","1kmE3982N3141",9519.1313035
"11936","1kmE3982N3142",13632.7565385
"11937","1kmE3982N3143",15453.453302
"11938","1kmE3982N3144",12901.3061865
"11939","1kmE3982N3145",5886.334496
"11940","1kmE3982N3146",2935.7066295
"11941","1kmE3982N3147",3460.463331
"11942","1kmE3982N3148",6653.8811865
"11943","1kmE3983N3078",3655.965469
"11944","1kmE3983N3079",8969.925806
"11945","1kmE3983N3080",6902.134103
"11946","1kmE3983N3081",6558.5693895
"11947","1kmE3983N3082",7346.3289595
"11948","1kmE3983N3083",7744.47369
"11949","1kmE3983N3084",8967.8044335
"11950","1kmE3983N3085",7633.530653
"11951","1kmE3983N3086",11605.604288
"11952","1kmE3983N3087",13043.967737
"11953","1kmE3983N3088",9268.8308245
"11954","1kmE3983N3089",12282.6182035
"11955","1kmE3983N3090",14550.834127
"11956","1kmE3983N3091",12914.9552605
"11957","1kmE3983N3092",13448.977067
"11958","1kmE3983N3093",17297.490353
"11959","1kmE3983N3094",16941.781278
"11960","1kmE3983N3095",17150.445609
"11961","1kmE3983N3096",11948.3085155
"11962","1kmE3983N3097",9430.6394785
"11963","1kmE3983N3098",8457.139169
"11964","1kmE3983N3099",7389.779968
"11965","1kmE3983N3100",7006.2829235
"11966","1kmE3983N3101",10594.1993845
"11967","1kmE3983N3102",6511.08196
"11968","1kmE3983N3103",10391.6478615
"11969","1kmE3983N3104",11379.5412255
"11970","1kmE3983N3105",7156.4299455
"11971","1kmE3983N3106",14381.786983
"11972","1kmE3983N3107",15369.8298265
"11973","1kmE3983N3108",13583.702414
"11974","1kmE3983N3109",11984.4158565
"11975","1kmE3983N3110",12927.3066345
"11976","1kmE3983N3111",13797.463362
"11977","1kmE3983N3112",14316.6566695
"11978","1kmE3983N3113",11908.9034305
"11979","1kmE3983N3114",9991.4274715
"11980","1kmE3983N3115",7768.512318
"11981","1kmE3983N3116",11216.332767
"11982","1kmE3983N3117",8100.6211555
"11983","1kmE3983N3118",10800.8820335
"11984","1kmE3983N3119",7558.952865
"11985","1kmE3983N3120",10758.494251
"11986","1kmE3983N3121",4943.0548945
"11987","1kmE3983N3122",3539.385909
"11988","1kmE3983N3123",7594.7072945
"11989","1kmE3983N3124",5138.2068265
"11990","1kmE3983N3125",11258.625223
"11991","1kmE3983N3126",16895.651958
"11992","1kmE3983N3127",15044.4960015
"11993","1kmE3983N3128",12211.84893
"11994","1kmE3983N3129",3760.331667
"11995","1kmE3983N3130",6315.960332
"11996","1kmE3983N3131",10873.2044255
"11997","1kmE3983N3132",15631.673528
"11998","1kmE3983N3133",18888.1115685
"11999","1kmE3983N3134",13243.0088265
"12000","1kmE3983N3135",15525.4943725
"12001","1kmE3983N3136",13427.896276
"12002","1kmE3983N3137",11212.1236235
"12003","1kmE3983N3138",8890.9880075
"12004","1kmE3983N3139",11014.4798675
"12005","1kmE3983N3140",11984.6467205
"12006","1kmE3983N3141",10771.0862735
"12007","1kmE3983N3142",12186.593498
"12008","1kmE3983N3143",7731.80499
"12009","1kmE3983N3144",9360.096905
"12010","1kmE3984N3078",6564.6163185
"12011","1kmE3984N3079",9733.000288
"12012","1kmE3984N3080",8560.2340565
"12013","1kmE3984N3081",5495.706866
"12014","1kmE3984N3082",6169.3993425
"12015","1kmE3984N3083",8489.555831
"12016","1kmE3984N3084",7605.7817545
"12017","1kmE3984N3085",8125.443722
"12018","1kmE3984N3086",9182.6083645
"12019","1kmE3984N3087",12203.673984
"12020","1kmE3984N3088",10182.0402395
"12021","1kmE3984N3089",11514.3979605
"12022","1kmE3984N3090",12482.0428585
"12023","1kmE3984N3091",14354.19849
"12024","1kmE3984N3092",15703.0893545
"12025","1kmE3984N3093",17347.709032
"12026","1kmE3984N3094",17119.4656145
"12027","1kmE3984N3095",12857.028606
"12028","1kmE3984N3096",9006.27856
"12029","1kmE3984N3097",9311.07526
"12030","1kmE3984N3098",11146.5148445
"12031","1kmE3984N3099",4981.6837135
"12032","1kmE3984N3100",7944.0993665
"12033","1kmE3984N3101",12300.7924035
"12034","1kmE3984N3102",12389.3207995
"12035","1kmE3984N3103",12212.9089535
"12036","1kmE3984N3104",10168.9632785
"12037","1kmE3984N3105",11672.509935
"12038","1kmE3984N3106",14130.82559
"12039","1kmE3984N3107",15179.623964
"12040","1kmE3984N3108",14269.826905
"12041","1kmE3984N3109",10747.980702
"12042","1kmE3984N3110",9580.807704
"12043","1kmE3984N3111",12410.716919
"12044","1kmE3984N3112",14007.3801235
"12045","1kmE3984N3113",13608.1498445
"12046","1kmE3984N3114",13185.742171
"12047","1kmE3984N3115",10455.843457
"12048","1kmE3984N3116",11048.47896
"12049","1kmE3984N3117",10691.3391415
"12050","1kmE3984N3118",11871.55298
"12051","1kmE3984N3119",8301.8504275
"12052","1kmE3984N3120",8061.35065
"12053","1kmE3984N3121",8991.094453
"12054","1kmE3984N3122",9222.2612485
"12055","1kmE3984N3123",5131.529837
"12056","1kmE3984N3124",2406.1700555
"12057","1kmE3984N3125",9137.527733
"12058","1kmE3984N3126",14479.526144
"12059","1kmE3984N3127",16234.093241
"12060","1kmE3984N3128",11290.3861275
"12061","1kmE3984N3129",6350.912589
"12062","1kmE3984N3130",5717.9433555
"12063","1kmE3984N3131",8061.380507
"12064","1kmE3984N3132",8960.917911
"12065","1kmE3984N3133",15236.061905
"12066","1kmE3984N3134",14223.158838
"12067","1kmE3984N3135",15398.339179
"12068","1kmE3984N3136",12231.566892
"12069","1kmE3984N3137",9299.850192
"12070","1kmE3984N3138",10795.126517
"12071","1kmE3984N3139",6080.0319085
"12072","1kmE3984N3140",6423.2877705
"12073","1kmE3984N3141",8249.1039175
"12074","1kmE3984N3142",9263.910673
"12075","1kmE3984N3143",5067.8780035
"12076","1kmE3984N3144",7371.5924435
"12077","1kmE3984N3145",3172.5875875
"12078","1kmE3985N3077",6027.559939
"12079","1kmE3985N3078",10097.398279
"12080","1kmE3985N3079",11523.897392
"12081","1kmE3985N3080",11623.5885405
"12082","1kmE3985N3081",5719.1351675
"12083","1kmE3985N3082",8149.027954
"12084","1kmE3985N3083",9727.8506795
"12085","1kmE3985N3084",9646.0231945
"12086","1kmE3985N3085",6477.686109
"12087","1kmE3985N3086",6415.697041
"12088","1kmE3985N3087",10178.7601525
"12089","1kmE3985N3088",10756.8197265
"12090","1kmE3985N3089",10084.9491525
"12091","1kmE3985N3090",10707.3777095
"12092","1kmE3985N3091",13149.231777
"12093","1kmE3985N3092",12306.082259
"12094","1kmE3985N3093",15349.0960765
"12095","1kmE3985N3094",14663.708128
"12096","1kmE3985N3095",9748.205886
"12097","1kmE3985N3096",10606.7376115
"12098","1kmE3985N3097",15268.702402
"12099","1kmE3985N3098",16768.399738
"12100","1kmE3985N3099",9567.93058
"12101","1kmE3985N3100",6232.635592
"12102","1kmE3985N3101",12802.486476
"12103","1kmE3985N3102",14154.934529
"12104","1kmE3985N3103",12764.7833065
"12105","1kmE3985N3104",12055.9348
"12106","1kmE3985N3105",14465.9642105
"12107","1kmE3985N3106",15802.5493785
"12108","1kmE3985N3107",17428.292598
"12109","1kmE3985N3108",16950.3454465
"12110","1kmE3985N3109",15490.1653445
"12111","1kmE3985N3110",12444.279836
"12112","1kmE3985N3111",11878.8577945
"12113","1kmE3985N3112",13577.3242275
"12114","1kmE3985N3113",12808.089776
"12115","1kmE3985N3114",13094.7495545
"12116","1kmE3985N3115",10166.5066225
"12117","1kmE3985N3116",10663.162808
"12118","1kmE3985N3117",10788.084877
"12119","1kmE3985N3118",9024.5195075
"12120","1kmE3985N3119",8590.1717755
"12121","1kmE3985N3120",9204.8536915
"12122","1kmE3985N3121",9778.2471085
"12123","1kmE3985N3122",7879.6077235
"12124","1kmE3985N3123",6111.8039175
"12125","1kmE3985N3124",3702.402896
"12126","1kmE3985N3125",9802.024637
"12127","1kmE3985N3126",12943.8552295
"12128","1kmE3985N3127",12056.136683
"12129","1kmE3985N3128",7511.9447515
"12130","1kmE3985N3129",7790.132121
"12131","1kmE3985N3130",6699.9336645
"12132","1kmE3985N3131",10094.3830975
"12133","1kmE3985N3132",7461.940363
"12134","1kmE3985N3133",5946.408651
"12135","1kmE3985N3134",10723.8505135
"12136","1kmE3985N3135",14773.5243825
"12137","1kmE3985N3136",17642.5144225
"12138","1kmE3985N3137",12614.475601
"12139","1kmE3985N3138",10087.867982
"12140","1kmE3985N3139",10824.018728
"12141","1kmE3985N3140",11949.7548955
"12142","1kmE3985N3141",10290.014999
"12143","1kmE3985N3142",9749.7258595
"12144","1kmE3985N3143",7627.3482375
"12145","1kmE3985N3144",8073.6330675
"12146","1kmE3985N3145",2097.584477
"12147","1kmE3986N3077",5372.9750305
"12148","1kmE3986N3078",9769.2877075
"12149","1kmE3986N3079",10866.694822
"12150","1kmE3986N3080",12397.5948195
"12151","1kmE3986N3081",12503.0869105
"12152","1kmE3986N3082",13688.395846
"12153","1kmE3986N3083",14273.5590175
"12154","1kmE3986N3084",10383.3258145
"12155","1kmE3986N3085",7646.752213
"12156","1kmE3986N3086",8054.8362095
"12157","1kmE3986N3087",8445.2521955
"12158","1kmE3986N3088",9483.4062985
"12159","1kmE3986N3089",10019.6217205
"12160","1kmE3986N3090",10681.8576285
"12161","1kmE3986N3091",7675.480828
"12162","1kmE3986N3092",9013.323078
"12163","1kmE3986N3093",13008.8595735
"12164","1kmE3986N3094",14333.2548715
"12165","1kmE3986N3095",13833.2168495
"12166","1kmE3986N3096",10310.530975
"12167","1kmE3986N3097",10650.3229995
"12168","1kmE3986N3098",10577.1577885
"12169","1kmE3986N3099",9416.3913315
"12170","1kmE3986N3100",12721.3422755
"12171","1kmE3986N3101",14670.945259
"12172","1kmE3986N3102",15325.546101
"12173","1kmE3986N3103",15297.9445615
"12174","1kmE3986N3104",14242.900724
"12175","1kmE3986N3105",14663.9669845
"12176","1kmE3986N3106",14475.9830505
"12177","1kmE3986N3107",17654.5282105
"12178","1kmE3986N3108",14528.176449
"12179","1kmE3986N3109",11895.405448
"12180","1kmE3986N3110",13206.2742335
"12181","1kmE3986N3111",8963.4813945
"12182","1kmE3986N3112",10636.251879
"12183","1kmE3986N3113",8850.4643825
"12184","1kmE3986N3114",9304.4141685
"12185","1kmE3986N3115",10574.3728895
"12186","1kmE3986N3116",14294.43914
"12187","1kmE3986N3117",15950.255311
"12188","1kmE3986N3118",14322.948002
"12189","1kmE3986N3119",8096.8737255
"12190","1kmE3986N3120",9765.5224725
"12191","1kmE3986N3121",13744.4180875
"12192","1kmE3986N3122",9129.969939
"12193","1kmE3986N3123",11823.0567275
"12194","1kmE3986N3124",8877.466252
"12195","1kmE3986N3125",10555.566162
"12196","1kmE3986N3126",7494.5607065
"12197","1kmE3986N3127",7946.066849
"12198","1kmE3986N3128",10267.1724925
"12199","1kmE3986N3129",4659.6933075
"12200","1kmE3986N3130",10343.471612
"12201","1kmE3986N3131",5852.518201
"12202","1kmE3986N3132",10701.091034
"12203","1kmE3986N3133",6482.297316
"12204","1kmE3986N3134",10016.277606
"12205","1kmE3986N3135",10598.0341265
"12206","1kmE3986N3136",13331.881255
"12207","1kmE3986N3137",7676.471959
"12208","1kmE3986N3138",5700.6429275
"12209","1kmE3986N3139",7219.866153
"12210","1kmE3986N3140",9704.826406
"12211","1kmE3986N3141",10359.9665755
"12212","1kmE3986N3142",8381.7966225
"12213","1kmE3986N3143",10455.806019
"12214","1kmE3986N3144",8933.4269125
"12215","1kmE3986N3145",4431.498947
"12216","1kmE3987N3078",7268.3480485
"12217","1kmE3987N3079",8703.6635275
"12218","1kmE3987N3080",9387.3664325
"12219","1kmE3987N3081",13598.8883915
"12220","1kmE3987N3082",18042.8426515
"12221","1kmE3987N3083",18513.4389935
"12222","1kmE3987N3084",12287.602619
"12223","1kmE3987N3085",12703.1246945
"12224","1kmE3987N3086",10497.3541735
"12225","1kmE3987N3087",9749.9392275
"12226","1kmE3987N3088",9428.224856
"12227","1kmE3987N3089",9829.9041785
"12228","1kmE3987N3090",11521.800018
"12229","1kmE3987N3091",9492.730132
"12230","1kmE3987N3092",10014.693398
"12231","1kmE3987N3093",14707.764998
"12232","1kmE3987N3094",16753.396198
"12233","1kmE3987N3095",10435.260673
"12234","1kmE3987N3096",12420.228744
"12235","1kmE3987N3097",8644.1682855
"12236","1kmE3987N3098",5507.252056
"12237","1kmE3987N3099",7754.737686
"12238","1kmE3987N3100",13370.0459165
"12239","1kmE3987N3101",15565.9542375
"12240","1kmE3987N3102",16551.2829955
"12241","1kmE3987N3103",16258.0227015
"12242","1kmE3987N3104",13232.532583
"12243","1kmE3987N3105",16500.743311
"12244","1kmE3987N3106",16813.580222
"12245","1kmE3987N3107",15052.6891805
"12246","1kmE3987N3108",9599.908336
"12247","1kmE3987N3109",15087.097162
"12248","1kmE3987N3110",13984.651596
"12249","1kmE3987N3111",13147.7437605
"12250","1kmE3987N3112",8961.964195
"12251","1kmE3987N3113",4419.540777
"12252","1kmE3987N3114",4793.6750205
"12253","1kmE3987N3115",10271.574414
"12254","1kmE3987N3116",14087.1322215
"12255","1kmE3987N3117",16874.835594
"12256","1kmE3987N3118",15146.200334
"12257","1kmE3987N3119",7292.997142
"12258","1kmE3987N3120",13745.8989005
"12259","1kmE3987N3121",14086.98304
"12260","1kmE3987N3122",7970.7406535
"12261","1kmE3987N3123",10582.018536
"12262","1kmE3987N3124",8564.851022
"12263","1kmE3987N3125",11105.1663625
"12264","1kmE3987N3126",3503.289285
"12265","1kmE3987N3127",9860.945929
"12266","1kmE3987N3128",11245.74752
"12267","1kmE3987N3129",7699.1964235
"12268","1kmE3987N3130",11708.022611
"12269","1kmE3987N3131",5556.9042975
"12270","1kmE3987N3132",4515.0449055
"12271","1kmE3987N3133",6695.262446
"12272","1kmE3987N3134",7402.8557915
"12273","1kmE3987N3135",11847.510648
"12274","1kmE3987N3136",13671.049499
"12275","1kmE3987N3137",6150.6111115
"12276","1kmE3987N3138",4006.0979985
"12277","1kmE3987N3139",4802.821895
"12278","1kmE3987N3140",3904.192496
"12279","1kmE3987N3141",6918.5418845
"12280","1kmE3987N3142",8200.420186
"12281","1kmE3987N3143",8822.7587925
"12282","1kmE3987N3144",9452.8064595
"12283","1kmE3987N3145",5462.9015025
"12284","1kmE3988N3078",3554.8087685
"12285","1kmE3988N3079",7437.8993135
"12286","1kmE3988N3080",8995.9539695
"12287","1kmE3988N3081",9988.990884
"12288","1kmE3988N3082",11010.6974565
"12289","1kmE3988N3083",16010.9766
"12290","1kmE3988N3084",16540.908492
"12291","1kmE3988N3085",17567.8786425
"12292","1kmE3988N3086",16440.701975
"12293","1kmE3988N3087",12597.4323425
"12294","1kmE3988N3088",11159.148843
"12295","1kmE3988N3089",9757.7571365
"12296","1kmE3988N3090",10366.1599965
"12297","1kmE3988N3091",11257.263658
"12298","1kmE3988N3092",10891.5700225
"12299","1kmE3988N3093",9326.170955
"12300","1kmE3988N3094",11460.6141735
"12301","1kmE3988N3095",9491.6321645
"12302","1kmE3988N3096",5773.0006395
"12303","1kmE3988N3097",7737.849978
"12304","1kmE3988N3098",10497.32313
"12305","1kmE3988N3099",10813.211542
"12306","1kmE3988N3100",12926.3731585
"12307","1kmE3988N3101",14488.96527
"12308","1kmE3988N3102",16506.871815
"12309","1kmE3988N3103",16016.3687745
"12310","1kmE3988N3104",13970.4105035
"12311","1kmE3988N3105",17236.8973605
"12312","1kmE3988N3106",17887.5154995
"12313","1kmE3988N3107",15670.5900205
"12314","1kmE3988N3108",11966.1121165
"12315","1kmE3988N3109",12385.5507495
"12316","1kmE3988N3110",12044.8321485
"12317","1kmE3988N3111",12686.1464125
"12318","1kmE3988N3112",8806.104025
"12319","1kmE3988N3113",10355.109598
"12320","1kmE3988N3114",11161.8676045
"12321","1kmE3988N3115",9127.932882
"12322","1kmE3988N3116",9819.546738
"12323","1kmE3988N3117",10765.7301365
"12324","1kmE3988N3118",6367.6544015
"12325","1kmE3988N3119",6212.817056
"12326","1kmE3988N3120",7985.8764245
"12327","1kmE3988N3121",11786.0024175
"12328","1kmE3988N3122",12976.2087045
"12329","1kmE3988N3123",6496.172112
"12330","1kmE3988N3124",7440.222236
"12331","1kmE3988N3125",8692.218129
"12332","1kmE3988N3126",8126.4305635
"12333","1kmE3988N3127",7795.8072365
"12334","1kmE3988N3128",9868.3900655
"12335","1kmE3988N3129",6727.262684
"12336","1kmE3988N3130",6623.3073025
"12337","1kmE3988N3131",7558.426725
"12338","1kmE3988N3132",3748.57563
"12339","1kmE3988N3133",4727.022094
"12340","1kmE3988N3134",10561.5673465
"12341","1kmE3988N3135",11085.4094525
"12342","1kmE3988N3136",6341.3854585
"12343","1kmE3988N3137",6048.5588975
"12344","1kmE3988N3138",2537.9130885
"12345","1kmE3988N3139",4153.3603255
"12346","1kmE3988N3140",1612.5438135
"12347","1kmE3988N3141",3399.0502725
"12348","1kmE3988N3142",7379.020575
"12349","1kmE3988N3143",10066.63236
"12350","1kmE3988N3144",10645.57851
"12351","1kmE3989N3077",2862.6973935
"12352","1kmE3989N3078",6209.7900435
"12353","1kmE3989N3079",8822.509609
"12354","1kmE3989N3080",10456.871775
"12355","1kmE3989N3081",9604.371569
"12356","1kmE3989N3082",10062.743914
"12357","1kmE3989N3083",12285.443079
"12358","1kmE3989N3084",13985.6207605
"12359","1kmE3989N3085",15176.895264
"12360","1kmE3989N3086",13407.6308345
"12361","1kmE3989N3087",13628.1570455
"12362","1kmE3989N3088",10333.5426655
"12363","1kmE3989N3089",10920.5399025
"12364","1kmE3989N3090",11356.5521435
"12365","1kmE3989N3091",9959.3379315
"12366","1kmE3989N3092",8886.0724465
"12367","1kmE3989N3093",11223.7927625
"12368","1kmE3989N3094",11861.888795
"12369","1kmE3989N3095",12218.9862475
"12370","1kmE3989N3096",10127.9271895
"12371","1kmE3989N3097",13476.4092205
"12372","1kmE3989N3098",13945.080233
"12373","1kmE3989N3099",7870.710014
"12374","1kmE3989N3100",10437.3978765
"12375","1kmE3989N3101",10740.588854
"12376","1kmE3989N3102",13111.721383
"12377","1kmE3989N3103",14426.933264
"12378","1kmE3989N3104",14892.770767
"12379","1kmE3989N3105",14082.1052795
"12380","1kmE3989N3106",10234.4119175
"12381","1kmE3989N3107",12650.461928
"12382","1kmE3989N3108",15625.7964335
"12383","1kmE3989N3109",16475.2645715
"12384","1kmE3989N3110",13525.9348445
"12385","1kmE3989N3111",11145.935482
"12386","1kmE3989N3112",8921.1595845
"12387","1kmE3989N3113",6689.5670455
"12388","1kmE3989N3114",8213.1289775
"12389","1kmE3989N3115",7013.565031
"12390","1kmE3989N3116",10681.0262885
"12391","1kmE3989N3117",13075.7744755
"12392","1kmE3989N3118",11097.2592645
"12393","1kmE3989N3119",7856.790685
"12394","1kmE3989N3120",10506.049768
"12395","1kmE3989N3121",8400.418127
"12396","1kmE3989N3122",9694.3510605
"12397","1kmE3989N3123",9609.2206885
"12398","1kmE3989N3124",9071.1240805
"12399","1kmE3989N3125",9705.784543
"12400","1kmE3989N3126",7702.9237645
"12401","1kmE3989N3127",11592.9680165
"12402","1kmE3989N3128",9311.0501045
"12403","1kmE3989N3129",8964.271834
"12404","1kmE3989N3130",4123.2442185
"12405","1kmE3989N3131",2389.434917
"12406","1kmE3989N3132",925.854565
"12407","1kmE3989N3133",3666.156373
"12408","1kmE3989N3134",5073.5046555
"12409","1kmE3989N3135",4761.1681755
"12410","1kmE3989N3136",6109.456745
"12411","1kmE3989N3137",8007.500608
"12412","1kmE3989N3138",6398.8337265
"12413","1kmE3989N3142",8152.9457155
"12414","1kmE3989N3143",9707.346022
"12415","1kmE3990N3078",4176.491719
"12416","1kmE3990N3079",6900.807602
"12417","1kmE3990N3080",11736.1128265
"12418","1kmE3990N3081",10674.662203
"12419","1kmE3990N3082",8612.824297
"12420","1kmE3990N3083",10944.0509425
"12421","1kmE3990N3084",9813.423713
"12422","1kmE3990N3085",11286.146938
"12423","1kmE3990N3086",13673.590096
"12424","1kmE3990N3087",13522.704264
"12425","1kmE3990N3088",12536.4029895
"12426","1kmE3990N3089",12460.2620255
"12427","1kmE3990N3090",10476.813317
"12428","1kmE3990N3091",11076.84353
"12429","1kmE3990N3092",8510.7795985
"12430","1kmE3990N3093",8281.381093
"12431","1kmE3990N3094",6772.4113595
"12432","1kmE3990N3095",5999.017951
"12433","1kmE3990N3096",14109.698172
"12434","1kmE3990N3097",15813.1968275
"12435","1kmE3990N3098",13086.974386
"12436","1kmE3990N3099",8336.5554355
"12437","1kmE3990N3100",7161.4814105
"12438","1kmE3990N3101",13653.72228
"12439","1kmE3990N3102",10034.8405685
"12440","1kmE3990N3103",11458.2711225
"12441","1kmE3990N3104",16078.9867965
"12442","1kmE3990N3105",14845.0450335
"12443","1kmE3990N3106",17041.189617
"12444","1kmE3990N3107",14285.0569945
"12445","1kmE3990N3108",15974.8861025
"12446","1kmE3990N3109",18244.067133
"12447","1kmE3990N3110",16271.190134
"12448","1kmE3990N3111",11936.722494
"12449","1kmE3990N3112",9293.8300985
"12450","1kmE3990N3113",2618.4711345
"12451","1kmE3990N3114",8906.3457235
"12452","1kmE3990N3115",8546.2538575
"12453","1kmE3990N3116",9907.3737865
"12454","1kmE3990N3117",16093.460024
"12455","1kmE3990N3118",16337.8256
"12456","1kmE3990N3119",11383.226526
"12457","1kmE3990N3120",13291.881864
"12458","1kmE3990N3121",11457.073487
"12459","1kmE3990N3122",7413.1340235
"12460","1kmE3990N3123",9060.828747
"12461","1kmE3990N3124",8135.5329785
"12462","1kmE3990N3125",6060.613345
"12463","1kmE3990N3126",11580.5935905
"12464","1kmE3990N3127",10785.0512915
"12465","1kmE3990N3128",8885.9016975
"12466","1kmE3990N3129",6386.0036135
"12467","1kmE3990N3130",4693.0308575
"12468","1kmE3990N3131",5762.3744685
"12469","1kmE3990N3132",6700.3266375
"12470","1kmE3990N3133",4261.614396
"12471","1kmE3990N3134",7566.041571
"12472","1kmE3990N3135",9873.970081
"12473","1kmE3990N3136",8497.549499
"12474","1kmE3990N3137",7259.8787325
"12475","1kmE3990N3138",6684.530063
"12476","1kmE3990N3139",4017.8417695
"12477","1kmE3991N3079",5200.772785
"12478","1kmE3991N3080",10347.6333765
"12479","1kmE3991N3081",9750.336232
"12480","1kmE3991N3082",10105.818555
"12481","1kmE3991N3083",8506.542856
"12482","1kmE3991N3084",9516.816586
"12483","1kmE3991N3085",13077.5190055
"12484","1kmE3991N3086",13615.038213
"12485","1kmE3991N3087",12887.906887
"12486","1kmE3991N3088",13538.698478
"12487","1kmE3991N3089",11993.370967
"12488","1kmE3991N3090",13266.4646005
"12489","1kmE3991N3091",14188.6327565
"12490","1kmE3991N3092",16928.4447365
"12491","1kmE3991N3093",11968.437611
"12492","1kmE3991N3094",12462.988128
"12493","1kmE3991N3095",9886.0783385
"12494","1kmE3991N3096",17031.4042245
"12495","1kmE3991N3097",14908.8557425
"12496","1kmE3991N3098",5801.555432
"12497","1kmE3991N3099",3804.5193445
"12498","1kmE3991N3100",7518.3181365
"12499","1kmE3991N3101",15867.911156
"12500","1kmE3991N3102",14705.4643665
"12501","1kmE3991N3103",10841.210027
"12502","1kmE3991N3104",17443.78583
"12503","1kmE3991N3105",16124.993562
"12504","1kmE3991N3106",20271.4466765
"12505","1kmE3991N3107",18360.3003355
"12506","1kmE3991N3108",17611.9407745
"12507","1kmE3991N3109",17250.1622575
"12508","1kmE3991N3110",14683.1980715
"12509","1kmE3991N3111",11916.823711
"12510","1kmE3991N3112",12824.775569
"12511","1kmE3991N3113",9856.1328545
"12512","1kmE3991N3114",9362.6640345
"12513","1kmE3991N3115",10260.9245185
"12514","1kmE3991N3116",4846.16168
"12515","1kmE3991N3117",15440.691444
"12516","1kmE3991N3118",18354.6871245
"12517","1kmE3991N3119",14835.2388415
"12518","1kmE3991N3120",11134.651798
"12519","1kmE3991N3121",12469.597336
"12520","1kmE3991N3122",9742.9364325
"12521","1kmE3991N3123",7050.308065
"12522","1kmE3991N3124",5026.1603605
"12523","1kmE3991N3125",4940.8249215
"12524","1kmE3991N3126",10843.914217
"12525","1kmE3991N3127",9246.325088
"12526","1kmE3991N3128",8369.7433385
"12527","1kmE3991N3129",6371.424064
"12528","1kmE3991N3130",1101.963852
"12529","1kmE3991N3131",7121.5382725
"12530","1kmE3991N3132",9149.038405
"12531","1kmE3991N3133",6886.6626135
"12532","1kmE3991N3134",4031.465498
"12533","1kmE3991N3135",4527.59038
"12534","1kmE3991N3136",5006.412027
"12535","1kmE3991N3137",3989.2036125
"12536","1kmE3991N3138",4025.5760425
"12537","1kmE3991N3139",2750.052175
"12538","1kmE3992N3079",723.97044
"12539","1kmE3992N3080",8678.2108225
"12540","1kmE3992N3081",9055.4806375
"12541","1kmE3992N3082",9781.5667445
"12542","1kmE3992N3083",9672.9791125
"12543","1kmE3992N3084",12053.172718
"12544","1kmE3992N3085",11235.1200415
"12545","1kmE3992N3086",12604.248113
"12546","1kmE3992N3087",11866.7881355
"12547","1kmE3992N3088",11386.765625
"12548","1kmE3992N3089",9835.1367325
"12549","1kmE3992N3090",14271.60805
"12550","1kmE3992N3091",14963.389291
"12551","1kmE3992N3092",17681.389928
"12552","1kmE3992N3093",15946.2493955
"12553","1kmE3992N3094",9346.1562215
"12554","1kmE3992N3095",4318.7834435
"12555","1kmE3992N3096",16852.292574
"12556","1kmE3992N3097",15936.442157
"12557","1kmE3992N3098",10353.454056
"12558","1kmE3992N3099",5333.681542
"12559","1kmE3992N3100",7210.608793
"12560","1kmE3992N3101",15793.3289105
"12561","1kmE3992N3102",14308.545899
"12562","1kmE3992N3103",11635.889975
"12563","1kmE3992N3104",16037.9151595
"12564","1kmE3992N3105",16384.922239
"12565","1kmE3992N3106",20837.4973965
"12566","1kmE3992N3107",21340.673921
"12567","1kmE3992N3108",20409.151129
"12568","1kmE3992N3109",18237.103063
"12569","1kmE3992N3110",16445.5629225
"12570","1kmE3992N3111",12421.647183
"12571","1kmE3992N3112",15226.602642
"12572","1kmE3992N3113",13493.833094
"12573","1kmE3992N3114",7617.1727205
"12574","1kmE3992N3115",11313.8011455
"12575","1kmE3992N3116",8491.4319685
"12576","1kmE3992N3117",12195.564562
"12577","1kmE3992N3118",18665.3577185
"12578","1kmE3992N3119",17795.0829785
"12579","1kmE3992N3120",13491.5366235
"12580","1kmE3992N3121",10065.776889
"12581","1kmE3992N3122",11336.162441
"12582","1kmE3992N3123",8532.0904585
"12583","1kmE3992N3124",5328.918788
"12584","1kmE3992N3125",6857.1415955
"12585","1kmE3992N3126",9531.9165
"12586","1kmE3992N3127",7927.6056885
"12587","1kmE3992N3128",6604.248914
"12588","1kmE3992N3129",9121.658412
"12589","1kmE3992N3130",7140.443101
"12590","1kmE3992N3131",7528.48948
"12591","1kmE3992N3132",5541.8992005
"12592","1kmE3992N3133",8508.1202885
"12593","1kmE3992N3134",6151.3128245
"12594","1kmE3992N3135",5179.396648
"12595","1kmE3992N3136",9623.571438
"12596","1kmE3992N3137",9844.300531
"12597","1kmE3992N3138",4780.4262105
"12598","1kmE3993N3080",3957.472682
"12599","1kmE3993N3081",7719.2953765
"12600","1kmE3993N3082",10775.0602225
"12601","1kmE3993N3083",13144.5550865
"12602","1kmE3993N3084",14297.198268
"12603","1kmE3993N3085",14108.0934685
"12604","1kmE3993N3086",14091.4351845
"12605","1kmE3993N3087",13504.485293
"12606","1kmE3993N3088",15327.029813
"12607","1kmE3993N3089",13620.258637
"12608","1kmE3993N3090",9521.448604
"12609","1kmE3993N3091",12550.3476925
"12610","1kmE3993N3092",14951.1798855
"12611","1kmE3993N3093",12660.048953
"12612","1kmE3993N3094",12785.236839
"12613","1kmE3993N3095",9296.6474535
"12614","1kmE3993N3096",15705.9622215
"12615","1kmE3993N3097",12945.6476945
"12616","1kmE3993N3098",8199.8708455
"12617","1kmE3993N3099",11844.142918
"12618","1kmE3993N3100",9223.9003805
"12619","1kmE3993N3101",5343.804761
"12620","1kmE3993N3102",6191.4150995
"12621","1kmE3993N3103",10810.040603
"12622","1kmE3993N3104",12361.995335
"12623","1kmE3993N3105",16564.3719785
"12624","1kmE3993N3106",17595.941942
"12625","1kmE3993N3107",19328.2561155
"12626","1kmE3993N3108",18558.3514265
"12627","1kmE3993N3109",13300.6128935
"12628","1kmE3993N3110",17928.6416845
"12629","1kmE3993N3111",14525.605119
"12630","1kmE3993N3112",14540.6199205
"12631","1kmE3993N3113",11694.6012305
"12632","1kmE3993N3114",8805.0873065
"12633","1kmE3993N3115",15302.063765
"12634","1kmE3993N3116",11661.1114905
"12635","1kmE3993N3117",8996.87283
"12636","1kmE3993N3118",17217.2761745
"12637","1kmE3993N3119",19274.9587955
"12638","1kmE3993N3120",15368.808909
"12639","1kmE3993N3121",7125.462771
"12640","1kmE3993N3122",11597.5622295
"12641","1kmE3993N3123",9335.7973335
"12642","1kmE3993N3124",6194.6184665
"12643","1kmE3993N3125",8134.2866405
"12644","1kmE3993N3126",9682.548349
"12645","1kmE3993N3127",8704.146515
"12646","1kmE3993N3128",5918.945985
"12647","1kmE3993N3129",9105.2685585
"12648","1kmE3993N3130",10144.2531265
"12649","1kmE3993N3131",7057.1053505
"12650","1kmE3993N3132",9670.675556
"12651","1kmE3993N3133",4938.739437
"12652","1kmE3993N3134",3097.153655
"12653","1kmE3993N3135",2160.901908
"12654","1kmE3993N3136",3971.9795755
"12655","1kmE3993N3137",13153.441748
"12656","1kmE3993N3138",7784.288925
"12657","1kmE3994N3080",5549.4731635
"12658","1kmE3994N3081",9859.868422
"12659","1kmE3994N3082",5827.107242
"12660","1kmE3994N3083",12384.184001
"12661","1kmE3994N3084",14060.82627
"12662","1kmE3994N3085",13060.9279345
"12663","1kmE3994N3086",11667.7461475
"12664","1kmE3994N3087",11470.172426
"12665","1kmE3994N3088",15494.2399835
"12666","1kmE3994N3089",17569.3725125
"12667","1kmE3994N3090",10687.8505805
"12668","1kmE3994N3091",11001.9979285
"12669","1kmE3994N3092",14439.5452265
"12670","1kmE3994N3093",14032.666927
"12671","1kmE3994N3094",12027.8546765
"12672","1kmE3994N3095",12551.8700275
"12673","1kmE3994N3096",15027.4320555
"12674","1kmE3994N3097",10576.0550295
"12675","1kmE3994N3098",5147.004641
"12676","1kmE3994N3099",10921.204264
"12677","1kmE3994N3100",8531.638707
"12678","1kmE3994N3101",10287.35046
"12679","1kmE3994N3102",11633.0819675
"12680","1kmE3994N3103",4366.878041
"12681","1kmE3994N3104",10861.248552
"12682","1kmE3994N3105",13156.7728545
"12683","1kmE3994N3106",15241.635151
"12684","1kmE3994N3107",16750.662384
"12685","1kmE3994N3108",13593.992749
"12686","1kmE3994N3109",14492.4257985
"12687","1kmE3994N3110",21356.5656875
"12688","1kmE3994N3111",19536.06048
"12689","1kmE3994N3112",15003.6830705
"12690","1kmE3994N3113",9622.2036455
"12691","1kmE3994N3114",9032.390189
"12692","1kmE3994N3115",12677.434308
"12693","1kmE3994N3116",11205.4061365
"12694","1kmE3994N3117",10259.0667965
"12695","1kmE3994N3118",11965.8920895
"12696","1kmE3994N3119",17112.914595
"12697","1kmE3994N3120",13586.0541565
"12698","1kmE3994N3121",9157.4369645
"12699","1kmE3994N3122",7513.4626665
"12700","1kmE3994N3123",6280.149717
"12701","1kmE3994N3124",5392.0499045
"12702","1kmE3994N3125",6828.3105425
"12703","1kmE3994N3126",14012.7308905
"12704","1kmE3994N3127",10973.7679655
"12705","1kmE3994N3128",6359.864398
"12706","1kmE3994N3129",5325.796572
"12707","1kmE3994N3130",3704.025905
"12708","1kmE3994N3131",5061.2826115
"12709","1kmE3994N3132",5603.3147315
"12710","1kmE3994N3133",5927.338018
"12711","1kmE3994N3134",2719.989708
"12712","1kmE3994N3135",1360.5595685
"12713","1kmE3994N3136",3890.0381555
"12714","1kmE3994N3137",8392.8320785
"12715","1kmE3994N3138",3012.0703055
"12716","1kmE3995N3080",8719.9929015
"12717","1kmE3995N3081",11833.293613
"12718","1kmE3995N3082",9315.374547
"12719","1kmE3995N3083",10116.580585
"12720","1kmE3995N3084",10514.8627315
"12721","1kmE3995N3085",9142.8437595
"12722","1kmE3995N3086",9905.9093415
"12723","1kmE3995N3087",12612.198022
"12724","1kmE3995N3088",16495.613476
"12725","1kmE3995N3089",17925.081294
"12726","1kmE3995N3090",15365.1102625
"12727","1kmE3995N3091",14760.56342
"12728","1kmE3995N3092",12755.400106
"12729","1kmE3995N3093",11236.1410745
"12730","1kmE3995N3094",11734.498813
"12731","1kmE3995N3095",17341.584112
"12732","1kmE3995N3096",17213.7587135
"12733","1kmE3995N3097",12315.6366735
"12734","1kmE3995N3098",8000.0406185
"12735","1kmE3995N3099",11285.2222875
"12736","1kmE3995N3100",10476.748292
"12737","1kmE3995N3101",11390.304145
"12738","1kmE3995N3102",12228.504653
"12739","1kmE3995N3103",11152.0369755
"12740","1kmE3995N3104",17176.400305
"12741","1kmE3995N3105",14418.4990915
"12742","1kmE3995N3106",6885.469291
"12743","1kmE3995N3107",6812.137157
"12744","1kmE3995N3108",9450.684798
"12745","1kmE3995N3109",14691.512877
"12746","1kmE3995N3110",20663.3228195
"12747","1kmE3995N3111",18568.007239
"12748","1kmE3995N3112",16717.414611
"12749","1kmE3995N3113",12125.265082
"12750","1kmE3995N3114",13711.8583925
"12751","1kmE3995N3115",9325.0786355
"12752","1kmE3995N3116",10663.6221965
"12753","1kmE3995N3117",9460.53773
"12754","1kmE3995N3118",11789.1740095
"12755","1kmE3995N3119",16847.0289115
"12756","1kmE3995N3120",13744.9045
"12757","1kmE3995N3121",10129.323728
"12758","1kmE3995N3122",5170.968626
"12759","1kmE3995N3123",5532.9885565
"12760","1kmE3995N3124",7830.7603295
"12761","1kmE3995N3125",8593.4349885
"12762","1kmE3995N3126",12972.227379
"12763","1kmE3995N3127",6978.486057
"12764","1kmE3995N3128",4237.417349
"12765","1kmE3995N3129",1603.331246
"12766","1kmE3995N3130",1374.382382
"12767","1kmE3995N3131",5450.649588
"12768","1kmE3995N3132",3145.8173375
"12769","1kmE3995N3133",9318.178188
"12770","1kmE3995N3134",3015.981324
"12771","1kmE3995N3135",1985.1825015
"12772","1kmE3995N3136",8392.624623
"12773","1kmE3995N3137",10175.0894165
"12774","1kmE3995N3138",8179.405974
"12775","1kmE3996N3078",4888.118338
"12776","1kmE3996N3079",9824.7303105
"12777","1kmE3996N3080",10549.9662015
"12778","1kmE3996N3081",10596.705868
"12779","1kmE3996N3082",12769.817215
"12780","1kmE3996N3083",14507.9036695
"12781","1kmE3996N3084",14439.972639
"12782","1kmE3996N3085",13563.9835945
"12783","1kmE3996N3086",9814.7450335
"12784","1kmE3996N3087",14177.6890355
"12785","1kmE3996N3088",17231.1948295
"12786","1kmE3996N3089",13951.2993695
"12787","1kmE3996N3090",15781.9330295
"12788","1kmE3996N3091",16351.919199
"12789","1kmE3996N3092",13177.6654685
"12790","1kmE3996N3093",11641.13847
"12791","1kmE3996N3094",14143.8528875
"12792","1kmE3996N3095",16607.889104
"12793","1kmE3996N3096",18429.6318955
"12794","1kmE3996N3097",11887.382162
"12795","1kmE3996N3098",8816.8162685
"12796","1kmE3996N3099",8239.4792055
"12797","1kmE3996N3100",14545.7793985
"12798","1kmE3996N3101",12635.123527
"12799","1kmE3996N3102",14107.178313
"12800","1kmE3996N3103",16099.096751
"12801","1kmE3996N3104",20091.097453
"12802","1kmE3996N3105",16665.6036035
"12803","1kmE3996N3106",13316.67701
"12804","1kmE3996N3107",15188.7812915
"12805","1kmE3996N3108",11389.652158
"12806","1kmE3996N3109",12180.573553
"12807","1kmE3996N3110",18122.423979
"12808","1kmE3996N3111",14493.0547325
"12809","1kmE3996N3112",12227.806352
"12810","1kmE3996N3113",9805.105785
"12811","1kmE3996N3114",14192.993509
"12812","1kmE3996N3115",11049.9701985
"12813","1kmE3996N3116",13323.6728805
"12814","1kmE3996N3117",8984.098687
"12815","1kmE3996N3118",12337.3721265
"12816","1kmE3996N3119",14607.672403
"12817","1kmE3996N3120",11504.1197315
"12818","1kmE3996N3121",12889.340111
"12819","1kmE3996N3122",6569.7620645
"12820","1kmE3996N3123",7147.1518165
"12821","1kmE3996N3124",10811.9664015
"12822","1kmE3996N3125",10745.329379
"12823","1kmE3996N3126",8658.5076165
"12824","1kmE3996N3127",7489.0532565
"12825","1kmE3996N3128",4492.754225
"12826","1kmE3996N3129",4941.160427
"12827","1kmE3996N3130",8845.709809
"12828","1kmE3996N3131",7572.9491475
"12829","1kmE3996N3132",2213.4989955
"12830","1kmE3996N3133",2281.147124
"12831","1kmE3996N3134",5975.9718225
"12832","1kmE3996N3135",3865.359851
"12833","1kmE3996N3136",9846.482962
"12834","1kmE3996N3137",10481.4323615
"12835","1kmE3996N3138",13714.130297
"12836","1kmE3996N3139",8816.9761425
"12837","1kmE3997N3077",4566.4738595
"12838","1kmE3997N3078",6793.0475385
"12839","1kmE3997N3079",9360.4770895
"12840","1kmE3997N3080",9704.545518
"12841","1kmE3997N3081",9242.4379145
"12842","1kmE3997N3082",11412.115774
"12843","1kmE3997N3083",13352.3193885
"12844","1kmE3997N3084",12892.767247
"12845","1kmE3997N3085",15769.012006
"12846","1kmE3997N3086",15939.778794
"12847","1kmE3997N3087",16618.9642775
"12848","1kmE3997N3088",16905.175436
"12849","1kmE3997N3089",13518.9205345
"12850","1kmE3997N3090",14929.311014
"12851","1kmE3997N3091",13235.9520115
"12852","1kmE3997N3092",10826.16699
"12853","1kmE3997N3093",9798.20109
"12854","1kmE3997N3094",12708.7627635
"12855","1kmE3997N3095",16632.9190385
"12856","1kmE3997N3096",17793.6789395
"12857","1kmE3997N3097",9949.4506805
"12858","1kmE3997N3098",9280.6334535
"12859","1kmE3997N3099",11578.020432
"12860","1kmE3997N3100",14023.242584
"12861","1kmE3997N3101",13985.770134
"12862","1kmE3997N3102",16888.813557
"12863","1kmE3997N3103",18158.137685
"12864","1kmE3997N3104",19424.7545525
"12865","1kmE3997N3105",17821.8475215
"12866","1kmE3997N3106",15897.2039595
"12867","1kmE3997N3107",15694.8590185
"12868","1kmE3997N3108",13054.259126
"12869","1kmE3997N3109",12568.7926895
"12870","1kmE3997N3110",17066.448028
"12871","1kmE3997N3111",13491.0721185
"12872","1kmE3997N3112",11932.9793655
"12873","1kmE3997N3113",10370.815401
"12874","1kmE3997N3114",14243.735253
"12875","1kmE3997N3115",9841.006309
"12876","1kmE3997N3116",13261.306564
"12877","1kmE3997N3117",12596.5486725
"12878","1kmE3997N3118",11970.901818
"12879","1kmE3997N3119",13593.470677
"12880","1kmE3997N3120",11747.5681975
"12881","1kmE3997N3121",8905.8926355
"12882","1kmE3997N3122",9746.850494
"12883","1kmE3997N3123",11193.79316
"12884","1kmE3997N3124",10817.180081
"12885","1kmE3997N3125",4051.7937905
"12886","1kmE3997N3126",5519.6301375
"12887","1kmE3997N3127",5108.7282835
"12888","1kmE3997N3128",5750.534945
"12889","1kmE3997N3129",9644.214345
"12890","1kmE3997N3130",12400.9668815
"12891","1kmE3997N3131",11687.8070665
"12892","1kmE3997N3132",5655.461507
"12893","1kmE3997N3133",1914.4507865
"12894","1kmE3997N3134",5358.5740125
"12895","1kmE3997N3135",4586.306732
"12896","1kmE3997N3136",6162.0707315
"12897","1kmE3997N3137",10024.0817405
"12898","1kmE3997N3138",15577.057237
"12899","1kmE3997N3139",9287.5099275
"12900","1kmE3998N3077",6276.338503
"12901","1kmE3998N3078",8876.924296
"12902","1kmE3998N3079",8206.0644615
"12903","1kmE3998N3080",9583.867418
"12904","1kmE3998N3081",8696.597284
"12905","1kmE3998N3082",9499.2839845
"12906","1kmE3998N3083",11814.5196255
"12907","1kmE3998N3084",12973.461886
"12908","1kmE3998N3085",17027.6367825
"12909","1kmE3998N3086",19019.3431525
"12910","1kmE3998N3087",15132.5777395
"12911","1kmE3998N3088",15877.8586885
"12912","1kmE3998N3089",16116.8675285
"12913","1kmE3998N3090",16238.420469
"12914","1kmE3998N3091",14096.594566
"12915","1kmE3998N3092",13003.487412
"12916","1kmE3998N3093",10196.035216
"12917","1kmE3998N3094",14383.5776085
"12918","1kmE3998N3095",17399.5774325
"12919","1kmE3998N3096",17005.3268775
"12920","1kmE3998N3097",9699.4355655
"12921","1kmE3998N3098",7619.325681
"12922","1kmE3998N3099",12110.7006755
"12923","1kmE3998N3100",11688.099536
"12924","1kmE3998N3101",14519.893536
"12925","1kmE3998N3102",17820.3472855
"12926","1kmE3998N3103",18582.415992
"12927","1kmE3998N3104",20900.768666
"12928","1kmE3998N3105",18760.2215085
"12929","1kmE3998N3106",15692.459602
"12930","1kmE3998N3107",16087.242549
"12931","1kmE3998N3108",15917.197591
"12932","1kmE3998N3109",14270.8092635
"12933","1kmE3998N3110",14581.774575
"12934","1kmE3998N3111",8906.5618665
"12935","1kmE3998N3112",9124.097379
"12936","1kmE3998N3113",12889.562805
"12937","1kmE3998N3114",14102.9159545
"12938","1kmE3998N3115",5990.130281
"12939","1kmE3998N3116",8866.4827665
"12940","1kmE3998N3117",10192.8341075
"12941","1kmE3998N3118",9406.0519215
"12942","1kmE3998N3119",9784.7992905
"12943","1kmE3998N3120",13602.185216
"12944","1kmE3998N3121",12297.0026535
"12945","1kmE3998N3122",8285.137176
"12946","1kmE3998N3123",9310.2930035
"12947","1kmE3998N3124",11904.028751
"12948","1kmE3998N3125",11498.2647825
"12949","1kmE3998N3126",2967.5807625
"12950","1kmE3998N3127",6045.3375195
"12951","1kmE3998N3128",9666.503593
"12952","1kmE3998N3129",10320.357483
"12953","1kmE3998N3130",7762.440256
"12954","1kmE3998N3131",6827.255933
"12955","1kmE3998N3132",6762.264779
"12956","1kmE3998N3133",3785.6121785
"12957","1kmE3998N3134",10014.947221
"12958","1kmE3998N3135",7830.7594185
"12959","1kmE3998N3136",6548.559981
"12960","1kmE3998N3137",5689.858075
"12961","1kmE3998N3138",12076.158484
"12962","1kmE3998N3139",7476.016054
"12963","1kmE3999N3077",5944.428362
"12964","1kmE3999N3078",9139.3202615
"12965","1kmE3999N3079",8208.307099
"12966","1kmE3999N3080",8288.000325
"12967","1kmE3999N3081",11578.7770545
"12968","1kmE3999N3082",12524.5358595
"12969","1kmE3999N3083",10563.0304915
"12970","1kmE3999N3084",15216.1155165
"12971","1kmE3999N3085",18053.4513255
"12972","1kmE3999N3086",16027.136905
"12973","1kmE3999N3087",14484.7561175
"12974","1kmE3999N3088",15078.777694
"12975","1kmE3999N3089",16256.9143125
"12976","1kmE3999N3090",13768.499912
"12977","1kmE3999N3091",12646.645565
"12978","1kmE3999N3092",14860.762088
"12979","1kmE3999N3093",13266.905648
"12980","1kmE3999N3094",14160.56961
"12981","1kmE3999N3095",15844.5834245
"12982","1kmE3999N3096",12728.703484
"12983","1kmE3999N3097",9949.3531945
"12984","1kmE3999N3098",15834.2746675
"12985","1kmE3999N3099",17265.432689
"12986","1kmE3999N3100",12539.403694
"12987","1kmE3999N3101",15692.1481335
"12988","1kmE3999N3102",19585.304759
"12989","1kmE3999N3103",17639.907307
"12990","1kmE3999N3104",18570.6498515
"12991","1kmE3999N3105",19116.9582625
"12992","1kmE3999N3106",14418.935918
"12993","1kmE3999N3107",8173.2790005
"12994","1kmE3999N3108",17084.324952
"12995","1kmE3999N3109",15243.182599
"12996","1kmE3999N3110",12104.031315
"12997","1kmE3999N3111",14507.6684325
"12998","1kmE3999N3112",11672.183545
"12999","1kmE3999N3113",13040.8017655
"13000","1kmE3999N3114",12834.262937
"13001","1kmE3999N3115",10225.468965
"13002","1kmE3999N3116",3373.3752645
"13003","1kmE3999N3117",4505.0811315
"13004","1kmE3999N3118",2640.9804055
"13005","1kmE3999N3119",7657.541832
"13006","1kmE3999N3120",11609.132607
"13007","1kmE3999N3121",8936.295877
"13008","1kmE3999N3122",9368.225044
"13009","1kmE3999N3123",10904.6299315
"13010","1kmE3999N3124",12477.4080965
"13011","1kmE3999N3125",11053.506284
"13012","1kmE3999N3126",2310.084013
"13013","1kmE3999N3127",5737.2061185
"13014","1kmE3999N3128",7682.685115
"13015","1kmE3999N3129",5722.0400955
"13016","1kmE3999N3130",4987.2656645
"13017","1kmE3999N3131",5228.0125215
"13018","1kmE3999N3132",6207.0607265
"13019","1kmE3999N3133",1583.8863095
"13020","1kmE3999N3134",7335.053542
"13021","1kmE3999N3135",11898.5135785
"13022","1kmE3999N3136",13163.300491
"13023","1kmE3999N3137",9490.0343895
"13024","1kmE3999N3138",8572.456725
"13025","1kmE4000N3077",1849.482756
"13026","1kmE4000N3078",4505.2529545
"13027","1kmE4000N3079",6347.4459495
"13028","1kmE4000N3080",8048.1617665
"13029","1kmE4000N3081",10818.853035
"13030","1kmE4000N3082",11446.68126
"13031","1kmE4000N3083",13307.182625
"13032","1kmE4000N3084",14464.7829275
"13033","1kmE4000N3085",15822.7716895
"13034","1kmE4000N3086",14159.400153
"13035","1kmE4000N3087",17210.7012985
"13036","1kmE4000N3088",16565.202683
"13037","1kmE4000N3089",13843.4458785
"13038","1kmE4000N3090",10785.454341
"13039","1kmE4000N3091",9321.522989
"13040","1kmE4000N3092",9597.4385905
"13041","1kmE4000N3093",10748.271648
"13042","1kmE4000N3094",13613.3788985
"13043","1kmE4000N3095",16244.4119635
"13044","1kmE4000N3096",12282.835474
"13045","1kmE4000N3097",12533.3055195
"13046","1kmE4000N3098",17061.808292
"13047","1kmE4000N3099",17318.3201545
"13048","1kmE4000N3100",14968.4635175
"13049","1kmE4000N3101",17363.3676085
"13050","1kmE4000N3102",19748.3679845
"13051","1kmE4000N3103",19421.279164
"13052","1kmE4000N3104",17351.1522075
"13053","1kmE4000N3105",17361.8014025
"13054","1kmE4000N3106",13556.4800885
"13055","1kmE4000N3107",7688.2991745
"13056","1kmE4000N3108",14061.0645875
"13057","1kmE4000N3109",14881.415689
"13058","1kmE4000N3110",10186.26046
"13059","1kmE4000N3111",14422.5710145
"13060","1kmE4000N3112",11853.368248
"13061","1kmE4000N3113",11662.1280855
"13062","1kmE4000N3114",12125.3957865
"13063","1kmE4000N3115",10926.012586
"13064","1kmE4000N3116",8453.7421275
"13065","1kmE4000N3117",5802.1648565
"13066","1kmE4000N3118",3210.1130465
"13067","1kmE4000N3119",3904.0573045
"13068","1kmE4000N3120",2649.1547795
"13069","1kmE4000N3121",3740.5796415
"13070","1kmE4000N3122",3381.7213705
"13071","1kmE4000N3123",5516.734404
"13072","1kmE4000N3124",10922.2173155
"13073","1kmE4000N3125",16783.44984
"13074","1kmE4000N3126",15663.6978995
"13075","1kmE4000N3127",4818.8194275
"13076","1kmE4000N3128",6836.8156365
"13077","1kmE4000N3129",3352.7079715
"13078","1kmE4000N3130",3256.6107365
"13079","1kmE4000N3131",5517.95044
"13080","1kmE4000N3132",8631.9829065
"13081","1kmE4000N3133",5381.996729
"13082","1kmE4000N3134",8883.0115855
"13083","1kmE4000N3135",12755.984405
"13084","1kmE4000N3136",17050.5046115
"13085","1kmE4000N3137",17465.4741105
"13086","1kmE4000N3138",16686.153199
"13087","1kmE4001N3077",721.1215965
"13088","1kmE4001N3078",4785.263807
"13089","1kmE4001N3079",7532.715644
"13090","1kmE4001N3080",8776.2450705
"13091","1kmE4001N3081",9956.447471
"13092","1kmE4001N3082",8558.171072
"13093","1kmE4001N3083",8659.6687425
"13094","1kmE4001N3084",11183.6302065
"13095","1kmE4001N3085",13149.657586
"13096","1kmE4001N3086",14342.745918
"13097","1kmE4001N3087",16798.018368
"13098","1kmE4001N3088",16235.534752
"13099","1kmE4001N3089",11825.410164
"13100","1kmE4001N3090",12667.979404
"13101","1kmE4001N3091",12914.2217695
"13102","1kmE4001N3092",10851.6466625
"13103","1kmE4001N3093",10914.748841
"13104","1kmE4001N3094",10220.7897935
"13105","1kmE4001N3095",10149.970944
"13106","1kmE4001N3096",8856.9409
"13107","1kmE4001N3097",13442.099962
"13108","1kmE4001N3098",16510.807844
"13109","1kmE4001N3099",17927.55028
"13110","1kmE4001N3100",15693.5549755
"13111","1kmE4001N3101",13616.8868
"13112","1kmE4001N3102",20048.743694
"13113","1kmE4001N3103",19807.946973
"13114","1kmE4001N3104",14247.146367
"13115","1kmE4001N3105",8991.93539
"13116","1kmE4001N3106",11638.052762
"13117","1kmE4001N3107",10641.0779785
"13118","1kmE4001N3108",11036.6061585
"13119","1kmE4001N3109",11549.366499
"13120","1kmE4001N3110",9491.373578
"13121","1kmE4001N3111",13482.8976395
"13122","1kmE4001N3112",13965.448576
"13123","1kmE4001N3113",12390.563018
"13124","1kmE4001N3114",10517.7427705
"13125","1kmE4001N3115",10829.130932
"13126","1kmE4001N3116",6390.8991555
"13127","1kmE4001N3117",4568.6643275
"13128","1kmE4001N3118",5788.865895
"13129","1kmE4001N3119",4849.533996
"13130","1kmE4001N3120",1067.3292545
"13131","1kmE4001N3121",2565.42089
"13132","1kmE4001N3122",4665.6447615
"13133","1kmE4001N3123",11698.658537
"13134","1kmE4001N3124",14854.990628
"13135","1kmE4001N3125",12788.7655775
"13136","1kmE4001N3126",13651.6946115
"13137","1kmE4001N3127",10231.3518205
"13138","1kmE4001N3128",7486.87444
"13139","1kmE4001N3129",8497.909463
"13140","1kmE4001N3130",8831.1468855
"13141","1kmE4001N3131",6585.7786085
"13142","1kmE4001N3132",6497.986388
"13143","1kmE4001N3133",10508.992654
"13144","1kmE4001N3134",12371.497518
"13145","1kmE4001N3135",11344.9485845
"13146","1kmE4001N3136",15046.59297
"13147","1kmE4001N3137",16419.4668985
"13148","1kmE4001N3138",15802.478242
"13149","1kmE4002N3077",1460.522868
"13150","1kmE4002N3078",8420.607557
"13151","1kmE4002N3079",11034.023474
"13152","1kmE4002N3080",9254.534921
"13153","1kmE4002N3081",9628.0982205
"13154","1kmE4002N3082",10387.5892915
"13155","1kmE4002N3083",15373.259219
"13156","1kmE4002N3084",13614.4551865
"13157","1kmE4002N3085",12588.680521
"13158","1kmE4002N3086",12958.159771
"13159","1kmE4002N3087",15993.158179
"13160","1kmE4002N3088",14663.7486605
"13161","1kmE4002N3089",8613.4285525
"13162","1kmE4002N3090",12480.503932
"13163","1kmE4002N3091",11919.359957
"13164","1kmE4002N3092",10859.319023
"13165","1kmE4002N3093",11771.357725
"13166","1kmE4002N3094",12596.7851055
"13167","1kmE4002N3095",10998.72307
"13168","1kmE4002N3096",13930.191922
"13169","1kmE4002N3097",16633.1300325
"13170","1kmE4002N3098",17014.4049315
"13171","1kmE4002N3099",17230.292285
"13172","1kmE4002N3100",16043.222253
"13173","1kmE4002N3101",11376.3315015
"13174","1kmE4002N3102",18158.307026
"13175","1kmE4002N3103",19716.5575945
"13176","1kmE4002N3104",18018.556518
"13177","1kmE4002N3105",9628.1009575
"13178","1kmE4002N3106",11765.797029
"13179","1kmE4002N3107",13612.9110425
"13180","1kmE4002N3108",11130.795217
"13181","1kmE4002N3109",11124.5977835
"13182","1kmE4002N3110",9319.005396
"13183","1kmE4002N3111",9040.496794
"13184","1kmE4002N3112",14130.840271
"13185","1kmE4002N3113",11837.2212215
"13186","1kmE4002N3114",9520.1488605
"13187","1kmE4002N3115",9459.7223475
"13188","1kmE4002N3116",7203.4253515
"13189","1kmE4002N3117",7517.722274
"13190","1kmE4002N3118",8219.1392755
"13191","1kmE4002N3119",8922.907547
"13192","1kmE4002N3120",4158.325734
"13193","1kmE4002N3121",9202.856969
"13194","1kmE4002N3122",12212.8929185
"13195","1kmE4002N3123",12191.5783035
"13196","1kmE4002N3124",7373.1342525
"13197","1kmE4002N3125",9238.4548415
"13198","1kmE4002N3126",12352.606812
"13199","1kmE4002N3127",9688.3475165
"13200","1kmE4002N3128",6706.7686145
"13201","1kmE4002N3129",9067.035973
"13202","1kmE4002N3130",10167.511429
"13203","1kmE4002N3131",5602.5862935
"13204","1kmE4002N3132",7211.0228185
"13205","1kmE4002N3133",12294.9252325
"13206","1kmE4002N3134",11187.407423
"13207","1kmE4002N3135",6689.3294305
"13208","1kmE4002N3136",8475.663786
"13209","1kmE4002N3137",13271.480086
"13210","1kmE4002N3138",14941.037309
"13211","1kmE4002N3139",11098.3577535
"13212","1kmE4003N3078",4586.684151
"13213","1kmE4003N3079",6955.9341965
"13214","1kmE4003N3080",7760.828141
"13215","1kmE4003N3081",8223.053705
"13216","1kmE4003N3082",11792.4771205
"13217","1kmE4003N3083",16431.848031
"13218","1kmE4003N3084",16501.8809395
"13219","1kmE4003N3085",12443.1150445
"13220","1kmE4003N3086",12777.8486045
"13221","1kmE4003N3087",13924.544
"13222","1kmE4003N3088",12225.0927715
"13223","1kmE4003N3089",9716.458781
"13224","1kmE4003N3090",12221.0599015
"13225","1kmE4003N3091",10434.113866
"13226","1kmE4003N3092",9101.547379
"13227","1kmE4003N3093",8701.7355265
"13228","1kmE4003N3094",16539.4850845
"13229","1kmE4003N3095",14545.6074935
"13230","1kmE4003N3096",18045.9033405
"13231","1kmE4003N3097",19421.1682775
"13232","1kmE4003N3098",18077.0273355
"13233","1kmE4003N3099",16895.3014685
"13234","1kmE4003N3100",13308.1061715
"13235","1kmE4003N3101",7845.8477235
"13236","1kmE4003N3102",13970.8406125
"13237","1kmE4003N3103",16809.913607
"13238","1kmE4003N3104",17400.8803585
"13239","1kmE4003N3105",15214.652436
"13240","1kmE4003N3106",15174.279881
"13241","1kmE4003N3107",16174.6568985
"13242","1kmE4003N3108",14488.742521
"13243","1kmE4003N3109",9956.9409075
"13244","1kmE4003N3110",7366.7934105
"13245","1kmE4003N3111",2836.208144
"13246","1kmE4003N3112",9945.858295
"13247","1kmE4003N3113",8853.509869
"13248","1kmE4003N3114",8171.3154585
"13249","1kmE4003N3115",10022.696243
"13250","1kmE4003N3116",8366.717236
"13251","1kmE4003N3117",6637.8210415
"13252","1kmE4003N3118",1374.5044635
"13253","1kmE4003N3119",5779.024355
"13254","1kmE4003N3120",7912.8456165
"13255","1kmE4003N3121",7204.737392
"13256","1kmE4003N3122",7380.8817605
"13257","1kmE4003N3123",5299.4958325
"13258","1kmE4003N3124",2271.6948525
"13259","1kmE4003N3125",5148.051226
"13260","1kmE4003N3126",9017.926664
"13261","1kmE4003N3127",6159.90148
"13262","1kmE4003N3128",7925.5579225
"13263","1kmE4003N3129",5791.765988
"13264","1kmE4003N3130",3208.685849
"13265","1kmE4003N3131",2967.8589475
"13266","1kmE4003N3132",1604.9430215
"13267","1kmE4003N3133",8677.7588055
"13268","1kmE4003N3134",14746.649648
"13269","1kmE4003N3135",14791.8272005
"13270","1kmE4003N3136",9040.443164
"13271","1kmE4003N3137",8952.8264545
"13272","1kmE4003N3138",10905.303034
"13273","1kmE4003N3139",10654.002898
"13274","1kmE4003N3140",5389.4125455
"13275","1kmE4004N3079",5588.055706
"13276","1kmE4004N3080",6347.4421825
"13277","1kmE4004N3081",12107.192406
"13278","1kmE4004N3082",14432.7675475
"13279","1kmE4004N3083",17622.2162855
"13280","1kmE4004N3084",15996.875971
"13281","1kmE4004N3085",13715.9568245
"13282","1kmE4004N3086",12877.528219
"13283","1kmE4004N3087",11280.7429135
"13284","1kmE4004N3088",12682.0042325
"13285","1kmE4004N3089",11928.748409
"13286","1kmE4004N3090",14356.9251915
"13287","1kmE4004N3091",14599.019124
"13288","1kmE4004N3092",16389.053549
"13289","1kmE4004N3093",13211.904293
"13290","1kmE4004N3094",9527.2012725
"13291","1kmE4004N3095",11436.5440515
"13292","1kmE4004N3096",15737.491183
"13293","1kmE4004N3097",15962.5492055
"13294","1kmE4004N3098",15860.215369
"13295","1kmE4004N3099",14231.873692
"13296","1kmE4004N3100",10649.404928
"13297","1kmE4004N3101",6657.024474
"13298","1kmE4004N3102",10534.708563
"13299","1kmE4004N3103",12509.343314
"13300","1kmE4004N3104",16322.99643
"13301","1kmE4004N3105",17005.3863735
"13302","1kmE4004N3106",18980.584289
"13303","1kmE4004N3107",15635.2086615
"13304","1kmE4004N3108",10383.7377795
"13305","1kmE4004N3109",8745.0216895
"13306","1kmE4004N3110",5839.142371
"13307","1kmE4004N3111",2124.6695
"13308","1kmE4004N3112",7481.552588
"13309","1kmE4004N3113",7805.3025965
"13310","1kmE4004N3114",5440.6935005
"13311","1kmE4004N3115",7925.827842
"13312","1kmE4004N3116",6229.658791
"13313","1kmE4004N3117",3668.434631
"13314","1kmE4004N3118",4176.755017
"13315","1kmE4004N3119",5327.6215805
"13316","1kmE4004N3120",9043.8984155
"13317","1kmE4004N3121",8442.668678
"13318","1kmE4004N3122",6313.456571
"13319","1kmE4004N3123",7157.5641195
"13320","1kmE4004N3124",5910.477806
"13321","1kmE4004N3125",8008.433507
"13322","1kmE4004N3126",8759.3281915
"13323","1kmE4004N3127",7354.8922265
"13324","1kmE4004N3128",7799.247798
"13325","1kmE4004N3129",5779.4997285
"13326","1kmE4004N3130",6269.5809725
"13327","1kmE4004N3131",6670.294005
"13328","1kmE4004N3132",2792.400003
"13329","1kmE4004N3133",10676.4196155
"13330","1kmE4004N3134",11127.166117
"13331","1kmE4004N3135",11235.764348
"13332","1kmE4004N3136",11713.6252825
"13333","1kmE4004N3137",7656.619874
"13334","1kmE4004N3138",9676.690929
"13335","1kmE4004N3139",9771.8351525
"13336","1kmE4004N3140",5178.8427225
"13337","1kmE4005N3079",724.898648
"13338","1kmE4005N3080",921.540045999999
"13339","1kmE4005N3081",11255.9923875
"13340","1kmE4005N3082",13475.898773
"13341","1kmE4005N3083",13252.099806
"13342","1kmE4005N3084",12715.815728
"13343","1kmE4005N3085",11261.6989835
"13344","1kmE4005N3086",11794.843907
"13345","1kmE4005N3087",9226.804295
"13346","1kmE4005N3088",16839.1296075
"13347","1kmE4005N3089",13717.4623395
"13348","1kmE4005N3090",15991.384102
"13349","1kmE4005N3091",15745.2986925
"13350","1kmE4005N3092",17973.7656605
"13351","1kmE4005N3093",15746.047598
"13352","1kmE4005N3094",8175.7647305
"13353","1kmE4005N3095",10869.6848215
"13354","1kmE4005N3096",11550.388506
"13355","1kmE4005N3097",10094.069824
"13356","1kmE4005N3098",12707.346295
"13357","1kmE4005N3099",12279.677778
"13358","1kmE4005N3100",12057.6573565
"13359","1kmE4005N3101",10092.9963275
"13360","1kmE4005N3102",9886.1525485
"13361","1kmE4005N3103",9261.362018
"13362","1kmE4005N3104",15049.1919835
"13363","1kmE4005N3105",16310.10725
"13364","1kmE4005N3106",16787.1441095
"13365","1kmE4005N3107",15192.8592755
"13366","1kmE4005N3108",10421.958876
"13367","1kmE4005N3109",6979.599903
"13368","1kmE4005N3110",11859.9101195
"13369","1kmE4005N3111",7167.700874
"13370","1kmE4005N3112",7353.1111515
"13371","1kmE4005N3113",8024.6000465
"13372","1kmE4005N3114",6094.801586
"13373","1kmE4005N3115",6314.249624
"13374","1kmE4005N3116",8950.4497485
"13375","1kmE4005N3117",5778.1015475
"13376","1kmE4005N3118",5584.562058
"13377","1kmE4005N3119",4887.4765265
"13378","1kmE4005N3120",7972.5738845
"13379","1kmE4005N3121",10282.1501425
"13380","1kmE4005N3122",8942.8202175
"13381","1kmE4005N3123",9944.937922
"13382","1kmE4005N3124",13522.028128
"13383","1kmE4005N3125",10592.942502
"13384","1kmE4005N3126",5925.4839815
"13385","1kmE4005N3127",7063.616739
"13386","1kmE4005N3128",5068.472742
"13387","1kmE4005N3129",6701.710564
"13388","1kmE4005N3130",10993.225056
"13389","1kmE4005N3131",11759.453233
"13390","1kmE4005N3132",8030.772512
"13391","1kmE4005N3133",9220.561577
"13392","1kmE4005N3134",6621.656309
"13393","1kmE4005N3135",8076.74468
"13394","1kmE4005N3136",9110.272802
"13395","1kmE4005N3137",4897.6511175
"13396","1kmE4005N3138",7209.6645455
"13397","1kmE4005N3139",6384.8367195
"13398","1kmE4005N3140",6416.2953365
"13399","1kmE4005N3141",9427.225409
"13400","1kmE4006N3081",9925.138753
"13401","1kmE4006N3082",8228.3516725
"13402","1kmE4006N3083",7222.9616635
"13403","1kmE4006N3084",4341.67591
"13404","1kmE4006N3085",8061.4910585
"13405","1kmE4006N3086",10459.7787505
"13406","1kmE4006N3087",7992.750305
"13407","1kmE4006N3088",15282.9811515
"13408","1kmE4006N3089",13423.896822
"13409","1kmE4006N3090",14559.1129875
"13410","1kmE4006N3091",10757.427019
"13411","1kmE4006N3092",8250.8033825
"13412","1kmE4006N3093",10240.0427735
"13413","1kmE4006N3094",11809.0744055
"13414","1kmE4006N3095",9394.509949
"13415","1kmE4006N3096",12104.80155
"13416","1kmE4006N3097",12804.5034005
"13417","1kmE4006N3098",14690.571699
"13418","1kmE4006N3099",12310.2536995
"13419","1kmE4006N3100",12843.98062
"13420","1kmE4006N3101",11432.1442425
"13421","1kmE4006N3102",10565.8740055
"13422","1kmE4006N3103",11997.019989
"13423","1kmE4006N3104",16388.3488185
"13424","1kmE4006N3105",11539.773653
"13425","1kmE4006N3106",15284.4433285
"13426","1kmE4006N3107",16568.8590285
"13427","1kmE4006N3108",10327.974548
"13428","1kmE4006N3109",8193.3415515
"13429","1kmE4006N3110",11609.0936755
"13430","1kmE4006N3111",5903.3055525
"13431","1kmE4006N3112",6456.9097975
"13432","1kmE4006N3113",8331.539584
"13433","1kmE4006N3114",11488.679614
"13434","1kmE4006N3115",12737.010252
"13435","1kmE4006N3116",12034.297604
"13436","1kmE4006N3117",8137.718072
"13437","1kmE4006N3118",7444.326885
"13438","1kmE4006N3119",8116.558942
"13439","1kmE4006N3120",11098.63958
"13440","1kmE4006N3121",13154.560879
"13441","1kmE4006N3122",13161.7058795
"13442","1kmE4006N3123",8728.014204
"13443","1kmE4006N3124",10037.622314
"13444","1kmE4006N3125",9057.4776035
"13445","1kmE4006N3126",6530.6097385
"13446","1kmE4006N3127",8954.9787915
"13447","1kmE4006N3128",6001.1612455
"13448","1kmE4006N3129",8551.610858
"13449","1kmE4006N3130",11515.7219265
"13450","1kmE4006N3131",12747.36876
"13451","1kmE4006N3132",11434.8311845
"13452","1kmE4006N3133",13282.816783
"13453","1kmE4006N3134",12100.261805
"13454","1kmE4006N3135",16876.8709385
"13455","1kmE4006N3136",16426.8343305
"13456","1kmE4006N3137",15374.445068
"13457","1kmE4006N3138",13112.5695895
"13458","1kmE4006N3139",13550.939576
"13459","1kmE4006N3140",14127.343948
"13460","1kmE4006N3141",15549.1672895
"13461","1kmE4007N3081",3331.492635
"13462","1kmE4007N3082",4227.935132
"13463","1kmE4007N3083",6723.555336
"13464","1kmE4007N3084",7552.147646
"13465","1kmE4007N3085",9995.783029
"13466","1kmE4007N3086",9496.476916
"13467","1kmE4007N3087",7878.8449465
"13468","1kmE4007N3088",9584.260064
"13469","1kmE4007N3089",13046.7307655
"13470","1kmE4007N3090",11469.172351
"13471","1kmE4007N3091",8019.86186
"13472","1kmE4007N3092",9104.4681805
"13473","1kmE4007N3093",12890.9495375
"13474","1kmE4007N3094",13225.476132
"13475","1kmE4007N3095",14095.8550335
"13476","1kmE4007N3096",12471.2912475
"13477","1kmE4007N3097",12885.0972315
"13478","1kmE4007N3098",12941.315268
"13479","1kmE4007N3099",12601.6325685
"13480","1kmE4007N3100",12652.9752165
"13481","1kmE4007N3101",10299.8867065
"13482","1kmE4007N3102",10419.7525665
"13483","1kmE4007N3103",13623.7429475
"13484","1kmE4007N3104",14437.886827
"13485","1kmE4007N3105",10664.756605
"13486","1kmE4007N3106",6435.836848
"13487","1kmE4007N3107",15818.997922
"13488","1kmE4007N3108",15082.8304195
"13489","1kmE4007N3109",10195.991278
"13490","1kmE4007N3110",6887.25879
"13491","1kmE4007N3111",4733.5616345
"13492","1kmE4007N3112",4815.100007
"13493","1kmE4007N3113",8984.1509075
"13494","1kmE4007N3114",11818.1878555
"13495","1kmE4007N3115",13561.504689
"13496","1kmE4007N3116",9452.0681955
"13497","1kmE4007N3117",6647.6659765
"13498","1kmE4007N3118",4711.9711085
"13499","1kmE4007N3119",10095.0547475
"13500","1kmE4007N3120",7943.5749695
"13501","1kmE4007N3121",10623.574344
"13502","1kmE4007N3122",12710.9223595
"13503","1kmE4007N3123",14154.094268
"13504","1kmE4007N3124",8292.4451185
"13505","1kmE4007N3125",4547.2342835
"13506","1kmE4007N3126",4548.786447
"13507","1kmE4007N3127",7017.4362445
"13508","1kmE4007N3128",4185.097226
"13509","1kmE4007N3129",5108.9393645
"13510","1kmE4007N3130",9821.848351
"13511","1kmE4007N3131",12477.5509725
"13512","1kmE4007N3132",11869.04842
"13513","1kmE4007N3133",12749.822838
"13514","1kmE4007N3134",10312.240022
"13515","1kmE4007N3135",14306.2893995
"13516","1kmE4007N3136",12530.4611195
"13517","1kmE4007N3137",12428.412483
"13518","1kmE4007N3138",9716.7637915
"13519","1kmE4007N3139",11247.4880645
"13520","1kmE4007N3140",15823.1980475
"13521","1kmE4007N3141",15165.5311145
"13522","1kmE4008N3081",3471.0283445
"13523","1kmE4008N3082",4720.7831055
"13524","1kmE4008N3083",8105.7511585
"13525","1kmE4008N3084",8510.9178275
"13526","1kmE4008N3085",6881.3353715
"13527","1kmE4008N3086",10928.7347035
"13528","1kmE4008N3087",6001.471402
"13529","1kmE4008N3088",9529.614098
"13530","1kmE4008N3089",11929.6325045
"13531","1kmE4008N3090",10447.367956
"13532","1kmE4008N3091",7184.43587
"13533","1kmE4008N3092",7199.725797
"13534","1kmE4008N3093",14990.1007515
"13535","1kmE4008N3094",16947.732818
"13536","1kmE4008N3095",15265.7333295
"13537","1kmE4008N3096",13639.86089
"13538","1kmE4008N3097",14061.0386085
"13539","1kmE4008N3098",13639.635717
"13540","1kmE4008N3099",14185.081683
"13541","1kmE4008N3100",11198.0621545
"13542","1kmE4008N3101",9720.940062
"13543","1kmE4008N3102",7791.662467
"13544","1kmE4008N3103",11344.0634185
"13545","1kmE4008N3104",14050.0293605
"13546","1kmE4008N3105",13743.838912
"13547","1kmE4008N3106",9837.3358755
"13548","1kmE4008N3107",19914.555618
"13549","1kmE4008N3108",19132.3610785
"13550","1kmE4008N3109",16062.264354
"13551","1kmE4008N3110",7513.9049275
"13552","1kmE4008N3111",6682.229925
"13553","1kmE4008N3112",3912.5390245
"13554","1kmE4008N3113",10445.2824665
"13555","1kmE4008N3114",9517.052649
"13556","1kmE4008N3115",7303.215973
"13557","1kmE4008N3116",3861.639842
"13558","1kmE4008N3117",3099.4721305
"13559","1kmE4008N3118",1783.427729
"13560","1kmE4008N3119",1033.554387
"13561","1kmE4008N3120",2406.2821895
"13562","1kmE4008N3121",7813.138501
"13563","1kmE4008N3122",6096.35106
"13564","1kmE4008N3123",10108.0144705
"13565","1kmE4008N3124",16358.518283
"13566","1kmE4008N3125",10970.8264005
"13567","1kmE4008N3126",6612.380216
"13568","1kmE4008N3127",5252.1364305
"13569","1kmE4008N3128",5606.709242
"13570","1kmE4008N3129",4111.7771715
"13571","1kmE4008N3130",11387.517037
"13572","1kmE4008N3131",16636.7613855
"13573","1kmE4008N3132",13174.0069225
"13574","1kmE4008N3133",7333.3947975
"13575","1kmE4008N3134",3479.3622825
"13576","1kmE4008N3135",11705.815153
"13577","1kmE4008N3136",6607.214243
"13578","1kmE4008N3137",9606.5188195
"13579","1kmE4008N3138",11394.569421
"13580","1kmE4008N3139",8542.3882475
"13581","1kmE4008N3140",11447.098833
"13582","1kmE4008N3141",8577.7634545
"13583","1kmE4009N3082",2231.856915
"13584","1kmE4009N3083",7054.908357
"13585","1kmE4009N3084",6565.8983625
"13586","1kmE4009N3085",2828.356071
"13587","1kmE4009N3086",6424.612283
"13588","1kmE4009N3087",6016.2978335
"13589","1kmE4009N3088",9964.3531965
"13590","1kmE4009N3089",9274.600119
"13591","1kmE4009N3090",8340.928456
"13592","1kmE4009N3091",8222.9433485
"13593","1kmE4009N3092",7898.202708
"13594","1kmE4009N3093",15884.291587
"13595","1kmE4009N3094",18266.694742
"13596","1kmE4009N3095",19074.8970755
"13597","1kmE4009N3096",17987.845818
"13598","1kmE4009N3097",12016.9921215
"13599","1kmE4009N3098",12345.7519635
"13600","1kmE4009N3099",12938.2355275
"13601","1kmE4009N3100",11989.319477
"13602","1kmE4009N3101",12605.2044015
"13603","1kmE4009N3102",9627.769981
"13604","1kmE4009N3103",9844.320483
"13605","1kmE4009N3104",13415.236071
"13606","1kmE4009N3105",10944.425888
"13607","1kmE4009N3106",4701.3906155
"13608","1kmE4009N3107",8523.05531
"13609","1kmE4009N3108",12742.1077355
"13610","1kmE4009N3109",12222.2512205
"13611","1kmE4009N3110",7462.709931
"13612","1kmE4009N3111",7951.1819075
"13613","1kmE4009N3112",4535.1956895
"13614","1kmE4009N3113",10936.56725
"13615","1kmE4009N3114",8089.556892
"13616","1kmE4009N3115",6859.1847525
"13617","1kmE4009N3116",4286.0984815
"13618","1kmE4009N3117",3416.341452
"13619","1kmE4009N3118",3389.359968
"13620","1kmE4009N3119",3392.472582
"13621","1kmE4009N3120",4472.0823985
"13622","1kmE4009N3121",3148.177502
"13623","1kmE4009N3122",3405.4584575
"13624","1kmE4009N3123",6165.5425585
"13625","1kmE4009N3124",16404.350708
"13626","1kmE4009N3125",17034.8566745
"13627","1kmE4009N3126",11538.343813
"13628","1kmE4009N3127",5929.262368
"13629","1kmE4009N3128",5802.5850945
"13630","1kmE4009N3129",8052.895621
"13631","1kmE4009N3130",15725.609555
"13632","1kmE4009N3131",18849.5205245
"13633","1kmE4009N3132",15562.254287
"13634","1kmE4009N3133",8499.2550005
"13635","1kmE4009N3134",1604.4196455
"13636","1kmE4009N3135",5872.3680065
"13637","1kmE4009N3136",1886.313906
"13638","1kmE4009N3137",7469.848482
"13639","1kmE4009N3138",8531.4882395
"13640","1kmE4009N3139",7277.405372
"13641","1kmE4010N3082",3775.521894
"13642","1kmE4010N3083",7926.37938
"13643","1kmE4010N3084",4381.6130185
"13644","1kmE4010N3085",4328.477987
"13645","1kmE4010N3086",3015.192454
"13646","1kmE4010N3087",2270.120135
"13647","1kmE4010N3088",7228.359886
"13648","1kmE4010N3089",9025.0966495
"13649","1kmE4010N3090",6084.425888
"13650","1kmE4010N3091",8085.723129
"13651","1kmE4010N3092",3243.818324
"13652","1kmE4010N3093",10826.748305
"13653","1kmE4010N3094",17269.670618
"13654","1kmE4010N3095",17190.887266
"13655","1kmE4010N3096",16507.7533655
"13656","1kmE4010N3097",10772.7317585
"13657","1kmE4010N3098",10731.597503
"13658","1kmE4010N3099",9155.9497895
"13659","1kmE4010N3100",8092.6581525
"13660","1kmE4010N3101",13184.3822525
"13661","1kmE4010N3102",10485.3881865
"13662","1kmE4010N3103",8250.4010925
"13663","1kmE4010N3104",9031.685826
"13664","1kmE4010N3105",8853.734424
"13665","1kmE4010N3106",5651.0606865
"13666","1kmE4010N3107",11858.976032
"13667","1kmE4010N3108",14900.320662
"13668","1kmE4010N3109",11155.8511185
"13669","1kmE4010N3110",11805.0332015
"13670","1kmE4010N3111",8905.508463
"13671","1kmE4010N3112",2483.3325945
"13672","1kmE4010N3113",6736.937179
"13673","1kmE4010N3114",6279.8922315
"13674","1kmE4010N3115",8716.8098015
"13675","1kmE4010N3116",3352.1221115
"13676","1kmE4010N3117",2438.777121
"13677","1kmE4010N3118",5084.0648295
"13678","1kmE4010N3119",1819.4230715
"13679","1kmE4010N3120",3422.708393
"13680","1kmE4010N3121",2029.329936
"13681","1kmE4010N3122",4233.552656
"13682","1kmE4010N3123",3367.5128175
"13683","1kmE4010N3124",8723.306805
"13684","1kmE4010N3125",13628.7697005
"13685","1kmE4010N3126",7757.5736945
"13686","1kmE4010N3127",4183.439631
"13687","1kmE4010N3128",4117.0575
"13688","1kmE4010N3129",11364.478005
"13689","1kmE4010N3130",13964.570277
"13690","1kmE4010N3131",18409.6268445
"13691","1kmE4010N3132",14102.151664
"13692","1kmE4010N3133",10309.396345
"13693","1kmE4010N3134",3472.5707985
"13694","1kmE4010N3135",9763.524151
"13695","1kmE4010N3136",4796.2683505
"13696","1kmE4010N3137",8312.8706315
"13697","1kmE4010N3138",8389.769764
"13698","1kmE4011N3083",1559.284335
"13699","1kmE4011N3084",3612.028295
"13700","1kmE4011N3085",4074.9080125
"13701","1kmE4011N3086",2081.8926285
"13702","1kmE4011N3087",3074.6238705
"13703","1kmE4011N3088",2434.9341695
"13704","1kmE4011N3089",5882.0537005
"13705","1kmE4011N3090",7749.1231675
"13706","1kmE4011N3091",8495.916697
"13707","1kmE4011N3092",7307.347909
"13708","1kmE4011N3093",14432.1911165
"13709","1kmE4011N3094",18411.5303145
"13710","1kmE4011N3095",14903.9161805
"13711","1kmE4011N3096",11858.3749025
"13712","1kmE4011N3097",9807.712936
"13713","1kmE4011N3098",11525.917472
"13714","1kmE4011N3099",8974.2560785
"13715","1kmE4011N3100",4487.8038325
"13716","1kmE4011N3101",11851.181733
"13717","1kmE4011N3102",8778.2819345
"13718","1kmE4011N3103",7628.846156
"13719","1kmE4011N3104",6217.2396115
"13720","1kmE4011N3105",4104.191719
"13721","1kmE4011N3106",2802.5027065
"13722","1kmE4011N3107",5032.044213
"13723","1kmE4011N3108",9118.7830225
"13724","1kmE4011N3109",9598.3115885
"13725","1kmE4011N3110",11213.835616
"13726","1kmE4011N3111",4347.231561
"13727","1kmE4011N3112",3705.722473
"13728","1kmE4011N3113",7436.0103475
"13729","1kmE4011N3114",5538.068978
"13730","1kmE4011N3115",10035.277649
"13731","1kmE4011N3116",7559.2310635
"13732","1kmE4011N3117",3973.4919665
"13733","1kmE4011N3118",3240.251832
"13734","1kmE4011N3119",4240.8490285
"13735","1kmE4011N3120",9330.267683
"13736","1kmE4011N3121",3510.9233105
"13737","1kmE4011N3122",8682.3895225
"13738","1kmE4011N3123",4063.4269045
"13739","1kmE4011N3124",7890.9537085
"13740","1kmE4011N3125",10643.9443985
"13741","1kmE4011N3126",4315.6867795
"13742","1kmE4011N3127",2901.00742
"13743","1kmE4011N3128",4352.1307495
"13744","1kmE4011N3129",7974.729536
"13745","1kmE4011N3130",4985.155384
"13746","1kmE4011N3131",6044.33342
"13747","1kmE4011N3132",4266.530407
"13748","1kmE4011N3133",1294.001186
"13749","1kmE4011N3136",3009.82776
"13750","1kmE4011N3137",3454.183015
"13751","1kmE4012N3083",2470.4983275
"13752","1kmE4012N3084",9452.523055
"13753","1kmE4012N3085",9318.0750755
"13754","1kmE4012N3086",3076.334395
"13755","1kmE4012N3087",3130.892561
"13756","1kmE4012N3088",3287.5898535
"13757","1kmE4012N3089",6443.792388
"13758","1kmE4012N3090",10507.1190315
"13759","1kmE4012N3091",10733.437574
"13760","1kmE4012N3092",10050.8677955
"13761","1kmE4012N3093",15590.4195325
"13762","1kmE4012N3094",18257.58331
"13763","1kmE4012N3095",13986.7390125
"13764","1kmE4012N3096",13467.5045245
"13765","1kmE4012N3097",10998.9477675
"13766","1kmE4012N3098",13238.282074
"13767","1kmE4012N3099",14615.515852
"13768","1kmE4012N3100",8930.402194
"13769","1kmE4012N3101",9007.2410155
"13770","1kmE4012N3102",7750.322282
"13771","1kmE4012N3103",10586.911123
"13772","1kmE4012N3104",7773.800508
"13773","1kmE4012N3105",8209.8986735
"13774","1kmE4012N3106",5927.3056615
"13775","1kmE4012N3107",4922.5321475
"13776","1kmE4012N3108",8779.4753525
"13777","1kmE4012N3109",11141.756206
"13778","1kmE4012N3110",13212.820893
"13779","1kmE4012N3111",16923.7885985
"13780","1kmE4012N3112",16172.0607885
"13781","1kmE4012N3113",6584.2885295
"13782","1kmE4012N3114",4282.3704215
"13783","1kmE4012N3115",5915.053697
"13784","1kmE4012N3116",6660.4130115
"13785","1kmE4012N3117",6273.424509
"13786","1kmE4012N3118",7654.995389
"13787","1kmE4012N3119",9000.8575295
"13788","1kmE4012N3120",9455.575353
"13789","1kmE4012N3121",3123.925888
"13790","1kmE4012N3122",6393.0132905
"13791","1kmE4012N3123",7255.0019455
"13792","1kmE4012N3124",6013.9522015
"13793","1kmE4012N3125",7628.2345895
"13794","1kmE4012N3126",7030.8564995
"13795","1kmE4012N3127",8802.9124015
"13796","1kmE4012N3128",7353.6738645
"13797","1kmE4012N3129",2483.1439875
"13798","1kmE4012N3130",5490.720246
"13799","1kmE4012N3131",5879.993622
"13800","1kmE4012N3132",4279.132108
"13801","1kmE4013N3083",8329.727359
"13802","1kmE4013N3084",11977.26884
"13803","1kmE4013N3085",17148.4321945
"13804","1kmE4013N3086",11506.8768625
"13805","1kmE4013N3087",3452.5462885
"13806","1kmE4013N3088",9735.0005205
"13807","1kmE4013N3089",14046.4906265
"13808","1kmE4013N3090",15472.735242
"13809","1kmE4013N3091",14113.6951315
"13810","1kmE4013N3092",13670.8973
"13811","1kmE4013N3093",15707.08463
"13812","1kmE4013N3094",17897.596923
"13813","1kmE4013N3095",15587.722386
"13814","1kmE4013N3096",13957.345445
"13815","1kmE4013N3097",12377.3019575
"13816","1kmE4013N3098",16778.825077
"13817","1kmE4013N3099",17197.8550235
"13818","1kmE4013N3100",14437.6675395
"13819","1kmE4013N3101",9147.943021
"13820","1kmE4013N3102",9919.916288
"13821","1kmE4013N3103",12122.3141155
"13822","1kmE4013N3104",9040.12232
"13823","1kmE4013N3105",9367.4353085
"13824","1kmE4013N3106",11011.21148
"13825","1kmE4013N3107",8245.440243
"13826","1kmE4013N3108",3336.149604
"13827","1kmE4013N3109",5558.214948
"13828","1kmE4013N3110",8556.907147
"13829","1kmE4013N3111",12970.254542
"13830","1kmE4013N3112",14883.978335
"13831","1kmE4013N3113",9508.8336985
"13832","1kmE4013N3114",4315.288984
"13833","1kmE4013N3115",5200.676385
"13834","1kmE4013N3116",7280.7809625
"13835","1kmE4013N3117",7131.892988
"13836","1kmE4013N3118",9133.569888
"13837","1kmE4013N3119",13811.1592945
"13838","1kmE4013N3120",10645.8057265
"13839","1kmE4013N3121",7681.151816
"13840","1kmE4013N3122",9162.2222485
"13841","1kmE4013N3123",7005.5589585
"13842","1kmE4013N3124",4481.860122
"13843","1kmE4013N3125",6301.4230535
"13844","1kmE4013N3126",10443.3149235
"13845","1kmE4013N3127",10933.78907
"13846","1kmE4013N3128",8296.714901
"13847","1kmE4013N3129",7837.403532
"13848","1kmE4013N3130",8927.5064285
"13849","1kmE4013N3131",9812.351727
"13850","1kmE4014N3084",16435.6689435
"13851","1kmE4014N3085",21150.561823
"13852","1kmE4014N3086",18799.908751
"13853","1kmE4014N3087",11210.735008
"13854","1kmE4014N3088",11924.733891
"13855","1kmE4014N3089",13231.4883215
"13856","1kmE4014N3090",16225.7975245
"13857","1kmE4014N3091",17970.13401
"13858","1kmE4014N3092",15259.0968945
"13859","1kmE4014N3093",16158.1002595
"13860","1kmE4014N3094",17873.053463
"13861","1kmE4014N3095",15505.259123
"13862","1kmE4014N3096",15569.326345
"13863","1kmE4014N3097",14972.781987
"13864","1kmE4014N3098",12510.301095
"13865","1kmE4014N3099",14885.763615
"13866","1kmE4014N3100",14428.9022245
"13867","1kmE4014N3101",11740.636018
"13868","1kmE4014N3102",11439.110458
"13869","1kmE4014N3103",11153.9441775
"13870","1kmE4014N3104",6988.626238
"13871","1kmE4014N3105",8512.500501
"13872","1kmE4014N3106",8500.5918585
"13873","1kmE4014N3107",5137.3630735
"13874","1kmE4014N3108",5255.0582665
"13875","1kmE4014N3109",8398.4925165
"13876","1kmE4014N3110",7932.363257
"13877","1kmE4014N3111",6980.960862
"13878","1kmE4014N3112",11545.858175
"13879","1kmE4014N3113",12358.512932
"13880","1kmE4014N3114",11441.4094695
"13881","1kmE4014N3115",6303.525236
"13882","1kmE4014N3116",8812.100028
"13883","1kmE4014N3117",8477.411321
"13884","1kmE4014N3118",7463.0153415
"13885","1kmE4014N3119",11896.302026
"13886","1kmE4014N3120",12437.227902
"13887","1kmE4014N3121",9142.3692045
"13888","1kmE4014N3122",4779.5578235
"13889","1kmE4014N3123",6976.0524195
"13890","1kmE4014N3124",7448.187198
"13891","1kmE4014N3125",6247.6343695
"13892","1kmE4014N3126",10693.6312735
"13893","1kmE4014N3127",11017.4950665
"13894","1kmE4014N3128",7954.36532
"13895","1kmE4014N3129",8028.804646
"13896","1kmE4014N3130",10378.3338255
"13897","1kmE4014N3131",7221.1721705
"13898","1kmE4015N3086",20718.1428985
"13899","1kmE4015N3087",19612.0173765
"13900","1kmE4015N3088",11680.5611005
"13901","1kmE4015N3093",10238.5030255
"13902","1kmE4015N3094",16386.529899
"13903","1kmE4015N3095",16138.973731
"13904","1kmE4015N3096",16592.9463165
"13905","1kmE4015N3097",15810.46585
"13906","1kmE4015N3098",13179.168793
"13907","1kmE4015N3099",16847.8748445
"13908","1kmE4015N3100",17640.3896195
"13909","1kmE4015N3101",15007.844028
"13910","1kmE4015N3102",11583.372516
"13911","1kmE4015N3103",10989.355293
"13912","1kmE4015N3104",8899.469009
"13913","1kmE4015N3105",7263.194134
"13914","1kmE4015N3106",5995.081758
"13915","1kmE4015N3107",7142.4489575
"13916","1kmE4015N3108",8759.4202675
"13917","1kmE4015N3109",12945.339835
"13918","1kmE4015N3110",10990.454072
"13919","1kmE4015N3111",5304.5369615
"13920","1kmE4015N3112",8111.1408935
"13921","1kmE4015N3113",11902.398255
"13922","1kmE4015N3114",12779.9482645
"13923","1kmE4015N3115",10537.5988125
"13924","1kmE4015N3116",6817.424769
"13925","1kmE4015N3117",8956.019657
"13926","1kmE4015N3118",4424.143965
"13927","1kmE4015N3119",8937.2463095
"13928","1kmE4015N3120",14457.1981825
"13929","1kmE4015N3121",12686.3223685
"13930","1kmE4015N3122",5986.147119
"13931","1kmE4015N3123",4254.0314905
"13932","1kmE4015N3124",10529.161184
"13933","1kmE4015N3125",9860.8785895
"13934","1kmE4015N3126",7199.833664
"13935","1kmE4015N3127",11485.442654
"13936","1kmE4015N3128",9590.757288
"13937","1kmE4015N3129",10778.0577925
"13938","1kmE4015N3130",12356.1632115
"13939","1kmE4015N3131",6528.3928295
"13940","1kmE4016N3080",14778.571916
"13941","1kmE4016N3085",17307.56801
"13942","1kmE4016N3086",21665.27226
"13943","1kmE4016N3087",20992.1255895
"13944","1kmE4016N3094",16606.064777
"13945","1kmE4016N3095",16321.1515135
"13946","1kmE4016N3096",16906.658194
"13947","1kmE4016N3097",11899.6387885
"13948","1kmE4016N3098",11770.0587965
"13949","1kmE4016N3099",17198.357889
"13950","1kmE4016N3100",17367.1792115
"13951","1kmE4016N3101",11832.539065
"13952","1kmE4016N3102",10073.193938
"13953","1kmE4016N3103",8617.71366
"13954","1kmE4016N3104",8216.3824825
"13955","1kmE4016N3105",7638.0015905
"13956","1kmE4016N3106",6472.29517
"13957","1kmE4016N3107",8050.438634
"13958","1kmE4016N3108",7513.745782
"13959","1kmE4016N3109",7264.3747755
"13960","1kmE4016N3110",7419.2059615
"13961","1kmE4016N3111",4776.9119115
"13962","1kmE4016N3112",2458.8421575
"13963","1kmE4016N3113",8303.850195
"13964","1kmE4016N3114",13308.666059
"13965","1kmE4016N3115",14252.404614
"13966","1kmE4016N3116",10872.8015955
"13967","1kmE4016N3117",5300.439665
"13968","1kmE4016N3118",5726.256822
"13969","1kmE4016N3119",3945.12791
"13970","1kmE4016N3120",8714.106254
"13971","1kmE4016N3121",9866.836154
"13972","1kmE4016N3122",2215.0798695
"13973","1kmE4016N3123",4253.1713655
"13974","1kmE4016N3124",9271.177658
"13975","1kmE4016N3125",7866.7312305
"13976","1kmE4016N3126",8437.408685
"13977","1kmE4016N3127",10148.945313
"13978","1kmE4016N3128",10639.462617
"13979","1kmE4016N3129",15781.5113305
"13980","1kmE4016N3130",14709.5535685
"13981","1kmE4017N3079",18380.1369535
"13982","1kmE4017N3080",17225.962003
"13983","1kmE4017N3085",21983.2293445
"13984","1kmE4017N3086",20586.631691
"13985","1kmE4017N3094",16942.8138725
"13986","1kmE4017N3095",20958.5991485
"13987","1kmE4017N3096",21957.5847185
"13988","1kmE4017N3097",17029.7337675
"13989","1kmE4017N3098",17081.355262
"13990","1kmE4017N3099",16530.2841295
"13991","1kmE4017N3100",11487.3552275
"13992","1kmE4017N3101",11072.274793
"13993","1kmE4017N3102",8146.404884
"13994","1kmE4017N3103",5701.3885725
"13995","1kmE4017N3104",7740.4824035
"13996","1kmE4017N3105",8008.004157
"13997","1kmE4017N3106",9358.743922
"13998","1kmE4017N3107",11924.8591835
"13999","1kmE4017N3108",9291.818085
"14000","1kmE4017N3109",5790.0102835
"14001","1kmE4017N3110",7446.804494
"14002","1kmE4017N3111",8377.807746
"14003","1kmE4017N3112",4126.641358
"14004","1kmE4017N3113",7003.678673
"14005","1kmE4017N3114",7865.807884
"14006","1kmE4017N3115",13584.6558885
"14007","1kmE4017N3116",13259.5492035
"14008","1kmE4017N3117",6792.806669
"14009","1kmE4017N3118",3514.034086
"14010","1kmE4017N3119",1756.8876545
"14011","1kmE4017N3120",8558.732665
"14012","1kmE4017N3121",8568.2044555
"14013","1kmE4017N3122",1245.010577
"14014","1kmE4017N3123",2800.8301875
"14015","1kmE4017N3124",7476.4659885
"14016","1kmE4017N3125",9192.3969935
"14017","1kmE4017N3126",12587.716208
"14018","1kmE4017N3127",14696.1715995
"14019","1kmE4017N3128",12632.7308865
"14020","1kmE4017N3129",13406.404395
"14021","1kmE4018N3079",14959.8408885
"14022","1kmE4018N3080",15845.986342
"14023","1kmE4018N3081",7830.695853
"14024","1kmE4018N3095",20664.672551
"14025","1kmE4018N3096",22810.155799
"14026","1kmE4018N3097",23224.166209
"14027","1kmE4018N3098",18574.7579395
"14028","1kmE4018N3099",16183.80453
"14029","1kmE4018N3100",10824.7876385
"14030","1kmE4018N3101",13268.741418
"14031","1kmE4018N3102",11786.5229285
"14032","1kmE4018N3103",2819.390538
"14033","1kmE4018N3104",9254.5989065
"14034","1kmE4018N3105",7778.5761275
"14035","1kmE4018N3106",7091.854958
"14036","1kmE4018N3107",12406.8454935
"14037","1kmE4018N3108",11083.0514985
"14038","1kmE4018N3109",6779.520081
"14039","1kmE4018N3110",6943.0639715
"14040","1kmE4018N3111",7412.827303
"14041","1kmE4018N3112",4308.8314775
"14042","1kmE4018N3113",6597.875646
"14043","1kmE4018N3114",10498.6764105
"14044","1kmE4018N3115",10633.912632
"14045","1kmE4018N3116",12679.453155
"14046","1kmE4018N3117",8694.4815835
"14047","1kmE4018N3118",7548.359624
"14048","1kmE4018N3119",3814.7787395
"14049","1kmE4018N3120",4745.024025
"14050","1kmE4018N3121",6220.3414545
"14051","1kmE4018N3122",3611.086887
"14052","1kmE4018N3123",205.01639
"14053","1kmE4018N3124",10207.5752915
"14054","1kmE4018N3125",12666.8785215
"14055","1kmE4018N3126",12219.0624675
"14056","1kmE4018N3127",14353.508229
"14057","1kmE4018N3128",12250.0233285
"14058","1kmE4019N3079",11443.0660815
"14059","1kmE4019N3080",14789.539844
"14060","1kmE4019N3081",9325.3060465
"14061","1kmE4019N3097",22250.728755
"14062","1kmE4019N3098",19445.6351645
"14063","1kmE4019N3099",18929.4580265
"14064","1kmE4019N3100",17345.89104
"14065","1kmE4019N3101",11963.1745245
"14066","1kmE4019N3102",13271.369242
"14067","1kmE4019N3103",17818.7438365
"14068","1kmE4019N3104",18417.402579
"14069","1kmE4019N3105",11405.021903
"14070","1kmE4019N3106",11786.279213
"14071","1kmE4019N3107",14596.4610425
"14072","1kmE4019N3108",8069.1928935
"14073","1kmE4019N3109",3775.0023755
"14074","1kmE4019N3110",9748.9384975
"14075","1kmE4019N3111",5287.907985
"14076","1kmE4019N3112",6138.6539665
"14077","1kmE4019N3113",7974.6992525
"14078","1kmE4019N3114",13862.3280315
"14079","1kmE4019N3115",13870.5684645
"14080","1kmE4019N3116",13956.9933815
"14081","1kmE4019N3117",6037.1642625
"14082","1kmE4019N3118",10989.6117235
"14083","1kmE4019N3119",5946.2104865
"14084","1kmE4019N3120",9356.455668
"14085","1kmE4019N3121",11182.221633
"14086","1kmE4019N3122",8278.330312
"14087","1kmE4019N3123",1314.08834
"14088","1kmE4019N3124",9351.586269
"14089","1kmE4019N3125",12041.077858
"14090","1kmE4019N3126",13141.852021
"14091","1kmE4019N3127",14106.9785285
"14092","1kmE4019N3128",11607.3515795
"14093","1kmE4020N3079",9572.015807
"14094","1kmE4020N3080",9293.6008695
"14095","1kmE4020N3081",9944.502893
"14096","1kmE4020N3097",19204.2429225
"14097","1kmE4020N3098",18345.413648
"14098","1kmE4020N3099",18186.8779135
"14099","1kmE4020N3100",16056.096579
"14100","1kmE4020N3101",11843.5156185
"14101","1kmE4020N3102",16517.452213
"14102","1kmE4020N3103",20264.1053685
"14103","1kmE4020N3104",20144.4254605
"14104","1kmE4020N3105",16743.7656765
"14105","1kmE4020N3106",11347.7647335
"14106","1kmE4020N3107",15869.415484
"14107","1kmE4020N3108",9463.1865335
"14108","1kmE4020N3109",16026.7958965
"14109","1kmE4020N3110",7808.2675235
"14110","1kmE4020N3111",3954.939542
"14111","1kmE4020N3112",7735.706003
"14112","1kmE4020N3113",6565.4072485
"14113","1kmE4020N3114",10328.0745955
"14114","1kmE4020N3115",10271.578566
"14115","1kmE4020N3116",11569.51102
"14116","1kmE4020N3117",7341.03067
"14117","1kmE4020N3118",10259.6298625
"14118","1kmE4020N3119",5869.991638
"14119","1kmE4020N3120",10888.0257075
"14120","1kmE4020N3121",14620.5724105
"14121","1kmE4020N3122",10344.099009
"14122","1kmE4020N3123",4657.077559
"14123","1kmE4020N3124",7163.616484
"14124","1kmE4020N3125",11063.9398685
"14125","1kmE4020N3126",11421.840941
"14126","1kmE4020N3127",13376.760562
"14127","1kmE4020N3128",11082.577138
"14128","1kmE4021N3079",11995.51994
"14129","1kmE4021N3080",13553.98647
"14130","1kmE4021N3081",13667.5021495
"14131","1kmE4021N3082",10711.7018135
"14132","1kmE4021N3099",14557.309963
"14133","1kmE4021N3100",17480.2952335
"14134","1kmE4021N3101",17277.942478
"14135","1kmE4021N3102",18307.6417335
"14136","1kmE4021N3103",15208.5634385
"14137","1kmE4021N3104",17475.1651905
"14138","1kmE4021N3105",18218.9082175
"14139","1kmE4021N3106",11118.3016075
"14140","1kmE4021N3107",7348.4899305
"14141","1kmE4021N3108",8433.1805775
"14142","1kmE4021N3109",8694.0039605
"14143","1kmE4021N3110",6026.3844755
"14144","1kmE4021N3111",9157.3270575
"14145","1kmE4021N3112",6674.125946
"14146","1kmE4021N3113",3494.543999
"14147","1kmE4021N3114",8821.200038
"14148","1kmE4021N3115",13219.37086
"14149","1kmE4021N3116",12917.162017
"14150","1kmE4021N3117",10855.263267
"14151","1kmE4021N3118",11485.295295
"14152","1kmE4021N3119",6912.9046395
"14153","1kmE4021N3120",9160.992442
"14154","1kmE4021N3121",12677.17746
"14155","1kmE4021N3122",13944.049742
"14156","1kmE4021N3123",6193.540892
"14157","1kmE4021N3124",6381.500539
"14158","1kmE4021N3125",8233.0198715
"14159","1kmE4021N3126",6184.3642355
"14160","1kmE4021N3127",4120.5468155
"14161","1kmE4021N3128",2571.179486
"14162","1kmE4022N3079",11333.1982955
"14163","1kmE4022N3080",13736.3383735
"14164","1kmE4022N3081",14128.8025065
"14165","1kmE4022N3082",14130.2314835
"14166","1kmE4022N3083",11099.5587235
"14167","1kmE4022N3100",19274.0669525
"14168","1kmE4022N3101",20053.550215
"14169","1kmE4022N3102",18687.3375055
"14170","1kmE4022N3103",14618.935094
"14171","1kmE4022N3105",17969.855784
"14172","1kmE4022N3106",16774.268145
"14173","1kmE4022N3107",13644.0882105
"14174","1kmE4022N3108",16522.2791895
"14175","1kmE4022N3109",11422.850375
"14176","1kmE4022N3110",13924.143963
"14177","1kmE4022N3111",16595.6390985
"14178","1kmE4022N3112",9280.526288
"14179","1kmE4022N3113",4206.9221385
"14180","1kmE4022N3114",9285.9989415
"14181","1kmE4022N3115",13614.868214
"14182","1kmE4022N3116",14188.2606935
"14183","1kmE4022N3117",13531.105277
"14184","1kmE4022N3118",7506.6014755
"14185","1kmE4022N3119",7836.266171
"14186","1kmE4022N3120",10774.6348445
"14187","1kmE4022N3121",8543.726572
"14188","1kmE4022N3122",5218.9207145
"14189","1kmE4022N3123",4058.991992
"14190","1kmE4022N3124",9354.307881
"14191","1kmE4022N3125",12646.418865
"14192","1kmE4022N3126",4799.657288
"14193","1kmE4022N3127",6189.633799
"14194","1kmE4022N3128",4268.80372
"14195","1kmE4023N3078",7481.750544
"14196","1kmE4023N3079",14870.4609225
"14197","1kmE4023N3080",17656.521245
"14198","1kmE4023N3081",16804.433134
"14199","1kmE4023N3082",13651.8195235
"14200","1kmE4023N3083",8277.771347
"14201","1kmE4023N3101",18068.3303225
"14202","1kmE4023N3102",16315.444764
"14203","1kmE4023N3106",18039.83544
"14204","1kmE4023N3107",17367.731191
"14205","1kmE4023N3108",17179.596495
"14206","1kmE4023N3109",19267.5679145
"14207","1kmE4023N3110",18193.9776835
"14208","1kmE4023N3111",16924.8080755
"14209","1kmE4023N3112",15494.42112
"14210","1kmE4023N3113",9513.414609
"14211","1kmE4023N3114",15518.265165
"14212","1kmE4023N3115",12152.3176465
"14213","1kmE4023N3116",12404.834138
"14214","1kmE4023N3117",12010.2181205
"14215","1kmE4023N3118",7512.7979015
"14216","1kmE4023N3119",6995.2031575
"14217","1kmE4023N3120",10602.2355645
"14218","1kmE4023N3121",10701.0767965
"14219","1kmE4023N3122",5347.6342855
"14220","1kmE4023N3123",3772.8609295
"14221","1kmE4023N3124",10803.763386
"14222","1kmE4023N3125",12734.266186
"14223","1kmE4023N3126",4844.1785385
"14224","1kmE4023N3127",5529.8990975
"14225","1kmE4023N3128",5739.7731695
"14226","1kmE4024N3076",10302.836361
"14227","1kmE4024N3077",12485.5761985
"14228","1kmE4024N3078",12537.589747
"14229","1kmE4024N3079",18248.767447
"14230","1kmE4024N3080",19211.2700335
"14231","1kmE4024N3081",14934.7377375
"14232","1kmE4024N3107",11116.4565665
"14233","1kmE4024N3108",20056.955249
"14234","1kmE4024N3109",22163.0716105
"14235","1kmE4024N3110",16852.892191
"14236","1kmE4024N3111",11092.8509305
"14237","1kmE4024N3112",15049.056984
"14238","1kmE4024N3113",16804.699716
"14239","1kmE4024N3114",17544.3886695
"14240","1kmE4024N3115",14473.1858255
"14241","1kmE4024N3116",10943.505698
"14242","1kmE4024N3117",9645.204158
"14243","1kmE4024N3118",10879.193581
"14244","1kmE4024N3119",965.8069135
"14245","1kmE4024N3120",3481.888889
"14246","1kmE4024N3121",3260.313285
"14247","1kmE4024N3122",3609.667206
"14248","1kmE4024N3123",1876.4099705
"14249","1kmE4024N3124",7254.9388665
"14250","1kmE4024N3125",5012.0661805
"14251","1kmE4024N3126",3378.843887
"14252","1kmE4024N3127",4932.556942
"14253","1kmE4024N3128",5310.94636
"14254","1kmE4025N3075",6355.368318
"14255","1kmE4025N3076",13758.494514
"14256","1kmE4025N3077",15258.6122065
"14257","1kmE4025N3078",14490.73796
"14258","1kmE4025N3079",18316.3525525
"14259","1kmE4025N3080",17302.3147575
"14260","1kmE4025N3113",16313.114557
"14261","1kmE4025N3114",18863.4625525
"14262","1kmE4025N3115",15349.7296555
"14263","1kmE4025N3116",13286.0265085
"14264","1kmE4025N3117",10570.7858215
"14265","1kmE4025N3118",2535.0351355
"14266","1kmE4025N3119",4443.8328115
"14267","1kmE4025N3120",3047.167802
"14268","1kmE4025N3121",4539.314664
"14269","1kmE4025N3122",6972.435667
"14270","1kmE4025N3123",4081.7056175
"14271","1kmE4025N3124",7649.9942745
"14272","1kmE4025N3125",5492.965472
"14273","1kmE4025N3126",9420.323676
"14274","1kmE4025N3127",4874.676349
"14275","1kmE4026N3075",11703.499058
"14276","1kmE4026N3076",11586.981845
"14277","1kmE4026N3077",13969.5768755
"14278","1kmE4026N3078",18209.9239035
"14279","1kmE4026N3079",17773.901346
"14280","1kmE4026N3080",9429.67548
"14281","1kmE4026N3113",14658.5855845
"14282","1kmE4026N3114",17807.201375
"14283","1kmE4026N3115",17099.3175915
"14284","1kmE4026N3116",16304.5019
"14285","1kmE4026N3117",15879.118706
"14286","1kmE4026N3118",13284.036361
"14287","1kmE4026N3119",8666.904045
"14288","1kmE4026N3120",8472.6561475
"14289","1kmE4026N3121",6918.976299
"14290","1kmE4026N3122",6709.5560575
"14291","1kmE4026N3123",5561.3652535
"14292","1kmE4026N3124",7596.0649145
"14293","1kmE4026N3126",7698.4184555
"14294","1kmE4027N3075",10412.1660055
"14295","1kmE4027N3076",12947.9908285
"14296","1kmE4027N3077",16964.4468925
"14297","1kmE4027N3078",19293.371751
"14298","1kmE4027N3079",20159.9118885
"14299","1kmE4027N3080",11326.963153
"14300","1kmE4027N3115",14605.8050745
"14301","1kmE4027N3116",12318.2678
"14302","1kmE4027N3117",14298.3744485
"14303","1kmE4027N3118",15997.80903
"14304","1kmE4027N3119",16212.4496735
"14305","1kmE4027N3120",17331.504223
"14306","1kmE4027N3121",7867.222694
"14307","1kmE4027N3122",4015.884013
"14308","1kmE4027N3123",8395.1076045
"14309","1kmE4027N3124",10834.5796115
"14310","1kmE4027N3125",7168.7376395
"14311","1kmE4028N3075",10650.711607
"14312","1kmE4028N3076",13388.618454
"14313","1kmE4028N3077",16706.829914
"14314","1kmE4028N3078",17818.540186
"14315","1kmE4028N3079",17335.7702565
"14316","1kmE4028N3080",14647.785607
"14317","1kmE4028N3117",9262.3199765
"14318","1kmE4028N3118",13634.8312595
"14319","1kmE4028N3119",13863.4909685
"14320","1kmE4028N3120",11991.0342085
"14321","1kmE4028N3121",15646.03705
"14322","1kmE4028N3122",14822.4432455
"14323","1kmE4028N3123",12536.7699345
"14324","1kmE4028N3124",15574.3700315
"14325","1kmE4028N3125",15195.387767
"14326","1kmE4029N3074",3531.1093105
"14327","1kmE4029N3075",10496.746963
"14328","1kmE4029N3076",13462.910532
"14329","1kmE4029N3077",12936.0421005
"14330","1kmE4029N3078",12334.5362325
"14331","1kmE4029N3079",15104.074726
"14332","1kmE4029N3080",14705.625957
"14333","1kmE4029N3117",10898.52843
"14334","1kmE4029N3118",11281.071482
"14335","1kmE4029N3119",9619.669508
"14336","1kmE4029N3121",10157.111265
"14337","1kmE4029N3122",14474.8541905
"14338","1kmE4029N3123",15350.082826
"14339","1kmE4029N3124",17104.1502385
"14340","1kmE4029N3125",13560.6564295
"14341","1kmE4030N3074",2597.959683
"14342","1kmE4030N3075",9534.980091
"14343","1kmE4030N3076",12083.5554215
"14344","1kmE4030N3077",11812.4029015
"14345","1kmE4030N3078",16465.019585
"14346","1kmE4030N3079",15867.9317855
"14347","1kmE4030N3080",15574.8456105
"14348","1kmE4030N3081",13919.6103505
"14349","1kmE4030N3121",12479.872481
"14350","1kmE4030N3122",19382.6291585
"14351","1kmE4030N3123",18969.0944785
"14352","1kmE4030N3124",14294.8188885
"14353","1kmE4031N3075",7182.57171
"14354","1kmE4031N3076",11939.449293
"14355","1kmE4031N3077",15443.905118
"14356","1kmE4031N3078",18769.0034275
"14357","1kmE4031N3079",19844.2758945
"14358","1kmE4031N3080",13752.28664
"14359","1kmE4031N3081",10582.3118495
"14360","1kmE4031N3122",14257.000372
"14361","1kmE4031N3123",14314.482766
"14362","1kmE4032N3076",12142.0523405
"14363","1kmE4032N3077",12754.4391205
"14364","1kmE4032N3078",16799.189733
