"","eeacellcode","pd"
"1","1kmE3799N3134",19089.8021975
"2","1kmE3799N3135",16460.3126545
"3","1kmE3800N3108",6343.5372345
"4","1kmE3800N3115",2190.3194015
"5","1kmE3800N3116",2318.8180705
"6","1kmE3800N3125",5533.641063
"7","1kmE3800N3126",5056.6476085
"8","1kmE3800N3127",3197.033951
"9","1kmE3800N3128",726.0565265
"10","1kmE3800N3129",4849.0020775
"11","1kmE3800N3130",4225.010635
"12","1kmE3800N3131",13394.2769025
"13","1kmE3800N3132",18211.65381
"14","1kmE3800N3133",23005.863191
"15","1kmE3800N3134",22219.1587145
"16","1kmE3800N3135",20605.673446
"17","1kmE3800N3136",14718.95072
"18","1kmE3801N3106",205.01639
"19","1kmE3801N3107",2561.1075905
"20","1kmE3801N3108",7914.65638
"21","1kmE3801N3109",6638.1663305
"22","1kmE3801N3110",4960.57096
"23","1kmE3801N3111",3764.2676015
"24","1kmE3801N3112",2862.037764
"25","1kmE3801N3113",2388.8897635
"26","1kmE3801N3114",3969.772552
"27","1kmE3801N3115",8852.66317
"28","1kmE3801N3116",9585.1167355
"29","1kmE3801N3117",7494.0171745
"30","1kmE3801N3124",8402.877709
"31","1kmE3801N3125",10172.0535855
"32","1kmE3801N3126",10362.069052
"33","1kmE3801N3127",7553.994904
"34","1kmE3801N3128",3387.6533555
"35","1kmE3801N3129",8977.469178
"36","1kmE3801N3130",6714.977952
"37","1kmE3801N3131",11945.845033
"38","1kmE3801N3132",18536.610862
"39","1kmE3801N3133",21267.0303055
"40","1kmE3801N3134",21771.17547
"41","1kmE3801N3135",23019.3656435
"42","1kmE3801N3136",17052.4948695
"43","1kmE3802N3104",3301.873187
"44","1kmE3802N3105",5514.120001
"45","1kmE3802N3106",3820.832879
"46","1kmE3802N3107",6987.998699
"47","1kmE3802N3108",6990.492583
"48","1kmE3802N3109",8135.491366
"49","1kmE3802N3110",7538.241089
"50","1kmE3802N3111",1897.2345785
"51","1kmE3802N3112",5467.0338085
"52","1kmE3802N3113",1938.6153805
"53","1kmE3802N3114",6891.948161
"54","1kmE3802N3115",10447.1410835
"55","1kmE3802N3116",9881.0165085
"56","1kmE3802N3117",6436.062819
"57","1kmE3802N3122",205.016391
"58","1kmE3802N3123",2488.8855105
"59","1kmE3802N3124",9414.5102335
"60","1kmE3802N3125",8328.420731
"61","1kmE3802N3126",10753.0942605
"62","1kmE3802N3127",8327.568202
"63","1kmE3802N3128",3932.0788755
"64","1kmE3802N3129",7024.7007815
"65","1kmE3802N3130",6097.1231665
"66","1kmE3802N3131",12700.541464
"67","1kmE3802N3132",20366.5100155
"68","1kmE3802N3133",19265.0922505
"69","1kmE3802N3134",20464.0394795
"70","1kmE3802N3135",21429.667388
"71","1kmE3802N3136",16596.9713745
"72","1kmE3802N3137",3447.764477
"73","1kmE3803N3103",668.836293
"74","1kmE3803N3104",1588.320732
"75","1kmE3803N3105",2828.007748
"76","1kmE3803N3106",4684.323696
"77","1kmE3803N3107",6410.053758
"78","1kmE3803N3108",457.2961155
"79","1kmE3803N3109",1488.741791
"80","1kmE3803N3110",743.094977
"81","1kmE3803N3111",868.7961015
"82","1kmE3803N3112",1629.588844
"83","1kmE3803N3113",2680.840108
"84","1kmE3803N3114",3474.497318
"85","1kmE3803N3115",8011.434804
"86","1kmE3803N3116",11968.6865575
"87","1kmE3803N3117",3668.6513625
"88","1kmE3803N3118",6193.612518
"89","1kmE3803N3119",926.676548
"90","1kmE3803N3120",1987.6084755
"91","1kmE3803N3121",3791.1441475
"92","1kmE3803N3122",3751.0201835
"93","1kmE3803N3123",8271.682379
"94","1kmE3803N3124",8690.18957
"95","1kmE3803N3125",10478.390649
"96","1kmE3803N3126",12214.6560495
"97","1kmE3803N3127",9973.643546
"98","1kmE3803N3128",5911.26771
"99","1kmE3803N3129",7135.0148615
"100","1kmE3803N3130",6171.383665
"101","1kmE3803N3131",10298.836297
"102","1kmE3803N3132",16726.694043
"103","1kmE3803N3133",15999.73792
"104","1kmE3803N3134",20908.472997
"105","1kmE3803N3135",21025.097914
"106","1kmE3803N3136",20082.1391265
"107","1kmE3803N3137",8129.795058
"108","1kmE3804N3103",5618.9478445
"109","1kmE3804N3104",8549.180012
"110","1kmE3804N3105",9905.976658
"111","1kmE3804N3106",11219.911666
"112","1kmE3804N3107",6530.7462305
"113","1kmE3804N3108",6684.22695
"114","1kmE3804N3109",6314.457655
"115","1kmE3804N3110",5588.068033
"116","1kmE3804N3111",2813.933483
"117","1kmE3804N3112",5323.397683
"118","1kmE3804N3113",7069.763556
"119","1kmE3804N3114",6597.4239365
"120","1kmE3804N3115",1955.266025
"121","1kmE3804N3116",9301.552103
"122","1kmE3804N3117",11879.3165965
"123","1kmE3804N3118",6149.8736865
"124","1kmE3804N3119",7491.4660705
"125","1kmE3804N3120",5447.907645
"126","1kmE3804N3121",4917.505434
"127","1kmE3804N3122",6239.9704125
"128","1kmE3804N3123",10205.85538
"129","1kmE3804N3124",4796.01017
"130","1kmE3804N3125",7130.817983
"131","1kmE3804N3126",2848.97411
"132","1kmE3804N3127",5556.360353
"133","1kmE3804N3128",5912.909691
"134","1kmE3804N3129",9343.5742285
"135","1kmE3804N3130",5986.3685965
"136","1kmE3804N3131",6990.8304985
"137","1kmE3804N3132",7534.4692185
"138","1kmE3804N3133",11311.1776445
"139","1kmE3804N3134",17773.518234
"140","1kmE3804N3135",21938.186341
"141","1kmE3804N3136",21037.363187
"142","1kmE3804N3137",13257.4256705
"143","1kmE3804N3138",1830.176247
"144","1kmE3805N3103",5955.0857415
"145","1kmE3805N3104",9249.169054
"146","1kmE3805N3105",11270.5615595
"147","1kmE3805N3106",13376.375893
"148","1kmE3805N3107",11150.1339755
"149","1kmE3805N3108",9158.277581
"150","1kmE3805N3109",10379.2433965
"151","1kmE3805N3110",10894.9525695
"152","1kmE3805N3111",6213.768196
"153","1kmE3805N3112",5612.482129
"154","1kmE3805N3113",4824.516531
"155","1kmE3805N3114",5895.8705065
"156","1kmE3805N3115",205.0163905
"157","1kmE3805N3116",3607.231518
"158","1kmE3805N3117",9804.334919
"159","1kmE3805N3118",10330.0352805
"160","1kmE3805N3119",7016.9509775
"161","1kmE3805N3120",6860.292492
"162","1kmE3805N3121",205.0163915
"163","1kmE3805N3122",5847.324289
"164","1kmE3805N3123",8156.361754
"165","1kmE3805N3124",5791.3905285
"166","1kmE3805N3125",4960.765698
"167","1kmE3805N3126",8258.330466
"168","1kmE3805N3127",10872.4678235
"169","1kmE3805N3128",7675.4066285
"170","1kmE3805N3129",10398.095439
"171","1kmE3805N3130",7723.374093
"172","1kmE3805N3131",6470.6532355
"173","1kmE3805N3132",6932.264902
"174","1kmE3805N3133",6136.659546
"175","1kmE3805N3134",15408.348815
"176","1kmE3805N3135",22637.1548185
"177","1kmE3805N3136",20074.39205
"178","1kmE3805N3137",15098.924449
"179","1kmE3805N3138",4088.3674125
"180","1kmE3806N3103",1840.182972
"181","1kmE3806N3104",2901.4690215
"182","1kmE3806N3105",6910.485104
"183","1kmE3806N3106",11252.2079125
"184","1kmE3806N3107",10451.477984
"185","1kmE3806N3108",6840.5197835
"186","1kmE3806N3109",10232.844971
"187","1kmE3806N3110",10064.4437875
"188","1kmE3806N3111",7253.034322
"189","1kmE3806N3112",7111.9275565
"190","1kmE3806N3113",7096.217107
"191","1kmE3806N3114",6194.3024315
"192","1kmE3806N3115",1507.348935
"193","1kmE3806N3116",4902.8930295
"194","1kmE3806N3117",10464.2743055
"195","1kmE3806N3118",11674.6650395
"196","1kmE3806N3119",6716.2285785
"197","1kmE3806N3120",4817.239927
"198","1kmE3806N3121",5463.621832
"199","1kmE3806N3122",8500.812391
"200","1kmE3806N3123",8327.9415105
"201","1kmE3806N3124",5140.8194435
"202","1kmE3806N3125",8134.6706865
"203","1kmE3806N3126",9466.441237
"204","1kmE3806N3127",3272.839065
"205","1kmE3806N3128",6958.921105
"206","1kmE3806N3129",11429.8200545
"207","1kmE3806N3130",9172.479489
"208","1kmE3806N3131",10931.4055295
"209","1kmE3806N3132",11871.0304485
"210","1kmE3806N3133",9140.1646975
"211","1kmE3806N3134",13364.706918
"212","1kmE3806N3135",20193.691225
"213","1kmE3806N3136",21160.6086785
"214","1kmE3806N3137",19247.039004
"215","1kmE3806N3138",12590.6904985
"216","1kmE3806N3139",3057.0261265
"217","1kmE3807N3103",382.506485
"218","1kmE3807N3104",1018.717643
"219","1kmE3807N3105",1920.054351
"220","1kmE3807N3106",6114.6730405
"221","1kmE3807N3107",7820.6631415
"222","1kmE3807N3108",5767.2896635
"223","1kmE3807N3109",4898.7453465
"224","1kmE3807N3110",8690.5433725
"225","1kmE3807N3111",10428.568573
"226","1kmE3807N3112",11149.396434
"227","1kmE3807N3113",9270.2352385
"228","1kmE3807N3114",7324.520297
"229","1kmE3807N3115",6447.886706
"230","1kmE3807N3116",1401.1020465
"231","1kmE3807N3117",4551.9581515
"232","1kmE3807N3118",5145.9611595
"233","1kmE3807N3119",3347.5043155
"234","1kmE3807N3120",4185.476834
"235","1kmE3807N3121",8968.6756325
"236","1kmE3807N3122",6390.475514
"237","1kmE3807N3123",4917.146361
"238","1kmE3807N3124",5313.271967
"239","1kmE3807N3125",6422.9380675
"240","1kmE3807N3126",9631.5801235
"241","1kmE3807N3127",4175.4485675
"242","1kmE3807N3128",3201.2329995
"243","1kmE3807N3129",4929.5474405
"244","1kmE3807N3130",3685.8935835
"245","1kmE3807N3131",11315.86298
"246","1kmE3807N3132",14731.9568825
"247","1kmE3807N3133",12779.243752
"248","1kmE3807N3134",7872.082092
"249","1kmE3807N3135",10107.896426
"250","1kmE3807N3136",18136.9469775
"251","1kmE3807N3137",20932.4109155
"252","1kmE3807N3138",17494.4070135
"253","1kmE3807N3139",7506.7641755
"254","1kmE3808N3101",848.66474
"255","1kmE3808N3102",550.589774
"256","1kmE3808N3103",5579.4501955
"257","1kmE3808N3104",6676.256679
"258","1kmE3808N3105",3636.7743005
"259","1kmE3808N3106",9038.344643
"260","1kmE3808N3107",7957.1858035
"261","1kmE3808N3108",6919.4967415
"262","1kmE3808N3109",2891.8469455
"263","1kmE3808N3110",8128.0172475
"264","1kmE3808N3111",12910.08231
"265","1kmE3808N3112",11340.43536
"266","1kmE3808N3113",7344.853927
"267","1kmE3808N3114",7463.9179875
"268","1kmE3808N3115",8470.4223345
"269","1kmE3808N3116",6504.641204
"270","1kmE3808N3117",2482.2578725
"271","1kmE3808N3118",3784.099521
"272","1kmE3808N3119",3647.1936005
"273","1kmE3808N3120",9793.59542
"274","1kmE3808N3121",9407.6424335
"275","1kmE3808N3122",5597.2435225
"276","1kmE3808N3123",4680.1183015
"277","1kmE3808N3124",5677.7911945
"278","1kmE3808N3125",2424.2245675
"279","1kmE3808N3126",1873.2534505
"280","1kmE3808N3127",2126.806393
"281","1kmE3808N3128",7464.471239
"282","1kmE3808N3129",9193.584924
"283","1kmE3808N3130",7664.771373
"284","1kmE3808N3131",12433.749937
"285","1kmE3808N3132",14765.22091
"286","1kmE3808N3133",14623.2226745
"287","1kmE3808N3134",10788.0940065
"288","1kmE3808N3135",9639.961477
"289","1kmE3808N3136",15365.1299845
"290","1kmE3808N3137",18806.4448015
"291","1kmE3808N3138",18821.1616905
"292","1kmE3808N3139",13004.3576555
"293","1kmE3808N3140",961.6191995
"294","1kmE3809N3099",9369.4079375
"295","1kmE3809N3100",7399.1316395
"296","1kmE3809N3101",3924.331618
"297","1kmE3809N3102",1281.306626
"298","1kmE3809N3103",2146.863111
"299","1kmE3809N3104",2271.340676
"300","1kmE3809N3105",2203.387962
"301","1kmE3809N3106",7525.0757715
"302","1kmE3809N3107",11298.0859365
"303","1kmE3809N3108",7743.4422995
"304","1kmE3809N3109",891.602674
"305","1kmE3809N3110",2048.551351
"306","1kmE3809N3111",1086.818701
"307","1kmE3809N3112",8176.169701
"308","1kmE3809N3113",6736.724336
"309","1kmE3809N3114",5182.4091115
"310","1kmE3809N3115",6524.4009955
"311","1kmE3809N3116",5204.566005
"312","1kmE3809N3117",4116.3956185
"313","1kmE3809N3118",11601.0734125
"314","1kmE3809N3119",8475.580524
"315","1kmE3809N3120",7857.1831575
"316","1kmE3809N3121",10210.840224
"317","1kmE3809N3122",7671.030303
"318","1kmE3809N3123",1502.063442
"319","1kmE3809N3124",5600.84692
"320","1kmE3809N3125",6586.0807835
"321","1kmE3809N3126",6235.9352075
"322","1kmE3809N3127",7183.3481895
"323","1kmE3809N3128",8922.8922195
"324","1kmE3809N3129",10206.528831
"325","1kmE3809N3130",11827.5325555
"326","1kmE3809N3131",9469.51029
"327","1kmE3809N3132",9988.74452
"328","1kmE3809N3133",11839.167572
"329","1kmE3809N3134",8292.7433695
"330","1kmE3809N3135",11637.451591
"331","1kmE3809N3136",16821.333141
"332","1kmE3809N3137",20819.89688
"333","1kmE3809N3138",21204.2479155
"334","1kmE3809N3139",17864.682406
"335","1kmE3809N3140",6289.7474065
"336","1kmE3810N3097",2021.7276115
"337","1kmE3810N3098",5736.1212335
"338","1kmE3810N3099",12493.4551775
"339","1kmE3810N3100",12314.5722355
"340","1kmE3810N3101",11969.714478
"341","1kmE3810N3102",5057.9284655
"342","1kmE3810N3103",1076.927289
"343","1kmE3810N3104",6499.6957185
"344","1kmE3810N3105",3008.716224
"345","1kmE3810N3106",3016.523648
"346","1kmE3810N3107",11084.433467
"347","1kmE3810N3108",9426.792624
"348","1kmE3810N3109",4094.975728
"349","1kmE3810N3110",4225.518226
"350","1kmE3810N3111",3528.493623
"351","1kmE3810N3112",7736.333863
"352","1kmE3810N3113",5133.9567315
"353","1kmE3810N3114",2374.6736895
"354","1kmE3810N3115",7803.871465
"355","1kmE3810N3116",8787.898861
"356","1kmE3810N3117",6860.497089
"357","1kmE3810N3118",13580.9425475
"358","1kmE3810N3119",11321.463121
"359","1kmE3810N3120",4649.191331
"360","1kmE3810N3121",10170.477646
"361","1kmE3810N3122",7154.798523
"362","1kmE3810N3123",3594.19111
"363","1kmE3810N3124",4101.228797
"364","1kmE3810N3125",10209.5561935
"365","1kmE3810N3126",11756.892277
"366","1kmE3810N3127",13133.8612335
"367","1kmE3810N3128",9322.4083125
"368","1kmE3810N3129",7976.6466035
"369","1kmE3810N3130",6299.4090615
"370","1kmE3810N3131",7655.1821675
"371","1kmE3810N3132",7565.9392235
"372","1kmE3810N3133",6040.9458335
"373","1kmE3810N3134",8024.4876955
"374","1kmE3810N3135",14722.2686235
"375","1kmE3810N3136",15983.494598
"376","1kmE3810N3137",23216.049798
"377","1kmE3810N3138",24478.3896805
"378","1kmE3810N3139",22800.789766
"379","1kmE3810N3140",14636.2359135
"380","1kmE3811N3096",9179.4722075
"381","1kmE3811N3097",5212.088676
"382","1kmE3811N3098",9019.311157
"383","1kmE3811N3099",14269.8694595
"384","1kmE3811N3100",13819.281794
"385","1kmE3811N3101",15930.5691785
"386","1kmE3811N3102",7604.552622
"387","1kmE3811N3103",6119.325738
"388","1kmE3811N3104",4194.864503
"389","1kmE3811N3105",1359.2374465
"390","1kmE3811N3106",6030.086907
"391","1kmE3811N3107",8351.363026
"392","1kmE3811N3108",4565.8644135
"393","1kmE3811N3109",4670.8341695
"394","1kmE3811N3110",6469.279724
"395","1kmE3811N3111",5180.4494785
"396","1kmE3811N3112",7089.382698
"397","1kmE3811N3113",3783.872299
"398","1kmE3811N3114",7833.9581685
"399","1kmE3811N3115",5734.352848
"400","1kmE3811N3116",4510.680121
"401","1kmE3811N3117",5979.312161
"402","1kmE3811N3118",10778.490709
"403","1kmE3811N3119",11770.014887
"404","1kmE3811N3120",9074.7295435
"405","1kmE3811N3121",12991.9984695
"406","1kmE3811N3122",8590.7896875
"407","1kmE3811N3123",5810.069445
"408","1kmE3811N3124",6127.102945
"409","1kmE3811N3125",8309.1660365
"410","1kmE3811N3126",11081.651975
"411","1kmE3811N3127",11230.888561
"412","1kmE3811N3128",10477.7636655
"413","1kmE3811N3129",13486.3426255
"414","1kmE3811N3130",12432.724604
"415","1kmE3811N3131",6696.7469365
"416","1kmE3811N3132",9403.279234
"417","1kmE3811N3133",6857.4049765
"418","1kmE3811N3134",8596.8288415
"419","1kmE3811N3135",11288.6562845
"420","1kmE3811N3136",11513.387086
"421","1kmE3811N3137",21599.1253605
"422","1kmE3811N3138",25212.5769715
"423","1kmE3811N3139",24904.1888435
"424","1kmE3811N3140",16048.3218915
"425","1kmE3811N3141",3893.176123
"426","1kmE3812N3093",2886.115375
"427","1kmE3812N3094",8797.2187365
"428","1kmE3812N3095",7256.2961945
"429","1kmE3812N3096",6276.660516
"430","1kmE3812N3097",4816.281574
"431","1kmE3812N3098",7677.4704935
"432","1kmE3812N3099",7415.359056
"433","1kmE3812N3100",10885.770203
"434","1kmE3812N3101",13492.855467
"435","1kmE3812N3102",7232.3879655
"436","1kmE3812N3103",2408.753102
"437","1kmE3812N3104",1118.2924595
"438","1kmE3812N3105",382.5064875
"439","1kmE3812N3106",3019.165944
"440","1kmE3812N3107",6776.819397
"441","1kmE3812N3108",3371.404144
"442","1kmE3812N3109",5439.7144865
"443","1kmE3812N3110",4776.8611275
"444","1kmE3812N3111",5268.859233
"445","1kmE3812N3112",2390.6794605
"446","1kmE3812N3113",3082.433634
"447","1kmE3812N3114",2956.054703
"448","1kmE3812N3115",2161.8324125
"449","1kmE3812N3116",6658.331164
"450","1kmE3812N3117",8185.0403135
"451","1kmE3812N3118",8321.598664
"452","1kmE3812N3119",11153.015374
"453","1kmE3812N3120",7187.935764
"454","1kmE3812N3121",12028.701018
"455","1kmE3812N3122",8378.1700625
"456","1kmE3812N3123",4197.1871225
"457","1kmE3812N3124",7935.7749215
"458","1kmE3812N3125",6798.426929
"459","1kmE3812N3126",7685.648863
"460","1kmE3812N3127",6791.696929
"461","1kmE3812N3128",8711.3299805
"462","1kmE3812N3129",9911.7459095
"463","1kmE3812N3130",6912.9444645
"464","1kmE3812N3131",5916.6741645
"465","1kmE3812N3132",6482.3587715
"466","1kmE3812N3133",7336.888315
"467","1kmE3812N3134",9172.8936955
"468","1kmE3812N3135",5396.78658
"469","1kmE3812N3136",8721.877107
"470","1kmE3812N3137",11269.658797
"471","1kmE3812N3138",15638.888215
"472","1kmE3812N3139",20683.9045735
"473","1kmE3812N3140",20211.889193
"474","1kmE3812N3141",12371.6775115
"475","1kmE3813N3092",570.6291375
"476","1kmE3813N3093",1460.41931
"477","1kmE3813N3094",8212.1466095
"478","1kmE3813N3095",6343.651417
"479","1kmE3813N3096",7090.9369215
"480","1kmE3813N3097",4811.0546145
"481","1kmE3813N3098",10795.786605
"482","1kmE3813N3099",9678.046492
"483","1kmE3813N3100",12898.422631
"484","1kmE3813N3101",8348.9755245
"485","1kmE3813N3102",1263.7702165
"486","1kmE3813N3103",1577.505637
"487","1kmE3813N3104",6588.847827
"488","1kmE3813N3105",1870.58893
"489","1kmE3813N3106",2056.4322345
"490","1kmE3813N3107",6420.4645365
"491","1kmE3813N3108",9254.5037325
"492","1kmE3813N3109",11796.817163
"493","1kmE3813N3110",7461.5688395
"494","1kmE3813N3111",909.577991
"495","1kmE3813N3112",1911.000145
"496","1kmE3813N3113",7909.208802
"497","1kmE3813N3114",6427.7189145
"498","1kmE3813N3115",712.2982085
"499","1kmE3813N3116",3719.6546645
"500","1kmE3813N3117",8784.055177
"501","1kmE3813N3118",8754.4366295
"502","1kmE3813N3119",12453.344754
"503","1kmE3813N3120",5857.654862
"504","1kmE3813N3121",7438.953502
"505","1kmE3813N3122",5520.9114965
"506","1kmE3813N3123",6456.869428
"507","1kmE3813N3124",5236.5444825
"508","1kmE3813N3125",5683.328256
"509","1kmE3813N3126",9628.834344
"510","1kmE3813N3127",10276.277218
"511","1kmE3813N3128",7441.7284985
"512","1kmE3813N3129",8147.129038
"513","1kmE3813N3130",8013.581157
"514","1kmE3813N3131",4945.4499175
"515","1kmE3813N3132",8265.7976795
"516","1kmE3813N3133",7705.0465305
"517","1kmE3813N3134",5452.066787
"518","1kmE3813N3135",2957.1504765
"519","1kmE3813N3136",8101.274767
"520","1kmE3813N3137",13475.912876
"521","1kmE3813N3138",14119.509902
"522","1kmE3813N3139",17535.0812985
"523","1kmE3813N3140",20460.763588
"524","1kmE3813N3141",15104.475388
"525","1kmE3813N3142",2712.897595
"526","1kmE3814N3091",205.01639
"527","1kmE3814N3092",735.561292
"528","1kmE3814N3093",451.3803115
"529","1kmE3814N3094",3992.1170225
"530","1kmE3814N3095",2874.9854005
"531","1kmE3814N3096",6294.0227235
"532","1kmE3814N3097",7780.153355
"533","1kmE3814N3098",14385.544363
"534","1kmE3814N3099",10722.3209165
"535","1kmE3814N3100",6664.777112
"536","1kmE3814N3101",10642.5430625
"537","1kmE3814N3102",1883.143197
"538","1kmE3814N3103",593.908462
"539","1kmE3814N3104",3394.5573055
"540","1kmE3814N3105",7176.946355
"541","1kmE3814N3106",2180.5695525
"542","1kmE3814N3107",4721.359318
"543","1kmE3814N3108",10442.029622
"544","1kmE3814N3109",13130.265487
"545","1kmE3814N3110",5330.233098
"546","1kmE3814N3111",5616.850105
"547","1kmE3814N3112",904.380427
"548","1kmE3814N3113",5275.8239405
"549","1kmE3814N3114",7394.0357015
"550","1kmE3814N3115",1841.028942
"551","1kmE3814N3116",2441.860163
"552","1kmE3814N3117",9867.143791
"553","1kmE3814N3118",10226.714968
"554","1kmE3814N3119",14969.1348245
"555","1kmE3814N3120",6664.511883
"556","1kmE3814N3121",5167.4478645
"557","1kmE3814N3122",7838.8760145
"558","1kmE3814N3123",8578.20871
"559","1kmE3814N3124",4456.8800625
"560","1kmE3814N3125",4294.3671385
"561","1kmE3814N3126",6725.45991
"562","1kmE3814N3127",11839.0297995
"563","1kmE3814N3128",9773.1119165
"564","1kmE3814N3129",5431.5406025
"565","1kmE3814N3130",4533.605045
"566","1kmE3814N3131",7325.352891
"567","1kmE3814N3132",6154.993265
"568","1kmE3814N3133",5839.0130715
"569","1kmE3814N3134",3020.8167395
"570","1kmE3814N3135",5915.6169755
"571","1kmE3814N3136",9645.096443
"572","1kmE3814N3137",16318.873597
"573","1kmE3814N3138",14640.418085
"574","1kmE3814N3139",13792.0208485
"575","1kmE3814N3140",18995.9963005
"576","1kmE3814N3141",15628.232409
"577","1kmE3814N3142",4792.491412
"578","1kmE3815N3092",9624.4789655
"579","1kmE3815N3093",4925.7799345
"580","1kmE3815N3094",3925.6652955
"581","1kmE3815N3095",6311.1570315
"582","1kmE3815N3096",1995.466787
"583","1kmE3815N3097",6011.859627
"584","1kmE3815N3098",13205.8043225
"585","1kmE3815N3099",13372.5367195
"586","1kmE3815N3100",5049.01354
"587","1kmE3815N3101",7530.243827
"588","1kmE3815N3102",571.979733
"589","1kmE3815N3103",1838.8098095
"590","1kmE3815N3104",687.036861
"591","1kmE3815N3105",2677.4399615
"592","1kmE3815N3106",3689.1832525
"593","1kmE3815N3107",8852.150657
"594","1kmE3815N3108",3645.868075
"595","1kmE3815N3109",8974.663439
"596","1kmE3815N3110",9553.108534
"597","1kmE3815N3111",10283.307667
"598","1kmE3815N3112",2129.2818785
"599","1kmE3815N3113",4933.122453
"600","1kmE3815N3114",2708.5805275
"601","1kmE3815N3115",2725.4176275
"602","1kmE3815N3116",6766.7707875
"603","1kmE3815N3117",5964.7372725
"604","1kmE3815N3118",7272.759397
"605","1kmE3815N3119",10821.021572
"606","1kmE3815N3120",6592.0047925
"607","1kmE3815N3121",7595.258891
"608","1kmE3815N3122",9561.0127995
"609","1kmE3815N3123",8896.62713
"610","1kmE3815N3124",3903.5867515
"611","1kmE3815N3125",6868.83858
"612","1kmE3815N3126",7881.788383
"613","1kmE3815N3127",11686.4604095
"614","1kmE3815N3128",6574.5459435
"615","1kmE3815N3129",4652.4250225
"616","1kmE3815N3130",9308.8492635
"617","1kmE3815N3131",6307.2447975
"618","1kmE3815N3132",2968.4449375
"619","1kmE3815N3133",3342.6946145
"620","1kmE3815N3134",6472.2311365
"621","1kmE3815N3135",8617.407229
"622","1kmE3815N3136",10782.2035845
"623","1kmE3815N3137",12381.3019515
"624","1kmE3815N3138",13669.3482145
"625","1kmE3815N3139",10140.9028845
"626","1kmE3815N3140",15019.1704155
"627","1kmE3815N3141",16234.3331215
"628","1kmE3815N3142",9381.143367
"629","1kmE3816N3092",9402.917145
"630","1kmE3816N3093",5432.624957
"631","1kmE3816N3094",2700.012003
"632","1kmE3816N3095",6439.556928
"633","1kmE3816N3096",5592.864485
"634","1kmE3816N3097",798.392509
"635","1kmE3816N3098",5829.9015115
"636","1kmE3816N3099",11061.4560175
"637","1kmE3816N3100",3363.719967
"638","1kmE3816N3101",1658.129195
"639","1kmE3816N3102",6178.2885895
"640","1kmE3816N3103",9991.2511275
"641","1kmE3816N3104",5334.090128
"642","1kmE3816N3105",5933.3843835
"643","1kmE3816N3106",5414.745372
"644","1kmE3816N3107",8077.4876005
"645","1kmE3816N3108",1257.0691545
"646","1kmE3816N3109",5144.5709835
"647","1kmE3816N3110",9790.9666565
"648","1kmE3816N3111",6493.9429825
"649","1kmE3816N3112",6329.6885265
"650","1kmE3816N3113",9026.6287555
"651","1kmE3816N3114",4784.2977335
"652","1kmE3816N3115",7141.4141585
"653","1kmE3816N3116",2090.861817
"654","1kmE3816N3117",5368.6289335
"655","1kmE3816N3118",8873.7352365
"656","1kmE3816N3119",7297.0822815
"657","1kmE3816N3120",10589.1530635
"658","1kmE3816N3121",12999.860256
"659","1kmE3816N3122",10181.168151
"660","1kmE3816N3123",10658.235569
"661","1kmE3816N3124",7094.924194
"662","1kmE3816N3125",9442.1109965
"663","1kmE3816N3126",5443.1990425
"664","1kmE3816N3127",7759.3365665
"665","1kmE3816N3128",7658.6095465
"666","1kmE3816N3129",6820.980217
"667","1kmE3816N3130",7048.668949
"668","1kmE3816N3131",9240.795152
"669","1kmE3816N3132",6068.169624
"670","1kmE3816N3133",4212.6905535
"671","1kmE3816N3134",6300.7811385
"672","1kmE3816N3135",5763.5722125
"673","1kmE3816N3136",4655.114971
"674","1kmE3816N3137",6087.943422
"675","1kmE3816N3138",12184.3472635
"676","1kmE3816N3139",13142.9903435
"677","1kmE3816N3140",14843.017443
"678","1kmE3816N3141",11460.406621
"679","1kmE3816N3142",8518.782088
"680","1kmE3816N3143",3387.0617805
"681","1kmE3817N3090",734.852022
"682","1kmE3817N3091",1882.351337
"683","1kmE3817N3092",4387.7530515
"684","1kmE3817N3093",2412.7422005
"685","1kmE3817N3094",604.112441
"686","1kmE3817N3095",2298.810248
"687","1kmE3817N3096",6958.3765195
"688","1kmE3817N3097",985.257106
"689","1kmE3817N3098",3791.2808255
"690","1kmE3817N3099",4455.596993
"691","1kmE3817N3100",5525.7408245
"692","1kmE3817N3101",3252.487317
"693","1kmE3817N3102",8224.0515365
"694","1kmE3817N3103",9128.3748195
"695","1kmE3817N3104",3451.2959315
"696","1kmE3817N3105",4766.808814
"697","1kmE3817N3106",5546.237498
"698","1kmE3817N3107",7172.1631895
"699","1kmE3817N3108",7338.836655
"700","1kmE3817N3109",5624.2307915
"701","1kmE3817N3110",6083.02836
"702","1kmE3817N3111",3473.700034
"703","1kmE3817N3112",6399.1924445
"704","1kmE3817N3113",5087.743697
"705","1kmE3817N3114",8285.787417
"706","1kmE3817N3115",2550.133993
"707","1kmE3817N3116",1619.607953
"708","1kmE3817N3117",6570.396469
"709","1kmE3817N3118",9828.4568155
"710","1kmE3817N3119",10580.480994
"711","1kmE3817N3120",9480.644007
"712","1kmE3817N3121",12134.9021945
"713","1kmE3817N3122",8517.5243235
"714","1kmE3817N3123",6184.34311
"715","1kmE3817N3124",7902.192179
"716","1kmE3817N3125",8187.053065
"717","1kmE3817N3126",4884.3401985
"718","1kmE3817N3127",8648.552376
"719","1kmE3817N3128",3887.178862
"720","1kmE3817N3129",5223.0159235
"721","1kmE3817N3130",3970.3506735
"722","1kmE3817N3131",6269.3598295
"723","1kmE3817N3132",5056.2916245
"724","1kmE3817N3133",3693.341359
"725","1kmE3817N3134",3709.405586
"726","1kmE3817N3135",1659.968885
"727","1kmE3817N3136",6970.007287
"728","1kmE3817N3137",11813.4987515
"729","1kmE3817N3138",11328.1050765
"730","1kmE3817N3139",11275.7078815
"731","1kmE3817N3140",8664.3886635
"732","1kmE3817N3141",6629.799426
"733","1kmE3817N3142",10656.029854
"734","1kmE3817N3143",13640.846105
"735","1kmE3818N3091",972.5347445
"736","1kmE3818N3095",205.01639
"737","1kmE3818N3096",403.8964455
"738","1kmE3818N3097",3767.793446
"739","1kmE3818N3098",5961.0854595
"740","1kmE3818N3099",7744.8697725
"741","1kmE3818N3100",5426.1390855
"742","1kmE3818N3101",4059.1542
"743","1kmE3818N3102",5696.1329145
"744","1kmE3818N3103",7163.989287
"745","1kmE3818N3104",6761.184129
"746","1kmE3818N3105",5953.263682
"747","1kmE3818N3106",7387.0412
"748","1kmE3818N3107",8344.956026
"749","1kmE3818N3108",6994.085079
"750","1kmE3818N3109",7683.964278
"751","1kmE3818N3110",8615.885373
"752","1kmE3818N3111",4585.116385
"753","1kmE3818N3112",3903.999988
"754","1kmE3818N3113",6207.891753
"755","1kmE3818N3114",9599.486758
"756","1kmE3818N3115",7315.850025
"757","1kmE3818N3116",2610.883111
"758","1kmE3818N3117",7410.9538155
"759","1kmE3818N3118",9948.771431
"760","1kmE3818N3119",9623.3387055
"761","1kmE3818N3120",3023.456669
"762","1kmE3818N3121",5333.0961125
"763","1kmE3818N3122",8418.6942095
"764","1kmE3818N3123",8950.275906
"765","1kmE3818N3124",6900.004499
"766","1kmE3818N3125",6270.4128965
"767","1kmE3818N3126",5003.5575725
"768","1kmE3818N3127",6459.399156
"769","1kmE3818N3128",6202.6429665
"770","1kmE3818N3129",8093.456206
"771","1kmE3818N3130",4623.317686
"772","1kmE3818N3131",7089.100819
"773","1kmE3818N3132",6886.896935
"774","1kmE3818N3133",4049.4200175
"775","1kmE3818N3134",8495.3877485
"776","1kmE3818N3135",5248.9861525
"777","1kmE3818N3136",6302.2572905
"778","1kmE3818N3137",9010.08293
"779","1kmE3818N3138",6125.777967
"780","1kmE3818N3139",7316.0108685
"781","1kmE3818N3140",10215.1416215
"782","1kmE3818N3141",4214.7930815
"783","1kmE3818N3142",12610.682704
"784","1kmE3818N3143",15800.254304
"785","1kmE3818N3144",8395.5366595
"786","1kmE3819N3095",2823.336359
"787","1kmE3819N3096",4552.718539
"788","1kmE3819N3097",2567.898442
"789","1kmE3819N3098",7166.1569565
"790","1kmE3819N3099",11153.631448
"791","1kmE3819N3100",9425.613442
"792","1kmE3819N3101",6270.7297875
"793","1kmE3819N3102",6787.7168405
"794","1kmE3819N3103",6297.950352
"795","1kmE3819N3104",3939.891999
"796","1kmE3819N3105",8602.9562135
"797","1kmE3819N3106",11152.346372
"798","1kmE3819N3107",7598.7385235
"799","1kmE3819N3108",9795.399107
"800","1kmE3819N3109",10066.893891
"801","1kmE3819N3110",7884.259629
"802","1kmE3819N3111",7225.7980565
"803","1kmE3819N3112",8773.6742765
"804","1kmE3819N3113",7977.6981975
"805","1kmE3819N3114",4742.758315
"806","1kmE3819N3115",4694.700274
"807","1kmE3819N3116",2874.994701
"808","1kmE3819N3117",8393.304003
"809","1kmE3819N3118",9903.1038225
"810","1kmE3819N3119",5972.081759
"811","1kmE3819N3120",6679.2311165
"812","1kmE3819N3121",9238.193655
"813","1kmE3819N3122",11182.4875185
"814","1kmE3819N3123",11110.5965795
"815","1kmE3819N3124",10486.8910845
"816","1kmE3819N3125",9647.1662195
"817","1kmE3819N3126",9900.541217
"818","1kmE3819N3127",10775.7348565
"819","1kmE3819N3128",4534.410622
"820","1kmE3819N3129",3242.5795975
"821","1kmE3819N3130",4757.703678
"822","1kmE3819N3131",10907.6300035
"823","1kmE3819N3132",11504.1581525
"824","1kmE3819N3133",6536.5761815
"825","1kmE3819N3134",9000.004962
"826","1kmE3819N3135",8728.3827735
"827","1kmE3819N3136",6504.572388
"828","1kmE3819N3137",4741.300554
"829","1kmE3819N3138",4887.778881
"830","1kmE3819N3139",1512.30883
"831","1kmE3819N3140",3798.9331335
"832","1kmE3819N3141",4281.106867
"833","1kmE3819N3142",7114.2858595
"834","1kmE3819N3143",10378.6021355
"835","1kmE3819N3144",8587.900174
"836","1kmE3819N3145",3378.815825
"837","1kmE3820N3095",5126.0231
"838","1kmE3820N3096",7054.6089045
"839","1kmE3820N3097",4902.327656
"840","1kmE3820N3098",4033.631435
"841","1kmE3820N3099",5834.772593
"842","1kmE3820N3100",4355.1916905
"843","1kmE3820N3101",3557.7877695
"844","1kmE3820N3102",2735.835645
"845","1kmE3820N3103",8041.9622415
"846","1kmE3820N3104",11955.626916
"847","1kmE3820N3105",15767.9174375
"848","1kmE3820N3106",14099.864711
"849","1kmE3820N3107",10515.478229
"850","1kmE3820N3108",12039.3649365
"851","1kmE3820N3109",9966.622263
"852","1kmE3820N3110",4605.3545355
"853","1kmE3820N3111",5964.122071
"854","1kmE3820N3112",1936.4392995
"855","1kmE3820N3113",4251.6262435
"856","1kmE3820N3114",7786.8896955
"857","1kmE3820N3115",5910.0663495
"858","1kmE3820N3116",1676.4480535
"859","1kmE3820N3117",7162.051043
"860","1kmE3820N3118",6886.849652
"861","1kmE3820N3119",7720.3439745
"862","1kmE3820N3120",11395.055787
"863","1kmE3820N3121",13847.902717
"864","1kmE3820N3122",13024.838828
"865","1kmE3820N3123",8740.483522
"866","1kmE3820N3124",8539.114177
"867","1kmE3820N3125",11069.7373895
"868","1kmE3820N3126",13384.1000685
"869","1kmE3820N3127",12806.5872975
"870","1kmE3820N3128",7913.748254
"871","1kmE3820N3129",9001.7822955
"872","1kmE3820N3130",9400.432617
"873","1kmE3820N3131",9414.601579
"874","1kmE3820N3132",11472.550591
"875","1kmE3820N3133",7935.682844
"876","1kmE3820N3134",7276.708782
"877","1kmE3820N3135",5632.713463
"878","1kmE3820N3136",9377.3577915
"879","1kmE3820N3137",7634.947432
"880","1kmE3820N3138",3926.2149565
"881","1kmE3820N3139",2453.207888
"882","1kmE3820N3140",5457.7969095
"883","1kmE3820N3141",6595.4626065
"884","1kmE3820N3142",5113.5444305
"885","1kmE3820N3143",4270.535993
"886","1kmE3820N3144",11233.122436
"887","1kmE3820N3145",11384.6364225
"888","1kmE3821N3095",5381.959063
"889","1kmE3821N3096",6441.9153565
"890","1kmE3821N3097",3405.994668
"891","1kmE3821N3098",2219.9759025
"892","1kmE3821N3099",4321.694204
"893","1kmE3821N3100",4040.7153095
"894","1kmE3821N3101",4301.892359
"895","1kmE3821N3102",5555.216164
"896","1kmE3821N3103",6148.4168955
"897","1kmE3821N3104",14993.3932975
"898","1kmE3821N3105",15627.808207
"899","1kmE3821N3106",13092.5264495
"900","1kmE3821N3107",10249.246465
"901","1kmE3821N3108",7913.0473545
"902","1kmE3821N3109",5227.404118
"903","1kmE3821N3110",382.506485
"904","1kmE3821N3111",3957.8123495
"905","1kmE3821N3112",5843.3884005
"906","1kmE3821N3113",1448.9758395
"907","1kmE3821N3114",2642.2205345
"908","1kmE3821N3115",4668.7947095
"909","1kmE3821N3116",3591.793502
"910","1kmE3821N3117",2935.9721015
"911","1kmE3821N3118",3745.327319
"912","1kmE3821N3119",5614.737388
"913","1kmE3821N3120",9722.321565
"914","1kmE3821N3121",12967.5228515
"915","1kmE3821N3122",10115.3550475
"916","1kmE3821N3123",4532.288394
"917","1kmE3821N3124",6305.546203
"918","1kmE3821N3125",9601.2969275
"919","1kmE3821N3126",10326.0196035
"920","1kmE3821N3127",9231.7644825
"921","1kmE3821N3128",5460.582473
"922","1kmE3821N3129",4481.5232955
"923","1kmE3821N3130",5219.3596455
"924","1kmE3821N3131",6415.9188935
"925","1kmE3821N3132",7811.7097495
"926","1kmE3821N3133",5139.855995
"927","1kmE3821N3134",6032.088994
"928","1kmE3821N3135",4060.3952415
"929","1kmE3821N3136",8679.5755205
"930","1kmE3821N3137",9487.530407
"931","1kmE3821N3138",5736.227642
"932","1kmE3821N3139",7278.3812515
"933","1kmE3821N3140",6357.943458
"934","1kmE3821N3141",1987.822022
"935","1kmE3821N3142",5550.117522
"936","1kmE3821N3143",8405.6560255
"937","1kmE3821N3144",14400.900931
"938","1kmE3821N3145",16754.562814
"939","1kmE3821N3146",8145.6776865
"940","1kmE3822N3095",2019.365263
"941","1kmE3822N3096",2381.3018545
"942","1kmE3822N3097",4664.640283
"943","1kmE3822N3098",3894.2834845
"944","1kmE3822N3099",5844.3613755
"945","1kmE3822N3100",7780.022285
"946","1kmE3822N3101",11666.848766
"947","1kmE3822N3102",12748.8339225
"948","1kmE3822N3103",11596.8112385
"949","1kmE3822N3104",10675.2840885
"950","1kmE3822N3105",10658.5162625
"951","1kmE3822N3106",7822.7693535
"952","1kmE3822N3107",5222.1465225
"953","1kmE3822N3108",7109.8018705
"954","1kmE3822N3109",3541.4179105
"955","1kmE3822N3111",2075.426948
"956","1kmE3822N3112",5796.026884
"957","1kmE3822N3113",4885.1850465
"958","1kmE3822N3114",5472.045409
"959","1kmE3822N3115",5444.952984
"960","1kmE3822N3116",5888.8999105
"961","1kmE3822N3117",5978.653278
"962","1kmE3822N3118",6999.422511
"963","1kmE3822N3119",5104.7216985
"964","1kmE3822N3120",5262.089025
"965","1kmE3822N3121",3784.885918
"966","1kmE3822N3122",4503.3915165
"967","1kmE3822N3123",2927.0995915
"968","1kmE3822N3124",382.5064845
"969","1kmE3822N3125",572.5185015
"970","1kmE3822N3126",8362.73931
"971","1kmE3822N3127",9509.8331825
"972","1kmE3822N3128",5722.976199
"973","1kmE3822N3129",7743.262732
"974","1kmE3822N3130",5440.8022755
"975","1kmE3822N3131",2993.591503
"976","1kmE3822N3132",8642.8749535
"977","1kmE3822N3133",6964.338564
"978","1kmE3822N3134",4273.9166115
"979","1kmE3822N3135",3621.024524
"980","1kmE3822N3136",4643.9597585
"981","1kmE3822N3137",5023.77344
"982","1kmE3822N3138",5499.3301215
"983","1kmE3822N3139",5435.4234575
"984","1kmE3822N3140",2073.0363445
"985","1kmE3822N3141",3335.1878325
"986","1kmE3822N3142",5848.4831795
"987","1kmE3822N3143",9663.3828165
"988","1kmE3822N3144",12253.345705
"989","1kmE3822N3145",17520.028625
"990","1kmE3822N3146",13286.0279865
"991","1kmE3823N3096",368.6952115
"992","1kmE3823N3097",6041.69466
"993","1kmE3823N3098",3835.856477
"994","1kmE3823N3099",5619.158795
"995","1kmE3823N3100",5049.434582
"996","1kmE3823N3101",15088.559765
"997","1kmE3823N3102",15539.583876
"998","1kmE3823N3103",10917.903717
"999","1kmE3823N3104",2583.520559
"1000","1kmE3823N3105",5149.410375
"1001","1kmE3823N3106",4179.524562
"1002","1kmE3823N3107",907.9510865
"1003","1kmE3823N3108",6562.8561665
"1004","1kmE3823N3109",3041.441166
"1005","1kmE3823N3110",382.5064845
"1006","1kmE3823N3111",4703.4913665
"1007","1kmE3823N3112",10386.559338
"1008","1kmE3823N3113",8901.501106
"1009","1kmE3823N3114",3746.1592345
"1010","1kmE3823N3115",3088.632826
"1011","1kmE3823N3116",6560.0945905
"1012","1kmE3823N3117",8801.92056
"1013","1kmE3823N3118",7174.697661
"1014","1kmE3823N3119",4636.511372
"1015","1kmE3823N3120",3338.6941425
"1016","1kmE3823N3121",2950.8737815
"1017","1kmE3823N3122",5532.891371
"1018","1kmE3823N3123",3989.7128985
"1019","1kmE3823N3124",536.8783155
"1020","1kmE3823N3125",5053.1356915
"1021","1kmE3823N3126",8110.3403185
"1022","1kmE3823N3127",6947.149262
"1023","1kmE3823N3128",4746.5022585
"1024","1kmE3823N3129",3992.4394125
"1025","1kmE3823N3130",6023.2668205
"1026","1kmE3823N3131",3666.4184015
"1027","1kmE3823N3132",5634.160904
"1028","1kmE3823N3133",7030.947252
"1029","1kmE3823N3134",4254.3601015
"1030","1kmE3823N3135",4857.594436
"1031","1kmE3823N3136",8788.113093
"1032","1kmE3823N3137",7503.687142
"1033","1kmE3823N3138",2381.7870235
"1034","1kmE3823N3139",4054.809191
"1035","1kmE3823N3140",1667.7296575
"1036","1kmE3823N3141",6194.729049
"1037","1kmE3823N3142",10085.139362
"1038","1kmE3823N3143",8267.604261
"1039","1kmE3823N3144",6017.773548
"1040","1kmE3823N3145",12362.458664
"1041","1kmE3823N3146",13344.9129445
"1042","1kmE3823N3147",6715.0460945
"1043","1kmE3824N3097",3591.331339
"1044","1kmE3824N3098",5103.7964865
"1045","1kmE3824N3099",2338.089002
"1046","1kmE3824N3100",7056.5601635
"1047","1kmE3824N3101",10623.981384
"1048","1kmE3824N3102",14442.6355865
"1049","1kmE3824N3103",9525.445983
"1050","1kmE3824N3104",7594.1183195
"1051","1kmE3824N3105",6430.9015325
"1052","1kmE3824N3106",8475.278533
"1053","1kmE3824N3107",5508.801605
"1054","1kmE3824N3108",4747.2945795
"1055","1kmE3824N3109",5495.3744765
"1056","1kmE3824N3110",5134.813615
"1057","1kmE3824N3111",2192.965019
"1058","1kmE3824N3112",1144.8953255
"1059","1kmE3824N3113",8585.337737
"1060","1kmE3824N3114",5758.1471295
"1061","1kmE3824N3115",2255.793418
"1062","1kmE3824N3116",6503.392432
"1063","1kmE3824N3117",8645.7701185
"1064","1kmE3824N3118",6718.858448
"1065","1kmE3824N3119",9669.200054
"1066","1kmE3824N3120",5243.2564155
"1067","1kmE3824N3121",5413.524987
"1068","1kmE3824N3122",8140.9462165
"1069","1kmE3824N3123",3854.6796275
"1070","1kmE3824N3124",700.5571375
"1071","1kmE3824N3125",8947.2862435
"1072","1kmE3824N3126",12777.492618
"1073","1kmE3824N3127",8362.899674
"1074","1kmE3824N3128",3021.0450505
"1075","1kmE3824N3129",10860.920275
"1076","1kmE3824N3130",6676.7470835
"1077","1kmE3824N3131",1738.617062
"1078","1kmE3824N3132",1820.617485
"1079","1kmE3824N3133",4755.8472525
"1080","1kmE3824N3134",4023.1958085
"1081","1kmE3824N3135",5641.236484
"1082","1kmE3824N3136",4613.4592245
"1083","1kmE3824N3137",7326.90592
"1084","1kmE3824N3138",4004.8940685
"1085","1kmE3824N3139",7656.698132
"1086","1kmE3824N3140",5442.0513185
"1087","1kmE3824N3141",7136.3057155
"1088","1kmE3824N3142",7536.8841445
"1089","1kmE3824N3143",3573.560039
"1090","1kmE3824N3144",1639.663074
"1091","1kmE3824N3145",3511.8350795
"1092","1kmE3824N3146",10315.0374115
"1093","1kmE3824N3147",8119.7768645
"1094","1kmE3825N3097",5069.179766
"1095","1kmE3825N3098",8245.829606
"1096","1kmE3825N3100",6862.851871
"1097","1kmE3825N3101",4576.6510195
"1098","1kmE3825N3102",11138.8771685
"1099","1kmE3825N3103",10647.533439
"1100","1kmE3825N3104",8754.848955
"1101","1kmE3825N3105",7053.2620265
"1102","1kmE3825N3106",5314.1659635
"1103","1kmE3825N3107",8426.990431
"1104","1kmE3825N3108",8478.2058685
"1105","1kmE3825N3109",5444.755715
"1106","1kmE3825N3110",6259.977251
"1107","1kmE3825N3111",2513.4285495
"1108","1kmE3825N3112",694.6163755
"1109","1kmE3825N3113",3202.259862
"1110","1kmE3825N3114",7649.4617355
"1111","1kmE3825N3115",8548.83695
"1112","1kmE3825N3116",8323.141872
"1113","1kmE3825N3117",11337.3116945
"1114","1kmE3825N3118",8664.826184
"1115","1kmE3825N3119",7505.1352625
"1116","1kmE3825N3120",4419.590425
"1117","1kmE3825N3121",5927.7849785
"1118","1kmE3825N3122",7496.4802075
"1119","1kmE3825N3123",5361.943539
"1120","1kmE3825N3124",2160.8052245
"1121","1kmE3825N3125",5975.334543
"1122","1kmE3825N3126",7857.4569475
"1123","1kmE3825N3127",9790.683355
"1124","1kmE3825N3128",4543.332111
"1125","1kmE3825N3129",6305.0078775
"1126","1kmE3825N3130",11454.5268765
"1127","1kmE3825N3131",7652.9046035
"1128","1kmE3825N3132",2719.4736915
"1129","1kmE3825N3133",1831.9681155
"1130","1kmE3825N3134",2127.423736
"1131","1kmE3825N3135",5620.5704835
"1132","1kmE3825N3136",3211.8284315
"1133","1kmE3825N3137",11432.8747205
"1134","1kmE3825N3138",6847.2347445
"1135","1kmE3825N3139",6687.769933
"1136","1kmE3825N3140",3811.429738
"1137","1kmE3825N3141",5409.837612
"1138","1kmE3825N3142",7821.787458
"1139","1kmE3825N3143",9316.074215
"1140","1kmE3825N3144",8241.522544
"1141","1kmE3825N3145",7644.12202
"1142","1kmE3825N3146",8063.290385
"1143","1kmE3825N3147",9185.2157815
"1144","1kmE3825N3148",3985.154182
"1145","1kmE3826N3100",1578.9943615
"1146","1kmE3826N3101",8003.6642825
"1147","1kmE3826N3102",10089.2804985
"1148","1kmE3826N3103",12360.6446615
"1149","1kmE3826N3104",9205.9198065
"1150","1kmE3826N3105",9980.4083445
"1151","1kmE3826N3106",4873.341802
"1152","1kmE3826N3107",8062.135945
"1153","1kmE3826N3108",8791.426237
"1154","1kmE3826N3109",2269.626701
"1155","1kmE3826N3110",451.8138915
"1156","1kmE3826N3111",3446.6180265
"1157","1kmE3826N3112",640.6452175
"1158","1kmE3826N3113",6556.039388
"1159","1kmE3826N3114",5431.7073815
"1160","1kmE3826N3115",11502.3169455
"1161","1kmE3826N3116",12326.1994835
"1162","1kmE3826N3117",16018.267078
"1163","1kmE3826N3118",15907.5946285
"1164","1kmE3826N3119",14461.1089025
"1165","1kmE3826N3120",9048.682202
"1166","1kmE3826N3121",8471.964803
"1167","1kmE3826N3122",3584.2030535
"1168","1kmE3826N3123",5914.5290095
"1169","1kmE3826N3124",4543.7895855
"1170","1kmE3826N3125",7912.869557
"1171","1kmE3826N3126",6169.232239
"1172","1kmE3826N3127",3029.7863895
"1173","1kmE3826N3128",1561.5463995
"1174","1kmE3826N3129",9733.572146
"1175","1kmE3826N3130",12434.8487265
"1176","1kmE3826N3131",8437.0483275
"1177","1kmE3826N3132",2630.199259
"1178","1kmE3826N3133",5538.749469
"1179","1kmE3826N3134",2454.515236
"1180","1kmE3826N3135",9322.0848665
"1181","1kmE3826N3136",4779.8253485
"1182","1kmE3826N3137",8398.1956945
"1183","1kmE3826N3138",5373.982472
"1184","1kmE3826N3139",3707.4926705
"1185","1kmE3826N3140",3562.3841315
"1186","1kmE3826N3141",8554.4332715
"1187","1kmE3826N3142",8140.93873
"1188","1kmE3826N3143",10549.987789
"1189","1kmE3826N3144",9938.681225
"1190","1kmE3826N3145",7517.8161175
"1191","1kmE3826N3146",5062.489082
"1192","1kmE3826N3147",9685.9186855
"1193","1kmE3826N3148",6061.5131325
"1194","1kmE3826N3149",2074.6608345
"1195","1kmE3827N3100",1528.786638
"1196","1kmE3827N3101",7551.748928
"1197","1kmE3827N3102",3305.8178145
"1198","1kmE3827N3103",6319.3191815
"1199","1kmE3827N3104",8204.2746615
"1200","1kmE3827N3105",13451.6284025
"1201","1kmE3827N3106",11861.2870495
"1202","1kmE3827N3107",8040.591678
"1203","1kmE3827N3108",7234.051393
"1204","1kmE3827N3109",581.3865415
"1205","1kmE3827N3110",2017.923723
"1206","1kmE3827N3111",6083.3357965
"1207","1kmE3827N3112",5483.978679
"1208","1kmE3827N3113",11165.3925315
"1209","1kmE3827N3114",4377.960548
"1210","1kmE3827N3115",6947.836124
"1211","1kmE3827N3116",14883.3327005
"1212","1kmE3827N3117",17491.0305975
"1213","1kmE3827N3118",17179.0589905
"1214","1kmE3827N3119",14576.6878815
"1215","1kmE3827N3120",9568.3277485
"1216","1kmE3827N3121",9843.5622585
"1217","1kmE3827N3122",3830.106868
"1218","1kmE3827N3123",6356.767812
"1219","1kmE3827N3124",6497.558806
"1220","1kmE3827N3125",8389.3888595
"1221","1kmE3827N3126",5162.527191
"1222","1kmE3827N3127",2300.7564685
"1223","1kmE3827N3128",3072.679866
"1224","1kmE3827N3129",9508.1400925
"1225","1kmE3827N3130",10561.979999
"1226","1kmE3827N3131",8212.8841365
"1227","1kmE3827N3132",6139.8931435
"1228","1kmE3827N3133",5728.9369685
"1229","1kmE3827N3134",1382.019967
"1230","1kmE3827N3135",6506.4892495
"1231","1kmE3827N3136",1680.647304
"1232","1kmE3827N3137",1506.04493
"1233","1kmE3827N3138",1289.806671
"1234","1kmE3827N3139",7826.6619165
"1235","1kmE3827N3140",3831.080441
"1236","1kmE3827N3141",6888.6674445
"1237","1kmE3827N3142",10499.4248755
"1238","1kmE3827N3143",9314.638413
"1239","1kmE3827N3144",11097.14077
"1240","1kmE3827N3145",5648.8128995
"1241","1kmE3827N3146",8594.309343
"1242","1kmE3827N3147",13322.751482
"1243","1kmE3827N3148",12083.309631
"1244","1kmE3827N3149",7751.013577
"1245","1kmE3828N3099",572.5184995
"1246","1kmE3828N3100",1910.3006
"1247","1kmE3828N3101",6460.264295
"1248","1kmE3828N3102",2756.8911225
"1249","1kmE3828N3103",8385.173846
"1250","1kmE3828N3104",9500.0345735
"1251","1kmE3828N3105",13461.1482395
"1252","1kmE3828N3106",10701.845479
"1253","1kmE3828N3107",8002.539422
"1254","1kmE3828N3108",11199.1697235
"1255","1kmE3828N3109",6431.534285
"1256","1kmE3828N3110",5574.600664
"1257","1kmE3828N3111",2624.48335
"1258","1kmE3828N3112",5279.1208895
"1259","1kmE3828N3113",7098.291286
"1260","1kmE3828N3114",3112.81711
"1261","1kmE3828N3115",7423.265969
"1262","1kmE3828N3116",8038.296416
"1263","1kmE3828N3117",10695.968194
"1264","1kmE3828N3118",8914.2953305
"1265","1kmE3828N3119",8410.0849515
"1266","1kmE3828N3120",6888.7714525
"1267","1kmE3828N3121",6858.972157
"1268","1kmE3828N3122",6264.776255
"1269","1kmE3828N3123",8285.621062
"1270","1kmE3828N3124",9670.4514895
"1271","1kmE3828N3125",10557.2073035
"1272","1kmE3828N3126",7374.507042
"1273","1kmE3828N3127",6465.2625705
"1274","1kmE3828N3128",5438.1514865
"1275","1kmE3828N3129",9657.016344
"1276","1kmE3828N3130",15232.4301075
"1277","1kmE3828N3131",7048.658112
"1278","1kmE3828N3132",3556.375834
"1279","1kmE3828N3133",921.887061
"1280","1kmE3828N3134",1339.999668
"1281","1kmE3828N3135",6330.677797
"1282","1kmE3828N3136",3398.327416
"1283","1kmE3828N3137",1970.343444
"1284","1kmE3828N3138",3557.02512
"1285","1kmE3828N3139",3514.910159
"1286","1kmE3828N3140",3849.7775215
"1287","1kmE3828N3141",10206.2620855
"1288","1kmE3828N3142",11727.2403715
"1289","1kmE3828N3143",9773.900844
"1290","1kmE3828N3144",10399.1120555
"1291","1kmE3828N3145",6232.3715825
"1292","1kmE3828N3146",7695.6660555
"1293","1kmE3828N3147",14248.880295
"1294","1kmE3828N3148",18757.2681485
"1295","1kmE3828N3149",11553.085894
"1296","1kmE3829N3096",6735.6417375
"1297","1kmE3829N3097",9603.0327535
"1298","1kmE3829N3098",3993.659672
"1299","1kmE3829N3099",205.0163885
"1300","1kmE3829N3100",3031.3083405
"1301","1kmE3829N3101",7431.0386005
"1302","1kmE3829N3102",2083.4585455
"1303","1kmE3829N3103",6121.9182265
"1304","1kmE3829N3104",10964.8020715
"1305","1kmE3829N3105",9928.2618425
"1306","1kmE3829N3106",6210.091274
"1307","1kmE3829N3107",8297.289665
"1308","1kmE3829N3108",10161.580629
"1309","1kmE3829N3109",10140.859599
"1310","1kmE3829N3110",7161.83072
"1311","1kmE3829N3111",4473.7736305
"1312","1kmE3829N3112",3934.9766535
"1313","1kmE3829N3113",2175.298761
"1314","1kmE3829N3114",2699.328366
"1315","1kmE3829N3115",3578.632375
"1316","1kmE3829N3116",6970.086813
"1317","1kmE3829N3117",6425.248924
"1318","1kmE3829N3118",10099.818415
"1319","1kmE3829N3119",2263.4725025
"1320","1kmE3829N3120",7752.70388
"1321","1kmE3829N3121",8810.9451335
"1322","1kmE3829N3122",7278.4872075
"1323","1kmE3829N3123",3147.798792
"1324","1kmE3829N3124",6739.361986
"1325","1kmE3829N3125",3066.2100235
"1326","1kmE3829N3126",3435.705846
"1327","1kmE3829N3127",3865.860796
"1328","1kmE3829N3128",2781.664486
"1329","1kmE3829N3129",7256.5563815
"1330","1kmE3829N3130",10255.7789215
"1331","1kmE3829N3131",6800.1505325
"1332","1kmE3829N3132",6807.957799
"1333","1kmE3829N3133",403.8964465
"1334","1kmE3829N3134",1719.509534
"1335","1kmE3829N3135",6967.59395
"1336","1kmE3829N3136",8347.860007
"1337","1kmE3829N3137",4804.834671
"1338","1kmE3829N3138",8000.2270095
"1339","1kmE3829N3139",10126.216756
"1340","1kmE3829N3140",3074.667233
"1341","1kmE3829N3141",5806.5591755
"1342","1kmE3829N3142",8669.8727645
"1343","1kmE3829N3143",5922.152375
"1344","1kmE3829N3144",9650.3738455
"1345","1kmE3829N3145",11430.6028235
"1346","1kmE3829N3146",7325.06414
"1347","1kmE3829N3147",13684.302536
"1348","1kmE3829N3148",19651.7599345
"1349","1kmE3829N3149",11335.1000445
"1350","1kmE3829N3150",6565.441258
"1351","1kmE3830N3096",10569.294712
"1352","1kmE3830N3097",12310.7043455
"1353","1kmE3830N3098",9554.241046
"1354","1kmE3830N3099",345.867941
"1355","1kmE3830N3100",2453.1369255
"1356","1kmE3830N3101",5135.0514145
"1357","1kmE3830N3102",7007.656091
"1358","1kmE3830N3103",2079.689214
"1359","1kmE3830N3104",5441.677254
"1360","1kmE3830N3105",5180.13107
"1361","1kmE3830N3106",1315.214228
"1362","1kmE3830N3107",5041.808067
"1363","1kmE3830N3108",6926.292575
"1364","1kmE3830N3109",8350.067491
"1365","1kmE3830N3110",6177.775348
"1366","1kmE3830N3111",5956.6173025
"1367","1kmE3830N3112",5290.8504615
"1368","1kmE3830N3113",6469.4463065
"1369","1kmE3830N3114",6156.3570545
"1370","1kmE3830N3115",9586.392842
"1371","1kmE3830N3116",9069.5272325
"1372","1kmE3830N3117",6493.199322
"1373","1kmE3830N3118",9407.553812
"1374","1kmE3830N3119",7941.33291
"1375","1kmE3830N3120",4853.607413
"1376","1kmE3830N3121",7104.6610805
"1377","1kmE3830N3122",3827.2328175
"1378","1kmE3830N3123",5272.663259
"1379","1kmE3830N3124",10555.061305
"1380","1kmE3830N3125",2549.3662585
"1381","1kmE3830N3126",4202.5846095
"1382","1kmE3830N3127",6846.105436
"1383","1kmE3830N3128",2405.4184585
"1384","1kmE3830N3129",5587.6149975
"1385","1kmE3830N3130",8202.80441
"1386","1kmE3830N3131",6915.344885
"1387","1kmE3830N3132",9942.445083
"1388","1kmE3830N3133",1083.0983645
"1389","1kmE3830N3134",2271.0193045
"1390","1kmE3830N3135",5724.92203
"1391","1kmE3830N3136",8879.285311
"1392","1kmE3830N3137",9451.91921
"1393","1kmE3830N3138",10665.151957
"1394","1kmE3830N3139",4981.936476
"1395","1kmE3830N3140",2982.9601535
"1396","1kmE3830N3141",1781.5975435
"1397","1kmE3830N3142",5443.318619
"1398","1kmE3830N3143",10679.858513
"1399","1kmE3830N3144",12727.67675
"1400","1kmE3830N3145",8756.413444
"1401","1kmE3830N3146",6517.027267
"1402","1kmE3830N3147",10303.83284
"1403","1kmE3830N3148",7071.908812
"1404","1kmE3830N3149",9689.936959
"1405","1kmE3830N3150",11848.4423725
"1406","1kmE3831N3097",11710.629821
"1407","1kmE3831N3098",7120.8171405
"1408","1kmE3831N3099",1734.59593
"1409","1kmE3831N3100",2571.216047
"1410","1kmE3831N3101",2619.4369175
"1411","1kmE3831N3102",6604.247516
"1412","1kmE3831N3103",5657.323664
"1413","1kmE3831N3104",1285.29805
"1414","1kmE3831N3105",4165.8202205
"1415","1kmE3831N3106",4686.375081
"1416","1kmE3831N3107",5161.4008035
"1417","1kmE3831N3108",5666.252955
"1418","1kmE3831N3109",5508.9947785
"1419","1kmE3831N3110",3560.7610535
"1420","1kmE3831N3111",2254.417423
"1421","1kmE3831N3112",5649.467725
"1422","1kmE3831N3113",8979.605882
"1423","1kmE3831N3114",8135.4870345
"1424","1kmE3831N3115",7198.7536055
"1425","1kmE3831N3116",5387.7978695
"1426","1kmE3831N3117",5655.619918
"1427","1kmE3831N3118",6530.4892595
"1428","1kmE3831N3119",8578.9929925
"1429","1kmE3831N3120",7695.4851135
"1430","1kmE3831N3121",7195.399753
"1431","1kmE3831N3122",6722.060231
"1432","1kmE3831N3123",8827.9722705
"1433","1kmE3831N3124",9376.789674
"1434","1kmE3831N3125",3242.350749
"1435","1kmE3831N3126",3798.910694
"1436","1kmE3831N3127",6669.4174335
"1437","1kmE3831N3128",6772.021478
"1438","1kmE3831N3129",9439.0146965
"1439","1kmE3831N3130",5510.6417985
"1440","1kmE3831N3131",7869.0151635
"1441","1kmE3831N3132",7757.7187715
"1442","1kmE3831N3133",3764.8612955
"1443","1kmE3831N3134",6550.938666
"1444","1kmE3831N3135",7853.5726035
"1445","1kmE3831N3136",10116.199032
"1446","1kmE3831N3137",13246.448235
"1447","1kmE3831N3138",10088.4302935
"1448","1kmE3831N3139",9927.8302945
"1449","1kmE3831N3140",6577.440471
"1450","1kmE3831N3141",4095.439888
"1451","1kmE3831N3142",5140.071244
"1452","1kmE3831N3143",11999.7237365
"1453","1kmE3831N3144",12932.2997225
"1454","1kmE3831N3145",5739.542213
"1455","1kmE3831N3146",6295.607639
"1456","1kmE3831N3147",8198.7960965
"1457","1kmE3831N3148",7068.3501165
"1458","1kmE3831N3149",13407.088229
"1459","1kmE3831N3150",17746.1193745
"1460","1kmE3831N3151",11220.5789045
"1461","1kmE3832N3097",6204.4311815
"1462","1kmE3832N3098",7052.591051
"1463","1kmE3832N3099",6154.054332
"1464","1kmE3832N3100",6630.533775
"1465","1kmE3832N3101",6704.345792
"1466","1kmE3832N3102",8653.3773525
"1467","1kmE3832N3103",9174.393096
"1468","1kmE3832N3104",7026.550491
"1469","1kmE3832N3105",2999.3558755
"1470","1kmE3832N3106",6732.190682
"1471","1kmE3832N3107",6735.33714
"1472","1kmE3832N3108",3367.44599
"1473","1kmE3832N3109",6039.7819665
"1474","1kmE3832N3110",6764.282468
"1475","1kmE3832N3111",4305.26111
"1476","1kmE3832N3112",5538.0199215
"1477","1kmE3832N3113",3624.710945
"1478","1kmE3832N3114",3574.475779
"1479","1kmE3832N3115",3618.399042
"1480","1kmE3832N3116",3460.7863765
"1481","1kmE3832N3117",3166.8320875
"1482","1kmE3832N3118",3278.7772245
"1483","1kmE3832N3119",6341.9110425
"1484","1kmE3832N3120",8340.8838825
"1485","1kmE3832N3121",8706.3111545
"1486","1kmE3832N3122",8397.598792
"1487","1kmE3832N3123",10242.3035955
"1488","1kmE3832N3124",8914.6008925
"1489","1kmE3832N3125",7075.5992255
"1490","1kmE3832N3126",1360.628113
"1491","1kmE3832N3127",8169.881977
"1492","1kmE3832N3128",10939.852038
"1493","1kmE3832N3129",7808.621807
"1494","1kmE3832N3130",5923.2651515
"1495","1kmE3832N3131",7528.880374
"1496","1kmE3832N3132",6044.22934
"1497","1kmE3832N3133",5092.526404
"1498","1kmE3832N3134",6049.905296
"1499","1kmE3832N3135",6615.338891
"1500","1kmE3832N3136",10549.267929
"1501","1kmE3832N3137",1801.4252695
"1502","1kmE3832N3138",6397.0242785
"1503","1kmE3832N3139",7852.7241195
"1504","1kmE3832N3140",4667.3687485
"1505","1kmE3832N3141",7334.086583
"1506","1kmE3832N3142",10132.145236
"1507","1kmE3832N3143",13387.6450925
"1508","1kmE3832N3144",12725.1962905
"1509","1kmE3832N3145",8524.945612
"1510","1kmE3832N3146",7044.7450755
"1511","1kmE3832N3147",6921.9809475
"1512","1kmE3832N3148",7581.2999285
"1513","1kmE3832N3149",14399.2618675
"1514","1kmE3832N3150",18760.3823375
"1515","1kmE3832N3151",17403.870641
"1516","1kmE3833N3096",7659.752319
"1517","1kmE3833N3097",7694.829525
"1518","1kmE3833N3098",5046.245397
"1519","1kmE3833N3099",382.5064845
"1520","1kmE3833N3100",2793.359149
"1521","1kmE3833N3101",6997.980584
"1522","1kmE3833N3102",6869.0973085
"1523","1kmE3833N3103",4570.2329105
"1524","1kmE3833N3104",3335.575039
"1525","1kmE3833N3105",1976.6141125
"1526","1kmE3833N3106",4012.877174
"1527","1kmE3833N3107",5409.083012
"1528","1kmE3833N3108",6752.6687565
"1529","1kmE3833N3109",5474.30509
"1530","1kmE3833N3110",6314.9225395
"1531","1kmE3833N3111",5192.016279
"1532","1kmE3833N3112",2533.64963
"1533","1kmE3833N3113",4199.712974
"1534","1kmE3833N3114",6132.6259345
"1535","1kmE3833N3115",8565.777897
"1536","1kmE3833N3116",6936.1151895
"1537","1kmE3833N3117",6403.1641535
"1538","1kmE3833N3118",8905.801521
"1539","1kmE3833N3119",6740.8101315
"1540","1kmE3833N3120",4645.1739495
"1541","1kmE3833N3121",4775.694978
"1542","1kmE3833N3122",5300.413412
"1543","1kmE3833N3123",7670.175954
"1544","1kmE3833N3124",10485.8719765
"1545","1kmE3833N3125",8417.7283465
"1546","1kmE3833N3126",2899.6480335
"1547","1kmE3833N3127",1574.914522
"1548","1kmE3833N3128",11180.6598845
"1549","1kmE3833N3129",12210.534204
"1550","1kmE3833N3130",8910.879054
"1551","1kmE3833N3131",7265.166508
"1552","1kmE3833N3132",2993.0079545
"1553","1kmE3833N3133",4241.8067535
"1554","1kmE3833N3134",6465.700921
"1555","1kmE3833N3135",6438.6677565
"1556","1kmE3833N3136",5676.785425
"1557","1kmE3833N3137",1635.745426
"1558","1kmE3833N3138",3416.562103
"1559","1kmE3833N3139",4305.6591575
"1560","1kmE3833N3140",2172.3608275
"1561","1kmE3833N3141",3662.972653
"1562","1kmE3833N3142",5613.71402
"1563","1kmE3833N3143",8171.408203
"1564","1kmE3833N3144",7370.947107
"1565","1kmE3833N3145",6139.798554
"1566","1kmE3833N3146",5167.889422
"1567","1kmE3833N3147",1988.178812
"1568","1kmE3833N3148",4980.1842205
"1569","1kmE3833N3149",12276.535493
"1570","1kmE3833N3150",18816.081316
"1571","1kmE3833N3151",18853.615613
"1572","1kmE3833N3152",10920.2728875
"1573","1kmE3834N3096",7499.155064
"1574","1kmE3834N3097",5316.0960455
"1575","1kmE3834N3098",2148.782071
"1576","1kmE3834N3099",1177.2659965
"1577","1kmE3834N3100",6581.9165945
"1578","1kmE3834N3101",6316.8012555
"1579","1kmE3834N3102",4083.6463925
"1580","1kmE3834N3103",2507.166071
"1581","1kmE3834N3104",4125.8553035
"1582","1kmE3834N3105",3776.7458515
"1583","1kmE3834N3106",3585.373559
"1584","1kmE3834N3107",5658.166732
"1585","1kmE3834N3108",3896.436606
"1586","1kmE3834N3109",3745.5192435
"1587","1kmE3834N3110",6442.8823135
"1588","1kmE3834N3111",6624.6454585
"1589","1kmE3834N3112",6098.628056
"1590","1kmE3834N3113",1079.598862
"1591","1kmE3834N3114",2253.015375
"1592","1kmE3834N3115",6408.266546
"1593","1kmE3834N3116",7842.7809925
"1594","1kmE3834N3117",9082.1935745
"1595","1kmE3834N3118",9287.1135915
"1596","1kmE3834N3119",8292.591891
"1597","1kmE3834N3120",6856.448063
"1598","1kmE3834N3121",3914.798664
"1599","1kmE3834N3122",6393.8247315
"1600","1kmE3834N3123",5543.762804
"1601","1kmE3834N3124",10135.663254
"1602","1kmE3834N3125",10339.411902
"1603","1kmE3834N3126",4502.5481315
"1604","1kmE3834N3127",1854.480136
"1605","1kmE3834N3128",10140.6801
"1606","1kmE3834N3129",12782.1054125
"1607","1kmE3834N3130",10303.3847105
"1608","1kmE3834N3131",4327.9590145
"1609","1kmE3834N3132",7431.99108
"1610","1kmE3834N3133",7702.080921
"1611","1kmE3834N3134",4943.343724
"1612","1kmE3834N3135",5835.8520995
"1613","1kmE3834N3136",3760.3411565
"1614","1kmE3834N3137",1071.2864285
"1615","1kmE3834N3138",6847.32041
"1616","1kmE3834N3139",6902.7454035
"1617","1kmE3834N3140",3634.946652
"1618","1kmE3834N3141",3957.118148
"1619","1kmE3834N3142",2192.2886765
"1620","1kmE3834N3143",1462.9073145
"1621","1kmE3834N3144",8492.750011
"1622","1kmE3834N3145",8763.1619025
"1623","1kmE3834N3146",4602.4888365
"1624","1kmE3834N3147",4040.9611695
"1625","1kmE3834N3148",5220.810034
"1626","1kmE3834N3149",7393.545827
"1627","1kmE3834N3150",7202.8517285
"1628","1kmE3834N3151",13316.402164
"1629","1kmE3834N3152",14930.5687335
"1630","1kmE3834N3153",3750.9129925
"1631","1kmE3835N3097",3594.6529145
"1632","1kmE3835N3098",3435.7308985
"1633","1kmE3835N3099",4890.149106
"1634","1kmE3835N3100",2501.458173
"1635","1kmE3835N3101",1599.9702355
"1636","1kmE3835N3102",2014.0701385
"1637","1kmE3835N3103",6106.6125495
"1638","1kmE3835N3104",9084.1752745
"1639","1kmE3835N3105",7981.8124305
"1640","1kmE3835N3106",8031.983465
"1641","1kmE3835N3107",6816.2092805
"1642","1kmE3835N3108",3415.668588
"1643","1kmE3835N3109",799.9860025
"1644","1kmE3835N3110",7278.767828
"1645","1kmE3835N3111",7147.8157
"1646","1kmE3835N3112",5390.792645
"1647","1kmE3835N3113",5010.428737
"1648","1kmE3835N3114",7902.7890485
"1649","1kmE3835N3115",6897.3028975
"1650","1kmE3835N3116",5507.092372
"1651","1kmE3835N3117",7039.8080865
"1652","1kmE3835N3118",6186.7150705
"1653","1kmE3835N3119",6780.6518745
"1654","1kmE3835N3120",6835.757689
"1655","1kmE3835N3121",3535.3847195
"1656","1kmE3835N3122",5973.1223805
"1657","1kmE3835N3123",5247.884144
"1658","1kmE3835N3124",8526.9253385
"1659","1kmE3835N3125",8508.8142925
"1660","1kmE3835N3126",5478.127284
"1661","1kmE3835N3127",2516.821868
"1662","1kmE3835N3128",8364.7680265
"1663","1kmE3835N3129",12467.3819995
"1664","1kmE3835N3130",14615.2844755
"1665","1kmE3835N3131",11562.2696825
"1666","1kmE3835N3132",7954.977077
"1667","1kmE3835N3133",6415.30302
"1668","1kmE3835N3134",1292.843579
"1669","1kmE3835N3135",6050.2946615
"1670","1kmE3835N3136",6123.3470585
"1671","1kmE3835N3137",1731.4621575
"1672","1kmE3835N3138",6014.0020425
"1673","1kmE3835N3139",4951.86805
"1674","1kmE3835N3140",9750.0523315
"1675","1kmE3835N3141",12828.132885
"1676","1kmE3835N3142",8781.509428
"1677","1kmE3835N3143",5841.560821
"1678","1kmE3835N3144",9141.352616
"1679","1kmE3835N3145",7895.572696
"1680","1kmE3835N3146",8010.7203845
"1681","1kmE3835N3147",5920.61149
"1682","1kmE3835N3148",7824.9486685
"1683","1kmE3835N3149",9707.0500085
"1684","1kmE3835N3150",8842.8835965
"1685","1kmE3835N3151",9986.891819
"1686","1kmE3835N3152",12756.620142
"1687","1kmE3835N3153",7010.551574
"1688","1kmE3836N3097",2510.773052
"1689","1kmE3836N3098",8887.460695
"1690","1kmE3836N3099",8585.744686
"1691","1kmE3836N3100",6663.1155235
"1692","1kmE3836N3101",6455.771329
"1693","1kmE3836N3102",6006.165293
"1694","1kmE3836N3103",4083.2933645
"1695","1kmE3836N3104",3757.54773
"1696","1kmE3836N3105",5618.5936135
"1697","1kmE3836N3106",5030.7508545
"1698","1kmE3836N3107",6198.271077
"1699","1kmE3836N3108",1643.5139825
"1700","1kmE3836N3109",3412.6295805
"1701","1kmE3836N3110",6591.6227545
"1702","1kmE3836N3111",6742.3201645
"1703","1kmE3836N3112",9408.939372
"1704","1kmE3836N3113",9306.8517115
"1705","1kmE3836N3114",7576.4391405
"1706","1kmE3836N3115",7471.2713215
"1707","1kmE3836N3116",9814.6456205
"1708","1kmE3836N3117",10104.0643735
"1709","1kmE3836N3118",9473.386338
"1710","1kmE3836N3119",6626.7973375
"1711","1kmE3836N3120",6900.028043
"1712","1kmE3836N3121",6128.5370395
"1713","1kmE3836N3122",6377.599592
"1714","1kmE3836N3123",5092.915943
"1715","1kmE3836N3124",9128.9953005
"1716","1kmE3836N3125",6144.999907
"1717","1kmE3836N3126",4511.4885815
"1718","1kmE3836N3127",1894.087389
"1719","1kmE3836N3128",10141.250052
"1720","1kmE3836N3129",9978.7107305
"1721","1kmE3836N3130",12589.168744
"1722","1kmE3836N3131",11933.6828895
"1723","1kmE3836N3132",8900.7992965
"1724","1kmE3836N3133",6278.1135245
"1725","1kmE3836N3134",5036.1588855
"1726","1kmE3836N3135",2427.8405705
"1727","1kmE3836N3136",4762.7626145
"1728","1kmE3836N3137",6029.326295
"1729","1kmE3836N3138",5094.652492
"1730","1kmE3836N3139",6007.1934025
"1731","1kmE3836N3140",5341.75944
"1732","1kmE3836N3141",7548.7534925
"1733","1kmE3836N3142",6203.4262365
"1734","1kmE3836N3143",7014.9341795
"1735","1kmE3836N3144",7401.8170225
"1736","1kmE3836N3145",5784.6232155
"1737","1kmE3836N3146",7616.6820495
"1738","1kmE3836N3147",8286.42057
"1739","1kmE3836N3148",7246.554111
"1740","1kmE3836N3149",7508.641586
"1741","1kmE3836N3150",6386.526762
"1742","1kmE3836N3151",4576.0881795
"1743","1kmE3836N3152",13116.479553
"1744","1kmE3836N3153",13430.862841
"1745","1kmE3836N3154",8516.165301
"1746","1kmE3837N3097",2654.7843995
"1747","1kmE3837N3098",9757.653857
"1748","1kmE3837N3099",6357.0621305
"1749","1kmE3837N3100",7625.5550775
"1750","1kmE3837N3101",7790.8526285
"1751","1kmE3837N3102",8759.890994
"1752","1kmE3837N3103",11925.211514
"1753","1kmE3837N3104",5794.4077315
"1754","1kmE3837N3105",3734.6512225
"1755","1kmE3837N3106",7075.3445005
"1756","1kmE3837N3107",7877.2746085
"1757","1kmE3837N3108",4694.8300105
"1758","1kmE3837N3109",6155.6823975
"1759","1kmE3837N3110",4347.2251795
"1760","1kmE3837N3111",4711.174239
"1761","1kmE3837N3112",5887.8461075
"1762","1kmE3837N3113",9280.083027
"1763","1kmE3837N3114",8570.66498
"1764","1kmE3837N3115",6695.366337
"1765","1kmE3837N3116",9998.321874
"1766","1kmE3837N3117",8228.7269565
"1767","1kmE3837N3118",8105.9465385
"1768","1kmE3837N3119",5376.7729675
"1769","1kmE3837N3120",5410.1404005
"1770","1kmE3837N3121",7045.674535
"1771","1kmE3837N3122",5271.627892
"1772","1kmE3837N3123",7404.042066
"1773","1kmE3837N3124",5388.004469
"1774","1kmE3837N3125",6435.310746
"1775","1kmE3837N3126",7875.059647
"1776","1kmE3837N3127",5666.525675
"1777","1kmE3837N3128",5697.4898125
"1778","1kmE3837N3129",7337.977093
"1779","1kmE3837N3130",11098.283032
"1780","1kmE3837N3131",11758.7282875
"1781","1kmE3837N3132",10841.9304455
"1782","1kmE3837N3133",7197.9117775
"1783","1kmE3837N3134",7352.9780105
"1784","1kmE3837N3135",4066.0428175
"1785","1kmE3837N3136",1773.6152405
"1786","1kmE3837N3137",5418.7861735
"1787","1kmE3837N3138",9352.9425645
"1788","1kmE3837N3139",14105.8628825
"1789","1kmE3837N3140",9845.9693545
"1790","1kmE3837N3141",3877.1840895
"1791","1kmE3837N3142",3401.0431995
"1792","1kmE3837N3143",11216.502997
"1793","1kmE3837N3144",10542.154446
"1794","1kmE3837N3145",8034.508468
"1795","1kmE3837N3146",8063.494586
"1796","1kmE3837N3147",6453.872057
"1797","1kmE3837N3148",5900.237182
"1798","1kmE3837N3149",7749.706808
"1799","1kmE3837N3150",6961.645491
"1800","1kmE3837N3151",1248.5302165
"1801","1kmE3837N3152",12650.155984
"1802","1kmE3837N3153",19644.7630375
"1803","1kmE3837N3154",17437.329209
"1804","1kmE3838N3096",1264.525151
"1805","1kmE3838N3097",3820.3682425
"1806","1kmE3838N3098",10945.8885885
"1807","1kmE3838N3099",8636.085777
"1808","1kmE3838N3100",4871.728363
"1809","1kmE3838N3101",1185.943428
"1810","1kmE3838N3102",3698.662219
"1811","1kmE3838N3103",6713.706058
"1812","1kmE3838N3104",1941.055979
"1813","1kmE3838N3105",2087.3747205
"1814","1kmE3838N3106",6077.4616465
"1815","1kmE3838N3107",6940.763565
"1816","1kmE3838N3108",3761.2228235
"1817","1kmE3838N3109",4637.741076
"1818","1kmE3838N3110",4408.050766
"1819","1kmE3838N3111",8363.1351885
"1820","1kmE3838N3112",14474.555773
"1821","1kmE3838N3113",12260.4895835
"1822","1kmE3838N3114",9688.8067925
"1823","1kmE3838N3115",10437.1972385
"1824","1kmE3838N3116",14363.9735895
"1825","1kmE3838N3117",13570.630536
"1826","1kmE3838N3118",14355.476457
"1827","1kmE3838N3119",9305.5612655
"1828","1kmE3838N3120",10710.383266
"1829","1kmE3838N3121",9470.9088365
"1830","1kmE3838N3122",5658.6024875
"1831","1kmE3838N3123",9935.492453
"1832","1kmE3838N3124",8573.152751
"1833","1kmE3838N3125",6436.8627125
"1834","1kmE3838N3126",3953.533001
"1835","1kmE3838N3127",6514.780079
"1836","1kmE3838N3128",9549.802305
"1837","1kmE3838N3129",10454.1323845
"1838","1kmE3838N3130",8862.1457065
"1839","1kmE3838N3131",7530.7113675
"1840","1kmE3838N3132",5998.3552055
"1841","1kmE3838N3133",3050.435841
"1842","1kmE3838N3134",6070.4203245
"1843","1kmE3838N3135",4713.2392055
"1844","1kmE3838N3136",7821.6982695
"1845","1kmE3838N3137",15848.0595915
"1846","1kmE3838N3138",12840.091744
"1847","1kmE3838N3139",8162.7726725
"1848","1kmE3838N3140",5594.5432805
"1849","1kmE3838N3141",6713.760422
"1850","1kmE3838N3142",10322.340764
"1851","1kmE3838N3143",10081.9482895
"1852","1kmE3838N3144",10675.9903495
"1853","1kmE3838N3145",9984.7690785
"1854","1kmE3838N3146",5199.4689645
"1855","1kmE3838N3147",3445.64723
"1856","1kmE3838N3148",3533.9571085
"1857","1kmE3838N3149",6914.715474
"1858","1kmE3838N3150",3507.0735005
"1859","1kmE3838N3151",599.3592655
"1860","1kmE3838N3152",4509.9955095
"1861","1kmE3838N3153",16822.617582
"1862","1kmE3838N3154",16585.0580345
"1863","1kmE3838N3155",10729.5726155
"1864","1kmE3839N3094",8487.3026755
"1865","1kmE3839N3095",7606.151193
"1866","1kmE3839N3096",1646.044467
"1867","1kmE3839N3097",3044.7311685
"1868","1kmE3839N3098",9107.4827685
"1869","1kmE3839N3099",4559.0690545
"1870","1kmE3839N3100",8829.8487475
"1871","1kmE3839N3101",2417.9936705
"1872","1kmE3839N3102",3558.908257
"1873","1kmE3839N3103",7510.024958
"1874","1kmE3839N3104",6397.345803
"1875","1kmE3839N3105",1183.062276
"1876","1kmE3839N3108",1109.5343605
"1877","1kmE3839N3109",5796.9211975
"1878","1kmE3839N3110",2320.1014215
"1879","1kmE3839N3111",9722.374557
"1880","1kmE3839N3112",16701.3259865
"1881","1kmE3839N3113",17482.102723
"1882","1kmE3839N3114",13671.6261705
"1883","1kmE3839N3115",12153.0873125
"1884","1kmE3839N3116",14021.921422
"1885","1kmE3839N3117",11365.8253125
"1886","1kmE3839N3118",10200.603994
"1887","1kmE3839N3119",7143.208922
"1888","1kmE3839N3120",9753.1444215
"1889","1kmE3839N3121",12526.523717
"1890","1kmE3839N3122",9183.243331
"1891","1kmE3839N3123",9638.413008
"1892","1kmE3839N3124",9579.6583505
"1893","1kmE3839N3125",9121.9457865
"1894","1kmE3839N3126",4236.9715525
"1895","1kmE3839N3127",2710.8180245
"1896","1kmE3839N3128",5810.293791
"1897","1kmE3839N3129",5777.246332
"1898","1kmE3839N3130",10089.628053
"1899","1kmE3839N3131",4528.0815485
"1900","1kmE3839N3132",3801.906625
"1901","1kmE3839N3133",8202.4086035
"1902","1kmE3839N3134",10355.667834
"1903","1kmE3839N3135",4928.442157
"1904","1kmE3839N3136",12525.7631545
"1905","1kmE3839N3137",18527.18847
"1906","1kmE3839N3138",16216.7751435
"1907","1kmE3839N3139",10568.8018505
"1908","1kmE3839N3140",8467.3800575
"1909","1kmE3839N3141",7083.690142
"1910","1kmE3839N3142",7317.301578
"1911","1kmE3839N3143",9015.1163215
"1912","1kmE3839N3144",9070.743093
"1913","1kmE3839N3145",7920.973048
"1914","1kmE3839N3146",2499.941451
"1915","1kmE3839N3147",3903.424873
"1916","1kmE3839N3148",6452.306533
"1917","1kmE3839N3149",8477.6833575
"1918","1kmE3839N3150",3926.0368455
"1919","1kmE3839N3151",766.727774
"1920","1kmE3839N3152",5432.8859435
"1921","1kmE3839N3153",8677.873205
"1922","1kmE3839N3154",11996.918073
"1923","1kmE3839N3155",10538.4459455
"1924","1kmE3840N3093",3949.058113
"1925","1kmE3840N3094",10033.8687005
"1926","1kmE3840N3095",7200.5654235
"1927","1kmE3840N3096",2952.0063905
"1928","1kmE3840N3097",2869.409608
"1929","1kmE3840N3098",7118.364727
"1930","1kmE3840N3099",4748.931683
"1931","1kmE3840N3100",2995.920801
"1932","1kmE3840N3101",4130.5459935
"1933","1kmE3840N3102",10078.548609
"1934","1kmE3840N3103",6025.1761415
"1935","1kmE3840N3104",4132.287381
"1936","1kmE3840N3105",1515.2816035
"1937","1kmE3840N3106",6360.0755905
"1938","1kmE3840N3107",5993.9257545
"1939","1kmE3840N3108",1776.2578655
"1940","1kmE3840N3109",4215.541506
"1941","1kmE3840N3110",1391.031468
"1942","1kmE3840N3111",7220.046075
"1943","1kmE3840N3112",10596.0558595
"1944","1kmE3840N3113",9456.2920755
"1945","1kmE3840N3114",13381.371533
"1946","1kmE3840N3115",14620.5922355
"1947","1kmE3840N3116",8905.746673
"1948","1kmE3840N3117",6596.0116465
"1949","1kmE3840N3118",8009.313303
"1950","1kmE3840N3119",4497.933308
"1951","1kmE3840N3120",9678.7527035
"1952","1kmE3840N3121",10743.366691
"1953","1kmE3840N3122",8876.671341
"1954","1kmE3840N3123",12724.9856325
"1955","1kmE3840N3124",6881.831749
"1956","1kmE3840N3125",3989.300922
"1957","1kmE3840N3126",1609.215798
"1958","1kmE3840N3127",3075.389154
"1959","1kmE3840N3128",10235.9983375
"1960","1kmE3840N3129",9407.289232
"1961","1kmE3840N3130",8816.895639
"1962","1kmE3840N3131",9427.1043685
"1963","1kmE3840N3132",6299.266089
"1964","1kmE3840N3133",8895.877442
"1965","1kmE3840N3134",7491.392692
"1966","1kmE3840N3135",4555.5737725
"1967","1kmE3840N3136",8217.5702075
"1968","1kmE3840N3137",16869.3455215
"1969","1kmE3840N3138",13344.464886
"1970","1kmE3840N3139",4222.365366
"1971","1kmE3840N3140",6712.920866
"1972","1kmE3840N3141",10290.685464
"1973","1kmE3840N3142",4818.9883405
"1974","1kmE3840N3143",7890.2336835
"1975","1kmE3840N3144",10696.2017505
"1976","1kmE3840N3145",5270.00626
"1977","1kmE3840N3146",2334.708025
"1978","1kmE3840N3147",7241.8667845
"1979","1kmE3840N3148",8736.1141415
"1980","1kmE3840N3149",3877.767559
"1981","1kmE3840N3150",1589.8823265
"1982","1kmE3840N3151",3301.6971225
"1983","1kmE3840N3152",9558.674278
"1984","1kmE3840N3153",8091.8391925
"1985","1kmE3840N3154",11857.931705
"1986","1kmE3840N3155",11558.15414
"1987","1kmE3840N3156",4690.37264
"1988","1kmE3841N3093",2462.2701945
"1989","1kmE3841N3094",5197.4852045
"1990","1kmE3841N3095",5055.2402625
"1991","1kmE3841N3096",5670.7937785
"1992","1kmE3841N3097",6247.0292045
"1993","1kmE3841N3098",5916.3964925
"1994","1kmE3841N3099",6389.118441
"1995","1kmE3841N3100",3618.495209
"1996","1kmE3841N3101",5315.1511375
"1997","1kmE3841N3102",10455.96607
"1998","1kmE3841N3103",13796.6461385
"1999","1kmE3841N3104",2200.5113185
"2000","1kmE3841N3105",6798.002387
"2001","1kmE3841N3106",7192.482091
"2002","1kmE3841N3107",6711.2748725
"2003","1kmE3841N3108",6767.764312
"2004","1kmE3841N3109",7675.2630455
"2005","1kmE3841N3110",1536.3932735
"2006","1kmE3841N3111",3594.950939
"2007","1kmE3841N3112",7335.3031725
"2008","1kmE3841N3113",8892.7321145
"2009","1kmE3841N3114",12199.0787075
"2010","1kmE3841N3115",10147.1515485
"2011","1kmE3841N3116",2484.895086
"2012","1kmE3841N3117",2287.1510465
"2013","1kmE3841N3118",6813.1951625
"2014","1kmE3841N3119",8450.4415185
"2015","1kmE3841N3120",10673.371394
"2016","1kmE3841N3121",8944.1358775
"2017","1kmE3841N3122",5139.216141
"2018","1kmE3841N3123",5400.4865985
"2019","1kmE3841N3124",5197.720881
"2020","1kmE3841N3125",10426.326133
"2021","1kmE3841N3126",2499.890175
"2022","1kmE3841N3127",3748.516347
"2023","1kmE3841N3128",10007.0020295
"2024","1kmE3841N3129",13527.1723975
"2025","1kmE3841N3130",6242.07056
"2026","1kmE3841N3131",8333.027718
"2027","1kmE3841N3132",4002.5886295
"2028","1kmE3841N3133",8187.2023355
"2029","1kmE3841N3134",2863.65395
"2030","1kmE3841N3135",4127.4583035
"2031","1kmE3841N3136",4537.42872
"2032","1kmE3841N3137",10955.4436345
"2033","1kmE3841N3138",10085.155809
"2034","1kmE3841N3139",9806.5994045
"2035","1kmE3841N3140",12101.390705
"2036","1kmE3841N3141",8259.4767
"2037","1kmE3841N3142",10079.2829255
"2038","1kmE3841N3143",6940.97615
"2039","1kmE3841N3144",12813.517221
"2040","1kmE3841N3145",10305.126063
"2041","1kmE3841N3146",6058.42569
"2042","1kmE3841N3147",8456.4652465
"2043","1kmE3841N3148",8377.198983
"2044","1kmE3841N3149",5813.2119905
"2045","1kmE3841N3150",3097.2556165
"2046","1kmE3841N3151",4462.751809
"2047","1kmE3841N3152",8192.753149
"2048","1kmE3841N3153",10806.581259
"2049","1kmE3841N3154",11168.2982745
"2050","1kmE3841N3155",11251.155364
"2051","1kmE3841N3156",6531.7079365
"2052","1kmE3842N3094",4840.6504475
"2053","1kmE3842N3095",9511.6057455
"2054","1kmE3842N3096",8090.88868
"2055","1kmE3842N3097",10346.2189765
"2056","1kmE3842N3098",9741.940967
"2057","1kmE3842N3099",11710.614768
"2058","1kmE3842N3100",2858.806968
"2059","1kmE3842N3101",2429.170172
"2060","1kmE3842N3102",4943.4020855
"2061","1kmE3842N3103",9257.7988375
"2062","1kmE3842N3104",2434.9669095
"2063","1kmE3842N3105",6116.5731425
"2064","1kmE3842N3106",9072.8043745
"2065","1kmE3842N3107",2560.192176
"2066","1kmE3842N3108",7239.6247355
"2067","1kmE3842N3109",6576.8269015
"2068","1kmE3842N3110",7267.7494585
"2069","1kmE3842N3111",3362.7452445
"2070","1kmE3842N3112",6058.8797105
"2071","1kmE3842N3113",10775.1453245
"2072","1kmE3842N3114",12671.582953
"2073","1kmE3842N3115",10781.476013
"2074","1kmE3842N3116",6788.5887775
"2075","1kmE3842N3117",1332.460427
"2076","1kmE3842N3118",2986.0402465
"2077","1kmE3842N3119",5786.9775155
"2078","1kmE3842N3120",7115.8255795
"2079","1kmE3842N3121",5855.665756
"2080","1kmE3842N3122",5098.730039
"2081","1kmE3842N3123",5555.9444095
"2082","1kmE3842N3124",3783.53273
"2083","1kmE3842N3125",6437.4140235
"2084","1kmE3842N3126",3227.253283
"2085","1kmE3842N3127",2492.0524
"2086","1kmE3842N3128",4585.6950845
"2087","1kmE3842N3129",7442.165582
"2088","1kmE3842N3130",3792.967718
"2089","1kmE3842N3131",7460.1019725
"2090","1kmE3842N3132",3688.9435935
"2091","1kmE3842N3133",5270.803639
"2092","1kmE3842N3134",3499.22571
"2093","1kmE3842N3135",5459.746384
"2094","1kmE3842N3136",3190.557062
"2095","1kmE3842N3137",7853.1496785
"2096","1kmE3842N3138",10246.6869395
"2097","1kmE3842N3139",13735.227433
"2098","1kmE3842N3140",10620.691351
"2099","1kmE3842N3141",7220.90088
"2100","1kmE3842N3142",5998.480814
"2101","1kmE3842N3143",6240.729984
"2102","1kmE3842N3144",12520.0036545
"2103","1kmE3842N3145",11158.3804085
"2104","1kmE3842N3146",10272.664024
"2105","1kmE3842N3147",7999.839252
"2106","1kmE3842N3148",6642.4171565
"2107","1kmE3842N3149",6976.749365
"2108","1kmE3842N3150",3624.543907
"2109","1kmE3842N3151",5253.259941
"2110","1kmE3842N3152",8709.7830995
"2111","1kmE3842N3153",10812.6498845
"2112","1kmE3842N3154",7201.036543
"2113","1kmE3842N3155",9094.037105
"2114","1kmE3842N3156",2929.447374
"2115","1kmE3843N3094",4235.1087305
"2116","1kmE3843N3095",5702.3509635
"2117","1kmE3843N3096",5577.149971
"2118","1kmE3843N3097",9497.593145
"2119","1kmE3843N3098",8797.507517
"2120","1kmE3843N3099",9062.8187125
"2121","1kmE3843N3100",5782.11864
"2122","1kmE3843N3101",3797.2683035
"2123","1kmE3843N3102",2476.184026
"2124","1kmE3843N3103",3797.219784
"2125","1kmE3843N3104",4535.776685
"2126","1kmE3843N3105",5530.004412
"2127","1kmE3843N3106",5221.842762
"2128","1kmE3843N3107",2384.18088
"2129","1kmE3843N3108",205.016391
"2130","1kmE3843N3109",3474.543469
"2131","1kmE3843N3110",7000.3100525
"2132","1kmE3843N3111",7079.742196
"2133","1kmE3843N3112",8896.575734
"2134","1kmE3843N3113",4849.138566
"2135","1kmE3843N3114",3633.6109905
"2136","1kmE3843N3115",3495.608152
"2137","1kmE3843N3116",4382.7922825
"2138","1kmE3843N3117",3331.8386325
"2139","1kmE3843N3118",6850.60187
"2140","1kmE3843N3119",5333.9642075
"2141","1kmE3843N3120",3770.1396185
"2142","1kmE3843N3121",7138.0586115
"2143","1kmE3843N3122",2031.1784795
"2144","1kmE3843N3123",2928.5049805
"2145","1kmE3843N3124",2842.4626165
"2146","1kmE3843N3125",5611.2049675
"2147","1kmE3843N3126",2461.3707315
"2148","1kmE3843N3127",3520.605733
"2149","1kmE3843N3128",4118.1891775
"2150","1kmE3843N3129",8509.9667815
"2151","1kmE3843N3130",2801.58492
"2152","1kmE3843N3131",3769.692762
"2153","1kmE3843N3132",4382.641375
"2154","1kmE3843N3133",6540.030829
"2155","1kmE3843N3134",7624.38871
"2156","1kmE3843N3135",9008.8374075
"2157","1kmE3843N3136",2472.190075
"2158","1kmE3843N3137",6709.011484
"2159","1kmE3843N3138",11261.2310155
"2160","1kmE3843N3139",13321.5719885
"2161","1kmE3843N3140",10272.391461
"2162","1kmE3843N3141",6108.280107
"2163","1kmE3843N3142",3836.244247
"2164","1kmE3843N3143",6813.92166
"2165","1kmE3843N3144",8694.2815025
"2166","1kmE3843N3145",10893.6491325
"2167","1kmE3843N3146",10619.2762785
"2168","1kmE3843N3147",9771.531867
"2169","1kmE3843N3148",2330.33748
"2170","1kmE3843N3149",2871.787329
"2171","1kmE3843N3150",4799.547769
"2172","1kmE3843N3151",4350.2096565
"2173","1kmE3843N3152",8831.7386215
"2174","1kmE3843N3153",10681.7829155
"2175","1kmE3843N3154",6879.2690425
"2176","1kmE3843N3155",7133.07897
"2177","1kmE3843N3156",9779.9697765
"2178","1kmE3843N3157",3769.0209815
"2179","1kmE3844N3093",5077.0265175
"2180","1kmE3844N3094",5081.5784875
"2181","1kmE3844N3095",2379.603392
"2182","1kmE3844N3096",2903.1022585
"2183","1kmE3844N3097",3410.298285
"2184","1kmE3844N3098",5438.2068975
"2185","1kmE3844N3099",9975.482218
"2186","1kmE3844N3100",13997.2635325
"2187","1kmE3844N3101",13056.639665
"2188","1kmE3844N3102",5873.4523625
"2189","1kmE3844N3103",8353.2968105
"2190","1kmE3844N3104",3193.4246135
"2191","1kmE3844N3105",3167.6605315
"2192","1kmE3844N3106",1550.5460555
"2193","1kmE3844N3107",4346.813944
"2194","1kmE3844N3108",4402.8168135
"2195","1kmE3844N3109",2706.592753
"2196","1kmE3844N3110",5660.5817805
"2197","1kmE3844N3111",9807.6899795
"2198","1kmE3844N3112",12006.4735795
"2199","1kmE3844N3113",4379.9864365
"2200","1kmE3844N3114",3959.9893045
"2201","1kmE3844N3115",4735.9870125
"2202","1kmE3844N3116",2151.003774
"2203","1kmE3844N3117",5367.52775
"2204","1kmE3844N3118",8251.738693
"2205","1kmE3844N3119",5798.1853625
"2206","1kmE3844N3120",7152.4727365
"2207","1kmE3844N3121",6302.237723
"2208","1kmE3844N3122",6339.613087
"2209","1kmE3844N3123",8730.3994865
"2210","1kmE3844N3124",1572.723661
"2211","1kmE3844N3125",3955.0997645
"2212","1kmE3844N3126",6019.6037325
"2213","1kmE3844N3127",6667.7850395
"2214","1kmE3844N3128",5031.8171415
"2215","1kmE3844N3129",4291.441049
"2216","1kmE3844N3130",1150.19981
"2217","1kmE3844N3131",5148.500872
"2218","1kmE3844N3132",7351.514221
"2219","1kmE3844N3133",8312.711679
"2220","1kmE3844N3134",12477.3363375
"2221","1kmE3844N3135",12114.0996335
"2222","1kmE3844N3136",5256.8842075
"2223","1kmE3844N3137",7578.795025
"2224","1kmE3844N3138",9960.3444775
"2225","1kmE3844N3139",11497.0524365
"2226","1kmE3844N3140",7006.013516
"2227","1kmE3844N3141",5467.651656
"2228","1kmE3844N3142",3787.387019
"2229","1kmE3844N3143",5324.3746095
"2230","1kmE3844N3144",9583.0294685
"2231","1kmE3844N3145",7945.752363
"2232","1kmE3844N3146",7173.323134
"2233","1kmE3844N3147",4764.011565
"2234","1kmE3844N3148",1586.084882
"2235","1kmE3844N3149",3997.908337
"2236","1kmE3844N3150",6211.146785
"2237","1kmE3844N3151",2608.6257155
"2238","1kmE3844N3152",4873.8242445
"2239","1kmE3844N3153",7723.4123865
"2240","1kmE3844N3154",1723.1431
"2241","1kmE3844N3155",4920.310179
"2242","1kmE3844N3156",13798.183804
"2243","1kmE3844N3157",15971.6700075
"2244","1kmE3845N3093",3578.012788
"2245","1kmE3845N3094",5074.8495535
"2246","1kmE3845N3095",4277.6266325
"2247","1kmE3845N3096",5264.93349
"2248","1kmE3845N3097",6858.991964
"2249","1kmE3845N3098",8878.9724485
"2250","1kmE3845N3099",8806.8196405
"2251","1kmE3845N3100",11408.0373275
"2252","1kmE3845N3101",12366.440773
"2253","1kmE3845N3102",9960.585755
"2254","1kmE3845N3103",8110.6682385
"2255","1kmE3845N3104",596.9053075
"2256","1kmE3845N3105",889.887918
"2257","1kmE3845N3106",5873.195701
"2258","1kmE3845N3107",6068.56296
"2259","1kmE3845N3108",4317.9548435
"2260","1kmE3845N3109",4074.296103
"2261","1kmE3845N3110",5988.776187
"2262","1kmE3845N3111",14732.826553
"2263","1kmE3845N3112",16196.9998795
"2264","1kmE3845N3113",10310.4818735
"2265","1kmE3845N3114",4597.58146
"2266","1kmE3845N3115",9632.194199
"2267","1kmE3845N3116",8916.672239
"2268","1kmE3845N3117",2578.765966
"2269","1kmE3845N3118",3196.9285965
"2270","1kmE3845N3119",6332.6416235
"2271","1kmE3845N3120",8379.1750305
"2272","1kmE3845N3121",4857.1077715
"2273","1kmE3845N3122",7967.315999
"2274","1kmE3845N3123",9402.2344135
"2275","1kmE3845N3124",4248.476145
"2276","1kmE3845N3125",5607.3647415
"2277","1kmE3845N3126",6369.447094
"2278","1kmE3845N3127",2669.271814
"2279","1kmE3845N3128",5898.6120485
"2280","1kmE3845N3129",5431.3669065
"2281","1kmE3845N3130",2508.2249985
"2282","1kmE3845N3131",5311.5880625
"2283","1kmE3845N3132",7719.2799975
"2284","1kmE3845N3133",5666.246704
"2285","1kmE3845N3134",12163.0107685
"2286","1kmE3845N3135",12581.77922
"2287","1kmE3845N3136",5747.4357515
"2288","1kmE3845N3137",8546.468326
"2289","1kmE3845N3138",12226.9197525
"2290","1kmE3845N3139",13800.426309
"2291","1kmE3845N3140",13710.176426
"2292","1kmE3845N3141",9456.661923
"2293","1kmE3845N3142",3355.55408
"2294","1kmE3845N3143",9527.636289
"2295","1kmE3845N3144",12776.7215045
"2296","1kmE3845N3145",9405.747514
"2297","1kmE3845N3146",6302.171024
"2298","1kmE3845N3147",5241.3811925
"2299","1kmE3845N3148",4816.028459
"2300","1kmE3845N3149",5078.7622105
"2301","1kmE3845N3150",3341.595147
"2302","1kmE3845N3151",4114.0473885
"2303","1kmE3845N3152",9408.730606
"2304","1kmE3845N3153",11256.7644935
"2305","1kmE3845N3154",1023.2554
"2306","1kmE3845N3155",2356.9594985
"2307","1kmE3845N3156",14193.0578435
"2308","1kmE3845N3157",16939.929883
"2309","1kmE3845N3158",4128.260879
"2310","1kmE3845N3159",4275.1463935
"2311","1kmE3845N3160",608.6672775
"2312","1kmE3846N3092",633.269701
"2313","1kmE3846N3093",2883.535073
"2314","1kmE3846N3094",3431.386938
"2315","1kmE3846N3095",6358.3596845
"2316","1kmE3846N3096",5857.757516
"2317","1kmE3846N3097",10569.622373
"2318","1kmE3846N3098",9566.3774195
"2319","1kmE3846N3099",5071.455017
"2320","1kmE3846N3100",9482.1202805
"2321","1kmE3846N3101",11587.5215535
"2322","1kmE3846N3102",7477.8889675
"2323","1kmE3846N3103",4965.9632415
"2324","1kmE3846N3104",5555.590324
"2325","1kmE3846N3105",5702.6178
"2326","1kmE3846N3106",5253.3920175
"2327","1kmE3846N3107",6599.4075725
"2328","1kmE3846N3108",4115.573505
"2329","1kmE3846N3109",3080.9047175
"2330","1kmE3846N3110",5646.8222525
"2331","1kmE3846N3111",10371.977134
"2332","1kmE3846N3112",10544.7225935
"2333","1kmE3846N3113",2870.9693845
"2334","1kmE3846N3114",6424.65001
"2335","1kmE3846N3115",14192.354934
"2336","1kmE3846N3116",17614.032081
"2337","1kmE3846N3117",10287.05508
"2338","1kmE3846N3118",5769.994898
"2339","1kmE3846N3119",6730.485222
"2340","1kmE3846N3120",4242.067874
"2341","1kmE3846N3121",5275.011743
"2342","1kmE3846N3122",4707.637863
"2343","1kmE3846N3123",1243.41417
"2344","1kmE3846N3124",1793.003992
"2345","1kmE3846N3125",4515.143487
"2346","1kmE3846N3126",4868.2141295
"2347","1kmE3846N3127",7528.1274765
"2348","1kmE3846N3128",8374.358003
"2349","1kmE3846N3129",7893.150742
"2350","1kmE3846N3130",7601.455451
"2351","1kmE3846N3131",4144.8776765
"2352","1kmE3846N3132",7342.3386495
"2353","1kmE3846N3133",9202.1663565
"2354","1kmE3846N3134",9343.3040705
"2355","1kmE3846N3135",8244.824228
"2356","1kmE3846N3136",6783.5130895
"2357","1kmE3846N3137",12673.221152
"2358","1kmE3846N3138",13475.564827
"2359","1kmE3846N3139",12424.9306295
"2360","1kmE3846N3140",11875.8801545
"2361","1kmE3846N3141",5385.0368375
"2362","1kmE3846N3142",4066.0810045
"2363","1kmE3846N3143",5719.796859
"2364","1kmE3846N3144",9524.569176
"2365","1kmE3846N3145",7987.778463
"2366","1kmE3846N3146",6540.53809
"2367","1kmE3846N3147",6141.7573945
"2368","1kmE3846N3148",12329.168845
"2369","1kmE3846N3149",13484.5429055
"2370","1kmE3846N3150",2319.4046035
"2371","1kmE3846N3151",2614.7371345
"2372","1kmE3846N3152",8280.868871
"2373","1kmE3846N3153",9668.2540065
"2374","1kmE3846N3154",1956.7116455
"2375","1kmE3846N3155",7298.4758015
"2376","1kmE3846N3156",16410.1671945
"2377","1kmE3846N3157",17903.877821
"2378","1kmE3846N3158",9606.780813
"2379","1kmE3846N3159",6886.038444
"2380","1kmE3846N3160",3051.166552
"2381","1kmE3847N3092",754.767206499999
"2382","1kmE3847N3093",4516.2138735
"2383","1kmE3847N3094",3227.817054
"2384","1kmE3847N3095",6865.407539
"2385","1kmE3847N3096",4825.6700015
"2386","1kmE3847N3097",3622.768298
"2387","1kmE3847N3098",11615.8778275
"2388","1kmE3847N3099",8168.1431065
"2389","1kmE3847N3100",5967.1194925
"2390","1kmE3847N3101",11475.4313555
"2391","1kmE3847N3102",11102.614838
"2392","1kmE3847N3103",5854.424742
"2393","1kmE3847N3104",8192.9311915
"2394","1kmE3847N3105",5161.7231605
"2395","1kmE3847N3106",1248.4687775
"2396","1kmE3847N3107",4417.859056
"2397","1kmE3847N3108",5200.1314155
"2398","1kmE3847N3109",4660.634708
"2399","1kmE3847N3110",9760.7270505
"2400","1kmE3847N3111",10683.293836
"2401","1kmE3847N3112",6323.69672
"2402","1kmE3847N3113",6737.990494
"2403","1kmE3847N3114",5600.5135105
"2404","1kmE3847N3115",7299.476732
"2405","1kmE3847N3116",8957.112299
"2406","1kmE3847N3117",6023.5433555
"2407","1kmE3847N3118",4710.4358135
"2408","1kmE3847N3119",4410.49614
"2409","1kmE3847N3120",205.01639
"2410","1kmE3847N3121",3758.0956285
"2411","1kmE3847N3122",7111.753267
"2412","1kmE3847N3123",5189.425863
"2413","1kmE3847N3124",3376.4877395
"2414","1kmE3847N3125",3879.001731
"2415","1kmE3847N3126",1759.2997035
"2416","1kmE3847N3127",2611.464181
"2417","1kmE3847N3128",5016.908658
"2418","1kmE3847N3129",9832.2771635
"2419","1kmE3847N3130",10719.995121
"2420","1kmE3847N3131",4752.981209
"2421","1kmE3847N3132",5274.340631
"2422","1kmE3847N3133",11467.134562
"2423","1kmE3847N3134",10628.0596925
"2424","1kmE3847N3135",8479.2486135
"2425","1kmE3847N3136",5142.135241
"2426","1kmE3847N3137",8988.381425
"2427","1kmE3847N3138",13045.835788
"2428","1kmE3847N3139",10116.690739
"2429","1kmE3847N3140",8307.0752455
"2430","1kmE3847N3141",10997.255823
"2431","1kmE3847N3142",12725.939571
"2432","1kmE3847N3143",10853.1202025
"2433","1kmE3847N3144",8332.3558245
"2434","1kmE3847N3145",11584.3437835
"2435","1kmE3847N3146",11930.816191
"2436","1kmE3847N3147",11902.938335
"2437","1kmE3847N3148",14410.024323
"2438","1kmE3847N3149",16559.906749
"2439","1kmE3847N3150",9630.1970415
"2440","1kmE3847N3151",10220.328886
"2441","1kmE3847N3152",11196.711144
"2442","1kmE3847N3153",12438.3264115
"2443","1kmE3847N3154",9186.4420105
"2444","1kmE3847N3155",8807.236292
"2445","1kmE3847N3156",13478.3923505
"2446","1kmE3847N3157",15895.590257
"2447","1kmE3847N3158",9784.491362
"2448","1kmE3847N3159",3309.0017945
"2449","1kmE3847N3160",2558.079898
"2450","1kmE3847N3161",581.38654
"2451","1kmE3848N3092",883.0076595
"2452","1kmE3848N3093",5437.402501
"2453","1kmE3848N3094",10781.7377305
"2454","1kmE3848N3095",10313.878353
"2455","1kmE3848N3096",7521.666587
"2456","1kmE3848N3097",4358.457534
"2457","1kmE3848N3098",15883.9321815
"2458","1kmE3848N3099",11750.225172
"2459","1kmE3848N3100",6188.521932
"2460","1kmE3848N3101",11413.1751915
"2461","1kmE3848N3102",12994.7992755
"2462","1kmE3848N3103",13235.584161
"2463","1kmE3848N3104",7232.607681
"2464","1kmE3848N3105",6513.9420305
"2465","1kmE3848N3106",8574.4466855
"2466","1kmE3848N3107",4550.920923
"2467","1kmE3848N3108",2453.483807
"2468","1kmE3848N3109",4113.879526
"2469","1kmE3848N3110",9240.8276195
"2470","1kmE3848N3111",7467.7247625
"2471","1kmE3848N3112",2542.181315
"2472","1kmE3848N3113",3769.4985835
"2473","1kmE3848N3114",6485.0083065
"2474","1kmE3848N3115",2995.2186775
"2475","1kmE3848N3117",745.899169999999
"2476","1kmE3848N3118",1569.243728
"2477","1kmE3848N3119",5973.2108145
"2478","1kmE3848N3120",3486.6575255
"2479","1kmE3848N3121",3786.87703
"2480","1kmE3848N3122",8657.1552295
"2481","1kmE3848N3123",6129.3551025
"2482","1kmE3848N3124",2561.8462165
"2483","1kmE3848N3125",5608.571858
"2484","1kmE3848N3126",3797.0639365
"2485","1kmE3848N3127",4520.6498685
"2486","1kmE3848N3128",8559.749104
"2487","1kmE3848N3129",7453.921547
"2488","1kmE3848N3130",8802.5098715
"2489","1kmE3848N3131",8458.011689
"2490","1kmE3848N3132",2862.7565785
"2491","1kmE3848N3133",10065.3378465
"2492","1kmE3848N3134",11309.8890805
"2493","1kmE3848N3135",10436.4416065
"2494","1kmE3848N3136",12716.667069
"2495","1kmE3848N3137",9804.858506
"2496","1kmE3848N3138",8504.939512
"2497","1kmE3848N3139",13759.144905
"2498","1kmE3848N3140",14639.99594
"2499","1kmE3848N3141",13444.8118455
"2500","1kmE3848N3142",14626.1958315
"2501","1kmE3848N3143",12612.204213
"2502","1kmE3848N3144",15917.7325405
"2503","1kmE3848N3145",13733.30491
"2504","1kmE3848N3146",12635.372796
"2505","1kmE3848N3147",13677.936323
"2506","1kmE3848N3148",12263.5516215
"2507","1kmE3848N3149",11671.4015115
"2508","1kmE3848N3150",15253.9738865
"2509","1kmE3848N3151",16310.6705515
"2510","1kmE3848N3152",12792.742713
"2511","1kmE3848N3153",9934.9742245
"2512","1kmE3848N3154",7827.512947
"2513","1kmE3848N3155",10095.263513
"2514","1kmE3848N3156",10721.283296
"2515","1kmE3848N3157",11693.212508
"2516","1kmE3848N3158",10884.073241
"2517","1kmE3848N3159",1356.380962
"2518","1kmE3848N3160",1885.4019045
"2519","1kmE3848N3161",2355.2248665
"2520","1kmE3849N3091",403.8964455
"2521","1kmE3849N3092",633.269701
"2522","1kmE3849N3093",3961.514546
"2523","1kmE3849N3094",13781.77142
"2524","1kmE3849N3095",10298.487007
"2525","1kmE3849N3096",6006.125076
"2526","1kmE3849N3097",3253.3631575
"2527","1kmE3849N3098",12330.831779
"2528","1kmE3849N3099",9915.2587775
"2529","1kmE3849N3100",9904.551368
"2530","1kmE3849N3101",8311.3698715
"2531","1kmE3849N3102",12512.1061265
"2532","1kmE3849N3103",12540.6406885
"2533","1kmE3849N3104",8817.287654
"2534","1kmE3849N3105",3681.030559
"2535","1kmE3849N3106",7685.547323
"2536","1kmE3849N3107",5415.799209
"2537","1kmE3849N3108",1086.5792225
"2538","1kmE3849N3109",3917.0152955
"2539","1kmE3849N3110",12099.919656
"2540","1kmE3849N3111",9842.302938
"2541","1kmE3849N3112",5398.0420725
"2542","1kmE3849N3113",9111.5715785
"2543","1kmE3849N3114",10651.495281
"2544","1kmE3849N3115",5827.5151695
"2545","1kmE3849N3116",986.965710499999
"2546","1kmE3849N3117",5493.5564815
"2547","1kmE3849N3118",6563.0574065
"2548","1kmE3849N3119",4938.91188
"2549","1kmE3849N3120",2804.6453785
"2550","1kmE3849N3121",4898.5284955
"2551","1kmE3849N3122",6378.885673
"2552","1kmE3849N3123",5245.664043
"2553","1kmE3849N3124",3813.4100055
"2554","1kmE3849N3125",2407.092835
"2555","1kmE3849N3126",5787.2210765
"2556","1kmE3849N3127",4503.647574
"2557","1kmE3849N3128",7317.2411255
"2558","1kmE3849N3129",4065.1768475
"2559","1kmE3849N3130",5821.9039485
"2560","1kmE3849N3131",7775.9860335
"2561","1kmE3849N3132",3953.928776
"2562","1kmE3849N3133",4852.7824885
"2563","1kmE3849N3134",6020.561605
"2564","1kmE3849N3135",9419.282083
"2565","1kmE3849N3136",11233.4328205
"2566","1kmE3849N3137",16933.486353
"2567","1kmE3849N3138",14160.156893
"2568","1kmE3849N3139",16946.892918
"2569","1kmE3849N3140",17647.6721065
"2570","1kmE3849N3141",16061.8553935
"2571","1kmE3849N3142",10532.7789405
"2572","1kmE3849N3143",7953.2705185
"2573","1kmE3849N3144",13208.9737345
"2574","1kmE3849N3145",12547.437703
"2575","1kmE3849N3146",9425.4106255
"2576","1kmE3849N3147",9994.281164
"2577","1kmE3849N3148",9994.1168085
"2578","1kmE3849N3149",7633.8849225
"2579","1kmE3849N3150",7846.097323
"2580","1kmE3849N3151",9469.734273
"2581","1kmE3849N3152",7766.9184375
"2582","1kmE3849N3153",9790.564132
"2583","1kmE3849N3154",8518.067303
"2584","1kmE3849N3155",5631.5931405
"2585","1kmE3849N3156",11419.916464
"2586","1kmE3849N3157",16029.767576
"2587","1kmE3849N3158",16891.5737335
"2588","1kmE3849N3159",9013.82574
"2589","1kmE3849N3160",1374.031112
"2590","1kmE3850N3088",1213.275589
"2591","1kmE3850N3089",2463.510892
"2592","1kmE3850N3090",2568.547013
"2593","1kmE3850N3091",6540.807288
"2594","1kmE3850N3092",3778.0895445
"2595","1kmE3850N3093",1486.999156
"2596","1kmE3850N3094",9635.992388
"2597","1kmE3850N3095",4930.447411
"2598","1kmE3850N3096",871.0045475
"2599","1kmE3850N3097",723.970439
"2600","1kmE3850N3098",4183.199839
"2601","1kmE3850N3099",2977.1215955
"2602","1kmE3850N3100",10273.8991685
"2603","1kmE3850N3101",13723.171881
"2604","1kmE3850N3102",18769.935292
"2605","1kmE3850N3103",14281.1699565
"2606","1kmE3850N3104",13091.098774
"2607","1kmE3850N3105",5158.9702115
"2608","1kmE3850N3106",8395.5212955
"2609","1kmE3850N3107",4055.699186
"2610","1kmE3850N3109",4620.499146
"2611","1kmE3850N3110",9675.9343375
"2612","1kmE3850N3111",4030.22063
"2613","1kmE3850N3112",5201.1520865
"2614","1kmE3850N3113",4057.9523155
"2615","1kmE3850N3114",3158.28518
"2616","1kmE3850N3115",9049.9806935
"2617","1kmE3850N3116",9096.211114
"2618","1kmE3850N3117",5035.1796525
"2619","1kmE3850N3118",7000.100139
"2620","1kmE3850N3119",3032.3717105
"2621","1kmE3850N3120",1370.676892
"2622","1kmE3850N3121",691.79594
"2623","1kmE3850N3122",643.7578735
"2624","1kmE3850N3123",7355.1381365
"2625","1kmE3850N3124",8693.8921445
"2626","1kmE3850N3125",4886.8393105
"2627","1kmE3850N3126",6280.0561645
"2628","1kmE3850N3127",3292.255732
"2629","1kmE3850N3128",2264.0118205
"2630","1kmE3850N3129",755.6168965
"2631","1kmE3850N3130",5707.613085
"2632","1kmE3850N3131",11182.3094655
"2633","1kmE3850N3132",10123.4401465
"2634","1kmE3850N3133",9717.286805
"2635","1kmE3850N3134",7800.048886
"2636","1kmE3850N3135",2950.831059
"2637","1kmE3850N3136",9675.228671
"2638","1kmE3850N3137",17716.910137
"2639","1kmE3850N3138",16456.16516
"2640","1kmE3850N3139",12057.423398
"2641","1kmE3850N3140",13903.2234715
"2642","1kmE3850N3141",13554.1541155
"2643","1kmE3850N3142",11295.2931045
"2644","1kmE3850N3143",12502.872639
"2645","1kmE3850N3144",11278.7288885
"2646","1kmE3850N3145",8487.612777
"2647","1kmE3850N3146",11807.5773405
"2648","1kmE3850N3147",11630.0293165
"2649","1kmE3850N3148",8441.894885
"2650","1kmE3850N3149",9289.2092355
"2651","1kmE3850N3150",5534.8549795
"2652","1kmE3850N3151",3334.836579
"2653","1kmE3850N3152",8939.9887515
"2654","1kmE3850N3153",8834.6427805
"2655","1kmE3850N3154",7175.330477
"2656","1kmE3850N3155",10173.4735595
"2657","1kmE3850N3156",11193.053758
"2658","1kmE3850N3157",14991.2527255
"2659","1kmE3850N3158",15263.028745
"2660","1kmE3850N3159",9020.388519
"2661","1kmE3850N3160",763.251071
"2662","1kmE3851N3088",4852.600928
"2663","1kmE3851N3089",9725.4241385
"2664","1kmE3851N3090",3532.2294565
"2665","1kmE3851N3091",10534.669122
"2666","1kmE3851N3092",9561.959454
"2667","1kmE3851N3093",3796.154817
"2668","1kmE3851N3094",5566.572825
"2669","1kmE3851N3095",1488.057081
"2670","1kmE3851N3096",550.5897725
"2671","1kmE3851N3097",5789.5500095
"2672","1kmE3851N3098",8865.510856
"2673","1kmE3851N3099",5608.4393395
"2674","1kmE3851N3100",10747.4739735
"2675","1kmE3851N3101",12738.1180075
"2676","1kmE3851N3102",20823.964431
"2677","1kmE3851N3103",16355.4812245
"2678","1kmE3851N3104",9835.038115
"2679","1kmE3851N3105",10703.2788295
"2680","1kmE3851N3106",14790.7846475
"2681","1kmE3851N3107",6487.959345
"2682","1kmE3851N3108",951.594888999999
"2683","1kmE3851N3109",6066.392394
"2684","1kmE3851N3110",7954.859456
"2685","1kmE3851N3111",3189.476452
"2686","1kmE3851N3112",3017.507532
"2687","1kmE3851N3113",882.401789499999
"2688","1kmE3851N3114",395.0284085
"2689","1kmE3851N3115",4481.531346
"2690","1kmE3851N3116",3727.2259385
"2691","1kmE3851N3117",6943.9032625
"2692","1kmE3851N3118",5609.26886
"2693","1kmE3851N3119",3556.3474015
"2694","1kmE3851N3120",6476.678962
"2695","1kmE3851N3121",4312.7775335
"2696","1kmE3851N3122",2995.494814
"2697","1kmE3851N3123",6116.863887
"2698","1kmE3851N3124",9836.3388245
"2699","1kmE3851N3125",5275.6653285
"2700","1kmE3851N3126",3639.7115665
"2701","1kmE3851N3127",373.0996755
"2702","1kmE3851N3128",933.1069945
"2703","1kmE3851N3129",7397.2162795
"2704","1kmE3851N3130",8932.3298155
"2705","1kmE3851N3131",10711.958788
"2706","1kmE3851N3132",12599.0820595
"2707","1kmE3851N3133",12215.6409845
"2708","1kmE3851N3134",8865.5849165
"2709","1kmE3851N3135",4537.323832
"2710","1kmE3851N3136",6958.613658
"2711","1kmE3851N3137",12428.420136
"2712","1kmE3851N3138",10899.392811
"2713","1kmE3851N3139",6328.4616065
"2714","1kmE3851N3140",13046.7288045
"2715","1kmE3851N3141",12812.6161695
"2716","1kmE3851N3142",17072.5457275
"2717","1kmE3851N3143",14274.3392395
"2718","1kmE3851N3144",8072.7428155
"2719","1kmE3851N3145",7204.572699
"2720","1kmE3851N3146",10945.5320905
"2721","1kmE3851N3147",12025.9799305
"2722","1kmE3851N3148",13956.7817335
"2723","1kmE3851N3149",9516.7553385
"2724","1kmE3851N3150",4758.9462335
"2725","1kmE3851N3151",6117.4994085
"2726","1kmE3851N3152",8778.0594165
"2727","1kmE3851N3153",10929.877067
"2728","1kmE3851N3154",8856.8747555
"2729","1kmE3851N3155",7938.6358625
"2730","1kmE3851N3156",3383.4426535
"2731","1kmE3851N3157",9203.8899705
"2732","1kmE3851N3158",14986.8317025
"2733","1kmE3851N3159",9574.703246
"2734","1kmE3852N3087",4474.524366
"2735","1kmE3852N3088",9651.330914
"2736","1kmE3852N3089",6850.4980105
"2737","1kmE3852N3090",3910.157486
"2738","1kmE3852N3091",10408.8446195
"2739","1kmE3852N3092",9288.079184
"2740","1kmE3852N3093",2650.0296955
"2741","1kmE3852N3094",2691.280552
"2742","1kmE3852N3095",1053.464574
"2743","1kmE3852N3096",2194.4069565
"2744","1kmE3852N3097",9838.28453
"2745","1kmE3852N3098",5491.09427
"2746","1kmE3852N3099",8885.3318915
"2747","1kmE3852N3100",11664.3708525
"2748","1kmE3852N3101",9537.4763875
"2749","1kmE3852N3102",16048.6053455
"2750","1kmE3852N3103",13104.8712745
"2751","1kmE3852N3104",9931.5808225
"2752","1kmE3852N3105",8837.449732
"2753","1kmE3852N3106",14049.8697705
"2754","1kmE3852N3107",13762.3864125
"2755","1kmE3852N3108",9069.159502
"2756","1kmE3852N3109",5873.9901395
"2757","1kmE3852N3110",10702.479492
"2758","1kmE3852N3111",7926.751255
"2759","1kmE3852N3112",8711.7529085
"2760","1kmE3852N3113",1865.9291705
"2761","1kmE3852N3114",1213.232562
"2762","1kmE3852N3115",1089.4492095
"2763","1kmE3852N3116",4042.2944275
"2764","1kmE3852N3117",8665.997393
"2765","1kmE3852N3118",11511.878621
"2766","1kmE3852N3119",6700.816522
"2767","1kmE3852N3120",11444.1761235
"2768","1kmE3852N3121",6004.352273
"2769","1kmE3852N3122",6510.6875785
"2770","1kmE3852N3123",2749.082874
"2771","1kmE3852N3124",2703.277621
"2772","1kmE3852N3125",2209.3279965
"2773","1kmE3852N3126",8350.8021515
"2774","1kmE3852N3127",2626.38111
"2775","1kmE3852N3128",3346.394344
"2776","1kmE3852N3129",5060.0323495
"2777","1kmE3852N3130",6515.536105
"2778","1kmE3852N3131",8205.801993
"2779","1kmE3852N3132",11423.922492
"2780","1kmE3852N3133",11006.7592755
"2781","1kmE3852N3134",5408.924927
"2782","1kmE3852N3135",10886.8911905
"2783","1kmE3852N3136",9266.055534
"2784","1kmE3852N3137",13874.9666515
"2785","1kmE3852N3138",10432.2187745
"2786","1kmE3852N3139",7237.364968
"2787","1kmE3852N3140",7823.551568
"2788","1kmE3852N3141",11689.2626815
"2789","1kmE3852N3142",18132.52229
"2790","1kmE3852N3143",15628.0726325
"2791","1kmE3852N3144",8617.6393015
"2792","1kmE3852N3145",3461.4806585
"2793","1kmE3852N3146",6115.6241165
"2794","1kmE3852N3147",11120.803979
"2795","1kmE3852N3148",17091.0325425
"2796","1kmE3852N3149",14185.923593
"2797","1kmE3852N3150",8330.6917305
"2798","1kmE3852N3151",10083.4515125
"2799","1kmE3852N3152",7776.270196
"2800","1kmE3852N3153",6627.974466
"2801","1kmE3852N3154",3396.2972065
"2802","1kmE3852N3155",1716.6200705
"2803","1kmE3852N3156",1496.4737745
"2804","1kmE3852N3157",8612.830773
"2805","1kmE3852N3158",15184.900001
"2806","1kmE3852N3159",10080.3879515
"2807","1kmE3853N3088",5068.250341
"2808","1kmE3853N3089",3587.651431
"2809","1kmE3853N3090",2818.971405
"2810","1kmE3853N3091",9136.044048
"2811","1kmE3853N3092",6200.3292875
"2812","1kmE3853N3093",3536.5918975
"2813","1kmE3853N3094",9506.653302
"2814","1kmE3853N3095",12585.0125325
"2815","1kmE3853N3096",10424.213841
"2816","1kmE3853N3097",9015.1307795
"2817","1kmE3853N3098",5302.583846
"2818","1kmE3853N3099",7232.6589235
"2819","1kmE3853N3100",3784.705415
"2820","1kmE3853N3101",7868.5924035
"2821","1kmE3853N3102",11537.802051
"2822","1kmE3853N3103",13518.0681815
"2823","1kmE3853N3104",14619.5252165
"2824","1kmE3853N3105",10589.9221945
"2825","1kmE3853N3106",5801.857678
"2826","1kmE3853N3107",14290.666756
"2827","1kmE3853N3108",12705.340949
"2828","1kmE3853N3109",6568.8873485
"2829","1kmE3853N3110",6745.809063
"2830","1kmE3853N3111",8817.6680865
"2831","1kmE3853N3112",9119.598274
"2832","1kmE3853N3113",4085.232349
"2833","1kmE3853N3114",6579.784731
"2834","1kmE3853N3115",1366.3034085
"2835","1kmE3853N3116",567.5752685
"2836","1kmE3853N3117",3595.91735
"2837","1kmE3853N3118",8728.498485
"2838","1kmE3853N3119",11622.471565
"2839","1kmE3853N3120",9291.4205715
"2840","1kmE3853N3121",3083.2596735
"2841","1kmE3853N3122",4748.226165
"2842","1kmE3853N3123",2184.305597
"2843","1kmE3853N3124",5089.1838535
"2844","1kmE3853N3125",2549.125875
"2845","1kmE3853N3126",2013.6148265
"2846","1kmE3853N3127",3793.678388
"2847","1kmE3853N3128",8144.8510515
"2848","1kmE3853N3129",5889.1657435
"2849","1kmE3853N3130",10751.1106735
"2850","1kmE3853N3131",10882.835062
"2851","1kmE3853N3132",12834.077002
"2852","1kmE3853N3133",6587.1799215
"2853","1kmE3853N3134",5807.668052
"2854","1kmE3853N3135",14740.700715
"2855","1kmE3853N3136",7831.367079
"2856","1kmE3853N3137",4137.2443415
"2857","1kmE3853N3138",5618.96766
"2858","1kmE3853N3139",4909.045809
"2859","1kmE3853N3140",10519.591811
"2860","1kmE3853N3141",14567.2263655
"2861","1kmE3853N3142",15796.105574
"2862","1kmE3853N3143",13265.5428425
"2863","1kmE3853N3144",10767.5844465
"2864","1kmE3853N3145",5222.0327585
"2865","1kmE3853N3146",9158.2563345
"2866","1kmE3853N3147",10602.2262605
"2867","1kmE3853N3148",14229.8910805
"2868","1kmE3853N3149",14434.3399785
"2869","1kmE3853N3150",12140.2395145
"2870","1kmE3853N3151",7420.773683
"2871","1kmE3853N3152",5044.9441745
"2872","1kmE3853N3153",8156.7560505
"2873","1kmE3853N3154",6463.743472
"2874","1kmE3853N3155",7420.058225
"2875","1kmE3853N3156",2992.1070815
"2876","1kmE3853N3157",10818.31554
"2877","1kmE3853N3158",12350.970184
"2878","1kmE3853N3159",5653.101433
"2879","1kmE3854N3089",8423.531523
"2880","1kmE3854N3090",5408.0070805
"2881","1kmE3854N3091",3824.4158955
"2882","1kmE3854N3092",3927.9199355
"2883","1kmE3854N3093",5475.4364165
"2884","1kmE3854N3094",13969.187183
"2885","1kmE3854N3095",18189.568667
"2886","1kmE3854N3096",13655.550659
"2887","1kmE3854N3097",8350.9764065
"2888","1kmE3854N3098",9541.990087
"2889","1kmE3854N3099",10564.6034885
"2890","1kmE3854N3100",8162.7300825
"2891","1kmE3854N3101",12312.2116315
"2892","1kmE3854N3102",9412.614593
"2893","1kmE3854N3103",12229.6917565
"2894","1kmE3854N3104",11454.3373165
"2895","1kmE3854N3105",9186.581944
"2896","1kmE3854N3106",8343.8391735
"2897","1kmE3854N3107",8979.3924605
"2898","1kmE3854N3108",11336.7885655
"2899","1kmE3854N3109",9960.7615825
"2900","1kmE3854N3110",4387.324436
"2901","1kmE3854N3111",378.3970535
"2902","1kmE3854N3112",3647.9874315
"2903","1kmE3854N3113",7301.3988235
"2904","1kmE3854N3114",2948.735583
"2905","1kmE3854N3115",978.686437499999
"2906","1kmE3854N3116",593.9084625
"2907","1kmE3854N3117",1077.6612785
"2908","1kmE3854N3118",5168.005772
"2909","1kmE3854N3119",11529.3955255
"2910","1kmE3854N3120",8276.402775
"2911","1kmE3854N3121",2720.1359485
"2912","1kmE3854N3122",3434.1296165
"2913","1kmE3854N3123",1311.332709
"2914","1kmE3854N3124",751.8443715
"2915","1kmE3854N3125",1757.819053
"2916","1kmE3854N3126",2827.394413
"2917","1kmE3854N3127",10351.384237
"2918","1kmE3854N3128",12058.9106995
"2919","1kmE3854N3129",9108.179121
"2920","1kmE3854N3130",8160.147863
"2921","1kmE3854N3131",7968.00126
"2922","1kmE3854N3132",8932.4013795
"2923","1kmE3854N3133",10685.8225325
"2924","1kmE3854N3134",8441.477355
"2925","1kmE3854N3135",14901.334287
"2926","1kmE3854N3136",5806.7246875
"2927","1kmE3854N3137",8217.038302
"2928","1kmE3854N3138",5328.321583
"2929","1kmE3854N3139",4034.2743805
"2930","1kmE3854N3140",7150.9573765
"2931","1kmE3854N3141",12787.137796
"2932","1kmE3854N3142",13582.2132955
"2933","1kmE3854N3143",9545.738597
"2934","1kmE3854N3144",10983.223172
"2935","1kmE3854N3145",3382.6275985
"2936","1kmE3854N3146",5551.758482
"2937","1kmE3854N3147",9754.089461
"2938","1kmE3854N3148",7915.5314215
"2939","1kmE3854N3149",13667.2366335
"2940","1kmE3854N3150",14215.2700905
"2941","1kmE3854N3151",8070.4759775
"2942","1kmE3854N3152",7493.4316265
"2943","1kmE3854N3153",10852.199507
"2944","1kmE3854N3154",5110.2088505
"2945","1kmE3854N3155",8997.9767855
"2946","1kmE3854N3156",3655.7560995
"2947","1kmE3854N3157",8058.753841
"2948","1kmE3854N3158",11497.882315
"2949","1kmE3854N3159",11172.4875775
"2950","1kmE3854N3160",5001.226453
"2951","1kmE3855N3089",3913.605436
"2952","1kmE3855N3090",5121.898301
"2953","1kmE3855N3091",6971.6032235
"2954","1kmE3855N3092",4926.446295
"2955","1kmE3855N3093",8146.385705
"2956","1kmE3855N3094",11756.3198495
"2957","1kmE3855N3095",14216.6232455
"2958","1kmE3855N3096",9111.273718
"2959","1kmE3855N3097",7433.919085
"2960","1kmE3855N3098",8030.1069875
"2961","1kmE3855N3099",4529.613394
"2962","1kmE3855N3100",2783.2443215
"2963","1kmE3855N3101",9367.0698335
"2964","1kmE3855N3102",9114.845066
"2965","1kmE3855N3103",13293.3601955
"2966","1kmE3855N3104",7964.8973455
"2967","1kmE3855N3105",8429.7548605
"2968","1kmE3855N3106",12673.9269625
"2969","1kmE3855N3107",11887.675093
"2970","1kmE3855N3108",11962.8388295
"2971","1kmE3855N3109",13758.474124
"2972","1kmE3855N3110",6892.692205
"2973","1kmE3855N3111",2594.3976465
"2974","1kmE3855N3112",5482.1501155
"2975","1kmE3855N3113",9492.505245
"2976","1kmE3855N3114",6691.005672
"2977","1kmE3855N3115",3224.4723205
"2978","1kmE3855N3116",2401.189057
"2979","1kmE3855N3117",6208.098525
"2980","1kmE3855N3118",6580.4494485
"2981","1kmE3855N3119",8664.1936175
"2982","1kmE3855N3120",7452.6539705
"2983","1kmE3855N3121",2622.4275895
"2984","1kmE3855N3122",5710.273654
"2985","1kmE3855N3123",1831.2196725
"2986","1kmE3855N3124",3530.221464
"2987","1kmE3855N3125",3803.936061
"2988","1kmE3855N3126",5018.5967765
"2989","1kmE3855N3127",12547.072036
"2990","1kmE3855N3128",13825.00972
"2991","1kmE3855N3129",8734.570012
"2992","1kmE3855N3130",7341.0754925
"2993","1kmE3855N3131",9200.897928
"2994","1kmE3855N3132",10989.201
"2995","1kmE3855N3133",11981.068039
"2996","1kmE3855N3134",11315.5059095
"2997","1kmE3855N3135",9668.654729
"2998","1kmE3855N3136",3661.0616055
"2999","1kmE3855N3137",6113.4631955
"3000","1kmE3855N3138",10928.607084
"3001","1kmE3855N3139",9670.140802
"3002","1kmE3855N3140",8221.824579
"3003","1kmE3855N3141",8496.9241435
"3004","1kmE3855N3142",12131.4161825
"3005","1kmE3855N3143",9810.458485
"3006","1kmE3855N3144",6457.7221525
"3007","1kmE3855N3145",1259.9964365
"3008","1kmE3855N3146",2373.1386795
"3009","1kmE3855N3147",8181.1827355
"3010","1kmE3855N3148",6372.3143435
"3011","1kmE3855N3149",9641.291457
"3012","1kmE3855N3150",5744.4603625
"3013","1kmE3855N3151",8991.4996045
"3014","1kmE3855N3152",11656.685198
"3015","1kmE3855N3153",6643.726975
"3016","1kmE3855N3154",8248.6469885
"3017","1kmE3855N3155",5262.144738
"3018","1kmE3855N3156",8181.3242845
"3019","1kmE3855N3157",12433.1453245
"3020","1kmE3855N3158",14586.604762
"3021","1kmE3855N3159",14993.85436
"3022","1kmE3855N3160",8368.0647865
"3023","1kmE3856N3090",7907.396362
"3024","1kmE3856N3091",10530.792725
"3025","1kmE3856N3092",9929.176386
"3026","1kmE3856N3093",8524.0641795
"3027","1kmE3856N3094",8236.744361
"3028","1kmE3856N3095",4667.7954245
"3029","1kmE3856N3096",3658.3426205
"3030","1kmE3856N3097",3927.095081
"3031","1kmE3856N3098",6255.646888
"3032","1kmE3856N3099",6871.9061445
"3033","1kmE3856N3100",6737.6639025
"3034","1kmE3856N3101",11094.700958
"3035","1kmE3856N3102",8592.15443
"3036","1kmE3856N3103",10871.654665
"3037","1kmE3856N3104",9917.16158
"3038","1kmE3856N3105",6184.479303
"3039","1kmE3856N3106",8915.9167585
"3040","1kmE3856N3107",12177.140043
"3041","1kmE3856N3108",14105.3199115
"3042","1kmE3856N3109",13552.2641095
"3043","1kmE3856N3110",3200.093323
"3044","1kmE3856N3111",6738.8410235
"3045","1kmE3856N3112",8845.847258
"3046","1kmE3856N3113",7823.825441
"3047","1kmE3856N3114",1951.620786
"3048","1kmE3856N3115",4273.001458
"3049","1kmE3856N3116",6915.8538165
"3050","1kmE3856N3117",8951.988622
"3051","1kmE3856N3118",5276.772127
"3052","1kmE3856N3119",1364.0818815
"3053","1kmE3856N3121",593.908461499999
"3054","1kmE3856N3122",572.5185025
"3055","1kmE3856N3123",2725.3017705
"3056","1kmE3856N3124",7050.5721225
"3057","1kmE3856N3125",7779.1306485
"3058","1kmE3856N3126",10768.542176
"3059","1kmE3856N3127",13011.262689
"3060","1kmE3856N3128",15548.9258405
"3061","1kmE3856N3129",12610.2698145
"3062","1kmE3856N3130",9243.5417705
"3063","1kmE3856N3131",14168.3572035
"3064","1kmE3856N3132",16077.263223
"3065","1kmE3856N3133",11532.7134275
"3066","1kmE3856N3134",15508.769758
"3067","1kmE3856N3135",3734.4200515
"3068","1kmE3856N3136",4073.5090345
"3069","1kmE3856N3137",7525.8288135
"3070","1kmE3856N3138",9759.1693035
"3071","1kmE3856N3139",3212.6353365
"3072","1kmE3856N3140",6340.0976655
"3073","1kmE3856N3141",8733.8417985
"3074","1kmE3856N3142",8169.9104845
"3075","1kmE3856N3143",10385.4234955
"3076","1kmE3856N3144",12443.6999855
"3077","1kmE3856N3145",6477.1631255
"3078","1kmE3856N3146",10882.713698
"3079","1kmE3856N3147",10472.854818
"3080","1kmE3856N3148",6475.6636445
"3081","1kmE3856N3149",3134.49847
"3082","1kmE3856N3150",4798.389549
"3083","1kmE3856N3151",11002.477155
"3084","1kmE3856N3152",13534.124376
"3085","1kmE3856N3153",7962.678988
"3086","1kmE3856N3154",3672.750251
"3087","1kmE3856N3155",3259.4370295
"3088","1kmE3856N3156",5945.358197
"3089","1kmE3856N3157",14262.16445
"3090","1kmE3856N3158",18368.178944
"3091","1kmE3856N3159",21569.628602
"3092","1kmE3856N3160",14904.64131
"3093","1kmE3857N3091",10051.371704
"3094","1kmE3857N3092",8677.100104
"3095","1kmE3857N3093",8588.4695095
"3096","1kmE3857N3094",8544.958836
"3097","1kmE3857N3095",7415.038574
"3098","1kmE3857N3096",6796.4305985
"3099","1kmE3857N3097",7029.8289205
"3100","1kmE3857N3098",9323.478258
"3101","1kmE3857N3099",10574.921859
"3102","1kmE3857N3100",6996.4110965
"3103","1kmE3857N3101",7834.1452205
"3104","1kmE3857N3102",8089.9611395
"3105","1kmE3857N3103",9958.923117
"3106","1kmE3857N3104",11291.335103
"3107","1kmE3857N3105",9737.343493
"3108","1kmE3857N3106",8951.289333
"3109","1kmE3857N3107",12741.048875
"3110","1kmE3857N3108",13441.142154
"3111","1kmE3857N3109",13159.290721
"3112","1kmE3857N3110",6232.0244795
"3113","1kmE3857N3111",6978.493372
"3114","1kmE3857N3112",8343.5453745
"3115","1kmE3857N3113",4089.05208
"3116","1kmE3857N3114",7904.1030935
"3117","1kmE3857N3115",8981.082893
"3118","1kmE3857N3116",3503.1620125
"3119","1kmE3857N3117",6745.278967
"3120","1kmE3857N3118",6216.0804615
"3121","1kmE3857N3119",1134.3636905
"3122","1kmE3857N3120",3414.1557505
"3123","1kmE3857N3121",4843.1764075
"3124","1kmE3857N3122",3351.997291
"3125","1kmE3857N3123",3906.971762
"3126","1kmE3857N3124",2628.545789
"3127","1kmE3857N3125",4767.6050375
"3128","1kmE3857N3126",11024.197462
"3129","1kmE3857N3127",16519.472287
"3130","1kmE3857N3128",15581.8920505
"3131","1kmE3857N3129",6073.245368
"3132","1kmE3857N3130",9202.2084835
"3133","1kmE3857N3131",13496.8335315
"3134","1kmE3857N3132",15634.6103335
"3135","1kmE3857N3133",13971.270886
"3136","1kmE3857N3134",15340.746356
"3137","1kmE3857N3135",2233.1922595
"3138","1kmE3857N3136",2035.5953575
"3139","1kmE3857N3137",2226.6439645
"3140","1kmE3857N3138",2130.2190605
"3141","1kmE3857N3139",5640.572194
"3142","1kmE3857N3140",6984.8764905
"3143","1kmE3857N3141",3473.668488
"3144","1kmE3857N3142",4164.2129995
"3145","1kmE3857N3143",8392.3204475
"3146","1kmE3857N3144",8962.6414005
"3147","1kmE3857N3145",6595.588711
"3148","1kmE3857N3146",9147.3182375
"3149","1kmE3857N3147",10618.3538215
"3150","1kmE3857N3148",7309.893883
"3151","1kmE3857N3149",5382.932853
"3152","1kmE3857N3150",8205.146513
"3153","1kmE3857N3151",13241.5541265
"3154","1kmE3857N3152",15163.9851385
"3155","1kmE3857N3153",12322.536207
"3156","1kmE3857N3154",7096.0284935
"3157","1kmE3857N3155",9426.525112
"3158","1kmE3857N3156",8911.361958
"3159","1kmE3857N3157",10514.1742055
"3160","1kmE3857N3158",18439.6514095
"3161","1kmE3857N3159",22153.153335
"3162","1kmE3857N3160",17992.2921165
"3163","1kmE3858N3091",6927.743247
"3164","1kmE3858N3092",9010.3389815
"3165","1kmE3858N3093",7674.144962
"3166","1kmE3858N3094",9003.230914
"3167","1kmE3858N3095",5716.834366
"3168","1kmE3858N3096",6363.7341265
"3169","1kmE3858N3097",8525.2072845
"3170","1kmE3858N3098",8738.300826
"3171","1kmE3858N3099",7886.4294745
"3172","1kmE3858N3100",8063.840224
"3173","1kmE3858N3101",9230.9307355
"3174","1kmE3858N3102",8907.0386545
"3175","1kmE3858N3103",9587.509305
"3176","1kmE3858N3104",11852.7354045
"3177","1kmE3858N3105",12253.7526355
"3178","1kmE3858N3106",12145.9952355
"3179","1kmE3858N3107",13836.4485415
"3180","1kmE3858N3108",15760.7104535
"3181","1kmE3858N3109",15448.214215
"3182","1kmE3858N3110",12473.3623205
"3183","1kmE3858N3111",9047.0241255
"3184","1kmE3858N3112",7427.4744205
"3185","1kmE3858N3113",9050.716687
"3186","1kmE3858N3114",9249.22118
"3187","1kmE3858N3115",8907.370647
"3188","1kmE3858N3116",6535.2241275
"3189","1kmE3858N3117",6984.484973
"3190","1kmE3858N3118",6893.724606
"3191","1kmE3858N3119",7202.410009
"3192","1kmE3858N3120",7018.2758845
"3193","1kmE3858N3121",6959.3536695
"3194","1kmE3858N3122",4520.655256
"3195","1kmE3858N3123",5311.660623
"3196","1kmE3858N3124",7026.076789
"3197","1kmE3858N3125",8446.7186815
"3198","1kmE3858N3126",12620.5397225
"3199","1kmE3858N3127",16235.2147135
"3200","1kmE3858N3128",12221.2898315
"3201","1kmE3858N3129",12103.1117355
"3202","1kmE3858N3130",9418.738546
"3203","1kmE3858N3131",13123.9363635
"3204","1kmE3858N3132",13233.0050115
"3205","1kmE3858N3133",12311.359908
"3206","1kmE3858N3134",9884.567669
"3207","1kmE3858N3135",2014.174748
"3208","1kmE3858N3136",3577.140052
"3209","1kmE3858N3137",4778.8131185
"3210","1kmE3858N3138",2368.58631
"3211","1kmE3858N3139",4916.37046
"3212","1kmE3858N3140",5480.2573325
"3213","1kmE3858N3141",4545.5397745
"3214","1kmE3858N3142",6708.6728845
"3215","1kmE3858N3143",4877.401181
"3216","1kmE3858N3144",6733.4111225
"3217","1kmE3858N3145",8068.701369
"3218","1kmE3858N3146",5404.603261
"3219","1kmE3858N3147",11117.479745
"3220","1kmE3858N3148",3839.037338
"3221","1kmE3858N3149",6472.7962975
"3222","1kmE3858N3150",11066.1713825
"3223","1kmE3858N3151",12753.166119
"3224","1kmE3858N3152",12509.6093375
"3225","1kmE3858N3153",14225.8443275
"3226","1kmE3858N3154",11021.5448515
"3227","1kmE3858N3155",10961.5248965
"3228","1kmE3858N3156",8424.6603265
"3229","1kmE3858N3157",11846.1830135
"3230","1kmE3858N3158",16387.5106445
"3231","1kmE3858N3159",19625.0869565
"3232","1kmE3858N3160",18613.80773
"3233","1kmE3859N3092",12434.867669
"3234","1kmE3859N3093",14831.8226455
"3235","1kmE3859N3094",10995.106784
"3236","1kmE3859N3095",8102.710919
"3237","1kmE3859N3096",8263.486895
"3238","1kmE3859N3097",10117.9387985
"3239","1kmE3859N3098",9575.329859
"3240","1kmE3859N3099",8615.730545
"3241","1kmE3859N3100",8876.476412
"3242","1kmE3859N3101",8819.955151
"3243","1kmE3859N3102",7922.2150825
"3244","1kmE3859N3103",10499.945043
"3245","1kmE3859N3104",11825.3402405
"3246","1kmE3859N3105",11875.2909705
"3247","1kmE3859N3106",12620.327784
"3248","1kmE3859N3107",14165.133892
"3249","1kmE3859N3108",16953.415796
"3250","1kmE3859N3109",16731.051148
"3251","1kmE3859N3110",14689.028174
"3252","1kmE3859N3111",11805.5127085
"3253","1kmE3859N3112",9298.408331
"3254","1kmE3859N3113",8150.475302
"3255","1kmE3859N3114",11804.942577
"3256","1kmE3859N3115",11561.825243
"3257","1kmE3859N3116",8818.9461545
"3258","1kmE3859N3117",8462.241172
"3259","1kmE3859N3118",8543.766286
"3260","1kmE3859N3119",7522.028048
"3261","1kmE3859N3120",7263.6810085
"3262","1kmE3859N3121",4926.6641925
"3263","1kmE3859N3122",5063.8321985
"3264","1kmE3859N3123",8651.486241
"3265","1kmE3859N3124",4525.7603035
"3266","1kmE3859N3125",4812.7671025
"3267","1kmE3859N3126",11312.2476555
"3268","1kmE3859N3127",11686.6360025
"3269","1kmE3859N3128",8393.3079335
"3270","1kmE3859N3129",9574.394334
"3271","1kmE3859N3130",7840.788524
"3272","1kmE3859N3131",12631.286485
"3273","1kmE3859N3132",12399.1273405
"3274","1kmE3859N3133",7451.7932975
"3275","1kmE3859N3134",6409.842861
"3276","1kmE3859N3135",8497.0073135
"3277","1kmE3859N3136",7215.83178
"3278","1kmE3859N3137",6669.17074
"3279","1kmE3859N3138",8808.7378075
"3280","1kmE3859N3139",12876.2525715
"3281","1kmE3859N3140",10394.7837555
"3282","1kmE3859N3141",6357.9946195
"3283","1kmE3859N3142",7822.536655
"3284","1kmE3859N3143",7364.1806895
"3285","1kmE3859N3144",9287.083434
"3286","1kmE3859N3145",7280.615867
"3287","1kmE3859N3146",7677.52331
"3288","1kmE3859N3147",8865.844749
"3289","1kmE3859N3148",4432.44978
"3290","1kmE3859N3149",7697.488542
"3291","1kmE3859N3150",8583.3147255
"3292","1kmE3859N3151",10490.0799545
"3293","1kmE3859N3152",8995.431184
"3294","1kmE3859N3153",11576.8218205
"3295","1kmE3859N3154",10431.998244
"3296","1kmE3859N3155",9716.754752
"3297","1kmE3859N3156",9249.057522
"3298","1kmE3859N3157",12960.822996
"3299","1kmE3859N3158",15033.0675195
"3300","1kmE3859N3159",16290.388401
"3301","1kmE3859N3160",15207.915335
"3302","1kmE3859N3161",9510.796616
"3303","1kmE3860N3092",10260.7141805
"3304","1kmE3860N3093",13978.0652395
"3305","1kmE3860N3094",13745.266996
"3306","1kmE3860N3095",8393.0564285
"3307","1kmE3860N3096",9223.0346915
"3308","1kmE3860N3097",11140.310275
"3309","1kmE3860N3098",13480.150464
"3310","1kmE3860N3099",11235.46567
"3311","1kmE3860N3100",9482.1139155
"3312","1kmE3860N3101",11087.1822635
"3313","1kmE3860N3102",9514.247105
"3314","1kmE3860N3103",12959.6971645
"3315","1kmE3860N3104",17196.495333
"3316","1kmE3860N3105",15991.8405865
"3317","1kmE3860N3106",13760.9843435
"3318","1kmE3860N3107",14724.311452
"3319","1kmE3860N3108",14083.9976125
"3320","1kmE3860N3109",14047.53942
"3321","1kmE3860N3110",13285.0553735
"3322","1kmE3860N3111",13329.075715
"3323","1kmE3860N3112",10634.489299
"3324","1kmE3860N3113",9728.274438
"3325","1kmE3860N3114",10543.8580585
"3326","1kmE3860N3115",11100.8858525
"3327","1kmE3860N3116",8877.2963475
"3328","1kmE3860N3117",8884.8396035
"3329","1kmE3860N3118",7353.2272285
"3330","1kmE3860N3119",7503.277311
"3331","1kmE3860N3120",6562.515266
"3332","1kmE3860N3121",4711.2660825
"3333","1kmE3860N3122",382.506487
"3334","1kmE3860N3123",1916.3630975
"3335","1kmE3860N3124",3740.539358
"3336","1kmE3860N3125",8119.267059
"3337","1kmE3860N3126",8482.159677
"3338","1kmE3860N3127",5298.2801555
"3339","1kmE3860N3128",7179.0175955
"3340","1kmE3860N3129",8893.6032055
"3341","1kmE3860N3130",10505.020582
"3342","1kmE3860N3131",11225.228386
"3343","1kmE3860N3132",9636.428251
"3344","1kmE3860N3133",5253.0741635
"3345","1kmE3860N3134",9535.328343
"3346","1kmE3860N3135",10635.619755
"3347","1kmE3860N3136",7812.5717525
"3348","1kmE3860N3137",6784.7819435
"3349","1kmE3860N3138",12179.3564475
"3350","1kmE3860N3139",14440.8041225
"3351","1kmE3860N3140",10522.4379695
"3352","1kmE3860N3141",6363.3063015
"3353","1kmE3860N3142",6950.78547
"3354","1kmE3860N3143",5292.8727915
"3355","1kmE3860N3144",5582.2148
"3356","1kmE3860N3145",4482.7497065
"3357","1kmE3860N3146",9444.194089
"3358","1kmE3860N3147",11701.075799
"3359","1kmE3860N3148",8160.4569445
"3360","1kmE3860N3149",8763.2993125
"3361","1kmE3860N3150",9127.1763905
"3362","1kmE3860N3156",9370.3766805
"3363","1kmE3860N3157",13494.3428415
"3364","1kmE3860N3158",14918.480695
"3365","1kmE3860N3159",14397.945183
"3366","1kmE3860N3160",15634.879814
"3367","1kmE3861N3092",10850.478239
"3368","1kmE3861N3093",13358.95643
"3369","1kmE3861N3094",13762.9193045
"3370","1kmE3861N3095",11861.3476475
"3371","1kmE3861N3096",10599.603803
"3372","1kmE3861N3097",9207.269022
"3373","1kmE3861N3098",13266.892308
"3374","1kmE3861N3099",13195.951305
"3375","1kmE3861N3100",11117.9319705
"3376","1kmE3861N3101",9009.053849
"3377","1kmE3861N3102",8707.9766135
"3378","1kmE3861N3103",12161.0434605
"3379","1kmE3861N3104",15263.159642
"3380","1kmE3861N3105",15799.2154655
"3381","1kmE3861N3106",13670.5366275
"3382","1kmE3861N3107",12768.97037
"3383","1kmE3861N3108",11024.978044
"3384","1kmE3861N3109",11913.657671
"3385","1kmE3861N3110",12379.1170585
"3386","1kmE3861N3111",12663.8402645
"3387","1kmE3861N3112",10798.809456
"3388","1kmE3861N3113",9676.457729
"3389","1kmE3861N3114",7485.6093375
"3390","1kmE3861N3115",9669.873957
"3391","1kmE3861N3116",14405.3862545
"3392","1kmE3861N3117",15225.291672
"3393","1kmE3861N3118",10095.1241435
"3394","1kmE3861N3119",7482.9782305
"3395","1kmE3861N3120",6838.63775
"3396","1kmE3861N3121",4900.6721235
"3397","1kmE3861N3122",6332.869805
"3398","1kmE3861N3123",9469.9440415
"3399","1kmE3861N3124",11017.1674205
"3400","1kmE3861N3125",9719.1738835
"3401","1kmE3861N3126",10270.5319695
"3402","1kmE3861N3127",7853.8599415
"3403","1kmE3861N3128",2770.2584465
"3404","1kmE3861N3129",12597.9276745
"3405","1kmE3861N3130",12729.25792
"3406","1kmE3861N3131",9794.1858085
"3407","1kmE3861N3132",6502.860691
"3408","1kmE3861N3133",4328.1790075
"3409","1kmE3861N3134",5239.606594
"3410","1kmE3861N3135",7220.2016765
"3411","1kmE3861N3136",10163.2879185
"3412","1kmE3861N3137",12369.30234
"3413","1kmE3861N3138",13519.3206595
"3414","1kmE3861N3139",12245.892054
"3415","1kmE3861N3140",8358.650163
"3416","1kmE3861N3141",9732.771752
"3417","1kmE3861N3142",8148.870526
"3418","1kmE3861N3143",7385.267597
"3419","1kmE3861N3144",4991.4802555
"3420","1kmE3861N3145",5094.248518
"3421","1kmE3861N3146",9151.1542545
"3422","1kmE3861N3147",13804.6230835
"3423","1kmE3861N3148",11538.4958035
"3424","1kmE3862N3092",13932.177286
"3425","1kmE3862N3093",13459.263039
"3426","1kmE3862N3094",14388.281443
"3427","1kmE3862N3095",10488.2735195
"3428","1kmE3862N3096",11668.745779
"3429","1kmE3862N3097",4632.713217
"3430","1kmE3862N3098",12637.6978225
"3431","1kmE3862N3099",11858.8708695
"3432","1kmE3862N3100",11011.00002
"3433","1kmE3862N3101",15045.8699185
"3434","1kmE3862N3102",11869.034442
"3435","1kmE3862N3103",9955.326807
"3436","1kmE3862N3104",13787.355941
"3437","1kmE3862N3105",13790.198043
"3438","1kmE3862N3106",14284.7007395
"3439","1kmE3862N3107",14940.223319
"3440","1kmE3862N3108",12594.7541045
"3441","1kmE3862N3109",13502.687192
"3442","1kmE3862N3110",14743.216728
"3443","1kmE3862N3111",11866.1893565
"3444","1kmE3862N3112",12260.748988
"3445","1kmE3862N3113",10867.376526
"3446","1kmE3862N3114",13771.234033
"3447","1kmE3862N3115",12569.285819
"3448","1kmE3862N3116",12784.3108915
"3449","1kmE3862N3117",14668.0114605
"3450","1kmE3862N3118",11589.338558
"3451","1kmE3862N3119",9268.606148
"3452","1kmE3862N3120",5917.1479715
"3453","1kmE3862N3121",4303.310023
"3454","1kmE3862N3122",7936.268927
"3455","1kmE3862N3123",14435.5073665
"3456","1kmE3862N3124",13976.095316
"3457","1kmE3862N3125",9677.349748
"3458","1kmE3862N3126",7053.2953675
"3459","1kmE3862N3127",4995.2252775
"3460","1kmE3862N3128",8211.597267
"3461","1kmE3862N3129",12983.7255175
"3462","1kmE3862N3130",11203.009467
"3463","1kmE3862N3131",11245.5985415
"3464","1kmE3862N3132",10167.0418195
"3465","1kmE3862N3133",9022.7378435
"3466","1kmE3862N3134",9665.462505
"3467","1kmE3862N3135",12060.041862
"3468","1kmE3862N3136",15051.6611765
"3469","1kmE3862N3137",12409.7896825
"3470","1kmE3862N3138",8314.8714995
"3471","1kmE3862N3139",6645.8698925
"3472","1kmE3862N3140",11624.6420015
"3473","1kmE3862N3141",12797.218659
"3474","1kmE3862N3142",9094.096047
"3475","1kmE3862N3143",7552.177535
"3476","1kmE3862N3144",5837.4047105
"3477","1kmE3862N3145",7662.664405
"3478","1kmE3862N3146",7991.8696695
"3479","1kmE3862N3147",13611.9789585
"3480","1kmE3862N3148",13099.130954
"3481","1kmE3863N3092",13288.3897095
"3482","1kmE3863N3093",13236.234864
"3483","1kmE3863N3094",10625.3002505
"3484","1kmE3863N3095",13139.883143
"3485","1kmE3863N3096",14751.030261
"3486","1kmE3863N3097",8716.1979305
"3487","1kmE3863N3098",9386.8756575
"3488","1kmE3863N3099",12082.255506
"3489","1kmE3863N3100",11800.8977075
"3490","1kmE3863N3101",15260.507596
"3491","1kmE3863N3102",11688.829673
"3492","1kmE3863N3103",10128.65246
"3493","1kmE3863N3104",9295.7336285
"3494","1kmE3863N3105",9649.699438
"3495","1kmE3863N3106",12863.125717
"3496","1kmE3863N3107",13167.194127
"3497","1kmE3863N3108",12243.795599
"3498","1kmE3863N3109",11205.7411645
"3499","1kmE3863N3110",12490.6455345
"3500","1kmE3863N3111",12165.224234
"3501","1kmE3863N3112",13618.5841075
"3502","1kmE3863N3113",9901.3195285
"3503","1kmE3863N3114",15973.741635
"3504","1kmE3863N3115",12373.248169
"3505","1kmE3863N3116",14162.808806
"3506","1kmE3863N3117",12352.6943605
"3507","1kmE3863N3118",13436.473561
"3508","1kmE3863N3119",13775.6384675
"3509","1kmE3863N3120",8517.5904395
"3510","1kmE3863N3121",5943.5995985
"3511","1kmE3863N3122",1312.7874545
"3512","1kmE3863N3123",8016.8582005
"3513","1kmE3863N3124",10697.3550335
"3514","1kmE3863N3125",9747.830844
"3515","1kmE3863N3126",9473.565723
"3516","1kmE3863N3127",11434.7052685
"3517","1kmE3863N3128",10481.780202
"3518","1kmE3863N3129",12719.2535205
"3519","1kmE3863N3130",10131.5837405
"3520","1kmE3863N3131",11338.883614
"3521","1kmE3863N3132",13861.559839
"3522","1kmE3863N3133",12099.8606015
"3523","1kmE3863N3134",12949.935092
"3524","1kmE3863N3135",14279.5796585
"3525","1kmE3863N3136",15151.582622
"3526","1kmE3863N3137",13893.156943
"3527","1kmE3863N3138",8182.461209
"3528","1kmE3863N3139",4740.1678035
"3529","1kmE3863N3140",5816.544233
"3530","1kmE3863N3141",10572.3244905
"3531","1kmE3863N3142",9577.0973425
"3532","1kmE3863N3143",4300.770745
"3533","1kmE3863N3144",10925.0076965
"3534","1kmE3863N3145",13834.0450625
"3535","1kmE3863N3146",10305.021316
"3536","1kmE3864N3092",12030.2867705
"3537","1kmE3864N3093",14570.573686
"3538","1kmE3864N3094",12530.3386325
"3539","1kmE3864N3095",17673.5711615
"3540","1kmE3864N3096",14719.278268
"3541","1kmE3864N3097",11729.9355875
"3542","1kmE3864N3098",8790.849004
"3543","1kmE3864N3099",10624.3825235
"3544","1kmE3864N3100",14155.2245595
"3545","1kmE3864N3101",14518.890647
"3546","1kmE3864N3102",11798.8393755
"3547","1kmE3864N3103",9713.1594615
"3548","1kmE3864N3104",7406.8532775
"3549","1kmE3864N3105",8810.3013495
"3550","1kmE3864N3106",15155.365989
"3551","1kmE3864N3107",10223.8500765
"3552","1kmE3864N3108",9140.7701895
"3553","1kmE3864N3109",5791.1578545
"3554","1kmE3864N3110",7689.472053
"3555","1kmE3864N3111",8568.6175835
"3556","1kmE3864N3112",5612.0012895
"3557","1kmE3864N3113",9114.109974
"3558","1kmE3864N3114",11720.205659
"3559","1kmE3864N3115",5014.6098705
"3560","1kmE3864N3116",9459.7425785
"3561","1kmE3864N3117",11142.0618575
"3562","1kmE3864N3118",15863.9360415
"3563","1kmE3864N3119",13274.0170375
"3564","1kmE3864N3120",8720.0732965
"3565","1kmE3864N3121",8133.9109645
"3566","1kmE3864N3122",9450.433205
"3567","1kmE3864N3123",9737.7179525
"3568","1kmE3864N3124",13116.3977345
"3569","1kmE3864N3125",8341.1914975
"3570","1kmE3864N3126",14274.8447895
"3571","1kmE3864N3127",15823.7247245
"3572","1kmE3864N3128",14488.057434
"3573","1kmE3864N3129",13192.2354795
"3574","1kmE3864N3130",15115.2197205
"3575","1kmE3864N3131",12682.4612025
"3576","1kmE3864N3132",12199.032695
"3577","1kmE3864N3133",11526.459323
"3578","1kmE3864N3134",14460.4844265
"3579","1kmE3864N3135",14713.334183
"3580","1kmE3864N3136",16126.722904
"3581","1kmE3864N3137",14054.0069135
"3582","1kmE3864N3138",9059.7730465
"3583","1kmE3864N3139",4835.311072
"3584","1kmE3864N3140",2140.039932
"3585","1kmE3864N3141",8252.2087885
"3586","1kmE3864N3142",8032.175523
"3587","1kmE3864N3143",4588.200124
"3588","1kmE3864N3144",9418.620476
"3589","1kmE3864N3145",12233.8862775
"3590","1kmE3864N3146",12091.1846795
"3591","1kmE3865N3089",6000.1553865
"3592","1kmE3865N3091",8077.3307455
"3593","1kmE3865N3092",12391.4990735
"3594","1kmE3865N3093",14602.859116
"3595","1kmE3865N3094",13428.4044495
"3596","1kmE3865N3095",14483.539782
"3597","1kmE3865N3096",13843.295352
"3598","1kmE3865N3097",13471.517787
"3599","1kmE3865N3098",12220.9177715
"3600","1kmE3865N3099",9733.8069515
"3601","1kmE3865N3100",12135.074161
"3602","1kmE3865N3101",10691.506083
"3603","1kmE3865N3102",8705.44747
"3604","1kmE3865N3103",7432.323164
"3605","1kmE3865N3104",10108.500899
"3606","1kmE3865N3105",8696.0990865
"3607","1kmE3865N3106",14287.7846685
"3608","1kmE3865N3107",10995.8066945
"3609","1kmE3865N3108",11564.5962105
"3610","1kmE3865N3109",9330.026399
"3611","1kmE3865N3110",8092.5843675
"3612","1kmE3865N3111",9176.127393
"3613","1kmE3865N3112",7942.793221
"3614","1kmE3865N3113",12045.05797
"3615","1kmE3865N3114",9107.201118
"3616","1kmE3865N3115",10093.2202655
"3617","1kmE3865N3116",13513.861747
"3618","1kmE3865N3117",13468.1096205
"3619","1kmE3865N3118",19456.960416
"3620","1kmE3865N3119",11525.6345415
"3621","1kmE3865N3120",7176.905124
"3622","1kmE3865N3121",8207.773609
"3623","1kmE3865N3122",10839.1038285
"3624","1kmE3865N3123",4630.790795
"3625","1kmE3865N3124",10874.590959
"3626","1kmE3865N3125",9534.817034
"3627","1kmE3865N3126",14829.419265
"3628","1kmE3865N3127",15011.9464965
"3629","1kmE3865N3128",14423.107556
"3630","1kmE3865N3129",13667.4406465
"3631","1kmE3865N3130",16687.2350545
"3632","1kmE3865N3131",14381.603815
"3633","1kmE3865N3132",8628.0204125
"3634","1kmE3865N3133",8959.089315
"3635","1kmE3865N3134",12574.107633
"3636","1kmE3865N3135",12781.3772195
"3637","1kmE3865N3136",12167.011978
"3638","1kmE3865N3137",7889.878861
"3639","1kmE3865N3138",2821.460331
"3640","1kmE3865N3139",7240.8920565
"3641","1kmE3865N3140",8942.622405
"3642","1kmE3865N3141",11191.6773555
"3643","1kmE3865N3142",7110.9611325
"3644","1kmE3865N3143",1600.2012035
"3645","1kmE3865N3144",4242.1445055
"3646","1kmE3865N3145",11098.456077
"3647","1kmE3865N3146",10712.1819455
"3648","1kmE3866N3089",9676.719631
"3649","1kmE3866N3090",11503.9688225
"3650","1kmE3866N3091",11244.272199
"3651","1kmE3866N3092",11740.40512
"3652","1kmE3866N3093",13442.112002
"3653","1kmE3866N3094",11534.289011
"3654","1kmE3866N3095",11291.1793595
"3655","1kmE3866N3096",10001.5187745
"3656","1kmE3866N3097",14362.163991
"3657","1kmE3866N3098",15687.251456
"3658","1kmE3866N3099",11890.170149
"3659","1kmE3866N3100",11612.607403
"3660","1kmE3866N3101",6751.5181975
"3661","1kmE3866N3102",4395.9945405
"3662","1kmE3866N3103",8376.2583005
"3663","1kmE3866N3104",10856.7795465
"3664","1kmE3866N3105",9406.136138
"3665","1kmE3866N3106",8130.424363
"3666","1kmE3866N3107",10923.005224
"3667","1kmE3866N3108",12890.419639
"3668","1kmE3866N3109",11448.557279
"3669","1kmE3866N3110",9617.993053
"3670","1kmE3866N3111",10701.195075
"3671","1kmE3866N3112",11037.291073
"3672","1kmE3866N3113",14465.5022015
"3673","1kmE3866N3114",8223.747789
"3674","1kmE3866N3115",11576.865465
"3675","1kmE3866N3116",16723.9497535
"3676","1kmE3866N3117",16231.8576575
"3677","1kmE3866N3118",15950.551928
"3678","1kmE3866N3119",9834.309684
"3679","1kmE3866N3120",8767.059706
"3680","1kmE3866N3121",3342.3181195
"3681","1kmE3866N3122",8826.134255
"3682","1kmE3866N3123",6890.3483335
"3683","1kmE3866N3124",6033.178169
"3684","1kmE3866N3125",12485.5503565
"3685","1kmE3866N3126",14714.0702285
"3686","1kmE3866N3127",16869.8991335
"3687","1kmE3866N3128",13922.2147855
"3688","1kmE3866N3129",13427.0713615
"3689","1kmE3866N3130",14816.925685
"3690","1kmE3866N3131",11956.9283685
"3691","1kmE3866N3132",9948.6313345
"3692","1kmE3866N3133",5906.303851
"3693","1kmE3866N3134",10838.456212
"3694","1kmE3866N3135",8125.346895
"3695","1kmE3866N3136",8743.5785305
"3696","1kmE3866N3137",10694.631885
"3697","1kmE3866N3138",3486.4201135
"3698","1kmE3866N3139",5662.533237
"3699","1kmE3866N3140",5085.430714
"3700","1kmE3866N3141",10718.1514165
"3701","1kmE3866N3142",2968.530539
"3702","1kmE3866N3143",7540.24403
"3703","1kmE3866N3144",9805.909631
"3704","1kmE3866N3145",12118.8271195
"3705","1kmE3866N3146",10717.1648655
"3706","1kmE3867N3088",8568.016521
"3707","1kmE3867N3089",11242.5575665
"3708","1kmE3867N3090",11635.3841815
"3709","1kmE3867N3091",15412.1918295
"3710","1kmE3867N3092",16680.0144565
"3711","1kmE3867N3093",14816.085431
"3712","1kmE3867N3094",11542.490642
"3713","1kmE3867N3095",14298.898695
"3714","1kmE3867N3096",8875.517967
"3715","1kmE3867N3097",11424.525567
"3716","1kmE3867N3098",16151.3046445
"3717","1kmE3867N3099",13522.369744
"3718","1kmE3867N3100",9875.9066725
"3719","1kmE3867N3101",7181.4201615
"3720","1kmE3867N3102",8878.20654
"3721","1kmE3867N3103",8642.831895
"3722","1kmE3867N3104",8082.83033
"3723","1kmE3867N3105",9953.1699475
"3724","1kmE3867N3106",10490.1265425
"3725","1kmE3867N3107",7760.3460535
"3726","1kmE3867N3108",11020.681774
"3727","1kmE3867N3109",10615.7306245
"3728","1kmE3867N3110",11088.05634
"3729","1kmE3867N3111",9349.8228205
"3730","1kmE3867N3112",11107.4269965
"3731","1kmE3867N3113",16333.395627
"3732","1kmE3867N3114",13688.532151
"3733","1kmE3867N3115",13250.6051445
"3734","1kmE3867N3116",14686.4874805
"3735","1kmE3867N3117",14088.1022595
"3736","1kmE3867N3118",15605.656172
"3737","1kmE3867N3119",9369.0801355
"3738","1kmE3867N3120",7598.4283175
"3739","1kmE3867N3121",2890.5605165
"3740","1kmE3867N3122",9171.8540085
"3741","1kmE3867N3123",10916.503963
"3742","1kmE3867N3124",4173.2206305
"3743","1kmE3867N3125",7774.668098
"3744","1kmE3867N3126",13376.007534
"3745","1kmE3867N3127",14263.419446
"3746","1kmE3867N3128",13662.2151345
"3747","1kmE3867N3129",13170.51187
"3748","1kmE3867N3130",12503.3071235
"3749","1kmE3867N3131",11552.0398375
"3750","1kmE3867N3132",8542.632042
"3751","1kmE3867N3133",8797.3268565
"3752","1kmE3867N3134",12049.570326
"3753","1kmE3867N3135",8503.8719155
"3754","1kmE3867N3136",2637.8525535
"3755","1kmE3867N3137",2244.141231
"3756","1kmE3867N3138",1740.6909455
"3757","1kmE3867N3139",3152.586141
"3758","1kmE3867N3140",6178.5406525
"3759","1kmE3867N3141",10460.6561225
"3760","1kmE3867N3142",7569.9785465
"3761","1kmE3867N3143",11675.774443
"3762","1kmE3867N3144",11156.785598
"3763","1kmE3867N3145",13294.4314665
"3764","1kmE3867N3146",11473.740187
"3765","1kmE3868N3088",8561.257884
"3766","1kmE3868N3089",6935.911116
"3767","1kmE3868N3090",13184.702432
"3768","1kmE3868N3091",15291.7225245
"3769","1kmE3868N3092",16614.9798095
"3770","1kmE3868N3093",14824.3338735
"3771","1kmE3868N3094",14203.339635
"3772","1kmE3868N3095",17003.2141595
"3773","1kmE3868N3096",12843.654835
"3774","1kmE3868N3097",13396.767316
"3775","1kmE3868N3098",18162.9176015
"3776","1kmE3868N3099",16623.312323
"3777","1kmE3868N3100",13835.87738
"3778","1kmE3868N3101",13262.3629955
"3779","1kmE3868N3102",14579.3717205
"3780","1kmE3868N3103",6501.0620585
"3781","1kmE3868N3104",8803.1206265
"3782","1kmE3868N3105",12506.1671875
"3783","1kmE3868N3106",14413.305169
"3784","1kmE3868N3107",7879.260241
"3785","1kmE3868N3108",7553.4223165
"3786","1kmE3868N3109",10925.1856495
"3787","1kmE3868N3110",14030.7373205
"3788","1kmE3868N3111",9133.9517135
"3789","1kmE3868N3112",11165.267792
"3790","1kmE3868N3113",12746.733783
"3791","1kmE3868N3114",11564.989345
"3792","1kmE3868N3115",15176.0750805
"3793","1kmE3868N3116",16670.721891
"3794","1kmE3868N3117",12891.324192
"3795","1kmE3868N3118",15105.001221
"3796","1kmE3868N3119",9760.9156045
"3797","1kmE3868N3120",10707.362177
"3798","1kmE3868N3121",9978.4029405
"3799","1kmE3868N3122",9899.8021555
"3800","1kmE3868N3123",3157.9563945
"3801","1kmE3868N3124",6828.941464
"3802","1kmE3868N3125",8997.4078515
"3803","1kmE3868N3126",9159.802971
"3804","1kmE3868N3127",12883.039345
"3805","1kmE3868N3128",12546.332988
"3806","1kmE3868N3129",11611.081147
"3807","1kmE3868N3130",6291.9251625
"3808","1kmE3868N3131",7330.546598
"3809","1kmE3868N3132",8849.1806305
"3810","1kmE3868N3133",7703.6301315
"3811","1kmE3868N3134",12302.6687885
"3812","1kmE3868N3135",5745.857489
"3813","1kmE3868N3136",4670.2508055
"3814","1kmE3868N3137",6002.9834915
"3815","1kmE3868N3138",5878.6406335
"3816","1kmE3868N3139",7135.9293305
"3817","1kmE3868N3140",8764.5872965
"3818","1kmE3868N3141",12343.3553475
"3819","1kmE3868N3142",7182.1150015
"3820","1kmE3868N3143",9559.7001955
"3821","1kmE3868N3144",6129.8084805
"3822","1kmE3868N3145",9299.1143355
"3823","1kmE3868N3146",9969.8151595
"3824","1kmE3869N3088",9239.446194
"3825","1kmE3869N3089",11355.0242525
"3826","1kmE3869N3090",9498.483096
"3827","1kmE3869N3091",12059.832683
"3828","1kmE3869N3092",12974.963765
"3829","1kmE3869N3093",12374.2638105
"3830","1kmE3869N3094",13960.611534
"3831","1kmE3869N3095",15581.577069
"3832","1kmE3869N3096",14755.363498
"3833","1kmE3869N3097",15834.6896615
"3834","1kmE3869N3098",18503.711437
"3835","1kmE3869N3099",16665.525776
"3836","1kmE3869N3100",17322.105805
"3837","1kmE3869N3101",16391.4074355
"3838","1kmE3869N3102",11594.234181
"3839","1kmE3869N3103",6607.1707715
"3840","1kmE3869N3104",7637.291121
"3841","1kmE3869N3105",10219.1897795
"3842","1kmE3869N3106",13245.434279
"3843","1kmE3869N3107",8648.2647345
"3844","1kmE3869N3108",9163.0285425
"3845","1kmE3869N3109",14967.8540815
"3846","1kmE3869N3110",16420.2017315
"3847","1kmE3869N3111",13227.6682715
"3848","1kmE3869N3112",15202.492866
"3849","1kmE3869N3113",10629.5858095
"3850","1kmE3869N3114",9613.325734
"3851","1kmE3869N3115",15002.5195545
"3852","1kmE3869N3116",16993.636093
"3853","1kmE3869N3117",15487.089696
"3854","1kmE3869N3118",14354.935645
"3855","1kmE3869N3119",8981.7190505
"3856","1kmE3869N3120",11106.185153
"3857","1kmE3869N3121",13011.115411
"3858","1kmE3869N3122",12725.3868915
"3859","1kmE3869N3123",6662.2960925
"3860","1kmE3869N3124",12056.38054
"3861","1kmE3869N3125",12351.8415475
"3862","1kmE3869N3126",12376.8776155
"3863","1kmE3869N3127",9179.4031765
"3864","1kmE3869N3128",13115.463412
"3865","1kmE3869N3129",12882.604173
"3866","1kmE3869N3130",3001.16439
"3867","1kmE3869N3131",3330.5435015
"3868","1kmE3869N3132",8330.2561055
"3869","1kmE3869N3133",6339.4182315
"3870","1kmE3869N3134",7948.364576
"3871","1kmE3869N3135",8236.732789
"3872","1kmE3869N3136",7119.5901425
"3873","1kmE3869N3137",8203.775634
"3874","1kmE3869N3138",13598.34001
"3875","1kmE3869N3139",14619.256605
"3876","1kmE3869N3140",12060.758671
"3877","1kmE3869N3141",8207.4416375
"3878","1kmE3869N3142",9338.2957455
"3879","1kmE3869N3143",4147.806046
"3880","1kmE3869N3144",922.8504945
"3881","1kmE3869N3145",7396.177591
"3882","1kmE3869N3146",11383.0117925
"3883","1kmE3869N3147",10100.6760185
"3884","1kmE3869N3148",11626.416977
"3885","1kmE3869N3149",10375.8348265
"3886","1kmE3869N3150",11084.9105115
"3887","1kmE3870N3087",3120.396674
"3888","1kmE3870N3088",6626.5414785
"3889","1kmE3870N3089",8973.044441
"3890","1kmE3870N3090",10613.962484
"3891","1kmE3870N3091",17302.197305
"3892","1kmE3870N3092",16486.57208
"3893","1kmE3870N3093",10146.4963495
"3894","1kmE3870N3094",8378.599365
"3895","1kmE3870N3095",11642.274377
"3896","1kmE3870N3096",14667.4636565
"3897","1kmE3870N3097",14950.0683215
"3898","1kmE3870N3098",15028.883796
"3899","1kmE3870N3099",16615.3126035
"3900","1kmE3870N3100",18911.1448035
"3901","1kmE3870N3101",17954.920638
"3902","1kmE3870N3102",11441.2476355
"3903","1kmE3870N3103",8501.887569
"3904","1kmE3870N3104",6912.6832175
"3905","1kmE3870N3105",7290.9025765
"3906","1kmE3870N3106",10361.2618585
"3907","1kmE3870N3107",10227.3555385
"3908","1kmE3870N3108",8241.559947
"3909","1kmE3870N3109",12265.1310095
"3910","1kmE3870N3110",13987.8559095
"3911","1kmE3870N3111",17068.410651
"3912","1kmE3870N3112",16957.296767
"3913","1kmE3870N3113",14124.045678
"3914","1kmE3870N3114",14006.1286485
"3915","1kmE3870N3115",14153.1579995
"3916","1kmE3870N3116",15519.2123005
"3917","1kmE3870N3117",16284.537753
"3918","1kmE3870N3118",15481.1206435
"3919","1kmE3870N3119",11795.8873115
"3920","1kmE3870N3120",7965.4153125
"3921","1kmE3870N3121",3503.056072
"3922","1kmE3870N3122",3582.133764
"3923","1kmE3870N3123",11439.9553125
"3924","1kmE3870N3124",14008.8644185
"3925","1kmE3870N3125",14934.9420195
"3926","1kmE3870N3126",11992.6573695
"3927","1kmE3870N3127",12579.9207225
"3928","1kmE3870N3128",14253.2149255
"3929","1kmE3870N3129",15468.645589
"3930","1kmE3870N3130",9836.966106
"3931","1kmE3870N3131",8242.154391
"3932","1kmE3870N3132",5911.013551
"3933","1kmE3870N3133",8119.386143
"3934","1kmE3870N3134",10608.483645
"3935","1kmE3870N3135",12039.770782
"3936","1kmE3870N3136",14722.34764
"3937","1kmE3870N3137",11930.090119
"3938","1kmE3870N3138",9607.777364
"3939","1kmE3870N3139",8222.458738
"3940","1kmE3870N3140",9093.2448175
"3941","1kmE3870N3141",7219.084873
"3942","1kmE3870N3142",10910.501815
"3943","1kmE3870N3143",6340.570937
"3944","1kmE3870N3144",3825.186501
"3945","1kmE3870N3145",7761.006308
"3946","1kmE3870N3146",12444.519962
"3947","1kmE3870N3147",11897.077607
"3948","1kmE3870N3148",12958.28443
"3949","1kmE3870N3149",6637.079184
"3950","1kmE3870N3150",8394.5075335
"3951","1kmE3871N3087",12671.5310315
"3952","1kmE3871N3088",14686.7797445
"3953","1kmE3871N3089",13068.1609245
"3954","1kmE3871N3090",11601.8927645
"3955","1kmE3871N3091",15014.5424285
"3956","1kmE3871N3092",15543.896491
"3957","1kmE3871N3093",12922.0022895
"3958","1kmE3871N3094",10649.9876525
"3959","1kmE3871N3095",6541.870078
"3960","1kmE3871N3096",9788.161623
"3961","1kmE3871N3097",10857.986189
"3962","1kmE3871N3098",12701.4888165
"3963","1kmE3871N3099",16806.0581195
"3964","1kmE3871N3100",17489.6012245
"3965","1kmE3871N3101",17177.9264535
"3966","1kmE3871N3102",14943.1967195
"3967","1kmE3871N3103",11128.8381295
"3968","1kmE3871N3104",9575.5588135
"3969","1kmE3871N3105",9365.575773
"3970","1kmE3871N3106",13658.659753
"3971","1kmE3871N3107",15010.1552695
"3972","1kmE3871N3108",8134.925285
"3973","1kmE3871N3109",10278.6689155
"3974","1kmE3871N3110",12991.4268515
"3975","1kmE3871N3111",14521.0116655
"3976","1kmE3871N3112",14616.5564185
"3977","1kmE3871N3113",14218.2375065
"3978","1kmE3871N3114",13128.938881
"3979","1kmE3871N3115",14811.1793585
"3980","1kmE3871N3116",15503.7172255
"3981","1kmE3871N3117",14053.07789
"3982","1kmE3871N3118",13364.078905
"3983","1kmE3871N3119",13273.8174245
"3984","1kmE3871N3120",10502.1701325
"3985","1kmE3871N3121",7440.0615255
"3986","1kmE3871N3122",3680.389059
"3987","1kmE3871N3123",6963.815574
"3988","1kmE3871N3124",12644.5737525
"3989","1kmE3871N3125",14235.2591615
"3990","1kmE3871N3126",14097.2442225
"3991","1kmE3871N3127",8971.107326
"3992","1kmE3871N3128",13732.1518325
"3993","1kmE3871N3129",14071.9092585
"3994","1kmE3871N3130",7031.714173
"3995","1kmE3871N3131",8578.3791825
"3996","1kmE3871N3132",9099.667088
"3997","1kmE3871N3133",6128.902861
"3998","1kmE3871N3134",9021.8285335
"3999","1kmE3871N3135",13747.189691
"4000","1kmE3871N3136",15430.085409
"4001","1kmE3871N3137",15652.9797765
"4002","1kmE3871N3138",11486.3680155
"4003","1kmE3871N3139",10666.496484
"4004","1kmE3871N3140",2492.598461
"4005","1kmE3871N3141",7782.0804605
"4006","1kmE3871N3142",8729.010454
"4007","1kmE3871N3143",3619.239818
"4008","1kmE3871N3144",2138.801455
"4009","1kmE3871N3145",6737.9037185
"4010","1kmE3871N3146",11831.848717
"4011","1kmE3871N3147",14625.0417045
"4012","1kmE3871N3148",13533.042489
"4013","1kmE3871N3149",7187.4810955
"4014","1kmE3871N3150",10378.2229825
"4015","1kmE3871N3151",10461.986386
"4016","1kmE3872N3087",11842.5704345
"4017","1kmE3872N3088",18636.9037235
"4018","1kmE3872N3089",19067.22355
"4019","1kmE3872N3090",14753.488018
"4020","1kmE3872N3091",15994.8947135
"4021","1kmE3872N3092",15157.155708
"4022","1kmE3872N3093",13832.1814595
"4023","1kmE3872N3094",10400.260157
"4024","1kmE3872N3095",6975.0247445
"4025","1kmE3872N3096",8601.4851195
"4026","1kmE3872N3097",10886.991999
"4027","1kmE3872N3098",16337.705213
"4028","1kmE3872N3099",16473.242944
"4029","1kmE3872N3100",15916.0381725
"4030","1kmE3872N3101",16309.446322
"4031","1kmE3872N3102",16872.1723775
"4032","1kmE3872N3103",17827.2842665
"4033","1kmE3872N3104",15552.584139
"4034","1kmE3872N3105",13391.661574
"4035","1kmE3872N3106",12260.7560245
"4036","1kmE3872N3107",13113.221871
"4037","1kmE3872N3108",8813.3866795
"4038","1kmE3872N3109",12676.0690115
"4039","1kmE3872N3110",15577.1310585
"4040","1kmE3872N3111",14006.3032655
"4041","1kmE3872N3112",14404.3970575
"4042","1kmE3872N3113",11964.259847
"4043","1kmE3872N3114",14499.5866765
"4044","1kmE3872N3115",14724.6968845
"4045","1kmE3872N3116",14909.6223435
"4046","1kmE3872N3117",14927.863616
"4047","1kmE3872N3118",14119.7304965
"4048","1kmE3872N3119",14427.602549
"4049","1kmE3872N3120",14083.9400515
"4050","1kmE3872N3121",12751.873307
"4051","1kmE3872N3122",11786.181411
"4052","1kmE3872N3123",10508.3119635
"4053","1kmE3872N3124",8753.9694515
"4054","1kmE3872N3125",9276.1641535
"4055","1kmE3872N3126",14249.4371745
"4056","1kmE3872N3127",13606.8584095
"4057","1kmE3872N3128",14079.0841275
"4058","1kmE3872N3129",13730.9859405
"4059","1kmE3872N3130",4421.917118
"4060","1kmE3872N3131",6881.0479
"4061","1kmE3872N3132",7328.9293635
"4062","1kmE3872N3133",7451.4782525
"4063","1kmE3872N3134",8965.5022285
"4064","1kmE3872N3135",11459.0452945
"4065","1kmE3872N3136",15119.171646
"4066","1kmE3872N3137",16658.118466
"4067","1kmE3872N3138",12058.1525615
"4068","1kmE3872N3139",7527.600215
"4069","1kmE3872N3140",4733.09484
"4070","1kmE3872N3141",8271.0100685
"4071","1kmE3872N3142",10103.8643065
"4072","1kmE3872N3143",4641.588822
"4073","1kmE3872N3144",4105.9879895
"4074","1kmE3872N3145",8977.66168
"4075","1kmE3872N3146",14258.7607955
"4076","1kmE3872N3147",15593.2780255
"4077","1kmE3872N3148",13742.9902475
"4078","1kmE3872N3149",8558.151522
"4079","1kmE3872N3150",11324.1482895
"4080","1kmE3872N3151",11542.7743015
"4081","1kmE3873N3089",15576.309097
"4082","1kmE3873N3090",13315.588826
"4083","1kmE3873N3091",16681.124466
"4084","1kmE3873N3092",17105.9285705
"4085","1kmE3873N3093",13628.181943
"4086","1kmE3873N3094",10155.580019
"4087","1kmE3873N3095",9013.7591185
"4088","1kmE3873N3096",10211.470565
"4089","1kmE3873N3097",14151.5351125
"4090","1kmE3873N3098",12676.1643215
"4091","1kmE3873N3099",14991.7186275
"4092","1kmE3873N3100",17577.28989
"4093","1kmE3873N3101",18574.815924
"4094","1kmE3873N3102",20770.2661225
"4095","1kmE3873N3103",17063.5888995
"4096","1kmE3873N3104",17630.1987825
"4097","1kmE3873N3105",15433.792509
"4098","1kmE3873N3106",11442.520353
"4099","1kmE3873N3107",9599.028326
"4100","1kmE3873N3108",11018.0588225
"4101","1kmE3873N3109",10824.3041385
"4102","1kmE3873N3110",12597.490348
"4103","1kmE3873N3111",15443.715523
"4104","1kmE3873N3112",14361.4475445
"4105","1kmE3873N3113",12228.7731585
"4106","1kmE3873N3114",12826.955851
"4107","1kmE3873N3115",16591.4080775
"4108","1kmE3873N3116",16634.2531515
"4109","1kmE3873N3117",14351.9047555
"4110","1kmE3873N3118",14068.722383
"4111","1kmE3873N3119",14983.325577
"4112","1kmE3873N3120",17033.6145185
"4113","1kmE3873N3121",16723.6636895
"4114","1kmE3873N3122",17193.9795005
"4115","1kmE3873N3123",13228.137607
"4116","1kmE3873N3124",10966.4279875
"4117","1kmE3873N3125",10435.940801
"4118","1kmE3873N3126",13516.0731465
"4119","1kmE3873N3127",14384.9984575
"4120","1kmE3873N3128",14189.5982305
"4121","1kmE3873N3129",13755.95998
"4122","1kmE3873N3130",11270.535293
"4123","1kmE3873N3131",3808.4912895
"4124","1kmE3873N3132",2796.2966695
"4125","1kmE3873N3133",8760.6967555
"4126","1kmE3873N3134",8449.785699
"4127","1kmE3873N3135",6016.2449375
"4128","1kmE3873N3136",9372.096117
"4129","1kmE3873N3137",8943.841588
"4130","1kmE3873N3138",3741.715109
"4131","1kmE3873N3139",8308.882571
"4132","1kmE3873N3140",7686.031887
"4133","1kmE3873N3141",3828.957573
"4134","1kmE3873N3142",4418.1812055
"4135","1kmE3873N3143",3165.738483
"4136","1kmE3873N3144",2844.326388
"4137","1kmE3873N3145",5929.7467205
"4138","1kmE3873N3146",14008.501063
"4139","1kmE3873N3147",15669.301985
"4140","1kmE3873N3148",12385.5285905
"4141","1kmE3873N3149",8529.219185
"4142","1kmE3873N3150",10512.6633055
"4143","1kmE3873N3151",7999.9117595
"4144","1kmE3874N3089",7357.003875
"4145","1kmE3874N3090",12025.6334425
"4146","1kmE3874N3091",15522.6888335
"4147","1kmE3874N3092",16280.6911525
"4148","1kmE3874N3093",13157.610507
"4149","1kmE3874N3094",10874.175876
"4150","1kmE3874N3095",11019.0383645
"4151","1kmE3874N3096",11156.918621
"4152","1kmE3874N3097",13860.557581
"4153","1kmE3874N3098",12652.142526
"4154","1kmE3874N3099",13332.9362015
"4155","1kmE3874N3100",14612.094381
"4156","1kmE3874N3101",17341.403532
"4157","1kmE3874N3102",19388.27548
"4158","1kmE3874N3103",17519.6462245
"4159","1kmE3874N3104",17116.9298915
"4160","1kmE3874N3105",16203.840271
"4161","1kmE3874N3106",14021.6235935
"4162","1kmE3874N3107",13786.538571
"4163","1kmE3874N3108",14930.3005645
"4164","1kmE3874N3109",15001.7898545
"4165","1kmE3874N3110",15094.4115925
"4166","1kmE3874N3111",15040.9152165
"4167","1kmE3874N3112",16732.8756805
"4168","1kmE3874N3113",15645.432823
"4169","1kmE3874N3114",15455.5240395
"4170","1kmE3874N3115",14853.2919945
"4171","1kmE3874N3116",12606.2840265
"4172","1kmE3874N3117",8892.9226045
"4173","1kmE3874N3118",14956.338954
"4174","1kmE3874N3119",15732.835759
"4175","1kmE3874N3120",19108.2413915
"4176","1kmE3874N3121",17926.1594875
"4177","1kmE3874N3122",15822.0127765
"4178","1kmE3874N3123",9949.3553035
"4179","1kmE3874N3124",10636.3059415
"4180","1kmE3874N3125",13523.9309045
"4181","1kmE3874N3126",13595.5441255
"4182","1kmE3874N3127",17086.6372645
"4183","1kmE3874N3128",16598.132671
"4184","1kmE3874N3129",14380.8687205
"4185","1kmE3874N3130",11211.0206975
"4186","1kmE3874N3131",6405.2016755
"4187","1kmE3874N3132",4479.576374
"4188","1kmE3874N3133",9722.517998
"4189","1kmE3874N3134",6586.067875
"4190","1kmE3874N3135",7022.4269805
"4191","1kmE3874N3136",9076.6629675
"4192","1kmE3874N3137",11265.901322
"4193","1kmE3874N3138",7678.2083085
"4194","1kmE3874N3139",3514.8748755
"4195","1kmE3874N3140",1898.710502
"4196","1kmE3874N3141",1108.20906
"4197","1kmE3874N3142",6639.4916
"4198","1kmE3874N3143",7851.7823945
"4199","1kmE3874N3144",4558.6265615
"4200","1kmE3874N3145",4366.510191
"4201","1kmE3874N3146",11305.0031115
"4202","1kmE3874N3147",13470.862179
"4203","1kmE3874N3148",11771.4306115
"4204","1kmE3874N3149",8104.978067
"4205","1kmE3874N3150",9448.0380365
"4206","1kmE3874N3151",9218.5060775
"4207","1kmE3874N3152",9327.311134
"4208","1kmE3875N3090",5608.358538
"4209","1kmE3875N3091",10080.789277
"4210","1kmE3875N3092",9611.723124
"4211","1kmE3875N3093",13928.378256
"4212","1kmE3875N3094",13248.697325
"4213","1kmE3875N3095",11273.8077855
"4214","1kmE3875N3096",10433.000314
"4215","1kmE3875N3097",11683.328084
"4216","1kmE3875N3098",13544.858188
"4217","1kmE3875N3099",10751.551817
"4218","1kmE3875N3100",13615.0434755
"4219","1kmE3875N3101",14217.7339565
"4220","1kmE3875N3102",16946.584713
"4221","1kmE3875N3103",13369.9323665
"4222","1kmE3875N3104",15182.4013715
"4223","1kmE3875N3105",15818.5482865
"4224","1kmE3875N3106",12426.26842
"4225","1kmE3875N3107",16103.9025445
"4226","1kmE3875N3108",18093.297302
"4227","1kmE3875N3109",18682.181004
"4228","1kmE3875N3110",17154.4373015
"4229","1kmE3875N3111",16211.4277575
"4230","1kmE3875N3112",18114.284774
"4231","1kmE3875N3113",15939.893101
"4232","1kmE3875N3114",13436.4836125
"4233","1kmE3875N3115",11995.6011215
"4234","1kmE3875N3116",12412.449042
"4235","1kmE3875N3117",14317.058688
"4236","1kmE3875N3118",14665.1892435
"4237","1kmE3875N3119",15780.9746275
"4238","1kmE3875N3120",17562.803454
"4239","1kmE3875N3121",16160.814719
"4240","1kmE3875N3122",15223.2962805
"4241","1kmE3875N3123",11490.397821
"4242","1kmE3875N3124",13483.0012835
"4243","1kmE3875N3125",16775.015993
"4244","1kmE3875N3126",16909.40285
"4245","1kmE3875N3127",17885.548166
"4246","1kmE3875N3128",15988.4580905
"4247","1kmE3875N3129",9856.885463
"4248","1kmE3875N3130",8318.1860925
"4249","1kmE3875N3131",6857.6162335
"4250","1kmE3875N3132",8104.030232
"4251","1kmE3875N3133",10916.0859465
"4252","1kmE3875N3134",8767.7412775
"4253","1kmE3875N3135",8083.4039415
"4254","1kmE3875N3136",11936.996694
"4255","1kmE3875N3137",11647.7982015
"4256","1kmE3875N3138",10652.2996655
"4257","1kmE3875N3139",7974.0508145
"4258","1kmE3875N3140",7658.5353525
"4259","1kmE3875N3141",10759.556157
"4260","1kmE3875N3142",10513.2785305
"4261","1kmE3875N3143",7256.539827
"4262","1kmE3875N3144",2986.3581745
"4263","1kmE3875N3145",4489.4031775
"4264","1kmE3875N3146",6337.309528
"4265","1kmE3875N3147",7843.8042785
"4266","1kmE3875N3148",7427.2661565
"4267","1kmE3875N3149",5993.3449325
"4268","1kmE3875N3150",9203.8405535
"4269","1kmE3875N3151",10044.727249
"4270","1kmE3875N3152",10738.088153
"4271","1kmE3876N3092",11981.7146385
"4272","1kmE3876N3093",15661.8726295
"4273","1kmE3876N3094",14847.9121485
"4274","1kmE3876N3095",12763.6884865
"4275","1kmE3876N3096",14137.5557635
"4276","1kmE3876N3097",15419.188298
"4277","1kmE3876N3098",15371.495338
"4278","1kmE3876N3099",13118.79592
"4279","1kmE3876N3100",10404.3992205
"4280","1kmE3876N3101",11289.570459
"4281","1kmE3876N3102",11087.1611845
"4282","1kmE3876N3103",10134.1552395
"4283","1kmE3876N3104",11508.340682
"4284","1kmE3876N3105",15913.7402435
"4285","1kmE3876N3106",16145.573381
"4286","1kmE3876N3107",14752.6410005
"4287","1kmE3876N3108",18265.019222
"4288","1kmE3876N3109",17161.7561075
"4289","1kmE3876N3110",13307.9559755
"4290","1kmE3876N3111",13568.880859
"4291","1kmE3876N3112",16844.9246495
"4292","1kmE3876N3113",15546.0661685
"4293","1kmE3876N3114",11311.8746655
"4294","1kmE3876N3115",14159.3569115
"4295","1kmE3876N3116",14049.134392
"4296","1kmE3876N3117",17022.713293
"4297","1kmE3876N3118",15441.783773
"4298","1kmE3876N3119",16724.726361
"4299","1kmE3876N3120",16256.397673
"4300","1kmE3876N3121",13859.5335565
"4301","1kmE3876N3122",17629.912807
"4302","1kmE3876N3123",16287.2151385
"4303","1kmE3876N3124",14922.7105185
"4304","1kmE3876N3125",17821.275923
"4305","1kmE3876N3126",19951.698062
"4306","1kmE3876N3127",19742.968579
"4307","1kmE3876N3128",15891.524837
"4308","1kmE3876N3129",11592.6146965
"4309","1kmE3876N3130",8235.7253885
"4310","1kmE3876N3131",9453.862732
"4311","1kmE3876N3132",7922.535671
"4312","1kmE3876N3133",7676.225208
"4313","1kmE3876N3134",6726.2374705
"4314","1kmE3876N3135",4432.6275725
"4315","1kmE3876N3136",13290.0739525
"4316","1kmE3876N3137",13808.7349705
"4317","1kmE3876N3138",7171.300097
"4318","1kmE3876N3139",6690.6269215
"4319","1kmE3876N3140",3782.2018405
"4320","1kmE3876N3141",4341.772797
"4321","1kmE3876N3142",6884.080679
"4322","1kmE3876N3143",5990.974048
"4323","1kmE3876N3144",1861.143822
"4324","1kmE3876N3145",5072.2773605
"4325","1kmE3876N3146",8511.4002755
"4326","1kmE3876N3147",9836.7840145
"4327","1kmE3876N3148",7837.7216405
"4328","1kmE3876N3149",3275.228429
"4329","1kmE3876N3150",9734.146574
"4330","1kmE3876N3151",10333.7768465
"4331","1kmE3877N3092",12942.4286245
"4332","1kmE3877N3093",12514.95209
"4333","1kmE3877N3094",12014.502735
"4334","1kmE3877N3095",15062.2806875
"4335","1kmE3877N3096",16372.044146
"4336","1kmE3877N3097",12716.5124055
"4337","1kmE3877N3098",8975.334578
"4338","1kmE3877N3099",11155.796983
"4339","1kmE3877N3100",8162.131833
"4340","1kmE3877N3101",9154.095396
"4341","1kmE3877N3102",11343.2698025
"4342","1kmE3877N3103",11577.7694095
"4343","1kmE3877N3104",11115.009614
"4344","1kmE3877N3105",15171.3934495
"4345","1kmE3877N3106",16463.6230745
"4346","1kmE3877N3107",17384.5988215
"4347","1kmE3877N3108",15081.641402
"4348","1kmE3877N3109",12273.6324445
"4349","1kmE3877N3110",10185.36603
"4350","1kmE3877N3111",11471.9087605
"4351","1kmE3877N3112",16317.7282985
"4352","1kmE3877N3113",16014.093944
"4353","1kmE3877N3114",14507.721277
"4354","1kmE3877N3115",13538.9179825
"4355","1kmE3877N3116",12583.841409
"4356","1kmE3877N3117",16237.4723985
"4357","1kmE3877N3118",16231.0728575
"4358","1kmE3877N3119",16078.2752705
"4359","1kmE3877N3120",18088.3129455
"4360","1kmE3877N3121",17101.84914
"4361","1kmE3877N3122",17282.2081995
"4362","1kmE3877N3123",17168.412253
"4363","1kmE3877N3124",17808.8337465
"4364","1kmE3877N3125",20597.912679
"4365","1kmE3877N3126",21047.135175
"4366","1kmE3877N3127",19024.8869485
"4367","1kmE3877N3128",11947.421104
"4368","1kmE3877N3129",4556.2358125
"4369","1kmE3877N3130",8138.1333005
"4370","1kmE3877N3131",10879.487914
"4371","1kmE3877N3132",11516.473451
"4372","1kmE3877N3133",5065.770514
"4373","1kmE3877N3134",8547.868838
"4374","1kmE3877N3135",9570.6491335
"4375","1kmE3877N3136",7453.339276
"4376","1kmE3877N3137",10276.6719255
"4377","1kmE3877N3138",6761.0685865
"4378","1kmE3877N3139",2093.526133
"4379","1kmE3877N3140",205.0163895
"4380","1kmE3877N3141",6666.178472
"4381","1kmE3877N3142",4003.014381
"4382","1kmE3877N3143",4006.704538
"4383","1kmE3877N3144",2063.6320295
"4384","1kmE3877N3145",6417.017694
"4385","1kmE3877N3146",12294.160348
"4386","1kmE3877N3147",10548.6649415
"4387","1kmE3877N3148",6428.4486165
"4388","1kmE3877N3149",6097.3434195
"4389","1kmE3877N3150",11824.3211125
"4390","1kmE3878N3091",10126.4810895
"4391","1kmE3878N3092",15728.2764455
"4392","1kmE3878N3093",13501.9066345
"4393","1kmE3878N3094",12786.21445
"4394","1kmE3878N3095",14672.800231
"4395","1kmE3878N3096",16075.1922025
"4396","1kmE3878N3097",14071.918001
"4397","1kmE3878N3098",7576.7461995
"4398","1kmE3878N3099",11784.506658
"4399","1kmE3878N3100",11858.001439
"4400","1kmE3878N3101",11242.258415
"4401","1kmE3878N3102",12246.227409
"4402","1kmE3878N3103",13250.4191805
"4403","1kmE3878N3104",11812.751737
"4404","1kmE3878N3105",11739.047706
"4405","1kmE3878N3106",14397.6982455
"4406","1kmE3878N3107",16750.234275
"4407","1kmE3878N3108",12219.6432495
"4408","1kmE3878N3109",11351.670189
"4409","1kmE3878N3110",9586.469684
"4410","1kmE3878N3111",13439.7381915
"4411","1kmE3878N3112",15942.332994
"4412","1kmE3878N3113",16587.981754
"4413","1kmE3878N3114",16155.668852
"4414","1kmE3878N3115",14855.3847205
"4415","1kmE3878N3116",13323.631872
"4416","1kmE3878N3117",16149.8522575
"4417","1kmE3878N3118",15385.907892
"4418","1kmE3878N3119",15664.183793
"4419","1kmE3878N3120",16455.7766645
"4420","1kmE3878N3121",19803.231578
"4421","1kmE3878N3122",21151.5667805
"4422","1kmE3878N3123",19545.5742435
"4423","1kmE3878N3124",21050.423021
"4424","1kmE3878N3125",20738.1550985
"4425","1kmE3878N3126",20407.758199
"4426","1kmE3878N3127",18615.984058
"4427","1kmE3878N3128",11876.737189
"4428","1kmE3878N3129",8518.940419
"4429","1kmE3878N3130",8763.7195115
"4430","1kmE3878N3131",12564.8442855
"4431","1kmE3878N3132",10140.1353695
"4432","1kmE3878N3133",4146.887527
"4433","1kmE3878N3134",7355.4841155
"4434","1kmE3878N3135",9289.2170975
"4435","1kmE3878N3136",9187.661108
"4436","1kmE3878N3137",7477.587522
"4437","1kmE3878N3138",8447.2151
"4438","1kmE3878N3139",2902.005646
"4439","1kmE3878N3140",617.6032465
"4440","1kmE3878N3141",5792.650044
"4441","1kmE3878N3142",5738.7562325
"4442","1kmE3878N3143",2339.198804
"4443","1kmE3878N3144",5160.378521
"4444","1kmE3878N3145",5071.9342165
"4445","1kmE3878N3146",11707.0804715
"4446","1kmE3878N3147",12341.8574395
"4447","1kmE3878N3148",8442.8648525
"4448","1kmE3878N3149",4874.682565
"4449","1kmE3878N3150",10982.619127
"4450","1kmE3879N3092",15392.178886
"4451","1kmE3879N3093",13239.418682
"4452","1kmE3879N3094",11901.813298
"4453","1kmE3879N3095",11360.119288
"4454","1kmE3879N3096",11910.230203
"4455","1kmE3879N3097",13520.1578135
"4456","1kmE3879N3098",11268.033268
"4457","1kmE3879N3099",9396.1784345
"4458","1kmE3879N3100",9744.500545
"4459","1kmE3879N3101",10720.020687
"4460","1kmE3879N3102",10249.17426
"4461","1kmE3879N3103",11549.835175
"4462","1kmE3879N3104",14319.304785
"4463","1kmE3879N3105",10888.6509635
"4464","1kmE3879N3106",15052.720532
"4465","1kmE3879N3107",13696.7496755
"4466","1kmE3879N3108",8874.7549035
"4467","1kmE3879N3109",10790.473665
"4468","1kmE3879N3110",12174.617847
"4469","1kmE3879N3111",15063.121544
"4470","1kmE3879N3112",16729.865475
"4471","1kmE3879N3113",14844.3042365
"4472","1kmE3879N3114",16223.8957915
"4473","1kmE3879N3115",17167.38552
"4474","1kmE3879N3116",11176.894737
"4475","1kmE3879N3117",13647.860714
"4476","1kmE3879N3118",16600.31775
"4477","1kmE3879N3119",17956.391468
"4478","1kmE3879N3120",19957.1595895
"4479","1kmE3879N3121",20562.3746645
"4480","1kmE3879N3122",21275.5777185
"4481","1kmE3879N3123",20353.5192875
"4482","1kmE3879N3124",21287.1561985
"4483","1kmE3879N3125",19689.7206925
"4484","1kmE3879N3126",15597.3989705
"4485","1kmE3879N3127",16598.618071
"4486","1kmE3879N3128",15245.5351535
"4487","1kmE3879N3129",12595.436316
"4488","1kmE3879N3130",5964.0356335
"4489","1kmE3879N3131",5896.302059
"4490","1kmE3879N3132",4043.019996
"4491","1kmE3879N3133",1689.071771
"4492","1kmE3879N3134",5517.1659365
"4493","1kmE3879N3135",2387.1481445
"4494","1kmE3879N3136",13607.2054365
"4495","1kmE3879N3137",12674.871543
"4496","1kmE3879N3138",6931.922082
"4497","1kmE3879N3139",1256.3871225
"4498","1kmE3879N3140",3008.746294
"4499","1kmE3879N3141",6531.1857705
"4500","1kmE3879N3142",3845.8726075
"4501","1kmE3879N3143",7087.2132235
"4502","1kmE3879N3144",7080.060079
"4503","1kmE3879N3145",3665.131854
"4504","1kmE3879N3146",9364.365937
"4505","1kmE3879N3147",14156.8824725
"4506","1kmE3879N3148",7102.6887565
"4507","1kmE3879N3149",6548.0496225
"4508","1kmE3879N3150",10360.2830935
"4509","1kmE3880N3092",13539.1420805
"4510","1kmE3880N3093",14066.7629315
"4511","1kmE3880N3094",11136.342057
"4512","1kmE3880N3095",9566.6298875
"4513","1kmE3880N3096",13025.1075975
"4514","1kmE3880N3097",12979.8528685
"4515","1kmE3880N3098",9516.014681
"4516","1kmE3880N3099",8266.083334
"4517","1kmE3880N3100",8977.520542
"4518","1kmE3880N3101",9602.2530345
"4519","1kmE3880N3102",9318.80299
"4520","1kmE3880N3103",10501.7554005
"4521","1kmE3880N3104",14201.230775
"4522","1kmE3880N3105",11943.1104145
"4523","1kmE3880N3106",15135.6980615
"4524","1kmE3880N3107",14380.3042195
"4525","1kmE3880N3108",10549.5697055
"4526","1kmE3880N3109",13526.103955
"4527","1kmE3880N3110",15031.130628
"4528","1kmE3880N3111",17543.4206405
"4529","1kmE3880N3112",17890.513854
"4530","1kmE3880N3113",14702.032627
"4531","1kmE3880N3114",14850.2152395
"4532","1kmE3880N3115",17031.260244
"4533","1kmE3880N3116",16735.413964
"4534","1kmE3880N3117",15404.8308985
"4535","1kmE3880N3118",17098.15199
"4536","1kmE3880N3119",17772.3702515
"4537","1kmE3880N3120",19507.531413
"4538","1kmE3880N3121",19269.786602
"4539","1kmE3880N3122",19243.0111535
"4540","1kmE3880N3123",18657.324457
"4541","1kmE3880N3124",18748.873196
"4542","1kmE3880N3125",18215.4450255
"4543","1kmE3880N3126",13073.105215
"4544","1kmE3880N3127",14314.071335
"4545","1kmE3880N3128",14347.519553
"4546","1kmE3880N3129",13265.742873
"4547","1kmE3880N3130",5932.9354055
"4548","1kmE3880N3131",8810.5116085
"4549","1kmE3880N3132",5710.2262865
"4550","1kmE3880N3133",5552.0087575
"4551","1kmE3880N3134",6693.959066
"4552","1kmE3880N3135",6190.575374
"4553","1kmE3880N3136",11211.9181935
"4554","1kmE3880N3137",10664.655806
"4555","1kmE3880N3138",8510.806414
"4556","1kmE3880N3139",5226.7471205
"4557","1kmE3880N3140",10640.431342
"4558","1kmE3880N3141",4740.6554685
"4559","1kmE3880N3142",913.248467
"4560","1kmE3880N3143",6360.6629445
"4561","1kmE3880N3144",8321.1793605
"4562","1kmE3880N3145",3548.9485425
"4563","1kmE3880N3146",8611.1257335
"4564","1kmE3880N3147",14491.289278
"4565","1kmE3880N3148",8156.557953
"4566","1kmE3880N3149",8999.1114825
"4567","1kmE3881N3090",12091.8742315
"4568","1kmE3881N3091",14493.7401435
"4569","1kmE3881N3092",14598.0443205
"4570","1kmE3881N3093",16050.5339185
"4571","1kmE3881N3094",12026.302286
"4572","1kmE3881N3095",10948.031404
"4573","1kmE3881N3096",10459.197327
"4574","1kmE3881N3097",11604.1507715
"4575","1kmE3881N3098",12229.0812505
"4576","1kmE3881N3099",10890.942881
"4577","1kmE3881N3100",9419.527549
"4578","1kmE3881N3101",9497.939029
"4579","1kmE3881N3102",11705.1864555
"4580","1kmE3881N3103",13901.988611
"4581","1kmE3881N3104",11965.7300215
"4582","1kmE3881N3105",11879.529833
"4583","1kmE3881N3106",12675.7136205
"4584","1kmE3881N3107",14477.675757
"4585","1kmE3881N3108",11348.3529625
"4586","1kmE3881N3109",12202.8955185
"4587","1kmE3881N3110",13290.8358765
"4588","1kmE3881N3111",15266.1668425
"4589","1kmE3881N3112",16466.3679285
"4590","1kmE3881N3113",14375.525799
"4591","1kmE3881N3114",13052.9964605
"4592","1kmE3881N3115",15162.4117155
"4593","1kmE3881N3116",14452.05041
"4594","1kmE3881N3117",14891.4791805
"4595","1kmE3881N3118",16528.847237
"4596","1kmE3881N3119",17182.5882195
"4597","1kmE3881N3120",17101.4370845
"4598","1kmE3881N3121",18407.5727415
"4599","1kmE3881N3122",20243.250663
"4600","1kmE3881N3123",17952.973203
"4601","1kmE3881N3124",20062.007278
"4602","1kmE3881N3125",19281.8336695
"4603","1kmE3881N3126",17131.2405695
"4604","1kmE3881N3127",15087.056116
"4605","1kmE3881N3128",14400.305361
"4606","1kmE3881N3129",17313.75524
"4607","1kmE3881N3130",6141.4397975
"4608","1kmE3881N3131",10353.994567
"4609","1kmE3881N3132",11231.0016755
"4610","1kmE3881N3133",8362.9841775
"4611","1kmE3881N3134",8160.863878
"4612","1kmE3881N3135",8778.656212
"4613","1kmE3881N3136",6315.676111
"4614","1kmE3881N3137",7693.4722385
"4615","1kmE3881N3138",2349.016855
"4616","1kmE3881N3139",4191.826837
"4617","1kmE3881N3140",9408.2162305
"4618","1kmE3881N3141",2035.246824
"4619","1kmE3881N3142",2079.6962975
"4620","1kmE3881N3143",7170.831958
"4621","1kmE3881N3144",9669.4591755
"4622","1kmE3881N3145",9561.9256725
"4623","1kmE3881N3146",10995.5920085
"4624","1kmE3881N3147",12806.738309
"4625","1kmE3881N3148",10333.650255
"4626","1kmE3881N3149",9753.515319
"4627","1kmE3882N3089",7408.875291
"4628","1kmE3882N3090",13819.00887
"4629","1kmE3882N3091",14972.676916
"4630","1kmE3882N3092",16341.0005505
"4631","1kmE3882N3093",16229.8216235
"4632","1kmE3882N3094",13377.186438
"4633","1kmE3882N3095",13082.847212
"4634","1kmE3882N3096",11313.0152415
"4635","1kmE3882N3097",13850.1837275
"4636","1kmE3882N3098",15034.9700055
"4637","1kmE3882N3099",17875.6571785
"4638","1kmE3882N3100",15326.946982
"4639","1kmE3882N3101",11578.677794
"4640","1kmE3882N3102",14940.037603
"4641","1kmE3882N3103",15731.0175285
"4642","1kmE3882N3104",12726.8477395
"4643","1kmE3882N3105",12095.488289
"4644","1kmE3882N3106",12540.4718075
"4645","1kmE3882N3107",11459.741543
"4646","1kmE3882N3108",10928.3985605
"4647","1kmE3882N3109",11949.1396925
"4648","1kmE3882N3110",12100.0126445
"4649","1kmE3882N3111",14922.779655
"4650","1kmE3882N3112",15222.375515
"4651","1kmE3882N3113",16411.8292405
"4652","1kmE3882N3114",16065.718308
"4653","1kmE3882N3115",14422.8806615
"4654","1kmE3882N3116",11067.1317085
"4655","1kmE3882N3117",15759.383585
"4656","1kmE3882N3118",15970.6346015
"4657","1kmE3882N3119",19771.8760945
"4658","1kmE3882N3120",18694.225406
"4659","1kmE3882N3121",18575.9343765
"4660","1kmE3882N3122",18513.7300705
"4661","1kmE3882N3123",18876.924863
"4662","1kmE3882N3124",19983.4016235
"4663","1kmE3882N3125",20018.1686265
"4664","1kmE3882N3126",17161.922391
"4665","1kmE3882N3127",14360.2478155
"4666","1kmE3882N3128",15136.236729
"4667","1kmE3882N3129",17624.3502295
"4668","1kmE3882N3130",12172.3468415
"4669","1kmE3882N3131",7410.114754
"4670","1kmE3882N3132",9361.5916875
"4671","1kmE3882N3133",8529.3181225
"4672","1kmE3882N3134",8926.5315255
"4673","1kmE3882N3135",8847.828877
"4674","1kmE3882N3136",9706.1955485
"4675","1kmE3882N3137",9008.316985
"4676","1kmE3882N3138",2226.859799
"4677","1kmE3882N3139",2049.024527
"4678","1kmE3882N3140",3140.96208
"4679","1kmE3882N3141",907.367047499999
"4680","1kmE3882N3142",2645.8444705
"4681","1kmE3882N3143",4847.420829
"4682","1kmE3882N3144",6799.7364645
"4683","1kmE3882N3145",9428.7798995
"4684","1kmE3882N3146",8557.671365
"4685","1kmE3882N3147",12054.3053795
"4686","1kmE3882N3148",11000.8032735
"4687","1kmE3883N3089",3448.335713
"4688","1kmE3883N3090",9852.011402
"4689","1kmE3883N3091",12789.954965
"4690","1kmE3883N3092",15987.714697
"4691","1kmE3883N3093",15501.6193945
"4692","1kmE3883N3094",10249.1931445
"4693","1kmE3883N3095",11745.742039
"4694","1kmE3883N3096",14157.0379015
"4695","1kmE3883N3097",15576.3176555
"4696","1kmE3883N3098",13849.5874225
"4697","1kmE3883N3099",15719.237959
"4698","1kmE3883N3100",14996.7859575
"4699","1kmE3883N3101",14133.156242
"4700","1kmE3883N3102",13901.5552925
"4701","1kmE3883N3103",14119.4276615
"4702","1kmE3883N3104",13515.806298
"4703","1kmE3883N3105",10817.911364
"4704","1kmE3883N3106",10134.435942
"4705","1kmE3883N3107",10848.95426
"4706","1kmE3883N3108",11524.824602
"4707","1kmE3883N3109",11875.8106795
"4708","1kmE3883N3110",12362.6718445
"4709","1kmE3883N3111",14482.283489
"4710","1kmE3883N3112",16583.0295385
"4711","1kmE3883N3113",15777.825742
"4712","1kmE3883N3114",13087.8597465
"4713","1kmE3883N3115",13198.8883215
"4714","1kmE3883N3116",13421.799504
"4715","1kmE3883N3117",15325.167244
"4716","1kmE3883N3118",16716.380933
"4717","1kmE3883N3119",18276.743004
"4718","1kmE3883N3120",19295.015987
"4719","1kmE3883N3121",18340.4540795
"4720","1kmE3883N3122",18348.870387
"4721","1kmE3883N3123",19379.427815
"4722","1kmE3883N3124",19546.694492
"4723","1kmE3883N3125",20319.983691
"4724","1kmE3883N3126",17030.1702355
"4725","1kmE3883N3127",14599.7167165
"4726","1kmE3883N3128",11998.4700185
"4727","1kmE3883N3129",10599.8362305
"4728","1kmE3883N3130",12372.830224
"4729","1kmE3883N3131",7240.696414
"4730","1kmE3883N3132",6420.223748
"4731","1kmE3883N3133",6928.8896695
"4732","1kmE3883N3134",9554.0738225
"4733","1kmE3883N3135",10039.929643
"4734","1kmE3883N3136",5899.516399
"4735","1kmE3883N3137",5637.3841885
"4736","1kmE3883N3138",5811.440786
"4737","1kmE3883N3139",9030.1118785
"4738","1kmE3883N3140",6905.414444
"4739","1kmE3883N3141",960.001167499999
"4740","1kmE3883N3142",5124.824595
"4741","1kmE3883N3143",9600.620868
"4742","1kmE3883N3144",4534.3697335
"4743","1kmE3883N3145",7385.172082
"4744","1kmE3883N3146",7591.634147
"4745","1kmE3883N3147",12059.979908
"4746","1kmE3884N3089",4420.772781
"4747","1kmE3884N3090",13592.4464345
"4748","1kmE3884N3091",14184.92767
"4749","1kmE3884N3092",14326.316336
"4750","1kmE3884N3093",14430.23852
"4751","1kmE3884N3094",9290.5816285
"4752","1kmE3884N3095",7512.1822755
"4753","1kmE3884N3096",14082.3013645
"4754","1kmE3884N3097",15368.3137695
"4755","1kmE3884N3098",11275.1895495
"4756","1kmE3884N3099",12705.703493
"4757","1kmE3884N3100",11919.357449
"4758","1kmE3884N3101",10904.7563565
"4759","1kmE3884N3102",14658.504825
"4760","1kmE3884N3103",15341.3031115
"4761","1kmE3884N3104",13749.582356
"4762","1kmE3884N3105",8492.887773
"4763","1kmE3884N3106",9206.751687
"4764","1kmE3884N3107",9697.4537495
"4765","1kmE3884N3108",10865.86889
"4766","1kmE3884N3109",11351.7118015
"4767","1kmE3884N3110",12366.7676445
"4768","1kmE3884N3111",14945.8842405
"4769","1kmE3884N3112",18050.140715
"4770","1kmE3884N3113",15473.5856565
"4771","1kmE3884N3114",14642.7293135
"4772","1kmE3884N3115",14810.7781755
"4773","1kmE3884N3116",15774.96569
"4774","1kmE3884N3117",13200.9720065
"4775","1kmE3884N3118",13631.460496
"4776","1kmE3884N3119",13479.1139485
"4777","1kmE3884N3120",14906.6710075
"4778","1kmE3884N3121",17287.0020385
"4779","1kmE3884N3122",18663.5052395
"4780","1kmE3884N3123",19889.726321
"4781","1kmE3884N3124",19038.118932
"4782","1kmE3884N3125",17138.0913065
"4783","1kmE3884N3126",16665.236987
"4784","1kmE3884N3127",13580.9140915
"4785","1kmE3884N3128",10752.846329
"4786","1kmE3884N3129",11029.0959615
"4787","1kmE3884N3130",7998.057402
"4788","1kmE3884N3131",7839.439749
"4789","1kmE3884N3132",10371.928816
"4790","1kmE3884N3133",8669.7359755
"4791","1kmE3884N3134",10245.8956095
"4792","1kmE3884N3135",9067.736358
"4793","1kmE3884N3136",10836.0805425
"4794","1kmE3884N3137",10625.352745
"4795","1kmE3884N3138",10625.3618785
"4796","1kmE3884N3139",2697.0462445
"4797","1kmE3884N3140",5478.134311
"4798","1kmE3884N3141",4701.965426
"4799","1kmE3884N3142",7542.1406515
"4800","1kmE3884N3143",10879.031719
"4801","1kmE3884N3144",14759.943007
"4802","1kmE3884N3145",16985.8539895
"4803","1kmE3884N3146",11528.556639
"4804","1kmE3884N3147",10811.6057245
"4805","1kmE3885N3088",8541.651824
"4806","1kmE3885N3089",8250.8060895
"4807","1kmE3885N3090",12436.6628615
"4808","1kmE3885N3091",13304.7837715
"4809","1kmE3885N3092",12739.3359065
"4810","1kmE3885N3093",12036.929244
"4811","1kmE3885N3094",11094.356125
"4812","1kmE3885N3095",9316.196874
"4813","1kmE3885N3096",7897.374897
"4814","1kmE3885N3097",9951.171946
"4815","1kmE3885N3098",10300.5297425
"4816","1kmE3885N3099",15554.3553365
"4817","1kmE3885N3100",14768.176814
"4818","1kmE3885N3101",10739.612676
"4819","1kmE3885N3102",15049.9383465
"4820","1kmE3885N3103",15628.4011325
"4821","1kmE3885N3104",12163.873549
"4822","1kmE3885N3105",11424.250252
"4823","1kmE3885N3106",8863.692478
"4824","1kmE3885N3107",11953.981928
"4825","1kmE3885N3108",12156.744624
"4826","1kmE3885N3109",10711.3736175
"4827","1kmE3885N3110",11103.542887
"4828","1kmE3885N3111",13628.969488
"4829","1kmE3885N3112",16028.4957475
"4830","1kmE3885N3113",18262.33387
"4831","1kmE3885N3114",18845.7625765
"4832","1kmE3885N3115",16283.0701015
"4833","1kmE3885N3116",12734.365805
"4834","1kmE3885N3117",12622.961481
"4835","1kmE3885N3118",17849.8794595
"4836","1kmE3885N3119",17537.153698
"4837","1kmE3885N3120",16978.1355265
"4838","1kmE3885N3121",19635.9565465
"4839","1kmE3885N3122",17597.2725515
"4840","1kmE3885N3123",16751.862846
"4841","1kmE3885N3124",16385.6511155
"4842","1kmE3885N3125",15770.102225
"4843","1kmE3885N3126",14041.317487
"4844","1kmE3885N3127",9927.1086995
"4845","1kmE3885N3128",12293.319817
"4846","1kmE3885N3129",11732.4155845
"4847","1kmE3885N3130",7838.3827485
"4848","1kmE3885N3131",7777.3544045
"4849","1kmE3885N3132",12739.0928415
"4850","1kmE3885N3133",14215.261177
"4851","1kmE3885N3134",11165.9899415
"4852","1kmE3885N3135",7817.7117125
"4853","1kmE3885N3136",7262.553143
"4854","1kmE3885N3137",6009.9514855
"4855","1kmE3885N3138",4997.639204
"4856","1kmE3885N3139",3476.641324
"4857","1kmE3885N3140",5501.2730555
"4858","1kmE3885N3141",4364.778098
"4859","1kmE3885N3142",7366.961469
"4860","1kmE3885N3143",10573.450837
"4861","1kmE3885N3144",14847.343689
"4862","1kmE3885N3145",16607.2587125
"4863","1kmE3885N3146",14130.7731515
"4864","1kmE3885N3147",11206.642927
"4865","1kmE3886N3088",9538.9987125
"4866","1kmE3886N3089",6293.3863
"4867","1kmE3886N3090",10137.2773025
"4868","1kmE3886N3091",10741.566308
"4869","1kmE3886N3092",9073.4663195
"4870","1kmE3886N3093",8020.944762
"4871","1kmE3886N3094",9408.967718
"4872","1kmE3886N3095",9883.2592515
"4873","1kmE3886N3096",9678.263841
"4874","1kmE3886N3097",10269.4857975
"4875","1kmE3886N3098",14416.5399625
"4876","1kmE3886N3099",14535.9771355
"4877","1kmE3886N3100",9448.833863
"4878","1kmE3886N3101",11884.370551
"4879","1kmE3886N3102",15666.518521
"4880","1kmE3886N3103",14393.89134
"4881","1kmE3886N3104",13575.291325
"4882","1kmE3886N3105",11224.6025795
"4883","1kmE3886N3106",10310.3717855
"4884","1kmE3886N3107",13055.7850825
"4885","1kmE3886N3108",12008.3865415
"4886","1kmE3886N3109",11765.6437355
"4887","1kmE3886N3110",9691.2508675
"4888","1kmE3886N3111",8561.300313
"4889","1kmE3886N3112",11878.916109
"4890","1kmE3886N3113",14325.734442
"4891","1kmE3886N3114",16788.899846
"4892","1kmE3886N3115",16253.8073355
"4893","1kmE3886N3116",14263.6581165
"4894","1kmE3886N3117",15289.2445925
"4895","1kmE3886N3118",16660.2844395
"4896","1kmE3886N3119",17124.5805785
"4897","1kmE3886N3120",17573.6333575
"4898","1kmE3886N3121",18959.530372
"4899","1kmE3886N3122",17573.6248195
"4900","1kmE3886N3123",17192.8787235
"4901","1kmE3886N3124",15092.367547
"4902","1kmE3886N3125",12791.881103
"4903","1kmE3886N3126",10526.7479115
"4904","1kmE3886N3127",13040.8119755
"4905","1kmE3886N3128",14566.3300215
"4906","1kmE3886N3129",14172.3306185
"4907","1kmE3886N3130",15731.6669145
"4908","1kmE3886N3131",14129.471523
"4909","1kmE3886N3132",13612.996459
"4910","1kmE3886N3133",14072.888664
"4911","1kmE3886N3134",13858.874456
"4912","1kmE3886N3135",6868.5113315
"4913","1kmE3886N3136",9318.7289325
"4914","1kmE3886N3137",13441.7977855
"4915","1kmE3886N3138",11849.4554605
"4916","1kmE3886N3139",5265.448109
"4917","1kmE3886N3140",7441.255248
"4918","1kmE3886N3141",6810.0998645
"4919","1kmE3886N3142",6352.7515675
"4920","1kmE3886N3143",12662.5225335
"4921","1kmE3886N3144",9342.678338
"4922","1kmE3886N3145",14259.4131845
"4923","1kmE3886N3146",13824.190714
"4924","1kmE3887N3088",7561.807256
"4925","1kmE3887N3089",11861.9584965
"4926","1kmE3887N3090",8946.317051
"4927","1kmE3887N3091",5306.2516825
"4928","1kmE3887N3092",7987.247216
"4929","1kmE3887N3093",9730.637563
"4930","1kmE3887N3094",8838.497195
"4931","1kmE3887N3095",10355.293561
"4932","1kmE3887N3096",9603.3751175
"4933","1kmE3887N3097",12255.3633055
"4934","1kmE3887N3098",13122.6583485
"4935","1kmE3887N3099",11793.1359265
"4936","1kmE3887N3100",9467.8404295
"4937","1kmE3887N3101",10378.8748455
"4938","1kmE3887N3102",16345.702848
"4939","1kmE3887N3103",13829.734151
"4940","1kmE3887N3104",12410.5475805
"4941","1kmE3887N3105",10432.3437145
"4942","1kmE3887N3106",13610.601365
"4943","1kmE3887N3107",11044.890891
"4944","1kmE3887N3108",7710.8656095
"4945","1kmE3887N3109",13246.0439485
"4946","1kmE3887N3110",11680.9956095
"4947","1kmE3887N3111",11857.177944
"4948","1kmE3887N3112",10549.013847
"4949","1kmE3887N3113",9028.4894015
"4950","1kmE3887N3114",9340.3231855
"4951","1kmE3887N3115",15426.9418065
"4952","1kmE3887N3116",16184.151012
"4953","1kmE3887N3117",14955.6457715
"4954","1kmE3887N3118",13654.9782505
"4955","1kmE3887N3119",13481.6506675
"4956","1kmE3887N3120",12984.800311
"4957","1kmE3887N3121",16904.7478125
"4958","1kmE3887N3122",19680.7561335
"4959","1kmE3887N3123",18265.1848035
"4960","1kmE3887N3124",12061.015142
"4961","1kmE3887N3125",9487.156227
"4962","1kmE3887N3126",9249.842339
"4963","1kmE3887N3127",11075.9009505
"4964","1kmE3887N3128",11374.941734
"4965","1kmE3887N3129",8194.2517285
"4966","1kmE3887N3130",11376.9249185
"4967","1kmE3887N3131",14067.7536935
"4968","1kmE3887N3132",14712.4552505
"4969","1kmE3887N3133",12892.988866
"4970","1kmE3887N3134",7770.136191
"4971","1kmE3887N3135",7066.8437505
"4972","1kmE3887N3136",12357.2802335
"4973","1kmE3887N3137",11580.565839
"4974","1kmE3887N3138",9610.8006525
"4975","1kmE3887N3139",6296.5040965
"4976","1kmE3887N3140",8653.9879365
"4977","1kmE3887N3141",11009.274858
"4978","1kmE3887N3142",8617.7162455
"4979","1kmE3887N3143",10552.5990765
"4980","1kmE3887N3144",10897.517228
"4981","1kmE3887N3145",11847.1815975
"4982","1kmE3887N3146",13187.9722235
"4983","1kmE3888N3088",7784.635039
"4984","1kmE3888N3089",12649.2479615
"4985","1kmE3888N3090",11203.545958
"4986","1kmE3888N3091",6574.4434095
"4987","1kmE3888N3092",7009.379803
"4988","1kmE3888N3093",10539.928745
"4989","1kmE3888N3094",9302.8728545
"4990","1kmE3888N3095",9910.0305075
"4991","1kmE3888N3096",6630.9920785
"4992","1kmE3888N3097",11891.4633755
"4993","1kmE3888N3098",15115.6880415
"4994","1kmE3888N3099",12984.3230285
"4995","1kmE3888N3100",8770.806731
"4996","1kmE3888N3101",11394.675082
"4997","1kmE3888N3102",12070.6329645
"4998","1kmE3888N3103",9723.0329335
"4999","1kmE3888N3104",9431.8674235
"5000","1kmE3888N3105",12751.925164
"5001","1kmE3888N3106",14041.895682
"5002","1kmE3888N3107",11320.5582305
"5003","1kmE3888N3108",8229.6863675
"5004","1kmE3888N3109",13127.0106295
"5005","1kmE3888N3110",11117.838753
"5006","1kmE3888N3111",11518.5692735
"5007","1kmE3888N3112",12400.6680885
"5008","1kmE3888N3113",11474.1450615
"5009","1kmE3888N3114",11045.0999675
"5010","1kmE3888N3115",11683.977646
"5011","1kmE3888N3116",12948.7097805
"5012","1kmE3888N3117",11752.150014
"5013","1kmE3888N3118",11569.2430885
"5014","1kmE3888N3119",12448.772907
"5015","1kmE3888N3120",11655.8930915
"5016","1kmE3888N3121",17409.878886
"5017","1kmE3888N3122",20183.7168875
"5018","1kmE3888N3123",17682.1188565
"5019","1kmE3888N3124",6147.8868715
"5020","1kmE3888N3125",7021.293857
"5021","1kmE3888N3126",8917.487608
"5022","1kmE3888N3127",9971.5366225
"5023","1kmE3888N3128",5444.2705545
"5024","1kmE3888N3129",6818.8278415
"5025","1kmE3888N3130",5224.0794865
"5026","1kmE3888N3131",9678.3419165
"5027","1kmE3888N3132",13471.844739
"5028","1kmE3888N3133",13151.035651
"5029","1kmE3888N3134",7209.4919035
"5030","1kmE3888N3135",3589.656947
"5031","1kmE3888N3136",6592.520022
"5032","1kmE3888N3137",6022.760734
"5033","1kmE3888N3138",10906.83395
"5034","1kmE3888N3139",11061.0794075
"5035","1kmE3888N3140",11735.496132
"5036","1kmE3888N3144",11392.3359185
"5037","1kmE3888N3145",10672.060146
"5038","1kmE3889N3084",6276.9137285
"5039","1kmE3889N3088",14925.2480785
"5040","1kmE3889N3089",17066.150027
"5041","1kmE3889N3090",14420.3759465
"5042","1kmE3889N3091",12266.369598
"5043","1kmE3889N3092",10547.547836
"5044","1kmE3889N3093",8945.217729
"5045","1kmE3889N3094",11628.838686
"5046","1kmE3889N3095",10352.359
"5047","1kmE3889N3096",7982.558117
"5048","1kmE3889N3097",15611.340524
"5049","1kmE3889N3098",13150.9583445
"5050","1kmE3889N3099",7186.513304
"5051","1kmE3889N3100",5549.389263
"5052","1kmE3889N3101",6898.297607
"5053","1kmE3889N3102",8461.8355305
"5054","1kmE3889N3103",7561.657535
"5055","1kmE3889N3104",10558.352309
"5056","1kmE3889N3105",10275.398817
"5057","1kmE3889N3106",14234.937278
"5058","1kmE3889N3107",13231.547667
"5059","1kmE3889N3108",6265.758225
"5060","1kmE3889N3109",11833.850453
"5061","1kmE3889N3110",8981.88806
"5062","1kmE3889N3111",7963.726534
"5063","1kmE3889N3112",6064.4820405
"5064","1kmE3889N3113",13259.7924175
"5065","1kmE3889N3114",9156.6776805
"5066","1kmE3889N3115",3580.9538145
"5067","1kmE3889N3116",12661.259961
"5068","1kmE3889N3117",10997.434007
"5069","1kmE3889N3118",11093.2697185
"5070","1kmE3889N3119",13901.9901805
"5071","1kmE3889N3120",11519.5516735
"5072","1kmE3889N3121",12076.9722975
"5073","1kmE3889N3122",18843.8371725
"5074","1kmE3889N3123",16629.549142
"5075","1kmE3889N3124",8519.2389795
"5076","1kmE3889N3125",8853.3445185
"5077","1kmE3889N3126",9184.835995
"5078","1kmE3889N3127",5515.441235
"5079","1kmE3889N3128",2283.5967805
"5080","1kmE3889N3129",4045.1142985
"5081","1kmE3889N3130",7601.825923
"5082","1kmE3889N3131",5573.0559655
"5083","1kmE3889N3132",11375.005908
"5084","1kmE3889N3133",12773.6579745
"5085","1kmE3889N3134",8569.4082615
"5086","1kmE3889N3135",7059.7601035
"5087","1kmE3889N3136",10469.071373
"5088","1kmE3889N3137",11298.974827
"5089","1kmE3889N3138",8166.3902455
"5090","1kmE3889N3139",7758.084322
"5091","1kmE3889N3140",13368.4410385
"5092","1kmE3890N3083",2982.4580385
"5093","1kmE3890N3084",9703.142098
"5094","1kmE3890N3085",11695.5441055
"5095","1kmE3890N3086",7349.5556115
"5096","1kmE3890N3087",8040.0751935
"5097","1kmE3890N3088",13690.374274
"5098","1kmE3890N3089",16568.534434
"5099","1kmE3890N3090",10796.520698
"5100","1kmE3890N3091",13870.644714
"5101","1kmE3890N3092",14822.4637555
"5102","1kmE3890N3093",12627.582422
"5103","1kmE3890N3094",10887.7718735
"5104","1kmE3890N3095",13567.64777
"5105","1kmE3890N3096",12504.6774695
"5106","1kmE3890N3097",15001.015829
"5107","1kmE3890N3098",9845.369567
"5108","1kmE3890N3099",2383.125896
"5109","1kmE3890N3100",8626.547583
"5110","1kmE3890N3101",8148.796292
"5111","1kmE3890N3102",8896.8525215
"5112","1kmE3890N3103",4705.8648595
"5113","1kmE3890N3104",7491.813777
"5114","1kmE3890N3105",4785.4924525
"5115","1kmE3890N3106",11385.3185005
"5116","1kmE3890N3107",12373.815354
"5117","1kmE3890N3108",6374.0429
"5118","1kmE3890N3109",5519.2448285
"5119","1kmE3890N3110",7490.6605655
"5120","1kmE3890N3111",10687.961354
"5121","1kmE3890N3112",8255.69477
"5122","1kmE3890N3113",11044.4032745
"5123","1kmE3890N3114",4727.297759
"5124","1kmE3890N3115",1968.224639
"5125","1kmE3890N3116",14132.394246
"5126","1kmE3890N3117",13227.060999
"5127","1kmE3890N3118",10139.2463415
"5128","1kmE3890N3119",8381.8635445
"5129","1kmE3890N3120",9976.636706
"5130","1kmE3890N3121",6450.3043495
"5131","1kmE3890N3122",7768.0172885
"5132","1kmE3890N3123",8085.3531355
"5133","1kmE3890N3124",7619.6167355
"5134","1kmE3890N3125",8608.864179
"5135","1kmE3890N3126",9677.5853545
"5136","1kmE3890N3127",3662.3608275
"5137","1kmE3890N3128",6368.8845845
"5138","1kmE3890N3129",5983.7814
"5139","1kmE3890N3130",3878.1826505
"5140","1kmE3890N3131",3049.870277
"5141","1kmE3890N3132",9214.135802
"5142","1kmE3890N3133",7761.0322985
"5143","1kmE3890N3134",9812.864847
"5144","1kmE3890N3135",4431.123024
"5145","1kmE3890N3136",11855.35136
"5146","1kmE3890N3137",14536.419233
"5147","1kmE3890N3138",10802.3536035
"5148","1kmE3890N3139",11277.050876
"5149","1kmE3890N3140",11420.417077
"5150","1kmE3891N3082",5566.96151
"5151","1kmE3891N3083",9257.857051
"5152","1kmE3891N3084",5695.655091
"5153","1kmE3891N3085",5076.4204455
"5154","1kmE3891N3086",4686.9851405
"5155","1kmE3891N3087",4574.8159715
"5156","1kmE3891N3088",7937.728785
"5157","1kmE3891N3089",7632.8045775
"5158","1kmE3891N3090",5049.4693565
"5159","1kmE3891N3091",10350.352326
"5160","1kmE3891N3092",12921.440455
"5161","1kmE3891N3093",13814.501951
"5162","1kmE3891N3094",10635.1774725
"5163","1kmE3891N3095",15185.866741
"5164","1kmE3891N3096",11275.0511365
"5165","1kmE3891N3097",4835.508736
"5166","1kmE3891N3098",10895.214122
"5167","1kmE3891N3099",6278.0796315
"5168","1kmE3891N3100",9991.749344
"5169","1kmE3891N3101",5492.191521
"5170","1kmE3891N3102",12313.764673
"5171","1kmE3891N3103",4745.9995925
"5172","1kmE3891N3104",6600.0331205
"5173","1kmE3891N3105",3099.3016685
"5174","1kmE3891N3106",9180.3514055
"5175","1kmE3891N3107",8453.282101
"5176","1kmE3891N3108",6554.5485225
"5177","1kmE3891N3109",6612.472001
"5178","1kmE3891N3110",11090.660844
"5179","1kmE3891N3111",7837.7835735
"5180","1kmE3891N3112",10893.0153745
"5181","1kmE3891N3113",10665.825147
"5182","1kmE3891N3114",11477.5227955
"5183","1kmE3891N3115",5902.648337
"5184","1kmE3891N3116",9353.9650465
"5185","1kmE3891N3117",13040.0353265
"5186","1kmE3891N3118",6416.263139
"5187","1kmE3891N3119",7178.334306
"5188","1kmE3891N3120",5986.764542
"5189","1kmE3891N3121",3811.244225
"5190","1kmE3891N3122",10560.09054
"5191","1kmE3891N3123",9180.146031
"5192","1kmE3891N3124",9430.2320195
"5193","1kmE3891N3125",3940.6788945
"5194","1kmE3891N3126",5570.1063155
"5195","1kmE3891N3127",2085.5284355
"5196","1kmE3891N3128",3006.854016
"5197","1kmE3891N3129",6098.318647
"5198","1kmE3891N3130",2978.1294335
"5199","1kmE3891N3131",2409.708992
"5200","1kmE3891N3132",6064.5486125
"5201","1kmE3891N3133",11723.758084
"5202","1kmE3891N3134",12155.169532
"5203","1kmE3891N3135",6876.039713
"5204","1kmE3891N3136",11063.0796575
"5205","1kmE3891N3137",14797.023258
"5206","1kmE3891N3138",12865.3837335
"5207","1kmE3891N3139",12433.557516
"5208","1kmE3891N3140",11579.146814
"5209","1kmE3892N3081",2654.350843
"5210","1kmE3892N3082",8738.2719815
"5211","1kmE3892N3083",11943.472958
"5212","1kmE3892N3084",5343.334781
"5213","1kmE3892N3085",6659.167564
"5214","1kmE3892N3086",1778.440403
"5215","1kmE3892N3087",5443.073559
"5216","1kmE3892N3088",12177.955318
"5217","1kmE3892N3089",8938.8431485
"5218","1kmE3892N3090",11201.9550755
"5219","1kmE3892N3091",12061.8499415
"5220","1kmE3892N3092",8045.6775415
"5221","1kmE3892N3093",9161.1119365
"5222","1kmE3892N3094",8521.9789375
"5223","1kmE3892N3095",10424.881755
"5224","1kmE3892N3096",7815.4514865
"5225","1kmE3892N3097",3859.756573
"5226","1kmE3892N3098",4201.799526
"5227","1kmE3892N3099",9067.1009375
"5228","1kmE3892N3100",12963.1414675
"5229","1kmE3892N3101",5545.571641
"5230","1kmE3892N3102",7774.7619755
"5231","1kmE3892N3103",4734.546088
"5232","1kmE3892N3104",4627.3957175
"5233","1kmE3892N3105",7278.1960895
"5234","1kmE3892N3106",8906.2706885
"5235","1kmE3892N3107",6016.600698
"5236","1kmE3892N3108",9221.250173
"5237","1kmE3892N3109",9910.8309265
"5238","1kmE3892N3110",10533.9693885
"5239","1kmE3892N3111",10370.8020775
"5240","1kmE3892N3112",5687.160613
"5241","1kmE3892N3113",4724.366216
"5242","1kmE3892N3114",10236.7566595
"5243","1kmE3892N3115",15397.439881
"5244","1kmE3892N3116",8998.905555
"5245","1kmE3892N3117",10185.959077
"5246","1kmE3892N3118",10834.5916565
"5247","1kmE3892N3119",10571.131785
"5248","1kmE3892N3120",6596.6495595
"5249","1kmE3892N3121",2888.183197
"5250","1kmE3892N3122",5556.195329
"5251","1kmE3892N3123",1622.682746
"5252","1kmE3892N3124",3098.9430135
"5253","1kmE3892N3125",4916.0986795
"5254","1kmE3892N3126",12657.4995625
"5255","1kmE3892N3127",4556.1818095
"5256","1kmE3892N3128",8561.9903115
"5257","1kmE3892N3129",4009.45609
"5258","1kmE3892N3130",1474.4786965
"5259","1kmE3892N3131",4626.8068875
"5260","1kmE3892N3132",13099.649121
"5261","1kmE3892N3133",13889.8103925
"5262","1kmE3892N3134",9796.2248525
"5263","1kmE3892N3135",7941.519774
"5264","1kmE3892N3136",4227.322338
"5265","1kmE3892N3137",12469.817151
"5266","1kmE3892N3138",10532.1206685
"5267","1kmE3892N3139",14733.436514
"5268","1kmE3892N3140",17146.4655665
"5269","1kmE3893N3081",4455.04444
"5270","1kmE3893N3082",9854.70719
"5271","1kmE3893N3083",4129.364246
"5272","1kmE3893N3084",6796.9791175
"5273","1kmE3893N3085",7169.4017745
"5274","1kmE3893N3086",578.3534245
"5275","1kmE3893N3087",8136.210143
"5276","1kmE3893N3088",13863.3271555
"5277","1kmE3893N3089",15471.0559725
"5278","1kmE3893N3090",17497.6122455
"5279","1kmE3893N3091",16027.194251
"5280","1kmE3893N3092",9818.8795355
"5281","1kmE3893N3093",9897.5785395
"5282","1kmE3893N3094",11306.5574355
"5283","1kmE3893N3095",10278.6684445
"5284","1kmE3893N3096",7476.9920515
"5285","1kmE3893N3097",5049.8760495
"5286","1kmE3893N3098",7857.6561745
"5287","1kmE3893N3099",15656.0244145
"5288","1kmE3893N3100",15421.872059
"5289","1kmE3893N3101",11513.7594925
"5290","1kmE3893N3102",5937.4819315
"5291","1kmE3893N3103",11816.279357
"5292","1kmE3893N3104",11777.634702
"5293","1kmE3893N3105",10894.9247995
"5294","1kmE3893N3106",5050.10016
"5295","1kmE3893N3107",5340.177028
"5296","1kmE3893N3108",9884.6592625
"5297","1kmE3893N3109",9366.184021
"5298","1kmE3893N3110",9512.9270725
"5299","1kmE3893N3111",14549.2850715
"5300","1kmE3893N3112",7130.706855
"5301","1kmE3893N3113",9643.466204
"5302","1kmE3893N3114",15722.0914785
"5303","1kmE3893N3115",17145.838343
"5304","1kmE3893N3116",13740.67796
"5305","1kmE3893N3117",17321.4042745
"5306","1kmE3893N3118",14599.9975125
"5307","1kmE3893N3119",12546.2322395
"5308","1kmE3893N3120",6574.386568
"5309","1kmE3893N3121",5972.7414285
"5310","1kmE3893N3122",8714.626541
"5311","1kmE3893N3123",5125.399383
"5312","1kmE3893N3124",6588.492207
"5313","1kmE3893N3125",3034.720703
"5314","1kmE3893N3126",7948.379683
"5315","1kmE3893N3127",4210.638233
"5316","1kmE3893N3128",9099.938825
"5317","1kmE3893N3129",1637.3325805
"5318","1kmE3893N3130",2043.180369
"5319","1kmE3893N3131",8276.799578
"5320","1kmE3893N3132",13609.610223
"5321","1kmE3893N3133",12752.743184
"5322","1kmE3893N3134",4983.202992
"5323","1kmE3893N3135",11228.0756005
"5324","1kmE3893N3136",8797.028268
"5325","1kmE3893N3137",14661.0865885
"5326","1kmE3893N3138",8986.5043345
"5327","1kmE3893N3139",10919.132768
"5328","1kmE3893N3140",13558.346308
"5329","1kmE3893N3141",13210.1135125
"5330","1kmE3894N3081",7313.1859765
"5331","1kmE3894N3082",11175.263963
"5332","1kmE3894N3083",6859.04714
"5333","1kmE3894N3084",2969.705572
"5334","1kmE3894N3085",5646.1448385
"5335","1kmE3894N3086",2444.0923695
"5336","1kmE3894N3087",5403.0777025
"5337","1kmE3894N3088",10074.2129765
"5338","1kmE3894N3089",13520.5760005
"5339","1kmE3894N3090",15030.7527735
"5340","1kmE3894N3091",14345.001564
"5341","1kmE3894N3092",8750.984605
"5342","1kmE3894N3093",10411.7340495
"5343","1kmE3894N3094",13564.423615
"5344","1kmE3894N3095",11702.1975625
"5345","1kmE3894N3096",7856.8937235
"5346","1kmE3894N3097",8296.7111915
"5347","1kmE3894N3098",10363.965658
"5348","1kmE3894N3099",13583.2170855
"5349","1kmE3894N3100",14607.26303
"5350","1kmE3894N3101",11211.685458
"5351","1kmE3894N3102",10081.442782
"5352","1kmE3894N3103",12218.5894745
"5353","1kmE3894N3104",12803.9787135
"5354","1kmE3894N3105",8323.9646525
"5355","1kmE3894N3106",1510.5150005
"5356","1kmE3894N3107",5202.001802
"5357","1kmE3894N3108",10699.962437
"5358","1kmE3894N3109",6060.570798
"5359","1kmE3894N3110",13179.6303945
"5360","1kmE3894N3111",14517.799106
"5361","1kmE3894N3112",9181.002632
"5362","1kmE3894N3113",17008.1325845
"5363","1kmE3894N3114",19227.192516
"5364","1kmE3894N3115",14443.806189
"5365","1kmE3894N3116",10609.9959415
"5366","1kmE3894N3117",15949.202377
"5367","1kmE3894N3118",15815.566099
"5368","1kmE3894N3119",14294.811976
"5369","1kmE3894N3120",14408.646363
"5370","1kmE3894N3121",8581.506862
"5371","1kmE3894N3122",3844.359194
"5372","1kmE3894N3123",6116.982879
"5373","1kmE3894N3124",3987.6906355
"5374","1kmE3894N3125",4141.197963
"5375","1kmE3894N3126",8339.6558895
"5376","1kmE3894N3127",8881.5624825
"5377","1kmE3894N3128",8796.398635
"5378","1kmE3894N3129",2248.9576955
"5379","1kmE3894N3130",7250.445987
"5380","1kmE3894N3131",11239.234974
"5381","1kmE3894N3132",14709.585936
"5382","1kmE3894N3133",11248.444416
"5383","1kmE3894N3134",3428.5204995
"5384","1kmE3894N3135",7404.283269
"5385","1kmE3894N3136",11499.395443
"5386","1kmE3894N3137",9228.9963685
"5387","1kmE3894N3138",15549.9918205
"5388","1kmE3894N3139",14874.5036845
"5389","1kmE3894N3140",14654.033473
"5390","1kmE3894N3141",14077.645975
"5391","1kmE3895N3081",9755.3320405
"5392","1kmE3895N3082",11866.299077
"5393","1kmE3895N3083",2187.719639
"5394","1kmE3895N3084",6052.926827
"5395","1kmE3895N3085",6993.7814715
"5396","1kmE3895N3086",9318.60756
"5397","1kmE3895N3087",11469.6811235
"5398","1kmE3895N3088",7013.289241
"5399","1kmE3895N3089",6131.3391085
"5400","1kmE3895N3090",4805.3477685
"5401","1kmE3895N3091",6911.4692515
"5402","1kmE3895N3092",4031.857717
"5403","1kmE3895N3093",9515.780609
"5404","1kmE3895N3094",13137.2225595
"5405","1kmE3895N3095",11589.395771
"5406","1kmE3895N3096",6177.9415445
"5407","1kmE3895N3097",6708.0912
"5408","1kmE3895N3098",12360.185882
"5409","1kmE3895N3099",14397.8444745
"5410","1kmE3895N3100",4552.4818375
"5411","1kmE3895N3101",10003.536152
"5412","1kmE3895N3102",13563.849669
"5413","1kmE3895N3103",13704.188559
"5414","1kmE3895N3104",13037.6106555
"5415","1kmE3895N3105",7858.1373245
"5416","1kmE3895N3106",11787.94213
"5417","1kmE3895N3107",11266.9329395
"5418","1kmE3895N3108",14177.7774405
"5419","1kmE3895N3109",10225.525847
"5420","1kmE3895N3110",14763.454263
"5421","1kmE3895N3111",13228.9069265
"5422","1kmE3895N3112",12121.4366585
"5423","1kmE3895N3113",17401.7398185
"5424","1kmE3895N3114",19044.165682
"5425","1kmE3895N3115",15938.5151125
"5426","1kmE3895N3116",12178.3150975
"5427","1kmE3895N3117",15765.8234635
"5428","1kmE3895N3118",18503.2669615
"5429","1kmE3895N3119",16246.813242
"5430","1kmE3895N3120",15788.1590985
"5431","1kmE3895N3121",9378.199856
"5432","1kmE3895N3122",7359.3000915
"5433","1kmE3895N3123",7135.6981005
"5434","1kmE3895N3124",8707.094899
"5435","1kmE3895N3125",9193.302605
"5436","1kmE3895N3126",11289.922927
"5437","1kmE3895N3127",10750.3117085
"5438","1kmE3895N3128",8237.443246
"5439","1kmE3895N3129",7712.464659
"5440","1kmE3895N3130",7376.9102715
"5441","1kmE3895N3131",11632.097561
"5442","1kmE3895N3132",17418.207108
"5443","1kmE3895N3133",13155.684261
"5444","1kmE3895N3134",3651.166361
"5445","1kmE3895N3135",10560.5528455
"5446","1kmE3895N3136",13371.470572
"5447","1kmE3895N3137",11976.003225
"5448","1kmE3895N3138",13877.9354225
"5449","1kmE3895N3139",14858.063772
"5450","1kmE3896N3081",6450.8681535
"5451","1kmE3896N3082",7881.0808805
"5452","1kmE3896N3083",4873.4937825
"5453","1kmE3896N3084",9391.946567
"5454","1kmE3896N3085",10164.4545645
"5455","1kmE3896N3086",7138.9910045
"5456","1kmE3896N3087",4013.4728325
"5457","1kmE3896N3088",3841.9950345
"5458","1kmE3896N3089",5376.1182495
"5459","1kmE3896N3090",7013.187343
"5460","1kmE3896N3091",5964.487721
"5461","1kmE3896N3092",10906.658543
"5462","1kmE3896N3093",13705.741498
"5463","1kmE3896N3094",11185.2683535
"5464","1kmE3896N3095",10262.2982345
"5465","1kmE3896N3096",4168.5324525
"5466","1kmE3896N3097",2439.038932
"5467","1kmE3896N3098",8329.509982
"5468","1kmE3896N3099",8794.7077455
"5469","1kmE3896N3100",4562.8517705
"5470","1kmE3896N3101",6835.551327
"5471","1kmE3896N3102",11566.020947
"5472","1kmE3896N3103",15481.162849
"5473","1kmE3896N3104",16609.4214295
"5474","1kmE3896N3105",16239.7747865
"5475","1kmE3896N3106",15577.7796915
"5476","1kmE3896N3107",11089.610183
"5477","1kmE3896N3108",13330.225895
"5478","1kmE3896N3109",11989.635626
"5479","1kmE3896N3110",14641.396955
"5480","1kmE3896N3111",13321.884708
"5481","1kmE3896N3112",16124.3313415
"5482","1kmE3896N3113",17792.4209875
"5483","1kmE3896N3114",17817.114367
"5484","1kmE3896N3115",15424.787689
"5485","1kmE3896N3116",13378.8421545
"5486","1kmE3896N3117",17733.003667
"5487","1kmE3896N3118",19872.64627
"5488","1kmE3896N3119",16287.078108
"5489","1kmE3896N3120",16339.1847465
"5490","1kmE3896N3121",7253.025825
"5491","1kmE3896N3122",5281.000513
"5492","1kmE3896N3123",4451.467128
"5493","1kmE3896N3124",7261.3478415
"5494","1kmE3896N3125",3843.930282
"5495","1kmE3896N3126",7103.0375055
"5496","1kmE3896N3127",8935.7971035
"5497","1kmE3896N3128",4252.398091
"5498","1kmE3896N3129",6905.7547775
"5499","1kmE3896N3130",7525.4353665
"5500","1kmE3896N3131",10085.569083
"5501","1kmE3896N3132",15629.2936875
"5502","1kmE3896N3133",16301.2132525
"5503","1kmE3896N3134",8491.092906
"5504","1kmE3896N3135",8128.088564
"5505","1kmE3896N3136",13534.434791
"5506","1kmE3896N3137",14394.1111015
"5507","1kmE3896N3138",14554.208809
"5508","1kmE3896N3139",13856.244452
"5509","1kmE3896N3140",13504.7202805
"5510","1kmE3897N3081",1910.4966645
"5511","1kmE3897N3082",4050.178785
"5512","1kmE3897N3083",6916.306138
"5513","1kmE3897N3084",4181.1242755
"5514","1kmE3897N3085",2397.9449685
"5515","1kmE3897N3086",2320.9628005
"5516","1kmE3897N3087",9369.354752
"5517","1kmE3897N3088",9458.887757
"5518","1kmE3897N3089",6548.3991925
"5519","1kmE3897N3090",5589.451801
"5520","1kmE3897N3091",7545.2918465
"5521","1kmE3897N3092",12232.6792325
"5522","1kmE3897N3093",13674.7015115
"5523","1kmE3897N3094",12782.04841
"5524","1kmE3897N3095",12465.512756
"5525","1kmE3897N3096",10655.5703335
"5526","1kmE3897N3097",5765.9066655
"5527","1kmE3897N3098",12244.1097735
"5528","1kmE3897N3099",13439.6743315
"5529","1kmE3897N3100",6566.2709055
"5530","1kmE3897N3101",6631.9186605
"5531","1kmE3897N3102",4548.0007825
"5532","1kmE3897N3103",12395.8603105
"5533","1kmE3897N3104",15318.823536
"5534","1kmE3897N3105",15545.4354865
"5535","1kmE3897N3106",12111.7360455
"5536","1kmE3897N3107",10677.788555
"5537","1kmE3897N3108",13498.3567975
"5538","1kmE3897N3109",14254.9832385
"5539","1kmE3897N3110",12216.8200395
"5540","1kmE3897N3111",16084.261483
"5541","1kmE3897N3112",16535.081555
"5542","1kmE3897N3113",15588.5634125
"5543","1kmE3897N3114",14788.9810745
"5544","1kmE3897N3115",10873.404924
"5545","1kmE3897N3116",8548.9976665
"5546","1kmE3897N3117",17017.2570435
"5547","1kmE3897N3118",18711.1520175
"5548","1kmE3897N3119",17155.4707175
"5549","1kmE3897N3120",16852.373894
"5550","1kmE3897N3121",9957.8356205
"5551","1kmE3897N3122",562.1593895
"5552","1kmE3897N3123",5700.552928
"5553","1kmE3897N3124",7772.0387145
"5554","1kmE3897N3125",3251.99126
"5555","1kmE3897N3126",7802.386763
"5556","1kmE3897N3127",10947.1544805
"5557","1kmE3897N3128",3793.9554195
"5558","1kmE3897N3129",8507.808215
"5559","1kmE3897N3130",6091.212418
"5560","1kmE3897N3131",5778.1211495
"5561","1kmE3897N3132",14554.633968
"5562","1kmE3897N3133",15243.9777685
"5563","1kmE3897N3134",12865.7822835
"5564","1kmE3897N3135",9213.397781
"5565","1kmE3897N3136",5573.19115
"5566","1kmE3897N3137",9121.545456
"5567","1kmE3897N3138",13475.433345
"5568","1kmE3897N3139",12906.103567
"5569","1kmE3897N3140",15290.0477315
"5570","1kmE3898N3081",4488.5180375
"5571","1kmE3898N3082",4425.4311165
"5572","1kmE3898N3083",3210.6046265
"5573","1kmE3898N3084",2918.855765
"5574","1kmE3898N3085",7221.6918025
"5575","1kmE3898N3086",6523.7542935
"5576","1kmE3898N3087",10192.0133505
"5577","1kmE3898N3088",8186.8225805
"5578","1kmE3898N3089",10461.4720305
"5579","1kmE3898N3090",9516.74529
"5580","1kmE3898N3091",10396.8315545
"5581","1kmE3898N3092",6844.478219
"5582","1kmE3898N3093",3908.2799955
"5583","1kmE3898N3094",10683.4512885
"5584","1kmE3898N3095",14549.717869
"5585","1kmE3898N3096",14948.216898
"5586","1kmE3898N3097",13448.36799
"5587","1kmE3898N3098",10874.8432785
"5588","1kmE3898N3099",8432.1003115
"5589","1kmE3898N3100",9388.9595635
"5590","1kmE3898N3101",8414.987424
"5591","1kmE3898N3102",1503.757364
"5592","1kmE3898N3103",6054.715078
"5593","1kmE3898N3104",7751.754188
"5594","1kmE3898N3105",5722.799688
"5595","1kmE3898N3106",2536.2920385
"5596","1kmE3898N3107",9049.242987
"5597","1kmE3898N3108",12167.4392065
"5598","1kmE3898N3109",14651.9051175
"5599","1kmE3898N3110",13517.6299275
"5600","1kmE3898N3111",14056.4055765
"5601","1kmE3898N3112",13177.492535
"5602","1kmE3898N3113",11852.119034
"5603","1kmE3898N3114",6632.7162475
"5604","1kmE3898N3115",6133.265097
"5605","1kmE3898N3116",11609.5227865
"5606","1kmE3898N3117",17132.0766465
"5607","1kmE3898N3118",17369.724518
"5608","1kmE3898N3119",17760.587704
"5609","1kmE3898N3120",17471.5867515
"5610","1kmE3898N3121",11809.478809
"5611","1kmE3898N3122",1451.914447
"5612","1kmE3898N3123",3467.823733
"5613","1kmE3898N3124",5850.343905
"5614","1kmE3898N3125",6527.9180035
"5615","1kmE3898N3126",6440.3076925
"5616","1kmE3898N3127",3972.4481425
"5617","1kmE3898N3128",5783.58004
"5618","1kmE3898N3129",5331.521041
"5619","1kmE3898N3130",6283.518265
"5620","1kmE3898N3131",10265.273341
"5621","1kmE3898N3132",12846.491623
"5622","1kmE3898N3133",10942.0388375
"5623","1kmE3898N3134",10646.0482895
"5624","1kmE3898N3135",9548.703724
"5625","1kmE3898N3136",9738.9883235
"5626","1kmE3898N3137",10592.977707
"5627","1kmE3898N3138",10729.9558965
"5628","1kmE3898N3139",14848.679633
"5629","1kmE3898N3140",15482.691494
"5630","1kmE3899N3081",7578.6314145
"5631","1kmE3899N3082",7502.513076
"5632","1kmE3899N3083",8046.6202785
"5633","1kmE3899N3084",5883.957816
"5634","1kmE3899N3085",10827.6822765
"5635","1kmE3899N3086",13039.759729
"5636","1kmE3899N3087",10339.3580415
"5637","1kmE3899N3088",2662.721973
"5638","1kmE3899N3089",5754.5473645
"5639","1kmE3899N3090",7694.85751
"5640","1kmE3899N3091",7414.1821915
"5641","1kmE3899N3092",8624.455621
"5642","1kmE3899N3093",5498.187553
"5643","1kmE3899N3094",9594.1443105
"5644","1kmE3899N3095",9137.1875565
"5645","1kmE3899N3096",12942.466121
"5646","1kmE3899N3097",15968.4129375
"5647","1kmE3899N3098",13952.8277905
"5648","1kmE3899N3099",12573.07482
"5649","1kmE3899N3100",13823.4868705
"5650","1kmE3899N3101",11396.930381
"5651","1kmE3899N3102",9467.918383
"5652","1kmE3899N3103",13362.012601
"5653","1kmE3899N3104",8916.973203
"5654","1kmE3899N3105",6465.852694
"5655","1kmE3899N3106",6655.3804095
"5656","1kmE3899N3107",10294.9554325
"5657","1kmE3899N3108",11626.6688375
"5658","1kmE3899N3109",13198.514737
"5659","1kmE3899N3110",17690.926942
"5660","1kmE3899N3111",17918.3490975
"5661","1kmE3899N3112",17569.7486885
"5662","1kmE3899N3113",13201.850245
"5663","1kmE3899N3114",8973.833984
"5664","1kmE3899N3115",8755.5287025
"5665","1kmE3899N3116",17272.070628
"5666","1kmE3899N3117",18646.0539995
"5667","1kmE3899N3118",18315.3082695
"5668","1kmE3899N3119",16547.54565
"5669","1kmE3899N3120",16190.8451515
"5670","1kmE3899N3121",15588.447533
"5671","1kmE3899N3122",7167.5198305
"5672","1kmE3899N3123",5727.38966
"5673","1kmE3899N3124",8434.1243495
"5674","1kmE3899N3125",4021.301654
"5675","1kmE3899N3126",6358.6029695
"5676","1kmE3899N3127",7790.1837745
"5677","1kmE3899N3128",13969.5496915
"5678","1kmE3899N3129",15432.703674
"5679","1kmE3899N3130",12420.0217555
"5680","1kmE3899N3131",11019.9106005
"5681","1kmE3899N3132",11416.5958035
"5682","1kmE3899N3133",16141.5651685
"5683","1kmE3899N3134",14239.0688585
"5684","1kmE3899N3135",8852.171526
"5685","1kmE3899N3136",3810.1165955
"5686","1kmE3899N3137",3898.14849
"5687","1kmE3899N3138",14199.8945635
"5688","1kmE3899N3139",17167.102125
"5689","1kmE3899N3140",15972.9127035
"5690","1kmE3899N3141",13441.8739585
"5691","1kmE3900N3082",8732.494803
"5692","1kmE3900N3083",5737.2717095
"5693","1kmE3900N3084",745.065364
"5694","1kmE3900N3085",6517.0481605
"5695","1kmE3900N3086",8529.036257
"5696","1kmE3900N3087",12003.89671
"5697","1kmE3900N3088",9064.495974
"5698","1kmE3900N3089",9320.0318295
"5699","1kmE3900N3090",10269.3465275
"5700","1kmE3900N3091",7509.306594
"5701","1kmE3900N3092",7489.222212
"5702","1kmE3900N3093",6052.142439
"5703","1kmE3900N3094",1410.8161855
"5704","1kmE3900N3095",4626.1480895
"5705","1kmE3900N3096",8178.244818
"5706","1kmE3900N3097",10196.0613065
"5707","1kmE3900N3098",8676.2460775
"5708","1kmE3900N3099",7127.0902485
"5709","1kmE3900N3100",7210.4385995
"5710","1kmE3900N3101",5434.7192765
"5711","1kmE3900N3102",15746.512984
"5712","1kmE3900N3103",15490.3278015
"5713","1kmE3900N3104",9594.418316
"5714","1kmE3900N3105",7912.307889
"5715","1kmE3900N3106",10702.027123
"5716","1kmE3900N3107",9080.526989
"5717","1kmE3900N3108",7731.10239
"5718","1kmE3900N3109",15941.2434535
"5719","1kmE3900N3110",19486.657372
"5720","1kmE3900N3111",18050.010891
"5721","1kmE3900N3112",13472.839722
"5722","1kmE3900N3113",12205.5925415
"5723","1kmE3900N3114",7816.899937
"5724","1kmE3900N3115",5055.2639485
"5725","1kmE3900N3116",15392.439485
"5726","1kmE3900N3117",17009.9649675
"5727","1kmE3900N3118",15809.2435505
"5728","1kmE3900N3119",16022.3465685
"5729","1kmE3900N3120",14802.665377
"5730","1kmE3900N3121",13833.846709
"5731","1kmE3900N3122",11026.1963745
"5732","1kmE3900N3123",4763.841859
"5733","1kmE3900N3124",10313.4785995
"5734","1kmE3900N3125",11527.880988
"5735","1kmE3900N3126",8886.127337
"5736","1kmE3900N3127",14745.0996425
"5737","1kmE3900N3128",19072.0169745
"5738","1kmE3900N3129",20893.711129
"5739","1kmE3900N3130",17498.423897
"5740","1kmE3900N3131",11446.249163
"5741","1kmE3900N3132",10278.956109
"5742","1kmE3900N3133",16170.8990835
"5743","1kmE3900N3134",16570.9015085
"5744","1kmE3900N3135",8402.9150505
"5745","1kmE3900N3136",4339.153484
"5746","1kmE3900N3137",8307.8652805
"5747","1kmE3900N3138",13458.751195
"5748","1kmE3900N3139",13727.998218
"5749","1kmE3900N3140",11043.117849
"5750","1kmE3900N3141",12293.058177
"5751","1kmE3901N3081",3638.4048755
"5752","1kmE3901N3082",1735.988472
"5753","1kmE3901N3083",3007.703081
"5754","1kmE3901N3084",1152.6963855
"5755","1kmE3901N3085",4495.0680525
"5756","1kmE3901N3086",2662.333232
"5757","1kmE3901N3087",5586.697822
"5758","1kmE3901N3088",2908.3085885
"5759","1kmE3901N3089",6105.673398
"5760","1kmE3901N3090",8119.9896215
"5761","1kmE3901N3091",5151.8568895
"5762","1kmE3901N3092",6070.9133755
"5763","1kmE3901N3093",8052.212991
"5764","1kmE3901N3094",11290.5068795
"5765","1kmE3901N3095",10732.614065
"5766","1kmE3901N3096",6883.9544165
"5767","1kmE3901N3097",9500.615015
"5768","1kmE3901N3098",9833.9284355
"5769","1kmE3901N3099",6140.9493495
"5770","1kmE3901N3100",8607.7571445
"5771","1kmE3901N3101",4282.2507915
"5772","1kmE3901N3102",14964.991147
"5773","1kmE3901N3103",16662.9087815
"5774","1kmE3901N3104",15191.0255395
"5775","1kmE3901N3105",12400.928238
"5776","1kmE3901N3106",14419.0860915
"5777","1kmE3901N3107",17288.222128
"5778","1kmE3901N3108",13895.1788995
"5779","1kmE3901N3109",13296.087375
"5780","1kmE3901N3110",16356.9878555
"5781","1kmE3901N3111",13439.1015265
"5782","1kmE3901N3112",10148.3108375
"5783","1kmE3901N3113",10517.692934
"5784","1kmE3901N3114",12687.1557945
"5785","1kmE3901N3115",9761.5427385
"5786","1kmE3901N3116",8973.1864575
"5787","1kmE3901N3117",9052.59271
"5788","1kmE3901N3118",10066.2719995
"5789","1kmE3901N3119",15332.987139
"5790","1kmE3901N3120",13910.564197
"5791","1kmE3901N3121",12896.73279
"5792","1kmE3901N3122",5784.297521
"5793","1kmE3901N3123",2857.242472
"5794","1kmE3901N3124",3628.1549095
"5795","1kmE3901N3125",9194.987345
"5796","1kmE3901N3126",10608.4403155
"5797","1kmE3901N3127",16811.107887
"5798","1kmE3901N3128",17290.9134435
"5799","1kmE3901N3129",17755.2865235
"5800","1kmE3901N3130",12022.206301
"5801","1kmE3901N3131",5237.1250285
"5802","1kmE3901N3132",8301.7771085
"5803","1kmE3901N3133",11373.2749275
"5804","1kmE3901N3134",13820.48452
"5805","1kmE3901N3135",11791.6202005
"5806","1kmE3901N3136",9408.2014415
"5807","1kmE3901N3137",7977.7247
"5808","1kmE3901N3138",9929.67388
"5809","1kmE3901N3139",6358.0047315
"5810","1kmE3901N3140",5976.412777
"5811","1kmE3901N3141",12509.9247495
"5812","1kmE3901N3142",15759.2088145
"5813","1kmE3902N3082",2449.1196315
"5814","1kmE3902N3083",10079.879531
"5815","1kmE3902N3084",5810.623451
"5816","1kmE3902N3085",10891.3112945
"5817","1kmE3902N3086",6012.103864
"5818","1kmE3902N3087",744.0283455
"5819","1kmE3902N3088",1677.223979
"5820","1kmE3902N3089",5254.1325355
"5821","1kmE3902N3090",7987.5515525
"5822","1kmE3902N3091",2496.400354
"5823","1kmE3902N3092",6140.3340915
"5824","1kmE3902N3093",10047.3143795
"5825","1kmE3902N3094",16833.5969585
"5826","1kmE3902N3095",16062.6490215
"5827","1kmE3902N3096",11133.6973815
"5828","1kmE3902N3097",10011.4704895
"5829","1kmE3902N3098",15525.1938565
"5830","1kmE3902N3099",14039.467295
"5831","1kmE3902N3100",9610.2970045
"5832","1kmE3902N3101",5460.721371
"5833","1kmE3902N3102",9597.662941
"5834","1kmE3902N3103",12469.9421265
"5835","1kmE3902N3104",13963.61105
"5836","1kmE3902N3105",13805.551062
"5837","1kmE3902N3106",18219.592398
"5838","1kmE3902N3107",22316.568652
"5839","1kmE3902N3108",19669.9261545
"5840","1kmE3902N3109",15846.084445
"5841","1kmE3902N3110",12638.644041
"5842","1kmE3902N3111",10665.118616
"5843","1kmE3902N3112",8233.8388955
"5844","1kmE3902N3113",5088.8585535
"5845","1kmE3902N3114",6445.223229
"5846","1kmE3902N3115",9808.934699
"5847","1kmE3902N3116",7702.6082655
"5848","1kmE3902N3117",10193.226301
"5849","1kmE3902N3118",8320.6263985
"5850","1kmE3902N3119",12452.250243
"5851","1kmE3902N3120",8519.0657075
"5852","1kmE3902N3121",2822.94446
"5853","1kmE3902N3122",859.535662
"5854","1kmE3902N3123",5714.6549
"5855","1kmE3902N3124",6009.706011
"5856","1kmE3902N3125",8140.315854
"5857","1kmE3902N3126",14683.8848505
"5858","1kmE3902N3127",18143.862468
"5859","1kmE3902N3128",14985.7972935
"5860","1kmE3902N3129",9724.1280155
"5861","1kmE3902N3130",3953.2867715
"5862","1kmE3902N3131",6640.647129
"5863","1kmE3902N3132",8109.593856
"5864","1kmE3902N3133",8308.2730845
"5865","1kmE3902N3134",14622.6460675
"5866","1kmE3902N3135",15212.846815
"5867","1kmE3902N3136",14154.598951
"5868","1kmE3902N3137",10395.113292
"5869","1kmE3902N3138",13388.708002
"5870","1kmE3902N3139",10476.7336925
"5871","1kmE3902N3140",7548.477047
"5872","1kmE3902N3141",10461.8191135
"5873","1kmE3902N3142",15606.102986
"5874","1kmE3903N3083",13529.555184
"5875","1kmE3903N3084",12877.9470115
"5876","1kmE3903N3085",8428.3908355
"5877","1kmE3903N3086",10482.6311505
"5878","1kmE3903N3087",4939.464862
"5879","1kmE3903N3088",4985.4417525
"5880","1kmE3903N3089",7594.700838
"5881","1kmE3903N3090",10215.960658
"5882","1kmE3903N3091",3976.426572
"5883","1kmE3903N3092",5289.548742
"5884","1kmE3903N3093",11033.3254625
"5885","1kmE3903N3094",16908.3990775
"5886","1kmE3903N3095",16901.108814
"5887","1kmE3903N3096",11280.709099
"5888","1kmE3903N3097",11777.713601
"5889","1kmE3903N3098",11119.6878875
"5890","1kmE3903N3099",16742.265754
"5891","1kmE3903N3100",18463.121451
"5892","1kmE3903N3101",18924.7232805
"5893","1kmE3903N3102",11616.671729
"5894","1kmE3903N3103",9902.1513195
"5895","1kmE3903N3104",21532.0295385
"5896","1kmE3903N3105",21586.1635125
"5897","1kmE3903N3106",19291.22316
"5898","1kmE3903N3107",22193.526267
"5899","1kmE3903N3108",19785.4540875
"5900","1kmE3903N3109",12880.0033205
"5901","1kmE3903N3110",4272.5863985
"5902","1kmE3903N3111",7601.7793975
"5903","1kmE3903N3112",15985.20703
"5904","1kmE3903N3113",11345.8724135
"5905","1kmE3903N3114",5797.260291
"5906","1kmE3903N3115",5747.6045585
"5907","1kmE3903N3116",3598.8983545
"5908","1kmE3903N3117",7391.0296015
"5909","1kmE3903N3118",8638.2423245
"5910","1kmE3903N3119",14060.313806
"5911","1kmE3903N3120",12082.113755
"5912","1kmE3903N3121",4990.6107775
"5913","1kmE3903N3122",2705.2792425
"5914","1kmE3903N3123",4501.356693
"5915","1kmE3903N3124",5541.075672
"5916","1kmE3903N3125",6076.636335
"5917","1kmE3903N3126",14076.161652
"5918","1kmE3903N3127",13858.7713265
"5919","1kmE3903N3128",6490.3776875
"5920","1kmE3903N3129",6637.400811
"5921","1kmE3903N3130",9681.863827
"5922","1kmE3903N3131",9219.971157
"5923","1kmE3903N3132",8919.3397085
"5924","1kmE3903N3133",6462.2975085
"5925","1kmE3903N3134",12345.2168665
"5926","1kmE3903N3135",15715.2175095
"5927","1kmE3903N3136",14279.323
"5928","1kmE3903N3137",6598.207958
"5929","1kmE3903N3138",12129.1823655
"5930","1kmE3903N3139",7416.640593
"5931","1kmE3903N3140",3666.524735
"5932","1kmE3903N3141",12751.375233
"5933","1kmE3903N3142",13176.909416
"5934","1kmE3903N3143",12888.7846955
"5935","1kmE3904N3082",4524.6887505
"5936","1kmE3904N3083",8919.8362805
"5937","1kmE3904N3084",10482.893208
"5938","1kmE3904N3085",9746.497519
"5939","1kmE3904N3086",6729.3539005
"5940","1kmE3904N3087",9242.111615
"5941","1kmE3904N3088",4449.0419015
"5942","1kmE3904N3089",8357.2512345
"5943","1kmE3904N3090",11033.5932165
"5944","1kmE3904N3091",9192.2572185
"5945","1kmE3904N3092",6217.779709
"5946","1kmE3904N3093",12468.4851515
"5947","1kmE3904N3094",14602.6537725
"5948","1kmE3904N3095",16461.3209495
"5949","1kmE3904N3096",13860.52832
"5950","1kmE3904N3097",12043.386363
"5951","1kmE3904N3098",14187.971956
"5952","1kmE3904N3099",10796.3050535
"5953","1kmE3904N3100",14503.1590605
"5954","1kmE3904N3101",15106.6938475
"5955","1kmE3904N3102",14086.1207275
"5956","1kmE3904N3103",15863.953615
"5957","1kmE3904N3104",22911.158611
"5958","1kmE3904N3105",21779.509124
"5959","1kmE3904N3106",17447.131036
"5960","1kmE3904N3107",16333.0701685
"5961","1kmE3904N3108",15721.7402955
"5962","1kmE3904N3109",15191.4770155
"5963","1kmE3904N3110",8665.8680125
"5964","1kmE3904N3111",13068.008978
"5965","1kmE3904N3112",16103.827338
"5966","1kmE3904N3113",16339.299683
"5967","1kmE3904N3114",15240.304626
"5968","1kmE3904N3115",6592.514903
"5969","1kmE3904N3116",3786.6922535
"5970","1kmE3904N3117",8403.759981
"5971","1kmE3904N3118",7168.0390695
"5972","1kmE3904N3119",9001.2931665
"5973","1kmE3904N3120",11416.75538
"5974","1kmE3904N3121",4664.598195
"5975","1kmE3904N3122",4495.579564
"5976","1kmE3904N3123",7418.0469785
"5977","1kmE3904N3124",3955.179113
"5978","1kmE3904N3125",3809.489131
"5979","1kmE3904N3126",12124.998025
"5980","1kmE3904N3127",7400.7825475
"5981","1kmE3904N3128",6004.050254
"5982","1kmE3904N3129",12739.835601
"5983","1kmE3904N3130",8763.6143625
"5984","1kmE3904N3131",11236.551108
"5985","1kmE3904N3132",7942.1834705
"5986","1kmE3904N3133",6981.195875
"5987","1kmE3904N3134",3037.636068
"5988","1kmE3904N3135",11341.375941
"5989","1kmE3904N3136",12076.472284
"5990","1kmE3904N3137",6206.842162
"5991","1kmE3904N3138",5912.54247
"5992","1kmE3904N3139",2423.1728285
"5993","1kmE3904N3140",8844.994081
"5994","1kmE3904N3141",15500.96804
"5995","1kmE3904N3142",15432.9318715
"5996","1kmE3904N3143",14113.0757575
"5997","1kmE3905N3083",2981.9822265
"5998","1kmE3905N3084",2255.328384
"5999","1kmE3905N3085",8044.659323
"6000","1kmE3905N3086",9898.950705
"6001","1kmE3905N3087",7929.6658835
"6002","1kmE3905N3088",3352.0175505
"6003","1kmE3905N3089",11454.0684305
"6004","1kmE3905N3090",17238.5153275
"6005","1kmE3905N3091",14417.204685
"6006","1kmE3905N3092",8119.0042135
"6007","1kmE3905N3093",10720.891473
"6008","1kmE3905N3094",9569.323565
"6009","1kmE3905N3095",6705.95253
"6010","1kmE3905N3096",7904.267453
"6011","1kmE3905N3097",10693.1800485
"6012","1kmE3905N3098",12993.8801585
"6013","1kmE3905N3099",9315.561292
"6014","1kmE3905N3100",13157.151555
"6015","1kmE3905N3101",11339.5638425
"6016","1kmE3905N3102",16395.922724
"6017","1kmE3905N3103",12670.986812
"6018","1kmE3905N3104",18059.1334905
"6019","1kmE3905N3105",18495.4515985
"6020","1kmE3905N3106",18328.276038
"6021","1kmE3905N3107",18344.6462825
"6022","1kmE3905N3108",15238.146433
"6023","1kmE3905N3109",14141.53412
"6024","1kmE3905N3110",11628.8248635
"6025","1kmE3905N3111",13719.883176
"6026","1kmE3905N3112",12960.273886
"6027","1kmE3905N3113",13362.351609
"6028","1kmE3905N3114",14387.298219
"6029","1kmE3905N3115",14660.4868385
"6030","1kmE3905N3116",10940.9488845
"6031","1kmE3905N3117",12442.915139
"6032","1kmE3905N3118",15100.5919525
"6033","1kmE3905N3119",9187.4526185
"6034","1kmE3905N3120",16213.12211
"6035","1kmE3905N3121",6302.2138275
"6036","1kmE3905N3122",7617.9907515
"6037","1kmE3905N3123",4961.9755965
"6038","1kmE3905N3124",3773.920542
"6039","1kmE3905N3125",4385.3150265
"6040","1kmE3905N3126",10493.774568
"6041","1kmE3905N3127",11152.1904115
"6042","1kmE3905N3128",7268.303907
"6043","1kmE3905N3129",8498.961193
"6044","1kmE3905N3130",5564.1094875
"6045","1kmE3905N3131",11653.885382
"6046","1kmE3905N3132",8377.79496
"6047","1kmE3905N3133",1416.5911625
"6048","1kmE3905N3134",4689.3343835
"6049","1kmE3905N3135",7725.7547075
"6050","1kmE3905N3136",8521.6809465
"6051","1kmE3905N3137",9534.877601
"6052","1kmE3905N3138",13179.3239695
"6053","1kmE3905N3139",5105.509322
"6054","1kmE3905N3140",6097.419471
"6055","1kmE3905N3141",12990.252004
"6056","1kmE3905N3142",15136.4767195
"6057","1kmE3905N3143",15604.0450925
"6058","1kmE3906N3083",1124.2203985
"6059","1kmE3906N3084",4001.5609195
"6060","1kmE3906N3085",9184.443938
"6061","1kmE3906N3086",5744.7611585
"6062","1kmE3906N3087",6914.3242425
"6063","1kmE3906N3088",2059.7633485
"6064","1kmE3906N3089",7078.8597325
"6065","1kmE3906N3090",13418.811321
"6066","1kmE3906N3091",11303.4720335
"6067","1kmE3906N3092",7300.6511275
"6068","1kmE3906N3093",6582.8096245
"6069","1kmE3906N3094",9237.230512
"6070","1kmE3906N3095",11052.7350285
"6071","1kmE3906N3096",12901.4525185
"6072","1kmE3906N3097",15357.211853
"6073","1kmE3906N3098",12309.2706975
"6074","1kmE3906N3099",10331.818742
"6075","1kmE3906N3100",17000.2689865
"6076","1kmE3906N3101",16556.0685345
"6077","1kmE3906N3102",15998.0718885
"6078","1kmE3906N3103",9270.453946
"6079","1kmE3906N3104",13989.649501
"6080","1kmE3906N3105",15355.0716765
"6081","1kmE3906N3106",15598.636328
"6082","1kmE3906N3107",18777.710656
"6083","1kmE3906N3108",16497.0451565
"6084","1kmE3906N3109",15103.2693915
"6085","1kmE3906N3110",16487.3905715
"6086","1kmE3906N3111",17452.653635
"6087","1kmE3906N3112",17425.040716
"6088","1kmE3906N3113",10863.089553
"6089","1kmE3906N3114",13763.628873
"6090","1kmE3906N3115",10008.7847755
"6091","1kmE3906N3116",10841.009253
"6092","1kmE3906N3117",13374.9487075
"6093","1kmE3906N3118",18631.363875
"6094","1kmE3906N3119",13383.056776
"6095","1kmE3906N3120",17757.0965135
"6096","1kmE3906N3121",8435.049169
"6097","1kmE3906N3122",5525.247153
"6098","1kmE3906N3123",6762.1064885
"6099","1kmE3906N3124",5492.1163775
"6100","1kmE3906N3125",6662.3588525
"6101","1kmE3906N3126",7897.2215875
"6102","1kmE3906N3127",12420.06956
"6103","1kmE3906N3128",11473.371723
"6104","1kmE3906N3129",12262.0055795
"6105","1kmE3906N3130",5291.520125
"6106","1kmE3906N3131",8703.656287
"6107","1kmE3906N3132",8004.8242055
"6108","1kmE3906N3133",4653.8491535
"6109","1kmE3906N3134",10612.647818
"6110","1kmE3906N3135",8615.430406
"6111","1kmE3906N3136",7846.0660425
"6112","1kmE3906N3137",8190.493864
"6113","1kmE3906N3138",7891.760057
"6114","1kmE3906N3139",7154.308971
"6115","1kmE3906N3140",6448.2667375
"6116","1kmE3906N3141",16139.373052
"6117","1kmE3906N3142",20799.0409045
"6118","1kmE3906N3143",19759.782002
"6119","1kmE3907N3083",1121.5021755
"6120","1kmE3907N3084",1846.9547655
"6121","1kmE3907N3085",4916.3798465
"6122","1kmE3907N3086",6191.542654
"6123","1kmE3907N3087",8734.9196365
"6124","1kmE3907N3088",10577.1865195
"6125","1kmE3907N3089",3486.8534135
"6126","1kmE3907N3090",7428.0312805
"6127","1kmE3907N3091",9493.90071
"6128","1kmE3907N3092",4014.327465
"6129","1kmE3907N3093",6275.0897335
"6130","1kmE3907N3094",9441.8711535
"6131","1kmE3907N3095",12188.077643
"6132","1kmE3907N3096",11236.541175
"6133","1kmE3907N3097",15322.179082
"6134","1kmE3907N3098",12422.2223645
"6135","1kmE3907N3099",10066.6068195
"6136","1kmE3907N3100",16266.4166275
"6137","1kmE3907N3101",16305.823118
"6138","1kmE3907N3102",12123.9651435
"6139","1kmE3907N3103",14222.4784815
"6140","1kmE3907N3104",15171.3717745
"6141","1kmE3907N3105",8141.805724
"6142","1kmE3907N3106",13725.617341
"6143","1kmE3907N3107",17121.1509115
"6144","1kmE3907N3108",15184.383518
"6145","1kmE3907N3109",12599.3265555
"6146","1kmE3907N3110",9846.281408
"6147","1kmE3907N3111",12579.0860455
"6148","1kmE3907N3112",7926.042975
"6149","1kmE3907N3113",4619.3630705
"6150","1kmE3907N3114",8744.4047585
"6151","1kmE3907N3115",4389.279668
"6152","1kmE3907N3116",8663.8131465
"6153","1kmE3907N3117",14353.5823195
"6154","1kmE3907N3118",19476.1922135
"6155","1kmE3907N3119",15706.656541
"6156","1kmE3907N3120",14319.356787
"6157","1kmE3907N3121",3891.4720795
"6158","1kmE3907N3122",4563.328713
"6159","1kmE3907N3123",11489.8598655
"6160","1kmE3907N3124",8102.643483
"6161","1kmE3907N3125",3053.0737065
"6162","1kmE3907N3126",7604.148514
"6163","1kmE3907N3127",11310.425673
"6164","1kmE3907N3128",12241.941074
"6165","1kmE3907N3129",13061.141631
"6166","1kmE3907N3130",12244.0230015
"6167","1kmE3907N3131",10279.2354495
"6168","1kmE3907N3132",6789.5424785
"6169","1kmE3907N3133",4999.358321
"6170","1kmE3907N3134",11532.4568365
"6171","1kmE3907N3135",9884.8183025
"6172","1kmE3907N3136",4632.2279835
"6173","1kmE3907N3137",1894.3099605
"6174","1kmE3907N3138",1242.3863385
"6175","1kmE3907N3139",3703.333517
"6176","1kmE3907N3140",5594.4146795
"6177","1kmE3907N3141",14857.79512
"6178","1kmE3907N3142",19926.9317525
"6179","1kmE3907N3143",17339.728011
"6180","1kmE3908N3084",6942.050121
"6181","1kmE3908N3085",8842.6429055
"6182","1kmE3908N3086",8313.4538225
"6183","1kmE3908N3087",8242.920102
"6184","1kmE3908N3088",8294.4508165
"6185","1kmE3908N3089",6390.4094775
"6186","1kmE3908N3090",7064.3195725
"6187","1kmE3908N3091",7924.2831805
"6188","1kmE3908N3092",5256.1398765
"6189","1kmE3908N3093",9433.5750905
"6190","1kmE3908N3094",8700.0518165
"6191","1kmE3908N3095",8793.04864
"6192","1kmE3908N3096",8039.033088
"6193","1kmE3908N3097",8736.489155
"6194","1kmE3908N3098",11214.323868
"6195","1kmE3908N3099",7376.9319685
"6196","1kmE3908N3100",9717.0939435
"6197","1kmE3908N3101",10466.621192
"6198","1kmE3908N3102",8614.657698
"6199","1kmE3908N3103",9526.71139
"6200","1kmE3908N3104",11407.5624905
"6201","1kmE3908N3105",11009.186582
"6202","1kmE3908N3106",15590.5442295
"6203","1kmE3908N3107",15040.86862
"6204","1kmE3908N3108",13881.488502
"6205","1kmE3908N3109",12487.1244045
"6206","1kmE3908N3110",7398.578491
"6207","1kmE3908N3111",8990.5274795
"6208","1kmE3908N3112",7287.4729515
"6209","1kmE3908N3113",7233.5772935
"6210","1kmE3908N3114",9153.6931385
"6211","1kmE3908N3115",5557.6838325
"6212","1kmE3908N3116",8185.57021
"6213","1kmE3908N3117",10706.572073
"6214","1kmE3908N3118",15561.715645
"6215","1kmE3908N3119",15350.330949
"6216","1kmE3908N3120",10802.3651
"6217","1kmE3908N3121",4675.690993
"6218","1kmE3908N3122",916.5215945
"6219","1kmE3908N3123",4784.928327
"6220","1kmE3908N3124",7440.2203
"6221","1kmE3908N3125",1970.612181
"6222","1kmE3908N3126",6678.8716095
"6223","1kmE3908N3127",11591.353201
"6224","1kmE3908N3128",12711.6705725
"6225","1kmE3908N3129",8260.968532
"6226","1kmE3908N3130",11573.638147
"6227","1kmE3908N3131",11203.05783
"6228","1kmE3908N3132",8534.604748
"6229","1kmE3908N3133",5963.281118
"6230","1kmE3908N3134",9476.273968
"6231","1kmE3908N3135",5127.023937
"6232","1kmE3908N3136",9576.2590985
"6233","1kmE3908N3137",1016.9678125
"6234","1kmE3908N3138",4095.267971
"6235","1kmE3908N3139",7965.078824
"6236","1kmE3908N3140",11265.985543
"6237","1kmE3908N3141",17329.702291
"6238","1kmE3908N3142",15730.1016645
"6239","1kmE3908N3143",13268.988827
"6240","1kmE3908N3144",14598.693026
"6241","1kmE3909N3083",7184.108202
"6242","1kmE3909N3084",10519.334398
"6243","1kmE3909N3085",10586.1725795
"6244","1kmE3909N3086",6765.9542395
"6245","1kmE3909N3087",2908.44324
"6246","1kmE3909N3088",8370.272714
"6247","1kmE3909N3089",9311.7345625
"6248","1kmE3909N3090",6900.4384775
"6249","1kmE3909N3091",5953.922513
"6250","1kmE3909N3092",8683.1485725
"6251","1kmE3909N3093",12213.347682
"6252","1kmE3909N3094",10028.4420305
"6253","1kmE3909N3095",8236.4912995
"6254","1kmE3909N3096",8141.6509425
"6255","1kmE3909N3097",9058.5861715
"6256","1kmE3909N3098",5486.0489385
"6257","1kmE3909N3099",10998.7994165
"6258","1kmE3909N3100",12926.1800955
"6259","1kmE3909N3101",12095.679581
"6260","1kmE3909N3102",10587.8351505
"6261","1kmE3909N3103",7790.6893015
"6262","1kmE3909N3104",4241.0178345
"6263","1kmE3909N3105",7607.3221245
"6264","1kmE3909N3106",17301.466583
"6265","1kmE3909N3107",18526.3546725
"6266","1kmE3909N3108",16166.8472575
"6267","1kmE3909N3109",14651.1667755
"6268","1kmE3909N3110",12338.754991
"6269","1kmE3909N3111",13169.975587
"6270","1kmE3909N3112",10435.8806205
"6271","1kmE3909N3113",2360.924693
"6272","1kmE3909N3114",7038.5358665
"6273","1kmE3909N3115",11203.6636655
"6274","1kmE3909N3116",9176.534111
"6275","1kmE3909N3117",10127.7265955
"6276","1kmE3909N3118",10975.222579
"6277","1kmE3909N3119",13361.589018
"6278","1kmE3909N3120",14854.53089
"6279","1kmE3909N3121",13289.298424
"6280","1kmE3909N3122",9822.3679825
"6281","1kmE3909N3123",6930.6961485
"6282","1kmE3909N3124",10185.7511805
"6283","1kmE3909N3125",6076.9507135
"6284","1kmE3909N3126",11525.0397405
"6285","1kmE3909N3127",13105.699472
"6286","1kmE3909N3128",13146.824805
"6287","1kmE3909N3129",7324.742769
"6288","1kmE3909N3130",11121.110269
"6289","1kmE3909N3131",6282.2320115
"6290","1kmE3909N3132",3716.7090635
"6291","1kmE3909N3133",6011.947761
"6292","1kmE3909N3134",1590.1228245
"6293","1kmE3909N3135",3165.386661
"6294","1kmE3909N3136",5819.781672
"6295","1kmE3909N3137",4204.8238475
"6296","1kmE3909N3138",6765.3991845
"6297","1kmE3909N3139",6579.5348025
"6298","1kmE3909N3140",9668.1098475
"6299","1kmE3909N3141",15346.6770035
"6300","1kmE3909N3142",14457.38092
"6301","1kmE3909N3143",8552.18915
"6302","1kmE3909N3144",13901.6262025
"6303","1kmE3910N3082",6276.5500995
"6304","1kmE3910N3083",7142.962063
"6305","1kmE3910N3084",7151.788835
"6306","1kmE3910N3085",7390.087806
"6307","1kmE3910N3086",8567.850416
"6308","1kmE3910N3087",6239.079631
"6309","1kmE3910N3088",7516.3392825
"6310","1kmE3910N3089",10063.9407135
"6311","1kmE3910N3090",12112.3334205
"6312","1kmE3910N3091",8434.658214
"6313","1kmE3910N3092",9361.416401
"6314","1kmE3910N3093",10851.7601545
"6315","1kmE3910N3094",8861.6317485
"6316","1kmE3910N3095",5931.730295
"6317","1kmE3910N3096",2808.7023795
"6318","1kmE3910N3097",4522.6358555
"6319","1kmE3910N3098",6206.034302
"6320","1kmE3910N3099",9460.920627
"6321","1kmE3910N3100",10384.2306825
"6322","1kmE3910N3101",11936.6256675
"6323","1kmE3910N3102",10761.8766715
"6324","1kmE3910N3103",8236.356939
"6325","1kmE3910N3104",10129.806192
"6326","1kmE3910N3105",10194.1219895
"6327","1kmE3910N3106",17504.0390875
"6328","1kmE3910N3107",19155.942197
"6329","1kmE3910N3108",16036.1695505
"6330","1kmE3910N3109",13191.321051
"6331","1kmE3910N3110",6746.4264275
"6332","1kmE3910N3111",11175.453738
"6333","1kmE3910N3112",10668.10466
"6334","1kmE3910N3113",8546.2622675
"6335","1kmE3910N3114",10872.610355
"6336","1kmE3910N3115",6644.0929035
"6337","1kmE3910N3116",10385.6985685
"6338","1kmE3910N3117",11307.263843
"6339","1kmE3910N3118",9313.0276345
"6340","1kmE3910N3119",15850.5364995
"6341","1kmE3910N3120",18142.0342785
"6342","1kmE3910N3121",16869.511761
"6343","1kmE3910N3122",12133.221801
"6344","1kmE3910N3123",906.3153685
"6345","1kmE3910N3124",1926.959252
"6346","1kmE3910N3125",5103.670148
"6347","1kmE3910N3126",12775.2992045
"6348","1kmE3910N3127",15079.519876
"6349","1kmE3910N3128",10579.693193
"6350","1kmE3910N3129",4946.1098525
"6351","1kmE3910N3130",7256.423079
"6352","1kmE3910N3131",1844.4871855
"6353","1kmE3910N3132",3548.5737645
"6354","1kmE3910N3133",7053.2296765
"6355","1kmE3910N3134",4805.320399
"6356","1kmE3910N3135",2159.694191
"6357","1kmE3910N3136",5126.4062225
"6358","1kmE3910N3137",8417.3678615
"6359","1kmE3910N3138",5875.905864
"6360","1kmE3910N3139",4354.2798985
"6361","1kmE3910N3140",5129.947574
"6362","1kmE3910N3141",8735.4380175
"6363","1kmE3910N3142",11145.0542885
"6364","1kmE3910N3143",10554.677539
"6365","1kmE3910N3144",13828.099261
"6366","1kmE3910N3145",15127.041466
"6367","1kmE3911N3082",7903.276684
"6368","1kmE3911N3083",8168.5601555
"6369","1kmE3911N3084",6574.4075605
"6370","1kmE3911N3085",8038.0306035
"6371","1kmE3911N3086",10099.064062
"6372","1kmE3911N3087",12742.222749
"6373","1kmE3911N3088",10492.688998
"6374","1kmE3911N3089",6857.46897
"6375","1kmE3911N3090",12480.5226255
"6376","1kmE3911N3091",15771.759793
"6377","1kmE3911N3092",14822.325662
"6378","1kmE3911N3093",11641.934323
"6379","1kmE3911N3094",8839.013446
"6380","1kmE3911N3095",8830.8074905
"6381","1kmE3911N3096",8289.347672
"6382","1kmE3911N3097",3197.518095
"6383","1kmE3911N3098",6246.621988
"6384","1kmE3911N3099",5885.127216
"6385","1kmE3911N3100",9157.0270875
"6386","1kmE3911N3101",9375.477951
"6387","1kmE3911N3102",13779.8559
"6388","1kmE3911N3103",12962.2216685
"6389","1kmE3911N3104",12320.313974
"6390","1kmE3911N3105",10977.106083
"6391","1kmE3911N3106",12208.7022715
"6392","1kmE3911N3107",14596.716041
"6393","1kmE3911N3108",12137.035479
"6394","1kmE3911N3109",8639.8413625
"6395","1kmE3911N3110",14306.40433
"6396","1kmE3911N3111",14697.660436
"6397","1kmE3911N3112",7014.0836005
"6398","1kmE3911N3113",13040.1464425
"6399","1kmE3911N3114",13942.7200785
"6400","1kmE3911N3115",1422.70698
"6401","1kmE3911N3116",6089.897158
"6402","1kmE3911N3117",9136.9212335
"6403","1kmE3911N3118",11519.744739
"6404","1kmE3911N3119",15617.347101
"6405","1kmE3911N3120",16258.028619
"6406","1kmE3911N3121",16041.9280195
"6407","1kmE3911N3122",11502.5530265
"6408","1kmE3911N3123",4508.5308075
"6409","1kmE3911N3124",3046.3481195
"6410","1kmE3911N3125",5244.004616
"6411","1kmE3911N3126",11773.2611585
"6412","1kmE3911N3127",15283.164766
"6413","1kmE3911N3128",11535.1104005
"6414","1kmE3911N3129",4390.4390375
"6415","1kmE3911N3130",1681.1024125
"6416","1kmE3911N3131",4567.369687
"6417","1kmE3911N3132",5728.185328
"6418","1kmE3911N3133",5772.363924
"6419","1kmE3911N3134",7751.298872
"6420","1kmE3911N3135",5573.85071
"6421","1kmE3911N3136",1017.1534785
"6422","1kmE3911N3137",4171.6735535
"6423","1kmE3911N3138",5902.067701
"6424","1kmE3911N3139",2410.3207845
"6425","1kmE3911N3140",11554.530495
"6426","1kmE3911N3141",17120.790253
"6427","1kmE3911N3142",17049.546615
"6428","1kmE3911N3143",9868.036437
"6429","1kmE3911N3144",12051.1116395
"6430","1kmE3911N3145",14203.0628485
"6431","1kmE3911N3146",12691.670063
"6432","1kmE3912N3081",9882.6498975
"6433","1kmE3912N3082",14409.411219
"6434","1kmE3912N3083",10818.7709195
"6435","1kmE3912N3084",10170.8297275
"6436","1kmE3912N3085",10515.750961
"6437","1kmE3912N3086",10241.5223985
"6438","1kmE3912N3087",10667.7984095
"6439","1kmE3912N3088",11769.9444565
"6440","1kmE3912N3089",12098.670493
"6441","1kmE3912N3090",15495.1122985
"6442","1kmE3912N3091",17523.481526
"6443","1kmE3912N3092",16892.9756605
"6444","1kmE3912N3093",14387.545019
"6445","1kmE3912N3094",11181.7909595
"6446","1kmE3912N3095",8996.0067465
"6447","1kmE3912N3096",10195.020392
"6448","1kmE3912N3097",8564.980665
"6449","1kmE3912N3098",4379.410165
"6450","1kmE3912N3099",5117.652521
"6451","1kmE3912N3100",8436.7726035
"6452","1kmE3912N3101",6185.8558315
"6453","1kmE3912N3102",11345.842125
"6454","1kmE3912N3103",11084.8236575
"6455","1kmE3912N3104",8208.75563
"6456","1kmE3912N3105",5629.4676755
"6457","1kmE3912N3106",6707.3838995
"6458","1kmE3912N3107",3511.7698775
"6459","1kmE3912N3108",9666.343714
"6460","1kmE3912N3109",7856.243082
"6461","1kmE3912N3110",12788.4504595
"6462","1kmE3912N3111",11851.3474275
"6463","1kmE3912N3112",12044.803387
"6464","1kmE3912N3113",12090.34655
"6465","1kmE3912N3114",5315.3104425
"6466","1kmE3912N3115",1467.086946
"6467","1kmE3912N3116",3384.277175
"6468","1kmE3912N3117",7868.006799
"6469","1kmE3912N3118",9963.0170455
"6470","1kmE3912N3119",13970.306584
"6471","1kmE3912N3120",11568.762174
"6472","1kmE3912N3121",12783.1632235
"6473","1kmE3912N3122",10858.5063375
"6474","1kmE3912N3123",11567.306433
"6475","1kmE3912N3124",10578.6026135
"6476","1kmE3912N3125",6031.59081
"6477","1kmE3912N3126",12407.9499755
"6478","1kmE3912N3127",12783.451684
"6479","1kmE3912N3128",9703.6387235
"6480","1kmE3912N3129",7469.463433
"6481","1kmE3912N3130",5232.889517
"6482","1kmE3912N3131",6123.9887735
"6483","1kmE3912N3132",5961.8231855
"6484","1kmE3912N3133",5769.2525095
"6485","1kmE3912N3134",7325.4104755
"6486","1kmE3912N3135",5740.9193195
"6487","1kmE3912N3136",3099.6243815
"6488","1kmE3912N3137",3094.985981
"6489","1kmE3912N3138",2414.4612605
"6490","1kmE3912N3139",556.436941
"6491","1kmE3912N3140",5249.208196
"6492","1kmE3912N3141",15431.0390765
"6493","1kmE3912N3142",16683.1498875
"6494","1kmE3912N3143",5436.0973025
"6495","1kmE3912N3144",10051.256811
"6496","1kmE3912N3145",10953.549194
"6497","1kmE3912N3146",10921.12312
"6498","1kmE3913N3081",12328.1141115
"6499","1kmE3913N3082",17917.195887
"6500","1kmE3913N3083",15668.267523
"6501","1kmE3913N3084",12155.069374
"6502","1kmE3913N3085",12782.834969
"6503","1kmE3913N3086",12117.132074
"6504","1kmE3913N3087",10823.7338955
"6505","1kmE3913N3088",8900.9878125
"6506","1kmE3913N3089",9958.791806
"6507","1kmE3913N3090",14082.0710955
"6508","1kmE3913N3091",12807.425189
"6509","1kmE3913N3092",13890.210895
"6510","1kmE3913N3093",15752.5682
"6511","1kmE3913N3094",11354.4510135
"6512","1kmE3913N3095",11377.0068065
"6513","1kmE3913N3096",10611.5184275
"6514","1kmE3913N3097",7120.8452945
"6515","1kmE3913N3098",6522.7601635
"6516","1kmE3913N3099",9638.805232
"6517","1kmE3913N3100",7584.228954
"6518","1kmE3913N3101",4800.584313
"6519","1kmE3913N3102",14083.0466835
"6520","1kmE3913N3103",12847.5963285
"6521","1kmE3913N3104",8184.7331665
"6522","1kmE3913N3105",4323.784419
"6523","1kmE3913N3106",6687.4856935
"6524","1kmE3913N3107",11920.690661
"6525","1kmE3913N3108",7332.197493
"6526","1kmE3913N3109",7176.007035
"6527","1kmE3913N3110",6432.150909
"6528","1kmE3913N3111",10961.8535875
"6529","1kmE3913N3112",10063.351853
"6530","1kmE3913N3113",5748.7333305
"6531","1kmE3913N3114",12542.108155
"6532","1kmE3913N3115",11063.900655
"6533","1kmE3913N3116",10035.720039
"6534","1kmE3913N3117",9355.34849
"6535","1kmE3913N3118",11085.7661835
"6536","1kmE3913N3119",14001.162913
"6537","1kmE3913N3120",11952.1652245
"6538","1kmE3913N3121",11796.814685
"6539","1kmE3913N3122",12976.143959
"6540","1kmE3913N3123",13615.3028865
"6541","1kmE3913N3124",14043.160235
"6542","1kmE3913N3125",11353.6964565
"6543","1kmE3913N3126",12197.3198225
"6544","1kmE3913N3127",11657.04047
"6545","1kmE3913N3128",10079.44058
"6546","1kmE3913N3129",7037.3222145
"6547","1kmE3913N3130",6940.634551
"6548","1kmE3913N3131",5132.28525
"6549","1kmE3913N3132",5275.4891715
"6550","1kmE3913N3133",6923.3977245
"6551","1kmE3913N3134",7414.9820675
"6552","1kmE3913N3135",5137.5491945
"6553","1kmE3913N3136",7409.7637825
"6554","1kmE3913N3137",6078.0878375
"6555","1kmE3913N3138",6408.7707525
"6556","1kmE3913N3139",5368.793929
"6557","1kmE3913N3140",10721.0775675
"6558","1kmE3913N3141",13746.8987185
"6559","1kmE3913N3142",12702.476689
"6560","1kmE3913N3143",5714.897934
"6561","1kmE3913N3144",6078.1214785
"6562","1kmE3913N3145",11153.167132
"6563","1kmE3913N3146",11370.3785675
"6564","1kmE3913N3147",10785.917122
"6565","1kmE3914N3080",11016.762565
"6566","1kmE3914N3081",12301.227889
"6567","1kmE3914N3082",20369.323146
"6568","1kmE3914N3083",18150.2573995
"6569","1kmE3914N3084",13908.004782
"6570","1kmE3914N3085",14808.3045855
"6571","1kmE3914N3086",13421.777447
"6572","1kmE3914N3087",10470.886628
"6573","1kmE3914N3088",8971.6310495
"6574","1kmE3914N3089",9334.1746565
"6575","1kmE3914N3090",13851.6487515
"6576","1kmE3914N3091",12418.3495925
"6577","1kmE3914N3092",10232.312191
"6578","1kmE3914N3093",9487.2793075
"6579","1kmE3914N3094",8077.68138
"6580","1kmE3914N3095",14442.319193
"6581","1kmE3914N3096",12634.3713405
"6582","1kmE3914N3097",10009.9848265
"6583","1kmE3914N3098",11892.1250945
"6584","1kmE3914N3099",10718.5473485
"6585","1kmE3914N3100",8127.007961
"6586","1kmE3914N3101",4311.776123
"6587","1kmE3914N3102",14573.062282
"6588","1kmE3914N3103",10644.669438
"6589","1kmE3914N3104",6553.5027065
"6590","1kmE3914N3105",9645.741
"6591","1kmE3914N3106",9493.300082
"6592","1kmE3914N3107",13385.739455
"6593","1kmE3914N3108",7971.777978
"6594","1kmE3914N3109",11852.4014515
"6595","1kmE3914N3110",8727.9949235
"6596","1kmE3914N3111",14681.486884
"6597","1kmE3914N3112",11209.308633
"6598","1kmE3914N3113",3277.9210255
"6599","1kmE3914N3114",11961.1038935
"6600","1kmE3914N3115",9237.5567285
"6601","1kmE3914N3116",9726.1713655
"6602","1kmE3914N3117",8612.948632
"6603","1kmE3914N3118",11758.61231
"6604","1kmE3914N3119",11734.552202
"6605","1kmE3914N3120",13482.095045
"6606","1kmE3914N3121",12665.623955
"6607","1kmE3914N3122",13072.374841
"6608","1kmE3914N3123",17193.8705895
"6609","1kmE3914N3124",16440.6735215
"6610","1kmE3914N3125",16556.9949775
"6611","1kmE3914N3126",14564.0001365
"6612","1kmE3914N3127",11387.4160155
"6613","1kmE3914N3128",8738.6708165
"6614","1kmE3914N3129",2547.0847315
"6615","1kmE3914N3130",6685.1829295
"6616","1kmE3914N3131",8295.757971
"6617","1kmE3914N3132",7665.1173905
"6618","1kmE3914N3133",7812.141592
"6619","1kmE3914N3134",4741.637751
"6620","1kmE3914N3135",5266.199351
"6621","1kmE3914N3136",8701.113464
"6622","1kmE3914N3137",4829.2877085
"6623","1kmE3914N3138",4380.3433975
"6624","1kmE3914N3139",1196.1291935
"6625","1kmE3914N3140",5588.735538
"6626","1kmE3914N3141",10493.108575
"6627","1kmE3914N3142",9084.153785
"6628","1kmE3914N3143",8594.5053075
"6629","1kmE3914N3144",6183.006269
"6630","1kmE3914N3145",9494.571168
"6631","1kmE3914N3146",12664.4028135
"6632","1kmE3914N3147",11421.9322375
"6633","1kmE3914N3148",8721.6338915
"6634","1kmE3915N3080",14360.9743775
"6635","1kmE3915N3081",14049.1440475
"6636","1kmE3915N3082",18687.851986
"6637","1kmE3915N3083",15908.249512
"6638","1kmE3915N3084",13852.675129
"6639","1kmE3915N3085",16909.34943
"6640","1kmE3915N3086",15419.060528
"6641","1kmE3915N3087",12987.2601295
"6642","1kmE3915N3088",11380.7900435
"6643","1kmE3915N3089",10112.922757
"6644","1kmE3915N3090",13520.9978065
"6645","1kmE3915N3091",10170.111666
"6646","1kmE3915N3092",6377.872851
"6647","1kmE3915N3093",8050.1619265
"6648","1kmE3915N3094",13968.076364
"6649","1kmE3915N3095",12961.070922
"6650","1kmE3915N3096",7557.2227205
"6651","1kmE3915N3097",10429.210079
"6652","1kmE3915N3098",10718.225735
"6653","1kmE3915N3099",5123.575861
"6654","1kmE3915N3100",8642.482488
"6655","1kmE3915N3101",5967.859995
"6656","1kmE3915N3102",11430.6094685
"6657","1kmE3915N3103",7088.8911205
"6658","1kmE3915N3104",12083.9645645
"6659","1kmE3915N3105",9849.4711365
"6660","1kmE3915N3106",11047.6509675
"6661","1kmE3915N3107",6496.2269525
"6662","1kmE3915N3108",1885.7195515
"6663","1kmE3915N3109",5714.558076
"6664","1kmE3915N3110",8862.0694075
"6665","1kmE3915N3111",6245.295975
"6666","1kmE3915N3112",3109.085189
"6667","1kmE3915N3113",4201.80823
"6668","1kmE3915N3114",11838.7008825
"6669","1kmE3915N3115",11197.5738125
"6670","1kmE3915N3116",9469.1156705
"6671","1kmE3915N3117",9019.915469
"6672","1kmE3915N3118",9645.8053105
"6673","1kmE3915N3119",11029.767449
"6674","1kmE3915N3120",12977.2004085
"6675","1kmE3915N3121",11981.1172945
"6676","1kmE3915N3122",15578.503338
"6677","1kmE3915N3123",18419.4388795
"6678","1kmE3915N3124",17251.360135
"6679","1kmE3915N3125",14023.982193
"6680","1kmE3915N3126",14666.178978
"6681","1kmE3915N3127",13586.2109775
"6682","1kmE3915N3128",8617.2397515
"6683","1kmE3915N3129",3082.1731975
"6684","1kmE3915N3130",5605.8999025
"6685","1kmE3915N3131",9599.15311
"6686","1kmE3915N3132",8099.54079
"6687","1kmE3915N3133",12015.677022
"6688","1kmE3915N3134",10619.9302615
"6689","1kmE3915N3135",11590.8230755
"6690","1kmE3915N3136",7722.622649
"6691","1kmE3915N3137",3942.482775
"6692","1kmE3915N3138",7917.3396185
"6693","1kmE3915N3139",5503.4408675
"6694","1kmE3915N3140",8896.847696
"6695","1kmE3915N3141",8359.44417
"6696","1kmE3915N3142",7193.7368095
"6697","1kmE3915N3143",10406.5008925
"6698","1kmE3915N3144",9419.386745
"6699","1kmE3915N3145",7504.505533
"6700","1kmE3915N3146",14878.7848245
"6701","1kmE3915N3147",13438.713665
"6702","1kmE3915N3148",6494.530673
"6703","1kmE3915N3149",7779.287461
"6704","1kmE3916N3081",15052.424072
"6705","1kmE3916N3082",17866.604872
"6706","1kmE3916N3083",18887.4243705
"6707","1kmE3916N3084",18841.3670385
"6708","1kmE3916N3085",14717.932275
"6709","1kmE3916N3086",13573.10163
"6710","1kmE3916N3087",13107.614778
"6711","1kmE3916N3088",9942.454123
"6712","1kmE3916N3089",9542.934307
"6713","1kmE3916N3090",11546.1511545
"6714","1kmE3916N3091",14103.092031
"6715","1kmE3916N3092",8706.288167
"6716","1kmE3916N3093",14398.3897605
"6717","1kmE3916N3094",16981.0556435
"6718","1kmE3916N3095",15926.5770825
"6719","1kmE3916N3096",11536.158139
"6720","1kmE3916N3097",9300.438057
"6721","1kmE3916N3098",15043.99414
"6722","1kmE3916N3099",13806.4110975
"6723","1kmE3916N3100",7882.853544
"6724","1kmE3916N3101",4255.9642385
"6725","1kmE3916N3102",4670.647561
"6726","1kmE3916N3103",3476.9101415
"6727","1kmE3916N3104",13232.4863235
"6728","1kmE3916N3105",8313.32828
"6729","1kmE3916N3106",10274.5816875
"6730","1kmE3916N3107",12305.4161215
"6731","1kmE3916N3108",7058.569075
"6732","1kmE3916N3109",5976.437786
"6733","1kmE3916N3110",6951.2703375
"6734","1kmE3916N3111",4111.4252115
"6735","1kmE3916N3112",4296.6232145
"6736","1kmE3916N3113",3180.7366245
"6737","1kmE3916N3114",11700.4803385
"6738","1kmE3916N3115",7590.53051
"6739","1kmE3916N3116",8722.597445
"6740","1kmE3916N3117",8852.96733
"6741","1kmE3916N3118",12314.6683245
"6742","1kmE3916N3119",12646.3581135
"6743","1kmE3916N3120",10440.087244
"6744","1kmE3916N3121",12309.6839195
"6745","1kmE3916N3122",14780.4894735
"6746","1kmE3916N3123",16168.414351
"6747","1kmE3916N3124",16261.747432
"6748","1kmE3916N3125",15259.345271
"6749","1kmE3916N3126",14445.4574325
"6750","1kmE3916N3127",15808.8362285
"6751","1kmE3916N3128",8658.6821865
"6752","1kmE3916N3129",7838.953608
"6753","1kmE3916N3130",7151.3010225
"6754","1kmE3916N3131",7633.8550405
"6755","1kmE3916N3132",7155.72671
"6756","1kmE3916N3133",11165.146416
"6757","1kmE3916N3134",11600.63416
"6758","1kmE3916N3135",10799.6853835
"6759","1kmE3916N3136",8408.9591725
"6760","1kmE3916N3137",8907.266027
"6761","1kmE3916N3138",4675.535057
"6762","1kmE3916N3139",2610.949655
"6763","1kmE3916N3140",4539.199019
"6764","1kmE3916N3141",8165.88025
"6765","1kmE3916N3142",12266.574395
"6766","1kmE3916N3143",14746.1976395
"6767","1kmE3916N3144",11327.8914935
"6768","1kmE3916N3145",10246.25408
"6769","1kmE3916N3146",9611.4459915
"6770","1kmE3916N3147",11861.627411
"6771","1kmE3916N3148",8270.4839285
"6772","1kmE3916N3149",8166.329038
"6773","1kmE3916N3150",8250.095159
"6774","1kmE3917N3080",13349.4579845
"6775","1kmE3917N3081",15182.919069
"6776","1kmE3917N3082",18499.2056625
"6777","1kmE3917N3083",20826.841694
"6778","1kmE3917N3084",18389.755698
"6779","1kmE3917N3085",13702.187872
"6780","1kmE3917N3086",14011.4598165
"6781","1kmE3917N3087",12051.524255
"6782","1kmE3917N3088",9668.235256
"6783","1kmE3917N3089",12401.9831665
"6784","1kmE3917N3090",9766.6819475
"6785","1kmE3917N3091",13649.267322
"6786","1kmE3917N3092",10595.6556365
"6787","1kmE3917N3093",18353.616325
"6788","1kmE3917N3094",17918.555071
"6789","1kmE3917N3095",17685.297806
"6790","1kmE3917N3096",15790.792867
"6791","1kmE3917N3097",14312.2985325
"6792","1kmE3917N3098",14208.243347
"6793","1kmE3917N3099",10911.932116
"6794","1kmE3917N3100",9358.1235185
"6795","1kmE3917N3101",10311.484805
"6796","1kmE3917N3102",7907.655786
"6797","1kmE3917N3103",3906.302039
"6798","1kmE3917N3104",9449.556195
"6799","1kmE3917N3105",8072.3107585
"6800","1kmE3917N3106",8842.924643
"6801","1kmE3917N3107",14406.6282015
"6802","1kmE3917N3108",10819.314686
"6803","1kmE3917N3109",10587.4271985
"6804","1kmE3917N3110",5527.064628
"6805","1kmE3917N3111",11337.2659885
"6806","1kmE3917N3112",6225.645634
"6807","1kmE3917N3113",1631.008681
"6808","1kmE3917N3114",3636.4135705
"6809","1kmE3917N3115",4070.4414475
"6810","1kmE3917N3116",10887.2266805
"6811","1kmE3917N3117",9452.023928
"6812","1kmE3917N3118",12271.4509555
"6813","1kmE3917N3119",12714.4473435
"6814","1kmE3917N3120",11542.4411765
"6815","1kmE3917N3121",12095.3029365
"6816","1kmE3917N3122",11377.6876645
"6817","1kmE3917N3123",16029.5973125
"6818","1kmE3917N3124",17472.872227
"6819","1kmE3917N3125",14881.324164
"6820","1kmE3917N3126",15230.0491805
"6821","1kmE3917N3127",16149.4692285
"6822","1kmE3917N3128",15316.64611
"6823","1kmE3917N3129",11733.047526
"6824","1kmE3917N3130",4746.5250985
"6825","1kmE3917N3131",2184.4676555
"6826","1kmE3917N3132",2773.5897685
"6827","1kmE3917N3133",12737.9370165
"6828","1kmE3917N3134",10834.2535905
"6829","1kmE3917N3135",9213.666342
"6830","1kmE3917N3136",6457.7484735
"6831","1kmE3917N3137",2334.8494605
"6832","1kmE3917N3138",7623.925852
"6833","1kmE3917N3139",5384.1516595
"6834","1kmE3917N3140",6056.03672
"6835","1kmE3917N3141",8893.69026
"6836","1kmE3917N3142",13423.1280535
"6837","1kmE3917N3143",15087.660478
"6838","1kmE3917N3144",11237.8369925
"6839","1kmE3917N3145",5944.4390915
"6840","1kmE3917N3146",12875.205382
"6841","1kmE3917N3147",13382.0428535
"6842","1kmE3917N3148",9566.066741
"6843","1kmE3917N3149",7985.625563
"6844","1kmE3917N3150",9951.958446
"6845","1kmE3917N3151",9784.563699
"6846","1kmE3918N3080",12198.280311
"6847","1kmE3918N3081",13818.1727965
"6848","1kmE3918N3082",18350.5162965
"6849","1kmE3918N3083",20634.5575385
"6850","1kmE3918N3084",18283.3914735
"6851","1kmE3918N3085",16453.2262255
"6852","1kmE3918N3086",14740.7556005
"6853","1kmE3918N3087",13531.433217
"6854","1kmE3918N3088",9509.9658995
"6855","1kmE3918N3089",7674.249771
"6856","1kmE3918N3090",8848.7494765
"6857","1kmE3918N3091",11682.571908
"6858","1kmE3918N3092",13398.5188585
"6859","1kmE3918N3093",19278.3701995
"6860","1kmE3918N3094",17122.8145715
"6861","1kmE3918N3095",17114.849919
"6862","1kmE3918N3096",13461.43459
"6863","1kmE3918N3097",11568.3179075
"6864","1kmE3918N3098",16236.9203225
"6865","1kmE3918N3099",15304.5154895
"6866","1kmE3918N3100",10142.6197585
"6867","1kmE3918N3101",7161.591781
"6868","1kmE3918N3102",7988.943325
"6869","1kmE3918N3103",7818.4590715
"6870","1kmE3918N3104",9830.0200975
"6871","1kmE3918N3105",8516.304616
"6872","1kmE3918N3106",5934.2012495
"6873","1kmE3918N3107",6577.076038
"6874","1kmE3918N3108",8095.2851545
"6875","1kmE3918N3109",8840.266154
"6876","1kmE3918N3110",7687.108665
"6877","1kmE3918N3111",11556.4716475
"6878","1kmE3918N3112",10009.189033
"6879","1kmE3918N3113",5284.1767335
"6880","1kmE3918N3114",6376.5837175
"6881","1kmE3918N3115",4191.355736
"6882","1kmE3918N3116",10139.005465
"6883","1kmE3918N3117",12970.3635905
"6884","1kmE3918N3118",13571.089285
"6885","1kmE3918N3119",14116.498105
"6886","1kmE3918N3120",14781.5210225
"6887","1kmE3918N3121",12068.2133265
"6888","1kmE3918N3122",13087.016244
"6889","1kmE3918N3123",11916.0807475
"6890","1kmE3918N3124",15177.873123
"6891","1kmE3918N3125",13026.3898505
"6892","1kmE3918N3126",14587.168638
"6893","1kmE3918N3127",16847.791298
"6894","1kmE3918N3128",16128.7950745
"6895","1kmE3918N3129",11289.380288
"6896","1kmE3918N3130",5988.469384
"6897","1kmE3918N3131",3327.1179245
"6898","1kmE3918N3132",10707.315037
"6899","1kmE3918N3133",13047.8048145
"6900","1kmE3918N3134",9125.884046
"6901","1kmE3918N3135",10387.082996
"6902","1kmE3918N3136",14591.502732
"6903","1kmE3918N3137",7974.680846
"6904","1kmE3918N3138",2910.77934
"6905","1kmE3918N3139",2546.7537775
"6906","1kmE3918N3140",4884.8854025
"6907","1kmE3918N3141",13028.1212
"6908","1kmE3918N3142",13963.1065045
"6909","1kmE3918N3143",11817.2336505
"6910","1kmE3918N3144",6588.3568075
"6911","1kmE3918N3145",4168.270338
"6912","1kmE3918N3146",12374.63312
"6913","1kmE3918N3147",9827.957802
"6914","1kmE3918N3148",6407.930843
"6915","1kmE3918N3149",10592.4549875
"6916","1kmE3918N3150",9521.8857505
"6917","1kmE3918N3151",11587.077098
"6918","1kmE3918N3152",9842.377682
"6919","1kmE3918N3155",2259.7163265
"6920","1kmE3918N3156",1656.587052
"6921","1kmE3919N3080",11243.2992835
"6922","1kmE3919N3081",14698.0652755
"6923","1kmE3919N3082",16987.977363
"6924","1kmE3919N3083",17076.5003775
"6925","1kmE3919N3084",15492.7247105
"6926","1kmE3919N3085",15607.678269
"6927","1kmE3919N3086",16936.718769
"6928","1kmE3919N3087",17788.7506325
"6929","1kmE3919N3088",15433.969891
"6930","1kmE3919N3089",12639.599868
"6931","1kmE3919N3090",13148.8481175
"6932","1kmE3919N3091",11176.306283
"6933","1kmE3919N3092",12709.0421095
"6934","1kmE3919N3093",16405.3605375
"6935","1kmE3919N3094",15259.8767335
"6936","1kmE3919N3095",15311.003876
"6937","1kmE3919N3096",13444.244369
"6938","1kmE3919N3097",17110.948626
"6939","1kmE3919N3098",18894.16478
"6940","1kmE3919N3099",16023.9169045
"6941","1kmE3919N3100",17247.8353355
"6942","1kmE3919N3101",15039.338052
"6943","1kmE3919N3102",12050.9504595
"6944","1kmE3919N3103",7013.7394135
"6945","1kmE3919N3104",10421.85836
"6946","1kmE3919N3105",8359.474611
"6947","1kmE3919N3106",10771.841222
"6948","1kmE3919N3107",9831.345544
"6949","1kmE3919N3108",4953.0487745
"6950","1kmE3919N3109",9241.877967
"6951","1kmE3919N3110",11772.600787
"6952","1kmE3919N3111",8270.7755415
"6953","1kmE3919N3112",5451.61559
"6954","1kmE3919N3113",3759.262916
"6955","1kmE3919N3114",6535.3450335
"6956","1kmE3919N3115",10974.864648
"6957","1kmE3919N3116",11303.521706
"6958","1kmE3919N3117",13468.171612
"6959","1kmE3919N3118",14527.110503
"6960","1kmE3919N3119",14524.8944015
"6961","1kmE3919N3120",14416.558265
"6962","1kmE3919N3121",13407.017324
"6963","1kmE3919N3122",16957.91653
"6964","1kmE3919N3123",12399.2913455
"6965","1kmE3919N3124",13450.4703035
"6966","1kmE3919N3125",16112.4527985
"6967","1kmE3919N3126",19055.234227
"6968","1kmE3919N3127",16584.4571205
"6969","1kmE3919N3128",17079.458729
"6970","1kmE3919N3129",15116.6721
"6971","1kmE3919N3130",7373.199272
"6972","1kmE3919N3131",5319.1303525
"6973","1kmE3919N3132",13945.484274
"6974","1kmE3919N3133",5531.8613335
"6975","1kmE3919N3134",6601.4653705
"6976","1kmE3919N3135",7849.266929
"6977","1kmE3919N3136",9965.416259
"6978","1kmE3919N3137",11666.19203
"6979","1kmE3919N3138",5204.449363
"6980","1kmE3919N3139",2380.568285
"6981","1kmE3919N3140",10797.315896
"6982","1kmE3919N3141",14547.696221
"6983","1kmE3919N3142",14323.6853935
"6984","1kmE3919N3143",8527.779924
"6985","1kmE3919N3144",2283.129178
"6986","1kmE3919N3145",8298.88093
"6987","1kmE3919N3146",7221.3382055
"6988","1kmE3919N3147",10778.630638
"6989","1kmE3919N3148",5064.948626
"6990","1kmE3919N3149",4479.1830655
"6991","1kmE3919N3150",8912.5005445
"6992","1kmE3919N3151",11775.2456195
"6993","1kmE3919N3152",12851.820062
"6994","1kmE3919N3153",10330.5285755
"6995","1kmE3919N3154",6307.1882735
"6996","1kmE3919N3155",2110.667671
"6997","1kmE3919N3156",1958.051479
"6998","1kmE3920N3082",16199.985454
"6999","1kmE3920N3083",18258.1233365
"7000","1kmE3920N3084",16587.305228
"7001","1kmE3920N3085",16221.6900005
"7002","1kmE3920N3086",13211.220766
"7003","1kmE3920N3087",15264.8554065
"7004","1kmE3920N3088",15480.799354
"7005","1kmE3920N3089",13381.049057
"7006","1kmE3920N3090",15622.806206
"7007","1kmE3920N3091",15895.3170935
"7008","1kmE3920N3092",14984.5141535
"7009","1kmE3920N3093",15037.845065
"7010","1kmE3920N3094",16093.32272
"7011","1kmE3920N3095",14538.0905695
"7012","1kmE3920N3096",14358.743504
"7013","1kmE3920N3097",14429.3214875
"7014","1kmE3920N3098",16267.9763425
"7015","1kmE3920N3099",16001.4073
"7016","1kmE3920N3100",19846.1855075
"7017","1kmE3920N3101",21018.157644
"7018","1kmE3920N3102",14620.578316
"7019","1kmE3920N3103",4760.199365
"7020","1kmE3920N3104",7795.9163605
"7021","1kmE3920N3105",8771.8584745
"7022","1kmE3920N3106",11639.5302295
"7023","1kmE3920N3107",11754.594258
"7024","1kmE3920N3108",8651.53288
"7025","1kmE3920N3109",7507.008483
"7026","1kmE3920N3110",11772.675696
"7027","1kmE3920N3111",4676.163169
"7028","1kmE3920N3112",2420.032678
"7029","1kmE3920N3113",3118.171911
"7030","1kmE3920N3114",6498.7645545
"7031","1kmE3920N3115",11804.56043
"7032","1kmE3920N3116",9856.692128
"7033","1kmE3920N3117",11633.6840205
"7034","1kmE3920N3118",12635.85411
"7035","1kmE3920N3119",12709.465503
"7036","1kmE3920N3120",15111.9390845
"7037","1kmE3920N3121",16196.6033395
"7038","1kmE3920N3122",14811.36097
"7039","1kmE3920N3123",16672.580387
"7040","1kmE3920N3124",14862.161797
"7041","1kmE3920N3125",14393.9250635
"7042","1kmE3920N3126",16933.8075725
"7043","1kmE3920N3127",12794.7123815
"7044","1kmE3920N3128",15743.431395
"7045","1kmE3920N3129",11569.55398
"7046","1kmE3920N3130",9233.3718525
"7047","1kmE3920N3131",7833.2730025
"7048","1kmE3920N3132",11514.301324
"7049","1kmE3920N3133",5599.373396
"7050","1kmE3920N3134",5862.2777945
"7051","1kmE3920N3135",7011.840828
"7052","1kmE3920N3136",5435.1530805
"7053","1kmE3920N3137",6600.593447
"7054","1kmE3920N3138",11948.943031
"7055","1kmE3920N3139",6604.252548
"7056","1kmE3920N3140",11698.3861595
"7057","1kmE3920N3141",14839.1914245
"7058","1kmE3920N3142",15297.464107
"7059","1kmE3920N3143",8589.1258955
"7060","1kmE3920N3144",5215.841788
"7061","1kmE3920N3145",9243.054358
"7062","1kmE3920N3146",6366.893757
"7063","1kmE3920N3147",5506.489362
"7064","1kmE3920N3148",7138.2203385
"7065","1kmE3920N3149",6960.584621
"7066","1kmE3920N3150",7547.4272555
"7067","1kmE3920N3151",14216.308024
"7068","1kmE3920N3152",13858.3030825
"7069","1kmE3920N3153",8147.5118905
"7070","1kmE3920N3154",7283.485823
"7071","1kmE3920N3155",9648.575819
"7072","1kmE3920N3156",10693.945378
"7073","1kmE3921N3082",14392.7393855
"7074","1kmE3921N3083",15740.63167
"7075","1kmE3921N3084",16716.059429
"7076","1kmE3921N3085",17275.625552
"7077","1kmE3921N3086",12553.11693
"7078","1kmE3921N3087",19145.3907015
"7079","1kmE3921N3088",21009.598651
"7080","1kmE3921N3089",19387.972483
"7081","1kmE3921N3090",19274.293577
"7082","1kmE3921N3091",17126.386035
"7083","1kmE3921N3092",14529.129426
"7084","1kmE3921N3093",15979.2100765
"7085","1kmE3921N3094",16333.937071
"7086","1kmE3921N3095",14427.6991485
"7087","1kmE3921N3096",13676.571282
"7088","1kmE3921N3097",13550.634279
"7089","1kmE3921N3098",13552.8111705
"7090","1kmE3921N3099",13673.774736
"7091","1kmE3921N3100",18687.9622555
"7092","1kmE3921N3101",19860.881789
"7093","1kmE3921N3102",13930.5310545
"7094","1kmE3921N3103",12454.840014
"7095","1kmE3921N3104",11878.1395715
"7096","1kmE3921N3105",9640.0962215
"7097","1kmE3921N3106",13948.7668155
"7098","1kmE3921N3107",11093.8396605
"7099","1kmE3921N3108",10343.5196245
"7100","1kmE3921N3109",12896.9296655
"7101","1kmE3921N3110",16212.206154
"7102","1kmE3921N3111",12405.5148365
"7103","1kmE3921N3112",9748.909627
"7104","1kmE3921N3113",13184.843675
"7105","1kmE3921N3114",5795.017563
"7106","1kmE3921N3115",8341.510238
"7107","1kmE3921N3116",7388.4786655
"7108","1kmE3921N3117",11022.5094105
"7109","1kmE3921N3118",8968.099161
"7110","1kmE3921N3119",13203.6456875
"7111","1kmE3921N3120",16205.2557565
"7112","1kmE3921N3121",15535.827905
"7113","1kmE3921N3122",15906.62343
"7114","1kmE3921N3123",16992.3642505
"7115","1kmE3921N3124",16769.8249975
"7116","1kmE3921N3125",13222.2989405
"7117","1kmE3921N3126",14295.7280565
"7118","1kmE3921N3127",13573.7399075
"7119","1kmE3921N3128",11070.312292
"7120","1kmE3921N3129",3797.2079815
"7121","1kmE3921N3130",7106.1367975
"7122","1kmE3921N3131",5102.454713
"7123","1kmE3921N3132",4173.305754
"7124","1kmE3921N3133",8145.671907
"7125","1kmE3921N3134",7498.751503
"7126","1kmE3921N3135",9968.582128
"7127","1kmE3921N3136",11692.941916
"7128","1kmE3921N3137",2222.9076085
"7129","1kmE3921N3138",5604.042335
"7130","1kmE3921N3139",3720.7555035
"7131","1kmE3921N3140",8468.6520665
"7132","1kmE3921N3141",11672.1920225
"7133","1kmE3921N3142",13846.105268
"7134","1kmE3921N3143",9981.2435925
"7135","1kmE3921N3144",8258.7466825
"7136","1kmE3921N3145",4214.072638
"7137","1kmE3921N3146",4528.2473055
"7138","1kmE3921N3147",1694.9284065
"7139","1kmE3921N3148",8271.470344
"7140","1kmE3921N3149",10568.7279345
"7141","1kmE3921N3150",2357.5185605
"7142","1kmE3921N3151",6990.1982845
"7143","1kmE3921N3152",7498.13699
"7144","1kmE3921N3153",4903.667868
"7145","1kmE3921N3154",6056.942997
"7146","1kmE3921N3155",8487.2610135
"7147","1kmE3921N3156",9970.861009
"7148","1kmE3922N3082",11951.4377495
"7149","1kmE3922N3083",10421.893963
"7150","1kmE3922N3084",17184.059497
"7151","1kmE3922N3085",18275.826146
"7152","1kmE3922N3086",14454.499753
"7153","1kmE3922N3087",17106.9693065
"7154","1kmE3922N3088",20375.6149525
"7155","1kmE3922N3089",21317.0949525
"7156","1kmE3922N3090",20674.4269375
"7157","1kmE3922N3091",18894.9083245
"7158","1kmE3922N3092",15032.175977
"7159","1kmE3922N3093",14667.8154385
"7160","1kmE3922N3094",16096.1529025
"7161","1kmE3922N3095",12986.2518925
"7162","1kmE3922N3096",9564.9998575
"7163","1kmE3922N3097",11244.682172
"7164","1kmE3922N3098",11382.5375995
"7165","1kmE3922N3099",12613.952653
"7166","1kmE3922N3100",16121.523735
"7167","1kmE3922N3101",16659.3480275
"7168","1kmE3922N3102",13689.9399835
"7169","1kmE3922N3103",13246.773146
"7170","1kmE3922N3104",14464.2605295
"7171","1kmE3922N3105",19163.7553525
"7172","1kmE3922N3106",19921.5116065
"7173","1kmE3922N3107",10387.3739855
"7174","1kmE3922N3108",3242.0993135
"7175","1kmE3922N3109",8789.367285
"7176","1kmE3922N3110",14777.2212515
"7177","1kmE3922N3111",15158.54009
"7178","1kmE3922N3112",7135.7966465
"7179","1kmE3922N3113",10430.411446
"7180","1kmE3922N3114",3145.2545885
"7181","1kmE3922N3115",2932.5700785
"7182","1kmE3922N3116",5908.546021
"7183","1kmE3922N3117",9610.8451685
"7184","1kmE3922N3118",9067.3208905
"7185","1kmE3922N3119",9591.8569165
"7186","1kmE3922N3120",10998.341522
"7187","1kmE3922N3121",13838.590063
"7188","1kmE3922N3122",15414.8464135
"7189","1kmE3922N3123",15400.677187
"7190","1kmE3922N3124",15584.2006505
"7191","1kmE3922N3125",18369.2999505
"7192","1kmE3922N3126",18115.1607145
"7193","1kmE3922N3127",18875.484549
"7194","1kmE3922N3128",15457.1099895
"7195","1kmE3922N3129",14976.429909
"7196","1kmE3922N3130",15012.61756
"7197","1kmE3922N3131",11644.409824
"7198","1kmE3922N3132",5686.6879525
"7199","1kmE3922N3133",6960.244658
"7200","1kmE3922N3134",2709.2716095
"7201","1kmE3922N3135",6932.1807025
"7202","1kmE3922N3136",9362.365643
"7203","1kmE3922N3137",5400.9425365
"7204","1kmE3922N3138",4045.1048465
"7205","1kmE3922N3139",7038.1777165
"7206","1kmE3922N3140",11790.263516
"7207","1kmE3922N3141",12561.5885375
"7208","1kmE3922N3142",13619.6696345
"7209","1kmE3922N3143",13386.633969
"7210","1kmE3922N3144",11620.7707295
"7211","1kmE3922N3145",7112.6227945
"7212","1kmE3922N3146",9828.0527365
"7213","1kmE3922N3147",8154.3199685
"7214","1kmE3922N3148",10212.9118155
"7215","1kmE3922N3149",9086.0842255
"7216","1kmE3922N3150",2308.326676
"7217","1kmE3922N3151",4281.508081
"7218","1kmE3922N3152",7419.9379375
"7219","1kmE3922N3153",7493.770877
"7220","1kmE3922N3154",1202.1613305
"7221","1kmE3922N3155",4184.6566635
"7222","1kmE3922N3156",9487.4625545
"7223","1kmE3923N3082",9347.6724075
"7224","1kmE3923N3083",8747.448924
"7225","1kmE3923N3084",14121.6092695
"7226","1kmE3923N3085",15265.4018785
"7227","1kmE3923N3086",11224.470981
"7228","1kmE3923N3087",9330.7234165
"7229","1kmE3923N3088",17704.934394
"7230","1kmE3923N3089",20696.8837925
"7231","1kmE3923N3090",20970.5581635
"7232","1kmE3923N3091",19079.1143525
"7233","1kmE3923N3092",15291.889956
"7234","1kmE3923N3093",14825.3508975
"7235","1kmE3923N3094",12720.9505755
"7236","1kmE3923N3095",13915.5177265
"7237","1kmE3923N3096",11597.6757605
"7238","1kmE3923N3097",12601.2560655
"7239","1kmE3923N3098",14584.188819
"7240","1kmE3923N3099",15700.303378
"7241","1kmE3923N3100",16641.4439355
"7242","1kmE3923N3101",16688.780908
"7243","1kmE3923N3102",16789.9497605
"7244","1kmE3923N3103",14516.496594
"7245","1kmE3923N3104",15271.191971
"7246","1kmE3923N3105",17919.23264
"7247","1kmE3923N3106",17538.160421
"7248","1kmE3923N3107",7003.4063225
"7249","1kmE3923N3108",1850.594736
"7250","1kmE3923N3109",10977.7259055
"7251","1kmE3923N3110",16296.4080795
"7252","1kmE3923N3111",14421.321302
"7253","1kmE3923N3112",6367.3126345
"7254","1kmE3923N3113",5426.8072035
"7255","1kmE3923N3114",1345.069335
"7256","1kmE3923N3115",7986.1222625
"7257","1kmE3923N3116",11498.255106
"7258","1kmE3923N3117",9241.063554
"7259","1kmE3923N3118",9490.856032
"7260","1kmE3923N3119",10975.7805185
"7261","1kmE3923N3120",11889.810232
"7262","1kmE3923N3121",13620.758953
"7263","1kmE3923N3122",14738.0704275
"7264","1kmE3923N3123",15287.2237625
"7265","1kmE3923N3124",15823.2047
"7266","1kmE3923N3125",16541.7674485
"7267","1kmE3923N3126",18387.9191925
"7268","1kmE3923N3127",17718.1624825
"7269","1kmE3923N3128",16453.6882185
"7270","1kmE3923N3129",15691.413691
"7271","1kmE3923N3130",15983.418426
"7272","1kmE3923N3131",14021.0023515
"7273","1kmE3923N3132",13934.945616
"7274","1kmE3923N3133",7990.944027
"7275","1kmE3923N3134",10343.748915
"7276","1kmE3923N3135",10749.1040235
"7277","1kmE3923N3136",9088.4647985
"7278","1kmE3923N3137",11030.491109
"7279","1kmE3923N3138",10310.8288505
"7280","1kmE3923N3139",12370.400714
"7281","1kmE3923N3140",16485.1169625
"7282","1kmE3923N3141",15341.7654855
"7283","1kmE3923N3142",15933.526226
"7284","1kmE3923N3143",12713.1173515
"7285","1kmE3923N3144",9794.83951
"7286","1kmE3923N3145",10411.5440855
"7287","1kmE3923N3146",13891.1704995
"7288","1kmE3923N3147",12296.5308205
"7289","1kmE3923N3148",15930.714109
"7290","1kmE3923N3149",11794.108935
"7291","1kmE3923N3150",6976.288158
"7292","1kmE3923N3151",6410.531586
"7293","1kmE3923N3152",8874.187448
"7294","1kmE3923N3153",4884.1608895
"7295","1kmE3923N3154",546.1853075
"7296","1kmE3923N3155",2515.477684
"7297","1kmE3923N3156",6517.6474115
"7298","1kmE3924N3082",5160.845623
"7299","1kmE3924N3083",10883.165506
"7300","1kmE3924N3084",11960.59299
"7301","1kmE3924N3085",13516.7277825
"7302","1kmE3924N3086",11597.2588965
"7303","1kmE3924N3087",8504.156109
"7304","1kmE3924N3088",14369.3724805
"7305","1kmE3924N3089",16586.044928
"7306","1kmE3924N3090",17771.9810225
"7307","1kmE3924N3091",18209.025551
"7308","1kmE3924N3092",16195.6431355
"7309","1kmE3924N3093",15103.7608125
"7310","1kmE3924N3094",12413.2394035
"7311","1kmE3924N3095",12032.027995
"7312","1kmE3924N3096",11752.216802
"7313","1kmE3924N3097",12085.2051025
"7314","1kmE3924N3098",14176.6278595
"7315","1kmE3924N3099",13789.6173415
"7316","1kmE3924N3100",16090.809287
"7317","1kmE3924N3101",16061.1050775
"7318","1kmE3924N3102",14648.031083
"7319","1kmE3924N3103",12713.651426
"7320","1kmE3924N3104",11850.1237105
"7321","1kmE3924N3105",11040.774554
"7322","1kmE3924N3106",9759.1218425
"7323","1kmE3924N3107",5815.3997275
"7324","1kmE3924N3108",6769.5755845
"7325","1kmE3924N3109",9593.2715605
"7326","1kmE3924N3110",11375.7244365
"7327","1kmE3924N3111",10868.094449
"7328","1kmE3924N3112",7570.9571535
"7329","1kmE3924N3113",1373.362616
"7330","1kmE3924N3114",7267.592315
"7331","1kmE3924N3115",9043.9019935
"7332","1kmE3924N3116",8293.782038
"7333","1kmE3924N3117",7609.5621515
"7334","1kmE3924N3118",7616.90093
"7335","1kmE3924N3119",9402.376085
"7336","1kmE3924N3120",10737.2038185
"7337","1kmE3924N3121",12172.9642995
"7338","1kmE3924N3122",16483.95701
"7339","1kmE3924N3123",16533.9067965
"7340","1kmE3924N3124",12458.310682
"7341","1kmE3924N3125",12720.2980415
"7342","1kmE3924N3126",12562.0986135
"7343","1kmE3924N3127",12808.5354155
"7344","1kmE3924N3128",15175.712313
"7345","1kmE3924N3129",15828.8753475
"7346","1kmE3924N3130",14962.826721
"7347","1kmE3924N3131",14072.6023455
"7348","1kmE3924N3132",13194.981612
"7349","1kmE3924N3133",11284.400825
"7350","1kmE3924N3134",15071.2941825
"7351","1kmE3924N3135",13606.612494
"7352","1kmE3924N3136",11049.0710895
"7353","1kmE3924N3137",10243.7362915
"7354","1kmE3924N3138",8129.95516
"7355","1kmE3924N3139",11892.647956
"7356","1kmE3924N3140",13685.087548
"7357","1kmE3924N3141",11681.1525715
"7358","1kmE3924N3142",12439.5616595
"7359","1kmE3924N3143",11059.569342
"7360","1kmE3924N3144",10799.2907635
"7361","1kmE3924N3145",12532.2646445
"7362","1kmE3924N3146",13540.052899
"7363","1kmE3924N3147",8653.0451525
"7364","1kmE3924N3148",8972.125757
"7365","1kmE3924N3149",4001.4000535
"7366","1kmE3924N3150",6023.979131
"7367","1kmE3924N3151",12150.985155
"7368","1kmE3924N3152",14266.107958
"7369","1kmE3924N3153",9784.71127
"7370","1kmE3924N3154",9231.461014
"7371","1kmE3924N3155",11822.0572185
"7372","1kmE3924N3156",6932.0715665
"7373","1kmE3925N3084",3703.189101
"7374","1kmE3925N3085",11334.033463
"7375","1kmE3925N3086",11448.397598
"7376","1kmE3925N3087",11050.019969
"7377","1kmE3925N3088",14299.654362
"7378","1kmE3925N3089",14140.6514465
"7379","1kmE3925N3090",14520.781122
"7380","1kmE3925N3091",17266.4641095
"7381","1kmE3925N3092",16996.2611715
"7382","1kmE3925N3093",17758.217299
"7383","1kmE3925N3094",13669.8056875
"7384","1kmE3925N3095",14240.4366215
"7385","1kmE3925N3096",13319.7366385
"7386","1kmE3925N3097",10501.001901
"7387","1kmE3925N3098",11510.7689145
"7388","1kmE3925N3099",14355.861781
"7389","1kmE3925N3100",17289.736789
"7390","1kmE3925N3101",16937.1125585
"7391","1kmE3925N3102",15696.2622285
"7392","1kmE3925N3103",11960.2164465
"7393","1kmE3925N3104",8755.3556435
"7394","1kmE3925N3105",12507.1893685
"7395","1kmE3925N3106",15493.7858745
"7396","1kmE3925N3107",11535.256255
"7397","1kmE3925N3108",6648.303954
"7398","1kmE3925N3109",11281.0019665
"7399","1kmE3925N3110",9385.578771
"7400","1kmE3925N3111",12753.9324785
"7401","1kmE3925N3112",9288.304361
"7402","1kmE3925N3113",5434.1832485
"7403","1kmE3925N3114",10076.185694
"7404","1kmE3925N3115",8506.0215
"7405","1kmE3925N3116",5194.887805
"7406","1kmE3925N3117",9337.2719235
"7407","1kmE3925N3118",9859.298063
"7408","1kmE3925N3119",9898.5113335
"7409","1kmE3925N3120",9746.5863475
"7410","1kmE3925N3121",11192.5875295
"7411","1kmE3925N3122",13899.6287945
"7412","1kmE3925N3123",13350.659393
"7413","1kmE3925N3124",13931.2417645
"7414","1kmE3925N3125",16341.92886
"7415","1kmE3925N3126",14262.4284005
"7416","1kmE3925N3127",8674.8631595
"7417","1kmE3925N3128",9709.832199
"7418","1kmE3925N3129",13412.0004945
"7419","1kmE3925N3130",14811.4218845
"7420","1kmE3925N3131",11554.083301
"7421","1kmE3925N3132",8192.54437
"7422","1kmE3925N3133",8268.872862
"7423","1kmE3925N3134",14612.0095985
"7424","1kmE3925N3135",15883.428367
"7425","1kmE3925N3136",14613.0461825
"7426","1kmE3925N3137",10064.9134165
"7427","1kmE3925N3138",13115.4070865
"7428","1kmE3925N3139",13542.6979
"7429","1kmE3925N3140",11047.634044
"7430","1kmE3925N3141",10986.8099075
"7431","1kmE3925N3142",10975.3733045
"7432","1kmE3925N3143",8713.263044
"7433","1kmE3925N3144",11598.0595105
"7434","1kmE3925N3145",11076.2471705
"7435","1kmE3925N3146",10381.01902
"7436","1kmE3925N3147",9015.249694
"7437","1kmE3925N3148",9367.237738
"7438","1kmE3925N3149",10827.605987
"7439","1kmE3925N3150",13841.4753755
"7440","1kmE3925N3151",14556.319301
"7441","1kmE3925N3152",11220.954774
"7442","1kmE3925N3153",9381.788028
"7443","1kmE3925N3154",8362.8701685
"7444","1kmE3925N3155",9829.876186
"7445","1kmE3925N3156",6185.3516685
"7446","1kmE3926N3084",9517.9563845
"7447","1kmE3926N3085",10324.5557415
"7448","1kmE3926N3086",6622.5279675
"7449","1kmE3926N3087",9354.402542
"7450","1kmE3926N3088",12525.556353
"7451","1kmE3926N3089",13530.0370555
"7452","1kmE3926N3090",19703.9687605
"7453","1kmE3926N3091",19211.433452
"7454","1kmE3926N3092",18587.131883
"7455","1kmE3926N3093",17775.731868
"7456","1kmE3926N3094",14858.0748805
"7457","1kmE3926N3095",14740.566619
"7458","1kmE3926N3096",12742.7731225
"7459","1kmE3926N3097",13303.202102
"7460","1kmE3926N3098",16632.729526
"7461","1kmE3926N3099",14896.6730685
"7462","1kmE3926N3100",20635.1289405
"7463","1kmE3926N3101",19431.3331455
"7464","1kmE3926N3102",18202.700995
"7465","1kmE3926N3103",17481.4662995
"7466","1kmE3926N3104",16525.5253015
"7467","1kmE3926N3105",11827.3628925
"7468","1kmE3926N3106",15106.9978325
"7469","1kmE3926N3107",11375.1350275
"7470","1kmE3926N3108",4005.4505705
"7471","1kmE3926N3109",12148.4478885
"7472","1kmE3926N3110",12935.1875135
"7473","1kmE3926N3111",14449.4685025
"7474","1kmE3926N3112",15169.963177
"7475","1kmE3926N3113",11327.4671795
"7476","1kmE3926N3114",6403.6063425
"7477","1kmE3926N3115",4843.312386
"7478","1kmE3926N3116",4484.7275515
"7479","1kmE3926N3117",5716.8336585
"7480","1kmE3926N3118",7675.217291
"7481","1kmE3926N3119",8415.3802685
"7482","1kmE3926N3120",14423.6660375
"7483","1kmE3926N3121",14476.2659805
"7484","1kmE3926N3122",14000.635009
"7485","1kmE3926N3123",12872.8553315
"7486","1kmE3926N3124",16077.6010295
"7487","1kmE3926N3125",11567.3220275
"7488","1kmE3926N3126",9046.5632005
"7489","1kmE3926N3127",6862.270146
"7490","1kmE3926N3128",11730.951822
"7491","1kmE3926N3129",10730.3947615
"7492","1kmE3926N3130",7993.6761855
"7493","1kmE3926N3131",7378.8878595
"7494","1kmE3926N3132",12403.1700685
"7495","1kmE3926N3133",8893.237591
"7496","1kmE3926N3134",15384.5098045
"7497","1kmE3926N3135",17953.5068675
"7498","1kmE3926N3136",16970.0417115
"7499","1kmE3926N3137",13085.0310695
"7500","1kmE3926N3138",17007.6523735
"7501","1kmE3926N3139",17834.72244
"7502","1kmE3926N3140",14040.1812425
"7503","1kmE3926N3141",10668.596958
"7504","1kmE3926N3142",9898.9099615
"7505","1kmE3926N3143",6850.486677
"7506","1kmE3926N3144",8493.511741
"7507","1kmE3926N3145",9449.6186565
"7508","1kmE3926N3146",14756.6812545
"7509","1kmE3926N3147",13887.6487655
"7510","1kmE3926N3148",12019.726521
"7511","1kmE3926N3149",10642.9219935
"7512","1kmE3926N3150",12346.7992075
"7513","1kmE3926N3151",14057.095085
"7514","1kmE3926N3152",10721.62227
"7515","1kmE3926N3153",8767.508278
"7516","1kmE3926N3154",12589.014304
"7517","1kmE3926N3155",11597.3471255
"7518","1kmE3926N3156",5231.41745
"7519","1kmE3927N3084",5342.0238
"7520","1kmE3927N3085",7771.0853305
"7521","1kmE3927N3086",8039.153357
"7522","1kmE3927N3087",12764.538305
"7523","1kmE3927N3088",12450.5426325
"7524","1kmE3927N3089",16982.6366655
"7525","1kmE3927N3090",23611.669065
"7526","1kmE3927N3091",21104.127456
"7527","1kmE3927N3092",18524.7600945
"7528","1kmE3927N3093",16589.627251
"7529","1kmE3927N3094",14959.9241785
"7530","1kmE3927N3095",13559.1327075
"7531","1kmE3927N3096",13108.4802685
"7532","1kmE3927N3097",12821.8724205
"7533","1kmE3927N3098",18132.406669
"7534","1kmE3927N3099",17008.081477
"7535","1kmE3927N3100",19602.244926
"7536","1kmE3927N3101",17965.7672885
"7537","1kmE3927N3102",18809.125342
"7538","1kmE3927N3103",17597.1618775
"7539","1kmE3927N3104",15651.939618
"7540","1kmE3927N3105",10715.0851825
"7541","1kmE3927N3106",7614.3628395
"7542","1kmE3927N3107",11365.9276725
"7543","1kmE3927N3108",11376.148788
"7544","1kmE3927N3109",12392.7711
"7545","1kmE3927N3110",11422.8876235
"7546","1kmE3927N3111",11329.46103
"7547","1kmE3927N3112",17796.343924
"7548","1kmE3927N3113",16115.826318
"7549","1kmE3927N3114",12461.1151565
"7550","1kmE3927N3115",7060.1164535
"7551","1kmE3927N3116",9120.734838
"7552","1kmE3927N3117",8628.8255035
"7553","1kmE3927N3118",4250.276408
"7554","1kmE3927N3119",12273.7535885
"7555","1kmE3927N3120",16519.4803875
"7556","1kmE3927N3121",13579.9107175
"7557","1kmE3927N3122",10692.9808485
"7558","1kmE3927N3123",10413.3270335
"7559","1kmE3927N3124",14807.8556805
"7560","1kmE3927N3125",13167.363283
"7561","1kmE3927N3126",8324.891725
"7562","1kmE3927N3127",6875.377282
"7563","1kmE3927N3128",8415.194941
"7564","1kmE3927N3129",9680.82003
"7565","1kmE3927N3130",7713.9234155
"7566","1kmE3927N3131",11086.4251675
"7567","1kmE3927N3132",16044.444904
"7568","1kmE3927N3133",10957.6933305
"7569","1kmE3927N3134",8999.1334615
"7570","1kmE3927N3135",14876.9793705
"7571","1kmE3927N3136",17432.913032
"7572","1kmE3927N3137",17575.9711715
"7573","1kmE3927N3138",18182.084596
"7574","1kmE3927N3139",18409.875149
"7575","1kmE3927N3140",14016.07452
"7576","1kmE3927N3141",9561.90881
"7577","1kmE3927N3142",8366.1986815
"7578","1kmE3927N3143",8702.7202645
"7579","1kmE3927N3144",6428.3334005
"7580","1kmE3927N3145",8085.323154
"7581","1kmE3927N3146",17436.678724
"7582","1kmE3927N3147",16675.3926225
"7583","1kmE3927N3148",13113.5662165
"7584","1kmE3927N3149",11547.947656
"7585","1kmE3927N3150",10691.876121
"7586","1kmE3927N3151",16905.9058505
"7587","1kmE3927N3152",16900.4013515
"7588","1kmE3927N3153",12188.8443325
"7589","1kmE3927N3154",10192.4292425
"7590","1kmE3927N3155",8892.804766
"7591","1kmE3928N3084",8257.8247405
"7592","1kmE3928N3085",7234.491143
"7593","1kmE3928N3086",11486.566942
"7594","1kmE3928N3087",19978.1741315
"7595","1kmE3928N3088",14481.5075035
"7596","1kmE3928N3089",13614.101507
"7597","1kmE3928N3090",21317.0157055
"7598","1kmE3928N3091",18508.7956455
"7599","1kmE3928N3092",20130.695136
"7600","1kmE3928N3093",18849.5550225
"7601","1kmE3928N3094",19041.4572565
"7602","1kmE3928N3095",17698.590119
"7603","1kmE3928N3096",16555.329564
"7604","1kmE3928N3097",15012.055995
"7605","1kmE3928N3098",17004.113858
"7606","1kmE3928N3099",15674.1186375
"7607","1kmE3928N3100",17098.5284455
"7608","1kmE3928N3101",17036.264578
"7609","1kmE3928N3102",16411.894842
"7610","1kmE3928N3103",15855.1315695
"7611","1kmE3928N3104",11520.502671
"7612","1kmE3928N3105",11309.9585905
"7613","1kmE3928N3106",8525.565015
"7614","1kmE3928N3107",11840.332223
"7615","1kmE3928N3108",11067.953866
"7616","1kmE3928N3109",12045.2778125
"7617","1kmE3928N3110",8976.3907715
"7618","1kmE3928N3111",6548.101301
"7619","1kmE3928N3112",16302.192748
"7620","1kmE3928N3113",13414.2128785
"7621","1kmE3928N3114",11531.0880565
"7622","1kmE3928N3115",7151.312609
"7623","1kmE3928N3116",8797.1994395
"7624","1kmE3928N3117",7022.972616
"7625","1kmE3928N3118",3316.964944
"7626","1kmE3928N3119",13942.5831615
"7627","1kmE3928N3120",18057.635608
"7628","1kmE3928N3121",14948.634976
"7629","1kmE3928N3122",10629.1848255
"7630","1kmE3928N3123",11797.882079
"7631","1kmE3928N3124",10077.0526985
"7632","1kmE3928N3125",7759.1735145
"7633","1kmE3928N3126",9536.90849
"7634","1kmE3928N3127",6644.37628
"7635","1kmE3928N3128",10318.028636
"7636","1kmE3928N3129",10090.6429635
"7637","1kmE3928N3130",8942.442741
"7638","1kmE3928N3131",15506.901344
"7639","1kmE3928N3132",14851.3805485
"7640","1kmE3928N3133",8906.8016575
"7641","1kmE3928N3134",2399.478026
"7642","1kmE3928N3135",14901.0037665
"7643","1kmE3928N3136",17606.745311
"7644","1kmE3928N3137",16229.126035
"7645","1kmE3928N3138",15876.2076295
"7646","1kmE3928N3139",16236.7921445
"7647","1kmE3928N3140",14149.314383
"7648","1kmE3928N3141",8616.4564445
"7649","1kmE3928N3142",8536.5393515
"7650","1kmE3928N3143",11030.9295845
"7651","1kmE3928N3144",9420.4676895
"7652","1kmE3928N3145",10661.3948
"7653","1kmE3928N3146",14134.940563
"7654","1kmE3928N3147",13150.6021945
"7655","1kmE3928N3148",9465.7527925
"7656","1kmE3928N3149",7209.185458
"7657","1kmE3928N3150",4909.030361
"7658","1kmE3928N3151",11820.4475415
"7659","1kmE3928N3152",12182.0732845
"7660","1kmE3928N3153",10073.5803595
"7661","1kmE3929N3085",7594.2176325
"7662","1kmE3929N3086",8740.641199
"7663","1kmE3929N3087",19966.331573
"7664","1kmE3929N3088",18618.374125
"7665","1kmE3929N3089",12323.2258185
"7666","1kmE3929N3090",12410.5896705
"7667","1kmE3929N3091",18053.0255365
"7668","1kmE3929N3092",25332.2562505
"7669","1kmE3929N3093",21429.7198575
"7670","1kmE3929N3094",21115.424661
"7671","1kmE3929N3095",19861.981085
"7672","1kmE3929N3096",20403.3392715
"7673","1kmE3929N3097",18639.376566
"7674","1kmE3929N3098",13298.846741
"7675","1kmE3929N3099",10570.1841555
"7676","1kmE3929N3100",12711.3440575
"7677","1kmE3929N3101",16170.5036355
"7678","1kmE3929N3102",15068.340492
"7679","1kmE3929N3103",10347.4135255
"7680","1kmE3929N3104",9214.2819285
"7681","1kmE3929N3105",8304.879129
"7682","1kmE3929N3106",4531.1291735
"7683","1kmE3929N3107",10719.531592
"7684","1kmE3929N3108",8931.436896
"7685","1kmE3929N3109",3445.3150255
"7686","1kmE3929N3110",4151.839633
"7687","1kmE3929N3111",9167.57662
"7688","1kmE3929N3112",9013.2256545
"7689","1kmE3929N3113",4238.8435335
"7690","1kmE3929N3114",6000.323097
"7691","1kmE3929N3115",3720.7988775
"7692","1kmE3929N3116",2515.9686945
"7693","1kmE3929N3117",8311.117452
"7694","1kmE3929N3118",9953.963289
"7695","1kmE3929N3119",10585.9768985
"7696","1kmE3929N3120",13001.0492195
"7697","1kmE3929N3121",12824.832708
"7698","1kmE3929N3122",9383.7780835
"7699","1kmE3929N3123",9182.138101
"7700","1kmE3929N3124",6530.9536785
"7701","1kmE3929N3125",5176.5584305
"7702","1kmE3929N3126",12989.7356755
"7703","1kmE3929N3127",7711.9748285
"7704","1kmE3929N3128",7030.8604625
"7705","1kmE3929N3129",7042.8627945
"7706","1kmE3929N3130",9158.0812335
"7707","1kmE3929N3131",16416.099009
"7708","1kmE3929N3132",12553.5783755
"7709","1kmE3929N3133",6358.2857905
"7710","1kmE3929N3134",7923.303306
"7711","1kmE3929N3135",16168.937961
"7712","1kmE3929N3136",15446.468429
"7713","1kmE3929N3137",13251.9472895
"7714","1kmE3929N3138",12709.657893
"7715","1kmE3929N3139",15883.8387335
"7716","1kmE3929N3140",15611.4061465
"7717","1kmE3929N3141",9351.731059
"7718","1kmE3929N3142",8667.136895
"7719","1kmE3929N3143",15697.653282
"7720","1kmE3929N3144",15440.6936735
"7721","1kmE3929N3145",15668.112122
"7722","1kmE3929N3146",17328.091684
"7723","1kmE3929N3147",14424.066987
"7724","1kmE3929N3148",11148.7832375
"7725","1kmE3929N3149",8381.8269415
"7726","1kmE3929N3150",7090.003494
"7727","1kmE3929N3151",11056.416633
"7728","1kmE3929N3152",12597.999612
"7729","1kmE3929N3153",6896.896516
"7730","1kmE3930N3085",7642.6870605
"7731","1kmE3930N3086",13549.536156
"7732","1kmE3930N3087",16519.6401605
"7733","1kmE3930N3088",15422.944506
"7734","1kmE3930N3089",10435.1934825
"7735","1kmE3930N3090",11674.3077285
"7736","1kmE3930N3091",17242.9173455
"7737","1kmE3930N3092",20646.7940945
"7738","1kmE3930N3093",18641.8679805
"7739","1kmE3930N3094",16041.3647495
"7740","1kmE3930N3095",16764.628191
"7741","1kmE3930N3096",18442.9903415
"7742","1kmE3930N3097",19881.904183
"7743","1kmE3930N3098",10911.3503195
"7744","1kmE3930N3099",4952.724574
"7745","1kmE3930N3100",6558.907968
"7746","1kmE3930N3101",11034.3567425
"7747","1kmE3930N3102",9015.7065085
"7748","1kmE3930N3103",6508.062
"7749","1kmE3930N3104",8710.417243
"7750","1kmE3930N3105",4439.8198675
"7751","1kmE3930N3106",11004.5279595
"7752","1kmE3930N3107",11495.2952875
"7753","1kmE3930N3108",13398.865348
"7754","1kmE3930N3109",8456.501875
"7755","1kmE3930N3110",6548.9305185
"7756","1kmE3930N3111",14991.676693
"7757","1kmE3930N3112",6906.856326
"7758","1kmE3930N3113",2561.5763385
"7759","1kmE3930N3114",1475.2086955
"7760","1kmE3930N3115",3092.8753695
"7761","1kmE3930N3116",6661.201575
"7762","1kmE3930N3117",10443.2604085
"7763","1kmE3930N3118",12250.4204715
"7764","1kmE3930N3119",13831.565184
"7765","1kmE3930N3120",13704.3129
"7766","1kmE3930N3121",10750.188741
"7767","1kmE3930N3122",11009.1101895
"7768","1kmE3930N3123",9368.974648
"7769","1kmE3930N3124",8365.617526
"7770","1kmE3930N3125",7607.22337
"7771","1kmE3930N3126",6200.792079
"7772","1kmE3930N3127",3256.454746
"7773","1kmE3930N3128",10044.973375
"7774","1kmE3930N3129",13350.075219
"7775","1kmE3930N3130",12615.6788195
"7776","1kmE3930N3131",13703.6957625
"7777","1kmE3930N3132",8634.0107495
"7778","1kmE3930N3133",11800.7653935
"7779","1kmE3930N3134",14654.938638
"7780","1kmE3930N3135",14861.016696
"7781","1kmE3930N3136",10694.1725705
"7782","1kmE3930N3137",12807.2381855
"7783","1kmE3930N3138",12523.204238
"7784","1kmE3930N3139",14125.1313345
"7785","1kmE3930N3140",16896.1836805
"7786","1kmE3930N3141",12919.982366
"7787","1kmE3930N3142",10969.6398575
"7788","1kmE3930N3143",15387.517564
"7789","1kmE3930N3144",18597.2968115
"7790","1kmE3930N3145",17623.0722765
"7791","1kmE3930N3146",14086.60626
"7792","1kmE3930N3147",10155.888761
"7793","1kmE3930N3148",12381.622014
"7794","1kmE3930N3149",11055.2303685
"7795","1kmE3930N3150",12165.6484475
"7796","1kmE3930N3151",17024.2249725
"7797","1kmE3930N3152",15296.974616
"7798","1kmE3930N3153",9349.340566
"7799","1kmE3930N3159",8465.066572
"7800","1kmE3930N3160",7429.0721235
"7801","1kmE3930N3163",10358.767671
"7802","1kmE3931N3085",7284.9027015
"7803","1kmE3931N3086",6126.8123145
"7804","1kmE3931N3087",9465.0259335
"7805","1kmE3931N3088",7165.8955045
"7806","1kmE3931N3089",8732.8119565
"7807","1kmE3931N3090",10800.6199995
"7808","1kmE3931N3091",12300.2425395
"7809","1kmE3931N3092",13771.9878815
"7810","1kmE3931N3093",15105.2166765
"7811","1kmE3931N3094",13400.9351675
"7812","1kmE3931N3095",13481.6520755
"7813","1kmE3931N3096",13720.9629775
"7814","1kmE3931N3097",13334.741963
"7815","1kmE3931N3098",8623.954778
"7816","1kmE3931N3099",6714.604973
"7817","1kmE3931N3100",11518.652274
"7818","1kmE3931N3101",8973.4786665
"7819","1kmE3931N3102",1980.7905745
"7820","1kmE3931N3103",4443.9693185
"7821","1kmE3931N3104",10862.22891
"7822","1kmE3931N3105",7945.3392235
"7823","1kmE3931N3106",11799.1277195
"7824","1kmE3931N3107",7581.7721125
"7825","1kmE3931N3108",11933.808434
"7826","1kmE3931N3109",8708.932348
"7827","1kmE3931N3110",6529.0395215
"7828","1kmE3931N3111",5833.387413
"7829","1kmE3931N3112",6052.764617
"7830","1kmE3931N3113",11710.3277225
"7831","1kmE3931N3114",5465.3433555
"7832","1kmE3931N3115",9953.3107085
"7833","1kmE3931N3116",12442.6409155
"7834","1kmE3931N3117",15326.27948
"7835","1kmE3931N3118",12652.4571815
"7836","1kmE3931N3119",12693.3323095
"7837","1kmE3931N3120",12144.9615035
"7838","1kmE3931N3121",6474.748269
"7839","1kmE3931N3122",12268.4964455
"7840","1kmE3931N3123",8800.1047725
"7841","1kmE3931N3124",3673.2069015
"7842","1kmE3931N3125",8155.1686275
"7843","1kmE3931N3126",4329.577615
"7844","1kmE3931N3127",7360.0081035
"7845","1kmE3931N3128",9195.2514405
"7846","1kmE3931N3129",15646.520926
"7847","1kmE3931N3130",14436.332167
"7848","1kmE3931N3131",15355.4936945
"7849","1kmE3931N3132",14902.5675285
"7850","1kmE3931N3133",13248.845305
"7851","1kmE3931N3134",16678.8800305
"7852","1kmE3931N3135",17046.720367
"7853","1kmE3931N3136",13882.872161
"7854","1kmE3931N3137",18271.652367
"7855","1kmE3931N3138",12986.389799
"7856","1kmE3931N3139",11605.0302715
"7857","1kmE3931N3140",12489.3614235
"7858","1kmE3931N3141",9034.495021
"7859","1kmE3931N3142",11067.367085
"7860","1kmE3931N3143",16766.7913725
"7861","1kmE3931N3144",19606.154433
"7862","1kmE3931N3145",17507.1175845
"7863","1kmE3931N3146",14181.067609
"7864","1kmE3931N3147",6211.281275
"7865","1kmE3931N3148",7206.3830275
"7866","1kmE3931N3149",9155.407527
"7867","1kmE3931N3150",4744.054077
"7868","1kmE3931N3151",9984.3081925
"7869","1kmE3931N3152",13883.7746315
"7870","1kmE3931N3153",10260.215011
"7871","1kmE3931N3157",3439.790506
"7872","1kmE3931N3158",8812.2387355
"7873","1kmE3931N3159",12034.261789
"7874","1kmE3931N3160",10247.480074
"7875","1kmE3931N3161",10057.3708005
"7876","1kmE3931N3162",7725.0281535
"7877","1kmE3931N3163",11786.7065245
"7878","1kmE3931N3164",9465.932856
"7879","1kmE3932N3084",4682.7289565
"7880","1kmE3932N3085",5584.4246635
"7881","1kmE3932N3086",8898.038512
"7882","1kmE3932N3087",14929.3643485
"7883","1kmE3932N3088",7957.1651215
"7884","1kmE3932N3089",8454.501222
"7885","1kmE3932N3090",10669.8557925
"7886","1kmE3932N3091",10986.2077055
"7887","1kmE3932N3092",12450.2462295
"7888","1kmE3932N3093",10273.9319995
"7889","1kmE3932N3094",8093.876888
"7890","1kmE3932N3095",8873.1411405
"7891","1kmE3932N3096",9761.247948
"7892","1kmE3932N3097",11759.1927085
"7893","1kmE3932N3098",11880.3095375
"7894","1kmE3932N3099",5221.3001055
"7895","1kmE3932N3100",9022.5954315
"7896","1kmE3932N3101",3608.797221
"7897","1kmE3932N3102",1923.164979
"7898","1kmE3932N3103",12509.841307
"7899","1kmE3932N3104",14798.15975
"7900","1kmE3932N3105",7846.1597155
"7901","1kmE3932N3106",6296.515449
"7902","1kmE3932N3107",10850.4911155
"7903","1kmE3932N3108",8617.779223
"7904","1kmE3932N3109",14314.1742255
"7905","1kmE3932N3110",12825.108435
"7906","1kmE3932N3111",4303.4191195
"7907","1kmE3932N3112",4629.6510465
"7908","1kmE3932N3113",9970.03423
"7909","1kmE3932N3114",12613.139329
"7910","1kmE3932N3115",18538.9320015
"7911","1kmE3932N3116",15542.609244
"7912","1kmE3932N3117",14704.715681
"7913","1kmE3932N3118",13353.5051685
"7914","1kmE3932N3119",5662.0102865
"7915","1kmE3932N3120",13860.132544
"7916","1kmE3932N3121",10614.3895475
"7917","1kmE3932N3122",8659.6893915
"7918","1kmE3932N3123",3095.020817
"7919","1kmE3932N3124",2755.92091
"7920","1kmE3932N3125",5312.262808
"7921","1kmE3932N3126",8797.253791
"7922","1kmE3932N3127",8003.7479625
"7923","1kmE3932N3128",6307.484643
"7924","1kmE3932N3129",12752.647868
"7925","1kmE3932N3130",14038.231096
"7926","1kmE3932N3131",15736.468531
"7927","1kmE3932N3132",17451.7653165
"7928","1kmE3932N3133",11012.793378
"7929","1kmE3932N3134",18265.4719925
"7930","1kmE3932N3135",17725.591976
"7931","1kmE3932N3136",12775.6399525
"7932","1kmE3932N3137",13216.5933105
"7933","1kmE3932N3138",10565.738502
"7934","1kmE3932N3139",12161.954994
"7935","1kmE3932N3140",6041.8965945
"7936","1kmE3932N3141",8489.9053625
"7937","1kmE3932N3142",13817.7626165
"7938","1kmE3932N3143",20030.967921
"7939","1kmE3932N3144",19194.58376
"7940","1kmE3932N3145",13338.161835
"7941","1kmE3932N3146",11065.988197
"7942","1kmE3932N3147",7239.2769585
"7943","1kmE3932N3148",11327.850593
"7944","1kmE3932N3149",6738.184197
"7945","1kmE3932N3150",3403.965104
"7946","1kmE3932N3151",10616.370194
"7947","1kmE3932N3152",15305.676514
"7948","1kmE3932N3153",11686.6492835
"7949","1kmE3932N3154",3848.796366
"7950","1kmE3932N3156",4357.8796655
"7951","1kmE3932N3157",6186.5847705
"7952","1kmE3932N3158",10819.714799
"7953","1kmE3932N3159",13623.6077505
"7954","1kmE3932N3160",11506.4243895
"7955","1kmE3932N3161",12293.7644915
"7956","1kmE3932N3162",11139.6747055
"7957","1kmE3932N3163",14206.1120025
"7958","1kmE3932N3164",13275.6807525
"7959","1kmE3933N3083",8030.2814505
"7960","1kmE3933N3084",7020.237922
"7961","1kmE3933N3085",6962.5016775
"7962","1kmE3933N3086",10393.606711
"7963","1kmE3933N3087",15384.372354
"7964","1kmE3933N3088",9388.324205
"7965","1kmE3933N3089",6394.3780715
"7966","1kmE3933N3090",7639.6197735
"7967","1kmE3933N3091",11497.3343225
"7968","1kmE3933N3092",9451.5358885
"7969","1kmE3933N3093",6065.161378
"7970","1kmE3933N3094",7168.622384
"7971","1kmE3933N3095",10065.489142
"7972","1kmE3933N3096",11187.0438925
"7973","1kmE3933N3097",12669.398418
"7974","1kmE3933N3098",3886.5705555
"7975","1kmE3933N3099",5904.4663945
"7976","1kmE3933N3100",7618.903637
"7977","1kmE3933N3101",205.01639
"7978","1kmE3933N3102",1631.4207285
"7979","1kmE3933N3103",9429.188596
"7980","1kmE3933N3104",15234.568964
"7981","1kmE3933N3105",10891.32899
"7982","1kmE3933N3106",8763.3052505
"7983","1kmE3933N3107",13980.0414415
"7984","1kmE3933N3108",6657.9203695
"7985","1kmE3933N3109",10162.914177
"7986","1kmE3933N3110",6164.7229245
"7987","1kmE3933N3111",8549.600741
"7988","1kmE3933N3112",9026.767692
"7989","1kmE3933N3113",13281.3910325
"7990","1kmE3933N3114",11112.199476
"7991","1kmE3933N3115",14643.905553
"7992","1kmE3933N3116",13472.9479265
"7993","1kmE3933N3117",11753.348336
"7994","1kmE3933N3118",11070.770434
"7995","1kmE3933N3119",7144.157091
"7996","1kmE3933N3120",12966.9434595
"7997","1kmE3933N3121",15345.3498335
"7998","1kmE3933N3122",8198.4139445
"7999","1kmE3933N3123",5333.670419
"8000","1kmE3933N3124",8543.9147525
"8001","1kmE3933N3125",10020.5986965
"8002","1kmE3933N3126",10117.953074
"8003","1kmE3933N3127",8030.969998
"8004","1kmE3933N3128",10884.4477135
"8005","1kmE3933N3129",5756.3559825
"8006","1kmE3933N3130",6769.66598
"8007","1kmE3933N3131",8558.8104545
"8008","1kmE3933N3132",10634.5133795
"8009","1kmE3933N3133",14926.81108
"8010","1kmE3933N3134",8358.0962815
"8011","1kmE3933N3135",12131.8624685
"8012","1kmE3933N3136",13132.692386
"8013","1kmE3933N3137",13951.449984
"8014","1kmE3933N3138",13498.745555
"8015","1kmE3933N3139",12378.9282195
"8016","1kmE3933N3140",9936.0203985
"8017","1kmE3933N3141",8969.102133
"8018","1kmE3933N3142",10316.123452
"8019","1kmE3933N3143",14895.61508
"8020","1kmE3933N3144",14753.1375555
"8021","1kmE3933N3145",13440.5518975
"8022","1kmE3933N3146",10697.9782765
"8023","1kmE3933N3147",3598.503219
"8024","1kmE3933N3148",6284.8339605
"8025","1kmE3933N3149",9165.964148
"8026","1kmE3933N3150",9773.384418
"8027","1kmE3933N3151",12022.692392
"8028","1kmE3933N3152",13439.5929255
"8029","1kmE3933N3153",8404.9942655
"8030","1kmE3933N3154",4830.9281735
"8031","1kmE3933N3155",6275.3505675
"8032","1kmE3933N3156",6203.467741
"8033","1kmE3933N3157",8353.139702
"8034","1kmE3933N3158",11610.707629
"8035","1kmE3933N3159",14092.4716645
"8036","1kmE3933N3160",17522.409752
"8037","1kmE3933N3161",14186.878761
"8038","1kmE3933N3162",13386.6327245
"8039","1kmE3933N3163",14513.944816
"8040","1kmE3933N3164",13423.8119005
"8041","1kmE3933N3165",11506.2640845
"8042","1kmE3934N3082",8770.668002
"8043","1kmE3934N3083",11844.102674
"8044","1kmE3934N3084",7944.64111
"8045","1kmE3934N3085",4654.432028
"8046","1kmE3934N3086",11164.3769235
"8047","1kmE3934N3087",13307.287578
"8048","1kmE3934N3088",7266.9413
"8049","1kmE3934N3089",5287.237591
"8050","1kmE3934N3090",6429.7773845
"8051","1kmE3934N3091",10410.407463
"8052","1kmE3934N3092",11884.484528
"8053","1kmE3934N3093",9676.0914425
"8054","1kmE3934N3094",11253.5038685
"8055","1kmE3934N3095",9446.609503
"8056","1kmE3934N3096",5914.003999
"8057","1kmE3934N3097",6787.2802915
"8058","1kmE3934N3098",6526.0376
"8059","1kmE3934N3099",6148.695644
"8060","1kmE3934N3100",8667.386618
"8061","1kmE3934N3101",205.0163915
"8062","1kmE3934N3102",3876.8971145
"8063","1kmE3934N3103",6297.335435
"8064","1kmE3934N3104",7746.6225125
"8065","1kmE3934N3105",11339.057403
"8066","1kmE3934N3106",7787.254055
"8067","1kmE3934N3107",7948.1943725
"8068","1kmE3934N3108",7763.1817705
"8069","1kmE3934N3109",5326.610526
"8070","1kmE3934N3110",10529.3824655
"8071","1kmE3934N3111",12526.4293585
"8072","1kmE3934N3112",6055.071367
"8073","1kmE3934N3113",8223.2612
"8074","1kmE3934N3114",5491.344668
"8075","1kmE3934N3115",11469.195235
"8076","1kmE3934N3116",14744.607558
"8077","1kmE3934N3117",10782.579719
"8078","1kmE3934N3118",12867.500343
"8079","1kmE3934N3119",7468.9771285
"8080","1kmE3934N3120",10985.037144
"8081","1kmE3934N3121",13051.339728
"8082","1kmE3934N3122",8395.331894
"8083","1kmE3934N3123",3319.397674
"8084","1kmE3934N3124",5304.766812
"8085","1kmE3934N3125",3420.2264575
"8086","1kmE3934N3126",5967.0765315
"8087","1kmE3934N3127",10572.0434515
"8088","1kmE3934N3128",9296.1471105
"8089","1kmE3934N3129",11892.599847
"8090","1kmE3934N3130",6690.9697055
"8091","1kmE3934N3131",9279.039833
"8092","1kmE3934N3132",13384.0354855
"8093","1kmE3934N3133",16172.326197
"8094","1kmE3934N3134",12457.177218
"8095","1kmE3934N3135",15105.4321005
"8096","1kmE3934N3136",12358.384041
"8097","1kmE3934N3137",17688.8524815
"8098","1kmE3934N3138",9881.159719
"8099","1kmE3934N3139",9668.426069
"8100","1kmE3934N3140",10406.9915865
"8101","1kmE3934N3141",10819.3212405
"8102","1kmE3934N3142",12176.155932
"8103","1kmE3934N3143",10122.968403
"8104","1kmE3934N3144",9085.041065
"8105","1kmE3934N3145",8203.3838965
"8106","1kmE3934N3146",4218.501978
"8107","1kmE3934N3147",5663.895801
"8108","1kmE3934N3148",10940.218018
"8109","1kmE3934N3149",14656.6884305
"8110","1kmE3934N3150",14164.355781
"8111","1kmE3934N3151",13830.810349
"8112","1kmE3934N3152",9095.5349665
"8113","1kmE3934N3153",10278.5232625
"8114","1kmE3934N3154",12410.153495
"8115","1kmE3934N3155",13723.578924
"8116","1kmE3934N3156",10616.8058265
"8117","1kmE3934N3157",11248.6120345
"8118","1kmE3934N3158",12751.954536
"8119","1kmE3934N3159",14795.6514265
"8120","1kmE3934N3160",19280.3586535
"8121","1kmE3934N3161",15333.512496
"8122","1kmE3934N3162",12788.7478515
"8123","1kmE3934N3163",15087.03148
"8124","1kmE3934N3164",15862.49659
"8125","1kmE3934N3165",12066.148094
"8126","1kmE3935N3083",9068.957607
"8127","1kmE3935N3084",5208.702538
"8128","1kmE3935N3085",7527.621733
"8129","1kmE3935N3086",9382.2875855
"8130","1kmE3935N3087",9215.7706265
"8131","1kmE3935N3088",6390.773721
"8132","1kmE3935N3089",3597.02883
"8133","1kmE3935N3090",8046.85662
"8134","1kmE3935N3091",12340.54891
"8135","1kmE3935N3092",14239.7714365
"8136","1kmE3935N3093",13455.5098125
"8137","1kmE3935N3094",12665.61841
"8138","1kmE3935N3095",11380.0766515
"8139","1kmE3935N3096",7962.8020795
"8140","1kmE3935N3097",4172.685244
"8141","1kmE3935N3098",4039.6557935
"8142","1kmE3935N3099",3090.3428875
"8143","1kmE3935N3100",3148.2231795
"8144","1kmE3935N3101",510.408897
"8145","1kmE3935N3102",7850.3551115
"8146","1kmE3935N3103",11611.7802525
"8147","1kmE3935N3104",6170.2373125
"8148","1kmE3935N3105",8864.205991
"8149","1kmE3935N3106",12331.020646
"8150","1kmE3935N3107",11697.338691
"8151","1kmE3935N3108",10672.542518
"8152","1kmE3935N3109",6843.7951435
"8153","1kmE3935N3110",10043.5221035
"8154","1kmE3935N3111",10412.478918
"8155","1kmE3935N3112",7431.6674535
"8156","1kmE3935N3113",7631.3615275
"8157","1kmE3935N3114",13357.2476325
"8158","1kmE3935N3115",17736.8463
"8159","1kmE3935N3116",14790.7518905
"8160","1kmE3935N3117",9405.4930835
"8161","1kmE3935N3118",9659.18835
"8162","1kmE3935N3119",4393.237883
"8163","1kmE3935N3120",10382.6062795
"8164","1kmE3935N3121",15526.163378
"8165","1kmE3935N3122",15374.036518
"8166","1kmE3935N3123",11387.210708
"8167","1kmE3935N3124",12294.2287225
"8168","1kmE3935N3125",3085.915788
"8169","1kmE3935N3126",5931.9870045
"8170","1kmE3935N3127",8461.579767
"8171","1kmE3935N3128",5797.7114605
"8172","1kmE3935N3129",8493.3393865
"8173","1kmE3935N3130",7826.0641595
"8174","1kmE3935N3131",12165.7737855
"8175","1kmE3935N3132",13213.1245325
"8176","1kmE3935N3133",12810.537277
"8177","1kmE3935N3134",16639.328091
"8178","1kmE3935N3135",12778.9378345
"8179","1kmE3935N3136",14924.360159
"8180","1kmE3935N3137",17585.3927915
"8181","1kmE3935N3138",7410.517408
"8182","1kmE3935N3139",7695.4540695
"8183","1kmE3935N3140",11107.8096465
"8184","1kmE3935N3141",14488.8854935
"8185","1kmE3935N3142",11709.528767
"8186","1kmE3935N3143",8841.2760185
"8187","1kmE3935N3144",9791.073088
"8188","1kmE3935N3145",7190.5578325
"8189","1kmE3935N3146",4159.5437315
"8190","1kmE3935N3147",8384.1644045
"8191","1kmE3935N3148",11262.5236575
"8192","1kmE3935N3149",13500.889673
"8193","1kmE3935N3150",11502.5373945
"8194","1kmE3935N3151",9929.756079
"8195","1kmE3935N3152",8942.2849225
"8196","1kmE3935N3153",11804.7012365
"8197","1kmE3935N3154",14299.6878805
"8198","1kmE3935N3155",15338.127865
"8199","1kmE3935N3156",17531.8646215
"8200","1kmE3935N3157",18817.713595
"8201","1kmE3935N3158",14327.0766425
"8202","1kmE3935N3159",13061.286685
"8203","1kmE3935N3160",14647.4034745
"8204","1kmE3935N3161",15889.704315
"8205","1kmE3935N3162",15617.5021675
"8206","1kmE3935N3163",17590.2519445
"8207","1kmE3935N3164",18930.803387
"8208","1kmE3935N3165",18157.66548
"8209","1kmE3936N3084",8871.5969925
"8210","1kmE3936N3085",8952.100058
"8211","1kmE3936N3086",6176.457335
"8212","1kmE3936N3087",9646.7378095
"8213","1kmE3936N3088",10474.5298355
"8214","1kmE3936N3089",8325.5644235
"8215","1kmE3936N3090",7645.220481
"8216","1kmE3936N3091",9570.2252675
"8217","1kmE3936N3092",11484.118618
"8218","1kmE3936N3093",16128.5138355
"8219","1kmE3936N3094",16071.509595
"8220","1kmE3936N3095",12536.46775
"8221","1kmE3936N3096",10308.635204
"8222","1kmE3936N3097",9330.305926
"8223","1kmE3936N3098",9838.2168625
"8224","1kmE3936N3099",8257.85199
"8225","1kmE3936N3100",8276.1584605
"8226","1kmE3936N3101",7095.9719165
"8227","1kmE3936N3102",7245.239012
"8228","1kmE3936N3103",7874.890704
"8229","1kmE3936N3104",13528.4345595
"8230","1kmE3936N3105",15090.0722105
"8231","1kmE3936N3106",12285.8450615
"8232","1kmE3936N3107",11371.951092
"8233","1kmE3936N3108",8189.583554
"8234","1kmE3936N3109",12304.27418
"8235","1kmE3936N3110",13861.4354635
"8236","1kmE3936N3111",9494.852385
"8237","1kmE3936N3112",12323.688367
"8238","1kmE3936N3113",11710.3092665
"8239","1kmE3936N3114",16681.4631205
"8240","1kmE3936N3115",17853.6126635
"8241","1kmE3936N3116",13978.035143
"8242","1kmE3936N3117",9815.036249
"8243","1kmE3936N3118",2088.0851415
"8244","1kmE3936N3119",4512.8704665
"8245","1kmE3936N3120",5388.378612
"8246","1kmE3936N3121",7830.927698
"8247","1kmE3936N3122",8650.879181
"8248","1kmE3936N3123",4638.372033
"8249","1kmE3936N3124",11201.275933
"8250","1kmE3936N3125",12237.6351375
"8251","1kmE3936N3126",8886.3728985
"8252","1kmE3936N3127",9322.706889
"8253","1kmE3936N3128",10518.932083
"8254","1kmE3936N3129",8608.309937
"8255","1kmE3936N3130",7432.403477
"8256","1kmE3936N3131",11171.8860745
"8257","1kmE3936N3132",13795.9847875
"8258","1kmE3936N3133",11867.791738
"8259","1kmE3936N3134",11976.3111515
"8260","1kmE3936N3135",7104.459346
"8261","1kmE3936N3136",10568.947486
"8262","1kmE3936N3137",14074.809571
"8263","1kmE3936N3138",12903.42446
"8264","1kmE3936N3139",15053.439149
"8265","1kmE3936N3140",10130.896605
"8266","1kmE3936N3141",16400.7041095
"8267","1kmE3936N3142",17133.974619
"8268","1kmE3936N3143",9465.274233
"8269","1kmE3936N3144",7436.6315125
"8270","1kmE3936N3145",5371.275648
"8271","1kmE3936N3146",6597.8729835
"8272","1kmE3936N3147",6838.4953115
"8273","1kmE3936N3148",3869.6258505
"8274","1kmE3936N3149",10772.7866345
"8275","1kmE3936N3150",12647.0791965
"8276","1kmE3936N3151",6777.231987
"8277","1kmE3936N3152",7574.320131
"8278","1kmE3936N3153",10152.9053475
"8279","1kmE3936N3154",14212.292719
"8280","1kmE3936N3155",16070.450666
"8281","1kmE3936N3156",17684.22721
"8282","1kmE3936N3157",17920.2625125
"8283","1kmE3936N3158",15906.041424
"8284","1kmE3936N3159",16486.4453835
"8285","1kmE3936N3160",17977.722956
"8286","1kmE3936N3161",17713.774994
"8287","1kmE3936N3162",17208.1706505
"8288","1kmE3936N3163",17017.3556865
"8289","1kmE3936N3164",18392.6293025
"8290","1kmE3936N3165",17111.9167135
"8291","1kmE3937N3084",7396.7686495
"8292","1kmE3937N3085",11260.9563925
"8293","1kmE3937N3086",9049.832488
"8294","1kmE3937N3087",6574.886193
"8295","1kmE3937N3088",13174.0703295
"8296","1kmE3937N3089",14421.4048225
"8297","1kmE3937N3090",11631.549573
"8298","1kmE3937N3091",6980.648021
"8299","1kmE3937N3092",6170.7137535
"8300","1kmE3937N3093",13120.372257
"8301","1kmE3937N3094",14841.674778
"8302","1kmE3937N3095",12036.9701185
"8303","1kmE3937N3096",10245.506532
"8304","1kmE3937N3097",8778.726357
"8305","1kmE3937N3098",9381.4630795
"8306","1kmE3937N3099",15091.894714
"8307","1kmE3937N3100",14340.502315
"8308","1kmE3937N3101",5722.407071
"8309","1kmE3937N3102",4490.3065275
"8310","1kmE3937N3103",8667.0053005
"8311","1kmE3937N3104",21966.6669935
"8312","1kmE3937N3105",19992.624582
"8313","1kmE3937N3106",9750.088655
"8314","1kmE3937N3107",10407.947426
"8315","1kmE3937N3108",10240.6656735
"8316","1kmE3937N3109",8788.17531
"8317","1kmE3937N3110",8302.6607785
"8318","1kmE3937N3111",5927.004747
"8319","1kmE3937N3112",12332.6107895
"8320","1kmE3937N3113",13572.3410775
"8321","1kmE3937N3114",14434.493957
"8322","1kmE3937N3115",15376.85841
"8323","1kmE3937N3116",11967.001127
"8324","1kmE3937N3117",8534.486014
"8325","1kmE3937N3118",4164.2772135
"8326","1kmE3937N3119",3838.1007975
"8327","1kmE3937N3120",3916.4518095
"8328","1kmE3937N3121",1624.25518
"8329","1kmE3937N3122",2942.999893
"8330","1kmE3937N3123",3766.675169
"8331","1kmE3937N3124",4352.088518
"8332","1kmE3937N3125",8163.055224
"8333","1kmE3937N3126",14449.5866965
"8334","1kmE3937N3127",15522.378771
"8335","1kmE3937N3128",12664.581723
"8336","1kmE3937N3129",10313.2079735
"8337","1kmE3937N3130",7815.3396045
"8338","1kmE3937N3131",10362.6478055
"8339","1kmE3937N3132",11559.434341
"8340","1kmE3937N3133",10424.792733
"8341","1kmE3937N3134",11174.254469
"8342","1kmE3937N3135",8919.9297715
"8343","1kmE3937N3136",5946.976707
"8344","1kmE3937N3137",6448.7601505
"8345","1kmE3937N3138",5671.641513
"8346","1kmE3937N3139",12287.391545
"8347","1kmE3937N3140",12983.606326
"8348","1kmE3937N3141",12810.883899
"8349","1kmE3937N3142",14892.4745375
"8350","1kmE3937N3143",9116.958569
"8351","1kmE3937N3144",10897.2426415
"8352","1kmE3937N3145",9470.3289935
"8353","1kmE3937N3146",8854.1047875
"8354","1kmE3937N3147",9350.760546
"8355","1kmE3937N3148",6502.3393575
"8356","1kmE3937N3149",14087.481043
"8357","1kmE3937N3150",14399.0063125
"8358","1kmE3937N3151",12987.5157265
"8359","1kmE3937N3152",14140.334517
"8360","1kmE3937N3153",12914.094247
"8361","1kmE3937N3154",13759.838838
"8362","1kmE3937N3155",12762.193048
"8363","1kmE3937N3156",12134.154666
"8364","1kmE3937N3157",13444.1396945
"8365","1kmE3937N3158",11670.3140575
"8366","1kmE3937N3159",15281.4809
"8367","1kmE3937N3160",17100.499243
"8368","1kmE3937N3161",18147.5440495
"8369","1kmE3937N3162",16646.056418
"8370","1kmE3937N3163",17518.6203475
"8371","1kmE3937N3164",17899.383154
"8372","1kmE3937N3165",18883.527268
"8373","1kmE3937N3166",16713.218305
"8374","1kmE3938N3084",8503.5814755
"8375","1kmE3938N3085",15659.648175
"8376","1kmE3938N3086",16152.114639
"8377","1kmE3938N3087",9661.1687705
"8378","1kmE3938N3088",15051.551345
"8379","1kmE3938N3089",16601.9688785
"8380","1kmE3938N3090",13182.388967
"8381","1kmE3938N3091",9602.0782215
"8382","1kmE3938N3092",8549.1478435
"8383","1kmE3938N3093",9549.500773
"8384","1kmE3938N3094",13112.5397075
"8385","1kmE3938N3095",8937.8741975
"8386","1kmE3938N3096",2619.2234895
"8387","1kmE3938N3097",11151.116953
"8388","1kmE3938N3098",12447.325677
"8389","1kmE3938N3099",12883.433843
"8390","1kmE3938N3100",9876.1289795
"8391","1kmE3938N3101",2510.670682
"8392","1kmE3938N3102",8163.008242
"8393","1kmE3938N3103",8998.880197
"8394","1kmE3938N3104",20084.9372935
"8395","1kmE3938N3105",19328.4779995
"8396","1kmE3938N3106",8683.849353
"8397","1kmE3938N3107",9896.1333885
"8398","1kmE3938N3108",9619.4939035
"8399","1kmE3938N3109",8268.4058
"8400","1kmE3938N3110",6375.9343605
"8401","1kmE3938N3111",7746.389296
"8402","1kmE3938N3112",11155.2116825
"8403","1kmE3938N3113",12506.4909475
"8404","1kmE3938N3114",10270.979286
"8405","1kmE3938N3115",9358.922675
"8406","1kmE3938N3116",7700.7197865
"8407","1kmE3938N3117",7879.2168735
"8408","1kmE3938N3118",5860.490469
"8409","1kmE3938N3119",5721.828684
"8410","1kmE3938N3120",8443.668741
"8411","1kmE3938N3121",4060.2339835
"8412","1kmE3938N3122",6400.215837
"8413","1kmE3938N3123",5484.0664235
"8414","1kmE3938N3124",11251.1998585
"8415","1kmE3938N3125",13827.134275
"8416","1kmE3938N3126",13037.3482665
"8417","1kmE3938N3127",12222.680021
"8418","1kmE3938N3128",11912.9640675
"8419","1kmE3938N3129",12067.980857
"8420","1kmE3938N3130",5070.3610225
"8421","1kmE3938N3131",8479.134921
"8422","1kmE3938N3132",11154.4885485
"8423","1kmE3938N3133",8703.86385
"8424","1kmE3938N3134",8299.5840105
"8425","1kmE3938N3135",4417.0113165
"8426","1kmE3938N3136",9021.064693
"8427","1kmE3938N3137",14417.690514
"8428","1kmE3938N3138",12324.954363
"8429","1kmE3938N3139",12272.470506
"8430","1kmE3938N3140",11647.2922575
"8431","1kmE3938N3141",10173.8023175
"8432","1kmE3938N3142",12158.47428
"8433","1kmE3938N3143",11197.40808
"8434","1kmE3938N3144",10750.5517325
"8435","1kmE3938N3145",11682.315075
"8436","1kmE3938N3146",8233.85455
"8437","1kmE3938N3147",9720.1708575
"8438","1kmE3938N3148",14914.8329015
"8439","1kmE3938N3149",15054.981517
"8440","1kmE3938N3150",14223.109519
"8441","1kmE3938N3151",16296.784921
"8442","1kmE3938N3152",15129.660331
"8443","1kmE3938N3153",13116.624976
"8444","1kmE3938N3154",11820.660754
"8445","1kmE3938N3155",7519.6344045
"8446","1kmE3938N3156",8220.1257435
"8447","1kmE3938N3157",10281.1855415
"8448","1kmE3938N3158",9308.804287
"8449","1kmE3938N3159",12376.4870345
"8450","1kmE3938N3160",12042.7446615
"8451","1kmE3938N3161",12243.1046385
"8452","1kmE3938N3162",11245.706399
"8453","1kmE3938N3163",15047.942005
"8454","1kmE3938N3164",14940.877677
"8455","1kmE3938N3165",15587.2445375
"8456","1kmE3938N3166",15750.63079
"8457","1kmE3939N3085",9842.841335
"8458","1kmE3939N3086",14150.7647895
"8459","1kmE3939N3087",11976.9347155
"8460","1kmE3939N3088",11170.436576
"8461","1kmE3939N3089",14418.9664205
"8462","1kmE3939N3090",11551.519532
"8463","1kmE3939N3091",10739.910442
"8464","1kmE3939N3092",9859.61958
"8465","1kmE3939N3093",10543.261916
"8466","1kmE3939N3094",15436.658646
"8467","1kmE3939N3095",14576.5212975
"8468","1kmE3939N3096",7763.135769
"8469","1kmE3939N3097",7539.699871
"8470","1kmE3939N3098",13006.271513
"8471","1kmE3939N3099",13863.4336105
"8472","1kmE3939N3100",11540.193806
"8473","1kmE3939N3101",6223.742915
"8474","1kmE3939N3102",13252.598994
"8475","1kmE3939N3103",17706.2941305
"8476","1kmE3939N3104",15739.0874575
"8477","1kmE3939N3105",10873.2424105
"8478","1kmE3939N3106",9493.6175305
"8479","1kmE3939N3107",9146.4557445
"8480","1kmE3939N3108",5028.6646925
"8481","1kmE3939N3109",15575.0813845
"8482","1kmE3939N3110",13901.534769
"8483","1kmE3939N3111",14469.678243
"8484","1kmE3939N3112",15934.035014
"8485","1kmE3939N3113",15698.9671535
"8486","1kmE3939N3114",13314.0241955
"8487","1kmE3939N3115",7673.1922085
"8488","1kmE3939N3116",7339.341497
"8489","1kmE3939N3117",7595.5220525
"8490","1kmE3939N3118",5874.558148
"8491","1kmE3939N3119",5459.3510205
"8492","1kmE3939N3120",9132.590251
"8493","1kmE3939N3121",8569.0050945
"8494","1kmE3939N3122",4150.999726
"8495","1kmE3939N3123",1502.0083165
"8496","1kmE3939N3124",7165.619587
"8497","1kmE3939N3125",11117.3041065
"8498","1kmE3939N3126",11113.259121
"8499","1kmE3939N3127",7399.413463
"8500","1kmE3939N3128",12346.729255
"8501","1kmE3939N3129",9822.912616
"8502","1kmE3939N3130",5988.8475365
"8503","1kmE3939N3131",12503.1934555
"8504","1kmE3939N3132",11423.454113
"8505","1kmE3939N3133",6523.36795
"8506","1kmE3939N3134",11065.3674995
"8507","1kmE3939N3135",9143.019226
"8508","1kmE3939N3136",5903.742445
"8509","1kmE3939N3137",10359.772112
"8510","1kmE3939N3138",12499.301728
"8511","1kmE3939N3139",6682.241043
"8512","1kmE3939N3140",10375.0901485
"8513","1kmE3939N3141",10009.717578
"8514","1kmE3939N3142",8648.098475
"8515","1kmE3939N3143",11474.218222
"8516","1kmE3939N3144",11485.882814
"8517","1kmE3939N3145",9164.0626455
"8518","1kmE3939N3146",12294.968719
"8519","1kmE3939N3147",15752.4763585
"8520","1kmE3939N3148",14480.5002595
"8521","1kmE3939N3149",11724.670885
"8522","1kmE3939N3150",11364.1640125
"8523","1kmE3939N3151",11113.1826175
"8524","1kmE3939N3152",10725.213881
"8525","1kmE3939N3153",9482.4168475
"8526","1kmE3939N3154",8763.156779
"8527","1kmE3939N3155",9551.6212165
"8528","1kmE3939N3156",10094.1464235
"8529","1kmE3939N3157",11849.848789
"8530","1kmE3939N3158",11301.316771
"8531","1kmE3939N3159",11876.5210595
"8532","1kmE3939N3160",11959.668974
"8533","1kmE3939N3161",10501.662652
"8534","1kmE3939N3162",13472.6823195
"8535","1kmE3939N3163",14930.525196
"8536","1kmE3939N3164",14934.9332845
"8537","1kmE3939N3165",13311.2266495
"8538","1kmE3939N3166",11275.906322
"8539","1kmE3940N3083",3989.4314255
"8540","1kmE3940N3084",8602.3815805
"8541","1kmE3940N3085",9970.420804
"8542","1kmE3940N3086",18364.4462065
"8543","1kmE3940N3087",18989.8114855
"8544","1kmE3940N3088",12668.4851915
"8545","1kmE3940N3089",14491.2885255
"8546","1kmE3940N3090",16467.592287
"8547","1kmE3940N3091",13322.6219
"8548","1kmE3940N3092",12191.759624
"8549","1kmE3940N3093",12756.915285
"8550","1kmE3940N3094",15849.258595
"8551","1kmE3940N3095",15592.6898235
"8552","1kmE3940N3096",10376.238532
"8553","1kmE3940N3097",4806.6871905
"8554","1kmE3940N3098",8160.8959165
"8555","1kmE3940N3099",10000.0420695
"8556","1kmE3940N3100",17656.974624
"8557","1kmE3940N3101",14056.5283325
"8558","1kmE3940N3102",13288.932658
"8559","1kmE3940N3103",17230.2450975
"8560","1kmE3940N3104",15524.757394
"8561","1kmE3940N3105",11142.59667
"8562","1kmE3940N3106",7767.164042
"8563","1kmE3940N3107",10641.8315545
"8564","1kmE3940N3108",7809.4921795
"8565","1kmE3940N3109",8653.8365145
"8566","1kmE3940N3110",15507.7685735
"8567","1kmE3940N3111",18325.943689
"8568","1kmE3940N3112",17984.2583555
"8569","1kmE3940N3113",17582.9660045
"8570","1kmE3940N3114",14540.936469
"8571","1kmE3940N3115",8505.4857215
"8572","1kmE3940N3116",4302.6326585
"8573","1kmE3940N3117",7933.354966
"8574","1kmE3940N3118",8275.1717655
"8575","1kmE3940N3119",7435.5660645
"8576","1kmE3940N3120",8799.3415565
"8577","1kmE3940N3121",10878.509079
"8578","1kmE3940N3122",8491.701558
"8579","1kmE3940N3123",1854.7564775
"8580","1kmE3940N3124",7965.3728985
"8581","1kmE3940N3125",8829.83971
"8582","1kmE3940N3126",14422.130832
"8583","1kmE3940N3127",13966.9648005
"8584","1kmE3940N3128",13008.788728
"8585","1kmE3940N3129",5233.219344
"8586","1kmE3940N3130",4014.494756
"8587","1kmE3940N3131",13866.4513485
"8588","1kmE3940N3132",9802.770926
"8589","1kmE3940N3133",2048.639564
"8590","1kmE3940N3134",13339.699599
"8591","1kmE3940N3135",10804.8550475
"8592","1kmE3940N3136",5419.864103
"8593","1kmE3940N3137",6601.709152
"8594","1kmE3940N3138",6778.776861
"8595","1kmE3940N3139",2928.6987715
"8596","1kmE3940N3140",9501.6322255
"8597","1kmE3940N3141",8612.87646
"8598","1kmE3940N3142",11377.4132085
"8599","1kmE3940N3143",11674.4217425
"8600","1kmE3940N3144",11114.1546265
"8601","1kmE3940N3145",13031.4978305
"8602","1kmE3940N3146",16495.367957
"8603","1kmE3940N3147",14665.358744
"8604","1kmE3940N3148",9706.7347065
"8605","1kmE3940N3149",11357.6720125
"8606","1kmE3940N3150",11244.226606
"8607","1kmE3940N3151",7951.4538375
"8608","1kmE3940N3152",6985.830571
"8609","1kmE3940N3153",7577.9352785
"8610","1kmE3940N3154",8667.3340195
"8611","1kmE3940N3155",10431.517878
"8612","1kmE3940N3156",9852.4561235
"8613","1kmE3940N3157",11198.323305
"8614","1kmE3940N3158",10183.5647935
"8615","1kmE3940N3159",12264.284772
"8616","1kmE3940N3160",14341.619566
"8617","1kmE3940N3161",11282.1845675
"8618","1kmE3940N3162",11119.8023195
"8619","1kmE3940N3163",12897.288806
"8620","1kmE3940N3164",14369.625771
"8621","1kmE3940N3165",13542.0633305
"8622","1kmE3940N3166",10302.235052
"8623","1kmE3941N3084",7646.7217435
"8624","1kmE3941N3085",9398.1180465
"8625","1kmE3941N3086",17583.6237605
"8626","1kmE3941N3087",19907.0841335
"8627","1kmE3941N3088",18993.486266
"8628","1kmE3941N3089",17024.462146
"8629","1kmE3941N3090",17106.0105785
"8630","1kmE3941N3091",17708.791566
"8631","1kmE3941N3092",16396.473414
"8632","1kmE3941N3093",13124.7578685
"8633","1kmE3941N3094",14041.5785985
"8634","1kmE3941N3095",12257.84322
"8635","1kmE3941N3096",12521.8156075
"8636","1kmE3941N3097",9547.52299
"8637","1kmE3941N3098",9077.927607
"8638","1kmE3941N3099",9449.586626
"8639","1kmE3941N3100",14728.713682
"8640","1kmE3941N3101",18290.254435
"8641","1kmE3941N3102",15633.8787675
"8642","1kmE3941N3103",14649.3566255
"8643","1kmE3941N3104",15947.009436
"8644","1kmE3941N3105",13820.7892965
"8645","1kmE3941N3106",8019.0947215
"8646","1kmE3941N3107",12649.452337
"8647","1kmE3941N3108",11283.401423
"8648","1kmE3941N3109",14894.6167595
"8649","1kmE3941N3110",17606.850827
"8650","1kmE3941N3111",18147.6502635
"8651","1kmE3941N3112",15554.272134
"8652","1kmE3941N3113",18239.740343
"8653","1kmE3941N3114",17120.9243475
"8654","1kmE3941N3115",13786.773005
"8655","1kmE3941N3116",7444.9167755
"8656","1kmE3941N3117",8063.3512545
"8657","1kmE3941N3118",7638.940808
"8658","1kmE3941N3119",8026.3550505
"8659","1kmE3941N3120",6845.32413
"8660","1kmE3941N3121",10189.269181
"8661","1kmE3941N3122",10234.205162
"8662","1kmE3941N3123",6530.704098
"8663","1kmE3941N3124",2032.643829
"8664","1kmE3941N3125",10399.970107
"8665","1kmE3941N3126",14992.157373
"8666","1kmE3941N3127",13304.06532
"8667","1kmE3941N3128",14318.861434
"8668","1kmE3941N3129",10606.7754745
"8669","1kmE3941N3130",8934.0893455
"8670","1kmE3941N3131",12320.334402
"8671","1kmE3941N3132",7811.6282005
"8672","1kmE3941N3133",3805.1854305
"8673","1kmE3941N3134",14991.520915
"8674","1kmE3941N3135",13939.8073245
"8675","1kmE3941N3136",12877.7534575
"8676","1kmE3941N3137",17011.7547595
"8677","1kmE3941N3138",14339.6736965
"8678","1kmE3941N3139",5843.879843
"8679","1kmE3941N3140",8050.589493
"8680","1kmE3941N3141",6446.49788
"8681","1kmE3941N3142",10992.705424
"8682","1kmE3941N3143",12076.4722675
"8683","1kmE3941N3144",8595.795269
"8684","1kmE3941N3145",14618.8248125
"8685","1kmE3941N3146",14135.595984
"8686","1kmE3941N3147",10839.877754
"8687","1kmE3941N3148",7243.268311
"8688","1kmE3941N3149",12752.817038
"8689","1kmE3941N3150",13429.340248
"8690","1kmE3941N3151",13182.8099855
"8691","1kmE3941N3152",9138.27737
"8692","1kmE3941N3153",7821.515613
"8693","1kmE3941N3154",6154.6173015
"8694","1kmE3941N3155",7574.405398
"8695","1kmE3941N3156",8452.567709
"8696","1kmE3941N3157",9382.323669
"8697","1kmE3941N3158",8540.791837
"8698","1kmE3941N3159",12215.1191125
"8699","1kmE3941N3160",13405.705275
"8700","1kmE3941N3161",11435.1223945
"8701","1kmE3941N3162",8926.347392
"8702","1kmE3941N3163",11712.8697895
"8703","1kmE3941N3164",14335.7943055
"8704","1kmE3941N3165",16364.0543955
"8705","1kmE3941N3166",16208.7662685
"8706","1kmE3942N3083",3614.7529205
"8707","1kmE3942N3084",11149.070046
"8708","1kmE3942N3085",9958.4338205
"8709","1kmE3942N3086",12378.538578
"8710","1kmE3942N3087",16249.8710515
"8711","1kmE3942N3088",19286.964609
"8712","1kmE3942N3089",19576.545474
"8713","1kmE3942N3090",17286.6812935
"8714","1kmE3942N3091",18978.988251
"8715","1kmE3942N3092",18187.7721915
"8716","1kmE3942N3093",14980.870536
"8717","1kmE3942N3094",15545.7329245
"8718","1kmE3942N3095",12546.96585
"8719","1kmE3942N3096",14167.6013205
"8720","1kmE3942N3097",15942.686732
"8721","1kmE3942N3098",13958.264149
"8722","1kmE3942N3099",10430.5403095
"8723","1kmE3942N3100",12449.741404
"8724","1kmE3942N3101",16089.200059
"8725","1kmE3942N3102",15489.442306
"8726","1kmE3942N3103",12943.465834
"8727","1kmE3942N3104",12833.407365
"8728","1kmE3942N3105",11729.7896365
"8729","1kmE3942N3106",5560.4468595
"8730","1kmE3942N3107",11571.85671
"8731","1kmE3942N3108",11854.088882
"8732","1kmE3942N3109",17230.941663
"8733","1kmE3942N3110",15090.8112165
"8734","1kmE3942N3111",18673.8888505
"8735","1kmE3942N3112",14208.357362
"8736","1kmE3942N3113",15398.555511
"8737","1kmE3942N3114",13802.6740715
"8738","1kmE3942N3115",13112.0776345
"8739","1kmE3942N3116",7614.069104
"8740","1kmE3942N3117",2319.689148
"8741","1kmE3942N3118",5414.2088785
"8742","1kmE3942N3119",7543.2227485
"8743","1kmE3942N3120",3536.2111085
"8744","1kmE3942N3121",3905.980086
"8745","1kmE3942N3122",4061.937688
"8746","1kmE3942N3123",10795.749953
"8747","1kmE3942N3124",6968.7288255
"8748","1kmE3942N3125",10783.124669
"8749","1kmE3942N3126",10783.2652725
"8750","1kmE3942N3127",13762.164229
"8751","1kmE3942N3128",14308.557918
"8752","1kmE3942N3129",18821.429845
"8753","1kmE3942N3130",15843.111593
"8754","1kmE3942N3131",11498.3483865
"8755","1kmE3942N3132",9791.716907
"8756","1kmE3942N3133",4084.337649
"8757","1kmE3942N3134",13275.098852
"8758","1kmE3942N3135",9788.849694
"8759","1kmE3942N3136",10577.500683
"8760","1kmE3942N3137",17943.3690585
"8761","1kmE3942N3138",10493.8695515
"8762","1kmE3942N3139",3055.455939
"8763","1kmE3942N3140",9832.1242455
"8764","1kmE3942N3141",8474.9617295
"8765","1kmE3942N3142",13340.6760715
"8766","1kmE3942N3143",13884.066374
"8767","1kmE3942N3144",12636.5362915
"8768","1kmE3942N3145",12178.6836835
"8769","1kmE3942N3146",11779.3289325
"8770","1kmE3942N3147",9930.740891
"8771","1kmE3942N3148",7810.486345
"8772","1kmE3942N3149",12470.6528045
"8773","1kmE3942N3150",13846.6146725
"8774","1kmE3942N3151",13027.193222
"8775","1kmE3942N3152",10870.3714945
"8776","1kmE3942N3153",11585.7618405
"8777","1kmE3942N3154",7530.027431
"8778","1kmE3942N3155",4569.635033
"8779","1kmE3942N3156",9036.7823845
"8780","1kmE3942N3157",8216.44269
"8781","1kmE3942N3158",7588.8535575
"8782","1kmE3942N3159",10178.5547225
"8783","1kmE3942N3160",13301.1297445
"8784","1kmE3942N3164",10337.634346
"8785","1kmE3942N3165",11764.9215815
"8786","1kmE3942N3166",13295.241797
"8787","1kmE3943N3084",12694.117571
"8788","1kmE3943N3085",15873.8958045
"8789","1kmE3943N3086",11283.990314
"8790","1kmE3943N3087",9821.868817
"8791","1kmE3943N3088",16303.769467
"8792","1kmE3943N3089",18082.5281055
"8793","1kmE3943N3090",16197.2749305
"8794","1kmE3943N3091",16971.7940995
"8795","1kmE3943N3092",21073.886496
"8796","1kmE3943N3093",17826.2524955
"8797","1kmE3943N3094",17914.974314
"8798","1kmE3943N3095",15357.3583325
"8799","1kmE3943N3096",11870.533534
"8800","1kmE3943N3097",8521.4740185
"8801","1kmE3943N3098",10636.298744
"8802","1kmE3943N3099",13865.4767845
"8803","1kmE3943N3100",13958.548844
"8804","1kmE3943N3101",14248.4712085
"8805","1kmE3943N3102",14046.1928465
"8806","1kmE3943N3103",11739.3047515
"8807","1kmE3943N3104",7851.5532965
"8808","1kmE3943N3105",8801.0458305
"8809","1kmE3943N3106",5498.447625
"8810","1kmE3943N3107",14035.375621
"8811","1kmE3943N3108",15485.1579525
"8812","1kmE3943N3109",15026.4418345
"8813","1kmE3943N3110",9975.385746
"8814","1kmE3943N3111",9509.1114645
"8815","1kmE3943N3112",12425.421796
"8816","1kmE3943N3113",9944.6160925
"8817","1kmE3943N3114",7463.6639215
"8818","1kmE3943N3115",6935.711037
"8819","1kmE3943N3116",3341.334039
"8820","1kmE3943N3117",2119.69112
"8821","1kmE3943N3118",9512.765393
"8822","1kmE3943N3119",6620.3787245
"8823","1kmE3943N3120",4620.8776165
"8824","1kmE3943N3121",7505.460841
"8825","1kmE3943N3122",4374.8475745
"8826","1kmE3943N3123",3638.3019535
"8827","1kmE3943N3124",8449.8073
"8828","1kmE3943N3125",10514.1214445
"8829","1kmE3943N3126",9384.8043535
"8830","1kmE3943N3127",15404.0897605
"8831","1kmE3943N3128",16538.3372435
"8832","1kmE3943N3129",20048.1011685
"8833","1kmE3943N3130",16654.5674485
"8834","1kmE3943N3131",6770.7507025
"8835","1kmE3943N3132",12028.8118885
"8836","1kmE3943N3133",6224.0496205
"8837","1kmE3943N3134",5261.674584
"8838","1kmE3943N3135",10131.8211935
"8839","1kmE3943N3136",9378.6608545
"8840","1kmE3943N3137",13586.614483
"8841","1kmE3943N3138",8216.874495
"8842","1kmE3943N3139",4817.9414035
"8843","1kmE3943N3140",9230.8481925
"8844","1kmE3943N3141",11999.385241
"8845","1kmE3943N3142",13121.443055
"8846","1kmE3943N3143",11254.592915
"8847","1kmE3943N3144",10182.397904
"8848","1kmE3943N3145",12152.013965
"8849","1kmE3943N3146",12304.432945
"8850","1kmE3943N3147",9354.3040335
"8851","1kmE3943N3148",9062.0078835
"8852","1kmE3943N3149",7455.0918625
"8853","1kmE3943N3150",11119.146026
"8854","1kmE3943N3151",11492.9947765
"8855","1kmE3943N3152",11336.629297
"8856","1kmE3943N3153",11148.8138425
"8857","1kmE3943N3154",13842.8097135
"8858","1kmE3943N3155",7829.017228
"8859","1kmE3943N3156",7366.051945
"8860","1kmE3943N3157",6514.9634095
"8861","1kmE3943N3158",7363.741246
"8862","1kmE3943N3159",8623.63876
"8863","1kmE3943N3160",8592.332162
"8864","1kmE3944N3084",5996.9572735
"8865","1kmE3944N3085",12239.557294
"8866","1kmE3944N3089",14914.1453535
"8867","1kmE3944N3090",18486.675989
"8868","1kmE3944N3091",20139.955901
"8869","1kmE3944N3092",22477.100983
"8870","1kmE3944N3093",16266.664244
"8871","1kmE3944N3094",16994.746029
"8872","1kmE3944N3095",17988.8690165
"8873","1kmE3944N3096",15503.20689
"8874","1kmE3944N3097",12964.046666
"8875","1kmE3944N3098",15729.771903
"8876","1kmE3944N3099",13100.5774625
"8877","1kmE3944N3100",13359.860655
"8878","1kmE3944N3101",11635.2117195
"8879","1kmE3944N3102",12303.71137
"8880","1kmE3944N3103",12669.387055
"8881","1kmE3944N3104",5087.59921
"8882","1kmE3944N3105",8323.5475405
"8883","1kmE3944N3106",9316.2732075
"8884","1kmE3944N3107",13063.5699175
"8885","1kmE3944N3108",16096.1217385
"8886","1kmE3944N3109",15613.84027
"8887","1kmE3944N3110",8667.437351
"8888","1kmE3944N3111",3741.713927
"8889","1kmE3944N3112",7798.768493
"8890","1kmE3944N3113",10924.3091175
"8891","1kmE3944N3114",11427.842599
"8892","1kmE3944N3115",7020.217079
"8893","1kmE3944N3116",3592.776291
"8894","1kmE3944N3117",2333.314689
"8895","1kmE3944N3118",6446.0246785
"8896","1kmE3944N3119",3043.787337
"8897","1kmE3944N3120",907.3746265
"8898","1kmE3944N3121",3807.2624645
"8899","1kmE3944N3122",5333.3323685
"8900","1kmE3944N3123",1533.5547125
"8901","1kmE3944N3124",3074.2311645
"8902","1kmE3944N3125",6434.721881
"8903","1kmE3944N3126",14602.2788405
"8904","1kmE3944N3127",14229.9433215
"8905","1kmE3944N3128",12620.9299035
"8906","1kmE3944N3129",16880.7420515
"8907","1kmE3944N3130",17402.572189
"8908","1kmE3944N3131",16094.6205435
"8909","1kmE3944N3132",9089.835368
"8910","1kmE3944N3133",2735.2117275
"8911","1kmE3944N3134",6727.8723215
"8912","1kmE3944N3135",17007.5614565
"8913","1kmE3944N3136",17442.3920305
"8914","1kmE3944N3137",21574.15924
"8915","1kmE3944N3138",18135.8118515
"8916","1kmE3944N3139",16186.0374635
"8917","1kmE3944N3140",9622.991691
"8918","1kmE3944N3141",7884.585579
"8919","1kmE3944N3142",10491.5801545
"8920","1kmE3944N3143",3272.55165
"8921","1kmE3944N3144",9229.6355735
"8922","1kmE3944N3145",8791.52462
"8923","1kmE3944N3146",5501.6595275
"8924","1kmE3944N3147",6960.3467675
"8925","1kmE3944N3148",6210.501319
"8926","1kmE3944N3149",6429.407752
"8927","1kmE3944N3150",5612.778823
"8928","1kmE3944N3151",14793.6014155
"8929","1kmE3944N3152",14339.093099
"8930","1kmE3944N3153",13402.268304
"8931","1kmE3944N3154",15186.545409
"8932","1kmE3944N3155",11275.9726695
"8933","1kmE3944N3156",6288.2334185
"8934","1kmE3944N3157",6911.4714405
"8935","1kmE3944N3158",8909.684044
"8936","1kmE3944N3159",10127.2211985
"8937","1kmE3944N3160",8107.578788
"8938","1kmE3945N3089",12519.9299965
"8939","1kmE3945N3090",15848.7322225
"8940","1kmE3945N3091",18207.102475
"8941","1kmE3945N3092",20458.4393905
"8942","1kmE3945N3093",15316.319943
"8943","1kmE3945N3094",16116.0827535
"8944","1kmE3945N3095",18950.3188345
"8945","1kmE3945N3096",19087.2014415
"8946","1kmE3945N3097",16217.3350905
"8947","1kmE3945N3098",10478.9820005
"8948","1kmE3945N3099",9922.596837
"8949","1kmE3945N3100",11774.959971
"8950","1kmE3945N3101",13795.342057
"8951","1kmE3945N3102",8883.904438
"8952","1kmE3945N3103",9404.3404745
"8953","1kmE3945N3104",7589.0380355
"8954","1kmE3945N3105",8703.2766475
"8955","1kmE3945N3106",12612.420167
"8956","1kmE3945N3107",9026.626953
"8957","1kmE3945N3108",13957.9976025
"8958","1kmE3945N3109",16977.1569505
"8959","1kmE3945N3110",16819.092032
"8960","1kmE3945N3111",11986.7194325
"8961","1kmE3945N3112",4882.3294095
"8962","1kmE3945N3113",8118.835613
"8963","1kmE3945N3114",9383.171187
"8964","1kmE3945N3115",10298.0312295
"8965","1kmE3945N3116",4550.76513
"8966","1kmE3945N3117",6014.722701
"8967","1kmE3945N3118",5084.5687075
"8968","1kmE3945N3119",2192.744747
"8969","1kmE3945N3120",4735.2474415
"8970","1kmE3945N3121",6988.701671
"8971","1kmE3945N3122",1189.8265205
"8972","1kmE3945N3123",3488.769074
"8973","1kmE3945N3124",7730.381871
"8974","1kmE3945N3125",5840.143847
"8975","1kmE3945N3126",15362.361333
"8976","1kmE3945N3127",15247.3455535
"8977","1kmE3945N3128",8116.668312
"8978","1kmE3945N3129",17291.561558
"8979","1kmE3945N3130",18124.5982955
"8980","1kmE3945N3131",19816.780634
"8981","1kmE3945N3132",14640.5135475
"8982","1kmE3945N3133",5895.796188
"8983","1kmE3945N3134",14091.1150545
"8984","1kmE3945N3135",18837.3344615
"8985","1kmE3945N3136",16767.330439
"8986","1kmE3945N3137",17937.3427905
"8987","1kmE3945N3138",11330.7003375
"8988","1kmE3945N3139",11206.8674745
"8989","1kmE3945N3140",4966.1441665
"8990","1kmE3945N3141",3792.1480515
"8991","1kmE3945N3142",5941.876636
"8992","1kmE3945N3143",3235.0896
"8993","1kmE3945N3144",10215.2985865
"8994","1kmE3945N3145",11241.88886
"8995","1kmE3945N3146",4610.437434
"8996","1kmE3945N3147",6259.6401165
"8997","1kmE3945N3148",5904.0871775
"8998","1kmE3945N3149",8896.11636
"8999","1kmE3945N3150",9382.3097725
"9000","1kmE3945N3151",11732.9595895
"9001","1kmE3945N3152",17834.43007
"9002","1kmE3945N3153",18544.3364185
"9003","1kmE3945N3154",18948.4081935
"9004","1kmE3945N3155",14561.606285
"9005","1kmE3945N3156",10655.581176
"9006","1kmE3945N3157",7586.518294
"9007","1kmE3945N3158",5736.2165715
"9008","1kmE3945N3159",8392.4811145
"9009","1kmE3945N3160",7171.1601495
"9010","1kmE3946N3089",11295.860873
"9011","1kmE3946N3090",14856.031501
"9012","1kmE3946N3091",16856.76101
"9013","1kmE3946N3092",17764.2250195
"9014","1kmE3946N3093",16833.3310085
"9015","1kmE3946N3094",8752.031144
"9016","1kmE3946N3095",14006.6901525
"9017","1kmE3946N3096",17121.099871
"9018","1kmE3946N3097",16226.7837855
"9019","1kmE3946N3098",9759.9241655
"9020","1kmE3946N3099",11889.598598
"9021","1kmE3946N3100",13681.161349
"9022","1kmE3946N3101",12986.3207865
"9023","1kmE3946N3102",5131.994154
"9024","1kmE3946N3103",4176.146082
"9025","1kmE3946N3104",8305.800651
"9026","1kmE3946N3105",7856.234324
"9027","1kmE3946N3106",11002.8650365
"9028","1kmE3946N3107",9006.7152065
"9029","1kmE3946N3108",15573.769494
"9030","1kmE3946N3109",16097.630876
"9031","1kmE3946N3110",14506.8251475
"9032","1kmE3946N3111",13710.5577725
"9033","1kmE3946N3112",11661.3060905
"9034","1kmE3946N3113",4520.3949805
"9035","1kmE3946N3114",5784.9927705
"9036","1kmE3946N3115",8867.549081
"9037","1kmE3946N3116",4388.3495385
"9038","1kmE3946N3117",5623.727274
"9039","1kmE3946N3118",7275.0456095
"9040","1kmE3946N3119",4020.618382
"9041","1kmE3946N3120",9098.720944
"9042","1kmE3946N3121",11054.8491885
"9043","1kmE3946N3122",1808.67925
"9044","1kmE3946N3123",3502.745004
"9045","1kmE3946N3124",2143.4039445
"9046","1kmE3946N3125",4035.11625
"9047","1kmE3946N3126",9698.201423
"9048","1kmE3946N3127",11914.875458
"9049","1kmE3946N3128",7063.5883105
"9050","1kmE3946N3129",15753.5952965
"9051","1kmE3946N3130",13860.356585
"9052","1kmE3946N3131",16360.307336
"9053","1kmE3946N3132",18962.328507
"9054","1kmE3946N3133",9107.730176
"9055","1kmE3946N3134",15295.449958
"9056","1kmE3946N3135",15000.3523705
"9057","1kmE3946N3136",12440.2088445
"9058","1kmE3946N3137",12262.321584
"9059","1kmE3946N3138",9029.418987
"9060","1kmE3946N3139",7333.474725
"9061","1kmE3946N3140",10398.4535765
"9062","1kmE3946N3141",3531.676674
"9063","1kmE3946N3142",3283.558647
"9064","1kmE3946N3143",4134.4117795
"9065","1kmE3946N3144",10193.8513385
"9066","1kmE3946N3145",12095.149035
"9067","1kmE3946N3146",5427.744941
"9068","1kmE3946N3147",6486.5473085
"9069","1kmE3946N3148",12706.3154185
"9070","1kmE3946N3149",8596.0073985
"9071","1kmE3946N3150",9572.1450885
"9072","1kmE3946N3151",8285.267672
"9073","1kmE3946N3152",13583.459988
"9074","1kmE3946N3153",17893.7740095
"9075","1kmE3946N3154",20290.181975
"9076","1kmE3946N3155",15771.516105
"9077","1kmE3946N3156",11639.2946745
"9078","1kmE3946N3157",8799.231342
"9079","1kmE3946N3158",5710.1082905
"9080","1kmE3946N3159",7080.788322
"9081","1kmE3946N3160",6043.1391755
"9082","1kmE3947N3088",9648.722683
"9083","1kmE3947N3089",11189.3561145
"9084","1kmE3947N3090",13755.926844
"9085","1kmE3947N3091",12640.790038
"9086","1kmE3947N3092",15423.7808885
"9087","1kmE3947N3093",15776.024246
"9088","1kmE3947N3094",11723.0701555
"9089","1kmE3947N3095",11403.6935975
"9090","1kmE3947N3096",15036.883554
"9091","1kmE3947N3097",16940.852501
"9092","1kmE3947N3098",15519.2425955
"9093","1kmE3947N3099",15390.6258265
"9094","1kmE3947N3100",13691.7987425
"9095","1kmE3947N3101",11382.294278
"9096","1kmE3947N3102",4542.3552965
"9097","1kmE3947N3103",7223.873006
"9098","1kmE3947N3104",8389.3581605
"9099","1kmE3947N3105",3423.293973
"9100","1kmE3947N3106",3561.340014
"9101","1kmE3947N3107",4096.861072
"9102","1kmE3947N3108",5138.754451
"9103","1kmE3947N3109",5852.353006
"9104","1kmE3947N3110",9148.3318995
"9105","1kmE3947N3111",12067.6105045
"9106","1kmE3947N3112",7645.6026395
"9107","1kmE3947N3113",3071.655841
"9108","1kmE3947N3114",8319.5104855
"9109","1kmE3947N3115",9816.953047
"9110","1kmE3947N3116",4483.448417
"9111","1kmE3947N3117",3483.47537
"9112","1kmE3947N3118",8733.492852
"9113","1kmE3947N3119",7515.3900885
"9114","1kmE3947N3120",4059.042109
"9115","1kmE3947N3121",5001.877328
"9116","1kmE3947N3122",5039.1810065
"9117","1kmE3947N3123",6497.834963
"9118","1kmE3947N3124",3117.523868
"9119","1kmE3947N3125",8355.9566785
"9120","1kmE3947N3126",8335.801024
"9121","1kmE3947N3127",7399.1898085
"9122","1kmE3947N3128",5326.1281545
"9123","1kmE3947N3129",8933.8121375
"9124","1kmE3947N3130",10502.2327695
"9125","1kmE3947N3131",12539.9071155
"9126","1kmE3947N3132",17467.775081
"9127","1kmE3947N3133",7580.1110845
"9128","1kmE3947N3134",6730.3862135
"9129","1kmE3947N3135",3843.679721
"9130","1kmE3947N3136",6695.958772
"9131","1kmE3947N3137",9688.0249325
"9132","1kmE3947N3138",11049.7249815
"9133","1kmE3947N3139",9765.011162
"9134","1kmE3947N3140",11960.3405165
"9135","1kmE3947N3141",8235.8994585
"9136","1kmE3947N3142",3899.931708
"9137","1kmE3947N3143",6262.019806
"9138","1kmE3947N3144",10218.6588465
"9139","1kmE3947N3145",8780.928658
"9140","1kmE3947N3146",4423.611501
"9141","1kmE3947N3147",5803.9189345
"9142","1kmE3947N3148",11154.6854985
"9143","1kmE3947N3149",12549.835598
"9144","1kmE3947N3150",9371.1824365
"9145","1kmE3947N3151",10486.628049
"9146","1kmE3947N3152",8166.065174
"9147","1kmE3947N3153",13672.438278
"9148","1kmE3947N3154",17461.131055
"9149","1kmE3947N3155",13748.7472765
"9150","1kmE3947N3156",6853.475634
"9151","1kmE3947N3157",8035.2866305
"9152","1kmE3947N3158",8699.612284
"9153","1kmE3947N3159",8364.5540025
"9154","1kmE3947N3160",6832.8889535
"9155","1kmE3948N3088",9484.602633
"9156","1kmE3948N3089",12099.8119355
"9157","1kmE3948N3090",11284.9729345
"9158","1kmE3948N3091",10684.406003
"9159","1kmE3948N3092",12223.8762945
"9160","1kmE3948N3093",10702.2760285
"9161","1kmE3948N3094",13549.423604
"9162","1kmE3948N3095",14519.6246555
"9163","1kmE3948N3096",15856.22656
"9164","1kmE3948N3097",17312.102215
"9165","1kmE3948N3098",15775.619734
"9166","1kmE3948N3099",18903.309897
"9167","1kmE3948N3100",18891.8409285
"9168","1kmE3948N3101",15010.6978245
"9169","1kmE3948N3102",13489.557507
"9170","1kmE3948N3103",16214.3453695
"9171","1kmE3948N3104",15166.341303
"9172","1kmE3948N3105",14171.806719
"9173","1kmE3948N3106",11169.7682005
"9174","1kmE3948N3107",9387.8856805
"9175","1kmE3948N3108",12377.234645
"9176","1kmE3948N3109",9794.7423255
"9177","1kmE3948N3110",9841.014638
"9178","1kmE3948N3111",10102.68044
"9179","1kmE3948N3112",3265.808888
"9180","1kmE3948N3113",5603.190954
"9181","1kmE3948N3114",6240.0591755
"9182","1kmE3948N3115",7013.169271
"9183","1kmE3948N3116",5009.809078
"9184","1kmE3948N3117",6589.228245
"9185","1kmE3948N3118",9451.5755795
"9186","1kmE3948N3119",7875.6764725
"9187","1kmE3948N3120",3560.3877715
"9188","1kmE3948N3121",5509.027431
"9189","1kmE3948N3122",8524.547873
"9190","1kmE3948N3123",6881.4881955
"9191","1kmE3948N3124",8344.822364
"9192","1kmE3948N3125",13607.1740475
"9193","1kmE3948N3126",11692.3146295
"9194","1kmE3948N3127",11339.2568495
"9195","1kmE3948N3128",10336.6354165
"9196","1kmE3948N3129",7073.1338605
"9197","1kmE3948N3130",9195.1192795
"9198","1kmE3948N3131",12693.0540875
"9199","1kmE3948N3132",13710.860479
"9200","1kmE3948N3133",12745.1468115
"9201","1kmE3948N3134",10000.4670855
"9202","1kmE3948N3135",8360.470975
"9203","1kmE3948N3136",8445.804856
"9204","1kmE3948N3137",7565.710921
"9205","1kmE3948N3138",10958.928889
"9206","1kmE3948N3139",7288.8545365
"9207","1kmE3948N3140",6942.705237
"9208","1kmE3948N3141",7130.63423
"9209","1kmE3948N3142",3929.505614
"9210","1kmE3948N3143",4443.678444
"9211","1kmE3948N3144",7524.0102175
"9212","1kmE3948N3145",6395.709939
"9213","1kmE3948N3146",803.269809
"9214","1kmE3948N3147",3876.7091745
"9215","1kmE3948N3148",14834.1876685
"9216","1kmE3948N3149",16932.0636985
"9217","1kmE3948N3150",9884.142311
"9218","1kmE3948N3151",4588.233348
"9219","1kmE3948N3152",2483.0582195
"9220","1kmE3948N3153",5210.5702645
"9221","1kmE3948N3154",8989.3745405
"9222","1kmE3948N3155",8543.83953
"9223","1kmE3948N3156",6023.069601
"9224","1kmE3948N3157",7746.527346
"9225","1kmE3948N3158",8749.7249365
"9226","1kmE3948N3159",8229.2389075
"9227","1kmE3949N3088",7025.8716445
"9228","1kmE3949N3089",8962.3275995
"9229","1kmE3949N3090",6918.808962
"9230","1kmE3949N3091",10017.6263335
"9231","1kmE3949N3092",11740.64715
"9232","1kmE3949N3093",10380.926959
"9233","1kmE3949N3094",8659.2937895
"9234","1kmE3949N3095",9875.117257
"9235","1kmE3949N3096",18285.010339
"9236","1kmE3949N3097",19951.083251
"9237","1kmE3949N3098",14229.005395
"9238","1kmE3949N3099",18815.4543075
"9239","1kmE3949N3100",20738.8232765
"9240","1kmE3949N3101",18592.865533
"9241","1kmE3949N3102",18043.5087975
"9242","1kmE3949N3103",16878.4996095
"9243","1kmE3949N3104",17412.812008
"9244","1kmE3949N3105",16626.751371
"9245","1kmE3949N3106",14526.5211745
"9246","1kmE3949N3107",12896.303825
"9247","1kmE3949N3108",15273.424311
"9248","1kmE3949N3109",11118.418738
"9249","1kmE3949N3110",8805.26221
"9250","1kmE3949N3111",10481.742687
"9251","1kmE3949N3112",6872.0110965
"9252","1kmE3949N3113",7095.5101415
"9253","1kmE3949N3114",7600.29855
"9254","1kmE3949N3115",7262.5715785
"9255","1kmE3949N3116",3490.015694
"9256","1kmE3949N3117",5416.7183295
"9257","1kmE3949N3118",5664.2574835
"9258","1kmE3949N3119",4554.8278725
"9259","1kmE3949N3120",3215.8198235
"9260","1kmE3949N3121",5895.4472485
"9261","1kmE3949N3122",6733.087982
"9262","1kmE3949N3123",3236.856351
"9263","1kmE3949N3124",8341.870943
"9264","1kmE3949N3125",13510.6658575
"9265","1kmE3949N3126",10072.8101855
"9266","1kmE3949N3127",7078.3841025
"9267","1kmE3949N3128",6903.031599
"9268","1kmE3949N3129",3683.6217415
"9269","1kmE3949N3130",7800.460841
"9270","1kmE3949N3131",12928.627242
"9271","1kmE3949N3132",12870.975979
"9272","1kmE3949N3133",12772.9622445
"9273","1kmE3949N3134",12016.914986
"9274","1kmE3949N3135",15259.5615455
"9275","1kmE3949N3136",15617.953385
"9276","1kmE3949N3137",7099.781201
"9277","1kmE3949N3138",11642.841943
"9278","1kmE3949N3139",16631.0499315
"9279","1kmE3949N3140",17532.8996605
"9280","1kmE3949N3141",12682.8014745
"9281","1kmE3949N3142",6068.842931
"9282","1kmE3949N3143",8447.8139165
"9283","1kmE3949N3144",9637.0159145
"9284","1kmE3949N3145",9175.7563495
"9285","1kmE3949N3146",1257.746946
"9286","1kmE3949N3147",5793.8653625
"9287","1kmE3949N3148",11797.662586
"9288","1kmE3949N3149",13673.7639775
"9289","1kmE3949N3150",12931.277982
"9290","1kmE3949N3151",395.028405
"9291","1kmE3949N3152",563.707789
"9292","1kmE3949N3153",887.6991685
"9293","1kmE3949N3154",4239.0992065
"9294","1kmE3949N3155",9046.2989245
"9295","1kmE3949N3156",8258.5287475
"9296","1kmE3949N3157",5428.062169
"9297","1kmE3949N3158",5226.864348
"9298","1kmE3949N3159",10348.7402935
"9299","1kmE3950N3089",4608.960042
"9300","1kmE3950N3090",8069.240825
"9301","1kmE3950N3091",10747.8007995
"9302","1kmE3950N3092",12433.811968
"9303","1kmE3950N3093",9530.303445
"9304","1kmE3950N3094",5910.2341595
"9305","1kmE3950N3095",13435.457847
"9306","1kmE3950N3096",18305.167444
"9307","1kmE3950N3097",16213.355199
"9308","1kmE3950N3098",14940.6720705
"9309","1kmE3950N3099",16281.416097
"9310","1kmE3950N3100",20377.437291
"9311","1kmE3950N3101",17990.060335
"9312","1kmE3950N3102",17926.3076065
"9313","1kmE3950N3103",16624.331693
"9314","1kmE3950N3104",14736.5496535
"9315","1kmE3950N3105",15526.016416
"9316","1kmE3950N3106",10088.7333955
"9317","1kmE3950N3107",13917.0543065
"9318","1kmE3950N3108",16308.3588205
"9319","1kmE3950N3109",13604.187912
"9320","1kmE3950N3110",10180.6258065
"9321","1kmE3950N3111",8049.3814185
"9322","1kmE3950N3112",7765.603625
"9323","1kmE3950N3113",8897.1938365
"9324","1kmE3950N3114",9494.7543365
"9325","1kmE3950N3115",6442.2112725
"9326","1kmE3950N3116",6405.3319385
"9327","1kmE3950N3117",6411.5935715
"9328","1kmE3950N3118",4430.495757
"9329","1kmE3950N3119",5990.8561835
"9330","1kmE3950N3120",3855.670092
"9331","1kmE3950N3121",11272.451867
"9332","1kmE3950N3122",13148.355397
"9333","1kmE3950N3123",7720.810858
"9334","1kmE3950N3124",6044.3553055
"9335","1kmE3950N3125",9623.625281
"9336","1kmE3950N3126",12042.8625405
"9337","1kmE3950N3127",10379.8755345
"9338","1kmE3950N3128",6627.400442
"9339","1kmE3950N3129",7945.4607425
"9340","1kmE3950N3130",6584.491608
"9341","1kmE3950N3131",10322.438171
"9342","1kmE3950N3132",12719.378405
"9343","1kmE3950N3133",7017.5924995
"9344","1kmE3950N3134",9740.535813
"9345","1kmE3950N3135",13489.0155615
"9346","1kmE3950N3136",12449.840374
"9347","1kmE3950N3137",10421.313289
"9348","1kmE3950N3138",11138.787994
"9349","1kmE3950N3139",13719.8109825
"9350","1kmE3950N3140",15668.602686
"9351","1kmE3950N3141",12186.955673
"9352","1kmE3950N3142",6249.1511895
"9353","1kmE3950N3143",7949.2532725
"9354","1kmE3950N3144",8994.098626
"9355","1kmE3950N3145",4797.182814
"9356","1kmE3950N3146",1113.1297295
"9357","1kmE3950N3147",2843.780296
"9358","1kmE3950N3148",3601.7875125
"9359","1kmE3950N3149",5707.824277
"9360","1kmE3950N3150",7696.2030515
"9361","1kmE3950N3151",4338.845072
"9362","1kmE3950N3152",6360.384318
"9363","1kmE3950N3153",6414.7696075
"9364","1kmE3950N3154",6341.958222
"9365","1kmE3950N3155",7501.506815
"9366","1kmE3950N3156",5719.759883
"9367","1kmE3950N3157",5107.8699145
"9368","1kmE3950N3158",2977.999184
"9369","1kmE3950N3159",6179.254251
"9370","1kmE3950N3160",7587.461027
"9371","1kmE3950N3161",12938.6202465
"9372","1kmE3951N3090",11804.611645
"9373","1kmE3951N3091",14209.4569145
"9374","1kmE3951N3092",15248.2241485
"9375","1kmE3951N3093",13907.770648
"9376","1kmE3951N3094",13187.803514
"9377","1kmE3951N3095",17000.629853
"9378","1kmE3951N3096",15717.2229395
"9379","1kmE3951N3097",15490.7335895
"9380","1kmE3951N3098",15206.6495715
"9381","1kmE3951N3099",15159.803402
"9382","1kmE3951N3100",15499.646607
"9383","1kmE3951N3101",14402.816531
"9384","1kmE3951N3102",18411.219628
"9385","1kmE3951N3103",18931.288953
"9386","1kmE3951N3104",18235.204547
"9387","1kmE3951N3105",15399.295874
"9388","1kmE3951N3106",11630.301049
"9389","1kmE3951N3107",11114.372171
"9390","1kmE3951N3108",16415.9797155
"9391","1kmE3951N3109",14363.5358625
"9392","1kmE3951N3110",10969.462775
"9393","1kmE3951N3111",9316.6050625
"9394","1kmE3951N3112",6572.7425705
"9395","1kmE3951N3113",10221.9432385
"9396","1kmE3951N3114",11580.249213
"9397","1kmE3951N3115",6918.0952
"9398","1kmE3951N3116",6093.370498
"9399","1kmE3951N3117",6358.052488
"9400","1kmE3951N3118",2185.6151975
"9401","1kmE3951N3119",5544.1450405
"9402","1kmE3951N3120",6869.343363
"9403","1kmE3951N3121",11846.3440065
"9404","1kmE3951N3122",13275.040764
"9405","1kmE3951N3123",6212.987282
"9406","1kmE3951N3124",1603.8684775
"9407","1kmE3951N3125",8464.249148
"9408","1kmE3951N3126",11951.25932
"9409","1kmE3951N3127",7688.1636475
"9410","1kmE3951N3128",5500.5997305
"9411","1kmE3951N3129",5689.461221
"9412","1kmE3951N3130",8017.2904785
"9413","1kmE3951N3131",12983.7973145
"9414","1kmE3951N3132",12270.196168
"9415","1kmE3951N3133",8399.623317
"9416","1kmE3951N3134",7686.2226115
"9417","1kmE3951N3135",10544.5116705
"9418","1kmE3951N3136",14246.711325
"9419","1kmE3951N3137",10924.0148335
"9420","1kmE3951N3138",8045.76376
"9421","1kmE3951N3139",14103.0727345
"9422","1kmE3951N3140",14227.4173715
"9423","1kmE3951N3141",11309.196366
"9424","1kmE3951N3142",6298.864759
"9425","1kmE3951N3143",5086.6072795
"9426","1kmE3951N3144",6654.3598755
"9427","1kmE3951N3145",4786.6692605
"9428","1kmE3951N3146",6073.1716285
"9429","1kmE3951N3147",8063.91014
"9430","1kmE3951N3148",7898.8940295
"9431","1kmE3951N3149",6532.322232
"9432","1kmE3951N3150",8799.9218295
"9433","1kmE3951N3151",8043.9465345
"9434","1kmE3951N3152",7430.1084235
"9435","1kmE3951N3153",3112.0014565
"9436","1kmE3951N3154",5071.9317015
"9437","1kmE3951N3155",4156.9281595
"9438","1kmE3951N3156",3812.55323
"9439","1kmE3951N3157",2681.473025
"9440","1kmE3951N3158",3049.682341
"9441","1kmE3951N3159",3538.232964
"9442","1kmE3951N3160",5491.7774365
"9443","1kmE3951N3161",13124.402178
"9444","1kmE3951N3162",13698.3388295
"9445","1kmE3952N3089",5474.998053
"9446","1kmE3952N3090",11593.461806
"9447","1kmE3952N3091",13762.794726
"9448","1kmE3952N3092",13317.466691
"9449","1kmE3952N3093",14493.8196125
"9450","1kmE3952N3094",15914.231885
"9451","1kmE3952N3095",17292.3686335
"9452","1kmE3952N3096",13027.2464765
"9453","1kmE3952N3097",9614.507605
"9454","1kmE3952N3098",14542.9766215
"9455","1kmE3952N3099",13449.614121
"9456","1kmE3952N3100",12832.486261
"9457","1kmE3952N3101",13902.014459
"9458","1kmE3952N3102",15729.084631
"9459","1kmE3952N3103",19775.425145
"9460","1kmE3952N3104",21096.9072305
"9461","1kmE3952N3105",18880.084039
"9462","1kmE3952N3106",15037.2154245
"9463","1kmE3952N3107",9503.564655
"9464","1kmE3952N3108",16611.274884
"9465","1kmE3952N3109",16235.1247375
"9466","1kmE3952N3110",10533.4285015
"9467","1kmE3952N3111",5329.1523595
"9468","1kmE3952N3112",5920.7249725
"9469","1kmE3952N3113",7599.595853
"9470","1kmE3952N3114",9768.8677015
"9471","1kmE3952N3115",6728.847298
"9472","1kmE3952N3116",7497.4269245
"9473","1kmE3952N3117",5131.514254
"9474","1kmE3952N3118",4803.181154
"9475","1kmE3952N3119",7314.3654785
"9476","1kmE3952N3120",9287.7487185
"9477","1kmE3952N3121",8026.876714
"9478","1kmE3952N3122",9018.52336
"9479","1kmE3952N3123",3437.150441
"9480","1kmE3952N3124",4960.775629
"9481","1kmE3952N3125",8178.352636
"9482","1kmE3952N3126",7757.6384175
"9483","1kmE3952N3127",9680.0466215
"9484","1kmE3952N3128",6721.8674995
"9485","1kmE3952N3129",6547.380693
"9486","1kmE3952N3130",6451.4285195
"9487","1kmE3952N3131",14465.118387
"9488","1kmE3952N3132",15762.404954
"9489","1kmE3952N3133",10049.5984575
"9490","1kmE3952N3134",4919.9694805
"9491","1kmE3952N3135",13310.7344905
"9492","1kmE3952N3136",19420.763768
"9493","1kmE3952N3137",16170.5388915
"9494","1kmE3952N3138",9570.142725
"9495","1kmE3952N3139",11420.4978915
"9496","1kmE3952N3140",12036.8521735
"9497","1kmE3952N3141",10041.8008165
"9498","1kmE3952N3142",8342.4678675
"9499","1kmE3952N3143",4130.2336165
"9500","1kmE3952N3144",1709.3100055
"9501","1kmE3952N3145",5064.8841275
"9502","1kmE3952N3146",9541.295749
"9503","1kmE3952N3147",11398.885857
"9504","1kmE3952N3148",12070.002648
"9505","1kmE3952N3149",12940.8780675
"9506","1kmE3952N3150",11786.062397
"9507","1kmE3952N3151",6825.1312295
"9508","1kmE3952N3152",2494.946194
"9509","1kmE3952N3153",5110.8147445
"9510","1kmE3952N3154",5448.5742235
"9511","1kmE3952N3155",3431.587324
"9512","1kmE3952N3156",3898.886847
"9513","1kmE3952N3157",4023.141674
"9514","1kmE3952N3158",8447.915082
"9515","1kmE3952N3159",10378.629299
"9516","1kmE3952N3160",8554.828105
"9517","1kmE3952N3161",9700.538399
"9518","1kmE3952N3162",10908.350188
"9519","1kmE3952N3163",9389.4989075
"9520","1kmE3953N3089",7704.5427875
"9521","1kmE3953N3090",7296.717435
"9522","1kmE3953N3091",7841.650435
"9523","1kmE3953N3092",6279.452735
"9524","1kmE3953N3093",7830.516788
"9525","1kmE3953N3094",7926.7354335
"9526","1kmE3953N3095",18113.3121715
"9527","1kmE3953N3096",14367.373804
"9528","1kmE3953N3097",10420.8485855
"9529","1kmE3953N3098",13341.741767
"9530","1kmE3953N3099",10035.4521925
"9531","1kmE3953N3100",9320.2084985
"9532","1kmE3953N3101",12362.0752435
"9533","1kmE3953N3102",12557.711244
"9534","1kmE3953N3103",19767.6988585
"9535","1kmE3953N3104",21814.176297
"9536","1kmE3953N3105",19927.691714
"9537","1kmE3953N3106",17100.9105775
"9538","1kmE3953N3107",10449.242033
"9539","1kmE3953N3108",16824.294853
"9540","1kmE3953N3109",15726.4982015
"9541","1kmE3953N3110",9921.713792
"9542","1kmE3953N3111",8336.2555645
"9543","1kmE3953N3112",9509.4532955
"9544","1kmE3953N3113",12013.710357
"9545","1kmE3953N3114",12532.132666
"9546","1kmE3953N3115",8147.564467
"9547","1kmE3953N3116",7556.538912
"9548","1kmE3953N3117",5406.4758845
"9549","1kmE3953N3118",4813.7417135
"9550","1kmE3953N3119",7430.843659
"9551","1kmE3953N3120",11738.3704905
"9552","1kmE3953N3121",12241.39292
"9553","1kmE3953N3122",8309.9919345
"9554","1kmE3953N3123",7777.170757
"9555","1kmE3953N3124",5617.256107
"9556","1kmE3953N3125",13357.5524475
"9557","1kmE3953N3126",13702.930874
"9558","1kmE3953N3127",9843.632722
"9559","1kmE3953N3128",7518.450364
"9560","1kmE3953N3129",9301.536106
"9561","1kmE3953N3130",8420.8669855
"9562","1kmE3953N3131",14259.940632
"9563","1kmE3953N3132",17427.272221
"9564","1kmE3953N3133",12394.123372
"9565","1kmE3953N3134",7155.7074055
"9566","1kmE3953N3135",13786.806332
"9567","1kmE3953N3136",17991.56722
"9568","1kmE3953N3137",17021.472642
"9569","1kmE3953N3138",15128.9885735
"9570","1kmE3953N3139",12704.164955
"9571","1kmE3953N3140",11209.450665
"9572","1kmE3953N3141",11638.916337
"9573","1kmE3953N3142",8591.852461
"9574","1kmE3953N3143",10221.3272945
"9575","1kmE3953N3144",10660.496677
"9576","1kmE3953N3145",6572.933391
"9577","1kmE3953N3146",1075.69089
"9578","1kmE3953N3147",9383.4705975
"9579","1kmE3953N3148",16891.762032
"9580","1kmE3953N3149",15797.932288
"9581","1kmE3953N3150",11919.8622905
"9582","1kmE3953N3151",8137.717543
"9583","1kmE3953N3152",7945.334015
"9584","1kmE3953N3153",7367.337846
"9585","1kmE3953N3154",3493.0930775
"9586","1kmE3953N3155",5449.0466295
"9587","1kmE3953N3156",5711.8258605
"9588","1kmE3953N3157",5335.9046975
"9589","1kmE3953N3158",12768.874472
"9590","1kmE3953N3159",12528.641024
"9591","1kmE3953N3160",9447.3788155
"9592","1kmE3953N3161",1943.797472
"9593","1kmE3953N3162",9293.878957
"9594","1kmE3953N3163",11832.0224195
"9595","1kmE3953N3164",8745.387818
"9596","1kmE3954N3088",5657.275399
"9597","1kmE3954N3089",11692.3508645
"9598","1kmE3954N3090",9589.028706
"9599","1kmE3954N3091",9633.9300855
"9600","1kmE3954N3092",4729.7821585
"9601","1kmE3954N3093",12678.067931
"9602","1kmE3954N3094",15472.5424465
"9603","1kmE3954N3095",18324.8452585
"9604","1kmE3954N3096",17616.6542895
"9605","1kmE3954N3097",15554.7336
"9606","1kmE3954N3098",11700.0037425
"9607","1kmE3954N3099",9488.8979605
"9608","1kmE3954N3100",10949.8441485
"9609","1kmE3954N3101",11682.616657
"9610","1kmE3954N3102",12654.5846375
"9611","1kmE3954N3103",18050.6852155
"9612","1kmE3954N3104",18858.8146235
"9613","1kmE3954N3105",19404.3324015
"9614","1kmE3954N3106",15350.9115555
"9615","1kmE3954N3107",14028.2764765
"9616","1kmE3954N3108",18709.2822495
"9617","1kmE3954N3109",18403.9673765
"9618","1kmE3954N3110",11095.744468
"9619","1kmE3954N3111",5320.1831645
"9620","1kmE3954N3112",8918.278066
"9621","1kmE3954N3113",8857.618497
"9622","1kmE3954N3114",11537.796823
"9623","1kmE3954N3115",9273.6805625
"9624","1kmE3954N3116",4217.849122
"9625","1kmE3954N3117",3628.1746375
"9626","1kmE3954N3118",5332.8812765
"9627","1kmE3954N3119",10850.2219425
"9628","1kmE3954N3120",14986.146786
"9629","1kmE3954N3121",9571.751991
"9630","1kmE3954N3122",4152.77974
"9631","1kmE3954N3123",4223.641401
"9632","1kmE3954N3124",1555.918082
"9633","1kmE3954N3125",10793.708662
"9634","1kmE3954N3126",9494.8091775
"9635","1kmE3954N3127",3521.027277
"9636","1kmE3954N3128",7829.7296995
"9637","1kmE3954N3129",10295.706515
"9638","1kmE3954N3130",11224.6724855
"9639","1kmE3954N3131",12441.933287
"9640","1kmE3954N3132",16275.364337
"9641","1kmE3954N3133",14726.3984065
"9642","1kmE3954N3134",9788.812296
"9643","1kmE3954N3135",10107.7848585
"9644","1kmE3954N3136",14049.7412705
"9645","1kmE3954N3137",13001.486352
"9646","1kmE3954N3138",13703.9906835
"9647","1kmE3954N3139",12725.104961
"9648","1kmE3954N3140",8009.0408465
"9649","1kmE3954N3141",9633.6461885
"9650","1kmE3954N3142",9435.356827
"9651","1kmE3954N3143",11332.8375675
"9652","1kmE3954N3144",11182.834594
"9653","1kmE3954N3145",8229.8673575
"9654","1kmE3954N3146",2467.8573215
"9655","1kmE3954N3147",1628.429186
"9656","1kmE3954N3148",13142.921234
"9657","1kmE3954N3149",9281.077832
"9658","1kmE3954N3150",3046.5654035
"9659","1kmE3954N3151",1800.293401
"9660","1kmE3954N3152",4207.1435
"9661","1kmE3954N3153",5146.074207
"9662","1kmE3954N3154",1656.1544695
"9663","1kmE3954N3155",2717.194822
"9664","1kmE3954N3156",4106.5325805
"9665","1kmE3954N3157",2617.8508885
"9666","1kmE3954N3158",1857.381079
"9667","1kmE3954N3159",6184.2023325
"9668","1kmE3954N3160",6533.537204
"9669","1kmE3954N3161",2757.972515
"9670","1kmE3954N3162",2386.6108805
"9671","1kmE3954N3163",6587.628694
"9672","1kmE3954N3164",9893.5961155
"9673","1kmE3954N3165",7464.678553
"9674","1kmE3955N3086",2400.855685
"9675","1kmE3955N3087",7308.854677
"9676","1kmE3955N3088",6883.950499
"9677","1kmE3955N3089",10413.356594
"9678","1kmE3955N3090",8107.5229045
"9679","1kmE3955N3091",12655.5245765
"9680","1kmE3955N3092",8413.9757495
"9681","1kmE3955N3093",15917.349491
"9682","1kmE3955N3094",18721.873669
"9683","1kmE3955N3095",17126.517313
"9684","1kmE3955N3096",14798.077557
"9685","1kmE3955N3097",12412.32482
"9686","1kmE3955N3098",7590.255045
"9687","1kmE3955N3099",7168.115937
"9688","1kmE3955N3100",7350.726892
"9689","1kmE3955N3101",9693.249691
"9690","1kmE3955N3102",9732.697205
"9691","1kmE3955N3103",14543.672113
"9692","1kmE3955N3104",16161.9916355
"9693","1kmE3955N3105",18242.8092895
"9694","1kmE3955N3106",15229.464028
"9695","1kmE3955N3107",13528.400856
"9696","1kmE3955N3108",21680.974651
"9697","1kmE3955N3109",22320.6330995
"9698","1kmE3955N3110",13367.4283075
"9699","1kmE3955N3111",9073.2335695
"9700","1kmE3955N3112",11323.156843
"9701","1kmE3955N3113",15572.848209
"9702","1kmE3955N3114",12502.398839
"9703","1kmE3955N3115",10427.2464165
"9704","1kmE3955N3116",9036.978325
"9705","1kmE3955N3117",4399.170039
"9706","1kmE3955N3118",11614.73796
"9707","1kmE3955N3119",6273.4381615
"9708","1kmE3955N3120",4057.8011885
"9709","1kmE3955N3121",5230.1248425
"9710","1kmE3955N3122",9505.6767555
"9711","1kmE3955N3123",8763.7895165
"9712","1kmE3955N3124",8367.753613
"9713","1kmE3955N3125",7357.5625285
"9714","1kmE3955N3126",2664.441978
"9715","1kmE3955N3127",5913.160378
"9716","1kmE3955N3128",5462.6118635
"9717","1kmE3955N3129",10131.3304535
"9718","1kmE3955N3130",11403.628152
"9719","1kmE3955N3131",9724.7291615
"9720","1kmE3955N3132",16392.335309
"9721","1kmE3955N3133",18958.998414
"9722","1kmE3955N3134",11798.889326
"9723","1kmE3955N3135",3016.407928
"9724","1kmE3955N3136",5411.9550815
"9725","1kmE3955N3137",7447.73587
"9726","1kmE3955N3138",16523.744472
"9727","1kmE3955N3139",17583.9854135
"9728","1kmE3955N3140",13716.83841
"9729","1kmE3955N3141",9635.6082255
"9730","1kmE3955N3142",10538.026543
"9731","1kmE3955N3143",10542.8796915
"9732","1kmE3955N3144",5741.3696265
"9733","1kmE3955N3145",7101.0079475
"9734","1kmE3955N3146",5115.959654
"9735","1kmE3955N3147",729.364043
"9736","1kmE3955N3148",9829.845351
"9737","1kmE3955N3149",4432.175115
"9738","1kmE3955N3150",205.0163895
"9739","1kmE3955N3151",6510.6718215
"9740","1kmE3955N3152",2388.226919
"9741","1kmE3955N3153",1903.7709355
"9742","1kmE3955N3154",1593.3768325
"9743","1kmE3955N3155",4739.744966
"9744","1kmE3955N3156",5825.6495985
"9745","1kmE3955N3157",2854.523097
"9746","1kmE3955N3158",771.398557499999
"9747","1kmE3955N3159",6433.452747
"9748","1kmE3955N3160",7386.86595
"9749","1kmE3955N3161",7179.963703
"9750","1kmE3955N3162",2862.523629
"9751","1kmE3955N3163",9224.4708795
"9752","1kmE3955N3164",10982.7829555
"9753","1kmE3955N3165",7151.3572515
"9754","1kmE3955N3166",5280.464951
"9755","1kmE3956N3085",6365.786027
"9756","1kmE3956N3086",10614.116327
"9757","1kmE3956N3087",11841.833324
"9758","1kmE3956N3088",10134.5185715
"9759","1kmE3956N3089",10446.065992
"9760","1kmE3956N3090",5800.2439025
"9761","1kmE3956N3091",10910.3318465
"9762","1kmE3956N3092",14173.6950225
"9763","1kmE3956N3093",15480.9452285
"9764","1kmE3956N3094",10990.621986
"9765","1kmE3956N3095",13000.25886
"9766","1kmE3956N3096",14700.923225
"9767","1kmE3956N3097",12459.716444
"9768","1kmE3956N3098",9295.826017
"9769","1kmE3956N3099",9394.4374775
"9770","1kmE3956N3100",6524.5811035
"9771","1kmE3956N3101",9800.3966545
"9772","1kmE3956N3102",7065.026448
"9773","1kmE3956N3103",13760.8984265
"9774","1kmE3956N3104",19266.1916595
"9775","1kmE3956N3105",18276.1275185
"9776","1kmE3956N3106",16585.2609865
"9777","1kmE3956N3107",12972.989937
"9778","1kmE3956N3108",18756.8950145
"9779","1kmE3956N3109",16804.711007
"9780","1kmE3956N3110",12494.6526925
"9781","1kmE3956N3111",12267.6960095
"9782","1kmE3956N3112",10131.431816
"9783","1kmE3956N3113",9487.3568275
"9784","1kmE3956N3114",6667.4458075
"9785","1kmE3956N3115",7072.2255655
"9786","1kmE3956N3116",10012.434026
"9787","1kmE3956N3117",4726.721882
"9788","1kmE3956N3118",13085.017477
"9789","1kmE3956N3119",4853.995164
"9790","1kmE3956N3120",5459.903599
"9791","1kmE3956N3121",9353.7530005
"9792","1kmE3956N3122",7591.36538
"9793","1kmE3956N3123",10945.7681995
"9794","1kmE3956N3124",10749.928739
"9795","1kmE3956N3125",8982.9211015
"9796","1kmE3956N3126",4387.2358095
"9797","1kmE3956N3127",3532.8440045
"9798","1kmE3956N3128",3179.638335
"9799","1kmE3956N3129",9807.1874785
"9800","1kmE3956N3130",10404.360825
"9801","1kmE3956N3131",11683.255224
"9802","1kmE3956N3132",18008.9490745
"9803","1kmE3956N3133",13596.7924325
"9804","1kmE3956N3134",11835.6558765
"9805","1kmE3956N3135",3888.518832
"9806","1kmE3956N3136",5956.84545
"9807","1kmE3956N3137",10218.5115355
"9808","1kmE3956N3138",12192.7456225
"9809","1kmE3956N3139",11912.339365
"9810","1kmE3956N3140",13107.0990655
"9811","1kmE3956N3141",11709.5223445
"9812","1kmE3956N3142",9121.2919095
"9813","1kmE3956N3143",8854.8445095
"9814","1kmE3956N3144",4033.824546
"9815","1kmE3956N3145",5217.4516495
"9816","1kmE3956N3146",7532.3967655
"9817","1kmE3956N3147",6313.6551345
"9818","1kmE3956N3148",11750.5258175
"9819","1kmE3956N3149",5320.1808785
"9820","1kmE3956N3150",1209.3088315
"9821","1kmE3956N3151",3514.1281155
"9822","1kmE3956N3152",9605.1342895
"9823","1kmE3956N3153",4918.227275
"9824","1kmE3956N3154",4605.476513
"9825","1kmE3956N3155",6088.494922
"9826","1kmE3956N3156",7170.6575915
"9827","1kmE3956N3157",4876.53465
"9828","1kmE3956N3158",3999.229745
"9829","1kmE3956N3159",3039.5065005
"9830","1kmE3956N3160",4924.7329235
"9831","1kmE3956N3161",9980.7405225
"9832","1kmE3956N3162",6118.6014455
"9833","1kmE3956N3163",7700.834862
"9834","1kmE3956N3164",16205.155062
"9835","1kmE3956N3165",12763.278876
"9836","1kmE3956N3166",8455.835256
"9837","1kmE3956N3167",12394.5419895
"9838","1kmE3957N3085",11534.1917285
"9839","1kmE3957N3086",11947.6209535
"9840","1kmE3957N3087",13456.713249
"9841","1kmE3957N3088",16247.76183
"9842","1kmE3957N3089",13740.2029045
"9843","1kmE3957N3090",12028.9585265
"9844","1kmE3957N3091",11514.03053
"9845","1kmE3957N3092",16795.810626
"9846","1kmE3957N3093",18078.30541
"9847","1kmE3957N3094",16248.457144
"9848","1kmE3957N3095",13125.0485555
"9849","1kmE3957N3096",13252.7749055
"9850","1kmE3957N3097",7699.5347635
"9851","1kmE3957N3098",12746.4473335
"9852","1kmE3957N3099",16008.1886325
"9853","1kmE3957N3100",12120.073366
"9854","1kmE3957N3101",8460.317935
"9855","1kmE3957N3102",7690.4555715
"9856","1kmE3957N3103",13451.951923
"9857","1kmE3957N3104",20016.2692865
"9858","1kmE3957N3105",17608.161909
"9859","1kmE3957N3106",14645.9150545
"9860","1kmE3957N3107",12893.809365
"9861","1kmE3957N3108",16506.659203
"9862","1kmE3957N3109",17057.0649685
"9863","1kmE3957N3110",14927.5752495
"9864","1kmE3957N3111",13440.9922205
"9865","1kmE3957N3112",12429.0124685
"9866","1kmE3957N3113",4459.0917505
"9867","1kmE3957N3114",5864.893991
"9868","1kmE3957N3115",8947.116878
"9869","1kmE3957N3116",7249.600135
"9870","1kmE3957N3117",6000.8931205
"9871","1kmE3957N3118",11208.340901
"9872","1kmE3957N3119",3999.597799
"9873","1kmE3957N3120",6118.6661095
"9874","1kmE3957N3121",4268.6595415
"9875","1kmE3957N3122",9656.8487165
"9876","1kmE3957N3123",9922.3874935
"9877","1kmE3957N3124",14316.17116
"9878","1kmE3957N3125",9961.3071565
"9879","1kmE3957N3126",4141.677432
"9880","1kmE3957N3127",2704.0103635
"9881","1kmE3957N3128",7750.3856165
"9882","1kmE3957N3129",10832.1726355
"9883","1kmE3957N3130",10908.8475765
"9884","1kmE3957N3131",12400.019458
"9885","1kmE3957N3132",10489.3907865
"9886","1kmE3957N3133",6050.596537
"9887","1kmE3957N3134",12225.9730645
"9888","1kmE3957N3135",5319.978503
"9889","1kmE3957N3136",7900.5942535
"9890","1kmE3957N3137",15218.700947
"9891","1kmE3957N3138",17809.0569765
"9892","1kmE3957N3139",14216.006147
"9893","1kmE3957N3140",9335.0968315
"9894","1kmE3957N3141",6766.9603815
"9895","1kmE3957N3142",10318.538554
"9896","1kmE3957N3143",8262.2647505
"9897","1kmE3957N3144",3214.6785855
"9898","1kmE3957N3145",5874.3670605
"9899","1kmE3957N3146",6855.5715475
"9900","1kmE3957N3147",12592.5359295
"9901","1kmE3957N3148",11549.4271895
"9902","1kmE3957N3149",3221.3379155
"9903","1kmE3957N3150",1155.6958265
"9904","1kmE3957N3151",7620.6725515
"9905","1kmE3957N3152",10626.6910245
"9906","1kmE3957N3153",9760.595601
"9907","1kmE3957N3154",5576.2835125
"9908","1kmE3957N3155",2796.505378
"9909","1kmE3957N3156",8144.693904
"9910","1kmE3957N3157",11763.051607
"9911","1kmE3957N3158",8419.4374135
"9912","1kmE3957N3159",11651.6450615
"9913","1kmE3957N3160",11139.7792225
"9914","1kmE3957N3161",6420.2581265
"9915","1kmE3957N3162",5056.644595
"9916","1kmE3957N3163",4657.191523
"9917","1kmE3957N3164",13321.0286925
"9918","1kmE3957N3165",17780.9852625
"9919","1kmE3957N3166",12929.931464
"9920","1kmE3957N3167",11000.742181
"9921","1kmE3958N3085",15483.2371065
"9922","1kmE3958N3086",17303.1874305
"9923","1kmE3958N3087",7868.1285345
"9924","1kmE3958N3088",15116.4345595
"9925","1kmE3958N3089",15880.002003
"9926","1kmE3958N3090",12858.562887
"9927","1kmE3958N3091",9793.674428
"9928","1kmE3958N3092",12805.3455225
"9929","1kmE3958N3093",18174.75968
"9930","1kmE3958N3094",16209.193929
"9931","1kmE3958N3095",12401.9432955
"9932","1kmE3958N3096",7680.5049225
"9933","1kmE3958N3097",13655.4386145
"9934","1kmE3958N3098",17123.601523
"9935","1kmE3958N3099",17001.7143115
"9936","1kmE3958N3100",15937.579837
"9937","1kmE3958N3101",12841.85455
"9938","1kmE3958N3102",16397.763165
"9939","1kmE3958N3103",16442.6123065
"9940","1kmE3958N3104",18396.6084765
"9941","1kmE3958N3105",16790.1634275
"9942","1kmE3958N3106",13703.7844585
"9943","1kmE3958N3107",9051.370774
"9944","1kmE3958N3108",10320.564504
"9945","1kmE3958N3109",12634.416114
"9946","1kmE3958N3110",14080.662987
"9947","1kmE3958N3111",9801.485124
"9948","1kmE3958N3112",7011.7563225
"9949","1kmE3958N3113",5782.269741
"9950","1kmE3958N3114",8050.9323435
"9951","1kmE3958N3115",9394.4213395
"9952","1kmE3958N3116",9621.8394095
"9953","1kmE3958N3117",9327.024122
"9954","1kmE3958N3118",7611.2918545
"9955","1kmE3958N3119",3301.0005355
"9956","1kmE3958N3120",6843.421005
"9957","1kmE3958N3121",4842.8910715
"9958","1kmE3958N3122",11054.6789105
"9959","1kmE3958N3123",12806.7093685
"9960","1kmE3958N3124",9804.656856
"9961","1kmE3958N3125",7323.1256645
"9962","1kmE3958N3126",7819.74059
"9963","1kmE3958N3127",7331.7052335
"9964","1kmE3958N3128",8766.1691735
"9965","1kmE3958N3129",6794.823603
"9966","1kmE3958N3130",8203.6539865
"9967","1kmE3958N3131",5417.0792235
"9968","1kmE3958N3132",9748.144736
"9969","1kmE3958N3133",3836.6717235
"9970","1kmE3958N3134",5982.625886
"9971","1kmE3958N3135",4770.1787195
"9972","1kmE3958N3136",5882.128005
"9973","1kmE3958N3137",9601.986506
"9974","1kmE3958N3138",13325.7944705
"9975","1kmE3958N3139",18653.664948
"9976","1kmE3958N3140",14298.522164
"9977","1kmE3958N3141",14634.126579
"9978","1kmE3958N3142",14838.019694
"9979","1kmE3958N3143",13164.41494
"9980","1kmE3958N3144",7721.9753915
"9981","1kmE3958N3145",8586.5109585
"9982","1kmE3958N3146",8940.660005
"9983","1kmE3958N3147",8348.2493735
"9984","1kmE3958N3148",15160.9135025
"9985","1kmE3958N3149",7203.118841
"9986","1kmE3958N3150",1646.0250505
"9987","1kmE3958N3151",6918.514021
"9988","1kmE3958N3152",10789.09758
"9989","1kmE3958N3153",13232.324356
"9990","1kmE3958N3154",9733.1469065
"9991","1kmE3958N3155",13764.62206
"9992","1kmE3958N3156",10036.7884425
"9993","1kmE3958N3157",11079.8452215
"9994","1kmE3958N3159",13367.51784
"9995","1kmE3958N3160",8167.0063645
"9996","1kmE3958N3161",6199.8886445
"9997","1kmE3958N3162",7382.2218285
"9998","1kmE3958N3163",4032.7702565
"9999","1kmE3958N3164",9474.998854
"10000","1kmE3958N3165",16460.6379275
"10001","1kmE3958N3166",14888.38996
"10002","1kmE3958N3167",13069.9486965
"10003","1kmE3959N3085",14243.210161
"10004","1kmE3959N3086",14902.869871
"10005","1kmE3959N3087",10444.280987
"10006","1kmE3959N3088",10283.322401
"10007","1kmE3959N3089",15713.3404335
"10008","1kmE3959N3090",8995.704476
"10009","1kmE3959N3091",8016.7940785
"10010","1kmE3959N3092",8069.7335785
"10011","1kmE3959N3093",12940.832098
"10012","1kmE3959N3094",12104.1860365
"10013","1kmE3959N3095",12992.2176385
"10014","1kmE3959N3096",9871.8656845
"10015","1kmE3959N3097",10981.5931715
"10016","1kmE3959N3098",9811.708304
"10017","1kmE3959N3099",14699.3535375
"10018","1kmE3959N3100",17495.171443
"10019","1kmE3959N3101",16907.5681505
"10020","1kmE3959N3102",19191.7255925
"10021","1kmE3959N3103",20970.639475
"10022","1kmE3959N3104",15614.907847
"10023","1kmE3959N3105",15512.564127
"10024","1kmE3959N3106",13562.5648975
"10025","1kmE3959N3107",5840.656297
"10026","1kmE3959N3108",9609.8948885
"10027","1kmE3959N3109",17744.487694
"10028","1kmE3959N3110",14324.5438235
"10029","1kmE3959N3111",9079.138212
"10030","1kmE3959N3112",10751.9938765
"10031","1kmE3959N3113",14027.3108985
"10032","1kmE3959N3114",9650.2781725
"10033","1kmE3959N3115",7429.5640375
"10034","1kmE3959N3116",11730.2024725
"10035","1kmE3959N3117",16708.9424915
"10036","1kmE3959N3118",16194.2915285
"10037","1kmE3959N3119",10236.305802
"10038","1kmE3959N3120",8068.787644
"10039","1kmE3959N3121",7684.0374145
"10040","1kmE3959N3122",4320.0829595
"10041","1kmE3959N3123",10651.572588
"10042","1kmE3959N3124",7244.1016765
"10043","1kmE3959N3125",5325.541463
"10044","1kmE3959N3126",8679.828468
"10045","1kmE3959N3127",8983.5592845
"10046","1kmE3959N3128",7504.030758
"10047","1kmE3959N3129",7585.353529
"10048","1kmE3959N3130",6219.0295075
"10049","1kmE3959N3131",9245.219459
"10050","1kmE3959N3132",14266.23209
"10051","1kmE3959N3133",2465.542363
"10052","1kmE3959N3134",5643.9567195
"10053","1kmE3959N3135",11937.3835915
"10054","1kmE3959N3136",8618.580381
"10055","1kmE3959N3137",3030.902293
"10056","1kmE3959N3138",6468.129181
"10057","1kmE3959N3139",11947.9851595
"10058","1kmE3959N3140",12870.05824
"10059","1kmE3959N3141",17479.4124395
"10060","1kmE3959N3142",15732.6578525
"10061","1kmE3959N3143",17482.7739285
"10062","1kmE3959N3144",11822.061743
"10063","1kmE3959N3145",6619.2880475
"10064","1kmE3959N3146",10125.1884215
"10065","1kmE3959N3147",6652.105668
"10066","1kmE3959N3148",12765.781651
"10067","1kmE3959N3149",9728.2626015
"10068","1kmE3959N3150",5013.41416
"10069","1kmE3959N3151",7295.3397825
"10070","1kmE3959N3152",7652.3516705
"10071","1kmE3959N3153",13193.353209
"10072","1kmE3959N3154",10965.62439
"10073","1kmE3959N3155",15308.442755
"10074","1kmE3959N3156",11667.8329005
"10075","1kmE3959N3157",6466.3033865
"10076","1kmE3959N3159",8320.3458715
"10077","1kmE3959N3160",9582.531318
"10078","1kmE3959N3161",4098.7758
"10079","1kmE3959N3162",4065.11028
"10080","1kmE3959N3163",2587.3093045
"10081","1kmE3959N3164",3711.852413
"10082","1kmE3959N3165",9801.1412425
"10083","1kmE3959N3166",13673.490727
"10084","1kmE3959N3167",15231.9619365
"10085","1kmE3960N3084",8084.637814
"10086","1kmE3960N3085",12094.2284045
"10087","1kmE3960N3086",12961.237006
"10088","1kmE3960N3087",8572.0680305
"10089","1kmE3960N3088",11648.7081695
"10090","1kmE3960N3089",14932.7453485
"10091","1kmE3960N3090",9386.1219355
"10092","1kmE3960N3091",11624.2889485
"10093","1kmE3960N3092",10674.57282
"10094","1kmE3960N3093",12528.7413165
"10095","1kmE3960N3094",15142.845099
"10096","1kmE3960N3095",14636.0150965
"10097","1kmE3960N3096",13558.518757
"10098","1kmE3960N3097",15701.835754
"10099","1kmE3960N3098",9233.518891
"10100","1kmE3960N3099",10275.50469
"10101","1kmE3960N3100",12814.799409
"10102","1kmE3960N3101",14081.0339615
"10103","1kmE3960N3102",17586.0297545
"10104","1kmE3960N3103",20547.7210635
"10105","1kmE3960N3104",20362.4083905
"10106","1kmE3960N3105",16243.97344
"10107","1kmE3960N3106",13130.501783
"10108","1kmE3960N3107",8650.090907
"10109","1kmE3960N3108",13325.744065
"10110","1kmE3960N3109",17099.844166
"10111","1kmE3960N3110",14904.201925
"10112","1kmE3960N3111",12323.434237
"10113","1kmE3960N3112",12354.299501
"10114","1kmE3960N3113",17773.404115
"10115","1kmE3960N3114",17082.285826
"10116","1kmE3960N3115",10543.851195
"10117","1kmE3960N3116",11569.398187
"10118","1kmE3960N3117",19290.405217
"10119","1kmE3960N3118",17226.126183
"10120","1kmE3960N3119",15524.5655845
"10121","1kmE3960N3120",9524.0361475
"10122","1kmE3960N3121",6945.2215345
"10123","1kmE3960N3122",5799.6446925
"10124","1kmE3960N3123",4735.5559755
"10125","1kmE3960N3124",7982.082173
"10126","1kmE3960N3125",8551.8476415
"10127","1kmE3960N3126",8830.5921965
"10128","1kmE3960N3127",9572.317604
"10129","1kmE3960N3128",10764.897758
"10130","1kmE3960N3129",6496.213877
"10131","1kmE3960N3130",9456.4285945
"10132","1kmE3960N3131",11948.163113
"10133","1kmE3960N3132",12840.0273575
"10134","1kmE3960N3133",1804.525033
"10135","1kmE3960N3134",10071.113269
"10136","1kmE3960N3135",12648.250471
"10137","1kmE3960N3136",4873.435103
"10138","1kmE3960N3137",4996.7417835
"10139","1kmE3960N3138",9045.9527205
"10140","1kmE3960N3139",4653.81851
"10141","1kmE3960N3140",10484.713236
"10142","1kmE3960N3141",15893.649531
"10143","1kmE3960N3142",14792.0219795
"10144","1kmE3960N3143",15492.3466525
"10145","1kmE3960N3144",12800.044351
"10146","1kmE3960N3145",5568.1721185
"10147","1kmE3960N3146",6721.028561
"10148","1kmE3960N3147",4690.7406795
"10149","1kmE3960N3148",6579.5027825
"10150","1kmE3960N3149",7493.3367935
"10151","1kmE3960N3150",7893.4746465
"10152","1kmE3960N3151",8071.667084
"10153","1kmE3960N3152",11143.101426
"10154","1kmE3960N3153",12289.3885375
"10155","1kmE3960N3154",11333.336793
"10156","1kmE3960N3155",6754.5125175
"10157","1kmE3960N3156",8167.945218
"10158","1kmE3960N3157",13152.733133
"10159","1kmE3960N3158",15280.070364
"10160","1kmE3960N3159",13224.4679515
"10161","1kmE3960N3160",11775.493389
"10162","1kmE3960N3161",5035.412235
"10163","1kmE3960N3162",4965.673083
"10164","1kmE3960N3163",9972.961809
"10165","1kmE3960N3164",5187.273957
"10166","1kmE3960N3165",11788.509791
"10167","1kmE3960N3166",15763.6793285
"10168","1kmE3960N3167",17547.39604
"10169","1kmE3961N3083",1514.8920475
"10170","1kmE3961N3084",4518.3916845
"10171","1kmE3961N3085",9016.2454155
"10172","1kmE3961N3086",12882.664966
"10173","1kmE3961N3087",10219.9048585
"10174","1kmE3961N3088",13251.556949
"10175","1kmE3961N3089",14451.44909
"10176","1kmE3961N3090",14097.514955
"10177","1kmE3961N3091",14261.6970645
"10178","1kmE3961N3092",11939.636361
"10179","1kmE3961N3093",12112.198598
"10180","1kmE3961N3094",13929.506842
"10181","1kmE3961N3095",13069.830915
"10182","1kmE3961N3096",14033.564924
"10183","1kmE3961N3097",14137.766396
"10184","1kmE3961N3098",11976.4217475
"10185","1kmE3961N3099",11731.797532
"10186","1kmE3961N3100",8474.0028
"10187","1kmE3961N3101",10187.0919135
"10188","1kmE3961N3102",16660.6049195
"10189","1kmE3961N3103",19678.378434
"10190","1kmE3961N3104",19903.1620885
"10191","1kmE3961N3105",17756.3951485
"10192","1kmE3961N3106",15033.3643815
"10193","1kmE3961N3107",9366.4356625
"10194","1kmE3961N3108",9999.7368495
"10195","1kmE3961N3109",15231.1253065
"10196","1kmE3961N3110",19317.134588
"10197","1kmE3961N3111",14575.6200815
"10198","1kmE3961N3112",6450.4429515
"10199","1kmE3961N3113",13608.32442
"10200","1kmE3961N3114",15630.9926785
"10201","1kmE3961N3115",13091.4921735
"10202","1kmE3961N3116",11431.905127
"10203","1kmE3961N3117",14559.8980335
"10204","1kmE3961N3118",16779.5193855
"10205","1kmE3961N3119",15473.6633065
"10206","1kmE3961N3120",13227.3564465
"10207","1kmE3961N3121",6333.3952365
"10208","1kmE3961N3122",9037.64856
"10209","1kmE3961N3123",9342.2273565
"10210","1kmE3961N3124",8538.4726265
"10211","1kmE3961N3125",4578.285722
"10212","1kmE3961N3126",9714.7737255
"10213","1kmE3961N3127",9925.9954895
"10214","1kmE3961N3128",8333.821074
"10215","1kmE3961N3129",6183.4789515
"10216","1kmE3961N3130",8443.2710305
"10217","1kmE3961N3131",16400.965194
"10218","1kmE3961N3132",17581.0517905
"10219","1kmE3961N3133",8343.0477345
"10220","1kmE3961N3134",9361.9056295
"10221","1kmE3961N3135",10793.9491485
"10222","1kmE3961N3136",11234.6437015
"10223","1kmE3961N3137",3684.7985565
"10224","1kmE3961N3138",8816.131254
"10225","1kmE3961N3139",8900.6799395
"10226","1kmE3961N3140",9222.4165415
"10227","1kmE3961N3141",12537.2646895
"10228","1kmE3961N3142",9040.718252
"10229","1kmE3961N3143",8740.24195
"10230","1kmE3961N3144",9284.931511
"10231","1kmE3961N3145",6500.4664345
"10232","1kmE3961N3146",9496.4546185
"10233","1kmE3961N3147",8533.189937
"10234","1kmE3961N3148",10006.5425595
"10235","1kmE3961N3149",9279.058701
"10236","1kmE3961N3150",9270.57148
"10237","1kmE3961N3151",4546.7495205
"10238","1kmE3961N3152",8131.6495815
"10239","1kmE3961N3153",13154.7527875
"10240","1kmE3961N3154",13008.7643215
"10241","1kmE3961N3155",2353.5206525
"10242","1kmE3961N3156",8122.3249035
"10243","1kmE3961N3157",15798.0758975
"10244","1kmE3961N3158",16214.9802325
"10245","1kmE3961N3159",13514.386553
"10246","1kmE3961N3160",2621.494687
"10247","1kmE3961N3161",3212.749635
"10248","1kmE3961N3162",4174.2563995
"10249","1kmE3961N3163",6054.6570165
"10250","1kmE3961N3164",7676.466573
"10251","1kmE3961N3165",11125.1083575
"10252","1kmE3961N3166",14743.7937395
"10253","1kmE3962N3082",5577.9009975
"10254","1kmE3962N3083",6387.553681
"10255","1kmE3962N3084",8260.0277655
"10256","1kmE3962N3085",12141.6759745
"10257","1kmE3962N3086",14949.6271265
"10258","1kmE3962N3087",13654.392617
"10259","1kmE3962N3088",11369.2034275
"10260","1kmE3962N3089",16870.7284745
"10261","1kmE3962N3090",18514.3013615
"10262","1kmE3962N3091",15410.463383
"10263","1kmE3962N3092",11427.0515105
"10264","1kmE3962N3093",11382.191851
"10265","1kmE3962N3094",13330.4164325
"10266","1kmE3962N3095",13461.513813
"10267","1kmE3962N3096",12805.1069595
"10268","1kmE3962N3097",13682.513455
"10269","1kmE3962N3098",13206.933748
"10270","1kmE3962N3099",11685.0726025
"10271","1kmE3962N3100",9302.9445765
"10272","1kmE3962N3101",9903.852951
"10273","1kmE3962N3102",13159.3488535
"10274","1kmE3962N3103",18464.833948
"10275","1kmE3962N3104",19007.5418525
"10276","1kmE3962N3105",17072.682658
"10277","1kmE3962N3106",15839.322712
"10278","1kmE3962N3107",11208.307109
"10279","1kmE3962N3108",11510.0483975
"10280","1kmE3962N3109",15839.8835165
"10281","1kmE3962N3110",16585.146706
"10282","1kmE3962N3111",13351.9780745
"10283","1kmE3962N3112",8733.087876
"10284","1kmE3962N3113",9747.693501
"10285","1kmE3962N3114",10149.99904
"10286","1kmE3962N3115",7558.303976
"10287","1kmE3962N3116",4341.532352
"10288","1kmE3962N3117",10783.8537665
"10289","1kmE3962N3118",14272.7201265
"10290","1kmE3962N3119",18540.974793
"10291","1kmE3962N3120",17661.2205465
"10292","1kmE3962N3121",10822.414777
"10293","1kmE3962N3122",10162.129638
"10294","1kmE3962N3123",9821.7665075
"10295","1kmE3962N3124",8990.556678
"10296","1kmE3962N3125",1608.919282
"10297","1kmE3962N3126",8582.9481255
"10298","1kmE3962N3127",11075.3403015
"10299","1kmE3962N3128",7678.588077
"10300","1kmE3962N3129",7392.9058
"10301","1kmE3962N3130",7875.406044
"10302","1kmE3962N3131",16714.613494
"10303","1kmE3962N3132",17041.155101
"10304","1kmE3962N3133",12747.589558
"10305","1kmE3962N3134",12020.452355
"10306","1kmE3962N3135",12490.8332695
"10307","1kmE3962N3136",7765.4119925
"10308","1kmE3962N3137",4166.2800925
"10309","1kmE3962N3138",6403.5635955
"10310","1kmE3962N3139",9691.0605145
"10311","1kmE3962N3140",10934.9628795
"10312","1kmE3962N3141",13346.564185
"10313","1kmE3962N3142",11246.711488
"10314","1kmE3962N3143",9535.96362
"10315","1kmE3962N3144",8256.712456
"10316","1kmE3962N3145",6778.7720745
"10317","1kmE3962N3146",8154.570757
"10318","1kmE3962N3147",11132.3616055
"10319","1kmE3962N3148",13668.33187
"10320","1kmE3962N3149",4033.844343
"10321","1kmE3962N3150",2730.554288
"10322","1kmE3962N3151",1401.941281
"10323","1kmE3962N3152",5861.7768545
"10324","1kmE3962N3153",10202.411025
"10325","1kmE3962N3154",10419.506893
"10326","1kmE3962N3155",7030.588938
"10327","1kmE3962N3156",13896.8169875
"10328","1kmE3962N3157",16997.4595505
"10329","1kmE3962N3158",11612.4617065
"10330","1kmE3962N3161",7807.4982765
"10331","1kmE3962N3162",8298.109918
"10332","1kmE3962N3163",7630.0108195
"10333","1kmE3962N3164",6478.8314425
"10334","1kmE3962N3165",8343.743631
"10335","1kmE3963N3082",8281.9261965
"10336","1kmE3963N3083",9274.691145
"10337","1kmE3963N3084",8958.0245645
"10338","1kmE3963N3085",10574.0968715
"10339","1kmE3963N3086",8719.90741
"10340","1kmE3963N3087",11780.450506
"10341","1kmE3963N3088",10134.108727
"10342","1kmE3963N3089",15982.7362965
"10343","1kmE3963N3090",17718.9289505
"10344","1kmE3963N3091",13150.4295535
"10345","1kmE3963N3092",13004.760903
"10346","1kmE3963N3093",14416.4317285
"10347","1kmE3963N3094",13264.90435
"10348","1kmE3963N3095",14329.8742505
"10349","1kmE3963N3096",11779.536548
"10350","1kmE3963N3097",13748.8106265
"10351","1kmE3963N3098",14477.75494
"10352","1kmE3963N3099",11314.1153755
"10353","1kmE3963N3100",9800.512523
"10354","1kmE3963N3101",9698.5778845
"10355","1kmE3963N3102",10317.7969395
"10356","1kmE3963N3103",17993.6934585
"10357","1kmE3963N3104",16864.756482
"10358","1kmE3963N3105",14294.6763045
"10359","1kmE3963N3106",14816.2870155
"10360","1kmE3963N3107",14747.089203
"10361","1kmE3963N3108",10667.890544
"10362","1kmE3963N3109",13482.7247405
"10363","1kmE3963N3110",17498.5660655
"10364","1kmE3963N3111",18700.8439535
"10365","1kmE3963N3112",15406.0087815
"10366","1kmE3963N3113",11548.0895775
"10367","1kmE3963N3114",11233.8383065
"10368","1kmE3963N3115",8339.141311
"10369","1kmE3963N3116",5744.711501
"10370","1kmE3963N3117",8485.2461345
"10371","1kmE3963N3118",10562.527035
"10372","1kmE3963N3119",17122.83581
"10373","1kmE3963N3120",16080.355088
"10374","1kmE3963N3121",11031.2859495
"10375","1kmE3963N3122",11674.0340345
"10376","1kmE3963N3123",11133.9694415
"10377","1kmE3963N3124",9773.8298055
"10378","1kmE3963N3125",7350.206332
"10379","1kmE3963N3126",9157.8522365
"10380","1kmE3963N3127",10956.903547
"10381","1kmE3963N3128",10571.723498
"10382","1kmE3963N3129",4888.301612
"10383","1kmE3963N3130",3368.6704125
"10384","1kmE3963N3131",8866.4120355
"10385","1kmE3963N3132",15168.866527
"10386","1kmE3963N3133",13802.5801685
"10387","1kmE3963N3134",7378.22595
"10388","1kmE3963N3135",6926.5894705
"10389","1kmE3963N3136",7590.500256
"10390","1kmE3963N3137",9231.6444335
"10391","1kmE3963N3138",7355.6379645
"10392","1kmE3963N3139",7910.857899
"10393","1kmE3963N3140",8971.21079
"10394","1kmE3963N3141",10365.966767
"10395","1kmE3963N3142",13116.7933215
"10396","1kmE3963N3143",12813.1994635
"10397","1kmE3963N3144",11793.3983755
"10398","1kmE3963N3145",8580.357886
"10399","1kmE3963N3146",9909.126157
"10400","1kmE3963N3147",11366.558048
"10401","1kmE3963N3148",10809.701927
"10402","1kmE3963N3149",6542.6452545
"10403","1kmE3963N3150",1890.9641925
"10404","1kmE3963N3151",3951.01503
"10405","1kmE3963N3152",10999.365647
"10406","1kmE3963N3153",11692.3625835
"10407","1kmE3963N3154",4103.2270555
"10408","1kmE3963N3155",8655.710165
"10409","1kmE3963N3156",13419.795616
"10410","1kmE3963N3157",14764.717166
"10411","1kmE3963N3164",6023.543378
"10412","1kmE3964N3082",2544.052415
"10413","1kmE3964N3083",7738.621695
"10414","1kmE3964N3084",9022.117122
"10415","1kmE3964N3085",8127.0017995
"10416","1kmE3964N3086",8286.075364
"10417","1kmE3964N3087",8087.6099455
"10418","1kmE3964N3088",6502.4208855
"10419","1kmE3964N3089",11033.5775175
"10420","1kmE3964N3090",8537.0668405
"10421","1kmE3964N3091",5687.782559
"10422","1kmE3964N3092",6076.873182
"10423","1kmE3964N3093",9293.1472615
"10424","1kmE3964N3094",11761.182298
"10425","1kmE3964N3095",11493.8676815
"10426","1kmE3964N3096",7961.714076
"10427","1kmE3964N3097",10108.521777
"10428","1kmE3964N3098",11137.6171585
"10429","1kmE3964N3099",9671.783824
"10430","1kmE3964N3100",8230.509711
"10431","1kmE3964N3101",9196.3748755
"10432","1kmE3964N3102",9691.152236
"10433","1kmE3964N3103",15036.145604
"10434","1kmE3964N3104",14690.4418385
"10435","1kmE3964N3105",14701.7378865
"10436","1kmE3964N3106",11684.3694995
"10437","1kmE3964N3107",13496.66275
"10438","1kmE3964N3108",10945.40827
"10439","1kmE3964N3109",9046.056586
"10440","1kmE3964N3110",14830.4423485
"10441","1kmE3964N3111",16736.9694815
"10442","1kmE3964N3112",15077.160979
"10443","1kmE3964N3113",10069.995205
"10444","1kmE3964N3114",7605.5885355
"10445","1kmE3964N3115",5623.870759
"10446","1kmE3964N3116",5900.2401255
"10447","1kmE3964N3117",8068.239822
"10448","1kmE3964N3118",8191.5613735
"10449","1kmE3964N3119",15615.3124455
"10450","1kmE3964N3120",16848.406254
"10451","1kmE3964N3121",12115.546045
"10452","1kmE3964N3122",12522.224849
"10453","1kmE3964N3123",12300.785809
"10454","1kmE3964N3124",7056.1089805
"10455","1kmE3964N3125",6216.2623065
"10456","1kmE3964N3126",8504.052265
"10457","1kmE3964N3127",8839.079778
"10458","1kmE3964N3128",6752.2544035
"10459","1kmE3964N3129",4571.4145705
"10460","1kmE3964N3130",4019.731054
"10461","1kmE3964N3131",5151.163253
"10462","1kmE3964N3132",12438.74484
"10463","1kmE3964N3133",14929.7809615
"10464","1kmE3964N3134",9904.9545575
"10465","1kmE3964N3135",5999.7235875
"10466","1kmE3964N3136",6650.2053565
"10467","1kmE3964N3137",8818.971793
"10468","1kmE3964N3138",5201.5334965
"10469","1kmE3964N3139",3034.324885
"10470","1kmE3964N3140",5957.5338485
"10471","1kmE3964N3141",8579.8226445
"10472","1kmE3964N3142",15247.050192
"10473","1kmE3964N3143",16139.2573265
"10474","1kmE3964N3144",10922.5880535
"10475","1kmE3964N3145",10437.8859885
"10476","1kmE3964N3146",11402.001052
"10477","1kmE3964N3147",10167.2877955
"10478","1kmE3964N3148",11165.6431525
"10479","1kmE3964N3149",6737.358797
"10480","1kmE3964N3150",6298.58465
"10481","1kmE3964N3151",4894.1505635
"10482","1kmE3964N3152",9854.9897345
"10483","1kmE3964N3153",12726.2248775
"10484","1kmE3964N3154",5383.70209
"10485","1kmE3964N3155",4061.2093355
"10486","1kmE3964N3156",12708.3375055
"10487","1kmE3964N3157",14107.7006955
"10488","1kmE3965N3083",3831.519843
"10489","1kmE3965N3084",8235.055958
"10490","1kmE3965N3085",6615.891901
"10491","1kmE3965N3086",5743.5013345
"10492","1kmE3965N3087",5955.653786
"10493","1kmE3965N3088",6369.9143755
"10494","1kmE3965N3089",11698.985806
"10495","1kmE3965N3090",8755.618783
"10496","1kmE3965N3091",3471.6614895
"10497","1kmE3965N3092",6941.3600045
"10498","1kmE3965N3093",10459.40631
"10499","1kmE3965N3094",9603.860994
"10500","1kmE3965N3095",7616.92931
"10501","1kmE3965N3096",8427.680572
"10502","1kmE3965N3097",8606.4847915
"10503","1kmE3965N3098",12418.437667
"10504","1kmE3965N3099",8759.7892
"10505","1kmE3965N3100",5201.8629575
"10506","1kmE3965N3101",9247.3037005
"10507","1kmE3965N3102",9739.206612
"10508","1kmE3965N3103",10986.773576
"10509","1kmE3965N3104",15587.542198
"10510","1kmE3965N3105",15982.3468435
"10511","1kmE3965N3106",9591.7839215
"10512","1kmE3965N3107",5636.2525575
"10513","1kmE3965N3108",5354.862996
"10514","1kmE3965N3109",5508.8492845
"10515","1kmE3965N3110",14534.8980545
"10516","1kmE3965N3111",17693.377431
"10517","1kmE3965N3112",13693.9061105
"10518","1kmE3965N3113",9664.869845
"10519","1kmE3965N3114",6946.932245
"10520","1kmE3965N3115",5931.0600325
"10521","1kmE3965N3116",9242.335089
"10522","1kmE3965N3117",8582.5642635
"10523","1kmE3965N3118",8402.4141085
"10524","1kmE3965N3119",15090.5884865
"10525","1kmE3965N3120",15624.808596
"10526","1kmE3965N3121",12791.8791475
"10527","1kmE3965N3122",9708.062305
"10528","1kmE3965N3123",8059.810222
"10529","1kmE3965N3124",6747.589094
"10530","1kmE3965N3125",4808.3485425
"10531","1kmE3965N3126",7599.0116735
"10532","1kmE3965N3127",7486.417335
"10533","1kmE3965N3128",5639.786219
"10534","1kmE3965N3129",652.8943005
"10535","1kmE3965N3130",5605.53425
"10536","1kmE3965N3131",11375.840181
"10537","1kmE3965N3132",9380.822874
"10538","1kmE3965N3133",5684.8504025
"10539","1kmE3965N3134",9338.005876
"10540","1kmE3965N3135",11358.946136
"10541","1kmE3965N3136",8122.816546
"10542","1kmE3965N3137",5220.6963135
"10543","1kmE3965N3138",6068.5833105
"10544","1kmE3965N3139",7932.203647
"10545","1kmE3965N3140",11611.454493
"10546","1kmE3965N3141",11923.604099
"10547","1kmE3965N3142",14289.594083
"10548","1kmE3965N3143",15819.246765
"10549","1kmE3965N3144",12131.847923
"10550","1kmE3965N3145",10076.1474565
"10551","1kmE3965N3146",10287.730953
"10552","1kmE3965N3147",11406.083408
"10553","1kmE3965N3148",8665.436586
"10554","1kmE3965N3149",6294.57623
"10555","1kmE3965N3150",6080.269571
"10556","1kmE3965N3151",3346.075497
"10557","1kmE3965N3152",5462.792896
"10558","1kmE3965N3153",7548.1471555
"10559","1kmE3965N3154",10981.629301
"10560","1kmE3965N3155",11018.6722605
"10561","1kmE3965N3156",13849.063673
"10562","1kmE3965N3157",13834.42998
"10563","1kmE3965N3158",9181.234152
"10564","1kmE3966N3084",3524.4759845
"10565","1kmE3966N3085",8018.95648
"10566","1kmE3966N3086",8642.795854
"10567","1kmE3966N3087",6274.6002975
"10568","1kmE3966N3088",8495.2803995
"10569","1kmE3966N3089",14419.011478
"10570","1kmE3966N3090",12108.1502525
"10571","1kmE3966N3091",6878.750914
"10572","1kmE3966N3092",7298.360075
"10573","1kmE3966N3093",8992.6906865
"10574","1kmE3966N3094",7920.233503
"10575","1kmE3966N3095",11419.490881
"10576","1kmE3966N3096",11994.867725
"10577","1kmE3966N3097",6511.462779
"10578","1kmE3966N3098",7817.157006
"10579","1kmE3966N3099",6370.847247
"10580","1kmE3966N3100",10260.080092
"10581","1kmE3966N3101",9657.087257
"10582","1kmE3966N3102",9606.954069
"10583","1kmE3966N3103",8190.2228
"10584","1kmE3966N3104",14734.5015095
"10585","1kmE3966N3105",14969.0638475
"10586","1kmE3966N3106",6486.282079
"10587","1kmE3966N3107",2357.2115345
"10588","1kmE3966N3108",6967.332141
"10589","1kmE3966N3109",8562.3320115
"10590","1kmE3966N3110",13192.348024
"10591","1kmE3966N3111",16492.674909
"10592","1kmE3966N3112",11770.562285
"10593","1kmE3966N3113",6908.1855245
"10594","1kmE3966N3114",5063.487488
"10595","1kmE3966N3115",8462.4124225
"10596","1kmE3966N3116",9429.9204285
"10597","1kmE3966N3117",11335.358031
"10598","1kmE3966N3118",10016.798277
"10599","1kmE3966N3119",15000.510776
"10600","1kmE3966N3120",16460.525586
"10601","1kmE3966N3121",15039.5850305
"10602","1kmE3966N3122",11601.299362
"10603","1kmE3966N3123",8623.481194
"10604","1kmE3966N3124",5172.8511735
"10605","1kmE3966N3125",9955.8441715
"10606","1kmE3966N3126",8119.7652565
"10607","1kmE3966N3127",6834.424128
"10608","1kmE3966N3128",2936.430435
"10609","1kmE3966N3129",371.7490805
"10610","1kmE3966N3130",5430.9437625
"10611","1kmE3966N3131",16509.7067815
"10612","1kmE3966N3132",16553.537012
"10613","1kmE3966N3133",12302.776779
"10614","1kmE3966N3134",4264.7173155
"10615","1kmE3966N3135",5814.0469025
"10616","1kmE3966N3136",3720.3911655
"10617","1kmE3966N3137",11257.321326
"10618","1kmE3966N3138",12908.545083
"10619","1kmE3966N3139",17080.831425
"10620","1kmE3966N3140",17307.835691
"10621","1kmE3966N3141",11211.8352985
"10622","1kmE3966N3142",11566.576683
"10623","1kmE3966N3143",16898.3120315
"10624","1kmE3966N3144",13439.987631
"10625","1kmE3966N3145",11525.4054145
"10626","1kmE3966N3146",11823.0500675
"10627","1kmE3966N3147",13838.710573
"10628","1kmE3966N3148",12843.492537
"10629","1kmE3966N3149",4598.235925
"10630","1kmE3966N3150",3377.5028835
"10631","1kmE3966N3151",3835.685666
"10632","1kmE3966N3152",8139.8688875
"10633","1kmE3966N3153",7981.316341
"10634","1kmE3966N3154",12937.809508
"10635","1kmE3966N3155",12390.1707735
"10636","1kmE3966N3156",11949.9414175
"10637","1kmE3966N3157",10871.0866865
"10638","1kmE3966N3158",5650.0277975
"10639","1kmE3967N3084",6976.6970815
"10640","1kmE3967N3085",10522.8718655
"10641","1kmE3967N3086",8781.8219425
"10642","1kmE3967N3087",9755.272938
"10643","1kmE3967N3088",8713.757633
"10644","1kmE3967N3089",13059.7875135
"10645","1kmE3967N3090",13058.7629765
"10646","1kmE3967N3091",5913.17514
"10647","1kmE3967N3092",9628.875769
"10648","1kmE3967N3093",7146.379197
"10649","1kmE3967N3094",9387.6553365
"10650","1kmE3967N3095",12875.4510285
"10651","1kmE3967N3096",14858.1892995
"10652","1kmE3967N3097",9807.7384845
"10653","1kmE3967N3098",3514.7879805
"10654","1kmE3967N3099",4666.7648175
"10655","1kmE3967N3100",8163.702096
"10656","1kmE3967N3101",5162.141909
"10657","1kmE3967N3102",9663.2677715
"10658","1kmE3967N3103",10008.0394945
"10659","1kmE3967N3104",7067.452941
"10660","1kmE3967N3105",9810.294344
"10661","1kmE3967N3106",4709.8253105
"10662","1kmE3967N3107",5614.1872615
"10663","1kmE3967N3108",3719.7389265
"10664","1kmE3967N3109",3897.030136
"10665","1kmE3967N3110",12641.3372455
"10666","1kmE3967N3111",19538.0848755
"10667","1kmE3967N3112",18439.1303935
"10668","1kmE3967N3113",10344.6214265
"10669","1kmE3967N3114",12861.191355
"10670","1kmE3967N3115",9141.36956
"10671","1kmE3967N3116",8777.6222585
"10672","1kmE3967N3117",9745.5929625
"10673","1kmE3967N3118",9378.627246
"10674","1kmE3967N3119",14064.202811
"10675","1kmE3967N3120",17117.6936875
"10676","1kmE3967N3121",16773.7238305
"10677","1kmE3967N3122",12233.7510225
"10678","1kmE3967N3123",10845.615986
"10679","1kmE3967N3124",9594.613343
"10680","1kmE3967N3125",11865.9935755
"10681","1kmE3967N3126",10853.0938365
"10682","1kmE3967N3127",6154.4859765
"10683","1kmE3967N3128",1724.183452
"10684","1kmE3967N3129",4104.8510045
"10685","1kmE3967N3130",5071.695573
"10686","1kmE3967N3131",17601.073758
"10687","1kmE3967N3132",18909.1337665
"10688","1kmE3967N3133",13564.3182535
"10689","1kmE3967N3134",8812.1451005
"10690","1kmE3967N3135",9832.838572
"10691","1kmE3967N3136",5893.794961
"10692","1kmE3967N3137",11211.2339495
"10693","1kmE3967N3138",11273.2282945
"10694","1kmE3967N3139",16861.081408
"10695","1kmE3967N3140",17975.9736105
"10696","1kmE3967N3141",16958.3663875
"10697","1kmE3967N3142",14781.5884215
"10698","1kmE3967N3143",14737.441531
"10699","1kmE3967N3144",9162.995927
"10700","1kmE3967N3145",9799.090371
"10701","1kmE3967N3146",10552.313358
"10702","1kmE3967N3147",15450.263022
"10703","1kmE3967N3148",16081.9120215
"10704","1kmE3967N3149",10526.778064
"10705","1kmE3967N3150",12075.623914
"10706","1kmE3967N3151",11140.4283735
"10707","1kmE3967N3152",10217.86918
"10708","1kmE3967N3153",8214.0849215
"10709","1kmE3967N3154",9044.4539015
"10710","1kmE3967N3155",10347.850647
"10711","1kmE3967N3156",4567.4034195
"10712","1kmE3967N3159",3981.9125255
"10713","1kmE3968N3084",12477.0630805
"10714","1kmE3968N3085",14887.0618005
"10715","1kmE3968N3086",9674.078709
"10716","1kmE3968N3087",5843.139596
"10717","1kmE3968N3088",5893.0264425
"10718","1kmE3968N3089",10368.9287125
"10719","1kmE3968N3090",8606.6753485
"10720","1kmE3968N3091",5647.894112
"10721","1kmE3968N3092",10750.914259
"10722","1kmE3968N3093",9083.195319
"10723","1kmE3968N3094",11523.4339755
"10724","1kmE3968N3095",14747.1365555
"10725","1kmE3968N3096",16243.1955295
"10726","1kmE3968N3097",13859.600179
"10727","1kmE3968N3098",10937.355328
"10728","1kmE3968N3099",9838.25113
"10729","1kmE3968N3100",6182.961654
"10730","1kmE3968N3101",3730.431954
"10731","1kmE3968N3102",7420.599698
"10732","1kmE3968N3103",7805.7084555
"10733","1kmE3968N3104",8458.003522
"10734","1kmE3968N3105",11443.531336
"10735","1kmE3968N3106",2959.2206745
"10736","1kmE3968N3107",6111.0078215
"10737","1kmE3968N3108",4959.275977
"10738","1kmE3968N3109",2023.8180095
"10739","1kmE3968N3110",16575.0940245
"10740","1kmE3968N3111",19880.957742
"10741","1kmE3968N3112",21432.996443
"10742","1kmE3968N3113",13259.391168
"10743","1kmE3968N3114",10959.1907705
"10744","1kmE3968N3115",10816.4311495
"10745","1kmE3968N3116",7010.3803635
"10746","1kmE3968N3117",4165.1559955
"10747","1kmE3968N3118",3778.965715
"10748","1kmE3968N3119",14011.1687105
"10749","1kmE3968N3120",16268.9811305
"10750","1kmE3968N3121",17032.239585
"10751","1kmE3968N3122",13710.5688685
"10752","1kmE3968N3123",13539.8515075
"10753","1kmE3968N3124",11896.584314
"10754","1kmE3968N3125",11986.3838565
"10755","1kmE3968N3126",9643.3153465
"10756","1kmE3968N3127",6162.4921035
"10757","1kmE3968N3128",2382.4542335
"10758","1kmE3968N3129",6979.6209285
"10759","1kmE3968N3130",7556.7960655
"10760","1kmE3968N3131",12650.984613
"10761","1kmE3968N3132",16816.5469295
"10762","1kmE3968N3133",12522.82691
"10763","1kmE3968N3134",11056.0832215
"10764","1kmE3968N3135",4023.691517
"10765","1kmE3968N3136",6229.1784805
"10766","1kmE3968N3137",12157.513289
"10767","1kmE3968N3138",6250.5923375
"10768","1kmE3968N3139",8933.3428525
"10769","1kmE3968N3140",14476.4801635
"10770","1kmE3968N3141",15616.8927545
"10771","1kmE3968N3142",12799.3622765
"10772","1kmE3968N3143",3331.6669185
"10773","1kmE3968N3144",8005.628604
"10774","1kmE3968N3145",7442.779316
"10775","1kmE3968N3146",8067.8303035
"10776","1kmE3968N3147",12185.842744
"10777","1kmE3968N3148",13972.7911425
"10778","1kmE3968N3149",13443.536245
"10779","1kmE3968N3150",13927.3365355
"10780","1kmE3968N3151",16396.8937175
"10781","1kmE3968N3152",16571.1411025
"10782","1kmE3968N3153",12759.514272
"10783","1kmE3968N3154",13569.3317545
"10784","1kmE3968N3155",12497.671853
"10785","1kmE3968N3156",5616.95396
"10786","1kmE3968N3158",5714.086979
"10787","1kmE3968N3159",7323.6019345
"10788","1kmE3968N3160",6501.005002
"10789","1kmE3968N3161",3747.9008605
"10790","1kmE3969N3082",3013.996012
"10791","1kmE3969N3083",6176.6042145
"10792","1kmE3969N3084",10349.3883615
"10793","1kmE3969N3085",11828.749311
"10794","1kmE3969N3086",11324.050847
"10795","1kmE3969N3087",3798.4068765
"10796","1kmE3969N3088",3117.7711205
"10797","1kmE3969N3089",9062.9580955
"10798","1kmE3969N3090",9384.8129105
"10799","1kmE3969N3091",3627.213537
"10800","1kmE3969N3092",4959.2258415
"10801","1kmE3969N3093",7324.8598885
"10802","1kmE3969N3094",3351.780698
"10803","1kmE3969N3095",5947.09443
"10804","1kmE3969N3096",12215.411072
"10805","1kmE3969N3097",12248.636137
"10806","1kmE3969N3098",10197.3618885
"10807","1kmE3969N3099",11123.265145
"10808","1kmE3969N3100",9737.453619
"10809","1kmE3969N3101",3627.0232415
"10810","1kmE3969N3102",4387.5920315
"10811","1kmE3969N3103",7308.422639
"10812","1kmE3969N3104",9334.489601
"10813","1kmE3969N3105",11155.4566805
"10814","1kmE3969N3106",3450.143203
"10815","1kmE3969N3107",1530.954012
"10816","1kmE3969N3108",7832.8750495
"10817","1kmE3969N3109",9543.231922
"10818","1kmE3969N3110",14938.7703365
"10819","1kmE3969N3111",20456.779992
"10820","1kmE3969N3112",21583.955639
"10821","1kmE3969N3113",13302.98292
"10822","1kmE3969N3114",11346.6231835
"10823","1kmE3969N3115",9942.9964065
"10824","1kmE3969N3116",5216.978325
"10825","1kmE3969N3117",7044.4368745
"10826","1kmE3969N3118",4272.2829755
"10827","1kmE3969N3119",11391.2620885
"10828","1kmE3969N3120",7844.6477545
"10829","1kmE3969N3121",10523.205191
"10830","1kmE3969N3122",13388.8025785
"10831","1kmE3969N3123",11034.8282005
"10832","1kmE3969N3124",13856.483729
"10833","1kmE3969N3125",9436.0506145
"10834","1kmE3969N3126",6850.5507225
"10835","1kmE3969N3127",4861.420031
"10836","1kmE3969N3128",2427.5721965
"10837","1kmE3969N3129",4048.629476
"10838","1kmE3969N3130",7958.909677
"10839","1kmE3969N3131",3724.3458245
"10840","1kmE3969N3132",12178.3545775
"10841","1kmE3969N3133",9727.768513
"10842","1kmE3969N3134",3930.259511
"10843","1kmE3969N3135",8859.464656
"10844","1kmE3969N3136",11652.709782
"10845","1kmE3969N3137",8392.8884855
"10846","1kmE3969N3138",8039.959779
"10847","1kmE3969N3139",3412.633608
"10848","1kmE3969N3140",9104.994062
"10849","1kmE3969N3141",11232.2024795
"10850","1kmE3969N3142",8244.5267165
"10851","1kmE3969N3143",12971.383061
"10852","1kmE3969N3144",9691.18183
"10853","1kmE3969N3145",8175.182593
"10854","1kmE3969N3146",7036.05593
"10855","1kmE3969N3147",10906.603789
"10856","1kmE3969N3148",11083.083355
"10857","1kmE3969N3149",11822.3925825
"10858","1kmE3969N3150",14300.520897
"10859","1kmE3969N3151",16009.570954
"10860","1kmE3969N3152",15132.185014
"10861","1kmE3969N3153",11757.1356135
"10862","1kmE3969N3154",13470.832748
"10863","1kmE3969N3155",12049.582477
"10864","1kmE3969N3156",6418.525229
"10865","1kmE3969N3158",987.771967999999
"10866","1kmE3969N3159",1380.29846
"10867","1kmE3969N3160",3908.1675305
"10868","1kmE3969N3161",4456.613046
"10869","1kmE3970N3082",4074.9220385
"10870","1kmE3970N3083",8566.2947605
"10871","1kmE3970N3084",11216.705806
"10872","1kmE3970N3085",9949.1883965
"10873","1kmE3970N3086",9250.616742
"10874","1kmE3970N3087",10128.4106315
"10875","1kmE3970N3088",3757.289098
"10876","1kmE3970N3089",6029.6743125
"10877","1kmE3970N3090",9409.5430215
"10878","1kmE3970N3091",5152.330787
"10879","1kmE3970N3092",6824.309497
"10880","1kmE3970N3093",1321.0677265
"10881","1kmE3970N3094",4901.9033335
"10882","1kmE3970N3095",6824.836634
"10883","1kmE3970N3096",7723.3393175
"10884","1kmE3970N3097",12564.963113
"10885","1kmE3970N3098",12019.303968
"10886","1kmE3970N3099",8476.2714985
"10887","1kmE3970N3100",7710.140153
"10888","1kmE3970N3101",5243.7689485
"10889","1kmE3970N3102",9618.5731535
"10890","1kmE3970N3103",7844.66806
"10891","1kmE3970N3104",5833.823807
"10892","1kmE3970N3105",6754.827483
"10893","1kmE3970N3106",4736.3685665
"10894","1kmE3970N3107",3300.6445465
"10895","1kmE3970N3108",10531.5146275
"10896","1kmE3970N3109",16583.9703575
"10897","1kmE3970N3110",14645.227499
"10898","1kmE3970N3111",17446.0106675
"10899","1kmE3970N3112",17497.973831
"10900","1kmE3970N3113",10181.4177245
"10901","1kmE3970N3114",10135.269094
"10902","1kmE3970N3115",8587.208906
"10903","1kmE3970N3116",6306.727854
"10904","1kmE3970N3117",5259.89105
"10905","1kmE3970N3118",5210.7046385
"10906","1kmE3970N3119",6173.92598
"10907","1kmE3970N3120",3001.171686
"10908","1kmE3970N3121",9128.54352
"10909","1kmE3970N3122",17167.4280105
"10910","1kmE3970N3123",15509.192508
"10911","1kmE3970N3124",15417.791934
"10912","1kmE3970N3125",14458.320994
"10913","1kmE3970N3126",8331.9985315
"10914","1kmE3970N3127",6738.0890385
"10915","1kmE3970N3128",3805.772955
"10916","1kmE3970N3129",2450.5237615
"10917","1kmE3970N3130",5181.1816085
"10918","1kmE3970N3131",2103.152332
"10919","1kmE3970N3132",8993.184877
"10920","1kmE3970N3133",14016.2023765
"10921","1kmE3970N3134",12362.5110185
"10922","1kmE3970N3135",15507.8795235
"10923","1kmE3970N3136",10897.7104885
"10924","1kmE3970N3137",3719.0872885
"10925","1kmE3970N3138",9828.0450895
"10926","1kmE3970N3139",9132.3225665
"10927","1kmE3970N3140",7918.919142
"10928","1kmE3970N3141",6234.0015765
"10929","1kmE3970N3142",6553.9288915
"10930","1kmE3970N3143",15857.224724
"10931","1kmE3970N3144",10307.8163525
"10932","1kmE3970N3145",6423.4277195
"10933","1kmE3970N3146",11225.329909
"10934","1kmE3970N3147",10106.742769
"10935","1kmE3970N3148",13837.9876415
"10936","1kmE3970N3149",11401.3644615
"10937","1kmE3970N3150",15977.824273
"10938","1kmE3970N3151",14074.0157455
"10939","1kmE3970N3152",12501.23448
"10940","1kmE3970N3153",11147.633693
"10941","1kmE3970N3154",8198.714009
"10942","1kmE3970N3155",4911.2035465
"10943","1kmE3970N3156",6443.1945795
"10944","1kmE3970N3157",5852.9563705
"10945","1kmE3970N3160",4072.3769955
"10946","1kmE3970N3161",4121.066123
"10947","1kmE3971N3079",2885.759866
"10948","1kmE3971N3080",3750.786726
"10949","1kmE3971N3081",6029.188619
"10950","1kmE3971N3082",9610.129162
"10951","1kmE3971N3083",10789.781848
"10952","1kmE3971N3084",10857.546644
"10953","1kmE3971N3085",4495.849029
"10954","1kmE3971N3086",6820.7002775
"10955","1kmE3971N3087",8304.7209895
"10956","1kmE3971N3088",4650.518579
"10957","1kmE3971N3089",9516.2787675
"10958","1kmE3971N3090",13614.657977
"10959","1kmE3971N3091",9394.7724385
"10960","1kmE3971N3092",11363.845036
"10961","1kmE3971N3093",3690.706315
"10962","1kmE3971N3094",7234.193533
"10963","1kmE3971N3095",6050.719607
"10964","1kmE3971N3096",9834.4505625
"10965","1kmE3971N3097",7903.330914
"10966","1kmE3971N3098",8572.834968
"10967","1kmE3971N3099",6490.8353905
"10968","1kmE3971N3100",8305.1344615
"10969","1kmE3971N3101",5069.814567
"10970","1kmE3971N3102",9637.383234
"10971","1kmE3971N3103",4771.3427605
"10972","1kmE3971N3104",6137.480556
"10973","1kmE3971N3105",7992.7632805
"10974","1kmE3971N3106",9783.560231
"10975","1kmE3971N3107",5129.9911315
"10976","1kmE3971N3108",13306.225477
"10977","1kmE3971N3109",16083.258085
"10978","1kmE3971N3110",13448.439262
"10979","1kmE3971N3111",14818.0421105
"10980","1kmE3971N3112",11341.704497
"10981","1kmE3971N3113",11607.325641
"10982","1kmE3971N3114",11209.105734
"10983","1kmE3971N3115",11799.203882
"10984","1kmE3971N3116",8613.636563
"10985","1kmE3971N3117",10090.3510665
"10986","1kmE3971N3118",12148.5204245
"10987","1kmE3971N3119",8852.2386555
"10988","1kmE3971N3120",6671.287185
"10989","1kmE3971N3121",5972.7825555
"10990","1kmE3971N3122",12538.910765
"10991","1kmE3971N3123",9346.047452
"10992","1kmE3971N3124",7892.6987215
"10993","1kmE3971N3125",10926.825563
"10994","1kmE3971N3126",11828.4589575
"10995","1kmE3971N3127",9469.563322
"10996","1kmE3971N3128",9384.4202095
"10997","1kmE3971N3129",4036.3371505
"10998","1kmE3971N3130",1846.965181
"10999","1kmE3971N3131",881.4795405
"11000","1kmE3971N3132",2766.4923655
"11001","1kmE3971N3133",10218.428568
"11002","1kmE3971N3134",13695.188366
"11003","1kmE3971N3135",8405.1935765
"11004","1kmE3971N3136",4868.791557
"11005","1kmE3971N3137",2475.3502795
"11006","1kmE3971N3138",6206.768049
"11007","1kmE3971N3139",10313.3184245
"11008","1kmE3971N3140",13202.6776865
"11009","1kmE3971N3141",11984.5655025
"11010","1kmE3971N3142",9136.9796905
"11011","1kmE3971N3143",12296.942894
"11012","1kmE3971N3144",6050.336702
"11013","1kmE3971N3145",5922.727289
"11014","1kmE3971N3146",8862.8751635
"11015","1kmE3971N3147",9494.7450245
"11016","1kmE3971N3148",9664.9610165
"11017","1kmE3971N3149",10133.7422085
"11018","1kmE3971N3150",14189.3884735
"11019","1kmE3971N3151",13728.057175
"11020","1kmE3971N3152",13826.1005665
"11021","1kmE3971N3153",11140.7243
"11022","1kmE3971N3154",10920.375055
"11023","1kmE3971N3155",6802.4732365
"11024","1kmE3971N3156",10158.4396185
"11025","1kmE3971N3157",8521.23387
"11026","1kmE3971N3158",2018.052892
"11027","1kmE3972N3077",2178.2403135
"11028","1kmE3972N3078",6426.5807325
"11029","1kmE3972N3079",5922.7224015
"11030","1kmE3972N3080",4810.9709425
"11031","1kmE3972N3081",9894.33727
"11032","1kmE3972N3082",10355.199163
"11033","1kmE3972N3083",7045.202416
"11034","1kmE3972N3084",5950.0409765
"11035","1kmE3972N3085",1701.2294225
"11036","1kmE3972N3086",3350.433733
"11037","1kmE3972N3087",7675.860168
"11038","1kmE3972N3088",8488.9541295
"11039","1kmE3972N3089",7487.829553
"11040","1kmE3972N3090",10510.6475745
"11041","1kmE3972N3091",9548.5122525
"11042","1kmE3972N3092",12112.284788
"11043","1kmE3972N3093",5460.5604975
"11044","1kmE3972N3094",3322.599207
"11045","1kmE3972N3095",5169.452512
"11046","1kmE3972N3096",11543.341914
"11047","1kmE3972N3097",9307.423456
"11048","1kmE3972N3098",3655.961328
"11049","1kmE3972N3099",3056.656041
"11050","1kmE3972N3100",7449.569275
"11051","1kmE3972N3101",7749.9058645
"11052","1kmE3972N3102",5313.0293905
"11053","1kmE3972N3103",5083.470814
"11054","1kmE3972N3104",6075.054106
"11055","1kmE3972N3105",9806.3860695
"11056","1kmE3972N3106",10460.66923
"11057","1kmE3972N3107",6179.2287135
"11058","1kmE3972N3108",10869.6506715
"11059","1kmE3972N3109",13618.4995855
"11060","1kmE3972N3110",9321.4665305
"11061","1kmE3972N3111",9619.0371285
"11062","1kmE3972N3112",9570.2176065
"11063","1kmE3972N3113",11557.3389475
"11064","1kmE3972N3114",11169.796962
"11065","1kmE3972N3115",11919.897934
"11066","1kmE3972N3116",10552.501391
"11067","1kmE3972N3117",12421.6821155
"11068","1kmE3972N3118",13066.989361
"11069","1kmE3972N3119",6930.416307
"11070","1kmE3972N3120",9495.054834
"11071","1kmE3972N3121",3437.6538045
"11072","1kmE3972N3122",9667.82026
"11073","1kmE3972N3123",14465.8209365
"11074","1kmE3972N3124",2333.1585735
"11075","1kmE3972N3125",9755.9594795
"11076","1kmE3972N3126",15452.3176965
"11077","1kmE3972N3127",11011.7417425
"11078","1kmE3972N3128",8426.7488765
"11079","1kmE3972N3129",6143.6012765
"11080","1kmE3972N3130",2968.86244
"11081","1kmE3972N3131",5369.06858
"11082","1kmE3972N3132",3728.9738475
"11083","1kmE3972N3133",11145.702066
"11084","1kmE3972N3134",2956.2865305
"11085","1kmE3972N3135",5205.280383
"11086","1kmE3972N3136",5358.5004415
"11087","1kmE3972N3137",9562.3047635
"11088","1kmE3972N3138",7907.976194
"11089","1kmE3972N3139",6252.3366065
"11090","1kmE3972N3140",11645.4348235
"11091","1kmE3972N3141",12260.8936835
"11092","1kmE3972N3142",12710.617502
"11093","1kmE3972N3143",7121.3487025
"11094","1kmE3972N3144",4289.380372
"11095","1kmE3972N3145",4012.8404835
"11096","1kmE3972N3146",8732.0961615
"11097","1kmE3972N3147",15561.1469285
"11098","1kmE3972N3148",13714.865635
"11099","1kmE3972N3149",14678.461069
"11100","1kmE3972N3150",18675.976216
"11101","1kmE3972N3151",9014.0269845
"11102","1kmE3972N3152",11194.7864465
"11103","1kmE3972N3153",7383.283572
"11104","1kmE3972N3154",8525.1209845
"11105","1kmE3972N3155",5116.8492625
"11106","1kmE3972N3156",6004.3980035
"11107","1kmE3972N3157",4899.665031
"11108","1kmE3972N3158",2115.058133
"11109","1kmE3972N3159",5670.370132
"11110","1kmE3973N3077",6256.7347455
"11111","1kmE3973N3078",11045.6046035
"11112","1kmE3973N3079",9739.0007055
"11113","1kmE3973N3080",7448.0667585
"11114","1kmE3973N3081",9406.8236005
"11115","1kmE3973N3082",11544.1146805
"11116","1kmE3973N3083",12057.368245
"11117","1kmE3973N3084",8877.257276
"11118","1kmE3973N3085",9222.119697
"11119","1kmE3973N3086",5324.322727
"11120","1kmE3973N3087",6671.4771135
"11121","1kmE3973N3088",9208.132951
"11122","1kmE3973N3089",5702.311073
"11123","1kmE3973N3090",3065.3195585
"11124","1kmE3973N3091",7166.283378
"11125","1kmE3973N3092",9951.2503525
"11126","1kmE3973N3093",8486.7037645
"11127","1kmE3973N3094",3120.24378
"11128","1kmE3973N3095",4678.688332
"11129","1kmE3973N3096",10448.27879
"11130","1kmE3973N3097",10327.27076
"11131","1kmE3973N3098",1507.167703
"11132","1kmE3973N3099",2923.5683375
"11133","1kmE3973N3100",8218.3551885
"11134","1kmE3973N3101",11213.6559275
"11135","1kmE3973N3102",6347.5552705
"11136","1kmE3973N3103",6265.569141
"11137","1kmE3973N3104",7217.28767
"11138","1kmE3973N3105",6717.974536
"11139","1kmE3973N3106",5525.2616275
"11140","1kmE3973N3107",9636.786908
"11141","1kmE3973N3108",11903.7064945
"11142","1kmE3973N3109",14052.3871365
"11143","1kmE3973N3110",14592.060597
"11144","1kmE3973N3111",15152.3474595
"11145","1kmE3973N3112",16245.540526
"11146","1kmE3973N3113",11593.336607
"11147","1kmE3973N3114",10390.630283
"11148","1kmE3973N3115",12572.2197945
"11149","1kmE3973N3116",10052.5819895
"11150","1kmE3973N3117",8034.0490835
"11151","1kmE3973N3118",11233.8428765
"11152","1kmE3973N3119",7539.6894725
"11153","1kmE3973N3120",8811.2183485
"11154","1kmE3973N3121",5299.740412
"11155","1kmE3973N3122",6804.505789
"11156","1kmE3973N3123",9688.752511
"11157","1kmE3973N3124",8172.652291
"11158","1kmE3973N3125",8638.5026575
"11159","1kmE3973N3126",12955.868131
"11160","1kmE3973N3127",12152.69578
"11161","1kmE3973N3128",7710.593568
"11162","1kmE3973N3129",11154.095702
"11163","1kmE3973N3130",8326.739919
"11164","1kmE3973N3131",9861.419745
"11165","1kmE3973N3132",8249.480779
"11166","1kmE3973N3133",14672.8177785
"11167","1kmE3973N3134",8109.712649
"11168","1kmE3973N3135",12563.368035
"11169","1kmE3973N3136",13061.8906195
"11170","1kmE3973N3137",15385.849978
"11171","1kmE3973N3138",13315.030807
"11172","1kmE3973N3139",14146.296146
"11173","1kmE3973N3140",11134.4372445
"11174","1kmE3973N3141",12677.9768315
"11175","1kmE3973N3142",12211.984184
"11176","1kmE3973N3143",9969.668669
"11177","1kmE3973N3144",6817.594122
"11178","1kmE3973N3145",6230.459146
"11179","1kmE3973N3146",9517.639416
"11180","1kmE3973N3147",12604.8913665
"11181","1kmE3973N3148",14130.8600945
"11182","1kmE3973N3149",11363.906781
"11183","1kmE3973N3150",17020.606678
"11184","1kmE3973N3151",9077.6433145
"11185","1kmE3973N3152",6061.0365315
"11186","1kmE3973N3153",1682.7642305
"11187","1kmE3973N3154",4958.3404195
"11188","1kmE3973N3155",1559.6487335
"11189","1kmE3973N3156",536.8284065
"11190","1kmE3973N3157",1116.91637
"11191","1kmE3973N3158",4699.503848
"11192","1kmE3973N3159",10560.5508125
"11193","1kmE3973N3160",10098.7625055
"11194","1kmE3974N3077",9404.9391775
"11195","1kmE3974N3078",12115.650387
"11196","1kmE3974N3079",10575.416431
"11197","1kmE3974N3080",8697.686217
"11198","1kmE3974N3081",10115.6210655
"11199","1kmE3974N3082",10593.1143135
"11200","1kmE3974N3083",10182.7425955
"11201","1kmE3974N3084",11880.7570545
"11202","1kmE3974N3085",10657.1850825
"11203","1kmE3974N3086",10541.65857
"11204","1kmE3974N3087",8504.546154
"11205","1kmE3974N3088",8928.89469
"11206","1kmE3974N3089",9223.4428285
"11207","1kmE3974N3090",7388.8298085
"11208","1kmE3974N3091",9291.3713115
"11209","1kmE3974N3092",10015.008508
"11210","1kmE3974N3093",6974.792485
"11211","1kmE3974N3094",4583.6395925
"11212","1kmE3974N3095",1052.9835215
"11213","1kmE3974N3096",1509.385324
"11214","1kmE3974N3097",2446.574458
"11215","1kmE3974N3098",6715.118989
"11216","1kmE3974N3099",9251.5505085
"11217","1kmE3974N3100",9048.705807
"11218","1kmE3974N3101",10053.757448
"11219","1kmE3974N3102",10411.015848
"11220","1kmE3974N3103",8382.8582455
"11221","1kmE3974N3104",9446.8053835
"11222","1kmE3974N3105",8518.425775
"11223","1kmE3974N3106",5406.201278
"11224","1kmE3974N3107",5885.457448
"11225","1kmE3974N3108",12442.390012
"11226","1kmE3974N3109",16194.7841235
"11227","1kmE3974N3110",9065.0090605
"11228","1kmE3974N3111",13819.1650985
"11229","1kmE3974N3112",15056.5763235
"11230","1kmE3974N3113",12504.88795
"11231","1kmE3974N3114",10759.058708
"11232","1kmE3974N3115",11159.0456475
"11233","1kmE3974N3116",7490.302864
"11234","1kmE3974N3117",6783.156286
"11235","1kmE3974N3118",5822.3046235
"11236","1kmE3974N3119",6261.592936
"11237","1kmE3974N3120",835.5992075
"11238","1kmE3974N3121",6834.854753
"11239","1kmE3974N3122",7364.878369
"11240","1kmE3974N3123",2359.4794255
"11241","1kmE3974N3124",6919.9566255
"11242","1kmE3974N3125",12532.431306
"11243","1kmE3974N3126",11750.877144
"11244","1kmE3974N3127",9872.052769
"11245","1kmE3974N3128",9512.042196
"11246","1kmE3974N3129",12816.046499
"11247","1kmE3974N3130",10976.486244
"11248","1kmE3974N3131",10718.761633
"11249","1kmE3974N3132",7808.321483
"11250","1kmE3974N3133",10612.5386205
"11251","1kmE3974N3134",13137.540309
"11252","1kmE3974N3135",11493.378435
"11253","1kmE3974N3136",14860.902507
"11254","1kmE3974N3137",15108.812284
"11255","1kmE3974N3138",14094.6361965
"11256","1kmE3974N3139",10597.383451
"11257","1kmE3974N3140",8488.7163275
"11258","1kmE3974N3141",10363.9805875
"11259","1kmE3974N3142",13491.955463
"11260","1kmE3974N3143",10782.91
"11261","1kmE3974N3144",6938.32352
"11262","1kmE3974N3145",8190.8502095
"11263","1kmE3974N3146",14072.814166
"11264","1kmE3974N3147",12325.5020325
"11265","1kmE3974N3148",9693.5287015
"11266","1kmE3974N3149",12396.9760115
"11267","1kmE3974N3150",15452.909204
"11268","1kmE3974N3151",11937.3464075
"11269","1kmE3974N3152",7479.6347155
"11270","1kmE3974N3153",2087.865875
"11271","1kmE3974N3154",5054.627342
"11272","1kmE3974N3155",5442.962058
"11273","1kmE3974N3156",880.169094
"11274","1kmE3974N3157",2128.39547
"11275","1kmE3974N3158",5165.713789
"11276","1kmE3974N3159",3444.6545365
"11277","1kmE3974N3160",10229.158361
"11278","1kmE3974N3161",11099.3314765
"11279","1kmE3974N3162",5341.667477
"11280","1kmE3974N3163",3083.432084
"11281","1kmE3975N3077",9359.189598
"11282","1kmE3975N3078",13447.626681
"11283","1kmE3975N3079",12719.5390775
"11284","1kmE3975N3080",9137.1900775
"11285","1kmE3975N3081",7380.496536
"11286","1kmE3975N3082",8671.805302
"11287","1kmE3975N3083",9363.320646
"11288","1kmE3975N3084",6245.669459
"11289","1kmE3975N3085",4634.1452285
"11290","1kmE3975N3086",8771.2526325
"11291","1kmE3975N3087",9453.2504345
"11292","1kmE3975N3088",9382.749214
"11293","1kmE3975N3089",9590.4470805
"11294","1kmE3975N3090",11191.788347
"11295","1kmE3975N3091",13502.7397885
"11296","1kmE3975N3092",9725.193707
"11297","1kmE3975N3093",8302.0010375
"11298","1kmE3975N3094",7359.485571
"11299","1kmE3975N3095",2658.6462695
"11300","1kmE3975N3096",2666.8445205
"11301","1kmE3975N3097",6783.4237035
"11302","1kmE3975N3098",8687.7121095
"11303","1kmE3975N3099",6923.2291795
"11304","1kmE3975N3100",7035.011395
"11305","1kmE3975N3101",9062.815195
"11306","1kmE3975N3102",10556.777389
"11307","1kmE3975N3103",9782.2626005
"11308","1kmE3975N3104",9623.872182
"11309","1kmE3975N3105",10569.2447495
"11310","1kmE3975N3106",12209.428189
"11311","1kmE3975N3107",13195.956669
"11312","1kmE3975N3108",13471.9105305
"11313","1kmE3975N3109",11436.8659245
"11314","1kmE3975N3110",7609.473108
"11315","1kmE3975N3111",12286.6823465
"11316","1kmE3975N3112",12541.03729
"11317","1kmE3975N3113",11427.0170085
"11318","1kmE3975N3114",11325.8556775
"11319","1kmE3975N3115",11770.796825
"11320","1kmE3975N3116",9721.8440765
"11321","1kmE3975N3117",7484.345418
"11322","1kmE3975N3118",8546.2478765
"11323","1kmE3975N3119",8161.004134
"11324","1kmE3975N3120",1333.5162095
"11325","1kmE3975N3121",3736.028686
"11326","1kmE3975N3122",4749.5138615
"11327","1kmE3975N3123",2252.1596185
"11328","1kmE3975N3124",4809.229792
"11329","1kmE3975N3125",13252.598381
"11330","1kmE3975N3126",15591.123751
"11331","1kmE3975N3127",12059.5478425
"11332","1kmE3975N3128",9215.914788
"11333","1kmE3975N3129",12767.81599
"11334","1kmE3975N3130",9356.012061
"11335","1kmE3975N3131",5677.2773145
"11336","1kmE3975N3132",8529.9462385
"11337","1kmE3975N3133",8336.928217
"11338","1kmE3975N3134",11390.30691
"11339","1kmE3975N3135",10703.1523295
"11340","1kmE3975N3136",13854.2492415
"11341","1kmE3975N3137",17171.2408355
"11342","1kmE3975N3138",14030.406419
"11343","1kmE3975N3139",9160.766256
"11344","1kmE3975N3140",10858.7615595
"11345","1kmE3975N3141",8624.925046
"11346","1kmE3975N3142",11441.3346735
"11347","1kmE3975N3143",10720.8732845
"11348","1kmE3975N3144",6289.4011155
"11349","1kmE3975N3145",7781.0523295
"11350","1kmE3975N3146",13478.8766865
"11351","1kmE3975N3147",12846.587113
"11352","1kmE3975N3148",7251.5183955
"11353","1kmE3975N3149",8321.88792
"11354","1kmE3975N3150",11225.0165285
"11355","1kmE3975N3151",11864.581439
"11356","1kmE3975N3152",12387.733612
"11357","1kmE3975N3153",4007.319762
"11358","1kmE3975N3154",2113.55811
"11359","1kmE3975N3155",5337.4945655
"11360","1kmE3975N3156",1343.7103195
"11361","1kmE3975N3157",266.047974
"11362","1kmE3975N3158",382.506485
"11363","1kmE3975N3159",560.422181499999
"11364","1kmE3975N3160",3169.9364285
"11365","1kmE3975N3161",7926.8694505
"11366","1kmE3975N3162",5311.1258035
"11367","1kmE3975N3163",8809.127678
"11368","1kmE3975N3164",7124.8765285
"11369","1kmE3976N3077",8185.376163
"11370","1kmE3976N3078",13220.4456715
"11371","1kmE3976N3079",13235.157583
"11372","1kmE3976N3080",10393.2062825
"11373","1kmE3976N3081",10154.138803
"11374","1kmE3976N3082",10506.119608
"11375","1kmE3976N3083",7311.5523225
"11376","1kmE3976N3084",6018.4282185
"11377","1kmE3976N3085",3769.1359295
"11378","1kmE3976N3086",6146.725123
"11379","1kmE3976N3087",8671.973638
"11380","1kmE3976N3088",7030.8294845
"11381","1kmE3976N3089",8989.143316
"11382","1kmE3976N3090",12880.9477345
"11383","1kmE3976N3091",14499.7098615
"11384","1kmE3976N3092",13253.292629
"11385","1kmE3976N3093",10254.047977
"11386","1kmE3976N3094",6223.89374
"11387","1kmE3976N3095",9663.1142105
"11388","1kmE3976N3096",7552.2721685
"11389","1kmE3976N3097",3909.057041
"11390","1kmE3976N3098",4899.887184
"11391","1kmE3976N3099",5139.2952885
"11392","1kmE3976N3100",3839.526066
"11393","1kmE3976N3101",5814.67278
"11394","1kmE3976N3102",7235.6578675
"11395","1kmE3976N3103",7838.642557
"11396","1kmE3976N3104",9601.252593
"11397","1kmE3976N3105",12845.9355205
"11398","1kmE3976N3106",16403.487499
"11399","1kmE3976N3107",17386.772322
"11400","1kmE3976N3108",15994.953409
"11401","1kmE3976N3109",11611.0727975
"11402","1kmE3976N3110",7608.940317
"11403","1kmE3976N3111",11870.988664
"11404","1kmE3976N3112",12258.140324
"11405","1kmE3976N3113",10790.9940995
"11406","1kmE3976N3114",9739.527897
"11407","1kmE3976N3115",8969.03764
"11408","1kmE3976N3116",7557.8241445
"11409","1kmE3976N3117",7793.4260655
"11410","1kmE3976N3118",10538.1701845
"11411","1kmE3976N3119",7907.3380935
"11412","1kmE3976N3120",3000.35887
"11413","1kmE3976N3121",7722.912455
"11414","1kmE3976N3122",11154.635391
"11415","1kmE3976N3123",8339.5169625
"11416","1kmE3976N3124",6282.4218615
"11417","1kmE3976N3125",8441.3091875
"11418","1kmE3976N3126",11647.987354
"11419","1kmE3976N3127",12558.8611415
"11420","1kmE3976N3128",11567.383719
"11421","1kmE3976N3129",8591.2684335
"11422","1kmE3976N3130",3726.28702
"11423","1kmE3976N3131",4641.3134165
"11424","1kmE3976N3132",7015.890187
"11425","1kmE3976N3133",9128.8737585
"11426","1kmE3976N3134",9378.4171205
"11427","1kmE3976N3135",6146.5575245
"11428","1kmE3976N3136",9446.332977
"11429","1kmE3976N3137",13682.9654045
"11430","1kmE3976N3138",11645.938883
"11431","1kmE3976N3139",8353.325925
"11432","1kmE3976N3140",9825.5021515
"11433","1kmE3976N3141",9818.2017875
"11434","1kmE3976N3142",9856.230217
"11435","1kmE3976N3143",9062.225066
"11436","1kmE3976N3144",7649.2159875
"11437","1kmE3976N3145",2548.779058
"11438","1kmE3976N3146",4372.6008815
"11439","1kmE3976N3147",4063.6540865
"11440","1kmE3976N3148",6119.886504
"11441","1kmE3976N3149",7333.6742875
"11442","1kmE3976N3150",7148.126369
"11443","1kmE3976N3151",7761.801
"11444","1kmE3976N3152",9568.9841375
"11445","1kmE3976N3153",5696.270103
"11446","1kmE3976N3154",8461.2243285
"11447","1kmE3976N3155",8694.2261975
"11448","1kmE3976N3156",8062.347107
"11449","1kmE3976N3157",7398.0731355
"11450","1kmE3976N3158",3358.517975
"11451","1kmE3976N3159",4450.8303935
"11452","1kmE3976N3160",7687.217817
"11453","1kmE3976N3161",4176.230623
"11454","1kmE3976N3162",3330.056676
"11455","1kmE3976N3163",6180.074791
"11456","1kmE3976N3164",8689.4110105
"11457","1kmE3977N3076",1631.158427
"11458","1kmE3977N3077",8308.2262095
"11459","1kmE3977N3078",9766.589124
"11460","1kmE3977N3079",10513.3334845
"11461","1kmE3977N3080",11746.231383
"11462","1kmE3977N3081",10413.1559105
"11463","1kmE3977N3082",10844.8142185
"11464","1kmE3977N3083",10677.866299
"11465","1kmE3977N3084",10038.2657885
"11466","1kmE3977N3085",10464.4966485
"11467","1kmE3977N3086",11531.661306
"11468","1kmE3977N3087",8971.721917
"11469","1kmE3977N3088",8557.549196
"11470","1kmE3977N3089",8790.8708895
"11471","1kmE3977N3090",10950.2073465
"11472","1kmE3977N3091",15516.3555045
"11473","1kmE3977N3092",17073.78529
"11474","1kmE3977N3093",16165.457218
"11475","1kmE3977N3094",7108.812024
"11476","1kmE3977N3095",10070.9278315
"11477","1kmE3977N3096",10674.636647
"11478","1kmE3977N3097",11379.560067
"11479","1kmE3977N3098",12452.7214795
"11480","1kmE3977N3099",10295.509911
"11481","1kmE3977N3100",9918.525708
"11482","1kmE3977N3101",8012.0183975
"11483","1kmE3977N3102",3568.4372195
"11484","1kmE3977N3103",6068.633561
"11485","1kmE3977N3104",8915.366181
"11486","1kmE3977N3105",12251.519806
"11487","1kmE3977N3106",15776.5574595
"11488","1kmE3977N3107",16400.0610885
"11489","1kmE3977N3108",17167.111127
"11490","1kmE3977N3109",14923.2063175
"11491","1kmE3977N3110",10049.178652
"11492","1kmE3977N3111",9912.625543
"11493","1kmE3977N3112",9936.545542
"11494","1kmE3977N3113",8822.8074825
"11495","1kmE3977N3114",6575.4312635
"11496","1kmE3977N3115",7014.461131
"11497","1kmE3977N3116",6153.2160395
"11498","1kmE3977N3117",8137.3970195
"11499","1kmE3977N3118",11688.4883245
"11500","1kmE3977N3119",9322.556141
"11501","1kmE3977N3120",5694.533997
"11502","1kmE3977N3121",3170.2927795
"11503","1kmE3977N3122",2426.087757
"11504","1kmE3977N3123",2931.7019505
"11505","1kmE3977N3124",9865.9112625
"11506","1kmE3977N3125",12572.851509
"11507","1kmE3977N3126",9512.899129
"11508","1kmE3977N3127",10285.9741705
"11509","1kmE3977N3128",11383.532412
"11510","1kmE3977N3129",6047.638137
"11511","1kmE3977N3130",4491.2153655
"11512","1kmE3977N3131",4413.2186215
"11513","1kmE3977N3132",5536.217224
"11514","1kmE3977N3133",8934.211301
"11515","1kmE3977N3134",10287.620421
"11516","1kmE3977N3135",6188.6493095
"11517","1kmE3977N3136",7691.086783
"11518","1kmE3977N3137",7001.063845
"11519","1kmE3977N3138",4738.2411175
"11520","1kmE3977N3139",8944.757034
"11521","1kmE3977N3140",10092.9862065
"11522","1kmE3977N3141",9029.877667
"11523","1kmE3977N3142",9679.5897515
"11524","1kmE3977N3143",7499.0736445
"11525","1kmE3977N3144",6620.2815815
"11526","1kmE3977N3145",3686.862936
"11527","1kmE3977N3146",6234.5564905
"11528","1kmE3977N3147",3067.445585
"11529","1kmE3977N3148",9730.413027
"11530","1kmE3977N3149",10532.7317845
"11531","1kmE3977N3150",7065.9619565
"11532","1kmE3977N3151",7588.549519
"11533","1kmE3977N3152",6339.681315
"11534","1kmE3977N3153",7267.5822055
"11535","1kmE3977N3154",8371.46881
"11536","1kmE3977N3155",7806.9994055
"11537","1kmE3977N3156",7072.3840905
"11538","1kmE3977N3157",7894.0170695
"11539","1kmE3977N3158",1953.991042
"11540","1kmE3977N3159",9355.4179055
"11541","1kmE3977N3160",12564.0689725
"11542","1kmE3977N3161",8232.609573
"11543","1kmE3977N3162",5272.7916735
"11544","1kmE3977N3163",2763.862709
"11545","1kmE3978N3076",4542.5000205
"11546","1kmE3978N3077",11051.713297
"11547","1kmE3978N3078",9937.0353035
"11548","1kmE3978N3079",9455.386341
"11549","1kmE3978N3080",13413.1694055
"11550","1kmE3978N3081",10304.902146
"11551","1kmE3978N3082",11771.4944035
"11552","1kmE3978N3083",10653.887526
"11553","1kmE3978N3084",11678.5798825
"11554","1kmE3978N3085",10312.339319
"11555","1kmE3978N3086",10027.7329925
"11556","1kmE3978N3087",10286.89463
"11557","1kmE3978N3088",8988.8659375
"11558","1kmE3978N3089",9988.8465955
"11559","1kmE3978N3090",9786.5854195
"11560","1kmE3978N3091",13742.2946
"11561","1kmE3978N3092",18849.233139
"11562","1kmE3978N3093",15978.673357
"11563","1kmE3978N3094",7667.451427
"11564","1kmE3978N3095",6092.325579
"11565","1kmE3978N3096",8125.6828735
"11566","1kmE3978N3097",11454.3861735
"11567","1kmE3978N3098",12199.9802555
"11568","1kmE3978N3099",9214.2659275
"11569","1kmE3978N3100",8888.957439
"11570","1kmE3978N3101",8978.5913865
"11571","1kmE3978N3102",6890.0529635
"11572","1kmE3978N3103",8653.1725805
"11573","1kmE3978N3104",11053.5492945
"11574","1kmE3978N3105",14737.832124
"11575","1kmE3978N3106",14848.6347955
"11576","1kmE3978N3107",10245.0482315
"11577","1kmE3978N3108",16091.847069
"11578","1kmE3978N3109",15810.588284
"11579","1kmE3978N3110",9399.1213375
"11580","1kmE3978N3111",8396.622569
"11581","1kmE3978N3112",8155.031687
"11582","1kmE3978N3113",15144.945327
"11583","1kmE3978N3114",13530.437676
"11584","1kmE3978N3115",11176.171822
"11585","1kmE3978N3116",10231.015195
"11586","1kmE3978N3117",10648.794116
"11587","1kmE3978N3118",11942.7187505
"11588","1kmE3978N3119",9880.127785
"11589","1kmE3978N3120",10405.748322
"11590","1kmE3978N3121",7433.9776665
"11591","1kmE3978N3122",7266.7448935
"11592","1kmE3978N3123",7301.8959335
"11593","1kmE3978N3124",4269.1356035
"11594","1kmE3978N3125",12118.7586835
"11595","1kmE3978N3126",14582.365033
"11596","1kmE3978N3127",8941.1259255
"11597","1kmE3978N3128",6627.8518505
"11598","1kmE3978N3129",9753.244862
"11599","1kmE3978N3130",6900.3622075
"11600","1kmE3978N3131",5642.2131715
"11601","1kmE3978N3132",3620.8040315
"11602","1kmE3978N3133",7001.656588
"11603","1kmE3978N3134",13971.2721055
"11604","1kmE3978N3135",13913.3991345
"11605","1kmE3978N3136",7795.059354
"11606","1kmE3978N3137",7242.1918945
"11607","1kmE3978N3138",8406.1707505
"11608","1kmE3978N3139",8034.6097695
"11609","1kmE3978N3140",7968.5178725
"11610","1kmE3978N3141",7989.0960295
"11611","1kmE3978N3142",10040.1685905
"11612","1kmE3978N3143",9850.9481195
"11613","1kmE3978N3144",5774.883669
"11614","1kmE3978N3145",7661.1557765
"11615","1kmE3978N3146",10491.2948955
"11616","1kmE3978N3147",6954.674288
"11617","1kmE3978N3148",8305.7575745
"11618","1kmE3978N3149",7086.992256
"11619","1kmE3978N3150",9366.2439405
"11620","1kmE3978N3151",9494.755765
"11621","1kmE3978N3152",5433.813065
"11622","1kmE3978N3153",5494.1928355
"11623","1kmE3978N3154",7618.77375
"11624","1kmE3978N3155",4564.498851
"11625","1kmE3978N3156",1633.0100325
"11626","1kmE3978N3157",3242.8778905
"11627","1kmE3978N3158",891.6645885
"11628","1kmE3978N3159",7999.99657
"11629","1kmE3978N3160",10951.878141
"11630","1kmE3978N3161",8706.180976
"11631","1kmE3978N3162",8306.373672
"11632","1kmE3979N3076",9691.87367
"11633","1kmE3979N3077",11407.733739
"11634","1kmE3979N3078",8737.496403
"11635","1kmE3979N3079",9869.843574
"11636","1kmE3979N3080",10943.7628405
"11637","1kmE3979N3081",10474.3591165
"11638","1kmE3979N3082",10680.5814675
"11639","1kmE3979N3083",8784.975556
"11640","1kmE3979N3084",7192.64491
"11641","1kmE3979N3085",6645.1063895
"11642","1kmE3979N3086",7886.48529
"11643","1kmE3979N3087",10703.514469
"11644","1kmE3979N3088",11713.4955975
"11645","1kmE3979N3089",14039.6523595
"11646","1kmE3979N3090",9189.200237
"11647","1kmE3979N3091",13480.20214
"11648","1kmE3979N3092",17893.5412175
"11649","1kmE3979N3093",14365.100974
"11650","1kmE3979N3094",11144.8322295
"11651","1kmE3979N3095",7840.624563
"11652","1kmE3979N3096",7017.4275705
"11653","1kmE3979N3097",6104.960997
"11654","1kmE3979N3098",8885.363682
"11655","1kmE3979N3099",11828.2678085
"11656","1kmE3979N3100",10673.26052
"11657","1kmE3979N3101",8331.124002
"11658","1kmE3979N3102",8658.932778
"11659","1kmE3979N3103",10942.996765
"11660","1kmE3979N3104",14478.5055765
"11661","1kmE3979N3105",15577.736624
"11662","1kmE3979N3106",13835.572661
"11663","1kmE3979N3107",12136.4287385
"11664","1kmE3979N3108",15731.0591605
"11665","1kmE3979N3109",15414.6715445
"11666","1kmE3979N3110",10660.2257965
"11667","1kmE3979N3111",6206.9123335
"11668","1kmE3979N3112",6756.421089
"11669","1kmE3979N3113",13715.780031
"11670","1kmE3979N3114",13718.0025185
"11671","1kmE3979N3115",10874.494551
"11672","1kmE3979N3116",10488.029949
"11673","1kmE3979N3117",10943.4920625
"11674","1kmE3979N3118",11474.54204
"11675","1kmE3979N3119",9066.8044675
"11676","1kmE3979N3120",5945.8981365
"11677","1kmE3979N3121",2491.217795
"11678","1kmE3979N3122",7149.350168
"11679","1kmE3979N3123",8062.995615
"11680","1kmE3979N3124",5051.5560225
"11681","1kmE3979N3125",13386.1605715
"11682","1kmE3979N3126",12682.7342465
"11683","1kmE3979N3127",6340.10457
"11684","1kmE3979N3128",2662.9176795
"11685","1kmE3979N3129",11419.1605195
"11686","1kmE3979N3130",10245.3195005
"11687","1kmE3979N3131",8302.5606255
"11688","1kmE3979N3132",5446.832399
"11689","1kmE3979N3133",9162.340772
"11690","1kmE3979N3134",13195.9687135
"11691","1kmE3979N3135",13422.817505
"11692","1kmE3979N3136",10585.1242315
"11693","1kmE3979N3137",2675.940592
"11694","1kmE3979N3138",4964.989089
"11695","1kmE3979N3139",7482.4991815
"11696","1kmE3979N3140",6712.151577
"11697","1kmE3979N3141",8244.9088475
"11698","1kmE3979N3142",15795.9398995
"11699","1kmE3979N3143",14223.6795385
"11700","1kmE3979N3144",6509.955933
"11701","1kmE3979N3145",8905.0940385
"11702","1kmE3979N3146",12649.4428115
"11703","1kmE3979N3147",9193.010963
"11704","1kmE3979N3148",9908.89044
"11705","1kmE3979N3149",10166.324899
"11706","1kmE3979N3150",9041.1158505
"11707","1kmE3979N3151",8512.3940215
"11708","1kmE3979N3152",5398.6435165
"11709","1kmE3979N3153",2855.027039
"11710","1kmE3979N3155",5413.560905
"11711","1kmE3979N3156",1369.81558
"11712","1kmE3979N3157",3244.7289265
"11713","1kmE3979N3158",2629.1191315
"11714","1kmE3979N3159",4331.127491
"11715","1kmE3979N3160",8668.5292135
"11716","1kmE3979N3161",9704.557449
"11717","1kmE3979N3162",5319.0602085
"11718","1kmE3980N3076",6477.150257
"11719","1kmE3980N3077",7281.6305075
"11720","1kmE3980N3078",3256.450524
"11721","1kmE3980N3079",9424.083575
"11722","1kmE3980N3080",8812.471864
"11723","1kmE3980N3081",10069.8973725
"11724","1kmE3980N3082",9675.706699
"11725","1kmE3980N3083",7751.454149
"11726","1kmE3980N3084",8119.6128375
"11727","1kmE3980N3085",11405.6762275
"11728","1kmE3980N3086",8683.4221825
"11729","1kmE3980N3087",11591.3114805
"11730","1kmE3980N3088",10005.9175745
"11731","1kmE3980N3089",13356.3529265
"11732","1kmE3980N3090",12007.7062465
"11733","1kmE3980N3091",13148.1873
"11734","1kmE3980N3092",15138.5372005
"11735","1kmE3980N3093",14705.3877195
"11736","1kmE3980N3094",14273.913509
"11737","1kmE3980N3095",12533.682892
"11738","1kmE3980N3096",12781.813717
"11739","1kmE3980N3097",8989.9039605
"11740","1kmE3980N3098",5244.6551695
"11741","1kmE3980N3099",6726.470869
"11742","1kmE3980N3100",6307.5947945
"11743","1kmE3980N3101",9000.137677
"11744","1kmE3980N3102",10216.6447695
"11745","1kmE3980N3103",7625.5262345
"11746","1kmE3980N3104",14140.8836575
"11747","1kmE3980N3105",17986.2389975
"11748","1kmE3980N3106",16903.8017395
"11749","1kmE3980N3107",15269.5426615
"11750","1kmE3980N3108",15696.1689085
"11751","1kmE3980N3109",15031.550949
"11752","1kmE3980N3110",11926.103719
"11753","1kmE3980N3111",8232.0635995
"11754","1kmE3980N3112",7544.8750685
"11755","1kmE3980N3113",11150.2082695
"11756","1kmE3980N3114",9107.5485445
"11757","1kmE3980N3115",7413.3758435
"11758","1kmE3980N3116",11003.989969
"11759","1kmE3980N3117",9309.9365905
"11760","1kmE3980N3118",9287.7963845
"11761","1kmE3980N3119",8221.143476
"11762","1kmE3980N3120",10726.367181
"11763","1kmE3980N3121",7924.06734
"11764","1kmE3980N3122",13757.285139
"11765","1kmE3980N3123",8315.067888
"11766","1kmE3980N3124",4322.1992295
"11767","1kmE3980N3125",8822.1912085
"11768","1kmE3980N3126",13837.4379215
"11769","1kmE3980N3127",9233.832818
"11770","1kmE3980N3128",8677.729731
"11771","1kmE3980N3129",10621.2021625
"11772","1kmE3980N3130",12523.8274445
"11773","1kmE3980N3131",11791.4514475
"11774","1kmE3980N3132",5755.486008
"11775","1kmE3980N3133",9107.249015
"11776","1kmE3980N3134",14147.9687405
"11777","1kmE3980N3135",13601.617093
"11778","1kmE3980N3136",7354.606375
"11779","1kmE3980N3137",1827.0253885
"11780","1kmE3980N3138",3908.214592
"11781","1kmE3980N3139",11538.932794
"11782","1kmE3980N3140",11387.7242785
"11783","1kmE3980N3141",10050.3762905
"11784","1kmE3980N3142",16917.791144
"11785","1kmE3980N3143",13685.225241
"11786","1kmE3980N3144",10468.1643
"11787","1kmE3980N3145",15231.096992
"11788","1kmE3980N3146",16076.0503535
"11789","1kmE3980N3147",12368.009542
"11790","1kmE3980N3148",9629.2244175
"11791","1kmE3980N3149",12196.799826
"11792","1kmE3980N3150",9724.3431985
"11793","1kmE3980N3151",7389.0964605
"11794","1kmE3980N3156",1419.998893
"11795","1kmE3980N3157",4354.3579515
"11796","1kmE3980N3158",4254.4810475
"11797","1kmE3980N3159",8837.042188
"11798","1kmE3980N3160",10252.2091955
"11799","1kmE3981N3078",1936.987806
"11800","1kmE3981N3079",7781.2210915
"11801","1kmE3981N3080",9968.3333125
"11802","1kmE3981N3081",11457.315615
"11803","1kmE3981N3082",8053.8917045
"11804","1kmE3981N3083",11317.196903
"11805","1kmE3981N3084",12547.893094
"11806","1kmE3981N3085",16945.604191
"11807","1kmE3981N3086",13140.3698855
"11808","1kmE3981N3087",14925.396848
"11809","1kmE3981N3088",10299.738395
"11810","1kmE3981N3089",12843.6500095
"11811","1kmE3981N3090",12004.3854465
"11812","1kmE3981N3091",11295.753958
"11813","1kmE3981N3092",11849.350521
"11814","1kmE3981N3093",11735.6136865
"11815","1kmE3981N3094",13087.646878
"11816","1kmE3981N3095",11576.5583505
"11817","1kmE3981N3096",12896.0648305
"11818","1kmE3981N3097",6413.135336
"11819","1kmE3981N3098",1379.8267715
"11820","1kmE3981N3099",4524.0681425
"11821","1kmE3981N3100",9148.86476
"11822","1kmE3981N3101",9257.101459
"11823","1kmE3981N3102",11352.2369955
"11824","1kmE3981N3103",10983.2337735
"11825","1kmE3981N3104",12373.987113
"11826","1kmE3981N3105",15027.1619935
"11827","1kmE3981N3106",18037.7763155
"11828","1kmE3981N3107",16399.908933
"11829","1kmE3981N3108",13235.063609
"11830","1kmE3981N3109",13071.5608335
"11831","1kmE3981N3110",13370.519021
"11832","1kmE3981N3111",9669.3200695
"11833","1kmE3981N3112",8029.0258825
"11834","1kmE3981N3113",8568.2109245
"11835","1kmE3981N3114",6202.60288
"11836","1kmE3981N3115",10013.5562035
"11837","1kmE3981N3116",12718.52307
"11838","1kmE3981N3117",9841.2804925
"11839","1kmE3981N3118",11302.3370965
"11840","1kmE3981N3119",8637.0779655
"11841","1kmE3981N3120",8274.167481
"11842","1kmE3981N3121",9728.876908
"11843","1kmE3981N3122",12171.2644105
"11844","1kmE3981N3123",9429.2151145
"11845","1kmE3981N3124",13674.014998
"11846","1kmE3981N3125",11477.8017695
"11847","1kmE3981N3126",17990.9736425
"11848","1kmE3981N3127",12242.742605
"11849","1kmE3981N3128",7962.9700545
"11850","1kmE3981N3129",12090.0277685
"11851","1kmE3981N3130",14067.8362765
"11852","1kmE3981N3131",13680.966345
"11853","1kmE3981N3132",8012.9501855
"11854","1kmE3981N3133",8376.8320345
"11855","1kmE3981N3134",10421.095853
"11856","1kmE3981N3135",9918.318227
"11857","1kmE3981N3136",9272.8614155
"11858","1kmE3981N3137",8055.561184
"11859","1kmE3981N3138",9847.987725
"11860","1kmE3981N3139",11804.3813005
"11861","1kmE3981N3140",8169.0875675
"11862","1kmE3981N3141",7721.516214
"11863","1kmE3981N3142",14417.532747
"11864","1kmE3981N3143",15457.7268015
"11865","1kmE3981N3144",14023.045182
"11866","1kmE3981N3145",17267.4248925
"11867","1kmE3981N3146",15334.6206535
"11868","1kmE3981N3147",9077.307225
"11869","1kmE3981N3148",9050.061602
"11870","1kmE3981N3149",9804.030034
"11871","1kmE3981N3150",8008.24868
"11872","1kmE3982N3078",3215.873992
"11873","1kmE3982N3079",8391.904954
"11874","1kmE3982N3080",10429.5547825
"11875","1kmE3982N3081",10428.2411455
"11876","1kmE3982N3082",7451.109398
"11877","1kmE3982N3083",8756.073288
"11878","1kmE3982N3084",10818.0028165
"11879","1kmE3982N3085",11967.6819065
"11880","1kmE3982N3086",10023.694988
"11881","1kmE3982N3087",11838.2095195
"11882","1kmE3982N3088",8861.6796575
"11883","1kmE3982N3089",12023.162966
"11884","1kmE3982N3090",11994.0108565
"11885","1kmE3982N3091",10671.5674445
"11886","1kmE3982N3092",9252.4285305
"11887","1kmE3982N3093",14582.8564235
"11888","1kmE3982N3094",12979.141967
"11889","1kmE3982N3095",12661.445811
"11890","1kmE3982N3096",13472.9246085
"11891","1kmE3982N3097",8550.9616385
"11892","1kmE3982N3098",8985.520367
"11893","1kmE3982N3099",9138.361109
"11894","1kmE3982N3100",8992.120989
"11895","1kmE3982N3101",7704.592458
"11896","1kmE3982N3102",8853.642484
"11897","1kmE3982N3103",12603.9183995
"11898","1kmE3982N3104",11149.879033
"11899","1kmE3982N3105",13497.8593645
"11900","1kmE3982N3106",16567.926942
"11901","1kmE3982N3107",17923.285365
"11902","1kmE3982N3108",13394.397334
"11903","1kmE3982N3109",13513.5303745
"11904","1kmE3982N3110",15138.0898665
"11905","1kmE3982N3111",12947.1398955
"11906","1kmE3982N3112",12433.937975
"11907","1kmE3982N3113",8384.540549
"11908","1kmE3982N3114",6953.986598
"11909","1kmE3982N3115",10188.837535
"11910","1kmE3982N3116",11002.995084
"11911","1kmE3982N3117",7953.4695995
"11912","1kmE3982N3118",12743.1236515
"11913","1kmE3982N3119",7574.6378485
"11914","1kmE3982N3120",10208.7186785
"11915","1kmE3982N3121",8411.0593085
"11916","1kmE3982N3122",5654.4974245
"11917","1kmE3982N3123",3333.7465845
"11918","1kmE3982N3124",4626.564882
"11919","1kmE3982N3125",8929.354795
"11920","1kmE3982N3126",16369.871231
"11921","1kmE3982N3127",10419.019807
"11922","1kmE3982N3128",8738.989143
"11923","1kmE3982N3129",10588.888315
"11924","1kmE3982N3130",13703.609516
"11925","1kmE3982N3131",13163.343697
"11926","1kmE3982N3132",11906.1522275
"11927","1kmE3982N3133",16438.572357
"11928","1kmE3982N3134",12858.4869955
"11929","1kmE3982N3135",10739.886278
"11930","1kmE3982N3136",8849.9868475
"11931","1kmE3982N3137",4656.7353465
"11932","1kmE3982N3138",5890.620633
"11933","1kmE3982N3139",13707.272664
"11934","1kmE3982N3140",12129.753527
"11935","1kmE3982N3141",9642.6771125
"11936","1kmE3982N3142",14199.6277515
"11937","1kmE3982N3143",15998.5805765
"11938","1kmE3982N3144",13568.9006655
"11939","1kmE3982N3145",6396.835161
"11940","1kmE3982N3146",2935.7066295
"11941","1kmE3982N3147",3460.463331
"11942","1kmE3982N3148",6991.4294115
"11943","1kmE3983N3078",3655.965469
"11944","1kmE3983N3079",8969.925806
"11945","1kmE3983N3080",6902.134103
"11946","1kmE3983N3081",6558.5693895
"11947","1kmE3983N3082",7346.3289595
"11948","1kmE3983N3083",7756.8152425
"11949","1kmE3983N3084",8980.145986
"11950","1kmE3983N3085",7633.530653
"11951","1kmE3983N3086",11605.604288
"11952","1kmE3983N3087",13043.967737
"11953","1kmE3983N3088",9268.8308245
"11954","1kmE3983N3089",12282.6182035
"11955","1kmE3983N3090",14717.1433375
"11956","1kmE3983N3091",12914.9552605
"11957","1kmE3983N3092",13640.950132
"11958","1kmE3983N3093",17506.4137625
"11959","1kmE3983N3094",16941.781278
"11960","1kmE3983N3095",17268.0025725
"11961","1kmE3983N3096",11948.3085155
"11962","1kmE3983N3097",9430.6394785
"11963","1kmE3983N3098",8457.139169
"11964","1kmE3983N3099",7402.1215205
"11965","1kmE3983N3100",7006.2829235
"11966","1kmE3983N3101",10594.1993845
"11967","1kmE3983N3102",6579.7670715
"11968","1kmE3983N3103",10391.6478615
"11969","1kmE3983N3104",11379.5412255
"11970","1kmE3983N3105",7156.4299455
"11971","1kmE3983N3106",14381.786983
"11972","1kmE3983N3107",15652.190934
"11973","1kmE3983N3108",13686.623282
"11974","1kmE3983N3109",11984.4158565
"11975","1kmE3983N3110",13050.633789
"11976","1kmE3983N3111",13920.7905165
"11977","1kmE3983N3112",14360.3267225
"11978","1kmE3983N3113",12032.230585
"11979","1kmE3983N3114",10157.7366825
"11980","1kmE3983N3115",7768.512318
"11981","1kmE3983N3116",11216.332767
"11982","1kmE3983N3117",8100.6211555
"11983","1kmE3983N3118",10826.108324
"11984","1kmE3983N3119",7558.952865
"11985","1kmE3983N3120",10758.494251
"11986","1kmE3983N3121",4943.0548945
"11987","1kmE3983N3122",3539.385909
"11988","1kmE3983N3123",7594.7072945
"11989","1kmE3983N3124",5138.2068265
"11990","1kmE3983N3125",11665.7320505
"11991","1kmE3983N3126",17096.261429
"11992","1kmE3983N3127",15180.973917
"11993","1kmE3983N3128",12211.84893
"11994","1kmE3983N3129",3760.331667
"11995","1kmE3983N3130",6476.194196
"11996","1kmE3983N3131",10873.2044255
"11997","1kmE3983N3132",16321.8847295
"11998","1kmE3983N3133",20650.767462
"11999","1kmE3983N3134",14486.0245265
"12000","1kmE3983N3135",15729.943964
"12001","1kmE3983N3136",13554.448538
"12002","1kmE3983N3137",11212.1236235
"12003","1kmE3983N3138",9103.814162
"12004","1kmE3983N3139",11348.5056615
"12005","1kmE3983N3140",12416.232817
"12006","1kmE3983N3141",11470.477835
"12007","1kmE3983N3142",12858.4337735
"12008","1kmE3983N3143",8356.771158
"12009","1kmE3983N3144",10075.8348145
"12010","1kmE3984N3078",6564.6163185
"12011","1kmE3984N3079",9733.000288
"12012","1kmE3984N3080",8560.2340565
"12013","1kmE3984N3081",5495.706866
"12014","1kmE3984N3082",6169.3993425
"12015","1kmE3984N3083",8592.8565745
"12016","1kmE3984N3084",7605.7817545
"12017","1kmE3984N3085",8125.443722
"12018","1kmE3984N3086",9182.6083645
"12019","1kmE3984N3087",12240.130531
"12020","1kmE3984N3088",10182.0402395
"12021","1kmE3984N3089",11514.3979605
"12022","1kmE3984N3090",12482.0428585
"12023","1kmE3984N3091",14490.6764055
"12024","1kmE3984N3092",15850.434451
"12025","1kmE3984N3093",17659.194855
"12026","1kmE3984N3094",17276.091346
"12027","1kmE3984N3095",12857.028606
"12028","1kmE3984N3096",9006.27856
"12029","1kmE3984N3097",9311.07526
"12030","1kmE3984N3098",11146.5148445
"12031","1kmE3984N3099",4981.6837135
"12032","1kmE3984N3100",7944.0993665
"12033","1kmE3984N3101",12300.7924035
"12034","1kmE3984N3102",12397.5694205
"12035","1kmE3984N3103",12212.9089535
"12036","1kmE3984N3104",10168.9632785
"12037","1kmE3984N3105",11672.509935
"12038","1kmE3984N3106",14254.371399
"12039","1kmE3984N3107",15179.623964
"12040","1kmE3984N3108",14269.826905
"12041","1kmE3984N3109",10747.980702
"12042","1kmE3984N3110",9580.807704
"12043","1kmE3984N3111",12410.716919
"12044","1kmE3984N3112",14051.0501765
"12045","1kmE3984N3113",13608.1498445
"12046","1kmE3984N3114",13185.742171
"12047","1kmE3984N3115",10538.816525
"12048","1kmE3984N3116",11175.031222
"12049","1kmE3984N3117",10691.3391415
"12050","1kmE3984N3118",11871.55298
"12051","1kmE3984N3119",8301.8504275
"12052","1kmE3984N3120",8061.35065
"12053","1kmE3984N3121",9074.9649695
"12054","1kmE3984N3122",9222.2612485
"12055","1kmE3984N3123",5131.529837
"12056","1kmE3984N3124",2529.49721
"12057","1kmE3984N3125",9261.073542
"12058","1kmE3984N3126",14603.071953
"12059","1kmE3984N3127",16508.953331
"12060","1kmE3984N3128",11613.910233
"12061","1kmE3984N3129",6350.912589
"12062","1kmE3984N3130",5717.9433555
"12063","1kmE3984N3131",8187.932769
"12064","1kmE3984N3132",10181.3766185
"12065","1kmE3984N3133",16483.5426895
"12066","1kmE3984N3134",15502.736278
"12067","1kmE3984N3135",16200.4677005
"12068","1kmE3984N3136",12383.353782
"12069","1kmE3984N3137",9471.193552
"12070","1kmE3984N3138",11241.665313
"12071","1kmE3984N3139",6447.0357495
"12072","1kmE3984N3140",6709.890685
"12073","1kmE3984N3141",8782.6888745
"12074","1kmE3984N3142",9781.8265645
"12075","1kmE3984N3143",5257.7070065
"12076","1kmE3984N3144",7510.090952
"12077","1kmE3984N3145",3605.627849
"12078","1kmE3985N3077",6027.559939
"12079","1kmE3985N3078",10097.398279
"12080","1kmE3985N3079",11523.897392
"12081","1kmE3985N3080",11623.5885405
"12082","1kmE3985N3081",5719.1351675
"12083","1kmE3985N3082",8149.027954
"12084","1kmE3985N3083",9727.8506795
"12085","1kmE3985N3084",9646.0231945
"12086","1kmE3985N3085",6477.686109
"12087","1kmE3985N3086",6415.697041
"12088","1kmE3985N3087",10178.7601525
"12089","1kmE3985N3088",10963.9053475
"12090","1kmE3985N3089",10084.9491525
"12091","1kmE3985N3090",10707.3777095
"12092","1kmE3985N3091",13149.231777
"12093","1kmE3985N3092",12306.082259
"12094","1kmE3985N3093",15349.0960765
"12095","1kmE3985N3094",14800.238332
"12096","1kmE3985N3095",9885.4744195
"12097","1kmE3985N3096",10606.7376115
"12098","1kmE3985N3097",15268.702402
"12099","1kmE3985N3098",16780.7412905
"12100","1kmE3985N3099",9567.93058
"12101","1kmE3985N3100",6232.635592
"12102","1kmE3985N3101",12928.800131
"12103","1kmE3985N3102",14154.934529
"12104","1kmE3985N3103",12764.7833065
"12105","1kmE3985N3104",12055.9348
"12106","1kmE3985N3105",14589.5100195
"12107","1kmE3985N3106",16004.6054615
"12108","1kmE3985N3107",17468.0370305
"12109","1kmE3985N3108",17073.8912555
"12110","1kmE3985N3109",15820.939871
"12111","1kmE3985N3110",12444.279836
"12112","1kmE3985N3111",12002.184949
"12113","1kmE3985N3112",13744.321435
"12114","1kmE3985N3113",12808.089776
"12115","1kmE3985N3114",13094.7495545
"12116","1kmE3985N3115",10166.5066225
"12117","1kmE3985N3116",10702.154986
"12118","1kmE3985N3117",10827.077055
"12119","1kmE3985N3118",9024.5195075
"12120","1kmE3985N3119",8688.9182765
"12121","1kmE3985N3120",9204.8536915
"12122","1kmE3985N3121",9778.2471085
"12123","1kmE3985N3122",7906.761393
"12124","1kmE3985N3123",6130.0438155
"12125","1kmE3985N3124",3702.402896
"12126","1kmE3985N3125",10191.069807
"12127","1kmE3985N3126",13067.4010385
"12128","1kmE3985N3127",12216.370547
"12129","1kmE3985N3128",7635.4905605
"12130","1kmE3985N3129",7790.132121
"12131","1kmE3985N3130",6810.633663
"12132","1kmE3985N3131",10220.9353595
"12133","1kmE3985N3132",7618.847085
"12134","1kmE3985N3133",6212.3560375
"12135","1kmE3985N3134",11500.0808545
"12136","1kmE3985N3135",15160.074016
"12137","1kmE3985N3136",18220.969636
"12138","1kmE3985N3137",13511.4231025
"12139","1kmE3985N3138",10385.87077
"12140","1kmE3985N3139",10911.5650855
"12141","1kmE3985N3140",12257.5136285
"12142","1kmE3985N3141",10356.5168475
"12143","1kmE3985N3142",10056.9660455
"12144","1kmE3985N3143",7887.2055955
"12145","1kmE3985N3144",8091.8729655
"12146","1kmE3985N3145",2097.584477
"12147","1kmE3986N3077",5372.9750305
"12148","1kmE3986N3078",9769.2877075
"12149","1kmE3986N3079",10866.694822
"12150","1kmE3986N3080",12469.8638705
"12151","1kmE3986N3081",12557.8085435
"12152","1kmE3986N3082",13919.627907
"12153","1kmE3986N3083",14709.193572
"12154","1kmE3986N3084",10417.2936045
"12155","1kmE3986N3085",7646.752213
"12156","1kmE3986N3086",8054.8362095
"12157","1kmE3986N3087",8445.2521955
"12158","1kmE3986N3088",9483.4062985
"12159","1kmE3986N3089",10019.6217205
"12160","1kmE3986N3090",10681.8576285
"12161","1kmE3986N3091",7675.480828
"12162","1kmE3986N3092",9013.323078
"12163","1kmE3986N3093",13045.1748445
"12164","1kmE3986N3094",14533.531872
"12165","1kmE3986N3095",14003.714843
"12166","1kmE3986N3096",10310.530975
"12167","1kmE3986N3097",10650.3229995
"12168","1kmE3986N3098",10589.499341
"12169","1kmE3986N3099",9416.3913315
"12170","1kmE3986N3100",12804.3153435
"12171","1kmE3986N3101",14670.945259
"12172","1kmE3986N3102",15325.546101
"12173","1kmE3986N3103",15297.9445615
"12174","1kmE3986N3104",14242.900724
"12175","1kmE3986N3105",14722.217251
"12176","1kmE3986N3106",14475.9830505
"12177","1kmE3986N3107",18138.761499
"12178","1kmE3986N3108",14803.036539
"12179","1kmE3986N3109",11978.8199335
"12180","1kmE3986N3110",13329.8200425
"12181","1kmE3986N3111",8963.4813945
"12182","1kmE3986N3112",10636.251879
"12183","1kmE3986N3113",8850.4643825
"12184","1kmE3986N3114",9322.494864
"12185","1kmE3986N3115",10658.243406
"12186","1kmE3986N3116",14294.43914
"12187","1kmE3986N3117",16161.0845975
"12188","1kmE3986N3118",14473.503887
"12189","1kmE3986N3119",8223.4259875
"12190","1kmE3986N3120",9765.5224725
"12191","1kmE3986N3121",13744.4180875
"12192","1kmE3986N3122",9148.209837
"12193","1kmE3986N3123",11841.2966255
"12194","1kmE3986N3124",8904.6199215
"12195","1kmE3986N3125",10555.566162
"12196","1kmE3986N3126",7547.0451135
"12197","1kmE3986N3127",7946.066849
"12198","1kmE3986N3128",10390.7183015
"12199","1kmE3986N3129",4659.6933075
"12200","1kmE3986N3130",10470.023874
"12201","1kmE3986N3131",6134.8128715
"12202","1kmE3986N3132",10827.643296
"12203","1kmE3986N3133",6908.4857955
"12204","1kmE3986N3134",10168.064496
"12205","1kmE3986N3135",11069.996454
"12206","1kmE3986N3136",14137.273838
"12207","1kmE3986N3137",7898.2876225
"12208","1kmE3986N3138",5855.9567425
"12209","1kmE3986N3139",7348.3962755
"12210","1kmE3986N3140",9771.3282545
"12211","1kmE3986N3141",10359.9665755
"12212","1kmE3986N3142",8404.7718355
"12213","1kmE3986N3143",10478.781232
"12214","1kmE3986N3144",8951.6668105
"12215","1kmE3986N3145",4449.738845
"12216","1kmE3987N3078",7268.3480485
"12217","1kmE3987N3079",8703.6635275
"12218","1kmE3987N3080",9387.3664325
"12219","1kmE3987N3081",13777.7986755
"12220","1kmE3987N3082",18565.720602
"12221","1kmE3987N3083",18874.4915805
"12222","1kmE3987N3084",12321.570409
"12223","1kmE3987N3085",12739.4399655
"12224","1kmE3987N3086",10531.3219635
"12225","1kmE3987N3087",9749.9392275
"12226","1kmE3987N3088",9428.224856
"12227","1kmE3987N3089",9829.9041785
"12228","1kmE3987N3090",11558.256565
"12229","1kmE3987N3091",9529.186679
"12230","1kmE3987N3092",10014.693398
"12231","1kmE3987N3093",14805.350587
"12232","1kmE3987N3094",16832.198176
"12233","1kmE3987N3095",10435.260673
"12234","1kmE3987N3096",12420.228744
"12235","1kmE3987N3097",8644.1682855
"12236","1kmE3987N3098",5507.252056
"12237","1kmE3987N3099",7754.737686
"12238","1kmE3987N3100",13370.0459165
"12239","1kmE3987N3101",15612.949091
"12240","1kmE3987N3102",16551.2829955
"12241","1kmE3987N3103",16258.0227015
"12242","1kmE3987N3104",13232.532583
"12243","1kmE3987N3105",16765.01492
"12244","1kmE3987N3106",16966.834638
"12245","1kmE3987N3107",15650.005391
"12246","1kmE3987N3108",9883.6880095
"12247","1kmE3987N3109",15134.0920155
"12248","1kmE3987N3110",14142.165195
"12249","1kmE3987N3111",13147.7437605
"12250","1kmE3987N3112",8961.964195
"12251","1kmE3987N3113",4419.540777
"12252","1kmE3987N3114",4793.6750205
"12253","1kmE3987N3115",10315.244467
"12254","1kmE3987N3116",14087.1322215
"12255","1kmE3987N3117",17303.0702955
"12256","1kmE3987N3118",15192.598869
"12257","1kmE3987N3119",7292.997142
"12258","1kmE3987N3120",13745.8989005
"12259","1kmE3987N3121",14086.98304
"12260","1kmE3987N3122",8141.8724605
"12261","1kmE3987N3123",10600.258434
"12262","1kmE3987N3124",8627.111312
"12263","1kmE3987N3125",11105.1663625
"12264","1kmE3987N3126",3503.289285
"12265","1kmE3987N3127",9860.945929
"12266","1kmE3987N3128",11405.981384
"12267","1kmE3987N3129",7699.1964235
"12268","1kmE3987N3130",11834.574873
"12269","1kmE3987N3131",5749.958408
"12270","1kmE3987N3132",4641.5971675
"12271","1kmE3987N3133",6821.814708
"12272","1kmE3987N3134",7446.5258445
"12273","1kmE3987N3135",11847.510648
"12274","1kmE3987N3136",13797.601761
"12275","1kmE3987N3137",6217.11296
"12276","1kmE3987N3138",4006.0979985
"12277","1kmE3987N3139",4802.821895
"12278","1kmE3987N3140",3904.192496
"12279","1kmE3987N3141",6918.5418845
"12280","1kmE3987N3142",8366.7293965
"12281","1kmE3987N3143",8822.7587925
"12282","1kmE3987N3144",9452.8064595
"12283","1kmE3987N3145",5462.9015025
"12284","1kmE3988N3078",3554.8087685
"12285","1kmE3988N3079",7437.8993135
"12286","1kmE3988N3080",8995.9539695
"12287","1kmE3988N3081",9988.990884
"12288","1kmE3988N3082",11044.6652465
"12289","1kmE3988N3083",16170.7603015
"12290","1kmE3988N3084",16698.2034365
"12291","1kmE3988N3085",17601.8464325
"12292","1kmE3988N3086",16487.0113175
"12293","1kmE3988N3087",12597.4323425
"12294","1kmE3988N3088",11159.148843
"12295","1kmE3988N3089",9757.7571365
"12296","1kmE3988N3090",10366.1599965
"12297","1kmE3988N3091",11293.720205
"12298","1kmE3988N3092",10927.8852935
"12299","1kmE3988N3093",9500.627934
"12300","1kmE3988N3094",11494.5819635
"12301","1kmE3988N3095",9491.6321645
"12302","1kmE3988N3096",5773.0006395
"12303","1kmE3988N3097",7836.596479
"12304","1kmE3988N3098",10497.32313
"12305","1kmE3988N3099",10813.211542
"12306","1kmE3988N3100",12926.3731585
"12307","1kmE3988N3101",14488.96527
"12308","1kmE3988N3102",16506.871815
"12309","1kmE3988N3103",16016.3687745
"12310","1kmE3988N3104",13970.4105035
"12311","1kmE3988N3105",17274.4151435
"12312","1kmE3988N3106",18383.077426
"12313","1kmE3988N3107",16199.128521
"12314","1kmE3988N3108",12028.831762
"12315","1kmE3988N3109",12767.1297295
"12316","1kmE3988N3110",12106.31786
"12317","1kmE3988N3111",12686.1464125
"12318","1kmE3988N3112",8806.104025
"12319","1kmE3988N3113",10355.109598
"12320","1kmE3988N3114",11180.1075025
"12321","1kmE3988N3115",9127.932882
"12322","1kmE3988N3116",9866.5415915
"12323","1kmE3988N3117",10849.600653
"12324","1kmE3988N3118",6578.4845145
"12325","1kmE3988N3119",6212.817056
"12326","1kmE3988N3120",7985.8764245
"12327","1kmE3988N3121",11786.0024175
"12328","1kmE3988N3122",12976.2087045
"12329","1kmE3988N3123",6496.172112
"12330","1kmE3988N3124",7440.222236
"12331","1kmE3988N3125",8692.218129
"12332","1kmE3988N3126",8126.4305635
"12333","1kmE3988N3127",7795.8072365
"12334","1kmE3988N3128",9930.3000165
"12335","1kmE3988N3129",6727.262684
"12336","1kmE3988N3130",6749.8595645
"12337","1kmE3988N3131",7684.978987
"12338","1kmE3988N3132",3875.127892
"12339","1kmE3988N3133",4977.120165
"12340","1kmE3988N3134",10878.167266
"12341","1kmE3988N3135",11453.853517
"12342","1kmE3988N3136",6407.887307
"12343","1kmE3988N3137",6134.1576995
"12344","1kmE3988N3138",2537.9130885
"12345","1kmE3988N3139",4153.3603255
"12346","1kmE3988N3140",1612.5438135
"12347","1kmE3988N3141",3399.0502725
"12348","1kmE3988N3142",7379.020575
"12349","1kmE3988N3143",10096.98645
"12350","1kmE3988N3144",10728.883309
"12351","1kmE3989N3077",2862.6973935
"12352","1kmE3989N3078",6209.7900435
"12353","1kmE3989N3079",8822.509609
"12354","1kmE3989N3080",10539.844843
"12355","1kmE3989N3081",9604.371569
"12356","1kmE3989N3082",10062.743914
"12357","1kmE3989N3083",12307.873838
"12358","1kmE3989N3084",14203.5969735
"12359","1kmE3989N3085",15176.895264
"12360","1kmE3989N3086",13407.6308345
"12361","1kmE3989N3087",13628.1570455
"12362","1kmE3989N3088",10333.5426655
"12363","1kmE3989N3089",10920.5399025
"12364","1kmE3989N3090",11356.5521435
"12365","1kmE3989N3091",9959.3379315
"12366","1kmE3989N3092",8886.0724465
"12367","1kmE3989N3093",11223.7927625
"12368","1kmE3989N3094",11861.888795
"12369","1kmE3989N3095",12218.9862475
"12370","1kmE3989N3096",10254.4794515
"12371","1kmE3989N3097",13476.4092205
"12372","1kmE3989N3098",13945.080233
"12373","1kmE3989N3099",7870.710014
"12374","1kmE3989N3100",10437.3978765
"12375","1kmE3989N3101",10740.588854
"12376","1kmE3989N3102",13271.955247
"12377","1kmE3989N3103",14426.933264
"12378","1kmE3989N3104",15076.243536
"12379","1kmE3989N3105",14129.100133
"12380","1kmE3989N3106",10420.1732525
"12381","1kmE3989N3107",12740.213477
"12382","1kmE3989N3108",15949.6364945
"12383","1kmE3989N3109",17102.657285
"12384","1kmE3989N3110",13525.9348445
"12385","1kmE3989N3111",11145.935482
"12386","1kmE3989N3112",8921.1595845
"12387","1kmE3989N3113",6792.7700505
"12388","1kmE3989N3114",8336.456133
"12389","1kmE3989N3115",7013.565031
"12390","1kmE3989N3116",10747.528137
"12391","1kmE3989N3117",13119.4445285
"12392","1kmE3989N3118",11167.572697
"12393","1kmE3989N3119",8199.690438
"12394","1kmE3989N3120",10809.6863555
"12395","1kmE3989N3121",8400.418127
"12396","1kmE3989N3122",9935.267721
"12397","1kmE3989N3123",9818.7460185
"12398","1kmE3989N3124",9445.3735915
"12399","1kmE3989N3125",10062.163351
"12400","1kmE3989N3126",7702.9237645
"12401","1kmE3989N3127",11592.9680165
"12402","1kmE3989N3128",9341.4045645
"12403","1kmE3989N3129",8964.271834
"12404","1kmE3989N3130",4123.2442185
"12405","1kmE3989N3131",2389.434917
"12406","1kmE3989N3132",1099.2352305
"12407","1kmE3989N3133",3792.708635
"12408","1kmE3989N3134",5200.0569175
"12409","1kmE3989N3135",4761.1681755
"12410","1kmE3989N3136",6160.176745
"12411","1kmE3989N3137",8025.740506
"12412","1kmE3989N3138",6398.8337265
"12413","1kmE3989N3142",8399.435671
"12414","1kmE3989N3143",9869.5640565
"12415","1kmE3990N3078",4176.491719
"12416","1kmE3990N3079",6900.807602
"12417","1kmE3990N3080",11736.1128265
"12418","1kmE3990N3081",10708.629993
"12419","1kmE3990N3082",8612.824297
"12420","1kmE3990N3083",10944.0509425
"12421","1kmE3990N3084",9813.423713
"12422","1kmE3990N3085",11320.114728
"12423","1kmE3990N3086",13673.590096
"12424","1kmE3990N3087",13522.704264
"12425","1kmE3990N3088",12572.8595365
"12426","1kmE3990N3089",12679.7652965
"12427","1kmE3990N3090",10652.1231
"12428","1kmE3990N3091",11076.84353
"12429","1kmE3990N3092",8510.7795985
"12430","1kmE3990N3093",8281.381093
"12431","1kmE3990N3094",6772.4113595
"12432","1kmE3990N3095",5999.017951
"12433","1kmE3990N3096",14109.698172
"12434","1kmE3990N3097",15813.1968275
"12435","1kmE3990N3098",13099.3159385
"12436","1kmE3990N3099",8336.5554355
"12437","1kmE3990N3100",7161.4814105
"12438","1kmE3990N3101",13805.036561
"12439","1kmE3990N3102",10261.649787
"12440","1kmE3990N3103",11755.0007235
"12441","1kmE3990N3104",16197.241503
"12442","1kmE3990N3105",14845.0450335
"12443","1kmE3990N3106",17314.138428
"12444","1kmE3990N3107",14634.825678
"12445","1kmE3990N3108",16576.3184465
"12446","1kmE3990N3109",18658.5377305
"12447","1kmE3990N3110",16352.326571
"12448","1kmE3990N3111",11936.722494
"12449","1kmE3990N3112",9293.8300985
"12450","1kmE3990N3113",2648.8255945
"12451","1kmE3990N3114",8906.3457235
"12452","1kmE3990N3115",8546.2538575
"12453","1kmE3990N3116",9933.927554
"12454","1kmE3990N3117",16155.369975
"12455","1kmE3990N3118",16516.510171
"12456","1kmE3990N3119",11834.140323
"12457","1kmE3990N3120",13602.301515
"12458","1kmE3990N3121",11457.073487
"12459","1kmE3990N3122",7413.1340235
"12460","1kmE3990N3123",9060.828747
"12461","1kmE3990N3124",9088.0701405
"12462","1kmE3990N3125",7120.001677
"12463","1kmE3990N3126",12340.4123975
"12464","1kmE3990N3127",10785.0512915
"12465","1kmE3990N3128",8885.9016975
"12466","1kmE3990N3129",6429.6736665
"12467","1kmE3990N3130",4693.0308575
"12468","1kmE3990N3131",5762.3744685
"12469","1kmE3990N3132",6700.3266375
"12470","1kmE3990N3133",4388.166658
"12471","1kmE3990N3134",7759.0956815
"12472","1kmE3990N3135",9970.8263895
"12473","1kmE3990N3136",8497.549499
"12474","1kmE3990N3137",7287.032402
"12475","1kmE3990N3138",6987.8830395
"12476","1kmE3990N3139",4248.022441
"12477","1kmE3991N3079",5200.772785
"12478","1kmE3991N3080",10347.6333765
"12479","1kmE3991N3081",9750.336232
"12480","1kmE3991N3082",10105.818555
"12481","1kmE3991N3083",8506.542856
"12482","1kmE3991N3084",9516.816586
"12483","1kmE3991N3085",13077.5190055
"12484","1kmE3991N3086",13627.4731475
"12485","1kmE3991N3087",12887.906887
"12486","1kmE3991N3088",13575.013749
"12487","1kmE3991N3089",12029.686238
"12488","1kmE3991N3090",13266.4646005
"12489","1kmE3991N3091",14325.16296
"12490","1kmE3991N3092",17064.97494
"12491","1kmE3991N3093",12168.7146115
"12492","1kmE3991N3094",12462.988128
"12493","1kmE3991N3095",9886.0783385
"12494","1kmE3991N3096",17031.4042245
"12495","1kmE3991N3097",14908.8557425
"12496","1kmE3991N3098",5801.555432
"12497","1kmE3991N3099",3804.5193445
"12498","1kmE3991N3100",7518.3181365
"12499","1kmE3991N3101",16420.6337225
"12500","1kmE3991N3102",14856.7786475
"12501","1kmE3991N3103",11035.48604
"12502","1kmE3991N3104",17770.6949625
"12503","1kmE3991N3105",16145.726192
"12504","1kmE3991N3106",20977.1645535
"12505","1kmE3991N3107",19141.4044495
"12506","1kmE3991N3108",18222.245655
"12507","1kmE3991N3109",17628.6480255
"12508","1kmE3991N3110",14806.7438805
"12509","1kmE3991N3111",11916.823711
"12510","1kmE3991N3112",12895.5992915
"12511","1kmE3991N3113",10034.8174255
"12512","1kmE3991N3114",9429.165883
"12513","1kmE3991N3115",10313.4089255
"12514","1kmE3991N3116",4846.16168
"12515","1kmE3991N3117",15699.435019
"12516","1kmE3991N3118",18969.508291
"12517","1kmE3991N3119",15414.719757
"12518","1kmE3991N3120",11318.260304
"12519","1kmE3991N3121",12490.641845
"12520","1kmE3991N3122",9761.1763305
"12521","1kmE3991N3123",7631.932921
"12522","1kmE3991N3124",6113.2072925
"12523","1kmE3991N3125",6051.4788315
"12524","1kmE3991N3126",11430.901625
"12525","1kmE3991N3127",9289.995141
"12526","1kmE3991N3128",8369.7433385
"12527","1kmE3991N3129",6371.424064
"12528","1kmE3991N3130",1101.963852
"12529","1kmE3991N3131",7292.3780105
"12530","1kmE3991N3132",9319.878143
"12531","1kmE3991N3133",7013.2148755
"12532","1kmE3991N3134",4158.01776
"12533","1kmE3991N3135",4527.59038
"12534","1kmE3991N3136",5006.412027
"12535","1kmE3991N3137",3989.2036125
"12536","1kmE3991N3138",4092.077891
"12537","1kmE3991N3139",3050.283709
"12538","1kmE3992N3079",723.97044
"12539","1kmE3992N3080",8678.2108225
"12540","1kmE3992N3081",9091.7959085
"12541","1kmE3992N3082",9781.5667445
"12542","1kmE3992N3083",9672.9791125
"12543","1kmE3992N3084",12201.992186
"12544","1kmE3992N3085",11321.5722385
"12545","1kmE3992N3086",12604.248113
"12546","1kmE3992N3087",11900.7559255
"12547","1kmE3992N3088",11433.1683495
"12548","1kmE3992N3089",9835.1367325
"12549","1kmE3992N3090",14271.60805
"12550","1kmE3992N3091",15008.2234785
"12551","1kmE3992N3092",17817.9201315
"12552","1kmE3992N3093",16082.779599
"12553","1kmE3992N3094",9520.6132005
"12554","1kmE3992N3095",4318.7834435
"12555","1kmE3992N3096",16899.2874275
"12556","1kmE3992N3097",16163.068523
"12557","1kmE3992N3098",10353.454056
"12558","1kmE3992N3099",5333.681542
"12559","1kmE3992N3100",7333.935948
"12560","1kmE3992N3101",16306.5553445
"12561","1kmE3992N3102",14459.86018
"12562","1kmE3992N3103",11883.7231235
"12563","1kmE3992N3104",16196.212958
"12564","1kmE3992N3105",16689.2240325
"12565","1kmE3992N3106",21972.763773
"12566","1kmE3992N3107",22709.5623015
"12567","1kmE3992N3108",20873.5992985
"12568","1kmE3992N3109",18394.2430685
"12569","1kmE3992N3110",16445.5629225
"12570","1kmE3992N3111",12421.647183
"12571","1kmE3992N3112",15270.272695
"12572","1kmE3992N3113",13537.503147
"12573","1kmE3992N3114",7617.1727205
"12574","1kmE3992N3115",11313.8011455
"12575","1kmE3992N3116",8684.810192
"12576","1kmE3992N3117",12826.301578
"12577","1kmE3992N3118",19481.694911
"12578","1kmE3992N3119",18379.468792
"12579","1kmE3992N3120",13826.0173435
"12580","1kmE3992N3121",10197.82332
"12581","1kmE3992N3122",11644.511907
"12582","1kmE3992N3123",8962.3709455
"12583","1kmE3992N3124",6278.581388
"12584","1kmE3992N3125",8007.0798455
"12585","1kmE3992N3126",10344.6955115
"12586","1kmE3992N3127",8103.53882
"12587","1kmE3992N3128",6604.248914
"12588","1kmE3992N3129",9248.210674
"12589","1kmE3992N3130",7284.5276355
"12590","1kmE3992N3131",7528.48948
"12591","1kmE3992N3132",5852.485467
"12592","1kmE3992N3133",8634.6725505
"12593","1kmE3992N3134",6305.018756
"12594","1kmE3992N3135",5241.656938
"12595","1kmE3992N3136",9623.571438
"12596","1kmE3992N3137",9844.300531
"12597","1kmE3992N3138",4903.9720195
"12598","1kmE3993N3080",3957.472682
"12599","1kmE3993N3081",7719.2953765
"12600","1kmE3993N3082",10775.0602225
"12601","1kmE3993N3083",13227.5281545
"12602","1kmE3993N3084",14309.5398205
"12603","1kmE3993N3085",14256.9652245
"12604","1kmE3993N3086",14214.762339
"12605","1kmE3993N3087",13538.453083
"12606","1kmE3993N3088",15327.029813
"12607","1kmE3993N3089",13620.258637
"12608","1kmE3993N3090",9521.448604
"12609","1kmE3993N3091",12704.3992135
"12610","1kmE3993N3092",15087.710089
"12611","1kmE3993N3093",12808.920709
"12612","1kmE3993N3094",12921.7670425
"12613","1kmE3993N3095",9433.177657
"12614","1kmE3993N3096",15731.188512
"12615","1kmE3993N3097",12966.997899
"12616","1kmE3993N3098",8199.8708455
"12617","1kmE3993N3099",11844.142918
"12618","1kmE3993N3100",9223.9003805
"12619","1kmE3993N3101",5343.804761
"12620","1kmE3993N3102",6242.1350995
"12621","1kmE3993N3103",10810.040603
"12622","1kmE3993N3104",12471.698826
"12623","1kmE3993N3105",17516.3505375
"12624","1kmE3993N3106",18230.609415
"12625","1kmE3993N3107",20085.3666375
"12626","1kmE3993N3108",19150.124659
"12627","1kmE3993N3109",13300.6128935
"12628","1kmE3993N3110",17928.6416845
"12629","1kmE3993N3111",14525.605119
"12630","1kmE3993N3112",14584.2899735
"12631","1kmE3993N3113",11787.6568465
"12632","1kmE3993N3114",8805.0873065
"12633","1kmE3993N3115",15495.657085
"12634","1kmE3993N3116",11791.3066045
"12635","1kmE3993N3117",9727.5872545
"12636","1kmE3993N3118",18022.386812
"12637","1kmE3993N3119",19906.2768335
"12638","1kmE3993N3120",16000.3738965
"12639","1kmE3993N3121",7419.418623
"12640","1kmE3993N3122",11906.8455235
"12641","1kmE3993N3123",9654.9381905
"12642","1kmE3993N3124",7153.798781
"12643","1kmE3993N3125",9428.6430825
"12644","1kmE3993N3126",10178.540961
"12645","1kmE3993N3127",9364.9752835
"12646","1kmE3993N3128",5944.1722755
"12647","1kmE3993N3129",9195.0201075
"12648","1kmE3993N3130",10144.2531265
"12649","1kmE3993N3131",7333.2509995
"12650","1kmE3993N3132",9670.675556
"12651","1kmE3993N3133",5065.291699
"12652","1kmE3993N3134",3097.153655
"12653","1kmE3993N3135",2160.901908
"12654","1kmE3993N3136",3971.9795755
"12655","1kmE3993N3137",13153.441748
"12656","1kmE3993N3138",7784.288925
"12657","1kmE3994N3080",5549.4731635
"12658","1kmE3994N3081",9887.7501415
"12659","1kmE3994N3082",5827.107242
"12660","1kmE3994N3083",12396.6189355
"12661","1kmE3994N3084",14109.6243695
"12662","1kmE3994N3085",13227.3471085
"12663","1kmE3994N3086",11667.7461475
"12664","1kmE3994N3087",11504.140216
"12665","1kmE3994N3088",15494.2399835
"12666","1kmE3994N3089",17648.17449
"12667","1kmE3994N3090",10732.684768
"12668","1kmE3994N3091",11138.528132
"12669","1kmE3994N3092",14576.07543
"12670","1kmE3994N3093",14203.1649205
"12671","1kmE3994N3094",12194.163887
"12672","1kmE3994N3095",12688.400231
"12673","1kmE3994N3096",15193.741266
"12674","1kmE3994N3097",10712.585233
"12675","1kmE3994N3098",5147.004641
"12676","1kmE3994N3099",10921.204264
"12677","1kmE3994N3100",8531.638707
"12678","1kmE3994N3101",10287.35046
"12679","1kmE3994N3102",11983.2855715
"12680","1kmE3994N3103",4366.878041
"12681","1kmE3994N3104",11094.497852
"12682","1kmE3994N3105",13997.8884345
"12683","1kmE3994N3106",15547.0440965
"12684","1kmE3994N3107",17283.934543
"12685","1kmE3994N3108",13717.538558
"12686","1kmE3994N3109",14678.1871335
"12687","1kmE3994N3110",22032.113661
"12688","1kmE3994N3111",19750.521792
"12689","1kmE3994N3112",15033.572041
"12690","1kmE3994N3113",9622.2036455
"12691","1kmE3994N3114",9290.937802
"12692","1kmE3994N3115",12853.76722
"12693","1kmE3994N3116",11476.7451055
"12694","1kmE3994N3117",10924.1457315
"12695","1kmE3994N3118",12569.2761205
"12696","1kmE3994N3119",18049.248023
"12697","1kmE3994N3120",14337.9316895
"12698","1kmE3994N3121",9629.3952705
"12699","1kmE3994N3122",7763.162406
"12700","1kmE3994N3123",6744.5052215
"12701","1kmE3994N3124",5862.1235745
"12702","1kmE3994N3125",7653.5397985
"12703","1kmE3994N3126",14630.7812345
"12704","1kmE3994N3127",11056.4301965
"12705","1kmE3994N3128",6359.864398
"12706","1kmE3994N3129",5325.796572
"12707","1kmE3994N3130",3704.025905
"12708","1kmE3994N3131",5061.2826115
"12709","1kmE3994N3132",5603.3147315
"12710","1kmE3994N3133",6207.9418005
"12711","1kmE3994N3134",2877.4939815
"12712","1kmE3994N3135",1360.5595685
"12713","1kmE3994N3136",3890.0381555
"12714","1kmE3994N3137",8392.8320785
"12715","1kmE3994N3138",3012.0703055
"12716","1kmE3995N3080",8756.4494485
"12717","1kmE3995N3081",11882.0917125
"12718","1kmE3995N3082",9364.2660285
"12719","1kmE3995N3083",10153.037132
"12720","1kmE3995N3084",10551.3192785
"12721","1kmE3995N3085",9142.8437595
"12722","1kmE3995N3086",9905.9093415
"12723","1kmE3995N3087",12778.5072325
"12724","1kmE3995N3088",16495.613476
"12725","1kmE3995N3089",18016.224824
"12726","1kmE3995N3090",15409.94445
"12727","1kmE3995N3091",14897.0936235
"12728","1kmE3995N3092",12755.400106
"12729","1kmE3995N3093",11236.1410745
"12730","1kmE3995N3094",11785.4406445
"12731","1kmE3995N3095",17525.109169
"12732","1kmE3995N3096",17350.288917
"12733","1kmE3995N3097",12481.945884
"12734","1kmE3995N3098",8000.0406185
"12735","1kmE3995N3099",11285.2222875
"12736","1kmE3995N3100",10476.748292
"12737","1kmE3995N3101",11484.6415645
"12738","1kmE3995N3102",12269.6032965
"12739","1kmE3995N3103",11288.514891
"12740","1kmE3995N3104",17375.1820485
"12741","1kmE3995N3105",14418.4990915
"12742","1kmE3995N3106",7029.4474275
"12743","1kmE3995N3107",6992.600753
"12744","1kmE3995N3108",9450.684798
"12745","1kmE3995N3109",14827.9907925
"12746","1kmE3995N3110",21372.8075705
"12747","1kmE3995N3111",19019.3913845
"12748","1kmE3995N3112",16898.764743
"12749","1kmE3995N3113",12291.574293
"12750","1kmE3995N3114",13711.8583925
"12751","1kmE3995N3115",9350.304926
"12752","1kmE3995N3116",10864.929831
"12753","1kmE3995N3117",9923.3438035
"12754","1kmE3995N3118",12543.7269485
"12755","1kmE3995N3119",18205.272033
"12756","1kmE3995N3120",14717.379267
"12757","1kmE3995N3121",10695.508964
"12758","1kmE3995N3122",5170.968626
"12759","1kmE3995N3123",5551.2284545
"12760","1kmE3995N3124",8014.0716625
"12761","1kmE3995N3125",8735.2206955
"12762","1kmE3995N3126",13242.645404
"12763","1kmE3995N3127",7025.4809105
"12764","1kmE3995N3128",4255.657247
"12765","1kmE3995N3129",1603.331246
"12766","1kmE3995N3130",1374.382382
"12767","1kmE3995N3131",5553.852593
"12768","1kmE3995N3132",3145.8173375
"12769","1kmE3995N3133",9444.73045
"12770","1kmE3995N3134",3142.533586
"12771","1kmE3995N3135",1985.1825015
"12772","1kmE3995N3136",8392.624623
"12773","1kmE3995N3137",10201.643184
"12774","1kmE3995N3138",8179.405974
"12775","1kmE3996N3078",4888.118338
"12776","1kmE3996N3079",9824.7303105
"12777","1kmE3996N3080",10562.401136
"12778","1kmE3996N3081",10685.8022755
"12779","1kmE3996N3082",12818.6153145
"12780","1kmE3996N3083",14507.9036695
"12781","1kmE3996N3084",14439.972639
"12782","1kmE3996N3085",13563.9835945
"12783","1kmE3996N3086",9918.045777
"12784","1kmE3996N3087",14177.6890355
"12785","1kmE3996N3088",17547.3565455
"12786","1kmE3996N3089",13985.2671595
"12787","1kmE3996N3090",15781.9330295
"12788","1kmE3996N3091",16509.799607
"12789","1kmE3996N3092",13177.6654685
"12790","1kmE3996N3093",11675.10626
"12791","1kmE3996N3094",14143.8528875
"12792","1kmE3996N3095",16778.3870975
"12793","1kmE3996N3096",18799.625287
"12794","1kmE3996N3097",12023.9123655
"12795","1kmE3996N3098",8869.3006755
"12796","1kmE3996N3099",8291.9636125
"12797","1kmE3996N3100",14657.0823435
"12798","1kmE3996N3101",12989.3183045
"12799","1kmE3996N3102",14378.9236885
"12800","1kmE3996N3103",16571.2400695
"12801","1kmE3996N3104",20351.1211775
"12802","1kmE3996N3105",16835.9256115
"12803","1kmE3996N3106",13316.67701
"12804","1kmE3996N3107",15585.4347255
"12805","1kmE3996N3108",11541.439048
"12806","1kmE3996N3109",12180.573553
"12807","1kmE3996N3110",18122.423979
"12808","1kmE3996N3111",14719.5214095
"12809","1kmE3996N3112",12247.008275
"12810","1kmE3996N3113",9805.105785
"12811","1kmE3996N3114",14619.3064455
"12812","1kmE3996N3115",11269.7215955
"12813","1kmE3996N3116",13451.427813
"12814","1kmE3996N3117",9794.250792
"12815","1kmE3996N3118",13553.4510355
"12816","1kmE3996N3119",15710.6660675
"12817","1kmE3996N3120",12197.634257
"12818","1kmE3996N3121",13074.4643025
"12819","1kmE3996N3122",6775.927716
"12820","1kmE3996N3123",7379.9080045
"12821","1kmE3996N3124",10830.2062995
"12822","1kmE3996N3125",10868.875188
"12823","1kmE3996N3126",8811.1074565
"12824","1kmE3996N3127",7662.3857265
"12825","1kmE3996N3128",4714.8258565
"12826","1kmE3996N3129",5007.6622755
"12827","1kmE3996N3130",9059.007167
"12828","1kmE3996N3131",8027.516855
"12829","1kmE3996N3132",2340.0512575
"12830","1kmE3996N3133",2454.5277895
"12831","1kmE3996N3134",6074.7183235
"12832","1kmE3996N3135",3865.359851
"12833","1kmE3996N3136",9864.72286
"12834","1kmE3996N3137",10481.4323615
"12835","1kmE3996N3138",13790.5181135
"12836","1kmE3996N3139",8893.363959
"12837","1kmE3997N3077",4578.908794
"12838","1kmE3997N3078",6843.7675385
"12839","1kmE3997N3079",9421.7101235
"12840","1kmE3997N3080",9716.9804525
"12841","1kmE3997N3081",9291.329396
"12842","1kmE3997N3082",11448.572321
"12843","1kmE3997N3083",13352.3193885
"12844","1kmE3997N3084",12892.767247
"12845","1kmE3997N3085",15937.173349
"12846","1kmE3997N3086",15939.778794
"12847","1kmE3997N3087",16733.849534
"12848","1kmE3997N3088",17105.4524365
"12849","1kmE3997N3089",13518.9205345
"12850","1kmE3997N3090",14929.311014
"12851","1kmE3997N3091",13425.4546185
"12852","1kmE3997N3092",10962.6971935
"12853","1kmE3997N3093",10021.200802
"12854","1kmE3997N3094",12824.8649695
"12855","1kmE3997N3095",16764.647387
"12856","1kmE3997N3096",17966.524414
"12857","1kmE3997N3097",9949.4506805
"12858","1kmE3997N3098",9337.3239545
"12859","1kmE3997N3099",11578.020432
"12860","1kmE3997N3100",14117.5800035
"12861","1kmE3997N3101",13985.770134
"12862","1kmE3997N3102",17192.4437065
"12863","1kmE3997N3103",18635.1524595
"12864","1kmE3997N3104",19951.4112035
"12865","1kmE3997N3105",18002.1505165
"12866","1kmE3997N3106",16735.5797015
"12867","1kmE3997N3107",16104.667005
"12868","1kmE3997N3108",13281.8245665
"12869","1kmE3997N3109",12744.8740335
"12870","1kmE3997N3110",17370.0699415
"12871","1kmE3997N3111",13710.8235155
"12872","1kmE3997N3112",11932.9793655
"12873","1kmE3997N3113",10555.908223
"12874","1kmE3997N3114",14472.498128
"12875","1kmE3997N3115",9841.006309
"12876","1kmE3997N3116",13557.9921855
"12877","1kmE3997N3117",13471.974504
"12878","1kmE3997N3118",13044.9074555
"12879","1kmE3997N3119",14557.472391
"12880","1kmE3997N3120",11911.2929965
"12881","1kmE3997N3121",8905.8926355
"12882","1kmE3997N3122",9746.850494
"12883","1kmE3997N3123",11240.7880135
"12884","1kmE3997N3124",10817.180081
"12885","1kmE3997N3125",4051.7937905
"12886","1kmE3997N3126",5519.6301375
"12887","1kmE3997N3127",5108.7282835
"12888","1kmE3997N3128",5750.534945
"12889","1kmE3997N3129",9796.001235
"12890","1kmE3997N3130",12713.764315
"12891","1kmE3997N3131",12016.874327
"12892","1kmE3997N3132",5782.013769
"12893","1kmE3997N3133",2122.7570615
"12894","1kmE3997N3134",5502.552149
"12895","1kmE3997N3135",4586.306732
"12896","1kmE3997N3136",6162.0707315
"12897","1kmE3997N3137",10248.981666
"12898","1kmE3997N3138",15661.613325
"12899","1kmE3997N3139",9380.3146365
"12900","1kmE3998N3077",6276.338503
"12901","1kmE3998N3078",8876.924296
"12902","1kmE3998N3079",8218.499396
"12903","1kmE3998N3080",9596.3023525
"12904","1kmE3998N3081",8696.597284
"12905","1kmE3998N3082",9499.2839845
"12906","1kmE3998N3083",11897.4926935
"12907","1kmE3998N3084",12973.461886
"12908","1kmE3998N3085",17145.430938
"12909","1kmE3998N3086",19238.5599505
"12910","1kmE3998N3087",15166.5455295
"12911","1kmE3998N3088",16048.356682
"12912","1kmE3998N3089",16150.8353185
"12913","1kmE3998N3090",16238.420469
"12914","1kmE3998N3091",14108.9361185
"12915","1kmE3998N3092",13003.487412
"12916","1kmE3998N3093",10196.035216
"12917","1kmE3998N3094",14632.859887
"12918","1kmE3998N3095",17433.5452225
"12919","1kmE3998N3096",17039.2946675
"12920","1kmE3998N3097",9699.4355655
"12921","1kmE3998N3098",7805.0870155
"12922","1kmE3998N3099",12278.93429
"12923","1kmE3998N3100",11688.099536
"12924","1kmE3998N3101",15219.034254
"12925","1kmE3998N3102",18284.211299
"12926","1kmE3998N3103",19137.9410405
"12927","1kmE3998N3104",21570.0048265
"12928","1kmE3998N3105",19810.1411155
"12929","1kmE3998N3106",16419.90834
"12930","1kmE3998N3107",16826.6612915
"12931","1kmE3998N3108",16946.004732
"12932","1kmE3998N3109",15472.9419565
"12933","1kmE3998N3110",15607.447358
"12934","1kmE3998N3111",8906.5618665
"12935","1kmE3998N3112",9124.097379
"12936","1kmE3998N3113",13069.763062
"12937","1kmE3998N3114",14102.9159545
"12938","1kmE3998N3115",5990.130281
"12939","1kmE3998N3116",8878.824319
"12940","1kmE3998N3117",10353.074916
"12941","1kmE3998N3118",9750.8418385
"12942","1kmE3998N3119",9784.7992905
"12943","1kmE3998N3120",13916.014984
"12944","1kmE3998N3121",12567.532256
"12945","1kmE3998N3122",8285.137176
"12946","1kmE3998N3123",9310.2930035
"12947","1kmE3998N3124",12208.1339265
"12948","1kmE3998N3125",11498.2647825
"12949","1kmE3998N3126",2967.5807625
"12950","1kmE3998N3127",6221.4188635
"12951","1kmE3998N3128",9666.503593
"12952","1kmE3998N3129",10456.887686
"12953","1kmE3998N3130",7762.440256
"12954","1kmE3998N3131",6827.255933
"12955","1kmE3998N3132",6987.563542
"12956","1kmE3998N3133",3912.1644405
"12957","1kmE3998N3134",10044.8361915
"12958","1kmE3998N3135",7830.7594185
"12959","1kmE3998N3136",6548.559981
"12960","1kmE3998N3137",5774.414163
"12961","1kmE3998N3138",12152.5463005
"12962","1kmE3998N3139",7476.016054
"12963","1kmE3999N3077",5944.428362
"12964","1kmE3999N3078",9139.3202615
"12965","1kmE3999N3079",8244.763646
"12966","1kmE3999N3080",8288.000325
"12967","1kmE3999N3081",11578.7770545
"12968","1kmE3999N3082",12524.5358595
"12969","1kmE3999N3083",10735.1078515
"12970","1kmE3999N3084",15312.7140385
"12971","1kmE3999N3085",18066.031509
"12972","1kmE3999N3086",16144.9310605
"12973","1kmE3999N3087",14705.1339925
"12974","1kmE3999N3088",15115.092965
"12975","1kmE3999N3089",16496.699377
"12976","1kmE3999N3090",13768.499912
"12977","1kmE3999N3091",12646.645565
"12978","1kmE3999N3092",14860.762088
"12979","1kmE3999N3093",13266.905648
"12980","1kmE3999N3094",14380.0728815
"12981","1kmE3999N3095",16089.402909
"12982","1kmE3999N3096",12895.0126945
"12983","1kmE3999N3097",9949.3531945
"12984","1kmE3999N3098",16303.440237
"12985","1kmE3999N3099",17843.3319855
"12986","1kmE3999N3100",12675.8816095
"12987","1kmE3999N3101",16451.8421235
"12988","1kmE3999N3102",20599.1254645
"12989","1kmE3999N3103",18141.0194375
"12990","1kmE3999N3104",19067.485305
"12991","1kmE3999N3105",20116.843975
"12992","1kmE3999N3106",15515.0288175
"12993","1kmE3999N3107",8258.020747
"12994","1kmE3999N3108",17910.7166805
"12995","1kmE3999N3109",16274.840681
"12996","1kmE3999N3110",13402.648363
"12997","1kmE3999N3111",15475.040727
"12998","1kmE3999N3112",11674.107949
"12999","1kmE3999N3113",13729.1706265
"13000","1kmE3999N3114",13530.32781
"13001","1kmE3999N3115",10501.839495
"13002","1kmE3999N3116",3396.3504775
"13003","1kmE3999N3117",4555.8011315
"13004","1kmE3999N3118",2640.9804055
"13005","1kmE3999N3119",7675.78173
"13006","1kmE3999N3120",11740.038316
"13007","1kmE3999N3121",8936.295877
"13008","1kmE3999N3122",9386.464942
"13009","1kmE3999N3123",10904.6299315
"13010","1kmE3999N3124",12663.169431
"13011","1kmE3999N3125",11053.506284
"13012","1kmE3999N3126",2339.9729835
"13013","1kmE3999N3127",5737.2061185
"13014","1kmE3999N3128",7918.7424865
"13015","1kmE3999N3129",5722.0400955
"13016","1kmE3999N3130",4987.2656645
"13017","1kmE3999N3131",5326.7590225
"13018","1kmE3999N3132",6432.3594895
"13019","1kmE3999N3133",1710.4385715
"13020","1kmE3999N3134",7461.605804
"13021","1kmE3999N3135",12300.179885
"13022","1kmE3999N3136",13959.899922
"13023","1kmE3999N3137",9905.060515
"13024","1kmE3999N3138",8727.77054
"13025","1kmE4000N3077",1849.482756
"13026","1kmE4000N3078",4505.2529545
"13027","1kmE4000N3079",6347.4459495
"13028","1kmE4000N3080",8048.1617665
"13029","1kmE4000N3081",10837.9499885
"13030","1kmE4000N3082",11617.534116
"13031","1kmE4000N3083",13353.225934
"13032","1kmE4000N3084",14464.7829275
"13033","1kmE4000N3085",15822.7716895
"13034","1kmE4000N3086",14282.7273075
"13035","1kmE4000N3087",17423.1639265
"13036","1kmE4000N3088",16877.0635125
"13037","1kmE4000N3089",13875.0029145
"13038","1kmE4000N3090",10785.454341
"13039","1kmE4000N3091",9321.522989
"13040","1kmE4000N3092",9597.4385905
"13041","1kmE4000N3093",10784.586919
"13042","1kmE4000N3094",13749.909102
"13043","1kmE4000N3095",16380.942167
"13044","1kmE4000N3096",12515.646533
"13045","1kmE4000N3097",12628.718597
"13046","1kmE4000N3098",17399.737982
"13047","1kmE4000N3099",18297.5707415
"13048","1kmE4000N3100",15426.165818
"13049","1kmE4000N3101",18124.203689
"13050","1kmE4000N3102",20796.059182
"13051","1kmE4000N3103",20608.220527
"13052","1kmE4000N3104",18177.0049515
"13053","1kmE4000N3105",18169.175062
"13054","1kmE4000N3106",14167.507174
"13055","1kmE4000N3107",7850.623607
"13056","1kmE4000N3108",15463.696304
"13057","1kmE4000N3109",16327.1343385
"13058","1kmE4000N3110",10630.696585
"13059","1kmE4000N3111",15283.8814695
"13060","1kmE4000N3112",12212.71338
"13061","1kmE4000N3113",12273.5485815
"13062","1kmE4000N3114",12811.6452575
"13063","1kmE4000N3115",11223.2451385
"13064","1kmE4000N3116",8471.9820255
"13065","1kmE4000N3117",5802.1648565
"13066","1kmE4000N3118",3237.266716
"13067","1kmE4000N3119",3904.0573045
"13068","1kmE4000N3120",2649.1547795
"13069","1kmE4000N3121",3805.414958
"13070","1kmE4000N3122",3381.7213705
"13071","1kmE4000N3123",5516.734404
"13072","1kmE4000N3124",10948.771083
"13073","1kmE4000N3125",17126.70705
"13074","1kmE4000N3126",16196.9679805
"13075","1kmE4000N3127",4818.8194275
"13076","1kmE4000N3128",6836.8156365
"13077","1kmE4000N3129",3352.7079715
"13078","1kmE4000N3130",3429.9914025
"13079","1kmE4000N3131",5517.95044
"13080","1kmE4000N3132",8631.9829065
"13081","1kmE4000N3133",5508.548991
"13082","1kmE4000N3134",9009.5638475
"13083","1kmE4000N3135",13362.496547
"13084","1kmE4000N3136",18277.3584625
"13085","1kmE4000N3137",18150.565875
"13086","1kmE4000N3138",17674.5810925
"13087","1kmE4001N3077",721.1215965
"13088","1kmE4001N3078",4785.263807
"13089","1kmE4001N3079",7532.715644
"13090","1kmE4001N3080",8776.2450705
"13091","1kmE4001N3081",9956.447471
"13092","1kmE4001N3082",8558.171072
"13093","1kmE4001N3083",8782.995897
"13094","1kmE4001N3084",11202.7271595
"13095","1kmE4001N3085",13183.625376
"13096","1kmE4001N3086",14355.0874705
"13097","1kmE4001N3087",17073.5639265
"13098","1kmE4001N3088",16511.0803105
"13099","1kmE4001N3089",12023.1676745
"13100","1kmE4001N3090",12667.979404
"13101","1kmE4001N3091",12914.2217695
"13102","1kmE4001N3092",11017.955873
"13103","1kmE4001N3093",10914.748841
"13104","1kmE4001N3094",10220.7897935
"13105","1kmE4001N3095",10149.970944
"13106","1kmE4001N3096",8856.9409
"13107","1kmE4001N3097",13537.5130395
"13108","1kmE4001N3098",16661.801672
"13109","1kmE4001N3099",18221.3801895
"13110","1kmE4001N3100",16291.2227565
"13111","1kmE4001N3101",14457.596294
"13112","1kmE4001N3102",21238.1807155
"13113","1kmE4001N3103",21236.8843235
"13114","1kmE4001N3104",15215.3012975
"13115","1kmE4001N3105",9064.274709
"13116","1kmE4001N3106",11656.29266
"13117","1kmE4001N3107",10659.3178765
"13118","1kmE4001N3108",11893.17501
"13119","1kmE4001N3109",12193.844299
"13120","1kmE4001N3110",9895.4684155
"13121","1kmE4001N3111",14302.8709395
"13122","1kmE4001N3112",14674.407399
"13123","1kmE4001N3113",13146.5743395
"13124","1kmE4001N3114",11058.7378435
"13125","1kmE4001N3115",11292.4131865
"13126","1kmE4001N3116",6569.8702005
"13127","1kmE4001N3117",4568.6643275
"13128","1kmE4001N3118",5788.865895
"13129","1kmE4001N3119",4849.533996
"13130","1kmE4001N3120",1067.3292545
"13131","1kmE4001N3121",2565.42089
"13132","1kmE4001N3122",4819.696282
"13133","1kmE4001N3123",11698.658537
"13134","1kmE4001N3124",14901.9854815
"13135","1kmE4001N3125",13095.4896085
"13136","1kmE4001N3126",14123.119565
"13137","1kmE4001N3127",10231.3518205
"13138","1kmE4001N3128",7647.108304
"13139","1kmE4001N3129",8497.909463
"13140","1kmE4001N3130",8831.1468855
"13141","1kmE4001N3131",6674.021965
"13142","1kmE4001N3132",6497.986388
"13143","1kmE4001N3133",10508.992654
"13144","1kmE4001N3134",12498.04978
"13145","1kmE4001N3135",11608.0310505
"13146","1kmE4001N3136",15736.197252
"13147","1kmE4001N3137",17262.043452
"13148","1kmE4001N3138",16702.5225255
"13149","1kmE4002N3077",1460.522868
"13150","1kmE4002N3078",8454.575347
"13151","1kmE4002N3079",11067.991264
"13152","1kmE4002N3080",9288.502711
"13153","1kmE4002N3081",9704.7596935
"13154","1kmE4002N3082",10510.916446
"13155","1kmE4002N3083",15490.199762
"13156","1kmE4002N3084",13782.6165285
"13157","1kmE4002N3085",12622.648311
"13158","1kmE4002N3086",12994.475042
"13159","1kmE4002N3087",15993.158179
"13160","1kmE4002N3088",14883.251932
"13161","1kmE4002N3089",8613.4285525
"13162","1kmE4002N3090",12480.503932
"13163","1kmE4002N3091",11919.359957
"13164","1kmE4002N3092",11025.6282335
"13165","1kmE4002N3093",11973.9822065
"13166","1kmE4002N3094",12596.7851055
"13167","1kmE4002N3095",10998.72307
"13168","1kmE4002N3096",13930.191922
"13169","1kmE4002N3097",16633.1300325
"13170","1kmE4002N3098",17150.935135
"13171","1kmE4002N3099",17439.330946
"13172","1kmE4002N3100",16600.773605
"13173","1kmE4002N3101",11517.1742915
"13174","1kmE4002N3102",19387.5444665
"13175","1kmE4002N3103",20961.8904455
"13176","1kmE4002N3104",19158.178931
"13177","1kmE4002N3105",9646.3408555
"13178","1kmE4002N3106",11920.5671305
"13179","1kmE4002N3107",14060.94649
"13180","1kmE4002N3108",11444.0224025
"13181","1kmE4002N3109",11334.5770475
"13182","1kmE4002N3110",9497.689967
"13183","1kmE4002N3111",9845.398354
"13184","1kmE4002N3112",14931.268973
"13185","1kmE4002N3113",12952.0964625
"13186","1kmE4002N3114",9820.6260035
"13187","1kmE4002N3115",9850.4278545
"13188","1kmE4002N3116",7203.4253515
"13189","1kmE4002N3117",7517.722274
"13190","1kmE4002N3118",8219.1392755
"13191","1kmE4002N3119",8922.907547
"13192","1kmE4002N3120",4158.325734
"13193","1kmE4002N3121",9202.856969
"13194","1kmE4002N3122",12289.7767425
"13195","1kmE4002N3123",12191.5783035
"13196","1kmE4002N3124",7373.1342525
"13197","1kmE4002N3125",9256.6947395
"13198","1kmE4002N3126",12502.5225335
"13199","1kmE4002N3127",9842.4368475
"13200","1kmE4002N3128",6737.1830935
"13201","1kmE4002N3129",9067.035973
"13202","1kmE4002N3130",10319.298319
"13203","1kmE4002N3131",5602.5862935
"13204","1kmE4002N3132",7264.5454875
"13205","1kmE4002N3133",12294.9252325
"13206","1kmE4002N3134",11187.407423
"13207","1kmE4002N3135",6689.3294305
"13208","1kmE4002N3136",8671.120729
"13209","1kmE4002N3137",13781.6682045
"13210","1kmE4002N3138",15576.803331
"13211","1kmE4002N3139",11543.4486975
"13212","1kmE4003N3078",4586.684151
"13213","1kmE4003N3079",6955.9341965
"13214","1kmE4003N3080",7760.828141
"13215","1kmE4003N3081",8223.053705
"13216","1kmE4003N3082",11792.4771205
"13217","1kmE4003N3083",16548.788574
"13218","1kmE4003N3084",16582.2359155
"13219","1kmE4003N3085",12477.0828345
"13220","1kmE4003N3086",12777.8486045
"13221","1kmE4003N3087",13924.544
"13222","1kmE4003N3088",12225.0927715
"13223","1kmE4003N3089",9716.458781
"13224","1kmE4003N3090",12221.0599015
"13225","1kmE4003N3091",10434.113866
"13226","1kmE4003N3092",9101.547379
"13227","1kmE4003N3093",8701.7355265
"13228","1kmE4003N3094",16539.4850845
"13229","1kmE4003N3095",14545.6074935
"13230","1kmE4003N3096",18045.9033405
"13231","1kmE4003N3097",19421.1682775
"13232","1kmE4003N3098",18399.9903455
"13233","1kmE4003N3099",16992.157407
"13234","1kmE4003N3100",13541.6470745
"13235","1kmE4003N3101",7845.8477235
"13236","1kmE4003N3102",14197.791817
"13237","1kmE4003N3103",17770.5645555
"13238","1kmE4003N3104",17980.138421
"13239","1kmE4003N3105",15271.700337
"13240","1kmE4003N3106",15669.191286
"13241","1kmE4003N3107",16687.0036475
"13242","1kmE4003N3108",14652.0483695
"13243","1kmE4003N3109",9956.9409075
"13244","1kmE4003N3110",7366.7934105
"13245","1kmE4003N3111",2836.208144
"13246","1kmE4003N3112",10590.9936275
"13247","1kmE4003N3113",9166.0281575
"13248","1kmE4003N3114",8525.431665
"13249","1kmE4003N3115",10368.7949605
"13250","1kmE4003N3116",8384.957134
"13251","1kmE4003N3117",6637.8210415
"13252","1kmE4003N3118",1374.5044635
"13253","1kmE4003N3119",5924.4599485
"13254","1kmE4003N3120",7939.999286
"13255","1kmE4003N3121",7204.737392
"13256","1kmE4003N3122",7411.2362205
"13257","1kmE4003N3123",5299.4958325
"13258","1kmE4003N3124",2271.6948525
"13259","1kmE4003N3125",5269.5545315
"13260","1kmE4003N3126",9036.166562
"13261","1kmE4003N3127",6159.90148
"13262","1kmE4003N3128",7925.5579225
"13263","1kmE4003N3129",5791.765988
"13264","1kmE4003N3130",3208.685849
"13265","1kmE4003N3131",2967.8589475
"13266","1kmE4003N3132",1604.9430215
"13267","1kmE4003N3133",8677.7588055
"13268","1kmE4003N3134",14794.0762135
"13269","1kmE4003N3135",14952.0610645
"13270","1kmE4003N3136",9040.443164
"13271","1kmE4003N3137",8952.8264545
"13272","1kmE4003N3138",10923.542932
"13273","1kmE4003N3139",10697.672951
"13274","1kmE4003N3140",5389.4125455
"13275","1kmE4004N3079",5588.055706
"13276","1kmE4004N3080",6347.4421825
"13277","1kmE4004N3081",12107.192406
"13278","1kmE4004N3082",14484.638978
"13279","1kmE4004N3083",17769.561382
"13280","1kmE4004N3084",16068.982326
"13281","1kmE4004N3085",13715.9568245
"13282","1kmE4004N3086",12877.528219
"13283","1kmE4004N3087",11280.7429135
"13284","1kmE4004N3088",12682.0042325
"13285","1kmE4004N3089",11928.748409
"13286","1kmE4004N3090",14356.9251915
"13287","1kmE4004N3091",14599.019124
"13288","1kmE4004N3092",16389.053549
"13289","1kmE4004N3093",13211.904293
"13290","1kmE4004N3094",9539.542825
"13291","1kmE4004N3095",11436.5440515
"13292","1kmE4004N3096",15737.491183
"13293","1kmE4004N3097",15962.5492055
"13294","1kmE4004N3098",16210.4968905
"13295","1kmE4004N3099",14517.260575
"13296","1kmE4004N3100",10994.083731
"13297","1kmE4004N3101",6657.024474
"13298","1kmE4004N3102",10534.708563
"13299","1kmE4004N3103",12561.827721
"13300","1kmE4004N3104",16404.750443
"13301","1kmE4004N3105",17167.2053345
"13302","1kmE4004N3106",19333.752656
"13303","1kmE4004N3107",16032.3505435
"13304","1kmE4004N3108",10401.9776775
"13305","1kmE4004N3109",8775.3757795
"13306","1kmE4004N3110",5950.445316
"13307","1kmE4004N3111",2124.6695
"13308","1kmE4004N3112",7700.6542765
"13309","1kmE4004N3113",8321.140725
"13310","1kmE4004N3114",6050.264994
"13311","1kmE4004N3115",8375.6602345
"13312","1kmE4004N3116",6247.898689
"13313","1kmE4004N3117",3668.434631
"13314","1kmE4004N3118",4223.7498705
"13315","1kmE4004N3119",5327.6215805
"13316","1kmE4004N3120",9090.893269
"13317","1kmE4004N3121",8442.668678
"13318","1kmE4004N3122",6313.456571
"13319","1kmE4004N3123",7157.5641195
"13320","1kmE4004N3124",5910.477806
"13321","1kmE4004N3125",8035.5871765
"13322","1kmE4004N3126",8759.3281915
"13323","1kmE4004N3127",7476.0529925
"13324","1kmE4004N3128",7877.758072
"13325","1kmE4004N3129",5779.4997285
"13326","1kmE4004N3130",6413.559109
"13327","1kmE4004N3131",6670.294005
"13328","1kmE4004N3132",2792.400003
"13329","1kmE4004N3133",10676.4196155
"13330","1kmE4004N3134",11127.166117
"13331","1kmE4004N3135",11318.737416
"13332","1kmE4004N3136",11713.6252825
"13333","1kmE4004N3137",7656.619874
"13334","1kmE4004N3138",9808.5097295
"13335","1kmE4004N3139",9771.8351525
"13336","1kmE4004N3140",5178.8427225
"13337","1kmE4005N3079",724.898648
"13338","1kmE4005N3080",921.540045999999
"13339","1kmE4005N3081",11289.9601775
"13340","1kmE4005N3082",13509.866563
"13341","1kmE4005N3083",13418.4090165
"13342","1kmE4005N3084",12715.815728
"13343","1kmE4005N3085",11261.6989835
"13344","1kmE4005N3086",11794.843907
"13345","1kmE4005N3087",9226.804295
"13346","1kmE4005N3088",16839.1296075
"13347","1kmE4005N3089",13717.4623395
"13348","1kmE4005N3090",16025.351892
"13349","1kmE4005N3091",15745.2986925
"13350","1kmE4005N3092",17973.7656605
"13351","1kmE4005N3093",15746.047598
"13352","1kmE4005N3094",8212.0800015
"13353","1kmE4005N3095",10869.6848215
"13354","1kmE4005N3096",11550.388506
"13355","1kmE4005N3097",10094.069824
"13356","1kmE4005N3098",12974.8702405
"13357","1kmE4005N3099",12431.464668
"13358","1kmE4005N3100",12057.6573565
"13359","1kmE4005N3101",10115.9715405
"13360","1kmE4005N3102",10034.9952555
"13361","1kmE4005N3103",9261.362018
"13362","1kmE4005N3104",15396.4540085
"13363","1kmE4005N3105",16357.2147205
"13364","1kmE4005N3106",16937.243686
"13365","1kmE4005N3107",15334.6449825
"13366","1kmE4005N3108",10584.1270635
"13367","1kmE4005N3109",7013.567693
"13368","1kmE4005N3110",11971.00828
"13369","1kmE4005N3111",7167.700874
"13370","1kmE4005N3112",7414.7571105
"13371","1kmE4005N3113",8706.140722
"13372","1kmE4005N3114",6943.087731
"13373","1kmE4005N3115",6677.329449
"13374","1kmE4005N3116",9103.7041645
"13375","1kmE4005N3117",5830.5859545
"13376","1kmE4005N3118",5631.5569115
"13377","1kmE4005N3119",4975.8909005
"13378","1kmE4005N3120",7972.5738845
"13379","1kmE4005N3121",10333.9704695
"13380","1kmE4005N3122",8942.8202175
"13381","1kmE4005N3123",10024.464093
"13382","1kmE4005N3124",13708.8157595
"13383","1kmE4005N3125",10619.4962695
"13384","1kmE4005N3126",5925.4839815
"13385","1kmE4005N3127",7063.616739
"13386","1kmE4005N3128",5171.7361495
"13387","1kmE4005N3129",6701.710564
"13388","1kmE4005N3130",10993.225056
"13389","1kmE4005N3131",11895.9311485
"13390","1kmE4005N3132",8057.3262795
"13391","1kmE4005N3133",9220.561577
"13392","1kmE4005N3134",6621.656309
"13393","1kmE4005N3135",8076.74468
"13394","1kmE4005N3136",9110.272802
"13395","1kmE4005N3137",4897.6511175
"13396","1kmE4005N3138",7271.9248355
"13397","1kmE4005N3139",6384.8367195
"13398","1kmE4005N3140",6509.0573605
"13399","1kmE4005N3141",9427.225409
"13400","1kmE4006N3081",9959.106543
"13401","1kmE4006N3082",8228.3516725
"13402","1kmE4006N3083",7222.9616635
"13403","1kmE4006N3084",4341.67591
"13404","1kmE4006N3085",8061.4910585
"13405","1kmE4006N3086",10459.7787505
"13406","1kmE4006N3087",7992.750305
"13407","1kmE4006N3088",15282.9811515
"13408","1kmE4006N3089",13423.896822
"13409","1kmE4006N3090",14559.1129875
"13410","1kmE4006N3091",10791.394809
"13411","1kmE4006N3092",8250.8033825
"13412","1kmE4006N3093",10240.0427735
"13413","1kmE4006N3094",11809.0744055
"13414","1kmE4006N3095",9394.509949
"13415","1kmE4006N3096",12104.80155
"13416","1kmE4006N3097",13347.1327925
"13417","1kmE4006N3098",14768.9752945
"13418","1kmE4006N3099",12397.506894
"13419","1kmE4006N3100",13186.192809
"13420","1kmE4006N3101",11432.1442425
"13421","1kmE4006N3102",10729.270693
"13422","1kmE4006N3103",11997.019989
"13423","1kmE4006N3104",16505.627918
"13424","1kmE4006N3105",11691.560543
"13425","1kmE4006N3106",15421.1238335
"13426","1kmE4006N3107",16724.5428205
"13427","1kmE4006N3108",10436.8822305
"13428","1kmE4006N3109",8245.5492395
"13429","1kmE4006N3110",11756.5124295
"13430","1kmE4006N3111",6080.9055615
"13431","1kmE4006N3112",6608.6966875
"13432","1kmE4006N3113",8773.6506155
"13433","1kmE4006N3114",12372.8587945
"13434","1kmE4006N3115",13299.14578
"13435","1kmE4006N3116",12436.0583725
"13436","1kmE4006N3117",8184.7129255
"13437","1kmE4006N3118",7444.326885
"13438","1kmE4006N3119",8200.4294585
"13439","1kmE4006N3120",11204.754204
"13440","1kmE4006N3121",13154.560879
"13441","1kmE4006N3122",13205.3759325
"13442","1kmE4006N3123",8728.014204
"13443","1kmE4006N3124",10197.856178
"13444","1kmE4006N3125",9057.4776035
"13445","1kmE4006N3126",6530.6097385
"13446","1kmE4006N3127",8954.9787915
"13447","1kmE4006N3128",6001.1612455
"13448","1kmE4006N3129",8551.610858
"13449","1kmE4006N3130",11515.7219265
"13450","1kmE4006N3131",12774.5224295
"13451","1kmE4006N3132",11461.984854
"13452","1kmE4006N3133",13419.2946985
"13453","1kmE4006N3134",12100.261805
"13454","1kmE4006N3135",17358.0206695
"13455","1kmE4006N3136",16507.0340265
"13456","1kmE4006N3137",15534.678932
"13457","1kmE4006N3138",13272.8034535
"13458","1kmE4006N3139",13550.939576
"13459","1kmE4006N3140",14294.3411555
"13460","1kmE4006N3141",15899.8422975
"13461","1kmE4007N3081",3591.259044
"13462","1kmE4007N3082",4331.1985395
"13463","1kmE4007N3083",6751.4370555
"13464","1kmE4007N3084",7602.867646
"13465","1kmE4007N3085",9995.783029
"13466","1kmE4007N3086",9738.7185505
"13467","1kmE4007N3087",8045.26412
"13468","1kmE4007N3088",9584.260064
"13469","1kmE4007N3089",13046.7307655
"13470","1kmE4007N3090",11503.140141
"13471","1kmE4007N3091",8056.177131
"13472","1kmE4007N3092",9104.4681805
"13473","1kmE4007N3093",12890.9495375
"13474","1kmE4007N3094",13405.1076445
"13475","1kmE4007N3095",14095.8550335
"13476","1kmE4007N3096",12471.2912475
"13477","1kmE4007N3097",13203.1933325
"13478","1kmE4007N3098",13191.710651
"13479","1kmE4007N3099",12601.6325685
"13480","1kmE4007N3100",12735.8137135
"13481","1kmE4007N3101",10381.6407195
"13482","1kmE4007N3102",10419.7525665
"13483","1kmE4007N3103",13775.5571855
"13484","1kmE4007N3104",14599.047094
"13485","1kmE4007N3105",10664.756605
"13486","1kmE4007N3106",6517.590861
"13487","1kmE4007N3107",16382.727044
"13488","1kmE4007N3108",15496.6586235
"13489","1kmE4007N3109",10535.613472
"13490","1kmE4007N3110",7000.2079305
"13491","1kmE4007N3111",5077.007214
"13492","1kmE4007N3112",4946.9188075
"13493","1kmE4007N3113",9419.496744
"13494","1kmE4007N3114",12435.4584345
"13495","1kmE4007N3115",14404.645314
"13496","1kmE4007N3116",9652.962948
"13497","1kmE4007N3117",6647.6659765
"13498","1kmE4007N3118",4755.6411615
"13499","1kmE4007N3119",10095.0547475
"13500","1kmE4007N3120",8314.4164715
"13501","1kmE4007N3121",10623.574344
"13502","1kmE4007N3122",12710.9223595
"13503","1kmE4007N3123",14154.094268
"13504","1kmE4007N3124",8292.4451185
"13505","1kmE4007N3125",4547.2342835
"13506","1kmE4007N3126",4548.786447
"13507","1kmE4007N3127",7017.4362445
"13508","1kmE4007N3128",4185.097226
"13509","1kmE4007N3129",5108.9393645
"13510","1kmE4007N3130",9821.848351
"13511","1kmE4007N3131",12498.2836025
"13512","1kmE4007N3132",11896.2020895
"13513","1kmE4007N3133",12776.3766055
"13514","1kmE4007N3134",10502.8283465
"13515","1kmE4007N3135",14466.523264
"13516","1kmE4007N3136",12730.439416
"13517","1kmE4007N3137",12632.3164
"13518","1kmE4007N3138",9940.065357
"13519","1kmE4007N3139",11247.4880645
"13520","1kmE4007N3140",16635.654715
"13521","1kmE4007N3141",15944.0318795
"13522","1kmE4008N3081",3710.6747885
"13523","1kmE4008N3082",4750.672076
"13524","1kmE4008N3083",8158.070888
"13525","1kmE4008N3084",8544.8856175
"13526","1kmE4008N3085",6881.3353715
"13527","1kmE4008N3086",11095.043914
"13528","1kmE4008N3087",6167.780612
"13529","1kmE4008N3088",9541.9556505
"13530","1kmE4008N3089",11929.6325045
"13531","1kmE4008N3090",10447.367956
"13532","1kmE4008N3091",7184.43587
"13533","1kmE4008N3092",7199.725797
"13534","1kmE4008N3093",14990.1007515
"13535","1kmE4008N3094",16947.732818
"13536","1kmE4008N3095",15402.263533
"13537","1kmE4008N3096",13819.4924025
"13538","1kmE4008N3097",14216.3524235
"13539","1kmE4008N3098",13799.1411335
"13540","1kmE4008N3099",14308.627492
"13541","1kmE4008N3100",11279.8161675
"13542","1kmE4008N3101",9855.178482
"13543","1kmE4008N3102",7873.41648
"13544","1kmE4008N3103",11425.8174315
"13545","1kmE4008N3104",14131.7833735
"13546","1kmE4008N3105",13825.592925
"13547","1kmE4008N3106",10338.2002805
"13548","1kmE4008N3107",20325.989177
"13549","1kmE4008N3108",19625.466022
"13550","1kmE4008N3109",16776.690861
"13551","1kmE4008N3110",7687.263378
"13552","1kmE4008N3111",6845.8124925
"13553","1kmE4008N3112",4030.017904
"13554","1kmE4008N3113",10665.684214
"13555","1kmE4008N3114",9733.0497505
"13556","1kmE4008N3115",7400.0719115
"13557","1kmE4008N3116",3891.993932
"13558","1kmE4008N3117",3181.2261435
"13559","1kmE4008N3118",1783.427729
"13560","1kmE4008N3119",1033.554387
"13561","1kmE4008N3120",2573.0148805
"13562","1kmE4008N3121",7813.138501
"13563","1kmE4008N3122",6096.35106
"13564","1kmE4008N3123",10209.437113
"13565","1kmE4008N3124",16607.8005615
"13566","1kmE4008N3125",10970.8264005
"13567","1kmE4008N3126",6612.380216
"13568","1kmE4008N3127",5252.1364305
"13569","1kmE4008N3128",5606.709242
"13570","1kmE4008N3129",4111.7771715
"13571","1kmE4008N3130",11387.517037
"13572","1kmE4008N3131",16663.915055
"13573","1kmE4008N3132",13201.160592
"13574","1kmE4008N3133",7360.548467
"13575","1kmE4008N3134",3479.3622825
"13576","1kmE4008N3135",11705.815153
"13577","1kmE4008N3136",6607.214243
"13578","1kmE4008N3137",9833.254532
"13579","1kmE4008N3138",11394.569421
"13580","1kmE4008N3139",8704.606282
"13581","1kmE4008N3140",11923.118662
"13582","1kmE4008N3141",9062.0695325
"13583","1kmE4009N3082",2359.052612
"13584","1kmE4009N3083",7089.6806685
"13585","1kmE4009N3084",6602.2136335
"13586","1kmE4009N3085",2828.356071
"13587","1kmE4009N3086",6424.612283
"13588","1kmE4009N3087",6016.2978335
"13589","1kmE4009N3088",9964.3531965
"13590","1kmE4009N3089",9274.600119
"13591","1kmE4009N3090",8340.928456
"13592","1kmE4009N3091",8222.9433485
"13593","1kmE4009N3092",7898.202708
"13594","1kmE4009N3093",16020.8217905
"13595","1kmE4009N3094",18284.7754375
"13596","1kmE4009N3095",19275.533553
"13597","1kmE4009N3096",18418.414701
"13598","1kmE4009N3097",12177.2259855
"13599","1kmE4009N3098",12345.7519635
"13600","1kmE4009N3099",12938.2355275
"13601","1kmE4009N3100",11989.319477
"13602","1kmE4009N3101",12728.531556
"13603","1kmE4009N3102",9769.3370335
"13604","1kmE4009N3103",10152.3225185
"13605","1kmE4009N3104",13713.389729
"13606","1kmE4009N3105",11044.419799
"13607","1kmE4009N3106",4884.3445455
"13608","1kmE4009N3107",8932.1345575
"13609","1kmE4009N3108",13405.7811755
"13610","1kmE4009N3109",12509.8870105
"13611","1kmE4009N3110",7511.303919
"13612","1kmE4009N3111",8051.1758185
"13613","1kmE4009N3112",4886.721091
"13614","1kmE4009N3113",11033.4231885
"13615","1kmE4009N3114",8170.3832305
"13616","1kmE4009N3115",6889.5388425
"13617","1kmE4009N3116",4352.60033
"13618","1kmE4009N3117",3416.341452
"13619","1kmE4009N3118",3416.5136375
"13620","1kmE4009N3119",3392.472582
"13621","1kmE4009N3120",4472.0823985
"13622","1kmE4009N3121",3148.177502
"13623","1kmE4009N3122",3405.4584575
"13624","1kmE4009N3123",6165.5425585
"13625","1kmE4009N3124",16404.350708
"13626","1kmE4009N3125",17034.8566745
"13627","1kmE4009N3126",11585.3386665
"13628","1kmE4009N3127",5929.262368
"13629","1kmE4009N3128",5802.5850945
"13630","1kmE4009N3129",8179.447883
"13631","1kmE4009N3130",15944.923841
"13632","1kmE4009N3131",19170.3893275
"13633","1kmE4009N3132",15580.3349825
"13634","1kmE4009N3133",8499.2550005
"13635","1kmE4009N3134",1634.7741055
"13636","1kmE4009N3135",5872.3680065
"13637","1kmE4009N3136",1886.313906
"13638","1kmE4009N3137",7469.848482
"13639","1kmE4009N3138",8531.4882395
"13640","1kmE4009N3139",7277.405372
"13641","1kmE4010N3082",3775.521894
"13642","1kmE4010N3083",7978.6991095
"13643","1kmE4010N3084",4411.501989
"13644","1kmE4010N3085",4328.477987
"13645","1kmE4010N3086",3015.192454
"13646","1kmE4010N3087",2270.120135
"13647","1kmE4010N3088",7228.359886
"13648","1kmE4010N3089",9025.0966495
"13649","1kmE4010N3090",6084.425888
"13650","1kmE4010N3091",8085.723129
"13651","1kmE4010N3092",3243.818324
"13652","1kmE4010N3093",10981.359204
"13653","1kmE4010N3094",17484.7110955
"13654","1kmE4010N3095",17414.780511
"13655","1kmE4010N3096",17011.617381
"13656","1kmE4010N3097",10772.7317585
"13657","1kmE4010N3098",10731.597503
"13658","1kmE4010N3099",9155.9497895
"13659","1kmE4010N3100",8215.985307
"13660","1kmE4010N3101",13407.703318
"13661","1kmE4010N3102",10760.75186
"13662","1kmE4010N3103",8576.643026
"13663","1kmE4010N3104",9399.4852735
"13664","1kmE4010N3105",9005.24928
"13665","1kmE4010N3106",5681.4147765
"13666","1kmE4010N3107",11967.8837145
"13667","1kmE4010N3108",15017.7995415
"13668","1kmE4010N3109",11611.4146915
"13669","1kmE4010N3110",12071.748154
"13670","1kmE4010N3111",8963.0162225
"13671","1kmE4010N3112",2565.0866075
"13672","1kmE4010N3113",6736.937179
"13673","1kmE4010N3114",6579.9320555
"13674","1kmE4010N3115",8883.305561
"13675","1kmE4010N3116",3352.1221115
"13676","1kmE4010N3117",2438.777121
"13677","1kmE4010N3118",5084.0648295
"13678","1kmE4010N3119",1986.1557625
"13679","1kmE4010N3120",3422.708393
"13680","1kmE4010N3121",2029.329936
"13681","1kmE4010N3122",4233.552656
"13682","1kmE4010N3123",3367.5128175
"13683","1kmE4010N3124",8784.5675095
"13684","1kmE4010N3125",13808.4012135
"13685","1kmE4010N3126",7757.5736945
"13686","1kmE4010N3127",4183.439631
"13687","1kmE4010N3128",4117.0575
"13688","1kmE4010N3129",11364.478005
"13689","1kmE4010N3130",14631.2193625
"13690","1kmE4010N3131",18940.234052
"13691","1kmE4010N3132",14282.351921
"13692","1kmE4010N3133",10309.396345
"13693","1kmE4010N3134",3472.5707985
"13694","1kmE4010N3135",9790.0779185
"13695","1kmE4010N3136",4796.2683505
"13696","1kmE4010N3137",8312.8706315
"13697","1kmE4010N3138",8389.769764
"13698","1kmE4011N3083",1559.284335
"13699","1kmE4011N3084",3612.028295
"13700","1kmE4011N3085",4074.9080125
"13701","1kmE4011N3086",2081.8926285
"13702","1kmE4011N3087",3074.6238705
"13703","1kmE4011N3088",2434.9341695
"13704","1kmE4011N3089",6008.6059625
"13705","1kmE4011N3090",7749.1231675
"13706","1kmE4011N3091",8495.916697
"13707","1kmE4011N3092",7307.347909
"13708","1kmE4011N3093",14555.518271
"13709","1kmE4011N3094",18804.9152335
"13710","1kmE4011N3095",15027.243335
"13711","1kmE4011N3096",11858.3749025
"13712","1kmE4011N3097",9925.1918155
"13713","1kmE4011N3098",11680.885008
"13714","1kmE4011N3099",8974.2560785
"13715","1kmE4011N3100",4611.130987
"13716","1kmE4011N3101",12177.4236665
"13717","1kmE4011N3102",9014.6806195
"13718","1kmE4011N3103",7992.366168
"13719","1kmE4011N3104",6497.085607
"13720","1kmE4011N3105",4122.431617
"13721","1kmE4011N3106",2802.5027065
"13722","1kmE4011N3107",5149.5230925
"13723","1kmE4011N3108",9311.3089035
"13724","1kmE4011N3109",9646.9055765
"13725","1kmE4011N3110",11697.747129
"13726","1kmE4011N3111",4374.3852305
"13727","1kmE4011N3112",3705.722473
"13728","1kmE4011N3113",7580.0246505
"13729","1kmE4011N3114",5662.078586
"13730","1kmE4011N3115",10254.2578155
"13731","1kmE4011N3116",7559.2310635
"13732","1kmE4011N3117",4034.752671
"13733","1kmE4011N3118",3240.251832
"13734","1kmE4011N3119",4353.7981695
"13735","1kmE4011N3120",9330.267683
"13736","1kmE4011N3121",3572.184015
"13737","1kmE4011N3122",8682.3895225
"13738","1kmE4011N3123",4063.4269045
"13739","1kmE4011N3124",7890.9537085
"13740","1kmE4011N3125",10726.9174665
"13741","1kmE4011N3126",4315.6867795
"13742","1kmE4011N3127",3058.511694
"13743","1kmE4011N3128",4352.1307495
"13744","1kmE4011N3129",7974.729536
"13745","1kmE4011N3130",4985.155384
"13746","1kmE4011N3131",6044.33342
"13747","1kmE4011N3132",4333.0322555
"13748","1kmE4011N3133",1294.001186
"13749","1kmE4011N3136",3267.2175925
"13750","1kmE4011N3137",3454.183015
"13751","1kmE4012N3083",2470.4983275
"13752","1kmE4012N3084",9452.523055
"13753","1kmE4012N3085",9318.0750755
"13754","1kmE4012N3086",3199.6615495
"13755","1kmE4012N3087",3130.892561
"13756","1kmE4012N3088",3287.5898535
"13757","1kmE4012N3089",6443.792388
"13758","1kmE4012N3090",10541.0868215
"13759","1kmE4012N3091",10767.405364
"13760","1kmE4012N3092",10050.8677955
"13761","1kmE4012N3093",16003.7155575
"13762","1kmE4012N3094",18535.789671
"13763","1kmE4012N3095",14568.3357605
"13764","1kmE4012N3096",13861.874607
"13765","1kmE4012N3097",11105.928071
"13766","1kmE4012N3098",13238.282074
"13767","1kmE4012N3099",15164.6191245
"13768","1kmE4012N3100",8930.402194
"13769","1kmE4012N3101",9260.6427075
"13770","1kmE4012N3102",8019.359329
"13771","1kmE4012N3103",11109.760976
"13772","1kmE4012N3104",8149.393084
"13773","1kmE4012N3105",8482.781359
"13774","1kmE4012N3106",5975.8996495
"13775","1kmE4012N3107",5103.8133285
"13776","1kmE4012N3108",8896.954232
"13777","1kmE4012N3109",11340.210125
"13778","1kmE4012N3110",13584.8603045
"13779","1kmE4012N3111",17758.511261
"13780","1kmE4012N3112",16540.394057
"13781","1kmE4012N3113",6800.51391
"13782","1kmE4012N3114",4429.7109105
"13783","1kmE4012N3115",6015.047608
"13784","1kmE4012N3116",6712.8974185
"13785","1kmE4012N3117",6326.3969125
"13786","1kmE4012N3118",7654.995389
"13787","1kmE4012N3119",9000.8575295
"13788","1kmE4012N3120",9455.575353
"13789","1kmE4012N3121",3123.925888
"13790","1kmE4012N3122",6393.0132905
"13791","1kmE4012N3123",7421.734637
"13792","1kmE4012N3124",6180.684893
"13793","1kmE4012N3125",7628.2345895
"13794","1kmE4012N3126",7030.8564995
"13795","1kmE4012N3127",8802.9124015
"13796","1kmE4012N3128",7353.6738645
"13797","1kmE4012N3129",2483.1439875
"13798","1kmE4012N3130",5737.5932105
"13799","1kmE4012N3131",5879.993622
"13800","1kmE4012N3132",4279.132108
"13801","1kmE4013N3083",8358.8092005
"13802","1kmE4013N3084",12178.2166065
"13803","1kmE4013N3085",18038.0200495
"13804","1kmE4013N3086",12339.820454
"13805","1kmE4013N3087",3452.5462885
"13806","1kmE4013N3088",9979.3292385
"13807","1kmE4013N3089",14411.704735
"13808","1kmE4013N3090",15751.03175
"13809","1kmE4013N3091",14341.73415
"13810","1kmE4013N3092",13934.9206545
"13811","1kmE4013N3093",15951.323201
"13812","1kmE4013N3094",18154.2704285
"13813","1kmE4013N3095",15819.2428255
"13814","1kmE4013N3096",14093.0642225
"13815","1kmE4013N3097",12425.8959455
"13816","1kmE4013N3098",17658.70919
"13817","1kmE4013N3099",18299.1517535
"13818","1kmE4013N3100",15370.1474345
"13819","1kmE4013N3101",9832.1360365
"13820","1kmE4013N3102",10283.8029635
"13821","1kmE4013N3103",12889.694556
"13822","1kmE4013N3104",9465.6048455
"13823","1kmE4013N3105",9811.856669
"13824","1kmE4013N3106",11201.7316645
"13825","1kmE4013N3107",8370.6604445
"13826","1kmE4013N3108",3336.149604
"13827","1kmE4013N3109",5558.214948
"13828","1kmE4013N3110",8556.907147
"13829","1kmE4013N3111",13000.608632
"13830","1kmE4013N3112",15386.318368
"13831","1kmE4013N3113",9508.8336985
"13832","1kmE4013N3114",4567.882735
"13833","1kmE4013N3115",5300.670296
"13834","1kmE4013N3116",7513.234454
"13835","1kmE4013N3117",7162.247078
"13836","1kmE4013N3118",9133.569888
"13837","1kmE4013N3119",13946.878072
"13838","1kmE4013N3120",10727.5597395
"13839","1kmE4013N3121",7681.151816
"13840","1kmE4013N3122",9213.0004725
"13841","1kmE4013N3123",7005.5589585
"13842","1kmE4013N3124",4481.860122
"13843","1kmE4013N3125",6301.4230535
"13844","1kmE4013N3126",10443.3149235
"13845","1kmE4013N3127",10933.78907
"13846","1kmE4013N3128",8296.714901
"13847","1kmE4013N3129",8180.0449735
"13848","1kmE4013N3130",9143.595608
"13849","1kmE4013N3131",9812.351727
"13850","1kmE4014N3084",17274.55108
"13851","1kmE4014N3085",22324.6670195
"13852","1kmE4014N3086",19949.337035
"13853","1kmE4014N3087",11450.555398
"13854","1kmE4014N3088",12117.8418095
"13855","1kmE4014N3089",13432.7735325
"13856","1kmE4014N3090",16711.013384
"13857","1kmE4014N3091",18428.8502605
"13858","1kmE4014N3092",15786.20455
"13859","1kmE4014N3093",16373.0936295
"13860","1kmE4014N3094",18060.8640375
"13861","1kmE4014N3095",15577.365478
"13862","1kmE4014N3096",15569.326345
"13863","1kmE4014N3097",14972.781987
"13864","1kmE4014N3098",13254.387734
"13865","1kmE4014N3099",16184.431614
"13866","1kmE4014N3100",15629.012463
"13867","1kmE4014N3101",12721.359521
"13868","1kmE4014N3102",12109.547811
"13869","1kmE4014N3103",11918.8734495
"13870","1kmE4014N3104",7379.8677235
"13871","1kmE4014N3105",8780.1961775
"13872","1kmE4014N3106",8729.4181395
"13873","1kmE4014N3107",5483.1455995
"13874","1kmE4014N3108",5255.0582665
"13875","1kmE4014N3109",8758.483924
"13876","1kmE4014N3110",8375.0482375
"13877","1kmE4014N3111",6980.960862
"13878","1kmE4014N3112",11545.858175
"13879","1kmE4014N3113",12524.8221425
"13880","1kmE4014N3114",11462.1420995
"13881","1kmE4014N3115",6426.8523905
"13882","1kmE4014N3116",8972.364315
"13883","1kmE4014N3117",8611.649741
"13884","1kmE4014N3118",7463.0153415
"13885","1kmE4014N3119",11896.302026
"13886","1kmE4014N3120",12636.0096455
"13887","1kmE4014N3121",9142.3692045
"13888","1kmE4014N3122",4902.0250895
"13889","1kmE4014N3123",6976.0524195
"13890","1kmE4014N3124",7546.933699
"13891","1kmE4014N3125",6247.6343695
"13892","1kmE4014N3126",10817.1770825
"13893","1kmE4014N3127",11017.4950665
"13894","1kmE4014N3128",7954.36532
"13895","1kmE4014N3129",8293.8554165
"13896","1kmE4014N3130",10787.4771155
"13897","1kmE4014N3131",7344.499326
"13898","1kmE4015N3086",21723.81583
"13899","1kmE4015N3087",20469.208747
"13900","1kmE4015N3088",12113.459713
"13901","1kmE4015N3093",10238.5030255
"13902","1kmE4015N3094",16404.6105945
"13903","1kmE4015N3095",16157.0544265
"13904","1kmE4015N3096",16592.9463165
"13905","1kmE4015N3097",15810.46585
"13906","1kmE4015N3098",13676.7883565
"13907","1kmE4015N3099",18055.5121455
"13908","1kmE4015N3100",19202.101117
"13909","1kmE4015N3101",15817.8965165
"13910","1kmE4015N3102",12333.848959
"13911","1kmE4015N3103",11691.236329
"13912","1kmE4015N3104",9450.65347
"13913","1kmE4015N3105",7530.0768605
"13914","1kmE4015N3106",6112.848824
"13915","1kmE4015N3107",7142.4489575
"13916","1kmE4015N3108",9052.7313325
"13917","1kmE4015N3109",13705.862167
"13918","1kmE4015N3110",11531.233919
"13919","1kmE4015N3111",5304.5369615
"13920","1kmE4015N3112",8111.1408935
"13921","1kmE4015N3113",11902.398255
"13922","1kmE4015N3114",12884.047881
"13923","1kmE4015N3115",10537.5988125
"13924","1kmE4015N3116",6899.178782
"13925","1kmE4015N3117",9038.858154
"13926","1kmE4015N3118",4454.498055
"13927","1kmE4015N3119",9473.6834215
"13928","1kmE4015N3120",14756.6530435
"13929","1kmE4015N3121",12697.9355895
"13930","1kmE4015N3122",5986.147119
"13931","1kmE4015N3123",4254.0314905
"13932","1kmE4015N3124",10529.161184
"13933","1kmE4015N3125",9860.8785895
"13934","1kmE4015N3126",7199.833664
"13935","1kmE4015N3127",11568.415722
"13936","1kmE4015N3128",9689.503789
"13937","1kmE4015N3129",10938.2916565
"13938","1kmE4015N3130",12356.1632115
"13939","1kmE4015N3131",6651.719985
"13940","1kmE4016N3080",14802.6495315
"13941","1kmE4016N3085",18157.172451
"13942","1kmE4016N3086",22673.6561445
"13943","1kmE4016N3087",22006.402857
"13944","1kmE4016N3094",16606.064777
"13945","1kmE4016N3095",16387.4914755
"13946","1kmE4016N3096",17115.5156875
"13947","1kmE4016N3097",11899.6387885
"13948","1kmE4016N3098",11898.820935
"13949","1kmE4016N3099",18367.869545
"13950","1kmE4016N3100",18740.5507575
"13951","1kmE4016N3101",12340.8387405
"13952","1kmE4016N3102",10226.448355
"13953","1kmE4016N3103",8888.1518665
"13954","1kmE4016N3104",8909.856691
"13955","1kmE4016N3105",8201.2304805
"13956","1kmE4016N3106",6472.29517
"13957","1kmE4016N3107",8050.438634
"13958","1kmE4016N3108",8339.212846
"13959","1kmE4016N3109",7799.1138575
"13960","1kmE4016N3110",7698.49076
"13961","1kmE4016N3111",4776.9119115
"13962","1kmE4016N3112",2458.8421575
"13963","1kmE4016N3113",8303.850195
"13964","1kmE4016N3114",13502.651734
"13965","1kmE4016N3115",14282.758704
"13966","1kmE4016N3116",11047.1703585
"13967","1kmE4016N3117",5330.793755
"13968","1kmE4016N3118",5756.610912
"13969","1kmE4016N3119",4026.881923
"13970","1kmE4016N3120",8948.4654165
"13971","1kmE4016N3121",9898.39319
"13972","1kmE4016N3122",2215.0798695
"13973","1kmE4016N3123",4253.1713655
"13974","1kmE4016N3124",9333.437948
"13975","1kmE4016N3125",7866.7312305
"13976","1kmE4016N3126",8437.408685
"13977","1kmE4016N3127",10148.945313
"13978","1kmE4016N3128",10810.700821
"13979","1kmE4016N3129",16231.6279595
"13980","1kmE4016N3130",14898.1154755
"13981","1kmE4017N3079",18505.230617
"13982","1kmE4017N3080",17362.492207
"13983","1kmE4017N3085",22410.727816
"13984","1kmE4017N3086",21203.716212
"13985","1kmE4017N3094",17015.141162
"13986","1kmE4017N3095",21080.756052
"13987","1kmE4017N3096",22117.5058905
"13988","1kmE4017N3097",17050.9133625
"13989","1kmE4017N3098",17243.5234495
"13990","1kmE4017N3099",16721.0631975
"13991","1kmE4017N3100",11487.3552275
"13992","1kmE4017N3101",11072.274793
"13993","1kmE4017N3102",8146.404884
"13994","1kmE4017N3103",5894.7339395
"13995","1kmE4017N3104",8221.9436775
"13996","1kmE4017N3105",8597.116345
"13997","1kmE4017N3106",9385.8975915
"13998","1kmE4017N3107",11955.584604
"13999","1kmE4017N3108",9386.201653
"14000","1kmE4017N3109",6143.31354
"14001","1kmE4017N3110",7446.804494
"14002","1kmE4017N3111",8377.807746
"14003","1kmE4017N3112",4126.641358
"14004","1kmE4017N3113",7085.432686
"14005","1kmE4017N3114",7884.047782
"14006","1kmE4017N3115",13615.0099785
"14007","1kmE4017N3116",13469.534806
"14008","1kmE4017N3117",6874.560682
"14009","1kmE4017N3118",3595.788099
"14010","1kmE4017N3119",1838.6416675
"14011","1kmE4017N3120",8725.465356
"14012","1kmE4017N3121",8568.2044555
"14013","1kmE4017N3122",1245.010577
"14014","1kmE4017N3123",2800.8301875
"14015","1kmE4017N3124",7476.4659885
"14016","1kmE4017N3125",9192.3969935
"14017","1kmE4017N3126",12605.956106
"14018","1kmE4017N3127",14819.7174085
"14019","1kmE4017N3128",12756.2766955
"14020","1kmE4017N3129",13529.7315505
"14021","1kmE4018N3079",15045.235791
"14022","1kmE4018N3080",15921.9187665
"14023","1kmE4018N3081",7830.695853
"14024","1kmE4018N3095",20834.858379
"14025","1kmE4018N3096",23232.252864
"14026","1kmE4018N3097",23607.914841
"14027","1kmE4018N3098",18726.616006
"14028","1kmE4018N3099",16183.80453
"14029","1kmE4018N3100",10824.7876385
"14030","1kmE4018N3101",13268.741418
"14031","1kmE4018N3102",11931.7936635
"14032","1kmE4018N3103",2819.390538
"14033","1kmE4018N3104",9521.103814
"14034","1kmE4018N3105",7820.1346045
"14035","1kmE4018N3106",7319.9122485
"14036","1kmE4018N3107",12883.97386
"14037","1kmE4018N3108",11352.0415925
"14038","1kmE4018N3109",6779.520081
"14039","1kmE4018N3110",6973.4180615
"14040","1kmE4018N3111",7459.8221565
"14041","1kmE4018N3112",4308.8314775
"14042","1kmE4018N3113",6628.229736
"14043","1kmE4018N3114",10498.6764105
"14044","1kmE4018N3115",10895.2981575
"14045","1kmE4018N3116",12870.041109
"14046","1kmE4018N3117",8746.3019105
"14047","1kmE4018N3118",7548.359624
"14048","1kmE4018N3119",3814.7787395
"14049","1kmE4018N3120",4745.024025
"14050","1kmE4018N3121",6399.972967
"14051","1kmE4018N3122",3611.086887
"14052","1kmE4018N3123",205.01639
"14053","1kmE4018N3124",10306.3217925
"14054","1kmE4018N3125",12666.8785215
"14055","1kmE4018N3126",12260.2775785
"14056","1kmE4018N3127",14377.1012425
"14057","1kmE4018N3128",12457.479993
"14058","1kmE4019N3079",11631.381852
"14059","1kmE4019N3080",14929.6980245
"14060","1kmE4019N3081",9428.2269145
"14061","1kmE4019N3097",22446.252195
"14062","1kmE4019N3098",19600.723117
"14063","1kmE4019N3099",18981.506512
"14064","1kmE4019N3100",17392.4390135
"14065","1kmE4019N3101",12074.4774695
"14066","1kmE4019N3102",13301.79149
"14067","1kmE4019N3103",18158.5845185
"14068","1kmE4019N3104",18558.810429
"14069","1kmE4019N3105",11780.795931
"14070","1kmE4019N3106",11786.279213
"14071","1kmE4019N3107",14802.460574
"14072","1kmE4019N3108",8069.1928935
"14073","1kmE4019N3109",3775.0023755
"14074","1kmE4019N3110",9748.9384975
"14075","1kmE4019N3111",5287.907985
"14076","1kmE4019N3112",6138.6539665
"14077","1kmE4019N3113",8098.7088605
"14078","1kmE4019N3114",13880.5679295
"14079","1kmE4019N3115",14090.012039
"14080","1kmE4019N3116",14136.624894
"14081","1kmE4019N3117",6037.1642625
"14082","1kmE4019N3118",11028.5070435
"14083","1kmE4019N3119",5946.2104865
"14084","1kmE4019N3120",9356.455668
"14085","1kmE4019N3121",11514.5033635
"14086","1kmE4019N3122",8278.330312
"14087","1kmE4019N3123",1314.08834
"14088","1kmE4019N3124",9351.586269
"14089","1kmE4019N3125",12164.623667
"14090","1kmE4019N3126",13141.852021
"14091","1kmE4019N3127",14230.5243375
"14092","1kmE4019N3128",11607.3515795
"14093","1kmE4020N3079",9620.7660125
"14094","1kmE4020N3080",9329.68297
"14095","1kmE4020N3081",9978.470683
"14096","1kmE4020N3097",19361.8507445
"14097","1kmE4020N3098",18413.0683465
"14098","1kmE4020N3099",18223.971595
"14099","1kmE4020N3100",16107.391625
"14100","1kmE4020N3101",11843.5156185
"14101","1kmE4020N3102",16586.1373245
"14102","1kmE4020N3103",20775.2745955
"14103","1kmE4020N3104",20271.054181
"14104","1kmE4020N3105",16911.374547
"14105","1kmE4020N3106",11347.7647335
"14106","1kmE4020N3107",15881.7570365
"14107","1kmE4020N3108",9463.1865335
"14108","1kmE4020N3109",16184.090841
"14109","1kmE4020N3110",7808.2675235
"14110","1kmE4020N3111",4112.4438145
"14111","1kmE4020N3112",7762.8596725
"14112","1kmE4020N3113",6631.909097
"14113","1kmE4020N3114",10394.576444
"14114","1kmE4020N3115",10271.578566
"14115","1kmE4020N3116",11569.51102
"14116","1kmE4020N3117",7341.03067
"14117","1kmE4020N3118",10259.6298625
"14118","1kmE4020N3119",5869.991638
"14119","1kmE4020N3120",11011.352862
"14120","1kmE4020N3121",14930.5966615
"14121","1kmE4020N3122",10582.843147
"14122","1kmE4020N3123",4657.077559
"14123","1kmE4020N3124",7163.616484
"14124","1kmE4020N3125",11208.024403
"14125","1kmE4020N3126",11421.840941
"14126","1kmE4020N3127",13376.760562
"14127","1kmE4020N3128",11252.131317
"14128","1kmE4021N3079",12031.6020405
"14129","1kmE4021N3080",13553.98647
"14130","1kmE4021N3081",13679.937084
"14131","1kmE4021N3082",10711.7018135
"14132","1kmE4021N3099",14569.8901465
"14133","1kmE4021N3100",17514.2630235
"14134","1kmE4021N3101",17425.2875745
"14135","1kmE4021N3102",18454.98683
"14136","1kmE4021N3103",15229.4362365
"14137","1kmE4021N3104",17652.0262655
"14138","1kmE4021N3105",18385.5949115
"14139","1kmE4021N3106",11296.776147
"14140","1kmE4021N3107",7382.4577205
"14141","1kmE4021N3108",8433.1805775
"14142","1kmE4021N3109",8694.0039605
"14143","1kmE4021N3110",6026.3844755
"14144","1kmE4021N3111",9193.6423285
"14145","1kmE4021N3112",6674.125946
"14146","1kmE4021N3113",3494.543999
"14147","1kmE4021N3114",8919.946539
"14148","1kmE4021N3115",13263.040913
"14149","1kmE4021N3116",13068.948907
"14150","1kmE4021N3117",10855.263267
"14151","1kmE4021N3118",11485.295295
"14152","1kmE4021N3119",6912.9046395
"14153","1kmE4021N3120",9183.9391805
"14154","1kmE4021N3121",12837.411324
"14155","1kmE4021N3122",13944.049742
"14156","1kmE4021N3123",6260.0427405
"14157","1kmE4021N3124",6381.500539
"14158","1kmE4021N3125",8389.687268
"14159","1kmE4021N3126",6344.5980995
"14160","1kmE4021N3127",4120.5468155
"14161","1kmE4021N3128",2756.9408205
"14162","1kmE4022N3079",11381.948501
"14163","1kmE4022N3080",14001.578574
"14164","1kmE4022N3081",14201.7624745
"14165","1kmE4022N3082",14156.785251
"14166","1kmE4022N3083",11099.5587235
"14167","1kmE4022N3100",19571.686361
"14168","1kmE4022N3101",20290.7379235
"14169","1kmE4022N3102",18828.079861
"14170","1kmE4022N3103",14735.635
"14171","1kmE4022N3105",18115.362883
"14172","1kmE4022N3106",16990.041333
"14173","1kmE4022N3107",13726.5901475
"14174","1kmE4022N3108",17004.1477315
"14175","1kmE4022N3109",11435.1919275
"14176","1kmE4022N3110",13924.143963
"14177","1kmE4022N3111",16668.5990665
"14178","1kmE4022N3112",9453.2125985
"14179","1kmE4022N3113",4206.9221385
"14180","1kmE4022N3114",9285.9989415
"14181","1kmE4022N3115",13658.538267
"14182","1kmE4022N3116",14386.841885
"14183","1kmE4022N3117",13531.105277
"14184","1kmE4022N3118",7506.6014755
"14185","1kmE4022N3119",7836.266171
"14186","1kmE4022N3120",10774.6348445
"14187","1kmE4022N3121",8543.726572
"14188","1kmE4022N3122",5285.422563
"14189","1kmE4022N3123",4127.677104
"14190","1kmE4022N3124",9637.8688995
"14191","1kmE4022N3125",12803.0862615
"14192","1kmE4022N3126",4985.4186225
"14193","1kmE4022N3127",6233.303852
"14194","1kmE4022N3128",4268.80372
"14195","1kmE4023N3078",7481.750544
"14196","1kmE4023N3079",15364.4967355
"14197","1kmE4023N3080",18247.4722795
"14198","1kmE4023N3081",17187.2435575
"14199","1kmE4023N3082",13651.8195235
"14200","1kmE4023N3083",8277.771347
"14201","1kmE4023N3101",18267.279682
"14202","1kmE4023N3102",16405.057501
"14203","1kmE4023N3106",18121.0103135
"14204","1kmE4023N3107",17463.1391935
"14205","1kmE4023N3108",17231.6449805
"14206","1kmE4023N3109",19742.253562
"14207","1kmE4023N3110",18337.848946
"14208","1kmE4023N3111",17060.4073615
"14209","1kmE4023N3112",15653.0121245
"14210","1kmE4023N3113",9703.3130495
"14211","1kmE4023N3114",15530.6067175
"14212","1kmE4023N3115",12235.2907145
"14213","1kmE4023N3116",12404.834138
"14214","1kmE4023N3117",12010.2181205
"14215","1kmE4023N3118",7512.7979015
"14216","1kmE4023N3119",6995.2031575
"14217","1kmE4023N3120",10602.2355645
"14218","1kmE4023N3121",10701.0767965
"14219","1kmE4023N3122",5347.6342855
"14220","1kmE4023N3123",3772.8609295
"14221","1kmE4023N3124",10803.763386
"14222","1kmE4023N3125",12885.580467
"14223","1kmE4023N3126",4844.1785385
"14224","1kmE4023N3127",5573.5691505
"14225","1kmE4023N3128",5904.040795
"14226","1kmE4024N3076",10469.145571
"14227","1kmE4024N3077",12622.1064015
"14228","1kmE4024N3078",12705.751089
"14229","1kmE4024N3079",18923.064228
"14230","1kmE4024N3080",20036.669232
"14231","1kmE4024N3081",15077.291981
"14232","1kmE4024N3107",11116.4565665
"14233","1kmE4024N3108",20665.3383365
"14234","1kmE4024N3109",22501.942235
"14235","1kmE4024N3110",16996.1713245
"14236","1kmE4024N3111",11191.5974315
"14237","1kmE4024N3112",15194.2155045
"14238","1kmE4024N3113",16899.7977895
"14239","1kmE4024N3114",17807.94899
"14240","1kmE4024N3115",14519.495168
"14241","1kmE4024N3116",11129.267033
"14242","1kmE4024N3117",9671.7579255
"14243","1kmE4024N3118",10879.193581
"14244","1kmE4024N3119",965.8069135
"14245","1kmE4024N3120",3481.888889
"14246","1kmE4024N3121",3260.313285
"14247","1kmE4024N3122",3609.667206
"14248","1kmE4024N3123",1876.4099705
"14249","1kmE4024N3124",7254.9388665
"14250","1kmE4024N3125",5163.3804615
"14251","1kmE4024N3126",3378.843887
"14252","1kmE4024N3127",4932.556942
"14253","1kmE4024N3128",5490.5778725
"14254","1kmE4025N3075",6355.368318
"14255","1kmE4025N3076",13970.957142
"14256","1kmE4025N3077",15486.148724
"14257","1kmE4025N3078",14529.730138
"14258","1kmE4025N3079",18543.2581715
"14259","1kmE4025N3080",17873.605505
"14260","1kmE4025N3113",16543.016209
"14261","1kmE4025N3114",19145.1557775
"14262","1kmE4025N3115",15571.470625
"14263","1kmE4025N3116",13332.429233
"14264","1kmE4025N3117",10570.7858215
"14265","1kmE4025N3118",2535.0351355
"14266","1kmE4025N3119",4443.8328115
"14267","1kmE4025N3120",3047.167802
"14268","1kmE4025N3121",4539.314664
"14269","1kmE4025N3122",6972.435667
"14270","1kmE4025N3123",4081.7056175
"14271","1kmE4025N3124",7649.9942745
"14272","1kmE4025N3125",5492.965472
"14273","1kmE4025N3126",9420.323676
"14274","1kmE4025N3127",4874.676349
"14275","1kmE4026N3075",11703.499058
"14276","1kmE4026N3076",11586.981845
"14277","1kmE4026N3077",14106.1070785
"14278","1kmE4026N3078",18376.2331135
"14279","1kmE4026N3079",17846.861314
"14280","1kmE4026N3080",9534.6758625
"14281","1kmE4026N3113",14683.3620715
"14282","1kmE4026N3114",17899.7054305
"14283","1kmE4026N3115",17210.17193
"14284","1kmE4026N3116",16402.476986
"14285","1kmE4026N3117",15913.086496
"14286","1kmE4026N3118",13452.8486495
"14287","1kmE4026N3119",8717.624045
"14288","1kmE4026N3120",8646.703302
"14289","1kmE4026N3121",7017.7228
"14290","1kmE4026N3122",6736.109825
"14291","1kmE4026N3123",5697.843169
"14292","1kmE4026N3124",7596.0649145
"14293","1kmE4026N3126",7698.4184555
"14294","1kmE4027N3075",10654.40764
"14295","1kmE4027N3076",12947.9908285
"14296","1kmE4027N3077",17294.6637475
"14297","1kmE4027N3078",19991.732569
"14298","1kmE4027N3079",20524.5160645
"14299","1kmE4027N3080",11905.9620175
"14300","1kmE4027N3115",14688.870122
"14301","1kmE4027N3116",12370.3162855
"14302","1kmE4027N3117",14371.3344165
"14303","1kmE4027N3118",16187.0497985
"14304","1kmE4027N3119",16258.852398
"14305","1kmE4027N3120",17365.472013
"14306","1kmE4027N3121",7931.544944
"14307","1kmE4027N3122",4015.884013
"14308","1kmE4027N3123",8555.341469
"14309","1kmE4027N3124",10834.5796115
"14310","1kmE4027N3125",7168.7376395
"14311","1kmE4028N3075",10650.711607
"14312","1kmE4028N3076",13723.2646225
"14313","1kmE4028N3077",17181.751331
"14314","1kmE4028N3078",18390.3377855
"14315","1kmE4028N3079",18121.858072
"14316","1kmE4028N3080",14979.0872485
"14317","1kmE4028N3117",9308.722701
"14318","1kmE4028N3118",13681.233984
"14319","1kmE4028N3119",13897.4587585
"14320","1kmE4028N3120",12025.0019985
"14321","1kmE4028N3121",15680.00484
"14322","1kmE4028N3122",14914.661302
"14323","1kmE4028N3123",12536.7699345
"14324","1kmE4028N3124",15858.1497045
"14325","1kmE4028N3125",15403.459234
"14326","1kmE4029N3074",3531.1093105
"14327","1kmE4029N3075",10496.746963
"14328","1kmE4029N3076",13599.440735
"14329","1kmE4029N3077",13072.5723035
"14330","1kmE4029N3078",12368.5040225
"14331","1kmE4029N3079",15422.9742035
"14332","1kmE4029N3080",15068.2222895
"14333","1kmE4029N3117",10934.843701
"14334","1kmE4029N3118",11281.071482
"14335","1kmE4029N3119",9655.984779
"14336","1kmE4029N3121",10337.4687495
"14337","1kmE4029N3122",14615.3952935
"14338","1kmE4029N3123",15733.108306
"14339","1kmE4029N3124",17460.366115
"14340","1kmE4029N3125",13892.2737055
"14341","1kmE4030N3074",2597.959683
"14342","1kmE4030N3075",9701.2893015
"14343","1kmE4030N3076",12249.864632
"14344","1kmE4030N3077",11812.4029015
"14345","1kmE4030N3078",16588.3467405
"14346","1kmE4030N3079",16157.810171
"14347","1kmE4030N3080",15878.043479
"14348","1kmE4030N3081",14355.2962565
"14349","1kmE4030N3121",12723.6849325
"14350","1kmE4030N3122",19549.7613105
"14351","1kmE4030N3123",19408.781748
"14352","1kmE4030N3124",14916.102204
"14353","1kmE4031N3075",7357.028689
"14354","1kmE4031N3076",12105.7585035
"14355","1kmE4031N3077",15619.4274995
"14356","1kmE4031N3078",19436.4947575
"14357","1kmE4031N3079",20408.6714595
"14358","1kmE4031N3080",13752.28664
"14359","1kmE4031N3081",10763.6363125
"14360","1kmE4031N3122",14384.254112
"14361","1kmE4031N3123",14451.01297
"14362","1kmE4032N3076",12142.0523405
"14363","1kmE4032N3077",13096.2600815
"14364","1kmE4032N3078",17004.252269
