"","eeacellcode","pd_loss"
"1","1kmE3799N3134",1390.4683755
"2","1kmE3799N3135",1106.8053505
"3","1kmE3800N3108",0
"4","1kmE3800N3115",0
"5","1kmE3800N3116",0
"6","1kmE3800N3125",0
"7","1kmE3800N3126",0
"8","1kmE3800N3127",0
"9","1kmE3800N3128",0
"10","1kmE3800N3129",0
"11","1kmE3800N3130",160.2408095
"12","1kmE3800N3131",338.886495000001
"13","1kmE3800N3132",599.636771000001
"14","1kmE3800N3133",1127.245445
"15","1kmE3800N3134",1437.819795
"16","1kmE3800N3135",1225.8423045
"17","1kmE3800N3136",1076.930133
"18","1kmE3801N3106",0
"19","1kmE3801N3107",0
"20","1kmE3801N3108",0
"21","1kmE3801N3109",36.3152710000004
"22","1kmE3801N3110",53.522669
"23","1kmE3801N3111",0
"24","1kmE3801N3112",0
"25","1kmE3801N3113",0
"26","1kmE3801N3114",0
"27","1kmE3801N3115",47.4670315000003
"28","1kmE3801N3116",0
"29","1kmE3801N3117",12.3415525
"30","1kmE3801N3124",0
"31","1kmE3801N3125",0
"32","1kmE3801N3126",0
"33","1kmE3801N3127",0
"34","1kmE3801N3128",65.5211245
"35","1kmE3801N3129",174.105378499999
"36","1kmE3801N3130",0
"37","1kmE3801N3131",437.779019
"38","1kmE3801N3132",788.985050500003
"39","1kmE3801N3133",1076.3347135
"40","1kmE3801N3134",1369.975457
"41","1kmE3801N3135",1531.2047275
"42","1kmE3801N3136",1223.3105085
"43","1kmE3802N3104",47.4670315000003
"44","1kmE3802N3105",0
"45","1kmE3802N3106",53.522669
"46","1kmE3802N3107",0
"47","1kmE3802N3108",0
"48","1kmE3802N3109",53.522669
"49","1kmE3802N3110",33.9677899999997
"50","1kmE3802N3111",0
"51","1kmE3802N3112",0
"52","1kmE3802N3113",0
"53","1kmE3802N3114",0
"54","1kmE3802N3115",0
"55","1kmE3802N3116",0
"56","1kmE3802N3117",0
"57","1kmE3802N3122",0
"58","1kmE3802N3123",0
"59","1kmE3802N3124",0
"60","1kmE3802N3125",0
"61","1kmE3802N3126",0
"62","1kmE3802N3127",217.087435
"63","1kmE3802N3128",0
"64","1kmE3802N3129",0
"65","1kmE3802N3130",176.8498235
"66","1kmE3802N3131",691.473539500001
"67","1kmE3802N3132",858.807495500001
"68","1kmE3802N3133",940.758886000003
"69","1kmE3802N3134",899.404614499999
"70","1kmE3802N3135",1219.3417115
"71","1kmE3802N3136",895.7687305
"72","1kmE3802N3137",645.683654
"73","1kmE3803N3103",0
"74","1kmE3803N3104",0
"75","1kmE3803N3105",0
"76","1kmE3803N3106",0
"77","1kmE3803N3107",0
"78","1kmE3803N3108",177.490095
"79","1kmE3803N3109",65.5211244999998
"80","1kmE3803N3110",0
"81","1kmE3803N3111",0
"82","1kmE3803N3112",0
"83","1kmE3803N3113",0
"84","1kmE3803N3114",0
"85","1kmE3803N3115",0
"86","1kmE3803N3116",0
"87","1kmE3803N3117",0
"88","1kmE3803N3118",0
"89","1kmE3803N3119",0
"90","1kmE3803N3120",0
"91","1kmE3803N3121",0
"92","1kmE3803N3122",0
"93","1kmE3803N3123",0
"94","1kmE3803N3124",36.3152710000013
"95","1kmE3803N3125",22.4307590000008
"96","1kmE3803N3126",0
"97","1kmE3803N3127",0
"98","1kmE3803N3128",166.309211
"99","1kmE3803N3129",0
"100","1kmE3803N3130",53.522669
"101","1kmE3803N3131",299.956665
"102","1kmE3803N3132",624.813803499999
"103","1kmE3803N3133",436.979485
"104","1kmE3803N3134",655.699845499999
"105","1kmE3803N3135",1027.4836305
"106","1kmE3803N3136",1078.8769485
"107","1kmE3803N3137",660.1792335
"108","1kmE3804N3103",0
"109","1kmE3804N3104",53.522669
"110","1kmE3804N3105",47.4670315000003
"111","1kmE3804N3106",0
"112","1kmE3804N3107",0
"113","1kmE3804N3108",47.4670315000003
"114","1kmE3804N3109",47.4670315000003
"115","1kmE3804N3110",0
"116","1kmE3804N3111",0
"117","1kmE3804N3112",0
"118","1kmE3804N3113",0
"119","1kmE3804N3114",0
"120","1kmE3804N3115",0
"121","1kmE3804N3116",0
"122","1kmE3804N3117",0
"123","1kmE3804N3118",0
"124","1kmE3804N3119",0
"125","1kmE3804N3120",0
"126","1kmE3804N3121",0
"127","1kmE3804N3122",0
"128","1kmE3804N3123",0
"129","1kmE3804N3124",0
"130","1kmE3804N3125",0
"131","1kmE3804N3126",0
"132","1kmE3804N3127",0
"133","1kmE3804N3128",174.4569795
"134","1kmE3804N3129",0
"135","1kmE3804N3130",0
"136","1kmE3804N3131",0
"137","1kmE3804N3132",41.2512810000007
"138","1kmE3804N3133",218.533731
"139","1kmE3804N3134",436.182702499998
"140","1kmE3804N3135",954.4446255
"141","1kmE3804N3136",864.489440999998
"142","1kmE3804N3137",586.183971500001
"143","1kmE3804N3138",174.4569795
"144","1kmE3805N3103",0
"145","1kmE3805N3104",47.4670315000003
"146","1kmE3805N3105",47.4670315000003
"147","1kmE3805N3106",0
"148","1kmE3805N3107",0
"149","1kmE3805N3108",47.4670315000003
"150","1kmE3805N3109",47.4670315000003
"151","1kmE3805N3110",0
"152","1kmE3805N3111",0
"153","1kmE3805N3112",0
"154","1kmE3805N3113",53.522669
"155","1kmE3805N3114",0
"156","1kmE3805N3115",0
"157","1kmE3805N3116",0
"158","1kmE3805N3117",0
"159","1kmE3805N3118",0
"160","1kmE3805N3119",0
"161","1kmE3805N3120",0
"162","1kmE3805N3121",0
"163","1kmE3805N3122",53.522669
"164","1kmE3805N3123",0
"165","1kmE3805N3124",0
"166","1kmE3805N3125",0
"167","1kmE3805N3126",0
"168","1kmE3805N3127",0
"169","1kmE3805N3128",0
"170","1kmE3805N3129",0
"171","1kmE3805N3130",0
"172","1kmE3805N3131",0
"173","1kmE3805N3132",0
"174","1kmE3805N3133",0
"175","1kmE3805N3134",1084.988822
"176","1kmE3805N3135",1274.590296
"177","1kmE3805N3136",1045.1852215
"178","1kmE3805N3137",880.086452
"179","1kmE3805N3138",41.2512809999998
"180","1kmE3806N3103",0
"181","1kmE3806N3104",0
"182","1kmE3806N3105",0
"183","1kmE3806N3106",0
"184","1kmE3806N3107",0
"185","1kmE3806N3108",0
"186","1kmE3806N3109",0
"187","1kmE3806N3110",0
"188","1kmE3806N3111",47.4670315000003
"189","1kmE3806N3112",65.5211245
"190","1kmE3806N3113",47.4670315000003
"191","1kmE3806N3114",53.522669
"192","1kmE3806N3115",315.985533
"193","1kmE3806N3116",0
"194","1kmE3806N3117",0
"195","1kmE3806N3118",0
"196","1kmE3806N3119",0
"197","1kmE3806N3120",0
"198","1kmE3806N3121",0
"199","1kmE3806N3122",29.8889705000001
"200","1kmE3806N3123",62.6876495000015
"201","1kmE3806N3124",0
"202","1kmE3806N3125",0
"203","1kmE3806N3126",0
"204","1kmE3806N3127",0
"205","1kmE3806N3128",0
"206","1kmE3806N3129",126.552261999999
"207","1kmE3806N3130",0
"208","1kmE3806N3131",33.9677900000006
"209","1kmE3806N3132",18.0806954999989
"210","1kmE3806N3133",0
"211","1kmE3806N3134",586.658450999999
"212","1kmE3806N3135",1202.4383355
"213","1kmE3806N3136",1187.278888
"214","1kmE3806N3137",1162.841997
"215","1kmE3806N3138",915.1220235
"216","1kmE3806N3139",322.802445
"217","1kmE3807N3103",0
"218","1kmE3807N3104",0
"219","1kmE3807N3105",0
"220","1kmE3807N3106",0
"221","1kmE3807N3107",0
"222","1kmE3807N3108",0
"223","1kmE3807N3109",0
"224","1kmE3807N3110",0
"225","1kmE3807N3111",47.4670315000003
"226","1kmE3807N3112",47.4670315000003
"227","1kmE3807N3113",53.522669
"228","1kmE3807N3114",47.4670315000003
"229","1kmE3807N3115",53.522669
"230","1kmE3807N3116",0
"231","1kmE3807N3117",0
"232","1kmE3807N3118",0
"233","1kmE3807N3119",0
"234","1kmE3807N3120",0
"235","1kmE3807N3121",0
"236","1kmE3807N3122",0
"237","1kmE3807N3123",53.522669
"238","1kmE3807N3124",0
"239","1kmE3807N3125",0
"240","1kmE3807N3126",0
"241","1kmE3807N3127",0
"242","1kmE3807N3128",0
"243","1kmE3807N3129",0
"244","1kmE3807N3130",0
"245","1kmE3807N3131",62.6876494999997
"246","1kmE3807N3132",82.9730680000011
"247","1kmE3807N3133",151.99675
"248","1kmE3807N3134",322.039258999999
"249","1kmE3807N3135",583.685835
"250","1kmE3807N3136",998.867239499999
"251","1kmE3807N3137",1248.7572815
"252","1kmE3807N3138",808.951678000001
"253","1kmE3807N3139",320.095041500001
"254","1kmE3808N3101",0
"255","1kmE3808N3102",0
"256","1kmE3808N3103",0
"257","1kmE3808N3104",0
"258","1kmE3808N3105",0
"259","1kmE3808N3106",47.4670315000003
"260","1kmE3808N3107",53.522669
"261","1kmE3808N3108",0
"262","1kmE3808N3109",0
"263","1kmE3808N3110",0
"264","1kmE3808N3111",47.4670315000003
"265","1kmE3808N3112",47.4670315000003
"266","1kmE3808N3113",47.4670315000003
"267","1kmE3808N3114",0
"268","1kmE3808N3115",0
"269","1kmE3808N3116",0
"270","1kmE3808N3117",0
"271","1kmE3808N3118",62.6876495000001
"272","1kmE3808N3119",75.0432669999996
"273","1kmE3808N3120",0
"274","1kmE3808N3121",0
"275","1kmE3808N3122",0
"276","1kmE3808N3123",0
"277","1kmE3808N3124",0
"278","1kmE3808N3125",0
"279","1kmE3808N3126",0
"280","1kmE3808N3127",0
"281","1kmE3808N3128",0
"282","1kmE3808N3129",0
"283","1kmE3808N3130",0
"284","1kmE3808N3131",0
"285","1kmE3808N3132",73.4677804999992
"286","1kmE3808N3133",129.2824105
"287","1kmE3808N3134",195.462792999999
"288","1kmE3808N3135",33.9677900000006
"289","1kmE3808N3136",774.4869485
"290","1kmE3808N3137",1051.7216285
"291","1kmE3808N3138",995.166195000002
"292","1kmE3808N3139",644.630235000001
"293","1kmE3808N3140",0
"294","1kmE3809N3099",44.9737965000004
"295","1kmE3809N3100",0
"296","1kmE3809N3101",53.522669
"297","1kmE3809N3102",0
"298","1kmE3809N3103",0
"299","1kmE3809N3104",0
"300","1kmE3809N3105",0
"301","1kmE3809N3106",65.5211245
"302","1kmE3809N3107",47.4670315000003
"303","1kmE3809N3108",0
"304","1kmE3809N3109",0
"305","1kmE3809N3110",0
"306","1kmE3809N3111",0
"307","1kmE3809N3112",0
"308","1kmE3809N3113",0
"309","1kmE3809N3114",0
"310","1kmE3809N3115",0
"311","1kmE3809N3116",0
"312","1kmE3809N3117",0
"313","1kmE3809N3118",62.6876494999997
"314","1kmE3809N3119",0
"315","1kmE3809N3120",0
"316","1kmE3809N3121",0
"317","1kmE3809N3122",12.3415524999991
"318","1kmE3809N3123",0
"319","1kmE3809N3124",0
"320","1kmE3809N3125",0
"321","1kmE3809N3126",0
"322","1kmE3809N3127",59.1630790000008
"323","1kmE3809N3128",0
"324","1kmE3809N3129",0
"325","1kmE3809N3130",0
"326","1kmE3809N3131",0
"327","1kmE3809N3132",0
"328","1kmE3809N3133",33.9677900000006
"329","1kmE3809N3134",0
"330","1kmE3809N3135",224.576038499999
"331","1kmE3809N3136",215.279893499999
"332","1kmE3809N3137",1068.0711475
"333","1kmE3809N3138",1268.683299
"334","1kmE3809N3139",1103.3576655
"335","1kmE3809N3140",1045.329151
"336","1kmE3810N3097",198.8800565
"337","1kmE3810N3098",0
"338","1kmE3810N3099",0
"339","1kmE3810N3100",82.9730679999993
"340","1kmE3810N3101",82.9730679999993
"341","1kmE3810N3102",0
"342","1kmE3810N3103",0
"343","1kmE3810N3104",0
"344","1kmE3810N3105",65.5211244999996
"345","1kmE3810N3106",53.522669
"346","1kmE3810N3107",0
"347","1kmE3810N3108",133.13868
"348","1kmE3810N3109",0
"349","1kmE3810N3110",0
"350","1kmE3810N3111",0
"351","1kmE3810N3112",29.8889705000001
"352","1kmE3810N3113",0
"353","1kmE3810N3114",0
"354","1kmE3810N3115",0
"355","1kmE3810N3116",0
"356","1kmE3810N3117",0
"357","1kmE3810N3118",0
"358","1kmE3810N3119",0
"359","1kmE3810N3120",0
"360","1kmE3810N3121",179.631513
"361","1kmE3810N3122",0
"362","1kmE3810N3123",0
"363","1kmE3810N3124",0
"364","1kmE3810N3125",0
"365","1kmE3810N3126",0
"366","1kmE3810N3127",0
"367","1kmE3810N3128",59.1630789999999
"368","1kmE3810N3129",0
"369","1kmE3810N3130",0
"370","1kmE3810N3131",0
"371","1kmE3810N3132",0
"372","1kmE3810N3133",0
"373","1kmE3810N3134",116.940858
"374","1kmE3810N3135",427.965072999999
"375","1kmE3810N3136",181.252344499999
"376","1kmE3810N3137",1165.0129075
"377","1kmE3810N3138",1488.036845
"378","1kmE3810N3139",1472.0398495
"379","1kmE3810N3140",1230.9276385
"380","1kmE3811N3096",166.309210500001
"381","1kmE3811N3097",0
"382","1kmE3811N3098",0
"383","1kmE3811N3099",0
"384","1kmE3811N3100",12.3415525
"385","1kmE3811N3101",0
"386","1kmE3811N3102",12.3415525
"387","1kmE3811N3103",0
"388","1kmE3811N3104",0
"389","1kmE3811N3105",173.3806655
"390","1kmE3811N3106",47.4670315000003
"391","1kmE3811N3107",33.9677900000006
"392","1kmE3811N3108",0
"393","1kmE3811N3109",0
"394","1kmE3811N3110",0
"395","1kmE3811N3111",0
"396","1kmE3811N3112",0
"397","1kmE3811N3113",0
"398","1kmE3811N3114",0
"399","1kmE3811N3115",0
"400","1kmE3811N3116",0
"401","1kmE3811N3117",0
"402","1kmE3811N3118",0
"403","1kmE3811N3119",210.032745999999
"404","1kmE3811N3120",0
"405","1kmE3811N3121",0
"406","1kmE3811N3122",0
"407","1kmE3811N3123",0
"408","1kmE3811N3124",94.3374194999997
"409","1kmE3811N3125",0
"410","1kmE3811N3126",0
"411","1kmE3811N3127",0
"412","1kmE3811N3128",0
"413","1kmE3811N3129",0
"414","1kmE3811N3130",53.5226690000018
"415","1kmE3811N3131",0
"416","1kmE3811N3132",0
"417","1kmE3811N3133",0
"418","1kmE3811N3134",0
"419","1kmE3811N3135",128.3052095
"420","1kmE3811N3136",388.872105500001
"421","1kmE3811N3137",803.954283499999
"422","1kmE3811N3138",1337.6716515
"423","1kmE3811N3139",1572.5730975
"424","1kmE3811N3140",1052.2836315
"425","1kmE3811N3141",116.522547
"426","1kmE3812N3093",0
"427","1kmE3812N3094",0
"428","1kmE3812N3095",0
"429","1kmE3812N3096",0
"430","1kmE3812N3097",0
"431","1kmE3812N3098",0
"432","1kmE3812N3099",0
"433","1kmE3812N3100",0
"434","1kmE3812N3101",0
"435","1kmE3812N3102",0
"436","1kmE3812N3103",0
"437","1kmE3812N3104",0
"438","1kmE3812N3105",0
"439","1kmE3812N3106",53.522669
"440","1kmE3812N3107",47.4670315000003
"441","1kmE3812N3108",0
"442","1kmE3812N3109",0
"443","1kmE3812N3110",0
"444","1kmE3812N3111",0
"445","1kmE3812N3112",0
"446","1kmE3812N3113",0
"447","1kmE3812N3114",0
"448","1kmE3812N3115",0
"449","1kmE3812N3116",0
"450","1kmE3812N3117",0
"451","1kmE3812N3118",0
"452","1kmE3812N3119",62.6876494999997
"453","1kmE3812N3120",0
"454","1kmE3812N3121",0
"455","1kmE3812N3122",0
"456","1kmE3812N3123",0
"457","1kmE3812N3124",241.682516000001
"458","1kmE3812N3125",147.3450965
"459","1kmE3812N3126",0
"460","1kmE3812N3127",0
"461","1kmE3812N3128",62.6876495000015
"462","1kmE3812N3129",0
"463","1kmE3812N3130",0
"464","1kmE3812N3131",0
"465","1kmE3812N3132",0
"466","1kmE3812N3133",0
"467","1kmE3812N3134",0
"468","1kmE3812N3135",0
"469","1kmE3812N3136",260.646630499999
"470","1kmE3812N3137",170.7887175
"471","1kmE3812N3138",681.430900500001
"472","1kmE3812N3139",1255.800931
"473","1kmE3812N3140",1344.7202745
"474","1kmE3812N3141",758.4945155
"475","1kmE3813N3092",0
"476","1kmE3813N3093",0
"477","1kmE3813N3094",0
"478","1kmE3813N3095",0
"479","1kmE3813N3096",0
"480","1kmE3813N3097",0
"481","1kmE3813N3098",0
"482","1kmE3813N3099",217.987585999999
"483","1kmE3813N3100",0
"484","1kmE3813N3101",0
"485","1kmE3813N3102",0
"486","1kmE3813N3103",0
"487","1kmE3813N3104",0
"488","1kmE3813N3105",0
"489","1kmE3813N3106",158.481259
"490","1kmE3813N3107",53.522669
"491","1kmE3813N3108",65.5211244999991
"492","1kmE3813N3109",0
"493","1kmE3813N3110",0
"494","1kmE3813N3111",0
"495","1kmE3813N3112",0
"496","1kmE3813N3113",0
"497","1kmE3813N3114",0
"498","1kmE3813N3115",0
"499","1kmE3813N3116",0
"500","1kmE3813N3117",0
"501","1kmE3813N3118",157.025068999999
"502","1kmE3813N3119",241.682515999999
"503","1kmE3813N3120",147.3450965
"504","1kmE3813N3121",151.314281
"505","1kmE3813N3122",0
"506","1kmE3813N3123",76.6614730000001
"507","1kmE3813N3124",59.1630790000008
"508","1kmE3813N3125",112.1354825
"509","1kmE3813N3126",0
"510","1kmE3813N3127",62.6876494999997
"511","1kmE3813N3128",157.025068999999
"512","1kmE3813N3129",0
"513","1kmE3813N3130",36.4565469999998
"514","1kmE3813N3131",0
"515","1kmE3813N3132",33.9677899999988
"516","1kmE3813N3133",73.2089829999995
"517","1kmE3813N3134",0
"518","1kmE3813N3135",0
"519","1kmE3813N3136",193.8048835
"520","1kmE3813N3137",542.330125500001
"521","1kmE3813N3138",401.879735999999
"522","1kmE3813N3139",906.188020000001
"523","1kmE3813N3140",1112.979601
"524","1kmE3813N3141",1116.666531
"525","1kmE3813N3142",499.1804655
"526","1kmE3814N3091",0
"527","1kmE3814N3092",0
"528","1kmE3814N3093",0
"529","1kmE3814N3094",0
"530","1kmE3814N3095",0
"531","1kmE3814N3096",0
"532","1kmE3814N3097",0
"533","1kmE3814N3098",0
"534","1kmE3814N3099",0
"535","1kmE3814N3100",0
"536","1kmE3814N3101",0
"537","1kmE3814N3102",0
"538","1kmE3814N3103",0
"539","1kmE3814N3104",0
"540","1kmE3814N3105",0
"541","1kmE3814N3106",0
"542","1kmE3814N3107",53.522669
"543","1kmE3814N3108",0
"544","1kmE3814N3109",50.7782239999997
"545","1kmE3814N3110",0
"546","1kmE3814N3111",0
"547","1kmE3814N3112",0
"548","1kmE3814N3113",0
"549","1kmE3814N3114",0
"550","1kmE3814N3115",0
"551","1kmE3814N3116",0
"552","1kmE3814N3117",0
"553","1kmE3814N3118",157.025068999999
"554","1kmE3814N3119",94.3374195000015
"555","1kmE3814N3120",147.3450965
"556","1kmE3814N3121",151.314281
"557","1kmE3814N3122",147.345096499999
"558","1kmE3814N3123",59.1630789999999
"559","1kmE3814N3124",59.1630789999999
"560","1kmE3814N3125",62.6876494999997
"561","1kmE3814N3126",157.025068999999
"562","1kmE3814N3127",157.025068999999
"563","1kmE3814N3128",94.3374194999997
"564","1kmE3814N3129",111.302945
"565","1kmE3814N3130",0
"566","1kmE3814N3131",0
"567","1kmE3814N3132",31.5570360000002
"568","1kmE3814N3133",161.7084355
"569","1kmE3814N3134",0
"570","1kmE3814N3135",174.456979000001
"571","1kmE3814N3136",8.24862100000064
"572","1kmE3814N3137",123.190708
"573","1kmE3814N3138",373.578323
"574","1kmE3814N3139",594.845992500001
"575","1kmE3814N3140",1141.8006665
"576","1kmE3814N3141",1265.7208125
"577","1kmE3814N3142",469.356987
"578","1kmE3815N3092",0
"579","1kmE3815N3093",0
"580","1kmE3815N3094",0
"581","1kmE3815N3095",0
"582","1kmE3815N3096",0
"583","1kmE3815N3097",0
"584","1kmE3815N3098",12.3415525
"585","1kmE3815N3099",12.3415525
"586","1kmE3815N3100",0
"587","1kmE3815N3101",53.522669
"588","1kmE3815N3102",0
"589","1kmE3815N3103",0
"590","1kmE3815N3104",0
"591","1kmE3815N3105",0
"592","1kmE3815N3106",0
"593","1kmE3815N3107",0
"594","1kmE3815N3108",0
"595","1kmE3815N3109",0
"596","1kmE3815N3110",0
"597","1kmE3815N3111",0
"598","1kmE3815N3112",0
"599","1kmE3815N3113",0
"600","1kmE3815N3114",0
"601","1kmE3815N3115",0
"602","1kmE3815N3116",185.761337
"603","1kmE3815N3117",185.761337
"604","1kmE3815N3118",94.3374194999997
"605","1kmE3815N3119",62.6876494999997
"606","1kmE3815N3120",346.5106615
"607","1kmE3815N3121",268.2830125
"608","1kmE3815N3122",299.9327825
"609","1kmE3815N3123",0
"610","1kmE3815N3124",318.7151225
"611","1kmE3815N3125",157.025068999999
"612","1kmE3815N3126",216.188148
"613","1kmE3815N3127",157.025068999999
"614","1kmE3815N3128",62.6876495000006
"615","1kmE3815N3129",161.708436999999
"616","1kmE3815N3130",0
"617","1kmE3815N3131",0
"618","1kmE3815N3132",0
"619","1kmE3815N3133",0
"620","1kmE3815N3134",0
"621","1kmE3815N3135",0
"622","1kmE3815N3136",247.209836499998
"623","1kmE3815N3137",238.202014
"624","1kmE3815N3138",125.516266000001
"625","1kmE3815N3139",233.987831499999
"626","1kmE3815N3140",852.0069585
"627","1kmE3815N3141",1105.258201
"628","1kmE3815N3142",684.5629665
"629","1kmE3816N3092",0
"630","1kmE3816N3093",0
"631","1kmE3816N3094",0
"632","1kmE3816N3095",0
"633","1kmE3816N3096",0
"634","1kmE3816N3097",0
"635","1kmE3816N3098",0
"636","1kmE3816N3099",95.3146205000012
"637","1kmE3816N3100",0
"638","1kmE3816N3101",0
"639","1kmE3816N3102",0
"640","1kmE3816N3103",0
"641","1kmE3816N3104",0
"642","1kmE3816N3105",0
"643","1kmE3816N3106",0
"644","1kmE3816N3107",0
"645","1kmE3816N3108",0
"646","1kmE3816N3109",0
"647","1kmE3816N3110",0
"648","1kmE3816N3111",0
"649","1kmE3816N3112",0
"650","1kmE3816N3113",0
"651","1kmE3816N3114",0
"652","1kmE3816N3115",0
"653","1kmE3816N3116",0
"654","1kmE3816N3117",0
"655","1kmE3816N3118",0
"656","1kmE3816N3119",157.025069
"657","1kmE3816N3120",94.3374194999997
"658","1kmE3816N3121",382.129616
"659","1kmE3816N3122",147.345096499999
"660","1kmE3816N3123",0
"661","1kmE3816N3124",62.6876495000006
"662","1kmE3816N3125",62.6876494999997
"663","1kmE3816N3126",157.025069
"664","1kmE3816N3127",62.6876494999997
"665","1kmE3816N3128",62.6876494999997
"666","1kmE3816N3129",0
"667","1kmE3816N3130",147.3450965
"668","1kmE3816N3131",0
"669","1kmE3816N3132",0
"670","1kmE3816N3133",0
"671","1kmE3816N3134",0
"672","1kmE3816N3135",0
"673","1kmE3816N3136",0
"674","1kmE3816N3137",111.302945
"675","1kmE3816N3138",338.250905499999
"676","1kmE3816N3139",162.081168999999
"677","1kmE3816N3140",397.1025615
"678","1kmE3816N3141",684.736225500001
"679","1kmE3816N3142",443.747839
"680","1kmE3816N3143",941.381924
"681","1kmE3817N3090",0
"682","1kmE3817N3091",0
"683","1kmE3817N3092",0
"684","1kmE3817N3093",0
"685","1kmE3817N3094",0
"686","1kmE3817N3095",0
"687","1kmE3817N3096",148.9393
"688","1kmE3817N3097",0
"689","1kmE3817N3098",0
"690","1kmE3817N3099",0
"691","1kmE3817N3100",0
"692","1kmE3817N3101",0
"693","1kmE3817N3102",0
"694","1kmE3817N3103",0
"695","1kmE3817N3104",0
"696","1kmE3817N3105",0
"697","1kmE3817N3106",0
"698","1kmE3817N3107",47.4670315000003
"699","1kmE3817N3108",53.522669
"700","1kmE3817N3109",125.1919525
"701","1kmE3817N3110",47.4670315000003
"702","1kmE3817N3111",0
"703","1kmE3817N3112",0
"704","1kmE3817N3113",0
"705","1kmE3817N3114",0
"706","1kmE3817N3115",0
"707","1kmE3817N3116",0
"708","1kmE3817N3117",0
"709","1kmE3817N3118",116.2103185
"710","1kmE3817N3119",62.6876494999997
"711","1kmE3817N3120",94.3374195000015
"712","1kmE3817N3121",293.502984500001
"713","1kmE3817N3122",62.6876494999997
"714","1kmE3817N3123",0
"715","1kmE3817N3124",0
"716","1kmE3817N3125",0
"717","1kmE3817N3126",0
"718","1kmE3817N3127",222.921513499999
"719","1kmE3817N3128",0
"720","1kmE3817N3129",0
"721","1kmE3817N3130",0
"722","1kmE3817N3131",36.4565469999998
"723","1kmE3817N3132",0
"724","1kmE3817N3133",0
"725","1kmE3817N3134",0
"726","1kmE3817N3135",0
"727","1kmE3817N3136",0
"728","1kmE3817N3137",167.805199999999
"729","1kmE3817N3138",427.801755500001
"730","1kmE3817N3139",0
"731","1kmE3817N3140",123.327154500001
"732","1kmE3817N3141",296.1780045
"733","1kmE3817N3142",798.028238500001
"734","1kmE3817N3143",1034.50153
"735","1kmE3818N3091",0
"736","1kmE3818N3095",0
"737","1kmE3818N3096",0
"738","1kmE3818N3097",0
"739","1kmE3818N3098",0
"740","1kmE3818N3099",0
"741","1kmE3818N3100",0
"742","1kmE3818N3101",0
"743","1kmE3818N3102",0
"744","1kmE3818N3103",0
"745","1kmE3818N3104",0
"746","1kmE3818N3105",0
"747","1kmE3818N3106",0
"748","1kmE3818N3107",47.4670315000003
"749","1kmE3818N3108",0
"750","1kmE3818N3109",0
"751","1kmE3818N3110",0
"752","1kmE3818N3111",0
"753","1kmE3818N3112",0
"754","1kmE3818N3113",0
"755","1kmE3818N3114",0
"756","1kmE3818N3115",0
"757","1kmE3818N3116",0
"758","1kmE3818N3117",185.761337
"759","1kmE3818N3118",62.6876494999997
"760","1kmE3818N3119",62.6876494999997
"761","1kmE3818N3120",0
"762","1kmE3818N3121",62.6876495000006
"763","1kmE3818N3122",157.025068999999
"764","1kmE3818N3123",157.025069000001
"765","1kmE3818N3124",0
"766","1kmE3818N3125",147.3450965
"767","1kmE3818N3126",0
"768","1kmE3818N3127",0
"769","1kmE3818N3128",0
"770","1kmE3818N3129",0
"771","1kmE3818N3130",0
"772","1kmE3818N3131",0
"773","1kmE3818N3132",0
"774","1kmE3818N3133",0
"775","1kmE3818N3134",70.4243369999986
"776","1kmE3818N3135",0
"777","1kmE3818N3136",0
"778","1kmE3818N3137",0
"779","1kmE3818N3138",73.4677805000001
"780","1kmE3818N3139",0
"781","1kmE3818N3140",0
"782","1kmE3818N3141",0
"783","1kmE3818N3142",891.926947
"784","1kmE3818N3143",787.412238000001
"785","1kmE3818N3144",448.999670499999
"786","1kmE3819N3095",0
"787","1kmE3819N3096",0
"788","1kmE3819N3097",0
"789","1kmE3819N3098",0
"790","1kmE3819N3099",12.3415525
"791","1kmE3819N3100",0
"792","1kmE3819N3101",0
"793","1kmE3819N3102",0
"794","1kmE3819N3103",0
"795","1kmE3819N3104",0
"796","1kmE3819N3105",0
"797","1kmE3819N3106",47.4670315000003
"798","1kmE3819N3107",0
"799","1kmE3819N3108",0
"800","1kmE3819N3109",0
"801","1kmE3819N3110",0
"802","1kmE3819N3111",0
"803","1kmE3819N3112",0
"804","1kmE3819N3113",0
"805","1kmE3819N3114",0
"806","1kmE3819N3115",0
"807","1kmE3819N3116",0
"808","1kmE3819N3117",0
"809","1kmE3819N3118",75.0432669999991
"810","1kmE3819N3119",0
"811","1kmE3819N3120",88.2449200000001
"812","1kmE3819N3121",381.7479045
"813","1kmE3819N3122",382.242657999999
"814","1kmE3819N3123",157.025068999999
"815","1kmE3819N3124",98.7465009999996
"816","1kmE3819N3125",136.477915500001
"817","1kmE3819N3126",33.9677900000006
"818","1kmE3819N3127",0
"819","1kmE3819N3128",0
"820","1kmE3819N3129",33.9677900000002
"821","1kmE3819N3130",260.646630499999
"822","1kmE3819N3131",151.953538
"823","1kmE3819N3132",254.571282500001
"824","1kmE3819N3133",0
"825","1kmE3819N3134",0
"826","1kmE3819N3135",0
"827","1kmE3819N3136",0
"828","1kmE3819N3137",0
"829","1kmE3819N3138",0
"830","1kmE3819N3139",0
"831","1kmE3819N3140",36.3152710000004
"832","1kmE3819N3141",0
"833","1kmE3819N3142",526.295669
"834","1kmE3819N3143",816.407551
"835","1kmE3819N3144",603.686401
"836","1kmE3819N3145",301.652676
"837","1kmE3820N3095",0
"838","1kmE3820N3096",0
"839","1kmE3820N3097",0
"840","1kmE3820N3098",0
"841","1kmE3820N3099",0
"842","1kmE3820N3100",0
"843","1kmE3820N3101",0
"844","1kmE3820N3102",0
"845","1kmE3820N3103",0
"846","1kmE3820N3104",0
"847","1kmE3820N3105",82.9730679999993
"848","1kmE3820N3106",82.9730679999993
"849","1kmE3820N3107",0
"850","1kmE3820N3108",0
"851","1kmE3820N3109",0
"852","1kmE3820N3110",0
"853","1kmE3820N3111",0
"854","1kmE3820N3112",0
"855","1kmE3820N3113",0
"856","1kmE3820N3114",0
"857","1kmE3820N3115",0
"858","1kmE3820N3116",0
"859","1kmE3820N3117",136.477915500001
"860","1kmE3820N3118",0
"861","1kmE3820N3119",59.1630789999999
"862","1kmE3820N3120",492.351054499999
"863","1kmE3820N3121",360.8979065
"864","1kmE3820N3122",150.932569500001
"865","1kmE3820N3123",58.2502665000011
"866","1kmE3820N3124",148.9393
"867","1kmE3820N3125",123.327154500001
"868","1kmE3820N3126",311.625397
"869","1kmE3820N3127",0
"870","1kmE3820N3128",0
"871","1kmE3820N3129",0
"872","1kmE3820N3130",0
"873","1kmE3820N3131",94.3374194999997
"874","1kmE3820N3132",116.768178499999
"875","1kmE3820N3133",82.9730680000002
"876","1kmE3820N3134",0
"877","1kmE3820N3135",0
"878","1kmE3820N3136",0
"879","1kmE3820N3137",0
"880","1kmE3820N3138",0
"881","1kmE3820N3139",0
"882","1kmE3820N3140",111.302944999999
"883","1kmE3820N3141",94.3374195000006
"884","1kmE3820N3142",111.302945
"885","1kmE3820N3143",180.323063
"886","1kmE3820N3144",282.865443999999
"887","1kmE3820N3145",332.5928215
"888","1kmE3821N3095",0
"889","1kmE3821N3096",0
"890","1kmE3821N3097",0
"891","1kmE3821N3098",0
"892","1kmE3821N3099",0
"893","1kmE3821N3100",135.014518
"894","1kmE3821N3101",0
"895","1kmE3821N3102",0
"896","1kmE3821N3103",123.3271545
"897","1kmE3821N3104",0
"898","1kmE3821N3105",0
"899","1kmE3821N3106",33.9677899999988
"900","1kmE3821N3107",123.327154500001
"901","1kmE3821N3108",0
"902","1kmE3821N3109",0
"903","1kmE3821N3110",0
"904","1kmE3821N3111",0
"905","1kmE3821N3112",0
"906","1kmE3821N3113",0
"907","1kmE3821N3114",0
"908","1kmE3821N3115",0
"909","1kmE3821N3116",0
"910","1kmE3821N3117",0
"911","1kmE3821N3118",0
"912","1kmE3821N3119",0
"913","1kmE3821N3120",248.951720000001
"914","1kmE3821N3121",113.164026500001
"915","1kmE3821N3122",407.956597999999
"916","1kmE3821N3123",0
"917","1kmE3821N3124",0
"918","1kmE3821N3125",0
"919","1kmE3821N3126",96.6554395000003
"920","1kmE3821N3127",0
"921","1kmE3821N3128",62.6876495000006
"922","1kmE3821N3129",0
"923","1kmE3821N3130",33.9677899999997
"924","1kmE3821N3131",0
"925","1kmE3821N3132",0
"926","1kmE3821N3133",0
"927","1kmE3821N3134",0
"928","1kmE3821N3135",0
"929","1kmE3821N3136",0
"930","1kmE3821N3137",56.9959075000006
"931","1kmE3821N3138",0
"932","1kmE3821N3139",0
"933","1kmE3821N3140",94.3374194999997
"934","1kmE3821N3141",256.0458565
"935","1kmE3821N3142",130.652690499999
"936","1kmE3821N3143",291.626008
"937","1kmE3821N3144",338.6138235
"938","1kmE3821N3145",452.589878500001
"939","1kmE3821N3146",328.975182
"940","1kmE3822N3095",0
"941","1kmE3822N3096",0
"942","1kmE3822N3097",0
"943","1kmE3822N3098",0
"944","1kmE3822N3099",0
"945","1kmE3822N3100",0
"946","1kmE3822N3101",78.4035949999998
"947","1kmE3822N3102",0
"948","1kmE3822N3103",123.327154500001
"949","1kmE3822N3104",116.699906
"950","1kmE3822N3105",18.0806954999989
"951","1kmE3822N3106",0
"952","1kmE3822N3107",0
"953","1kmE3822N3108",190.000584500001
"954","1kmE3822N3109",53.522669
"955","1kmE3822N3111",0
"956","1kmE3822N3112",0
"957","1kmE3822N3113",0
"958","1kmE3822N3114",0
"959","1kmE3822N3115",0
"960","1kmE3822N3116",0
"961","1kmE3822N3117",0
"962","1kmE3822N3118",0
"963","1kmE3822N3119",0
"964","1kmE3822N3120",0
"965","1kmE3822N3121",123.327155
"966","1kmE3822N3122",0
"967","1kmE3822N3123",185.761335
"968","1kmE3822N3124",0
"969","1kmE3822N3125",0
"970","1kmE3822N3126",0
"971","1kmE3822N3127",62.6876494999997
"972","1kmE3822N3128",62.6876494999997
"973","1kmE3822N3129",0
"974","1kmE3822N3130",0
"975","1kmE3822N3131",0
"976","1kmE3822N3132",0
"977","1kmE3822N3133",33.9677899999997
"978","1kmE3822N3134",0
"979","1kmE3822N3135",0
"980","1kmE3822N3136",0
"981","1kmE3822N3137",0
"982","1kmE3822N3138",0
"983","1kmE3822N3139",0
"984","1kmE3822N3140",0
"985","1kmE3822N3141",0
"986","1kmE3822N3142",94.3374194999997
"987","1kmE3822N3143",0
"988","1kmE3822N3144",358.6228565
"989","1kmE3822N3145",544.365076499998
"990","1kmE3822N3146",343.438134999999
"991","1kmE3823N3096",0
"992","1kmE3823N3097",0
"993","1kmE3823N3098",0
"994","1kmE3823N3099",0
"995","1kmE3823N3100",0
"996","1kmE3823N3101",0
"997","1kmE3823N3102",135.014518
"998","1kmE3823N3103",123.327154499999
"999","1kmE3823N3104",0
"1000","1kmE3823N3105",0
"1001","1kmE3823N3106",0
"1002","1kmE3823N3107",0
"1003","1kmE3823N3108",0
"1004","1kmE3823N3109",65.5211245
"1005","1kmE3823N3110",0
"1006","1kmE3823N3111",0
"1007","1kmE3823N3112",0
"1008","1kmE3823N3113",0
"1009","1kmE3823N3114",0
"1010","1kmE3823N3115",0
"1011","1kmE3823N3116",0
"1012","1kmE3823N3117",0
"1013","1kmE3823N3118",0
"1014","1kmE3823N3119",0
"1015","1kmE3823N3120",0
"1016","1kmE3823N3121",0
"1017","1kmE3823N3122",0
"1018","1kmE3823N3123",0
"1019","1kmE3823N3124",0
"1020","1kmE3823N3125",179.631515
"1021","1kmE3823N3126",62.6876494999997
"1022","1kmE3823N3127",62.6876494999997
"1023","1kmE3823N3128",62.6876494999997
"1024","1kmE3823N3129",0
"1025","1kmE3823N3130",0
"1026","1kmE3823N3131",0
"1027","1kmE3823N3132",0
"1028","1kmE3823N3133",33.9677899999997
"1029","1kmE3823N3134",0
"1030","1kmE3823N3135",0
"1031","1kmE3823N3136",0
"1032","1kmE3823N3137",0
"1033","1kmE3823N3138",0
"1034","1kmE3823N3139",0
"1035","1kmE3823N3140",0
"1036","1kmE3823N3141",0
"1037","1kmE3823N3142",0
"1038","1kmE3823N3143",28.1495195000007
"1039","1kmE3823N3144",33.9677899999997
"1040","1kmE3823N3145",435.695686999999
"1041","1kmE3823N3146",282.798596000001
"1042","1kmE3823N3147",93.3989090000005
"1043","1kmE3824N3097",0
"1044","1kmE3824N3098",0
"1045","1kmE3824N3099",0
"1046","1kmE3824N3100",0
"1047","1kmE3824N3101",0
"1048","1kmE3824N3102",135.014518
"1049","1kmE3824N3103",135.014518
"1050","1kmE3824N3104",0
"1051","1kmE3824N3105",0
"1052","1kmE3824N3106",0
"1053","1kmE3824N3107",0
"1054","1kmE3824N3108",39.3700219999992
"1055","1kmE3824N3109",47.4838675000001
"1056","1kmE3824N3110",0
"1057","1kmE3824N3111",0
"1058","1kmE3824N3112",0
"1059","1kmE3824N3113",0
"1060","1kmE3824N3114",0
"1061","1kmE3824N3115",0
"1062","1kmE3824N3116",0
"1063","1kmE3824N3117",0
"1064","1kmE3824N3118",0
"1065","1kmE3824N3119",0
"1066","1kmE3824N3120",0
"1067","1kmE3824N3121",0
"1068","1kmE3824N3122",0
"1069","1kmE3824N3123",0
"1070","1kmE3824N3124",0
"1071","1kmE3824N3125",0
"1072","1kmE3824N3126",147.345096500001
"1073","1kmE3824N3127",39.370022000001
"1074","1kmE3824N3128",0
"1075","1kmE3824N3129",0
"1076","1kmE3824N3130",0
"1077","1kmE3824N3131",0
"1078","1kmE3824N3132",173.380666
"1079","1kmE3824N3133",59.1630789999999
"1080","1kmE3824N3134",68.6851114999999
"1081","1kmE3824N3135",0
"1082","1kmE3824N3136",94.3374195000006
"1083","1kmE3824N3137",0
"1084","1kmE3824N3138",0
"1085","1kmE3824N3139",0
"1086","1kmE3824N3140",0
"1087","1kmE3824N3141",0
"1088","1kmE3824N3142",0
"1089","1kmE3824N3143",0
"1090","1kmE3824N3144",111.302945
"1091","1kmE3824N3145",309.386037
"1092","1kmE3824N3146",231.832334999999
"1093","1kmE3824N3147",90.9636974999994
"1094","1kmE3825N3097",0
"1095","1kmE3825N3098",0
"1096","1kmE3825N3100",0
"1097","1kmE3825N3101",0
"1098","1kmE3825N3102",174.7589505
"1099","1kmE3825N3103",185.761334500001
"1100","1kmE3825N3104",0
"1101","1kmE3825N3105",0
"1102","1kmE3825N3106",0
"1103","1kmE3825N3107",30.4144790000009
"1104","1kmE3825N3108",30.4144789999991
"1105","1kmE3825N3109",0
"1106","1kmE3825N3110",0
"1107","1kmE3825N3111",0
"1108","1kmE3825N3112",0
"1109","1kmE3825N3113",0
"1110","1kmE3825N3114",0
"1111","1kmE3825N3115",0
"1112","1kmE3825N3116",0
"1113","1kmE3825N3117",0
"1114","1kmE3825N3118",123.545808999999
"1115","1kmE3825N3119",0
"1116","1kmE3825N3120",0
"1117","1kmE3825N3121",103.254860999999
"1118","1kmE3825N3122",0
"1119","1kmE3825N3123",50.7782239999997
"1120","1kmE3825N3124",0
"1121","1kmE3825N3125",0
"1122","1kmE3825N3126",147.3450965
"1123","1kmE3825N3127",129.160979999999
"1124","1kmE3825N3128",39.1972495
"1125","1kmE3825N3129",0
"1126","1kmE3825N3130",0
"1127","1kmE3825N3131",0
"1128","1kmE3825N3132",0
"1129","1kmE3825N3133",0
"1130","1kmE3825N3134",0
"1131","1kmE3825N3135",0
"1132","1kmE3825N3136",0
"1133","1kmE3825N3137",62.6876494999997
"1134","1kmE3825N3138",0
"1135","1kmE3825N3139",0
"1136","1kmE3825N3140",0
"1137","1kmE3825N3141",0
"1138","1kmE3825N3142",0
"1139","1kmE3825N3143",33.9677900000006
"1140","1kmE3825N3144",126.552261999999
"1141","1kmE3825N3145",33.9677899999997
"1142","1kmE3825N3146",153.9915835
"1143","1kmE3825N3147",18.0806954999989
"1144","1kmE3825N3148",0
"1145","1kmE3826N3100",0
"1146","1kmE3826N3101",0
"1147","1kmE3826N3102",314.646031
"1148","1kmE3826N3103",135.014518
"1149","1kmE3826N3104",0
"1150","1kmE3826N3105",123.327154499999
"1151","1kmE3826N3106",47.4838675000001
"1152","1kmE3826N3107",5.50749949999954
"1153","1kmE3826N3108",0
"1154","1kmE3826N3109",0
"1155","1kmE3826N3110",0
"1156","1kmE3826N3111",0
"1157","1kmE3826N3112",0
"1158","1kmE3826N3113",0
"1159","1kmE3826N3114",0
"1160","1kmE3826N3115",136.477915500001
"1161","1kmE3826N3116",23.720765
"1162","1kmE3826N3117",769.731743
"1163","1kmE3826N3118",769.041097000001
"1164","1kmE3826N3119",587.121574000001
"1165","1kmE3826N3120",0
"1166","1kmE3826N3121",0
"1167","1kmE3826N3122",0
"1168","1kmE3826N3123",0
"1169","1kmE3826N3124",0
"1170","1kmE3826N3125",0
"1171","1kmE3826N3126",0
"1172","1kmE3826N3127",0
"1173","1kmE3826N3128",198.8800555
"1174","1kmE3826N3129",0
"1175","1kmE3826N3130",0
"1176","1kmE3826N3131",0
"1177","1kmE3826N3132",0
"1178","1kmE3826N3133",185.7613355
"1179","1kmE3826N3134",0
"1180","1kmE3826N3135",0
"1181","1kmE3826N3136",0
"1182","1kmE3826N3137",0
"1183","1kmE3826N3138",94.3374194999997
"1184","1kmE3826N3139",0
"1185","1kmE3826N3140",42.0780770000001
"1186","1kmE3826N3141",166.309211
"1187","1kmE3826N3142",33.9677899999997
"1188","1kmE3826N3143",22.4307590000008
"1189","1kmE3826N3144",0
"1190","1kmE3826N3145",0
"1191","1kmE3826N3146",126.552262
"1192","1kmE3826N3147",166.309211000002
"1193","1kmE3826N3148",0
"1194","1kmE3826N3149",82.501937
"1195","1kmE3827N3100",0
"1196","1kmE3827N3101",0
"1197","1kmE3827N3102",135.014518
"1198","1kmE3827N3103",0
"1199","1kmE3827N3104",297.7116945
"1200","1kmE3827N3105",258.341672500001
"1201","1kmE3827N3106",333.023660000001
"1202","1kmE3827N3107",202.6244815
"1203","1kmE3827N3108",0
"1204","1kmE3827N3109",0
"1205","1kmE3827N3110",0
"1206","1kmE3827N3111",0
"1207","1kmE3827N3112",0
"1208","1kmE3827N3113",0
"1209","1kmE3827N3114",0
"1210","1kmE3827N3115",0
"1211","1kmE3827N3116",246.8729635
"1212","1kmE3827N3117",691.554779500002
"1213","1kmE3827N3118",610.762007500001
"1214","1kmE3827N3119",546.658766
"1215","1kmE3827N3120",0
"1216","1kmE3827N3121",0
"1217","1kmE3827N3122",0
"1218","1kmE3827N3123",0
"1219","1kmE3827N3124",123.3271545
"1220","1kmE3827N3125",0
"1221","1kmE3827N3126",0
"1222","1kmE3827N3127",0
"1223","1kmE3827N3128",0
"1224","1kmE3827N3129",0
"1225","1kmE3827N3130",0
"1226","1kmE3827N3131",0
"1227","1kmE3827N3132",0
"1228","1kmE3827N3133",0
"1229","1kmE3827N3134",0
"1230","1kmE3827N3135",0
"1231","1kmE3827N3136",0
"1232","1kmE3827N3137",0
"1233","1kmE3827N3138",0
"1234","1kmE3827N3139",0
"1235","1kmE3827N3140",0
"1236","1kmE3827N3141",0
"1237","1kmE3827N3142",0
"1238","1kmE3827N3143",0
"1239","1kmE3827N3144",512.967842
"1240","1kmE3827N3145",0
"1241","1kmE3827N3146",0
"1242","1kmE3827N3147",73.4677804999992
"1243","1kmE3827N3148",360.427894500001
"1244","1kmE3827N3149",234.977465999999
"1245","1kmE3828N3099",0
"1246","1kmE3828N3100",0
"1247","1kmE3828N3101",0
"1248","1kmE3828N3102",0
"1249","1kmE3828N3103",28.6692654999988
"1250","1kmE3828N3104",30.4144789999991
"1251","1kmE3828N3105",0
"1252","1kmE3828N3106",258.341672499999
"1253","1kmE3828N3107",187.498925
"1254","1kmE3828N3108",0
"1255","1kmE3828N3109",0
"1256","1kmE3828N3110",0
"1257","1kmE3828N3111",0
"1258","1kmE3828N3112",0
"1259","1kmE3828N3113",0
"1260","1kmE3828N3114",0
"1261","1kmE3828N3115",0
"1262","1kmE3828N3116",0
"1263","1kmE3828N3117",410.347217999999
"1264","1kmE3828N3118",400.778773999999
"1265","1kmE3828N3119",123.545809000001
"1266","1kmE3828N3120",0
"1267","1kmE3828N3121",136.477915500001
"1268","1kmE3828N3122",0
"1269","1kmE3828N3123",0
"1270","1kmE3828N3124",0
"1271","1kmE3828N3125",0
"1272","1kmE3828N3126",0
"1273","1kmE3828N3127",0
"1274","1kmE3828N3128",0
"1275","1kmE3828N3129",0
"1276","1kmE3828N3130",136.5302035
"1277","1kmE3828N3131",0
"1278","1kmE3828N3132",0
"1279","1kmE3828N3133",0
"1280","1kmE3828N3134",0
"1281","1kmE3828N3135",0
"1282","1kmE3828N3136",0
"1283","1kmE3828N3137",0
"1284","1kmE3828N3138",248.315773
"1285","1kmE3828N3139",0
"1286","1kmE3828N3140",0
"1287","1kmE3828N3141",33.9677900000006
"1288","1kmE3828N3142",33.9677900000006
"1289","1kmE3828N3143",0
"1290","1kmE3828N3144",264.783125
"1291","1kmE3828N3145",0
"1292","1kmE3828N3146",139.9689755
"1293","1kmE3828N3147",84.7460140000003
"1294","1kmE3828N3148",624.020617999999
"1295","1kmE3828N3149",504.557279500001
"1296","1kmE3829N3096",148.9393
"1297","1kmE3829N3097",0
"1298","1kmE3829N3098",0
"1299","1kmE3829N3099",0
"1300","1kmE3829N3100",0
"1301","1kmE3829N3101",50.7200000000003
"1302","1kmE3829N3102",0
"1303","1kmE3829N3103",174.38454
"1304","1kmE3829N3104",165.428997000001
"1305","1kmE3829N3105",0
"1306","1kmE3829N3106",0
"1307","1kmE3829N3107",0
"1308","1kmE3829N3108",0
"1309","1kmE3829N3109",0
"1310","1kmE3829N3110",0
"1311","1kmE3829N3111",0
"1312","1kmE3829N3112",0
"1313","1kmE3829N3113",0
"1314","1kmE3829N3114",0
"1315","1kmE3829N3115",0
"1316","1kmE3829N3116",0
"1317","1kmE3829N3117",0
"1318","1kmE3829N3118",121.3355565
"1319","1kmE3829N3119",0
"1320","1kmE3829N3120",0
"1321","1kmE3829N3121",0
"1322","1kmE3829N3122",0
"1323","1kmE3829N3123",0
"1324","1kmE3829N3124",0
"1325","1kmE3829N3125",0
"1326","1kmE3829N3126",0
"1327","1kmE3829N3127",0
"1328","1kmE3829N3128",0
"1329","1kmE3829N3129",0
"1330","1kmE3829N3130",0
"1331","1kmE3829N3131",0
"1332","1kmE3829N3132",0
"1333","1kmE3829N3133",0
"1334","1kmE3829N3134",0
"1335","1kmE3829N3135",0
"1336","1kmE3829N3136",0
"1337","1kmE3829N3137",0
"1338","1kmE3829N3138",153.500498500001
"1339","1kmE3829N3139",166.732690999999
"1340","1kmE3829N3140",0
"1341","1kmE3829N3141",0
"1342","1kmE3829N3142",94.3374194999997
"1343","1kmE3829N3143",128.305209499999
"1344","1kmE3829N3144",267.130606000001
"1345","1kmE3829N3145",76.6614730000001
"1346","1kmE3829N3146",103.513484
"1347","1kmE3829N3147",253.664979499999
"1348","1kmE3829N3148",406.689459000001
"1349","1kmE3829N3149",125.516266000001
"1350","1kmE3829N3150",436.045477
"1351","1kmE3830N3096",0
"1352","1kmE3830N3097",0
"1353","1kmE3830N3098",0
"1354","1kmE3830N3099",0
"1355","1kmE3830N3100",0
"1356","1kmE3830N3101",0
"1357","1kmE3830N3102",39.1972495
"1358","1kmE3830N3103",198.8800555
"1359","1kmE3830N3104",0
"1360","1kmE3830N3105",0
"1361","1kmE3830N3106",0
"1362","1kmE3830N3107",0
"1363","1kmE3830N3108",0
"1364","1kmE3830N3109",0
"1365","1kmE3830N3110",0
"1366","1kmE3830N3111",0
"1367","1kmE3830N3112",0
"1368","1kmE3830N3113",0
"1369","1kmE3830N3114",0
"1370","1kmE3830N3115",0
"1371","1kmE3830N3116",0
"1372","1kmE3830N3117",33.9605345
"1373","1kmE3830N3118",0
"1374","1kmE3830N3119",0
"1375","1kmE3830N3120",0
"1376","1kmE3830N3121",0
"1377","1kmE3830N3122",0
"1378","1kmE3830N3123",0
"1379","1kmE3830N3124",0
"1380","1kmE3830N3125",0
"1381","1kmE3830N3126",0
"1382","1kmE3830N3127",0
"1383","1kmE3830N3128",0
"1384","1kmE3830N3129",0
"1385","1kmE3830N3130",0
"1386","1kmE3830N3131",0
"1387","1kmE3830N3132",0
"1388","1kmE3830N3133",0
"1389","1kmE3830N3134",0
"1390","1kmE3830N3135",0
"1391","1kmE3830N3136",0
"1392","1kmE3830N3137",0
"1393","1kmE3830N3138",0
"1394","1kmE3830N3139",0
"1395","1kmE3830N3140",0
"1396","1kmE3830N3141",0
"1397","1kmE3830N3142",0
"1398","1kmE3830N3143",170.445705499998
"1399","1kmE3830N3144",150.735968500001
"1400","1kmE3830N3145",128.3052095
"1401","1kmE3830N3146",53.522669
"1402","1kmE3830N3147",33.9677899999988
"1403","1kmE3830N3148",0
"1404","1kmE3830N3149",200.277001
"1405","1kmE3830N3150",541.906752499999
"1406","1kmE3831N3097",0
"1407","1kmE3831N3098",0
"1408","1kmE3831N3099",0
"1409","1kmE3831N3100",0
"1410","1kmE3831N3101",0
"1411","1kmE3831N3102",0
"1412","1kmE3831N3103",0
"1413","1kmE3831N3104",0
"1414","1kmE3831N3105",0
"1415","1kmE3831N3106",0
"1416","1kmE3831N3107",0
"1417","1kmE3831N3108",0
"1418","1kmE3831N3109",0
"1419","1kmE3831N3110",0
"1420","1kmE3831N3111",0
"1421","1kmE3831N3112",0
"1422","1kmE3831N3113",0
"1423","1kmE3831N3114",0
"1424","1kmE3831N3115",0
"1425","1kmE3831N3116",0
"1426","1kmE3831N3117",0
"1427","1kmE3831N3118",0
"1428","1kmE3831N3119",259.564495000001
"1429","1kmE3831N3120",0
"1430","1kmE3831N3121",0
"1431","1kmE3831N3122",0
"1432","1kmE3831N3123",0
"1433","1kmE3831N3124",0
"1434","1kmE3831N3125",0
"1435","1kmE3831N3126",98.7465010000001
"1436","1kmE3831N3127",0
"1437","1kmE3831N3128",0
"1438","1kmE3831N3129",0
"1439","1kmE3831N3130",0
"1440","1kmE3831N3131",0
"1441","1kmE3831N3132",0
"1442","1kmE3831N3133",0
"1443","1kmE3831N3134",0
"1444","1kmE3831N3135",0
"1445","1kmE3831N3136",0
"1446","1kmE3831N3137",179.6315125
"1447","1kmE3831N3138",0
"1448","1kmE3831N3139",0
"1449","1kmE3831N3140",0
"1450","1kmE3831N3141",0
"1451","1kmE3831N3142",0
"1452","1kmE3831N3143",94.3374194999997
"1453","1kmE3831N3144",94.3374194999997
"1454","1kmE3831N3145",94.3374194999997
"1455","1kmE3831N3146",128.3052095
"1456","1kmE3831N3147",0
"1457","1kmE3831N3148",0
"1458","1kmE3831N3149",412.704734500001
"1459","1kmE3831N3150",588.987982999999
"1460","1kmE3831N3151",630.004897999999
"1461","1kmE3832N3097",0
"1462","1kmE3832N3098",0
"1463","1kmE3832N3099",0
"1464","1kmE3832N3100",0
"1465","1kmE3832N3101",0
"1466","1kmE3832N3102",30.4144789999991
"1467","1kmE3832N3103",30.4144789999991
"1468","1kmE3832N3104",0
"1469","1kmE3832N3105",0
"1470","1kmE3832N3106",0
"1471","1kmE3832N3107",0
"1472","1kmE3832N3108",0
"1473","1kmE3832N3109",0
"1474","1kmE3832N3110",0
"1475","1kmE3832N3111",0
"1476","1kmE3832N3112",0
"1477","1kmE3832N3113",0
"1478","1kmE3832N3114",0
"1479","1kmE3832N3115",0
"1480","1kmE3832N3116",0
"1481","1kmE3832N3117",0
"1482","1kmE3832N3118",0
"1483","1kmE3832N3119",0
"1484","1kmE3832N3120",0
"1485","1kmE3832N3121",0
"1486","1kmE3832N3122",0
"1487","1kmE3832N3123",0
"1488","1kmE3832N3124",0
"1489","1kmE3832N3125",0
"1490","1kmE3832N3126",0
"1491","1kmE3832N3127",0
"1492","1kmE3832N3128",0
"1493","1kmE3832N3129",0
"1494","1kmE3832N3130",126.552262
"1495","1kmE3832N3131",0
"1496","1kmE3832N3132",0
"1497","1kmE3832N3133",0
"1498","1kmE3832N3134",0
"1499","1kmE3832N3135",0
"1500","1kmE3832N3136",0
"1501","1kmE3832N3137",0
"1502","1kmE3832N3138",0
"1503","1kmE3832N3139",0
"1504","1kmE3832N3140",0
"1505","1kmE3832N3141",0
"1506","1kmE3832N3142",22.4307590000008
"1507","1kmE3832N3143",162.081169000001
"1508","1kmE3832N3144",181.8278785
"1509","1kmE3832N3145",348.137089499999
"1510","1kmE3832N3146",0
"1511","1kmE3832N3147",33.9677900000006
"1512","1kmE3832N3148",166.309211
"1513","1kmE3832N3149",220.398917999999
"1514","1kmE3832N3150",686.563162499999
"1515","1kmE3832N3151",816.130224
"1516","1kmE3833N3096",0
"1517","1kmE3833N3097",0
"1518","1kmE3833N3098",0
"1519","1kmE3833N3099",0
"1520","1kmE3833N3100",153.54633
"1521","1kmE3833N3101",30.414479
"1522","1kmE3833N3102",0
"1523","1kmE3833N3103",135.8677195
"1524","1kmE3833N3104",0
"1525","1kmE3833N3105",0
"1526","1kmE3833N3106",0
"1527","1kmE3833N3107",0
"1528","1kmE3833N3108",0
"1529","1kmE3833N3109",0
"1530","1kmE3833N3110",0
"1531","1kmE3833N3111",0
"1532","1kmE3833N3112",0
"1533","1kmE3833N3113",65.5211245
"1534","1kmE3833N3114",0
"1535","1kmE3833N3115",0
"1536","1kmE3833N3116",19.0969535000004
"1537","1kmE3833N3117",0
"1538","1kmE3833N3118",0
"1539","1kmE3833N3119",0
"1540","1kmE3833N3120",0
"1541","1kmE3833N3121",0
"1542","1kmE3833N3122",0
"1543","1kmE3833N3123",0
"1544","1kmE3833N3124",0
"1545","1kmE3833N3125",33.9677900000006
"1546","1kmE3833N3126",0
"1547","1kmE3833N3127",0
"1548","1kmE3833N3128",0
"1549","1kmE3833N3129",0
"1550","1kmE3833N3130",0
"1551","1kmE3833N3131",0
"1552","1kmE3833N3132",0
"1553","1kmE3833N3133",36.3152710000004
"1554","1kmE3833N3134",0
"1555","1kmE3833N3135",0
"1556","1kmE3833N3136",0
"1557","1kmE3833N3137",168.083286
"1558","1kmE3833N3138",0
"1559","1kmE3833N3139",0
"1560","1kmE3833N3140",0
"1561","1kmE3833N3141",0
"1562","1kmE3833N3142",0
"1563","1kmE3833N3143",53.2315875000004
"1564","1kmE3833N3144",158.80221
"1565","1kmE3833N3145",193.826334
"1566","1kmE3833N3146",0
"1567","1kmE3833N3147",36.3152710000002
"1568","1kmE3833N3148",0
"1569","1kmE3833N3149",118.987453
"1570","1kmE3833N3150",535.241750000001
"1571","1kmE3833N3151",689.780656000003
"1572","1kmE3833N3152",719.842812499999
"1573","1kmE3834N3096",0
"1574","1kmE3834N3097",0
"1575","1kmE3834N3098",0
"1576","1kmE3834N3099",0
"1577","1kmE3834N3100",0
"1578","1kmE3834N3101",30.4144789999991
"1579","1kmE3834N3102",0
"1580","1kmE3834N3103",0
"1581","1kmE3834N3104",0
"1582","1kmE3834N3105",0
"1583","1kmE3834N3106",0
"1584","1kmE3834N3107",0
"1585","1kmE3834N3108",0
"1586","1kmE3834N3109",0
"1587","1kmE3834N3110",0
"1588","1kmE3834N3111",0
"1589","1kmE3834N3112",174.456979
"1590","1kmE3834N3113",0
"1591","1kmE3834N3114",0
"1592","1kmE3834N3115",28.6692659999999
"1593","1kmE3834N3116",0
"1594","1kmE3834N3117",0
"1595","1kmE3834N3118",0
"1596","1kmE3834N3119",0
"1597","1kmE3834N3120",0
"1598","1kmE3834N3121",0
"1599","1kmE3834N3122",0
"1600","1kmE3834N3123",0
"1601","1kmE3834N3124",36.3152709999995
"1602","1kmE3834N3125",0
"1603","1kmE3834N3126",0
"1604","1kmE3834N3127",0
"1605","1kmE3834N3128",0
"1606","1kmE3834N3129",0
"1607","1kmE3834N3130",35.2882910000008
"1608","1kmE3834N3131",0
"1609","1kmE3834N3132",0
"1610","1kmE3834N3133",0
"1611","1kmE3834N3134",0
"1612","1kmE3834N3135",0
"1613","1kmE3834N3136",0
"1614","1kmE3834N3137",0
"1615","1kmE3834N3138",0
"1616","1kmE3834N3139",0
"1617","1kmE3834N3140",0
"1618","1kmE3834N3141",0
"1619","1kmE3834N3142",0
"1620","1kmE3834N3143",0
"1621","1kmE3834N3144",0
"1622","1kmE3834N3145",0
"1623","1kmE3834N3146",33.9677899999997
"1624","1kmE3834N3147",33.9677899999997
"1625","1kmE3834N3148",33.9677899999997
"1626","1kmE3834N3149",18.0806954999998
"1627","1kmE3834N3150",222.2029215
"1628","1kmE3834N3151",743.712216
"1629","1kmE3834N3152",601.787174999999
"1630","1kmE3834N3153",127.195696
"1631","1kmE3835N3097",0
"1632","1kmE3835N3098",0
"1633","1kmE3835N3099",0
"1634","1kmE3835N3100",30.414479
"1635","1kmE3835N3101",0
"1636","1kmE3835N3102",0
"1637","1kmE3835N3103",0
"1638","1kmE3835N3104",0
"1639","1kmE3835N3105",166.309211
"1640","1kmE3835N3106",0
"1641","1kmE3835N3107",0
"1642","1kmE3835N3108",0
"1643","1kmE3835N3109",0
"1644","1kmE3835N3110",0
"1645","1kmE3835N3111",18.0806954999998
"1646","1kmE3835N3112",174.456979000001
"1647","1kmE3835N3113",0
"1648","1kmE3835N3114",0
"1649","1kmE3835N3115",0
"1650","1kmE3835N3116",0
"1651","1kmE3835N3117",0
"1652","1kmE3835N3118",0
"1653","1kmE3835N3119",0
"1654","1kmE3835N3120",0
"1655","1kmE3835N3121",0
"1656","1kmE3835N3122",0
"1657","1kmE3835N3123",0
"1658","1kmE3835N3124",0
"1659","1kmE3835N3125",0
"1660","1kmE3835N3126",0
"1661","1kmE3835N3127",0
"1662","1kmE3835N3128",0
"1663","1kmE3835N3129",0
"1664","1kmE3835N3130",0
"1665","1kmE3835N3131",0
"1666","1kmE3835N3132",0
"1667","1kmE3835N3133",0
"1668","1kmE3835N3134",0
"1669","1kmE3835N3135",0
"1670","1kmE3835N3136",0
"1671","1kmE3835N3137",0
"1672","1kmE3835N3138",0
"1673","1kmE3835N3139",0
"1674","1kmE3835N3140",0
"1675","1kmE3835N3141",0
"1676","1kmE3835N3142",0
"1677","1kmE3835N3143",0
"1678","1kmE3835N3144",0
"1679","1kmE3835N3145",130.3366425
"1680","1kmE3835N3146",0
"1681","1kmE3835N3147",94.3374195000006
"1682","1kmE3835N3148",0
"1683","1kmE3835N3149",36.3152709999995
"1684","1kmE3835N3150",33.9677900000006
"1685","1kmE3835N3151",592.0551725
"1686","1kmE3835N3152",601.147214000001
"1687","1kmE3835N3153",316.8532655
"1688","1kmE3836N3097",0
"1689","1kmE3836N3098",0
"1690","1kmE3836N3099",0
"1691","1kmE3836N3100",39.1972495
"1692","1kmE3836N3101",0
"1693","1kmE3836N3102",0
"1694","1kmE3836N3103",0
"1695","1kmE3836N3104",0
"1696","1kmE3836N3105",174.456979000001
"1697","1kmE3836N3106",0
"1698","1kmE3836N3107",0
"1699","1kmE3836N3108",0
"1700","1kmE3836N3109",0
"1701","1kmE3836N3110",0
"1702","1kmE3836N3111",0
"1703","1kmE3836N3112",0
"1704","1kmE3836N3113",0
"1705","1kmE3836N3114",0
"1706","1kmE3836N3115",82.9730680000002
"1707","1kmE3836N3116",98.7465009999996
"1708","1kmE3836N3117",0
"1709","1kmE3836N3118",50.7782239999997
"1710","1kmE3836N3119",0
"1711","1kmE3836N3120",0
"1712","1kmE3836N3121",0
"1713","1kmE3836N3122",0
"1714","1kmE3836N3123",0
"1715","1kmE3836N3124",0
"1716","1kmE3836N3125",0
"1717","1kmE3836N3126",0
"1718","1kmE3836N3127",0
"1719","1kmE3836N3128",0
"1720","1kmE3836N3129",53.9265020000003
"1721","1kmE3836N3130",0
"1722","1kmE3836N3131",0
"1723","1kmE3836N3132",23.3626899999999
"1724","1kmE3836N3133",0
"1725","1kmE3836N3134",0
"1726","1kmE3836N3135",0
"1727","1kmE3836N3136",0
"1728","1kmE3836N3137",0
"1729","1kmE3836N3138",0
"1730","1kmE3836N3139",0
"1731","1kmE3836N3140",0
"1732","1kmE3836N3141",0
"1733","1kmE3836N3142",0
"1734","1kmE3836N3143",94.3374194999997
"1735","1kmE3836N3144",94.3374195000006
"1736","1kmE3836N3145",36.3152709999995
"1737","1kmE3836N3146",36.3152710000004
"1738","1kmE3836N3147",56.9959075000006
"1739","1kmE3836N3148",130.6526905
"1740","1kmE3836N3149",33.9677899999997
"1741","1kmE3836N3150",36.3152710000004
"1742","1kmE3836N3151",343.4392885
"1743","1kmE3836N3152",491.8418855
"1744","1kmE3836N3153",471.747450999999
"1745","1kmE3836N3154",265.6126325
"1746","1kmE3837N3097",0
"1747","1kmE3837N3098",0
"1748","1kmE3837N3099",0
"1749","1kmE3837N3100",30.414479
"1750","1kmE3837N3101",0
"1751","1kmE3837N3102",0
"1752","1kmE3837N3103",0
"1753","1kmE3837N3104",82.9730680000002
"1754","1kmE3837N3105",166.0521455
"1755","1kmE3837N3106",0
"1756","1kmE3837N3107",0
"1757","1kmE3837N3108",0
"1758","1kmE3837N3109",0
"1759","1kmE3837N3110",0
"1760","1kmE3837N3111",0
"1761","1kmE3837N3112",0
"1762","1kmE3837N3113",0
"1763","1kmE3837N3114",0
"1764","1kmE3837N3115",98.7465010000005
"1765","1kmE3837N3116",12.3415525
"1766","1kmE3837N3117",0
"1767","1kmE3837N3118",179.6315125
"1768","1kmE3837N3119",0
"1769","1kmE3837N3120",0
"1770","1kmE3837N3121",0
"1771","1kmE3837N3122",0
"1772","1kmE3837N3123",0
"1773","1kmE3837N3124",0
"1774","1kmE3837N3125",0
"1775","1kmE3837N3126",0
"1776","1kmE3837N3127",98.7465009999996
"1777","1kmE3837N3128",0
"1778","1kmE3837N3129",0
"1779","1kmE3837N3130",37.5678429999989
"1780","1kmE3837N3131",0
"1781","1kmE3837N3132",0
"1782","1kmE3837N3133",0
"1783","1kmE3837N3134",0
"1784","1kmE3837N3135",157.5042735
"1785","1kmE3837N3136",0
"1786","1kmE3837N3137",81.7540129999998
"1787","1kmE3837N3138",192.522277499998
"1788","1kmE3837N3139",0
"1789","1kmE3837N3140",0
"1790","1kmE3837N3141",81.7540130000002
"1791","1kmE3837N3142",0
"1792","1kmE3837N3143",166.309211
"1793","1kmE3837N3144",33.9677900000006
"1794","1kmE3837N3145",0
"1795","1kmE3837N3146",0
"1796","1kmE3837N3147",0
"1797","1kmE3837N3148",0
"1798","1kmE3837N3149",33.9677899999997
"1799","1kmE3837N3150",36.3152710000004
"1800","1kmE3837N3151",0
"1801","1kmE3837N3152",434.363860000001
"1802","1kmE3837N3153",723.915539500002
"1803","1kmE3837N3154",677.602703500001
"1804","1kmE3838N3096",161.7084355
"1805","1kmE3838N3097",0
"1806","1kmE3838N3098",0
"1807","1kmE3838N3099",0
"1808","1kmE3838N3100",0
"1809","1kmE3838N3101",0
"1810","1kmE3838N3102",0
"1811","1kmE3838N3103",0
"1812","1kmE3838N3104",0
"1813","1kmE3838N3105",0
"1814","1kmE3838N3106",0
"1815","1kmE3838N3107",0
"1816","1kmE3838N3108",0
"1817","1kmE3838N3109",0
"1818","1kmE3838N3110",0
"1819","1kmE3838N3111",0
"1820","1kmE3838N3112",155.313815
"1821","1kmE3838N3113",147.345096500001
"1822","1kmE3838N3114",82.9730679999993
"1823","1kmE3838N3115",56.7571860000007
"1824","1kmE3838N3116",187.256139499999
"1825","1kmE3838N3117",117.7453795
"1826","1kmE3838N3118",0
"1827","1kmE3838N3119",0
"1828","1kmE3838N3120",0
"1829","1kmE3838N3121",50.7782240000015
"1830","1kmE3838N3122",0
"1831","1kmE3838N3123",0
"1832","1kmE3838N3124",0
"1833","1kmE3838N3125",0
"1834","1kmE3838N3126",0
"1835","1kmE3838N3127",0
"1836","1kmE3838N3128",0
"1837","1kmE3838N3129",0
"1838","1kmE3838N3130",0
"1839","1kmE3838N3131",0
"1840","1kmE3838N3132",0
"1841","1kmE3838N3133",0
"1842","1kmE3838N3134",0
"1843","1kmE3838N3135",0
"1844","1kmE3838N3136",468.082589
"1845","1kmE3838N3137",592.745733
"1846","1kmE3838N3138",548.048788999999
"1847","1kmE3838N3139",133.2749585
"1848","1kmE3838N3140",98.7465009999996
"1849","1kmE3838N3141",98.7465010000005
"1850","1kmE3838N3142",166.309211
"1851","1kmE3838N3143",78.8019779999995
"1852","1kmE3838N3144",167.805200000001
"1853","1kmE3838N3145",94.3374194999997
"1854","1kmE3838N3146",0
"1855","1kmE3838N3147",0
"1856","1kmE3838N3148",0
"1857","1kmE3838N3149",0
"1858","1kmE3838N3150",56.9959075000002
"1859","1kmE3838N3151",0
"1860","1kmE3838N3152",0
"1861","1kmE3838N3153",647.184201999999
"1862","1kmE3838N3154",668.042050000002
"1863","1kmE3838N3155",512.4756485
"1864","1kmE3839N3094",39.6222584999996
"1865","1kmE3839N3095",0
"1866","1kmE3839N3096",0
"1867","1kmE3839N3097",0
"1868","1kmE3839N3098",0
"1869","1kmE3839N3099",98.7465009999996
"1870","1kmE3839N3100",30.4144790000009
"1871","1kmE3839N3101",0
"1872","1kmE3839N3102",0
"1873","1kmE3839N3103",0
"1874","1kmE3839N3104",0
"1875","1kmE3839N3105",0
"1876","1kmE3839N3108",0
"1877","1kmE3839N3109",0
"1878","1kmE3839N3110",0
"1879","1kmE3839N3111",0
"1880","1kmE3839N3112",117.976437000001
"1881","1kmE3839N3113",0
"1882","1kmE3839N3114",323.944875499999
"1883","1kmE3839N3115",0
"1884","1kmE3839N3116",0
"1885","1kmE3839N3117",50.7782239999997
"1886","1kmE3839N3118",82.9730679999993
"1887","1kmE3839N3119",82.9730680000002
"1888","1kmE3839N3120",33.9677899999988
"1889","1kmE3839N3121",50.7782239999997
"1890","1kmE3839N3122",0
"1891","1kmE3839N3123",0
"1892","1kmE3839N3124",0
"1893","1kmE3839N3125",0
"1894","1kmE3839N3126",0
"1895","1kmE3839N3127",0
"1896","1kmE3839N3128",0
"1897","1kmE3839N3129",0
"1898","1kmE3839N3130",25.2262905000007
"1899","1kmE3839N3131",0
"1900","1kmE3839N3132",0
"1901","1kmE3839N3133",0
"1902","1kmE3839N3134",102.920868499999
"1903","1kmE3839N3135",265.479192000001
"1904","1kmE3839N3136",656.8142365
"1905","1kmE3839N3137",651.834010500002
"1906","1kmE3839N3138",675.739799999999
"1907","1kmE3839N3139",615.857954999999
"1908","1kmE3839N3140",50.7782239999997
"1909","1kmE3839N3141",136.477915500001
"1910","1kmE3839N3142",0
"1911","1kmE3839N3143",44.8341879999989
"1912","1kmE3839N3144",0
"1913","1kmE3839N3145",0
"1914","1kmE3839N3146",0
"1915","1kmE3839N3147",0
"1916","1kmE3839N3148",0
"1917","1kmE3839N3149",38.9921780000004
"1918","1kmE3839N3150",0
"1919","1kmE3839N3151",0
"1920","1kmE3839N3152",33.9677900000006
"1921","1kmE3839N3153",147.618216000001
"1922","1kmE3839N3154",553.709308500001
"1923","1kmE3839N3155",239.546816
"1924","1kmE3840N3093",0
"1925","1kmE3840N3094",0
"1926","1kmE3840N3095",0
"1927","1kmE3840N3096",0
"1928","1kmE3840N3097",0
"1929","1kmE3840N3098",0
"1930","1kmE3840N3099",98.7465009999996
"1931","1kmE3840N3100",0
"1932","1kmE3840N3101",0
"1933","1kmE3840N3102",0
"1934","1kmE3840N3103",0
"1935","1kmE3840N3104",0
"1936","1kmE3840N3105",0
"1937","1kmE3840N3106",0
"1938","1kmE3840N3107",0
"1939","1kmE3840N3108",0
"1940","1kmE3840N3109",0
"1941","1kmE3840N3110",0
"1942","1kmE3840N3111",0
"1943","1kmE3840N3112",0
"1944","1kmE3840N3113",33.9072149999993
"1945","1kmE3840N3114",23.720765
"1946","1kmE3840N3115",177.330486000001
"1947","1kmE3840N3116",0
"1948","1kmE3840N3117",50.7782239999997
"1949","1kmE3840N3118",111.302944999999
"1950","1kmE3840N3119",0
"1951","1kmE3840N3120",0
"1952","1kmE3840N3121",0
"1953","1kmE3840N3122",0
"1954","1kmE3840N3123",0
"1955","1kmE3840N3124",0
"1956","1kmE3840N3125",0
"1957","1kmE3840N3126",0
"1958","1kmE3840N3127",0
"1959","1kmE3840N3128",0
"1960","1kmE3840N3129",82.9730679999993
"1961","1kmE3840N3130",185.761334500001
"1962","1kmE3840N3131",0
"1963","1kmE3840N3132",0
"1964","1kmE3840N3133",0
"1965","1kmE3840N3134",0
"1966","1kmE3840N3135",0
"1967","1kmE3840N3136",246.899005000001
"1968","1kmE3840N3137",501.353186499999
"1969","1kmE3840N3138",436.439302499999
"1970","1kmE3840N3139",204.811069
"1971","1kmE3840N3140",0
"1972","1kmE3840N3141",0
"1973","1kmE3840N3142",0
"1974","1kmE3840N3143",0
"1975","1kmE3840N3144",0
"1976","1kmE3840N3145",36.3152710000004
"1977","1kmE3840N3146",0
"1978","1kmE3840N3147",94.3374194999997
"1979","1kmE3840N3148",94.3374194999997
"1980","1kmE3840N3149",36.3152709999999
"1981","1kmE3840N3150",0
"1982","1kmE3840N3151",36.3152710000004
"1983","1kmE3840N3152",33.9677900000006
"1984","1kmE3840N3153",128.305209499999
"1985","1kmE3840N3154",127.646601500001
"1986","1kmE3840N3155",230.762726000001
"1987","1kmE3840N3156",329.820178499999
"1988","1kmE3841N3093",0
"1989","1kmE3841N3094",96.3688524999998
"1990","1kmE3841N3095",0
"1991","1kmE3841N3096",0
"1992","1kmE3841N3097",0
"1993","1kmE3841N3098",0
"1994","1kmE3841N3099",0
"1995","1kmE3841N3100",0
"1996","1kmE3841N3101",0
"1997","1kmE3841N3102",53.2315875000004
"1998","1kmE3841N3103",82.9730679999993
"1999","1kmE3841N3104",0
"2000","1kmE3841N3105",0
"2001","1kmE3841N3106",0
"2002","1kmE3841N3107",0
"2003","1kmE3841N3108",0
"2004","1kmE3841N3109",185.761335
"2005","1kmE3841N3110",0
"2006","1kmE3841N3111",0
"2007","1kmE3841N3112",0
"2008","1kmE3841N3113",23.1107145000005
"2009","1kmE3841N3114",0.602057000000059
"2010","1kmE3841N3115",185.761334500001
"2011","1kmE3841N3116",0
"2012","1kmE3841N3117",0
"2013","1kmE3841N3118",0
"2014","1kmE3841N3119",0
"2015","1kmE3841N3120",0
"2016","1kmE3841N3121",135.014518
"2017","1kmE3841N3122",0
"2018","1kmE3841N3123",0
"2019","1kmE3841N3124",0
"2020","1kmE3841N3125",0
"2021","1kmE3841N3126",0
"2022","1kmE3841N3127",0
"2023","1kmE3841N3128",0
"2024","1kmE3841N3129",320.775852500001
"2025","1kmE3841N3130",135.014518
"2026","1kmE3841N3131",0
"2027","1kmE3841N3132",0
"2028","1kmE3841N3133",0
"2029","1kmE3841N3134",0
"2030","1kmE3841N3135",0
"2031","1kmE3841N3136",0
"2032","1kmE3841N3137",0
"2033","1kmE3841N3138",30.3540900000007
"2034","1kmE3841N3139",216.768531000002
"2035","1kmE3841N3140",41.0986434999995
"2036","1kmE3841N3141",41.0986434999995
"2037","1kmE3841N3142",0
"2038","1kmE3841N3143",0
"2039","1kmE3841N3144",94.3374194999997
"2040","1kmE3841N3145",94.3374194999997
"2041","1kmE3841N3146",0
"2042","1kmE3841N3147",94.3374194999997
"2043","1kmE3841N3148",94.3374194999997
"2044","1kmE3841N3149",0
"2045","1kmE3841N3150",0
"2046","1kmE3841N3151",0
"2047","1kmE3841N3152",33.9677899999997
"2048","1kmE3841N3153",33.9677900000006
"2049","1kmE3841N3154",200.277001
"2050","1kmE3841N3155",226.153865
"2051","1kmE3841N3156",181.591663
"2052","1kmE3842N3094",0
"2053","1kmE3842N3095",0
"2054","1kmE3842N3096",0
"2055","1kmE3842N3097",0
"2056","1kmE3842N3098",111.302945000001
"2057","1kmE3842N3099",0
"2058","1kmE3842N3100",0
"2059","1kmE3842N3101",30.414479
"2060","1kmE3842N3102",26.4804839999997
"2061","1kmE3842N3103",82.9730680000011
"2062","1kmE3842N3104",156.735952
"2063","1kmE3842N3105",0
"2064","1kmE3842N3106",0
"2065","1kmE3842N3107",0
"2066","1kmE3842N3108",0
"2067","1kmE3842N3109",0
"2068","1kmE3842N3110",82.9730680000002
"2069","1kmE3842N3111",82.9730679999998
"2070","1kmE3842N3112",0
"2071","1kmE3842N3113",0
"2072","1kmE3842N3114",82.9730679999993
"2073","1kmE3842N3115",0
"2074","1kmE3842N3116",0
"2075","1kmE3842N3117",0
"2076","1kmE3842N3118",0
"2077","1kmE3842N3119",0
"2078","1kmE3842N3120",0
"2079","1kmE3842N3121",0
"2080","1kmE3842N3122",0
"2081","1kmE3842N3123",0
"2082","1kmE3842N3124",0
"2083","1kmE3842N3125",0
"2084","1kmE3842N3126",0
"2085","1kmE3842N3127",0
"2086","1kmE3842N3128",0
"2087","1kmE3842N3129",0
"2088","1kmE3842N3130",0
"2089","1kmE3842N3131",0
"2090","1kmE3842N3132",0
"2091","1kmE3842N3133",0
"2092","1kmE3842N3134",0
"2093","1kmE3842N3135",0
"2094","1kmE3842N3136",0
"2095","1kmE3842N3137",0
"2096","1kmE3842N3138",301.898811499999
"2097","1kmE3842N3139",30.3540900000007
"2098","1kmE3842N3140",206.4672515
"2099","1kmE3842N3141",195.150164000001
"2100","1kmE3842N3142",0
"2101","1kmE3842N3143",0
"2102","1kmE3842N3144",94.3374194999997
"2103","1kmE3842N3145",111.302944999999
"2104","1kmE3842N3146",111.302944999999
"2105","1kmE3842N3147",0
"2106","1kmE3842N3148",0
"2107","1kmE3842N3149",0
"2108","1kmE3842N3150",0
"2109","1kmE3842N3151",0
"2110","1kmE3842N3152",128.3052095
"2111","1kmE3842N3153",149.366603
"2112","1kmE3842N3154",33.9677900000006
"2113","1kmE3842N3155",119.288338999999
"2114","1kmE3842N3156",340.502307
"2115","1kmE3843N3094",0
"2116","1kmE3843N3095",0
"2117","1kmE3843N3096",0
"2118","1kmE3843N3097",0
"2119","1kmE3843N3098",0
"2120","1kmE3843N3099",0
"2121","1kmE3843N3100",0
"2122","1kmE3843N3101",0
"2123","1kmE3843N3102",199.86115
"2124","1kmE3843N3103",0
"2125","1kmE3843N3104",0
"2126","1kmE3843N3105",0
"2127","1kmE3843N3106",0
"2128","1kmE3843N3107",0
"2129","1kmE3843N3108",0
"2130","1kmE3843N3109",0
"2131","1kmE3843N3110",0
"2132","1kmE3843N3111",252.724856
"2133","1kmE3843N3112",0
"2134","1kmE3843N3113",50.9418314999994
"2135","1kmE3843N3114",0
"2136","1kmE3843N3115",0
"2137","1kmE3843N3116",0
"2138","1kmE3843N3117",0
"2139","1kmE3843N3118",0
"2140","1kmE3843N3119",0
"2141","1kmE3843N3120",0
"2142","1kmE3843N3121",0
"2143","1kmE3843N3122",0
"2144","1kmE3843N3123",0
"2145","1kmE3843N3124",0
"2146","1kmE3843N3125",0
"2147","1kmE3843N3126",0
"2148","1kmE3843N3127",0
"2149","1kmE3843N3128",0
"2150","1kmE3843N3129",0
"2151","1kmE3843N3130",0
"2152","1kmE3843N3131",0
"2153","1kmE3843N3132",0
"2154","1kmE3843N3133",0
"2155","1kmE3843N3134",0
"2156","1kmE3843N3135",0
"2157","1kmE3843N3136",0
"2158","1kmE3843N3137",0
"2159","1kmE3843N3138",30.3540899999989
"2160","1kmE3843N3139",440.4181575
"2161","1kmE3843N3140",428.579648999999
"2162","1kmE3843N3141",81.7540129999998
"2163","1kmE3843N3142",0
"2164","1kmE3843N3143",0
"2165","1kmE3843N3144",78.4035944999996
"2166","1kmE3843N3145",166.309211
"2167","1kmE3843N3146",279.4302415
"2168","1kmE3843N3147",0
"2169","1kmE3843N3148",0
"2170","1kmE3843N3149",0
"2171","1kmE3843N3150",0
"2172","1kmE3843N3151",0
"2173","1kmE3843N3152",55.6441845000008
"2174","1kmE3843N3153",174.456979500001
"2175","1kmE3843N3154",33.9677899999997
"2176","1kmE3843N3155",0
"2177","1kmE3843N3156",145.270735
"2178","1kmE3843N3157",36.3152709999999
"2179","1kmE3844N3093",0
"2180","1kmE3844N3094",0
"2181","1kmE3844N3095",0
"2182","1kmE3844N3096",0
"2183","1kmE3844N3097",0
"2184","1kmE3844N3098",0
"2185","1kmE3844N3099",0
"2186","1kmE3844N3100",0
"2187","1kmE3844N3101",0
"2188","1kmE3844N3102",113.387547
"2189","1kmE3844N3103",0
"2190","1kmE3844N3104",0
"2191","1kmE3844N3105",0
"2192","1kmE3844N3106",0
"2193","1kmE3844N3107",0
"2194","1kmE3844N3108",0
"2195","1kmE3844N3109",0
"2196","1kmE3844N3110",0
"2197","1kmE3844N3111",0
"2198","1kmE3844N3112",23.1107145000005
"2199","1kmE3844N3113",0
"2200","1kmE3844N3114",0
"2201","1kmE3844N3115",0
"2202","1kmE3844N3116",0
"2203","1kmE3844N3117",0
"2204","1kmE3844N3118",0
"2205","1kmE3844N3119",0
"2206","1kmE3844N3120",0
"2207","1kmE3844N3121",0
"2208","1kmE3844N3122",82.9730679999993
"2209","1kmE3844N3123",0
"2210","1kmE3844N3124",0
"2211","1kmE3844N3125",29.8889705000001
"2212","1kmE3844N3126",0
"2213","1kmE3844N3127",0
"2214","1kmE3844N3128",0
"2215","1kmE3844N3129",0
"2216","1kmE3844N3130",0
"2217","1kmE3844N3131",0
"2218","1kmE3844N3132",0
"2219","1kmE3844N3133",0
"2220","1kmE3844N3134",30.3540900000007
"2221","1kmE3844N3135",72.1063549999999
"2222","1kmE3844N3136",0
"2223","1kmE3844N3137",0
"2224","1kmE3844N3138",120.951262
"2225","1kmE3844N3139",30.3540900000007
"2226","1kmE3844N3140",48.4347854999996
"2227","1kmE3844N3141",0
"2228","1kmE3844N3142",0
"2229","1kmE3844N3143",0
"2230","1kmE3844N3144",0
"2231","1kmE3844N3145",0
"2232","1kmE3844N3146",0
"2233","1kmE3844N3147",0
"2234","1kmE3844N3148",115.3804925
"2235","1kmE3844N3149",0
"2236","1kmE3844N3150",33.9677899999997
"2237","1kmE3844N3151",0
"2238","1kmE3844N3152",0
"2239","1kmE3844N3153",33.9677899999997
"2240","1kmE3844N3154",0
"2241","1kmE3844N3155",0
"2242","1kmE3844N3156",475.606842000001
"2243","1kmE3844N3157",449.849245500001
"2244","1kmE3845N3093",0
"2245","1kmE3845N3094",0
"2246","1kmE3845N3095",0
"2247","1kmE3845N3096",0
"2248","1kmE3845N3097",39.3700214999999
"2249","1kmE3845N3098",0
"2250","1kmE3845N3099",0
"2251","1kmE3845N3100",129.7368745
"2252","1kmE3845N3101",0
"2253","1kmE3845N3102",82.9730679999993
"2254","1kmE3845N3103",0
"2255","1kmE3845N3104",214.398822
"2256","1kmE3845N3105",0
"2257","1kmE3845N3106",0
"2258","1kmE3845N3107",0
"2259","1kmE3845N3108",0
"2260","1kmE3845N3109",0
"2261","1kmE3845N3110",0
"2262","1kmE3845N3111",0
"2263","1kmE3845N3112",0
"2264","1kmE3845N3113",0
"2265","1kmE3845N3114",0
"2266","1kmE3845N3115",0
"2267","1kmE3845N3116",42.6956424999989
"2268","1kmE3845N3117",0
"2269","1kmE3845N3118",0
"2270","1kmE3845N3119",0
"2271","1kmE3845N3120",0
"2272","1kmE3845N3121",0
"2273","1kmE3845N3122",0
"2274","1kmE3845N3123",0
"2275","1kmE3845N3124",0
"2276","1kmE3845N3125",0
"2277","1kmE3845N3126",0
"2278","1kmE3845N3127",0
"2279","1kmE3845N3128",0
"2280","1kmE3845N3129",0
"2281","1kmE3845N3130",0
"2282","1kmE3845N3131",0
"2283","1kmE3845N3132",0
"2284","1kmE3845N3133",0
"2285","1kmE3845N3134",0
"2286","1kmE3845N3135",81.7540129999998
"2287","1kmE3845N3136",0
"2288","1kmE3845N3137",0
"2289","1kmE3845N3138",30.3540900000007
"2290","1kmE3845N3139",108.864364000001
"2291","1kmE3845N3140",72.7341704999999
"2292","1kmE3845N3141",0
"2293","1kmE3845N3142",0
"2294","1kmE3845N3143",0
"2295","1kmE3845N3144",0
"2296","1kmE3845N3145",0
"2297","1kmE3845N3146",0
"2298","1kmE3845N3147",0
"2299","1kmE3845N3148",0
"2300","1kmE3845N3149",0
"2301","1kmE3845N3150",0
"2302","1kmE3845N3151",0
"2303","1kmE3845N3152",33.9677899999988
"2304","1kmE3845N3153",0
"2305","1kmE3845N3154",0
"2306","1kmE3845N3155",161.7084355
"2307","1kmE3845N3156",566.338239000001
"2308","1kmE3845N3157",776.218661500001
"2309","1kmE3845N3158",303.1380065
"2310","1kmE3845N3159",0
"2311","1kmE3845N3160",0
"2312","1kmE3846N3092",0
"2313","1kmE3846N3093",0
"2314","1kmE3846N3094",0
"2315","1kmE3846N3095",0
"2316","1kmE3846N3096",29.8889704999992
"2317","1kmE3846N3097",136.4779155
"2318","1kmE3846N3098",0
"2319","1kmE3846N3099",0
"2320","1kmE3846N3100",0
"2321","1kmE3846N3101",82.9730680000011
"2322","1kmE3846N3102",0
"2323","1kmE3846N3103",98.7465009999996
"2324","1kmE3846N3104",50.7199995000001
"2325","1kmE3846N3105",28.6692654999997
"2326","1kmE3846N3106",0
"2327","1kmE3846N3107",0
"2328","1kmE3846N3108",120.591189
"2329","1kmE3846N3109",0
"2330","1kmE3846N3110",322.291538
"2331","1kmE3846N3111",0
"2332","1kmE3846N3112",0
"2333","1kmE3846N3113",0
"2334","1kmE3846N3114",0
"2335","1kmE3846N3115",185.667905
"2336","1kmE3846N3116",268.640973000001
"2337","1kmE3846N3117",0
"2338","1kmE3846N3118",0
"2339","1kmE3846N3119",0
"2340","1kmE3846N3120",0
"2341","1kmE3846N3121",0
"2342","1kmE3846N3122",0
"2343","1kmE3846N3123",0
"2344","1kmE3846N3124",0
"2345","1kmE3846N3125",0
"2346","1kmE3846N3126",0
"2347","1kmE3846N3127",0
"2348","1kmE3846N3128",0
"2349","1kmE3846N3129",0
"2350","1kmE3846N3130",0
"2351","1kmE3846N3131",0
"2352","1kmE3846N3132",0
"2353","1kmE3846N3133",0
"2354","1kmE3846N3134",0
"2355","1kmE3846N3135",0
"2356","1kmE3846N3136",0
"2357","1kmE3846N3137",0
"2358","1kmE3846N3138",62.6876494999997
"2359","1kmE3846N3139",81.7540129999998
"2360","1kmE3846N3140",0
"2361","1kmE3846N3141",0
"2362","1kmE3846N3142",157.504274
"2363","1kmE3846N3143",174.4569785
"2364","1kmE3846N3144",98.7465010000014
"2365","1kmE3846N3145",0
"2366","1kmE3846N3146",58.2502665000002
"2367","1kmE3846N3147",0
"2368","1kmE3846N3148",168.1613425
"2369","1kmE3846N3149",211.76633
"2370","1kmE3846N3150",0
"2371","1kmE3846N3151",0
"2372","1kmE3846N3152",164.425798
"2373","1kmE3846N3153",238.707646999999
"2374","1kmE3846N3154",42.760123
"2375","1kmE3846N3155",33.9677899999997
"2376","1kmE3846N3156",538.008573000001
"2377","1kmE3846N3157",785.865180999997
"2378","1kmE3846N3158",33.9677899999988
"2379","1kmE3846N3159",0
"2380","1kmE3846N3160",0
"2381","1kmE3847N3092",0
"2382","1kmE3847N3093",0
"2383","1kmE3847N3094",0
"2384","1kmE3847N3095",0
"2385","1kmE3847N3096",99.3137264999996
"2386","1kmE3847N3097",0
"2387","1kmE3847N3098",136.530204000001
"2388","1kmE3847N3099",96.4842904999996
"2389","1kmE3847N3100",0
"2390","1kmE3847N3101",360.218313500001
"2391","1kmE3847N3102",0
"2392","1kmE3847N3103",118.523878
"2393","1kmE3847N3104",0
"2394","1kmE3847N3105",0
"2395","1kmE3847N3106",0
"2396","1kmE3847N3107",0
"2397","1kmE3847N3108",0
"2398","1kmE3847N3109",0
"2399","1kmE3847N3110",78.4035949999998
"2400","1kmE3847N3111",78.4035950000016
"2401","1kmE3847N3112",0
"2402","1kmE3847N3113",0
"2403","1kmE3847N3114",0
"2404","1kmE3847N3115",136.530204
"2405","1kmE3847N3116",136.5302035
"2406","1kmE3847N3117",0
"2407","1kmE3847N3118",0
"2408","1kmE3847N3119",0
"2409","1kmE3847N3120",0
"2410","1kmE3847N3121",0
"2411","1kmE3847N3122",0
"2412","1kmE3847N3123",0
"2413","1kmE3847N3124",0
"2414","1kmE3847N3125",0
"2415","1kmE3847N3126",0
"2416","1kmE3847N3127",0
"2417","1kmE3847N3128",0
"2418","1kmE3847N3129",0
"2419","1kmE3847N3130",0
"2420","1kmE3847N3131",0
"2421","1kmE3847N3132",0
"2422","1kmE3847N3133",0
"2423","1kmE3847N3134",135.014518000002
"2424","1kmE3847N3135",0
"2425","1kmE3847N3136",99.5271679999996
"2426","1kmE3847N3137",0
"2427","1kmE3847N3138",0
"2428","1kmE3847N3139",280.098754000001
"2429","1kmE3847N3140",0
"2430","1kmE3847N3141",0
"2431","1kmE3847N3142",126.552262000001
"2432","1kmE3847N3143",123.7679305
"2433","1kmE3847N3144",143.554255
"2434","1kmE3847N3145",187.133448
"2435","1kmE3847N3146",146.625093500001
"2436","1kmE3847N3147",0
"2437","1kmE3847N3148",123.327154499999
"2438","1kmE3847N3149",33.9677900000024
"2439","1kmE3847N3150",46.0433089999988
"2440","1kmE3847N3151",21.6763944999984
"2441","1kmE3847N3152",21.0613935000001
"2442","1kmE3847N3153",350.4877265
"2443","1kmE3847N3154",288.047189000001
"2444","1kmE3847N3155",100.07999
"2445","1kmE3847N3156",129.580202000001
"2446","1kmE3847N3157",361.0354995
"2447","1kmE3847N3158",33.9677900000006
"2448","1kmE3847N3159",0
"2449","1kmE3847N3160",0
"2450","1kmE3847N3161",0
"2451","1kmE3848N3092",0
"2452","1kmE3848N3093",50.7199999999993
"2453","1kmE3848N3094",0
"2454","1kmE3848N3095",0
"2455","1kmE3848N3096",0
"2456","1kmE3848N3097",0
"2457","1kmE3848N3098",67.2649469999997
"2458","1kmE3848N3099",0
"2459","1kmE3848N3100",0
"2460","1kmE3848N3101",246.091597500001
"2461","1kmE3848N3102",0
"2462","1kmE3848N3103",0
"2463","1kmE3848N3104",179.3419205
"2464","1kmE3848N3105",0
"2465","1kmE3848N3106",0
"2466","1kmE3848N3107",0
"2467","1kmE3848N3108",0
"2468","1kmE3848N3109",0
"2469","1kmE3848N3110",0
"2470","1kmE3848N3111",0
"2471","1kmE3848N3112",0
"2472","1kmE3848N3113",0
"2473","1kmE3848N3114",0
"2474","1kmE3848N3115",0
"2475","1kmE3848N3117",0
"2476","1kmE3848N3118",0
"2477","1kmE3848N3119",0
"2478","1kmE3848N3120",0
"2479","1kmE3848N3121",0
"2480","1kmE3848N3122",0
"2481","1kmE3848N3123",0
"2482","1kmE3848N3124",0
"2483","1kmE3848N3125",0
"2484","1kmE3848N3126",0
"2485","1kmE3848N3127",0
"2486","1kmE3848N3128",0
"2487","1kmE3848N3129",0
"2488","1kmE3848N3130",0
"2489","1kmE3848N3131",0
"2490","1kmE3848N3132",0
"2491","1kmE3848N3133",0
"2492","1kmE3848N3134",0
"2493","1kmE3848N3135",135.014518
"2494","1kmE3848N3136",135.014518
"2495","1kmE3848N3137",41.0986435000013
"2496","1kmE3848N3138",41.0986435000013
"2497","1kmE3848N3139",111.302944999999
"2498","1kmE3848N3140",33.9677900000006
"2499","1kmE3848N3141",0
"2500","1kmE3848N3142",0
"2501","1kmE3848N3143",173.024907000001
"2502","1kmE3848N3144",203.802361
"2503","1kmE3848N3145",28.403969500001
"2504","1kmE3848N3146",32.6198955
"2505","1kmE3848N3147",30.4144789999991
"2506","1kmE3848N3148",97.6126920000006
"2507","1kmE3848N3149",50.7782239999997
"2508","1kmE3848N3150",230.5039275
"2509","1kmE3848N3151",194.29752
"2510","1kmE3848N3152",144.388547999999
"2511","1kmE3848N3153",178.356338
"2512","1kmE3848N3154",248.304291
"2513","1kmE3848N3155",383.4519925
"2514","1kmE3848N3156",221.604092
"2515","1kmE3848N3157",207.570330500001
"2516","1kmE3848N3158",33.9677900000006
"2517","1kmE3848N3159",17.4613795
"2518","1kmE3848N3160",0
"2519","1kmE3848N3161",0
"2520","1kmE3849N3091",0
"2521","1kmE3849N3092",0
"2522","1kmE3849N3093",0
"2523","1kmE3849N3094",0
"2524","1kmE3849N3095",29.8889705000001
"2525","1kmE3849N3096",0
"2526","1kmE3849N3097",0
"2527","1kmE3849N3098",0
"2528","1kmE3849N3099",0
"2529","1kmE3849N3100",0
"2530","1kmE3849N3101",33.9677899999988
"2531","1kmE3849N3102",170.497994000001
"2532","1kmE3849N3103",33.9677899999988
"2533","1kmE3849N3104",78.4035954999999
"2534","1kmE3849N3105",0
"2535","1kmE3849N3106",0
"2536","1kmE3849N3107",0
"2537","1kmE3849N3108",0
"2538","1kmE3849N3109",0
"2539","1kmE3849N3110",0
"2540","1kmE3849N3111",111.302945000001
"2541","1kmE3849N3112",0
"2542","1kmE3849N3113",0
"2543","1kmE3849N3114",0
"2544","1kmE3849N3115",0
"2545","1kmE3849N3116",0
"2546","1kmE3849N3117",0
"2547","1kmE3849N3118",0
"2548","1kmE3849N3119",0
"2549","1kmE3849N3120",0
"2550","1kmE3849N3121",0
"2551","1kmE3849N3122",0
"2552","1kmE3849N3123",0
"2553","1kmE3849N3124",0
"2554","1kmE3849N3125",0
"2555","1kmE3849N3126",98.7465009999996
"2556","1kmE3849N3127",0
"2557","1kmE3849N3128",0
"2558","1kmE3849N3129",0
"2559","1kmE3849N3130",0
"2560","1kmE3849N3131",0
"2561","1kmE3849N3132",0
"2562","1kmE3849N3133",0
"2563","1kmE3849N3134",0
"2564","1kmE3849N3135",0
"2565","1kmE3849N3136",135.014518
"2566","1kmE3849N3137",261.2922125
"2567","1kmE3849N3138",199.653952999999
"2568","1kmE3849N3139",0
"2569","1kmE3849N3140",62.6876494999997
"2570","1kmE3849N3141",41.0986434999995
"2571","1kmE3849N3142",82.9730680000011
"2572","1kmE3849N3143",123.327155000001
"2573","1kmE3849N3144",123.327154999999
"2574","1kmE3849N3145",123.327154999999
"2575","1kmE3849N3146",30.4144790000009
"2576","1kmE3849N3147",93.1021285000006
"2577","1kmE3849N3148",93.1021285000006
"2578","1kmE3849N3149",0
"2579","1kmE3849N3150",123.3271545
"2580","1kmE3849N3151",195.781773000001
"2581","1kmE3849N3152",144.388548000001
"2582","1kmE3849N3153",93.1677485
"2583","1kmE3849N3154",311.312760000001
"2584","1kmE3849N3155",78.4035954999999
"2585","1kmE3849N3156",136.395261
"2586","1kmE3849N3157",633.686219000001
"2587","1kmE3849N3158",815.558664500002
"2588","1kmE3849N3159",459.693775
"2589","1kmE3849N3160",0
"2590","1kmE3850N3088",0
"2591","1kmE3850N3089",0
"2592","1kmE3850N3090",0
"2593","1kmE3850N3091",0
"2594","1kmE3850N3092",0
"2595","1kmE3850N3093",0
"2596","1kmE3850N3094",0
"2597","1kmE3850N3095",0
"2598","1kmE3850N3096",0
"2599","1kmE3850N3097",0
"2600","1kmE3850N3098",0
"2601","1kmE3850N3099",0
"2602","1kmE3850N3100",0
"2603","1kmE3850N3101",0
"2604","1kmE3850N3102",512.587055999997
"2605","1kmE3850N3103",451.153589
"2606","1kmE3850N3104",0
"2607","1kmE3850N3105",0
"2608","1kmE3850N3106",0
"2609","1kmE3850N3107",0
"2610","1kmE3850N3109",0
"2611","1kmE3850N3110",0
"2612","1kmE3850N3111",0
"2613","1kmE3850N3112",0
"2614","1kmE3850N3113",0
"2615","1kmE3850N3114",0
"2616","1kmE3850N3115",33.9677899999988
"2617","1kmE3850N3116",0
"2618","1kmE3850N3117",0
"2619","1kmE3850N3118",0
"2620","1kmE3850N3119",0
"2621","1kmE3850N3120",0
"2622","1kmE3850N3121",0
"2623","1kmE3850N3122",0
"2624","1kmE3850N3123",0
"2625","1kmE3850N3124",0
"2626","1kmE3850N3125",0
"2627","1kmE3850N3126",0
"2628","1kmE3850N3127",136.4779155
"2629","1kmE3850N3128",0
"2630","1kmE3850N3129",0
"2631","1kmE3850N3130",0
"2632","1kmE3850N3131",0
"2633","1kmE3850N3132",0
"2634","1kmE3850N3133",0
"2635","1kmE3850N3134",0
"2636","1kmE3850N3135",0
"2637","1kmE3850N3136",0
"2638","1kmE3850N3137",753.294881499998
"2639","1kmE3850N3138",657.599409
"2640","1kmE3850N3139",103.084454000002
"2641","1kmE3850N3140",168.1613425
"2642","1kmE3850N3141",0
"2643","1kmE3850N3142",166.8435845
"2644","1kmE3850N3143",204.7167075
"2645","1kmE3850N3144",123.327154999999
"2646","1kmE3850N3145",123.327155000001
"2647","1kmE3850N3146",136.530204000001
"2648","1kmE3850N3147",173.990594500001
"2649","1kmE3850N3148",89.1681334999994
"2650","1kmE3850N3149",62.6876494999997
"2651","1kmE3850N3150",0
"2652","1kmE3850N3151",0
"2653","1kmE3850N3152",0
"2654","1kmE3850N3153",89.8379399999994
"2655","1kmE3850N3154",78.4035955000008
"2656","1kmE3850N3155",123.327154500001
"2657","1kmE3850N3156",168.679609500001
"2658","1kmE3850N3157",757.5896405
"2659","1kmE3850N3158",898.084255
"2660","1kmE3850N3159",414.7837065
"2661","1kmE3850N3160",0
"2662","1kmE3851N3088",0
"2663","1kmE3851N3089",0
"2664","1kmE3851N3090",0
"2665","1kmE3851N3091",15.7895250000001
"2666","1kmE3851N3092",0
"2667","1kmE3851N3093",0
"2668","1kmE3851N3094",0
"2669","1kmE3851N3095",163.678823
"2670","1kmE3851N3096",0
"2671","1kmE3851N3097",0
"2672","1kmE3851N3098",0
"2673","1kmE3851N3099",0
"2674","1kmE3851N3100",0
"2675","1kmE3851N3101",418.2689725
"2676","1kmE3851N3102",331.269094499999
"2677","1kmE3851N3103",420.7605265
"2678","1kmE3851N3104",0
"2679","1kmE3851N3105",0
"2680","1kmE3851N3106",0
"2681","1kmE3851N3107",0
"2682","1kmE3851N3108",0
"2683","1kmE3851N3109",52.9724035000008
"2684","1kmE3851N3110",0
"2685","1kmE3851N3111",0
"2686","1kmE3851N3112",0
"2687","1kmE3851N3113",0
"2688","1kmE3851N3114",0
"2689","1kmE3851N3115",0
"2690","1kmE3851N3116",0
"2691","1kmE3851N3117",0
"2692","1kmE3851N3118",0
"2693","1kmE3851N3119",0
"2694","1kmE3851N3120",0
"2695","1kmE3851N3121",0
"2696","1kmE3851N3122",0
"2697","1kmE3851N3123",0
"2698","1kmE3851N3124",0
"2699","1kmE3851N3125",0
"2700","1kmE3851N3126",0
"2701","1kmE3851N3127",0
"2702","1kmE3851N3128",0
"2703","1kmE3851N3129",0
"2704","1kmE3851N3130",0
"2705","1kmE3851N3131",0
"2706","1kmE3851N3132",410.1285635
"2707","1kmE3851N3133",288.0542365
"2708","1kmE3851N3134",0
"2709","1kmE3851N3135",0
"2710","1kmE3851N3136",200.277001
"2711","1kmE3851N3137",291.707152500001
"2712","1kmE3851N3138",725.743052
"2713","1kmE3851N3139",0
"2714","1kmE3851N3140",0
"2715","1kmE3851N3141",0
"2716","1kmE3851N3142",188.3505305
"2717","1kmE3851N3143",105.9198065
"2718","1kmE3851N3144",0
"2719","1kmE3851N3145",0
"2720","1kmE3851N3146",0
"2721","1kmE3851N3147",72.1063549999999
"2722","1kmE3851N3148",341.302180000001
"2723","1kmE3851N3149",121.8507285
"2724","1kmE3851N3150",0
"2725","1kmE3851N3151",136.5302035
"2726","1kmE3851N3152",0
"2727","1kmE3851N3153",0
"2728","1kmE3851N3154",123.327154500001
"2729","1kmE3851N3155",363.439187
"2730","1kmE3851N3156",0
"2731","1kmE3851N3157",55.6441845000008
"2732","1kmE3851N3158",580.765814999999
"2733","1kmE3851N3159",135.014518999998
"2734","1kmE3852N3087",0
"2735","1kmE3852N3088",0
"2736","1kmE3852N3089",0
"2737","1kmE3852N3090",0
"2738","1kmE3852N3091",0
"2739","1kmE3852N3092",0
"2740","1kmE3852N3093",0
"2741","1kmE3852N3094",0
"2742","1kmE3852N3095",0
"2743","1kmE3852N3096",0
"2744","1kmE3852N3097",0
"2745","1kmE3852N3098",78.4035949999998
"2746","1kmE3852N3099",0
"2747","1kmE3852N3100",102.920868000001
"2748","1kmE3852N3101",0
"2749","1kmE3852N3102",170.497993999999
"2750","1kmE3852N3103",33.9677899999988
"2751","1kmE3852N3104",0
"2752","1kmE3852N3105",0
"2753","1kmE3852N3106",0
"2754","1kmE3852N3107",0
"2755","1kmE3852N3108",82.9730680000011
"2756","1kmE3852N3109",0
"2757","1kmE3852N3110",0
"2758","1kmE3852N3111",0
"2759","1kmE3852N3112",0
"2760","1kmE3852N3113",0
"2761","1kmE3852N3114",0
"2762","1kmE3852N3115",0
"2763","1kmE3852N3116",0
"2764","1kmE3852N3117",0
"2765","1kmE3852N3118",0
"2766","1kmE3852N3119",0
"2767","1kmE3852N3120",0
"2768","1kmE3852N3121",0
"2769","1kmE3852N3122",0
"2770","1kmE3852N3123",0
"2771","1kmE3852N3124",0
"2772","1kmE3852N3125",0
"2773","1kmE3852N3126",0
"2774","1kmE3852N3127",0
"2775","1kmE3852N3128",0
"2776","1kmE3852N3129",0
"2777","1kmE3852N3130",166.309210500001
"2778","1kmE3852N3131",0
"2779","1kmE3852N3132",440.482653499999
"2780","1kmE3852N3133",475.283188000001
"2781","1kmE3852N3134",174.456979
"2782","1kmE3852N3135",78.4035954999999
"2783","1kmE3852N3136",202.129132
"2784","1kmE3852N3137",200.277001
"2785","1kmE3852N3138",44.8341879999989
"2786","1kmE3852N3139",0
"2787","1kmE3852N3140",0
"2788","1kmE3852N3141",135.014518
"2789","1kmE3852N3142",314.992753000002
"2790","1kmE3852N3143",82.9730679999993
"2791","1kmE3852N3144",0
"2792","1kmE3852N3145",0
"2793","1kmE3852N3146",111.303604
"2794","1kmE3852N3147",219.451451500001
"2795","1kmE3852N3148",288.436341500001
"2796","1kmE3852N3149",347.599420499999
"2797","1kmE3852N3150",283.875300500001
"2798","1kmE3852N3151",168.1613425
"2799","1kmE3852N3152",123.327154500001
"2800","1kmE3852N3153",0
"2801","1kmE3852N3154",0
"2802","1kmE3852N3155",0
"2803","1kmE3852N3156",0
"2804","1kmE3852N3157",0
"2805","1kmE3852N3158",461.379183999999
"2806","1kmE3852N3159",292.309463500002
"2807","1kmE3853N3088",0
"2808","1kmE3853N3089",0
"2809","1kmE3853N3090",0
"2810","1kmE3853N3091",0
"2811","1kmE3853N3092",0
"2812","1kmE3853N3093",0
"2813","1kmE3853N3094",0
"2814","1kmE3853N3095",44.8341880000007
"2815","1kmE3853N3096",453.6794785
"2816","1kmE3853N3097",0
"2817","1kmE3853N3098",0
"2818","1kmE3853N3099",0
"2819","1kmE3853N3100",0
"2820","1kmE3853N3101",0
"2821","1kmE3853N3102",33.9677900000006
"2822","1kmE3853N3103",0
"2823","1kmE3853N3104",0
"2824","1kmE3853N3105",0
"2825","1kmE3853N3106",0
"2826","1kmE3853N3107",0
"2827","1kmE3853N3108",0
"2828","1kmE3853N3109",0
"2829","1kmE3853N3110",0
"2830","1kmE3853N3111",0
"2831","1kmE3853N3112",0
"2832","1kmE3853N3113",0
"2833","1kmE3853N3114",0
"2834","1kmE3853N3115",0
"2835","1kmE3853N3116",0
"2836","1kmE3853N3117",0
"2837","1kmE3853N3118",106.114624
"2838","1kmE3853N3119",0
"2839","1kmE3853N3120",136.530204000001
"2840","1kmE3853N3121",0
"2841","1kmE3853N3122",0
"2842","1kmE3853N3123",0
"2843","1kmE3853N3124",0
"2844","1kmE3853N3125",0
"2845","1kmE3853N3126",0
"2846","1kmE3853N3127",0
"2847","1kmE3853N3128",135.014518
"2848","1kmE3853N3129",0
"2849","1kmE3853N3130",0
"2850","1kmE3853N3131",51.0867199999993
"2851","1kmE3853N3132",50.1288824999992
"2852","1kmE3853N3133",151.78689
"2853","1kmE3853N3134",0
"2854","1kmE3853N3135",405.555677
"2855","1kmE3853N3136",0
"2856","1kmE3853N3137",0
"2857","1kmE3853N3138",0
"2858","1kmE3853N3139",0
"2859","1kmE3853N3140",51.7038585000009
"2860","1kmE3853N3141",42.380080500001
"2861","1kmE3853N3142",53.3293029999986
"2862","1kmE3853N3143",30.3540899999989
"2863","1kmE3853N3144",0
"2864","1kmE3853N3145",0
"2865","1kmE3853N3146",408.1773395
"2866","1kmE3853N3147",467.1540155
"2867","1kmE3853N3148",443.413266
"2868","1kmE3853N3149",214.7653175
"2869","1kmE3853N3150",181.3128865
"2870","1kmE3853N3151",72.1063549999999
"2871","1kmE3853N3152",136.530204000001
"2872","1kmE3853N3153",0
"2873","1kmE3853N3154",0
"2874","1kmE3853N3155",0
"2875","1kmE3853N3156",0
"2876","1kmE3853N3157",12.3415525
"2877","1kmE3853N3158",598.458430000001
"2878","1kmE3853N3159",453.506241
"2879","1kmE3854N3089",0
"2880","1kmE3854N3090",0
"2881","1kmE3854N3091",0
"2882","1kmE3854N3092",0
"2883","1kmE3854N3093",12.3415525
"2884","1kmE3854N3094",97.1872065000007
"2885","1kmE3854N3095",291.481263499998
"2886","1kmE3854N3096",518.219065500001
"2887","1kmE3854N3097",151.871375999999
"2888","1kmE3854N3098",0
"2889","1kmE3854N3099",0
"2890","1kmE3854N3100",0
"2891","1kmE3854N3101",0
"2892","1kmE3854N3102",0
"2893","1kmE3854N3103",0
"2894","1kmE3854N3104",0
"2895","1kmE3854N3105",0
"2896","1kmE3854N3106",68.685112000001
"2897","1kmE3854N3107",0
"2898","1kmE3854N3108",0
"2899","1kmE3854N3109",0
"2900","1kmE3854N3110",0
"2901","1kmE3854N3111",0
"2902","1kmE3854N3112",0
"2903","1kmE3854N3113",0
"2904","1kmE3854N3114",0
"2905","1kmE3854N3115",0
"2906","1kmE3854N3116",0
"2907","1kmE3854N3117",0
"2908","1kmE3854N3118",0
"2909","1kmE3854N3119",0
"2910","1kmE3854N3120",0
"2911","1kmE3854N3121",0
"2912","1kmE3854N3122",0
"2913","1kmE3854N3123",0
"2914","1kmE3854N3124",0
"2915","1kmE3854N3125",0
"2916","1kmE3854N3126",0
"2917","1kmE3854N3127",135.014518
"2918","1kmE3854N3128",624.313665
"2919","1kmE3854N3129",386.328576
"2920","1kmE3854N3130",98.7465010000005
"2921","1kmE3854N3131",20.7326300000004
"2922","1kmE3854N3132",126.6808375
"2923","1kmE3854N3133",135.014518
"2924","1kmE3854N3134",179.6315125
"2925","1kmE3854N3135",136.5302035
"2926","1kmE3854N3136",0
"2927","1kmE3854N3137",0
"2928","1kmE3854N3138",0
"2929","1kmE3854N3139",0
"2930","1kmE3854N3140",123.3271545
"2931","1kmE3854N3141",0
"2932","1kmE3854N3142",0
"2933","1kmE3854N3143",0
"2934","1kmE3854N3144",0
"2935","1kmE3854N3145",0
"2936","1kmE3854N3146",0
"2937","1kmE3854N3147",157.025068999999
"2938","1kmE3854N3148",135.061772
"2939","1kmE3854N3149",222.921513500001
"2940","1kmE3854N3150",316.106890999999
"2941","1kmE3854N3151",0
"2942","1kmE3854N3152",0
"2943","1kmE3854N3153",50.7782239999997
"2944","1kmE3854N3154",0
"2945","1kmE3854N3155",202.940079
"2946","1kmE3854N3156",0
"2947","1kmE3854N3157",235.735286499999
"2948","1kmE3854N3158",444.319208500001
"2949","1kmE3854N3159",377.2640565
"2950","1kmE3854N3160",353.1739135
"2951","1kmE3855N3089",0
"2952","1kmE3855N3090",0
"2953","1kmE3855N3091",0
"2954","1kmE3855N3092",0
"2955","1kmE3855N3093",47.7160285
"2956","1kmE3855N3094",0
"2957","1kmE3855N3095",44.8341875000006
"2958","1kmE3855N3096",459.785734000001
"2959","1kmE3855N3097",0
"2960","1kmE3855N3098",0
"2961","1kmE3855N3099",0
"2962","1kmE3855N3100",0
"2963","1kmE3855N3101",0
"2964","1kmE3855N3102",0
"2965","1kmE3855N3103",0
"2966","1kmE3855N3104",0
"2967","1kmE3855N3105",0
"2968","1kmE3855N3106",0
"2969","1kmE3855N3107",0
"2970","1kmE3855N3108",0
"2971","1kmE3855N3109",0
"2972","1kmE3855N3110",0
"2973","1kmE3855N3111",0
"2974","1kmE3855N3112",0
"2975","1kmE3855N3113",0
"2976","1kmE3855N3114",0
"2977","1kmE3855N3115",0
"2978","1kmE3855N3116",0
"2979","1kmE3855N3117",0
"2980","1kmE3855N3118",0
"2981","1kmE3855N3119",0
"2982","1kmE3855N3120",0
"2983","1kmE3855N3121",0
"2984","1kmE3855N3122",0
"2985","1kmE3855N3123",0
"2986","1kmE3855N3124",0
"2987","1kmE3855N3125",185.761337
"2988","1kmE3855N3126",185.7613345
"2989","1kmE3855N3127",258.341673499999
"2990","1kmE3855N3128",494.8205925
"2991","1kmE3855N3129",810.7809655
"2992","1kmE3855N3130",500.924865
"2993","1kmE3855N3131",0
"2994","1kmE3855N3132",0
"2995","1kmE3855N3133",25.2262904999989
"2996","1kmE3855N3134",58.5582364999991
"2997","1kmE3855N3135",0
"2998","1kmE3855N3136",0
"2999","1kmE3855N3137",0
"3000","1kmE3855N3138",0
"3001","1kmE3855N3139",0
"3002","1kmE3855N3140",0
"3003","1kmE3855N3141",0
"3004","1kmE3855N3142",0
"3005","1kmE3855N3143",5.50749949999954
"3006","1kmE3855N3144",166.309211000001
"3007","1kmE3855N3145",0
"3008","1kmE3855N3146",0
"3009","1kmE3855N3147",0
"3010","1kmE3855N3148",94.3374195000006
"3011","1kmE3855N3149",0
"3012","1kmE3855N3150",33.9677899999997
"3013","1kmE3855N3151",253.419241500002
"3014","1kmE3855N3152",168.761794499998
"3015","1kmE3855N3153",36.4565469999998
"3016","1kmE3855N3154",0
"3017","1kmE3855N3155",0
"3018","1kmE3855N3156",0
"3019","1kmE3855N3157",215.384075999998
"3020","1kmE3855N3158",599.124652500001
"3021","1kmE3855N3159",853.6485715
"3022","1kmE3855N3160",596.814054499999
"3023","1kmE3856N3090",0
"3024","1kmE3856N3091",0
"3025","1kmE3856N3092",0
"3026","1kmE3856N3093",0
"3027","1kmE3856N3094",0
"3028","1kmE3856N3095",0
"3029","1kmE3856N3096",0
"3030","1kmE3856N3097",0
"3031","1kmE3856N3098",0
"3032","1kmE3856N3099",0
"3033","1kmE3856N3100",0
"3034","1kmE3856N3101",0
"3035","1kmE3856N3102",0
"3036","1kmE3856N3103",148.9393
"3037","1kmE3856N3104",0
"3038","1kmE3856N3105",0
"3039","1kmE3856N3106",0
"3040","1kmE3856N3107",0
"3041","1kmE3856N3108",0
"3042","1kmE3856N3109",136.4779155
"3043","1kmE3856N3110",0
"3044","1kmE3856N3111",82.9730680000002
"3045","1kmE3856N3112",0
"3046","1kmE3856N3113",0
"3047","1kmE3856N3114",0
"3048","1kmE3856N3115",0
"3049","1kmE3856N3116",0
"3050","1kmE3856N3117",0
"3051","1kmE3856N3118",0
"3052","1kmE3856N3119",0
"3053","1kmE3856N3121",0
"3054","1kmE3856N3122",0
"3055","1kmE3856N3123",0
"3056","1kmE3856N3124",0
"3057","1kmE3856N3125",0
"3058","1kmE3856N3126",0
"3059","1kmE3856N3127",0
"3060","1kmE3856N3128",0
"3061","1kmE3856N3129",789.424862
"3062","1kmE3856N3130",0
"3063","1kmE3856N3131",0
"3064","1kmE3856N3132",0
"3065","1kmE3856N3133",12.434934500001
"3066","1kmE3856N3134",410.054034000001
"3067","1kmE3856N3135",0
"3068","1kmE3856N3136",0
"3069","1kmE3856N3137",0
"3070","1kmE3856N3138",0
"3071","1kmE3856N3139",0
"3072","1kmE3856N3140",0
"3073","1kmE3856N3141",0
"3074","1kmE3856N3142",0
"3075","1kmE3856N3143",166.944683
"3076","1kmE3856N3144",155.313815
"3077","1kmE3856N3145",0
"3078","1kmE3856N3146",29.8889705000001
"3079","1kmE3856N3147",166.732691499999
"3080","1kmE3856N3148",0
"3081","1kmE3856N3149",0
"3082","1kmE3856N3150",160.233864000001
"3083","1kmE3856N3151",244.979878
"3084","1kmE3856N3152",328.9956585
"3085","1kmE3856N3153",33.9677899999997
"3086","1kmE3856N3154",0
"3087","1kmE3856N3155",0
"3088","1kmE3856N3156",0
"3089","1kmE3856N3157",381.3799445
"3090","1kmE3856N3158",788.001863499998
"3091","1kmE3856N3159",1062.406283
"3092","1kmE3856N3160",895.999428000001
"3093","1kmE3857N3091",0
"3094","1kmE3857N3092",0
"3095","1kmE3857N3093",0
"3096","1kmE3857N3094",0
"3097","1kmE3857N3095",98.7465010000005
"3098","1kmE3857N3096",0
"3099","1kmE3857N3097",0
"3100","1kmE3857N3098",0
"3101","1kmE3857N3099",82.883844
"3102","1kmE3857N3100",0
"3103","1kmE3857N3101",0
"3104","1kmE3857N3102",0
"3105","1kmE3857N3103",148.9393
"3106","1kmE3857N3104",0
"3107","1kmE3857N3105",0
"3108","1kmE3857N3106",0
"3109","1kmE3857N3107",0
"3110","1kmE3857N3108",0
"3111","1kmE3857N3109",0
"3112","1kmE3857N3110",0
"3113","1kmE3857N3111",0
"3114","1kmE3857N3112",0
"3115","1kmE3857N3113",0
"3116","1kmE3857N3114",0
"3117","1kmE3857N3115",0
"3118","1kmE3857N3116",0
"3119","1kmE3857N3117",0
"3120","1kmE3857N3118",0
"3121","1kmE3857N3119",0
"3122","1kmE3857N3120",0
"3123","1kmE3857N3121",0
"3124","1kmE3857N3122",0
"3125","1kmE3857N3123",0
"3126","1kmE3857N3124",156.845543
"3127","1kmE3857N3125",0
"3128","1kmE3857N3126",0
"3129","1kmE3857N3127",157.880408000001
"3130","1kmE3857N3128",160.233864
"3131","1kmE3857N3129",0
"3132","1kmE3857N3130",131.145129
"3133","1kmE3857N3131",0
"3134","1kmE3857N3132",19.0969535000004
"3135","1kmE3857N3133",147.449453499999
"3136","1kmE3857N3134",359.341372999999
"3137","1kmE3857N3135",0
"3138","1kmE3857N3136",0
"3139","1kmE3857N3137",0
"3140","1kmE3857N3138",0
"3141","1kmE3857N3139",0
"3142","1kmE3857N3140",0
"3143","1kmE3857N3141",0
"3144","1kmE3857N3142",98.7465009999996
"3145","1kmE3857N3143",136.5302035
"3146","1kmE3857N3144",160.821314500001
"3147","1kmE3857N3145",166.309210500001
"3148","1kmE3857N3146",0
"3149","1kmE3857N3147",0
"3150","1kmE3857N3148",0
"3151","1kmE3857N3149",36.3152710000004
"3152","1kmE3857N3150",130.6526905
"3153","1kmE3857N3151",289.8757885
"3154","1kmE3857N3152",423.2073545
"3155","1kmE3857N3153",194.087786999999
"3156","1kmE3857N3154",33.9677899999997
"3157","1kmE3857N3155",33.9677899999988
"3158","1kmE3857N3156",0
"3159","1kmE3857N3157",424.650884499999
"3160","1kmE3857N3158",911.116806499998
"3161","1kmE3857N3159",1153.2324185
"3162","1kmE3857N3160",972.0723745
"3163","1kmE3858N3091",0
"3164","1kmE3858N3092",0
"3165","1kmE3858N3093",0
"3166","1kmE3858N3094",115.3804925
"3167","1kmE3858N3095",0
"3168","1kmE3858N3096",0
"3169","1kmE3858N3097",0
"3170","1kmE3858N3098",0
"3171","1kmE3858N3099",0
"3172","1kmE3858N3100",0
"3173","1kmE3858N3101",0
"3174","1kmE3858N3102",0
"3175","1kmE3858N3103",0
"3176","1kmE3858N3104",0
"3177","1kmE3858N3105",0
"3178","1kmE3858N3106",41.2512810000007
"3179","1kmE3858N3107",34.7721490000004
"3180","1kmE3858N3108",136.4779155
"3181","1kmE3858N3109",0
"3182","1kmE3858N3110",0
"3183","1kmE3858N3111",0
"3184","1kmE3858N3112",0
"3185","1kmE3858N3113",0
"3186","1kmE3858N3114",0
"3187","1kmE3858N3115",0
"3188","1kmE3858N3116",98.7465009999996
"3189","1kmE3858N3117",0
"3190","1kmE3858N3118",0
"3191","1kmE3858N3119",0
"3192","1kmE3858N3120",0
"3193","1kmE3858N3121",0
"3194","1kmE3858N3122",0
"3195","1kmE3858N3123",0
"3196","1kmE3858N3124",0
"3197","1kmE3858N3125",0
"3198","1kmE3858N3126",0
"3199","1kmE3858N3127",0
"3200","1kmE3858N3128",0
"3201","1kmE3858N3129",0
"3202","1kmE3858N3130",38.9921780000004
"3203","1kmE3858N3131",0
"3204","1kmE3858N3132",27.8817194999992
"3205","1kmE3858N3133",201.8884165
"3206","1kmE3858N3134",27.8817194999992
"3207","1kmE3858N3135",0
"3208","1kmE3858N3136",0
"3209","1kmE3858N3137",0
"3210","1kmE3858N3138",0
"3211","1kmE3858N3139",0
"3212","1kmE3858N3140",0
"3213","1kmE3858N3141",0
"3214","1kmE3858N3142",33.9677899999997
"3215","1kmE3858N3143",0
"3216","1kmE3858N3144",0
"3217","1kmE3858N3145",0
"3218","1kmE3858N3146",98.7465010000005
"3219","1kmE3858N3147",0
"3220","1kmE3858N3148",0
"3221","1kmE3858N3149",340.794999
"3222","1kmE3858N3150",207.9583845
"3223","1kmE3858N3151",128.3052095
"3224","1kmE3858N3152",262.919190500001
"3225","1kmE3858N3153",33.9677900000006
"3226","1kmE3858N3154",160.520051000001
"3227","1kmE3858N3155",126.552260999999
"3228","1kmE3858N3156",0
"3229","1kmE3858N3157",150.273026000001
"3230","1kmE3858N3158",720.943181999999
"3231","1kmE3858N3159",932.979169999999
"3232","1kmE3858N3160",1057.0516165
"3233","1kmE3859N3092",68.685111499999
"3234","1kmE3859N3093",123.327154500001
"3235","1kmE3859N3094",0
"3236","1kmE3859N3095",0
"3237","1kmE3859N3096",0
"3238","1kmE3859N3097",0
"3239","1kmE3859N3098",0
"3240","1kmE3859N3099",0
"3241","1kmE3859N3100",0
"3242","1kmE3859N3101",0
"3243","1kmE3859N3102",0
"3244","1kmE3859N3103",29.8889705000001
"3245","1kmE3859N3104",0
"3246","1kmE3859N3105",128.6354715
"3247","1kmE3859N3106",98.7465009999996
"3248","1kmE3859N3107",219.2537715
"3249","1kmE3859N3108",0
"3250","1kmE3859N3109",0
"3251","1kmE3859N3110",123.327155499999
"3252","1kmE3859N3111",0
"3253","1kmE3859N3112",59.1630789999999
"3254","1kmE3859N3113",0
"3255","1kmE3859N3114",0
"3256","1kmE3859N3115",0
"3257","1kmE3859N3116",0
"3258","1kmE3859N3117",0
"3259","1kmE3859N3118",0
"3260","1kmE3859N3119",0
"3261","1kmE3859N3120",0
"3262","1kmE3859N3121",0
"3263","1kmE3859N3122",0
"3264","1kmE3859N3123",0
"3265","1kmE3859N3124",0
"3266","1kmE3859N3125",0
"3267","1kmE3859N3126",0
"3268","1kmE3859N3127",0
"3269","1kmE3859N3128",0
"3270","1kmE3859N3129",34.7721490000004
"3271","1kmE3859N3130",0
"3272","1kmE3859N3131",0
"3273","1kmE3859N3132",61.8495094999998
"3274","1kmE3859N3133",0
"3275","1kmE3859N3134",0
"3276","1kmE3859N3135",0
"3277","1kmE3859N3136",0
"3278","1kmE3859N3137",0
"3279","1kmE3859N3138",0
"3280","1kmE3859N3139",0
"3281","1kmE3859N3140",0
"3282","1kmE3859N3141",0
"3283","1kmE3859N3142",0
"3284","1kmE3859N3143",0
"3285","1kmE3859N3144",0
"3286","1kmE3859N3145",59.1630790000008
"3287","1kmE3859N3146",0
"3288","1kmE3859N3147",0
"3289","1kmE3859N3148",0
"3290","1kmE3859N3149",59.1630789999999
"3291","1kmE3859N3150",230.180829000001
"3292","1kmE3859N3151",185.282071000001
"3293","1kmE3859N3152",102.6529015
"3294","1kmE3859N3153",96.6554395000003
"3295","1kmE3859N3154",25.4806834999999
"3296","1kmE3859N3155",0
"3297","1kmE3859N3156",0
"3298","1kmE3859N3157",211.298275000001
"3299","1kmE3859N3158",688.1288265
"3300","1kmE3859N3159",923.0972965
"3301","1kmE3859N3160",828.724006
"3302","1kmE3859N3161",539.805872999999
"3303","1kmE3860N3092",166.309211
"3304","1kmE3860N3093",0
"3305","1kmE3860N3094",59.1630789999999
"3306","1kmE3860N3095",0
"3307","1kmE3860N3096",0
"3308","1kmE3860N3097",50.7782239999997
"3309","1kmE3860N3098",0
"3310","1kmE3860N3099",0
"3311","1kmE3860N3100",0
"3312","1kmE3860N3101",0
"3313","1kmE3860N3102",0
"3314","1kmE3860N3103",0
"3315","1kmE3860N3104",0
"3316","1kmE3860N3105",136.5302035
"3317","1kmE3860N3106",82.9730680000011
"3318","1kmE3860N3107",385.931736
"3319","1kmE3860N3108",0
"3320","1kmE3860N3109",0
"3321","1kmE3860N3110",0
"3322","1kmE3860N3111",0
"3323","1kmE3860N3112",82.9730680000011
"3324","1kmE3860N3113",68.6851115000009
"3325","1kmE3860N3114",0
"3326","1kmE3860N3115",136.4779155
"3327","1kmE3860N3116",0
"3328","1kmE3860N3117",0
"3329","1kmE3860N3118",0
"3330","1kmE3860N3119",0
"3331","1kmE3860N3120",0
"3332","1kmE3860N3121",0
"3333","1kmE3860N3122",0
"3334","1kmE3860N3123",0
"3335","1kmE3860N3124",0
"3336","1kmE3860N3125",161.708437
"3337","1kmE3860N3126",0
"3338","1kmE3860N3127",0
"3339","1kmE3860N3128",166.309210500001
"3340","1kmE3860N3129",0
"3341","1kmE3860N3130",0
"3342","1kmE3860N3131",0
"3343","1kmE3860N3132",33.9677899999988
"3344","1kmE3860N3133",0
"3345","1kmE3860N3134",0
"3346","1kmE3860N3135",0
"3347","1kmE3860N3136",0
"3348","1kmE3860N3137",0
"3349","1kmE3860N3138",67.1982129999997
"3350","1kmE3860N3139",0
"3351","1kmE3860N3140",0
"3352","1kmE3860N3141",0
"3353","1kmE3860N3142",0
"3354","1kmE3860N3143",0
"3355","1kmE3860N3144",0
"3356","1kmE3860N3145",0
"3357","1kmE3860N3146",0
"3358","1kmE3860N3147",0
"3359","1kmE3860N3148",33.9677899999997
"3360","1kmE3860N3149",36.4565469999998
"3361","1kmE3860N3150",222.8523095
"3362","1kmE3860N3156",116.4697285
"3363","1kmE3860N3157",231.927031499999
"3364","1kmE3860N3158",355.986217
"3365","1kmE3860N3159",563.818090000001
"3366","1kmE3860N3160",685.865916999999
"3367","1kmE3861N3092",0
"3368","1kmE3861N3093",0
"3369","1kmE3861N3094",0
"3370","1kmE3861N3095",0
"3371","1kmE3861N3096",0
"3372","1kmE3861N3097",0
"3373","1kmE3861N3098",0
"3374","1kmE3861N3099",0
"3375","1kmE3861N3100",0
"3376","1kmE3861N3101",0
"3377","1kmE3861N3102",0
"3378","1kmE3861N3103",0
"3379","1kmE3861N3104",44.9894620000014
"3380","1kmE3861N3105",217.987585999999
"3381","1kmE3861N3106",82.3926214999992
"3382","1kmE3861N3107",0
"3383","1kmE3861N3108",0
"3384","1kmE3861N3109",0
"3385","1kmE3861N3110",166.3092105
"3386","1kmE3861N3111",0
"3387","1kmE3861N3112",0
"3388","1kmE3861N3113",0
"3389","1kmE3861N3114",0
"3390","1kmE3861N3115",0
"3391","1kmE3861N3116",67.1982129999997
"3392","1kmE3861N3117",136.4779155
"3393","1kmE3861N3118",0
"3394","1kmE3861N3119",0
"3395","1kmE3861N3120",0
"3396","1kmE3861N3121",0
"3397","1kmE3861N3122",0
"3398","1kmE3861N3123",0
"3399","1kmE3861N3124",0
"3400","1kmE3861N3125",0
"3401","1kmE3861N3126",0
"3402","1kmE3861N3127",0
"3403","1kmE3861N3128",0
"3404","1kmE3861N3129",0
"3405","1kmE3861N3130",0
"3406","1kmE3861N3131",0
"3407","1kmE3861N3132",0
"3408","1kmE3861N3133",0
"3409","1kmE3861N3134",135.014519
"3410","1kmE3861N3135",0
"3411","1kmE3861N3136",0
"3412","1kmE3861N3137",0
"3413","1kmE3861N3138",0
"3414","1kmE3861N3139",0
"3415","1kmE3861N3140",0
"3416","1kmE3861N3141",0
"3417","1kmE3861N3142",0
"3418","1kmE3861N3143",0
"3419","1kmE3861N3144",0
"3420","1kmE3861N3145",0
"3421","1kmE3861N3146",0
"3422","1kmE3861N3147",22.4307590000008
"3423","1kmE3861N3148",33.9677900000006
"3424","1kmE3862N3092",0
"3425","1kmE3862N3093",82.9730679999993
"3426","1kmE3862N3094",205.931469499999
"3427","1kmE3862N3095",0
"3428","1kmE3862N3096",0
"3429","1kmE3862N3097",0
"3430","1kmE3862N3098",0
"3431","1kmE3862N3099",82.9730680000011
"3432","1kmE3862N3100",0
"3433","1kmE3862N3101",12.3415525
"3434","1kmE3862N3102",0
"3435","1kmE3862N3103",0
"3436","1kmE3862N3104",0
"3437","1kmE3862N3105",0
"3438","1kmE3862N3106",0
"3439","1kmE3862N3107",0
"3440","1kmE3862N3108",0
"3441","1kmE3862N3109",0
"3442","1kmE3862N3110",0
"3443","1kmE3862N3111",0
"3444","1kmE3862N3112",0
"3445","1kmE3862N3113",0
"3446","1kmE3862N3114",119.463335500001
"3447","1kmE3862N3115",0
"3448","1kmE3862N3116",8.24862099999882
"3449","1kmE3862N3117",0
"3450","1kmE3862N3118",0
"3451","1kmE3862N3119",0
"3452","1kmE3862N3120",0
"3453","1kmE3862N3121",0
"3454","1kmE3862N3122",0
"3455","1kmE3862N3123",0
"3456","1kmE3862N3124",0
"3457","1kmE3862N3125",0
"3458","1kmE3862N3126",0
"3459","1kmE3862N3127",0
"3460","1kmE3862N3128",0
"3461","1kmE3862N3129",166.309211
"3462","1kmE3862N3130",0
"3463","1kmE3862N3131",0
"3464","1kmE3862N3132",0
"3465","1kmE3862N3133",0
"3466","1kmE3862N3134",0
"3467","1kmE3862N3135",258.341672500001
"3468","1kmE3862N3136",160.240808500001
"3469","1kmE3862N3137",0
"3470","1kmE3862N3138",0
"3471","1kmE3862N3139",0
"3472","1kmE3862N3140",106.114624
"3473","1kmE3862N3141",106.114624
"3474","1kmE3862N3142",0
"3475","1kmE3862N3143",0
"3476","1kmE3862N3144",0
"3477","1kmE3862N3145",0
"3478","1kmE3862N3146",0
"3479","1kmE3862N3147",0
"3480","1kmE3862N3148",0
"3481","1kmE3863N3092",0
"3482","1kmE3863N3093",0
"3483","1kmE3863N3094",0
"3484","1kmE3863N3095",0
"3485","1kmE3863N3096",0
"3486","1kmE3863N3097",0
"3487","1kmE3863N3098",0
"3488","1kmE3863N3099",123.327154499999
"3489","1kmE3863N3100",0
"3490","1kmE3863N3101",12.3415525
"3491","1kmE3863N3102",0
"3492","1kmE3863N3103",0
"3493","1kmE3863N3104",0
"3494","1kmE3863N3105",68.685111499999
"3495","1kmE3863N3106",0
"3496","1kmE3863N3107",0
"3497","1kmE3863N3108",0
"3498","1kmE3863N3109",0
"3499","1kmE3863N3110",0
"3500","1kmE3863N3111",0
"3501","1kmE3863N3112",0
"3502","1kmE3863N3113",0
"3503","1kmE3863N3114",68.6851115000009
"3504","1kmE3863N3115",0
"3505","1kmE3863N3116",136.4779155
"3506","1kmE3863N3117",0
"3507","1kmE3863N3118",59.1630789999999
"3508","1kmE3863N3119",0
"3509","1kmE3863N3120",0
"3510","1kmE3863N3121",0
"3511","1kmE3863N3122",0
"3512","1kmE3863N3123",0
"3513","1kmE3863N3124",0
"3514","1kmE3863N3125",0
"3515","1kmE3863N3126",135.014518
"3516","1kmE3863N3127",0
"3517","1kmE3863N3128",0
"3518","1kmE3863N3129",0
"3519","1kmE3863N3130",0
"3520","1kmE3863N3131",19.0969535000004
"3521","1kmE3863N3132",19.0969535000004
"3522","1kmE3863N3133",0
"3523","1kmE3863N3134",468.660785
"3524","1kmE3863N3135",360.738796500002
"3525","1kmE3863N3136",230.096086
"3526","1kmE3863N3137",105.948281000001
"3527","1kmE3863N3138",0
"3528","1kmE3863N3139",0
"3529","1kmE3863N3140",0
"3530","1kmE3863N3141",41.0986434999995
"3531","1kmE3863N3142",0
"3532","1kmE3863N3143",0
"3533","1kmE3863N3144",0
"3534","1kmE3863N3145",0
"3535","1kmE3863N3146",166.309211
"3536","1kmE3864N3092",0
"3537","1kmE3864N3093",0
"3538","1kmE3864N3094",0
"3539","1kmE3864N3095",42.3800804999992
"3540","1kmE3864N3096",0
"3541","1kmE3864N3097",0
"3542","1kmE3864N3098",0
"3543","1kmE3864N3099",0
"3544","1kmE3864N3100",82.9730680000011
"3545","1kmE3864N3101",82.9730679999993
"3546","1kmE3864N3102",0
"3547","1kmE3864N3103",0
"3548","1kmE3864N3104",0
"3549","1kmE3864N3105",0
"3550","1kmE3864N3106",0
"3551","1kmE3864N3107",0
"3552","1kmE3864N3108",0
"3553","1kmE3864N3109",0
"3554","1kmE3864N3110",0
"3555","1kmE3864N3111",0
"3556","1kmE3864N3112",0
"3557","1kmE3864N3113",0
"3558","1kmE3864N3114",0
"3559","1kmE3864N3115",0
"3560","1kmE3864N3116",0
"3561","1kmE3864N3117",0
"3562","1kmE3864N3118",280.672455999998
"3563","1kmE3864N3119",44.8341879999989
"3564","1kmE3864N3120",0
"3565","1kmE3864N3121",0
"3566","1kmE3864N3122",0
"3567","1kmE3864N3123",0
"3568","1kmE3864N3124",12.3415525
"3569","1kmE3864N3125",0
"3570","1kmE3864N3126",0
"3571","1kmE3864N3127",160.233864
"3572","1kmE3864N3128",0
"3573","1kmE3864N3129",0
"3574","1kmE3864N3130",176.391898
"3575","1kmE3864N3131",162.319332500001
"3576","1kmE3864N3132",50.6539895000005
"3577","1kmE3864N3133",0
"3578","1kmE3864N3134",580.767227499999
"3579","1kmE3864N3135",644.388627
"3580","1kmE3864N3136",477.0748905
"3581","1kmE3864N3137",271.753924999999
"3582","1kmE3864N3138",0
"3583","1kmE3864N3139",0
"3584","1kmE3864N3140",0
"3585","1kmE3864N3141",41.0986434999995
"3586","1kmE3864N3142",48.9831924999999
"3587","1kmE3864N3143",0
"3588","1kmE3864N3144",0
"3589","1kmE3864N3145",0
"3590","1kmE3864N3146",8.24862100000064
"3591","1kmE3865N3089",0
"3592","1kmE3865N3091",0
"3593","1kmE3865N3092",0
"3594","1kmE3865N3093",0
"3595","1kmE3865N3094",0
"3596","1kmE3865N3095",0
"3597","1kmE3865N3096",0
"3598","1kmE3865N3097",307.578961000001
"3599","1kmE3865N3098",0
"3600","1kmE3865N3099",98.7465010000014
"3601","1kmE3865N3100",0
"3602","1kmE3865N3101",0
"3603","1kmE3865N3102",0
"3604","1kmE3865N3103",0
"3605","1kmE3865N3104",0
"3606","1kmE3865N3105",0
"3607","1kmE3865N3106",0
"3608","1kmE3865N3107",0
"3609","1kmE3865N3108",0
"3610","1kmE3865N3109",0
"3611","1kmE3865N3110",0
"3612","1kmE3865N3111",98.7465010000014
"3613","1kmE3865N3112",98.7465009999996
"3614","1kmE3865N3113",0
"3615","1kmE3865N3114",0
"3616","1kmE3865N3115",0
"3617","1kmE3865N3116",0
"3618","1kmE3865N3117",147.345096499999
"3619","1kmE3865N3118",202.172508500003
"3620","1kmE3865N3119",166.309211
"3621","1kmE3865N3120",0
"3622","1kmE3865N3121",68.6851114999999
"3623","1kmE3865N3122",0
"3624","1kmE3865N3123",0
"3625","1kmE3865N3124",0
"3626","1kmE3865N3125",0
"3627","1kmE3865N3126",0
"3628","1kmE3865N3127",0
"3629","1kmE3865N3128",0
"3630","1kmE3865N3129",187.524144999999
"3631","1kmE3865N3130",298.357144000001
"3632","1kmE3865N3131",196.2871225
"3633","1kmE3865N3132",0
"3634","1kmE3865N3133",0
"3635","1kmE3865N3134",135.014518
"3636","1kmE3865N3135",423.8261095
"3637","1kmE3865N3136",101.378808000001
"3638","1kmE3865N3137",0
"3639","1kmE3865N3138",0
"3640","1kmE3865N3139",0
"3641","1kmE3865N3140",0
"3642","1kmE3865N3141",27.8817194999992
"3643","1kmE3865N3142",0
"3644","1kmE3865N3143",0
"3645","1kmE3865N3144",0
"3646","1kmE3865N3145",50.7782240000015
"3647","1kmE3865N3146",0
"3648","1kmE3866N3089",0
"3649","1kmE3866N3090",0
"3650","1kmE3866N3091",0
"3651","1kmE3866N3092",0
"3652","1kmE3866N3093",0
"3653","1kmE3866N3094",0
"3654","1kmE3866N3095",0
"3655","1kmE3866N3096",0
"3656","1kmE3866N3097",151.314280999999
"3657","1kmE3866N3098",0
"3658","1kmE3866N3099",0
"3659","1kmE3866N3100",0
"3660","1kmE3866N3101",0
"3661","1kmE3866N3102",0
"3662","1kmE3866N3103",0
"3663","1kmE3866N3104",0
"3664","1kmE3866N3105",0
"3665","1kmE3866N3106",0
"3666","1kmE3866N3107",0
"3667","1kmE3866N3108",0
"3668","1kmE3866N3109",0
"3669","1kmE3866N3110",0
"3670","1kmE3866N3111",0
"3671","1kmE3866N3112",98.7465009999996
"3672","1kmE3866N3113",92.7620239999997
"3673","1kmE3866N3114",0
"3674","1kmE3866N3115",0
"3675","1kmE3866N3116",0
"3676","1kmE3866N3117",121.6302815
"3677","1kmE3866N3118",44.8341880000007
"3678","1kmE3866N3119",0
"3679","1kmE3866N3120",0
"3680","1kmE3866N3121",0
"3681","1kmE3866N3122",0
"3682","1kmE3866N3123",0
"3683","1kmE3866N3124",0
"3684","1kmE3866N3125",0
"3685","1kmE3866N3126",0
"3686","1kmE3866N3127",27.1536694999995
"3687","1kmE3866N3128",0
"3688","1kmE3866N3129",33.9677900000006
"3689","1kmE3866N3130",157.294944499999
"3690","1kmE3866N3131",38.9921779999986
"3691","1kmE3866N3132",0
"3692","1kmE3866N3133",0
"3693","1kmE3866N3134",0
"3694","1kmE3866N3135",359.764314
"3695","1kmE3866N3136",0
"3696","1kmE3866N3137",0
"3697","1kmE3866N3138",0
"3698","1kmE3866N3139",0
"3699","1kmE3866N3140",0
"3700","1kmE3866N3141",0
"3701","1kmE3866N3142",0
"3702","1kmE3866N3143",0
"3703","1kmE3866N3144",101.241156
"3704","1kmE3866N3145",112.260275499999
"3705","1kmE3866N3146",0
"3706","1kmE3867N3088",0
"3707","1kmE3867N3089",0
"3708","1kmE3867N3090",0
"3709","1kmE3867N3091",0
"3710","1kmE3867N3092",0
"3711","1kmE3867N3093",0
"3712","1kmE3867N3094",0
"3713","1kmE3867N3095",0
"3714","1kmE3867N3096",0
"3715","1kmE3867N3097",0
"3716","1kmE3867N3098",281.042197500001
"3717","1kmE3867N3099",179.6315125
"3718","1kmE3867N3100",185.761334499999
"3719","1kmE3867N3101",98.7465010000005
"3720","1kmE3867N3102",217.987587
"3721","1kmE3867N3103",0
"3722","1kmE3867N3104",0
"3723","1kmE3867N3105",0
"3724","1kmE3867N3106",0
"3725","1kmE3867N3107",0
"3726","1kmE3867N3108",0
"3727","1kmE3867N3109",68.6851115000009
"3728","1kmE3867N3110",0
"3729","1kmE3867N3111",0
"3730","1kmE3867N3112",0
"3731","1kmE3867N3113",0
"3732","1kmE3867N3114",0
"3733","1kmE3867N3115",0
"3734","1kmE3867N3116",0
"3735","1kmE3867N3117",0
"3736","1kmE3867N3118",0
"3737","1kmE3867N3119",0
"3738","1kmE3867N3120",0
"3739","1kmE3867N3121",0
"3740","1kmE3867N3122",0
"3741","1kmE3867N3123",0
"3742","1kmE3867N3124",0
"3743","1kmE3867N3125",0
"3744","1kmE3867N3126",0
"3745","1kmE3867N3127",33.9677900000006
"3746","1kmE3867N3128",33.9677900000006
"3747","1kmE3867N3129",0
"3748","1kmE3867N3130",41.2512810000007
"3749","1kmE3867N3131",0
"3750","1kmE3867N3132",0
"3751","1kmE3867N3133",0
"3752","1kmE3867N3134",0
"3753","1kmE3867N3135",0
"3754","1kmE3867N3136",0
"3755","1kmE3867N3137",0
"3756","1kmE3867N3138",0
"3757","1kmE3867N3139",0
"3758","1kmE3867N3140",0
"3759","1kmE3867N3141",0
"3760","1kmE3867N3142",0
"3761","1kmE3867N3143",0
"3762","1kmE3867N3144",59.1630789999999
"3763","1kmE3867N3145",181.2392965
"3764","1kmE3867N3146",166.309211
"3765","1kmE3868N3088",0
"3766","1kmE3868N3089",0
"3767","1kmE3868N3090",0
"3768","1kmE3868N3091",0
"3769","1kmE3868N3092",31.557036000002
"3770","1kmE3868N3093",31.5570360000002
"3771","1kmE3868N3094",0
"3772","1kmE3868N3095",0
"3773","1kmE3868N3096",0
"3774","1kmE3868N3097",0
"3775","1kmE3868N3098",77.8724930000026
"3776","1kmE3868N3099",201.199648499998
"3777","1kmE3868N3100",103.997267000001
"3778","1kmE3868N3101",82.9730679999993
"3779","1kmE3868N3102",82.9730679999993
"3780","1kmE3868N3103",0
"3781","1kmE3868N3104",0
"3782","1kmE3868N3105",12.3415525
"3783","1kmE3868N3106",0
"3784","1kmE3868N3107",0
"3785","1kmE3868N3108",0
"3786","1kmE3868N3109",8.24862099999882
"3787","1kmE3868N3110",0
"3788","1kmE3868N3111",0
"3789","1kmE3868N3112",0
"3790","1kmE3868N3113",0
"3791","1kmE3868N3114",0
"3792","1kmE3868N3115",0
"3793","1kmE3868N3116",0
"3794","1kmE3868N3117",0
"3795","1kmE3868N3118",0
"3796","1kmE3868N3119",0
"3797","1kmE3868N3120",0
"3798","1kmE3868N3121",0
"3799","1kmE3868N3122",25.4806834999999
"3800","1kmE3868N3123",0
"3801","1kmE3868N3124",0
"3802","1kmE3868N3125",0
"3803","1kmE3868N3126",0
"3804","1kmE3868N3127",0
"3805","1kmE3868N3128",53.064743500001
"3806","1kmE3868N3129",100.8416875
"3807","1kmE3868N3130",0
"3808","1kmE3868N3131",0
"3809","1kmE3868N3132",0
"3810","1kmE3868N3133",174.4569795
"3811","1kmE3868N3134",0
"3812","1kmE3868N3135",0
"3813","1kmE3868N3136",0
"3814","1kmE3868N3137",0
"3815","1kmE3868N3138",0
"3816","1kmE3868N3139",0
"3817","1kmE3868N3140",126.552261999999
"3818","1kmE3868N3141",0
"3819","1kmE3868N3142",0
"3820","1kmE3868N3143",0
"3821","1kmE3868N3144",68.6851114999999
"3822","1kmE3868N3145",0
"3823","1kmE3868N3146",84.3893695000006
"3824","1kmE3869N3088",0
"3825","1kmE3869N3089",0
"3826","1kmE3869N3090",0
"3827","1kmE3869N3091",0
"3828","1kmE3869N3092",0
"3829","1kmE3869N3093",0
"3830","1kmE3869N3094",0
"3831","1kmE3869N3095",0
"3832","1kmE3869N3096",111.302945000001
"3833","1kmE3869N3097",0
"3834","1kmE3869N3098",0
"3835","1kmE3869N3099",71.7922230000004
"3836","1kmE3869N3100",324.529146500001
"3837","1kmE3869N3101",340.214234500001
"3838","1kmE3869N3102",205.5790265
"3839","1kmE3869N3103",0
"3840","1kmE3869N3104",0
"3841","1kmE3869N3105",0
"3842","1kmE3869N3106",12.3415525
"3843","1kmE3869N3107",0
"3844","1kmE3869N3108",0
"3845","1kmE3869N3109",0
"3846","1kmE3869N3110",166.309210500001
"3847","1kmE3869N3111",166.309210500001
"3848","1kmE3869N3112",166.3092105
"3849","1kmE3869N3113",0
"3850","1kmE3869N3114",166.9446825
"3851","1kmE3869N3115",108.818074000001
"3852","1kmE3869N3116",0
"3853","1kmE3869N3117",91.221689
"3854","1kmE3869N3118",0
"3855","1kmE3869N3119",0
"3856","1kmE3869N3120",0
"3857","1kmE3869N3121",238.600225
"3858","1kmE3869N3122",0
"3859","1kmE3869N3123",0
"3860","1kmE3869N3124",0
"3861","1kmE3869N3125",0
"3862","1kmE3869N3126",0
"3863","1kmE3869N3127",84.2489110000006
"3864","1kmE3869N3128",33.9677899999988
"3865","1kmE3869N3129",92.0569214999996
"3866","1kmE3869N3130",0
"3867","1kmE3869N3131",0
"3868","1kmE3869N3132",0
"3869","1kmE3869N3133",0
"3870","1kmE3869N3134",0
"3871","1kmE3869N3135",0
"3872","1kmE3869N3136",0
"3873","1kmE3869N3137",166.309211
"3874","1kmE3869N3138",0
"3875","1kmE3869N3139",0
"3876","1kmE3869N3140",30.4144789999991
"3877","1kmE3869N3141",126.552262
"3878","1kmE3869N3142",136.4779155
"3879","1kmE3869N3143",0
"3880","1kmE3869N3144",0
"3881","1kmE3869N3145",0
"3882","1kmE3869N3146",0
"3883","1kmE3869N3147",200.277001
"3884","1kmE3869N3148",33.9677900000006
"3885","1kmE3869N3149",0
"3886","1kmE3869N3150",0
"3887","1kmE3870N3087",0
"3888","1kmE3870N3088",0
"3889","1kmE3870N3089",0
"3890","1kmE3870N3090",0
"3891","1kmE3870N3091",324.102210000001
"3892","1kmE3870N3092",135.014518000002
"3893","1kmE3870N3093",0
"3894","1kmE3870N3094",0
"3895","1kmE3870N3095",0
"3896","1kmE3870N3096",12.434934500001
"3897","1kmE3870N3097",0
"3898","1kmE3870N3098",0
"3899","1kmE3870N3099",59.1630789999981
"3900","1kmE3870N3100",362.194645
"3901","1kmE3870N3101",122.251446999999
"3902","1kmE3870N3102",0
"3903","1kmE3870N3103",0
"3904","1kmE3870N3104",0
"3905","1kmE3870N3105",0
"3906","1kmE3870N3106",0
"3907","1kmE3870N3107",0
"3908","1kmE3870N3108",0
"3909","1kmE3870N3109",0
"3910","1kmE3870N3110",8.24862100000064
"3911","1kmE3870N3111",136.530203499999
"3912","1kmE3870N3112",0
"3913","1kmE3870N3113",0
"3914","1kmE3870N3114",0
"3915","1kmE3870N3115",0
"3916","1kmE3870N3116",0
"3917","1kmE3870N3117",147.345096500001
"3918","1kmE3870N3118",259.80507
"3919","1kmE3870N3119",120.591189000001
"3920","1kmE3870N3120",0
"3921","1kmE3870N3121",0
"3922","1kmE3870N3122",0
"3923","1kmE3870N3123",0
"3924","1kmE3870N3124",78.4035954999999
"3925","1kmE3870N3125",0
"3926","1kmE3870N3126",0
"3927","1kmE3870N3127",0
"3928","1kmE3870N3128",194.201654
"3929","1kmE3870N3129",33.9677900000006
"3930","1kmE3870N3130",82.9730679999993
"3931","1kmE3870N3131",0
"3932","1kmE3870N3132",0
"3933","1kmE3870N3133",98.7465009999996
"3934","1kmE3870N3134",0
"3935","1kmE3870N3135",0
"3936","1kmE3870N3136",136.5302035
"3937","1kmE3870N3137",0
"3938","1kmE3870N3138",0
"3939","1kmE3870N3139",98.7465009999996
"3940","1kmE3870N3140",0
"3941","1kmE3870N3141",0
"3942","1kmE3870N3142",136.4779155
"3943","1kmE3870N3143",0
"3944","1kmE3870N3144",0
"3945","1kmE3870N3145",33.9677899999997
"3946","1kmE3870N3146",72.959968000001
"3947","1kmE3870N3147",33.9677899999988
"3948","1kmE3870N3148",93.1308690000005
"3949","1kmE3870N3149",0
"3950","1kmE3870N3150",0
"3951","1kmE3871N3087",0
"3952","1kmE3871N3088",12.3415525
"3953","1kmE3871N3089",0
"3954","1kmE3871N3090",98.7465009999996
"3955","1kmE3871N3091",135.014518
"3956","1kmE3871N3092",135.014518
"3957","1kmE3871N3093",0
"3958","1kmE3871N3094",12.3415525
"3959","1kmE3871N3095",29.8889705000001
"3960","1kmE3871N3096",0
"3961","1kmE3871N3097",0
"3962","1kmE3871N3098",0
"3963","1kmE3871N3099",179.6315125
"3964","1kmE3871N3100",51.8714304999994
"3965","1kmE3871N3101",39.6222584999996
"3966","1kmE3871N3102",0
"3967","1kmE3871N3103",98.7465009999996
"3968","1kmE3871N3104",0
"3969","1kmE3871N3105",0
"3970","1kmE3871N3106",8.24862100000064
"3971","1kmE3871N3107",0
"3972","1kmE3871N3108",0
"3973","1kmE3871N3109",0
"3974","1kmE3871N3110",82.9730680000011
"3975","1kmE3871N3111",0
"3976","1kmE3871N3112",0
"3977","1kmE3871N3113",0
"3978","1kmE3871N3114",0
"3979","1kmE3871N3115",0
"3980","1kmE3871N3116",0
"3981","1kmE3871N3117",0
"3982","1kmE3871N3118",0
"3983","1kmE3871N3119",0
"3984","1kmE3871N3120",0
"3985","1kmE3871N3121",82.9730680000002
"3986","1kmE3871N3122",0
"3987","1kmE3871N3123",0
"3988","1kmE3871N3124",0
"3989","1kmE3871N3125",78.4035954999999
"3990","1kmE3871N3126",78.4035954999999
"3991","1kmE3871N3127",0
"3992","1kmE3871N3128",33.9677900000006
"3993","1kmE3871N3129",213.599302500001
"3994","1kmE3871N3130",0
"3995","1kmE3871N3131",0
"3996","1kmE3871N3132",0
"3997","1kmE3871N3133",0
"3998","1kmE3871N3134",0
"3999","1kmE3871N3135",0
"4000","1kmE3871N3136",0
"4001","1kmE3871N3137",136.530204000001
"4002","1kmE3871N3138",111.302944999999
"4003","1kmE3871N3139",0
"4004","1kmE3871N3140",0
"4005","1kmE3871N3141",0
"4006","1kmE3871N3142",0
"4007","1kmE3871N3143",0
"4008","1kmE3871N3144",0
"4009","1kmE3871N3145",38.9921779999995
"4010","1kmE3871N3146",239.269179000001
"4011","1kmE3871N3147",137.5666745
"4012","1kmE3871N3148",259.44008
"4013","1kmE3871N3149",109.921218
"4014","1kmE3871N3150",50.7782239999997
"4015","1kmE3871N3151",0
"4016","1kmE3872N3087",0
"4017","1kmE3872N3088",12.3415524999982
"4018","1kmE3872N3089",0
"4019","1kmE3872N3090",12.3415525
"4020","1kmE3872N3091",0
"4021","1kmE3872N3092",136.5302035
"4022","1kmE3872N3093",0
"4023","1kmE3872N3094",0
"4024","1kmE3872N3095",0
"4025","1kmE3872N3096",0
"4026","1kmE3872N3097",0
"4027","1kmE3872N3098",0
"4028","1kmE3872N3099",0
"4029","1kmE3872N3100",158.960962500001
"4030","1kmE3872N3101",0
"4031","1kmE3872N3102",108.818073999999
"4032","1kmE3872N3103",129.736874499999
"4033","1kmE3872N3104",212.7099425
"4034","1kmE3872N3105",0
"4035","1kmE3872N3106",0
"4036","1kmE3872N3107",82.9730679999993
"4037","1kmE3872N3108",0
"4038","1kmE3872N3109",0
"4039","1kmE3872N3110",288.159939499999
"4040","1kmE3872N3111",0
"4041","1kmE3872N3112",50.7782239999997
"4042","1kmE3872N3113",0
"4043","1kmE3872N3114",0
"4044","1kmE3872N3115",0
"4045","1kmE3872N3116",0
"4046","1kmE3872N3117",0
"4047","1kmE3872N3118",0
"4048","1kmE3872N3119",0
"4049","1kmE3872N3120",0
"4050","1kmE3872N3121",0
"4051","1kmE3872N3122",0
"4052","1kmE3872N3123",145.320199
"4053","1kmE3872N3124",0
"4054","1kmE3872N3125",0
"4055","1kmE3872N3126",0
"4056","1kmE3872N3127",0
"4057","1kmE3872N3128",33.9677900000006
"4058","1kmE3872N3129",33.9677900000006
"4059","1kmE3872N3130",0
"4060","1kmE3872N3131",53.522669
"4061","1kmE3872N3132",0
"4062","1kmE3872N3133",0
"4063","1kmE3872N3134",0
"4064","1kmE3872N3135",0
"4065","1kmE3872N3136",0
"4066","1kmE3872N3137",155.313815000001
"4067","1kmE3872N3138",0
"4068","1kmE3872N3139",0
"4069","1kmE3872N3140",0
"4070","1kmE3872N3141",0
"4071","1kmE3872N3142",0
"4072","1kmE3872N3143",0
"4073","1kmE3872N3144",0
"4074","1kmE3872N3145",0
"4075","1kmE3872N3146",0
"4076","1kmE3872N3147",256.829632999999
"4077","1kmE3872N3148",271.292586
"4078","1kmE3872N3149",57.3766644999996
"4079","1kmE3872N3150",50.7782240000015
"4080","1kmE3872N3151",170.497993999999
"4081","1kmE3873N3089",0
"4082","1kmE3873N3090",0
"4083","1kmE3873N3091",12.3415525000019
"4084","1kmE3873N3092",0
"4085","1kmE3873N3093",12.3415525
"4086","1kmE3873N3094",0
"4087","1kmE3873N3095",0
"4088","1kmE3873N3096",0
"4089","1kmE3873N3097",0
"4090","1kmE3873N3098",0
"4091","1kmE3873N3099",205.215314999999
"4092","1kmE3873N3100",136.530203499999
"4093","1kmE3873N3101",78.4035949999998
"4094","1kmE3873N3102",219.503271500002
"4095","1kmE3873N3103",0
"4096","1kmE3873N3104",385.297943000001
"4097","1kmE3873N3105",0
"4098","1kmE3873N3106",0
"4099","1kmE3873N3107",0
"4100","1kmE3873N3108",0
"4101","1kmE3873N3109",0
"4102","1kmE3873N3110",78.4035949999998
"4103","1kmE3873N3111",126.552262000001
"4104","1kmE3873N3112",30.4144790000009
"4105","1kmE3873N3113",0
"4106","1kmE3873N3114",0
"4107","1kmE3873N3115",5.50749949999954
"4108","1kmE3873N3116",0
"4109","1kmE3873N3117",0
"4110","1kmE3873N3118",0
"4111","1kmE3873N3119",0
"4112","1kmE3873N3120",21.3502044999987
"4113","1kmE3873N3121",0
"4114","1kmE3873N3122",198.309134500003
"4115","1kmE3873N3123",38.9921780000004
"4116","1kmE3873N3124",0
"4117","1kmE3873N3125",0
"4118","1kmE3873N3126",0
"4119","1kmE3873N3127",33.9677900000006
"4120","1kmE3873N3128",33.9677900000006
"4121","1kmE3873N3129",0
"4122","1kmE3873N3130",50.7782240000015
"4123","1kmE3873N3131",0
"4124","1kmE3873N3132",0
"4125","1kmE3873N3133",0
"4126","1kmE3873N3134",0
"4127","1kmE3873N3135",0
"4128","1kmE3873N3136",0
"4129","1kmE3873N3137",0
"4130","1kmE3873N3138",0
"4131","1kmE3873N3139",0
"4132","1kmE3873N3140",0
"4133","1kmE3873N3141",0
"4134","1kmE3873N3142",0
"4135","1kmE3873N3143",0
"4136","1kmE3873N3144",0
"4137","1kmE3873N3145",0
"4138","1kmE3873N3146",84.7460140000003
"4139","1kmE3873N3147",308.4199775
"4140","1kmE3873N3148",393.1659915
"4141","1kmE3873N3149",33.9677900000006
"4142","1kmE3873N3150",23.720765
"4143","1kmE3873N3151",0
"4144","1kmE3874N3089",0
"4145","1kmE3874N3090",0
"4146","1kmE3874N3091",0
"4147","1kmE3874N3092",67.1982129999997
"4148","1kmE3874N3093",106.114624
"4149","1kmE3874N3094",0
"4150","1kmE3874N3095",129.7368745
"4151","1kmE3874N3096",0
"4152","1kmE3874N3097",0
"4153","1kmE3874N3098",95.5532514999995
"4154","1kmE3874N3099",226.3593915
"4155","1kmE3874N3100",261.5991295
"4156","1kmE3874N3101",188.512832
"4157","1kmE3874N3102",136.530203499999
"4158","1kmE3874N3103",0
"4159","1kmE3874N3104",158.960963000001
"4160","1kmE3874N3105",101.4226425
"4161","1kmE3874N3106",0
"4162","1kmE3874N3107",82.9730679999993
"4163","1kmE3874N3108",0
"4164","1kmE3874N3109",0
"4165","1kmE3874N3110",18.0806955000007
"4166","1kmE3874N3111",0
"4167","1kmE3874N3112",0
"4168","1kmE3874N3113",0
"4169","1kmE3874N3114",0
"4170","1kmE3874N3115",0
"4171","1kmE3874N3116",0
"4172","1kmE3874N3117",82.9730679999993
"4173","1kmE3874N3118",166.527427500001
"4174","1kmE3874N3119",0
"4175","1kmE3874N3120",223.535424999998
"4176","1kmE3874N3121",398.2509345
"4177","1kmE3874N3122",343.969852
"4178","1kmE3874N3123",98.7465009999996
"4179","1kmE3874N3124",0
"4180","1kmE3874N3125",0
"4181","1kmE3874N3126",0
"4182","1kmE3874N3127",170.497993500001
"4183","1kmE3874N3128",33.9677899999988
"4184","1kmE3874N3129",0
"4185","1kmE3874N3130",0
"4186","1kmE3874N3131",0
"4187","1kmE3874N3132",0
"4188","1kmE3874N3133",62.6876494999997
"4189","1kmE3874N3134",0
"4190","1kmE3874N3135",0
"4191","1kmE3874N3136",0
"4192","1kmE3874N3137",0
"4193","1kmE3874N3138",0
"4194","1kmE3874N3139",0
"4195","1kmE3874N3140",0
"4196","1kmE3874N3141",0
"4197","1kmE3874N3142",0
"4198","1kmE3874N3143",0
"4199","1kmE3874N3144",0
"4200","1kmE3874N3145",0
"4201","1kmE3874N3146",0
"4202","1kmE3874N3147",258.5272675
"4203","1kmE3874N3148",0
"4204","1kmE3874N3149",21.0613935000001
"4205","1kmE3874N3150",166.309211
"4206","1kmE3874N3151",252.860575000001
"4207","1kmE3874N3152",0
"4208","1kmE3875N3090",0
"4209","1kmE3875N3091",0
"4210","1kmE3875N3092",0
"4211","1kmE3875N3093",0
"4212","1kmE3875N3094",0
"4213","1kmE3875N3095",0
"4214","1kmE3875N3096",0
"4215","1kmE3875N3097",0
"4216","1kmE3875N3098",0
"4217","1kmE3875N3099",0
"4218","1kmE3875N3100",0
"4219","1kmE3875N3101",0
"4220","1kmE3875N3102",0
"4221","1kmE3875N3103",0
"4222","1kmE3875N3104",0
"4223","1kmE3875N3105",34.7721490000004
"4224","1kmE3875N3106",0
"4225","1kmE3875N3107",0
"4226","1kmE3875N3108",0
"4227","1kmE3875N3109",68.685111499999
"4228","1kmE3875N3110",133.751291999997
"4229","1kmE3875N3111",0
"4230","1kmE3875N3112",0
"4231","1kmE3875N3113",0
"4232","1kmE3875N3114",0
"4233","1kmE3875N3115",0
"4234","1kmE3875N3116",98.7465009999996
"4235","1kmE3875N3117",419.522354999999
"4236","1kmE3875N3118",133.751292000001
"4237","1kmE3875N3119",98.7465009999996
"4238","1kmE3875N3120",62.6876494999997
"4239","1kmE3875N3121",140.343837500001
"4240","1kmE3875N3122",242.319163
"4241","1kmE3875N3123",0
"4242","1kmE3875N3124",0
"4243","1kmE3875N3125",0
"4244","1kmE3875N3126",0
"4245","1kmE3875N3127",187.8073305
"4246","1kmE3875N3128",365.827565
"4247","1kmE3875N3129",0
"4248","1kmE3875N3130",0
"4249","1kmE3875N3131",0
"4250","1kmE3875N3132",0
"4251","1kmE3875N3133",0
"4252","1kmE3875N3134",0
"4253","1kmE3875N3135",0
"4254","1kmE3875N3136",0
"4255","1kmE3875N3137",0
"4256","1kmE3875N3138",0
"4257","1kmE3875N3139",0
"4258","1kmE3875N3140",0
"4259","1kmE3875N3141",0
"4260","1kmE3875N3142",0
"4261","1kmE3875N3143",0
"4262","1kmE3875N3144",0
"4263","1kmE3875N3145",0
"4264","1kmE3875N3146",296.770208999999
"4265","1kmE3875N3147",0
"4266","1kmE3875N3148",0
"4267","1kmE3875N3149",21.0613935000001
"4268","1kmE3875N3150",73.467780500001
"4269","1kmE3875N3151",185.839166
"4270","1kmE3875N3152",185.839166
"4271","1kmE3876N3092",0
"4272","1kmE3876N3093",135.014518
"4273","1kmE3876N3094",0
"4274","1kmE3876N3095",0
"4275","1kmE3876N3096",0
"4276","1kmE3876N3097",68.685111499999
"4277","1kmE3876N3098",0
"4278","1kmE3876N3099",0
"4279","1kmE3876N3100",0
"4280","1kmE3876N3101",0
"4281","1kmE3876N3102",0
"4282","1kmE3876N3103",0
"4283","1kmE3876N3104",0
"4284","1kmE3876N3105",283.8753005
"4285","1kmE3876N3106",33.9677900000006
"4286","1kmE3876N3107",94.3374194999997
"4287","1kmE3876N3108",0
"4288","1kmE3876N3109",0
"4289","1kmE3876N3110",179.631512999998
"4290","1kmE3876N3111",82.9730680000011
"4291","1kmE3876N3112",0
"4292","1kmE3876N3113",136.5302035
"4293","1kmE3876N3114",0.602057000000059
"4294","1kmE3876N3115",78.4035954999999
"4295","1kmE3876N3116",249.282278999999
"4296","1kmE3876N3117",99.7260784999999
"4297","1kmE3876N3118",98.7465009999996
"4298","1kmE3876N3119",0
"4299","1kmE3876N3120",0
"4300","1kmE3876N3121",0
"4301","1kmE3876N3122",0
"4302","1kmE3876N3123",0
"4303","1kmE3876N3124",194.33995
"4304","1kmE3876N3125",219.450983500003
"4305","1kmE3876N3126",218.509238999999
"4306","1kmE3876N3127",261.205213500001
"4307","1kmE3876N3128",134.828540500001
"4308","1kmE3876N3129",0
"4309","1kmE3876N3130",0
"4310","1kmE3876N3131",62.6876494999997
"4311","1kmE3876N3132",179.631512499999
"4312","1kmE3876N3133",0
"4313","1kmE3876N3134",0
"4314","1kmE3876N3135",70.5645074999993
"4315","1kmE3876N3136",0
"4316","1kmE3876N3137",185.587444499999
"4317","1kmE3876N3138",98.7465010000005
"4318","1kmE3876N3139",103.3007435
"4319","1kmE3876N3140",0
"4320","1kmE3876N3141",0
"4321","1kmE3876N3142",0
"4322","1kmE3876N3143",0
"4323","1kmE3876N3144",0
"4324","1kmE3876N3145",0
"4325","1kmE3876N3146",36.3152709999995
"4326","1kmE3876N3147",0
"4327","1kmE3876N3148",82.9730680000002
"4328","1kmE3876N3149",0
"4329","1kmE3876N3150",0
"4330","1kmE3876N3151",0
"4331","1kmE3877N3092",0
"4332","1kmE3877N3093",0
"4333","1kmE3877N3094",0
"4334","1kmE3877N3095",0
"4335","1kmE3877N3096",68.6851115000009
"4336","1kmE3877N3097",0
"4337","1kmE3877N3098",0
"4338","1kmE3877N3099",0
"4339","1kmE3877N3100",0
"4340","1kmE3877N3101",0
"4341","1kmE3877N3102",0
"4342","1kmE3877N3103",0
"4343","1kmE3877N3104",0
"4344","1kmE3877N3105",0
"4345","1kmE3877N3106",78.4035949999998
"4346","1kmE3877N3107",78.4035949999998
"4347","1kmE3877N3108",0
"4348","1kmE3877N3109",0
"4349","1kmE3877N3110",0
"4350","1kmE3877N3111",0
"4351","1kmE3877N3112",0
"4352","1kmE3877N3113",93.1308690000005
"4353","1kmE3877N3114",33.9677900000006
"4354","1kmE3877N3115",0
"4355","1kmE3877N3116",98.7465010000014
"4356","1kmE3877N3117",301.613089500001
"4357","1kmE3877N3118",78.4035949999998
"4358","1kmE3877N3119",52.4844069999999
"4359","1kmE3877N3120",0
"4360","1kmE3877N3121",0
"4361","1kmE3877N3122",62.6876494999997
"4362","1kmE3877N3123",378.849365999999
"4363","1kmE3877N3124",530.263289499999
"4364","1kmE3877N3125",178.466937500001
"4365","1kmE3877N3126",371.298688499999
"4366","1kmE3877N3127",226.392314000001
"4367","1kmE3877N3128",166.309211
"4368","1kmE3877N3129",0
"4369","1kmE3877N3130",0
"4370","1kmE3877N3131",166.3092105
"4371","1kmE3877N3132",0
"4372","1kmE3877N3133",0
"4373","1kmE3877N3134",0
"4374","1kmE3877N3135",0
"4375","1kmE3877N3136",0
"4376","1kmE3877N3137",0
"4377","1kmE3877N3138",0
"4378","1kmE3877N3139",0
"4379","1kmE3877N3140",0
"4380","1kmE3877N3141",0
"4381","1kmE3877N3142",0
"4382","1kmE3877N3143",0
"4383","1kmE3877N3144",0
"4384","1kmE3877N3145",0
"4385","1kmE3877N3146",110.629262999999
"4386","1kmE3877N3147",84.7460139999985
"4387","1kmE3877N3148",166.3092105
"4388","1kmE3877N3149",0
"4389","1kmE3877N3150",36.3152709999995
"4390","1kmE3878N3091",0
"4391","1kmE3878N3092",0
"4392","1kmE3878N3093",59.1630789999999
"4393","1kmE3878N3094",0
"4394","1kmE3878N3095",0
"4395","1kmE3878N3096",166.3092105
"4396","1kmE3878N3097",0
"4397","1kmE3878N3098",0
"4398","1kmE3878N3099",31.5570360000002
"4399","1kmE3878N3100",0
"4400","1kmE3878N3101",0
"4401","1kmE3878N3102",0
"4402","1kmE3878N3103",0
"4403","1kmE3878N3104",0
"4404","1kmE3878N3105",0
"4405","1kmE3878N3106",0
"4406","1kmE3878N3107",0
"4407","1kmE3878N3108",0
"4408","1kmE3878N3109",152.599840000001
"4409","1kmE3878N3110",0
"4410","1kmE3878N3111",0
"4411","1kmE3878N3112",0
"4412","1kmE3878N3113",33.9677899999988
"4413","1kmE3878N3114",129.1280255
"4414","1kmE3878N3115",80.1448335000005
"4415","1kmE3878N3116",0
"4416","1kmE3878N3117",0
"4417","1kmE3878N3118",52.4844069999999
"4418","1kmE3878N3119",0
"4419","1kmE3878N3120",0
"4420","1kmE3878N3121",156.366346499999
"4421","1kmE3878N3122",63.2897064999997
"4422","1kmE3878N3123",480.314242
"4423","1kmE3878N3124",437.551195
"4424","1kmE3878N3125",492.459570999999
"4425","1kmE3878N3126",160.233864000002
"4426","1kmE3878N3127",50.7782239999979
"4427","1kmE3878N3128",0
"4428","1kmE3878N3129",166.309211
"4429","1kmE3878N3130",0
"4430","1kmE3878N3131",0
"4431","1kmE3878N3132",0
"4432","1kmE3878N3133",0
"4433","1kmE3878N3134",0
"4434","1kmE3878N3135",0
"4435","1kmE3878N3136",0
"4436","1kmE3878N3137",0
"4437","1kmE3878N3138",0
"4438","1kmE3878N3139",0
"4439","1kmE3878N3140",0
"4440","1kmE3878N3141",0
"4441","1kmE3878N3142",0
"4442","1kmE3878N3143",0
"4443","1kmE3878N3144",0
"4444","1kmE3878N3145",33.9677899999997
"4445","1kmE3878N3146",33.9677899999988
"4446","1kmE3878N3147",55.0291834999989
"4447","1kmE3878N3148",33.9677900000006
"4448","1kmE3878N3149",0
"4449","1kmE3878N3150",33.9677900000006
"4450","1kmE3879N3092",136.5302035
"4451","1kmE3879N3093",0
"4452","1kmE3879N3094",0
"4453","1kmE3879N3095",166.3092105
"4454","1kmE3879N3096",0
"4455","1kmE3879N3097",0
"4456","1kmE3879N3098",166.309211
"4457","1kmE3879N3099",166.309211
"4458","1kmE3879N3100",0
"4459","1kmE3879N3101",0
"4460","1kmE3879N3102",0
"4461","1kmE3879N3103",0
"4462","1kmE3879N3104",0
"4463","1kmE3879N3105",82.9730679999993
"4464","1kmE3879N3106",0
"4465","1kmE3879N3107",0
"4466","1kmE3879N3108",0
"4467","1kmE3879N3109",0
"4468","1kmE3879N3110",0
"4469","1kmE3879N3111",0
"4470","1kmE3879N3112",0
"4471","1kmE3879N3113",0
"4472","1kmE3879N3114",136.530203499999
"4473","1kmE3879N3115",194.201654
"4474","1kmE3879N3116",98.7465009999996
"4475","1kmE3879N3117",83.870516500001
"4476","1kmE3879N3118",82.9730679999993
"4477","1kmE3879N3119",142.490010500002
"4478","1kmE3879N3120",97.1872064999989
"4479","1kmE3879N3121",0
"4480","1kmE3879N3122",199.260061000001
"4481","1kmE3879N3123",267.482692999998
"4482","1kmE3879N3124",380.613554
"4483","1kmE3879N3125",480.226866499997
"4484","1kmE3879N3126",82.9730680000011
"4485","1kmE3879N3127",0
"4486","1kmE3879N3128",151.314281000001
"4487","1kmE3879N3129",0
"4488","1kmE3879N3130",82.9730679999993
"4489","1kmE3879N3131",0
"4490","1kmE3879N3132",0
"4491","1kmE3879N3133",0
"4492","1kmE3879N3134",0
"4493","1kmE3879N3135",0
"4494","1kmE3879N3136",0
"4495","1kmE3879N3137",0
"4496","1kmE3879N3138",0
"4497","1kmE3879N3139",0
"4498","1kmE3879N3140",0
"4499","1kmE3879N3141",0
"4500","1kmE3879N3142",0
"4501","1kmE3879N3143",98.7465009999996
"4502","1kmE3879N3144",0
"4503","1kmE3879N3145",0
"4504","1kmE3879N3146",76.0458670000007
"4505","1kmE3879N3147",105.807407499999
"4506","1kmE3879N3148",21.6763944999993
"4507","1kmE3879N3149",0
"4508","1kmE3879N3150",56.3985489999995
"4509","1kmE3880N3092",136.5302035
"4510","1kmE3880N3093",234.994321999999
"4511","1kmE3880N3094",179.6315125
"4512","1kmE3880N3095",65.5211244999991
"4513","1kmE3880N3096",262.877538500001
"4514","1kmE3880N3097",123.327155000001
"4515","1kmE3880N3098",0
"4516","1kmE3880N3099",0
"4517","1kmE3880N3100",0
"4518","1kmE3880N3101",0
"4519","1kmE3880N3102",0
"4520","1kmE3880N3103",0
"4521","1kmE3880N3104",0
"4522","1kmE3880N3105",0
"4523","1kmE3880N3106",0
"4524","1kmE3880N3107",166.3092105
"4525","1kmE3880N3108",0
"4526","1kmE3880N3109",0
"4527","1kmE3880N3110",0
"4528","1kmE3880N3111",12.3415525000019
"4529","1kmE3880N3112",0
"4530","1kmE3880N3113",0
"4531","1kmE3880N3114",0
"4532","1kmE3880N3115",80.1448335000023
"4533","1kmE3880N3116",126.552262000001
"4534","1kmE3880N3117",70.051069000001
"4535","1kmE3880N3118",83.8705164999992
"4536","1kmE3880N3119",72.9599679999992
"4537","1kmE3880N3120",151.303165000001
"4538","1kmE3880N3121",353.008609500001
"4539","1kmE3880N3122",286.285554499998
"4540","1kmE3880N3123",252.504226999998
"4541","1kmE3880N3124",196.7192545
"4542","1kmE3880N3125",135.762089
"4543","1kmE3880N3126",12.4349344999991
"4544","1kmE3880N3127",70.051069000001
"4545","1kmE3880N3128",0
"4546","1kmE3880N3129",0
"4547","1kmE3880N3130",0
"4548","1kmE3880N3131",0
"4549","1kmE3880N3132",0
"4550","1kmE3880N3133",0
"4551","1kmE3880N3134",0
"4552","1kmE3880N3135",0
"4553","1kmE3880N3136",62.6876494999997
"4554","1kmE3880N3137",0
"4555","1kmE3880N3138",0
"4556","1kmE3880N3139",0
"4557","1kmE3880N3140",0
"4558","1kmE3880N3141",0
"4559","1kmE3880N3142",0
"4560","1kmE3880N3143",0
"4561","1kmE3880N3144",0
"4562","1kmE3880N3145",0
"4563","1kmE3880N3146",0
"4564","1kmE3880N3147",21.6763945000002
"4565","1kmE3880N3148",0
"4566","1kmE3880N3149",36.4565469999998
"4567","1kmE3881N3090",0
"4568","1kmE3881N3091",0
"4569","1kmE3881N3092",136.530203499999
"4570","1kmE3881N3093",219.5032715
"4571","1kmE3881N3094",0
"4572","1kmE3881N3095",390.163809
"4573","1kmE3881N3096",222.311244500001
"4574","1kmE3881N3097",0
"4575","1kmE3881N3098",0
"4576","1kmE3881N3099",0
"4577","1kmE3881N3100",0
"4578","1kmE3881N3101",0
"4579","1kmE3881N3102",0
"4580","1kmE3881N3103",0
"4581","1kmE3881N3104",0
"4582","1kmE3881N3105",0
"4583","1kmE3881N3106",70.5645075000011
"4584","1kmE3881N3107",136.5302035
"4585","1kmE3881N3108",0
"4586","1kmE3881N3109",0
"4587","1kmE3881N3110",0
"4588","1kmE3881N3111",0
"4589","1kmE3881N3112",0
"4590","1kmE3881N3113",0
"4591","1kmE3881N3114",0
"4592","1kmE3881N3115",64.8259595
"4593","1kmE3881N3116",0
"4594","1kmE3881N3117",0
"4595","1kmE3881N3118",0
"4596","1kmE3881N3119",64.3822690000015
"4597","1kmE3881N3120",121.965246
"4598","1kmE3881N3121",454.766616500001
"4599","1kmE3881N3122",447.908895999997
"4600","1kmE3881N3123",259.981852500001
"4601","1kmE3881N3124",301.195029000002
"4602","1kmE3881N3125",95.4080025000003
"4603","1kmE3881N3126",110.539539000001
"4604","1kmE3881N3127",261.6118525
"4605","1kmE3881N3128",46.9948535000003
"4606","1kmE3881N3129",62.6876494999997
"4607","1kmE3881N3130",0
"4608","1kmE3881N3131",0
"4609","1kmE3881N3132",0
"4610","1kmE3881N3133",12.3415525
"4611","1kmE3881N3134",0
"4612","1kmE3881N3135",0
"4613","1kmE3881N3136",0
"4614","1kmE3881N3137",0
"4615","1kmE3881N3138",0
"4616","1kmE3881N3139",0
"4617","1kmE3881N3140",0
"4618","1kmE3881N3141",0
"4619","1kmE3881N3142",0
"4620","1kmE3881N3143",0
"4621","1kmE3881N3144",166.3092105
"4622","1kmE3881N3145",82.9730679999993
"4623","1kmE3881N3146",0
"4624","1kmE3881N3147",6.02403950000007
"4625","1kmE3881N3148",42.0780770000001
"4626","1kmE3881N3149",156.852369
"4627","1kmE3882N3089",82.9730680000002
"4628","1kmE3882N3090",31.5570360000002
"4629","1kmE3882N3091",0
"4630","1kmE3882N3092",154.051521000001
"4631","1kmE3882N3093",136.5302035
"4632","1kmE3882N3094",0
"4633","1kmE3882N3095",0
"4634","1kmE3882N3096",50.7782239999997
"4635","1kmE3882N3097",50.7782239999997
"4636","1kmE3882N3098",0
"4637","1kmE3882N3099",136.530203500002
"4638","1kmE3882N3100",0
"4639","1kmE3882N3101",95.3146204999994
"4640","1kmE3882N3102",0
"4641","1kmE3882N3103",31.5570360000002
"4642","1kmE3882N3104",0
"4643","1kmE3882N3105",0
"4644","1kmE3882N3106",0
"4645","1kmE3882N3107",0
"4646","1kmE3882N3108",0
"4647","1kmE3882N3109",0
"4648","1kmE3882N3110",0
"4649","1kmE3882N3111",82.9730680000011
"4650","1kmE3882N3112",0
"4651","1kmE3882N3113",0
"4652","1kmE3882N3114",134.226483499999
"4653","1kmE3882N3115",0
"4654","1kmE3882N3116",0
"4655","1kmE3882N3117",0
"4656","1kmE3882N3118",155.393276000001
"4657","1kmE3882N3119",75.0664335000001
"4658","1kmE3882N3120",159.780031000002
"4659","1kmE3882N3121",215.367630000001
"4660","1kmE3882N3122",282.093565000003
"4661","1kmE3882N3123",343.180113499999
"4662","1kmE3882N3124",307.105725000001
"4663","1kmE3882N3125",312.286478499998
"4664","1kmE3882N3126",315.4932295
"4665","1kmE3882N3127",84.9096215000009
"4666","1kmE3882N3128",212.5363545
"4667","1kmE3882N3129",0
"4668","1kmE3882N3130",0
"4669","1kmE3882N3131",0
"4670","1kmE3882N3132",0
"4671","1kmE3882N3133",0
"4672","1kmE3882N3134",0
"4673","1kmE3882N3135",0
"4674","1kmE3882N3136",0
"4675","1kmE3882N3137",0
"4676","1kmE3882N3138",0
"4677","1kmE3882N3139",0
"4678","1kmE3882N3140",0
"4679","1kmE3882N3141",0
"4680","1kmE3882N3142",0
"4681","1kmE3882N3143",0
"4682","1kmE3882N3144",0
"4683","1kmE3882N3145",59.1630789999999
"4684","1kmE3882N3146",0
"4685","1kmE3882N3147",33.9677899999988
"4686","1kmE3882N3148",0
"4687","1kmE3883N3089",0
"4688","1kmE3883N3090",0
"4689","1kmE3883N3091",0
"4690","1kmE3883N3092",0
"4691","1kmE3883N3093",0
"4692","1kmE3883N3094",0
"4693","1kmE3883N3095",0
"4694","1kmE3883N3096",157.880407999999
"4695","1kmE3883N3097",282.2285225
"4696","1kmE3883N3098",136.5302035
"4697","1kmE3883N3099",136.5302035
"4698","1kmE3883N3100",0
"4699","1kmE3883N3101",0
"4700","1kmE3883N3102",0
"4701","1kmE3883N3103",0
"4702","1kmE3883N3104",0
"4703","1kmE3883N3105",0
"4704","1kmE3883N3106",82.9730679999993
"4705","1kmE3883N3107",0
"4706","1kmE3883N3108",0
"4707","1kmE3883N3109",0
"4708","1kmE3883N3110",0
"4709","1kmE3883N3111",0
"4710","1kmE3883N3112",82.9730679999993
"4711","1kmE3883N3113",256.104858500001
"4712","1kmE3883N3114",0
"4713","1kmE3883N3115",0
"4714","1kmE3883N3116",0
"4715","1kmE3883N3117",0
"4716","1kmE3883N3118",82.9730679999993
"4717","1kmE3883N3119",446.994487
"4718","1kmE3883N3120",570.943868499999
"4719","1kmE3883N3121",435.556647499998
"4720","1kmE3883N3122",261.582522999997
"4721","1kmE3883N3123",406.423359
"4722","1kmE3883N3124",162.677210499998
"4723","1kmE3883N3125",63.9788230000013
"4724","1kmE3883N3126",326.584979500003
"4725","1kmE3883N3127",196.685218499999
"4726","1kmE3883N3128",490.209994000001
"4727","1kmE3883N3129",196.2620305
"4728","1kmE3883N3130",126.552261999999
"4729","1kmE3883N3131",0
"4730","1kmE3883N3132",0
"4731","1kmE3883N3133",185.761337
"4732","1kmE3883N3134",136.4779155
"4733","1kmE3883N3135",359.399428999999
"4734","1kmE3883N3136",0
"4735","1kmE3883N3137",0
"4736","1kmE3883N3138",50.7782239999997
"4737","1kmE3883N3139",174.456979000001
"4738","1kmE3883N3140",0
"4739","1kmE3883N3141",0
"4740","1kmE3883N3142",0
"4741","1kmE3883N3143",0
"4742","1kmE3883N3144",0
"4743","1kmE3883N3145",0
"4744","1kmE3883N3146",29.8889705000001
"4745","1kmE3883N3147",33.9677899999988
"4746","1kmE3884N3089",0
"4747","1kmE3884N3090",0
"4748","1kmE3884N3091",0
"4749","1kmE3884N3092",0
"4750","1kmE3884N3093",0
"4751","1kmE3884N3094",0
"4752","1kmE3884N3095",0
"4753","1kmE3884N3096",136.530203499999
"4754","1kmE3884N3097",303.578727
"4755","1kmE3884N3098",0
"4756","1kmE3884N3099",136.5302035
"4757","1kmE3884N3100",0
"4758","1kmE3884N3101",166.3092105
"4759","1kmE3884N3102",0
"4760","1kmE3884N3103",82.9730679999993
"4761","1kmE3884N3104",0
"4762","1kmE3884N3105",0
"4763","1kmE3884N3106",0
"4764","1kmE3884N3107",0
"4765","1kmE3884N3108",0
"4766","1kmE3884N3109",0
"4767","1kmE3884N3110",0
"4768","1kmE3884N3111",0
"4769","1kmE3884N3112",67.1982129999997
"4770","1kmE3884N3113",31.5570360000002
"4771","1kmE3884N3114",0
"4772","1kmE3884N3115",0
"4773","1kmE3884N3116",0
"4774","1kmE3884N3117",0
"4775","1kmE3884N3118",22.4307589999989
"4776","1kmE3884N3119",0
"4777","1kmE3884N3120",222.073655999999
"4778","1kmE3884N3121",145.741354499998
"4779","1kmE3884N3122",265.792334999998
"4780","1kmE3884N3123",206.581273
"4781","1kmE3884N3124",357.7549105
"4782","1kmE3884N3125",90.8125049999981
"4783","1kmE3884N3126",292.4510765
"4784","1kmE3884N3127",410.427006
"4785","1kmE3884N3128",231.773300000001
"4786","1kmE3884N3129",126.552261999999
"4787","1kmE3884N3130",145.320199000001
"4788","1kmE3884N3131",0
"4789","1kmE3884N3132",0
"4790","1kmE3884N3133",0
"4791","1kmE3884N3134",41.2512809999989
"4792","1kmE3884N3135",39.6222584999996
"4793","1kmE3884N3136",136.4779155
"4794","1kmE3884N3137",0
"4795","1kmE3884N3138",0
"4796","1kmE3884N3139",0
"4797","1kmE3884N3140",0
"4798","1kmE3884N3141",0
"4799","1kmE3884N3142",0
"4800","1kmE3884N3143",0
"4801","1kmE3884N3144",187.332054500001
"4802","1kmE3884N3145",338.114355999998
"4803","1kmE3884N3146",46.3093425000006
"4804","1kmE3884N3147",101.498223999999
"4805","1kmE3885N3088",0
"4806","1kmE3885N3089",0
"4807","1kmE3885N3090",0
"4808","1kmE3885N3091",0
"4809","1kmE3885N3092",249.282278500001
"4810","1kmE3885N3093",0
"4811","1kmE3885N3094",0
"4812","1kmE3885N3095",0
"4813","1kmE3885N3096",82.9730679999993
"4814","1kmE3885N3097",0
"4815","1kmE3885N3098",0
"4816","1kmE3885N3099",136.5302035
"4817","1kmE3885N3100",292.894927000001
"4818","1kmE3885N3101",0
"4819","1kmE3885N3102",0
"4820","1kmE3885N3103",112.187674999999
"4821","1kmE3885N3104",82.9730679999993
"4822","1kmE3885N3105",0
"4823","1kmE3885N3106",82.9730680000011
"4824","1kmE3885N3107",27.8817194999992
"4825","1kmE3885N3108",19.0969535000004
"4826","1kmE3885N3109",0
"4827","1kmE3885N3110",0
"4828","1kmE3885N3111",50.9418315000003
"4829","1kmE3885N3112",0
"4830","1kmE3885N3113",0
"4831","1kmE3885N3114",378.002809000001
"4832","1kmE3885N3115",179.6315125
"4833","1kmE3885N3116",0
"4834","1kmE3885N3117",0
"4835","1kmE3885N3118",0
"4836","1kmE3885N3119",194.562974999997
"4837","1kmE3885N3120",0
"4838","1kmE3885N3121",209.52533
"4839","1kmE3885N3122",136.530203999999
"4840","1kmE3885N3123",0
"4841","1kmE3885N3124",190.5253675
"4842","1kmE3885N3125",106.114624
"4843","1kmE3885N3126",158.599031
"4844","1kmE3885N3127",0
"4845","1kmE3885N3128",0
"4846","1kmE3885N3129",0
"4847","1kmE3885N3130",0
"4848","1kmE3885N3131",0
"4849","1kmE3885N3132",0
"4850","1kmE3885N3133",135.457475000001
"4851","1kmE3885N3134",53.522669
"4852","1kmE3885N3135",39.6222585000005
"4853","1kmE3885N3136",0
"4854","1kmE3885N3137",0
"4855","1kmE3885N3138",0
"4856","1kmE3885N3139",0
"4857","1kmE3885N3140",0
"4858","1kmE3885N3141",0
"4859","1kmE3885N3142",33.9677899999997
"4860","1kmE3885N3143",0
"4861","1kmE3885N3144",242.572378999999
"4862","1kmE3885N3145",238.2465125
"4863","1kmE3885N3146",195.126194499999
"4864","1kmE3885N3147",64.3822690000015
"4865","1kmE3886N3088",0
"4866","1kmE3886N3089",0
"4867","1kmE3886N3090",0
"4868","1kmE3886N3091",0
"4869","1kmE3886N3092",0
"4870","1kmE3886N3093",0
"4871","1kmE3886N3094",0
"4872","1kmE3886N3095",0
"4873","1kmE3886N3096",0
"4874","1kmE3886N3097",0
"4875","1kmE3886N3098",0
"4876","1kmE3886N3099",18.0806954999989
"4877","1kmE3886N3100",0
"4878","1kmE3886N3101",0
"4879","1kmE3886N3102",136.5302035
"4880","1kmE3886N3103",82.9730679999993
"4881","1kmE3886N3104",0
"4882","1kmE3886N3105",0
"4883","1kmE3886N3106",0
"4884","1kmE3886N3107",27.8817195000011
"4885","1kmE3886N3108",36.4507840000006
"4886","1kmE3886N3109",36.4507840000006
"4887","1kmE3886N3110",68.0078200000007
"4888","1kmE3886N3111",0
"4889","1kmE3886N3112",0
"4890","1kmE3886N3113",0
"4891","1kmE3886N3114",71.1641425000016
"4892","1kmE3886N3115",12.3415525
"4893","1kmE3886N3116",12.3415525
"4894","1kmE3886N3117",0
"4895","1kmE3886N3118",50.9418315000003
"4896","1kmE3886N3119",136.530204000002
"4897","1kmE3886N3120",220.514361999998
"4898","1kmE3886N3121",235.276705
"4899","1kmE3886N3122",136.530204000002
"4900","1kmE3886N3123",343.7972835
"4901","1kmE3886N3124",206.300223
"4902","1kmE3886N3125",105.9702065
"4903","1kmE3886N3126",0
"4904","1kmE3886N3127",112.371385500001
"4905","1kmE3886N3128",44.8341880000007
"4906","1kmE3886N3129",0
"4907","1kmE3886N3130",145.6492155
"4908","1kmE3886N3131",0
"4909","1kmE3886N3132",153.978354999999
"4910","1kmE3886N3133",48.4426344999993
"4911","1kmE3886N3134",0
"4912","1kmE3886N3135",136.4779155
"4913","1kmE3886N3136",82.9730679999993
"4914","1kmE3886N3137",67.7580120000002
"4915","1kmE3886N3138",76.580688
"4916","1kmE3886N3139",0
"4917","1kmE3886N3140",0
"4918","1kmE3886N3141",0
"4919","1kmE3886N3142",0
"4920","1kmE3886N3143",206.3002225
"4921","1kmE3886N3144",0
"4922","1kmE3886N3145",128.305209499998
"4923","1kmE3886N3146",33.9677900000006
"4924","1kmE3887N3088",0
"4925","1kmE3887N3089",0
"4926","1kmE3887N3090",0
"4927","1kmE3887N3091",53.522669
"4928","1kmE3887N3092",0
"4929","1kmE3887N3093",82.9730679999993
"4930","1kmE3887N3094",50.0505484999994
"4931","1kmE3887N3095",0
"4932","1kmE3887N3096",0
"4933","1kmE3887N3097",0
"4934","1kmE3887N3098",0
"4935","1kmE3887N3099",0
"4936","1kmE3887N3100",0
"4937","1kmE3887N3101",82.9730680000011
"4938","1kmE3887N3102",123.327154500001
"4939","1kmE3887N3103",0
"4940","1kmE3887N3104",82.9730680000011
"4941","1kmE3887N3105",0
"4942","1kmE3887N3106",0
"4943","1kmE3887N3107",0
"4944","1kmE3887N3108",36.4507839999997
"4945","1kmE3887N3109",55.5477375000009
"4946","1kmE3887N3110",36.4507840000006
"4947","1kmE3887N3111",0
"4948","1kmE3887N3112",0
"4949","1kmE3887N3113",0
"4950","1kmE3887N3114",123.327154499999
"4951","1kmE3887N3115",0
"4952","1kmE3887N3116",0
"4953","1kmE3887N3117",0
"4954","1kmE3887N3118",80.1448335000005
"4955","1kmE3887N3119",0
"4956","1kmE3887N3120",0
"4957","1kmE3887N3121",277.285627500001
"4958","1kmE3887N3122",514.566340999998
"4959","1kmE3887N3123",472.468214
"4960","1kmE3887N3124",80.2958930000004
"4961","1kmE3887N3125",0
"4962","1kmE3887N3126",0
"4963","1kmE3887N3127",117.3957735
"4964","1kmE3887N3128",44.8341880000007
"4965","1kmE3887N3129",44.8341879999998
"4966","1kmE3887N3130",136.5302035
"4967","1kmE3887N3131",136.530204000001
"4968","1kmE3887N3132",98.4931829999987
"4969","1kmE3887N3133",50.0505484999994
"4970","1kmE3887N3134",0
"4971","1kmE3887N3135",0
"4972","1kmE3887N3136",0
"4973","1kmE3887N3137",0
"4974","1kmE3887N3138",0
"4975","1kmE3887N3139",82.9730680000002
"4976","1kmE3887N3140",0
"4977","1kmE3887N3141",0
"4978","1kmE3887N3142",0
"4979","1kmE3887N3143",0
"4980","1kmE3887N3144",170.852856000001
"4981","1kmE3887N3145",33.9677900000006
"4982","1kmE3887N3146",84.7460140000003
"4983","1kmE3888N3088",123.3271545
"4984","1kmE3888N3089",0
"4985","1kmE3888N3090",0
"4986","1kmE3888N3091",0
"4987","1kmE3888N3092",0
"4988","1kmE3888N3093",0
"4989","1kmE3888N3094",0
"4990","1kmE3888N3095",0
"4991","1kmE3888N3096",0
"4992","1kmE3888N3097",0
"4993","1kmE3888N3098",0
"4994","1kmE3888N3099",0
"4995","1kmE3888N3100",0
"4996","1kmE3888N3101",0
"4997","1kmE3888N3102",0
"4998","1kmE3888N3103",123.327154500001
"4999","1kmE3888N3104",0
"5000","1kmE3888N3105",0
"5001","1kmE3888N3106",0
"5002","1kmE3888N3107",166.309210500001
"5003","1kmE3888N3108",0
"5004","1kmE3888N3109",136.5302035
"5005","1kmE3888N3110",0
"5006","1kmE3888N3111",0
"5007","1kmE3888N3112",0
"5008","1kmE3888N3113",0
"5009","1kmE3888N3114",0
"5010","1kmE3888N3115",0
"5011","1kmE3888N3116",0
"5012","1kmE3888N3117",0
"5013","1kmE3888N3118",68.685111499999
"5014","1kmE3888N3119",0
"5015","1kmE3888N3120",0
"5016","1kmE3888N3121",383.782257999999
"5017","1kmE3888N3122",681.0626835
"5018","1kmE3888N3123",907.158351500002
"5019","1kmE3888N3124",185.7613345
"5020","1kmE3888N3125",0
"5021","1kmE3888N3126",0
"5022","1kmE3888N3127",0
"5023","1kmE3888N3128",0
"5024","1kmE3888N3129",0
"5025","1kmE3888N3130",0
"5026","1kmE3888N3131",0
"5027","1kmE3888N3132",0
"5028","1kmE3888N3133",0
"5029","1kmE3888N3134",0
"5030","1kmE3888N3135",0
"5031","1kmE3888N3136",0
"5032","1kmE3888N3137",153.978354000001
"5033","1kmE3888N3138",160.905533499999
"5034","1kmE3888N3139",131.9262645
"5035","1kmE3888N3140",172.986751
"5036","1kmE3888N3144",33.9677900000006
"5037","1kmE3888N3145",33.9677900000006
"5038","1kmE3889N3084",0
"5039","1kmE3889N3088",0
"5040","1kmE3889N3089",0
"5041","1kmE3889N3090",0
"5042","1kmE3889N3091",0
"5043","1kmE3889N3092",0
"5044","1kmE3889N3093",0
"5045","1kmE3889N3094",0
"5046","1kmE3889N3095",0
"5047","1kmE3889N3096",0
"5048","1kmE3889N3097",136.530203499999
"5049","1kmE3889N3098",187.3084275
"5050","1kmE3889N3099",0
"5051","1kmE3889N3100",0
"5052","1kmE3889N3101",0
"5053","1kmE3889N3102",0
"5054","1kmE3889N3103",0
"5055","1kmE3889N3104",0
"5056","1kmE3889N3105",0
"5057","1kmE3889N3106",82.9730679999993
"5058","1kmE3889N3107",266.267078000001
"5059","1kmE3889N3108",0
"5060","1kmE3889N3109",0
"5061","1kmE3889N3110",0
"5062","1kmE3889N3111",0
"5063","1kmE3889N3112",0
"5064","1kmE3889N3113",0
"5065","1kmE3889N3114",0
"5066","1kmE3889N3115",0
"5067","1kmE3889N3116",82.5019379999994
"5068","1kmE3889N3117",82.5019379999994
"5069","1kmE3889N3118",0
"5070","1kmE3889N3119",98.7465010000014
"5071","1kmE3889N3120",0
"5072","1kmE3889N3121",0
"5073","1kmE3889N3122",438.191089
"5074","1kmE3889N3123",737.8859545
"5075","1kmE3889N3124",416.91922
"5076","1kmE3889N3125",0
"5077","1kmE3889N3126",0
"5078","1kmE3889N3127",0
"5079","1kmE3889N3128",0
"5080","1kmE3889N3129",0
"5081","1kmE3889N3130",0
"5082","1kmE3889N3131",0
"5083","1kmE3889N3132",0
"5084","1kmE3889N3133",50.0505484999994
"5085","1kmE3889N3134",160.233864
"5086","1kmE3889N3135",0
"5087","1kmE3889N3136",0
"5088","1kmE3889N3137",161.787458000001
"5089","1kmE3889N3138",0
"5090","1kmE3889N3139",0
"5091","1kmE3889N3140",100.000148499999
"5092","1kmE3890N3083",0
"5093","1kmE3890N3084",0
"5094","1kmE3890N3085",0
"5095","1kmE3890N3086",0
"5096","1kmE3890N3087",0
"5097","1kmE3890N3088",0
"5098","1kmE3890N3089",135.014518
"5099","1kmE3890N3090",0
"5100","1kmE3890N3091",0
"5101","1kmE3890N3092",0
"5102","1kmE3890N3093",136.530203999999
"5103","1kmE3890N3094",0
"5104","1kmE3890N3095",0
"5105","1kmE3890N3096",148.965138
"5106","1kmE3890N3097",0
"5107","1kmE3890N3098",0
"5108","1kmE3890N3099",0
"5109","1kmE3890N3100",0
"5110","1kmE3890N3101",0
"5111","1kmE3890N3102",0
"5112","1kmE3890N3103",0
"5113","1kmE3890N3104",0
"5114","1kmE3890N3105",0
"5115","1kmE3890N3106",82.9730679999993
"5116","1kmE3890N3107",50.7782239999997
"5117","1kmE3890N3108",0
"5118","1kmE3890N3109",0
"5119","1kmE3890N3110",0
"5120","1kmE3890N3111",0
"5121","1kmE3890N3112",0
"5122","1kmE3890N3113",12.3415525
"5123","1kmE3890N3114",0
"5124","1kmE3890N3115",0
"5125","1kmE3890N3116",52.4844069999999
"5126","1kmE3890N3117",135.014518
"5127","1kmE3890N3118",59.1630789999999
"5128","1kmE3890N3119",0
"5129","1kmE3890N3120",0
"5130","1kmE3890N3121",0
"5131","1kmE3890N3122",0
"5132","1kmE3890N3123",0
"5133","1kmE3890N3124",0
"5134","1kmE3890N3125",0
"5135","1kmE3890N3126",0
"5136","1kmE3890N3127",0
"5137","1kmE3890N3128",0
"5138","1kmE3890N3129",0
"5139","1kmE3890N3130",0
"5140","1kmE3890N3131",0
"5141","1kmE3890N3132",0
"5142","1kmE3890N3133",0
"5143","1kmE3890N3134",0
"5144","1kmE3890N3135",0
"5145","1kmE3890N3136",25.2262905000007
"5146","1kmE3890N3137",0
"5147","1kmE3890N3138",69.8883064999991
"5148","1kmE3890N3139",0
"5149","1kmE3890N3140",0
"5150","1kmE3891N3082",0
"5151","1kmE3891N3083",0
"5152","1kmE3891N3084",0
"5153","1kmE3891N3085",0
"5154","1kmE3891N3086",0
"5155","1kmE3891N3087",0
"5156","1kmE3891N3088",0
"5157","1kmE3891N3089",0
"5158","1kmE3891N3090",0
"5159","1kmE3891N3091",0
"5160","1kmE3891N3092",0
"5161","1kmE3891N3093",78.4035949999998
"5162","1kmE3891N3094",166.309211
"5163","1kmE3891N3095",219.5032715
"5164","1kmE3891N3096",166.3092105
"5165","1kmE3891N3097",153.978354
"5166","1kmE3891N3098",0
"5167","1kmE3891N3099",0
"5168","1kmE3891N3100",0
"5169","1kmE3891N3101",0
"5170","1kmE3891N3102",12.3415525
"5171","1kmE3891N3103",0
"5172","1kmE3891N3104",0
"5173","1kmE3891N3105",0
"5174","1kmE3891N3106",0
"5175","1kmE3891N3107",0
"5176","1kmE3891N3108",0
"5177","1kmE3891N3109",0
"5178","1kmE3891N3110",0
"5179","1kmE3891N3111",0
"5180","1kmE3891N3112",0
"5181","1kmE3891N3113",36.3152709999995
"5182","1kmE3891N3114",0
"5183","1kmE3891N3115",0
"5184","1kmE3891N3116",0
"5185","1kmE3891N3117",98.7465009999996
"5186","1kmE3891N3118",0
"5187","1kmE3891N3119",0
"5188","1kmE3891N3120",0
"5189","1kmE3891N3121",0
"5190","1kmE3891N3122",136.530203499999
"5191","1kmE3891N3123",0
"5192","1kmE3891N3124",0
"5193","1kmE3891N3125",0
"5194","1kmE3891N3126",0
"5195","1kmE3891N3127",0
"5196","1kmE3891N3128",0
"5197","1kmE3891N3129",0
"5198","1kmE3891N3130",0
"5199","1kmE3891N3131",0
"5200","1kmE3891N3132",0
"5201","1kmE3891N3133",0
"5202","1kmE3891N3134",0
"5203","1kmE3891N3135",16.1210215000001
"5204","1kmE3891N3136",0
"5205","1kmE3891N3137",25.2262904999989
"5206","1kmE3891N3138",242.970684
"5207","1kmE3891N3139",0
"5208","1kmE3891N3140",22.4307589999989
"5209","1kmE3892N3081",0
"5210","1kmE3892N3082",0
"5211","1kmE3892N3083",0
"5212","1kmE3892N3084",0
"5213","1kmE3892N3085",0
"5214","1kmE3892N3086",0
"5215","1kmE3892N3087",0
"5216","1kmE3892N3088",0
"5217","1kmE3892N3089",82.9730679999993
"5218","1kmE3892N3090",166.309211
"5219","1kmE3892N3091",0
"5220","1kmE3892N3092",105.9655005
"5221","1kmE3892N3093",263.0824655
"5222","1kmE3892N3094",0
"5223","1kmE3892N3095",0
"5224","1kmE3892N3096",179.6315125
"5225","1kmE3892N3097",0
"5226","1kmE3892N3098",0
"5227","1kmE3892N3099",44.9894619999995
"5228","1kmE3892N3100",222.999711999999
"5229","1kmE3892N3101",0
"5230","1kmE3892N3102",0
"5231","1kmE3892N3103",0
"5232","1kmE3892N3104",50.7199999999993
"5233","1kmE3892N3105",185.7613345
"5234","1kmE3892N3106",179.6315125
"5235","1kmE3892N3107",0
"5236","1kmE3892N3108",0
"5237","1kmE3892N3109",82.9730680000011
"5238","1kmE3892N3110",0
"5239","1kmE3892N3111",0
"5240","1kmE3892N3112",0
"5241","1kmE3892N3113",0
"5242","1kmE3892N3114",98.7465010000014
"5243","1kmE3892N3115",82.9730680000011
"5244","1kmE3892N3116",0
"5245","1kmE3892N3117",247.548807499999
"5246","1kmE3892N3118",0
"5247","1kmE3892N3119",0
"5248","1kmE3892N3120",0
"5249","1kmE3892N3121",0
"5250","1kmE3892N3122",0
"5251","1kmE3892N3123",0
"5252","1kmE3892N3124",0
"5253","1kmE3892N3125",0
"5254","1kmE3892N3126",0
"5255","1kmE3892N3127",0
"5256","1kmE3892N3128",0
"5257","1kmE3892N3129",0
"5258","1kmE3892N3130",0
"5259","1kmE3892N3131",0
"5260","1kmE3892N3132",0
"5261","1kmE3892N3133",0
"5262","1kmE3892N3134",0
"5263","1kmE3892N3135",0
"5264","1kmE3892N3136",185.7613345
"5265","1kmE3892N3137",99.5271679999987
"5266","1kmE3892N3138",69.8883064999991
"5267","1kmE3892N3139",449.3559795
"5268","1kmE3892N3140",42.2164109999976
"5269","1kmE3893N3081",0
"5270","1kmE3893N3082",123.327154499999
"5271","1kmE3893N3083",0
"5272","1kmE3893N3084",164.115454
"5273","1kmE3893N3085",0
"5274","1kmE3893N3086",0
"5275","1kmE3893N3087",123.327154500001
"5276","1kmE3893N3088",136.530203999999
"5277","1kmE3893N3089",0
"5278","1kmE3893N3090",0
"5279","1kmE3893N3091",136.5302035
"5280","1kmE3893N3092",166.3092105
"5281","1kmE3893N3093",0
"5282","1kmE3893N3094",0
"5283","1kmE3893N3095",0
"5284","1kmE3893N3096",84.5560880000003
"5285","1kmE3893N3097",0
"5286","1kmE3893N3098",0
"5287","1kmE3893N3099",44.9894619999995
"5288","1kmE3893N3100",0
"5289","1kmE3893N3101",0
"5290","1kmE3893N3102",0
"5291","1kmE3893N3103",0
"5292","1kmE3893N3104",0
"5293","1kmE3893N3105",0
"5294","1kmE3893N3106",179.6315125
"5295","1kmE3893N3107",0
"5296","1kmE3893N3108",143.9781365
"5297","1kmE3893N3109",53.2315874999986
"5298","1kmE3893N3110",0
"5299","1kmE3893N3111",217.987586000001
"5300","1kmE3893N3112",0
"5301","1kmE3893N3113",0
"5302","1kmE3893N3114",322.616844
"5303","1kmE3893N3115",176.222347999999
"5304","1kmE3893N3116",25.2262905000007
"5305","1kmE3893N3117",82.2852800000001
"5306","1kmE3893N3118",0
"5307","1kmE3893N3119",0
"5308","1kmE3893N3120",0
"5309","1kmE3893N3121",0
"5310","1kmE3893N3122",0
"5311","1kmE3893N3123",98.7465009999996
"5312","1kmE3893N3124",0
"5313","1kmE3893N3125",0
"5314","1kmE3893N3126",166.309211
"5315","1kmE3893N3127",0
"5316","1kmE3893N3128",0
"5317","1kmE3893N3129",0
"5318","1kmE3893N3130",0
"5319","1kmE3893N3131",0
"5320","1kmE3893N3132",0
"5321","1kmE3893N3133",0
"5322","1kmE3893N3134",0
"5323","1kmE3893N3135",0
"5324","1kmE3893N3136",52.1233420000008
"5325","1kmE3893N3137",33.9677900000006
"5326","1kmE3893N3138",0
"5327","1kmE3893N3139",59.1630789999999
"5328","1kmE3893N3140",0
"5329","1kmE3893N3141",37.5678430000007
"5330","1kmE3894N3081",0
"5331","1kmE3894N3082",0
"5332","1kmE3894N3083",0
"5333","1kmE3894N3084",0
"5334","1kmE3894N3085",0
"5335","1kmE3894N3086",0
"5336","1kmE3894N3087",0
"5337","1kmE3894N3088",166.309211000002
"5338","1kmE3894N3089",0
"5339","1kmE3894N3090",0
"5340","1kmE3894N3091",136.5302035
"5341","1kmE3894N3092",166.3092105
"5342","1kmE3894N3093",0
"5343","1kmE3894N3094",136.5302035
"5344","1kmE3894N3095",0
"5345","1kmE3894N3096",0
"5346","1kmE3894N3097",0
"5347","1kmE3894N3098",0
"5348","1kmE3894N3099",0
"5349","1kmE3894N3100",0
"5350","1kmE3894N3101",0
"5351","1kmE3894N3102",0
"5352","1kmE3894N3103",0
"5353","1kmE3894N3104",0
"5354","1kmE3894N3105",0
"5355","1kmE3894N3106",0
"5356","1kmE3894N3107",0
"5357","1kmE3894N3108",0
"5358","1kmE3894N3109",0
"5359","1kmE3894N3110",0
"5360","1kmE3894N3111",0
"5361","1kmE3894N3112",0
"5362","1kmE3894N3113",269.025473499998
"5363","1kmE3894N3114",435.673164
"5364","1kmE3894N3115",160.2338645
"5365","1kmE3894N3116",0
"5366","1kmE3894N3117",48.503874
"5367","1kmE3894N3118",82.5019379999994
"5368","1kmE3894N3119",123.327154500001
"5369","1kmE3894N3120",296.764068
"5370","1kmE3894N3121",0
"5371","1kmE3894N3122",0
"5372","1kmE3894N3123",0
"5373","1kmE3894N3124",0
"5374","1kmE3894N3125",0
"5375","1kmE3894N3126",0
"5376","1kmE3894N3127",0
"5377","1kmE3894N3128",0
"5378","1kmE3894N3129",0
"5379","1kmE3894N3130",0
"5380","1kmE3894N3131",0
"5381","1kmE3894N3132",21.3502044999987
"5382","1kmE3894N3133",0
"5383","1kmE3894N3134",0
"5384","1kmE3894N3135",0
"5385","1kmE3894N3136",226.44505
"5386","1kmE3894N3137",135.842439
"5387","1kmE3894N3138",0
"5388","1kmE3894N3139",50.7782239999997
"5389","1kmE3894N3140",308.669361999999
"5390","1kmE3894N3141",0
"5391","1kmE3895N3081",0
"5392","1kmE3895N3082",0
"5393","1kmE3895N3083",0
"5394","1kmE3895N3084",0
"5395","1kmE3895N3085",0
"5396","1kmE3895N3086",0
"5397","1kmE3895N3087",0
"5398","1kmE3895N3088",0
"5399","1kmE3895N3089",0
"5400","1kmE3895N3090",0
"5401","1kmE3895N3091",166.3092105
"5402","1kmE3895N3092",0
"5403","1kmE3895N3093",0
"5404","1kmE3895N3094",0
"5405","1kmE3895N3095",0
"5406","1kmE3895N3096",0
"5407","1kmE3895N3097",0
"5408","1kmE3895N3098",0
"5409","1kmE3895N3099",12.3415525
"5410","1kmE3895N3100",0
"5411","1kmE3895N3101",0
"5412","1kmE3895N3102",0
"5413","1kmE3895N3103",0
"5414","1kmE3895N3104",0
"5415","1kmE3895N3105",82.9730680000002
"5416","1kmE3895N3106",82.9730679999993
"5417","1kmE3895N3107",0
"5418","1kmE3895N3108",0
"5419","1kmE3895N3109",0
"5420","1kmE3895N3110",0
"5421","1kmE3895N3111",0
"5422","1kmE3895N3112",0
"5423","1kmE3895N3113",372.967363
"5424","1kmE3895N3114",502.1750125
"5425","1kmE3895N3115",136.530203499999
"5426","1kmE3895N3116",414.059498000001
"5427","1kmE3895N3117",76.580688
"5428","1kmE3895N3118",223.925784500003
"5429","1kmE3895N3119",264.8167815
"5430","1kmE3895N3120",270.672251
"5431","1kmE3895N3121",0
"5432","1kmE3895N3122",0
"5433","1kmE3895N3123",0
"5434","1kmE3895N3124",0
"5435","1kmE3895N3125",0
"5436","1kmE3895N3126",0
"5437","1kmE3895N3127",0
"5438","1kmE3895N3128",0
"5439","1kmE3895N3129",0
"5440","1kmE3895N3130",98.7465009999996
"5441","1kmE3895N3131",0
"5442","1kmE3895N3132",123.327154499999
"5443","1kmE3895N3133",0
"5444","1kmE3895N3134",0
"5445","1kmE3895N3135",25.2262905000007
"5446","1kmE3895N3136",160.240808500001
"5447","1kmE3895N3137",25.2262905000007
"5448","1kmE3895N3138",25.2262905000007
"5449","1kmE3895N3139",36.3152709999995
"5450","1kmE3896N3081",0
"5451","1kmE3896N3082",0
"5452","1kmE3896N3083",0
"5453","1kmE3896N3084",0
"5454","1kmE3896N3085",0
"5455","1kmE3896N3086",0
"5456","1kmE3896N3087",0
"5457","1kmE3896N3088",0
"5458","1kmE3896N3089",0
"5459","1kmE3896N3090",0
"5460","1kmE3896N3091",0
"5461","1kmE3896N3092",0
"5462","1kmE3896N3093",0
"5463","1kmE3896N3094",0
"5464","1kmE3896N3095",166.3092105
"5465","1kmE3896N3096",0
"5466","1kmE3896N3097",0
"5467","1kmE3896N3098",0
"5468","1kmE3896N3099",0
"5469","1kmE3896N3100",0
"5470","1kmE3896N3101",0
"5471","1kmE3896N3102",0
"5472","1kmE3896N3103",0
"5473","1kmE3896N3104",179.6315125
"5474","1kmE3896N3105",123.327154500001
"5475","1kmE3896N3106",0
"5476","1kmE3896N3107",0
"5477","1kmE3896N3108",0
"5478","1kmE3896N3109",0
"5479","1kmE3896N3110",0
"5480","1kmE3896N3111",0
"5481","1kmE3896N3112",0
"5482","1kmE3896N3113",148.871756
"5483","1kmE3896N3114",423.331611499998
"5484","1kmE3896N3115",0
"5485","1kmE3896N3116",0
"5486","1kmE3896N3117",253.418773500001
"5487","1kmE3896N3118",302.919965500001
"5488","1kmE3896N3119",44.9894619999995
"5489","1kmE3896N3120",315.506438499999
"5490","1kmE3896N3121",0
"5491","1kmE3896N3122",0
"5492","1kmE3896N3123",0
"5493","1kmE3896N3124",0
"5494","1kmE3896N3125",0
"5495","1kmE3896N3126",0
"5496","1kmE3896N3127",0
"5497","1kmE3896N3128",29.8889705000001
"5498","1kmE3896N3129",0
"5499","1kmE3896N3130",0
"5500","1kmE3896N3131",0
"5501","1kmE3896N3132",123.327154499999
"5502","1kmE3896N3133",0
"5503","1kmE3896N3134",94.3374194999997
"5504","1kmE3896N3135",25.2262904999998
"5505","1kmE3896N3136",22.9467384999989
"5506","1kmE3896N3137",22.9467385000007
"5507","1kmE3896N3138",33.9677900000006
"5508","1kmE3896N3139",33.9677900000006
"5509","1kmE3896N3140",33.9677900000006
"5510","1kmE3897N3081",0
"5511","1kmE3897N3082",0
"5512","1kmE3897N3083",194.276013
"5513","1kmE3897N3084",0
"5514","1kmE3897N3085",0
"5515","1kmE3897N3086",0
"5516","1kmE3897N3087",0
"5517","1kmE3897N3088",0
"5518","1kmE3897N3089",0
"5519","1kmE3897N3090",0
"5520","1kmE3897N3091",0
"5521","1kmE3897N3092",166.309210500001
"5522","1kmE3897N3093",0
"5523","1kmE3897N3094",0
"5524","1kmE3897N3095",0
"5525","1kmE3897N3096",0
"5526","1kmE3897N3097",0
"5527","1kmE3897N3098",0
"5528","1kmE3897N3099",0
"5529","1kmE3897N3100",0
"5530","1kmE3897N3101",0
"5531","1kmE3897N3102",0
"5532","1kmE3897N3103",0
"5533","1kmE3897N3104",0
"5534","1kmE3897N3105",0
"5535","1kmE3897N3106",34.772311499999
"5536","1kmE3897N3107",70.0510689999992
"5537","1kmE3897N3108",30.3544600000005
"5538","1kmE3897N3109",95.3146205000012
"5539","1kmE3897N3110",0
"5540","1kmE3897N3111",0
"5541","1kmE3897N3112",0
"5542","1kmE3897N3113",0
"5543","1kmE3897N3114",0
"5544","1kmE3897N3115",0
"5545","1kmE3897N3116",0
"5546","1kmE3897N3117",250.285338000002
"5547","1kmE3897N3118",392.690116000002
"5548","1kmE3897N3119",322.937237000002
"5549","1kmE3897N3120",187.880133499999
"5550","1kmE3897N3121",0
"5551","1kmE3897N3122",0
"5552","1kmE3897N3123",0
"5553","1kmE3897N3124",0
"5554","1kmE3897N3125",174.456979
"5555","1kmE3897N3126",0
"5556","1kmE3897N3127",0
"5557","1kmE3897N3128",0
"5558","1kmE3897N3129",0
"5559","1kmE3897N3130",94.3374194999997
"5560","1kmE3897N3131",0
"5561","1kmE3897N3132",0
"5562","1kmE3897N3133",94.3374195000015
"5563","1kmE3897N3134",270.559767500001
"5564","1kmE3897N3135",111.302944999999
"5565","1kmE3897N3136",185.761334999999
"5566","1kmE3897N3137",33.9677900000006
"5567","1kmE3897N3138",200.277000999999
"5568","1kmE3897N3139",70.4243370000004
"5569","1kmE3897N3140",33.9677900000006
"5570","1kmE3898N3081",0
"5571","1kmE3898N3082",0
"5572","1kmE3898N3083",0
"5573","1kmE3898N3084",0
"5574","1kmE3898N3085",0
"5575","1kmE3898N3086",0
"5576","1kmE3898N3087",0
"5577","1kmE3898N3088",0
"5578","1kmE3898N3089",0
"5579","1kmE3898N3090",12.3415525
"5580","1kmE3898N3091",0
"5581","1kmE3898N3092",0
"5582","1kmE3898N3093",0
"5583","1kmE3898N3094",0
"5584","1kmE3898N3095",0
"5585","1kmE3898N3096",308.419976500001
"5586","1kmE3898N3097",78.4035954999999
"5587","1kmE3898N3098",0
"5588","1kmE3898N3099",0
"5589","1kmE3898N3100",0
"5590","1kmE3898N3101",0
"5591","1kmE3898N3102",0
"5592","1kmE3898N3103",0
"5593","1kmE3898N3104",31.5570360000002
"5594","1kmE3898N3105",0
"5595","1kmE3898N3106",0
"5596","1kmE3898N3107",0
"5597","1kmE3898N3108",0
"5598","1kmE3898N3109",0
"5599","1kmE3898N3110",31.5570360000002
"5600","1kmE3898N3111",123.327154499999
"5601","1kmE3898N3112",0
"5602","1kmE3898N3113",123.327154499999
"5603","1kmE3898N3114",0
"5604","1kmE3898N3115",0
"5605","1kmE3898N3116",76.580688
"5606","1kmE3898N3117",236.8145525
"5607","1kmE3898N3118",110.548478000001
"5608","1kmE3898N3119",264.326337500002
"5609","1kmE3898N3120",206.508175499999
"5610","1kmE3898N3121",0
"5611","1kmE3898N3122",0
"5612","1kmE3898N3123",0
"5613","1kmE3898N3124",0
"5614","1kmE3898N3125",0
"5615","1kmE3898N3126",0
"5616","1kmE3898N3127",0
"5617","1kmE3898N3128",0
"5618","1kmE3898N3129",0
"5619","1kmE3898N3130",98.7465009999996
"5620","1kmE3898N3131",0
"5621","1kmE3898N3132",179.631513
"5622","1kmE3898N3133",0
"5623","1kmE3898N3134",0
"5624","1kmE3898N3135",0
"5625","1kmE3898N3136",185.761334999999
"5626","1kmE3898N3137",33.9677900000006
"5627","1kmE3898N3138",235.276705
"5628","1kmE3898N3139",116.940858
"5629","1kmE3898N3140",102.652901500001
"5630","1kmE3899N3081",0
"5631","1kmE3899N3082",0
"5632","1kmE3899N3083",0
"5633","1kmE3899N3084",0
"5634","1kmE3899N3085",0
"5635","1kmE3899N3086",0
"5636","1kmE3899N3087",0
"5637","1kmE3899N3088",0
"5638","1kmE3899N3089",0
"5639","1kmE3899N3090",98.7465009999996
"5640","1kmE3899N3091",0
"5641","1kmE3899N3092",0
"5642","1kmE3899N3093",0
"5643","1kmE3899N3094",0
"5644","1kmE3899N3095",154.051520499999
"5645","1kmE3899N3096",136.530203999999
"5646","1kmE3899N3097",289.636365499999
"5647","1kmE3899N3098",0
"5648","1kmE3899N3099",0
"5649","1kmE3899N3100",0
"5650","1kmE3899N3101",0
"5651","1kmE3899N3102",0
"5652","1kmE3899N3103",236.7723515
"5653","1kmE3899N3104",0
"5654","1kmE3899N3105",0
"5655","1kmE3899N3106",0
"5656","1kmE3899N3107",0
"5657","1kmE3899N3108",0
"5658","1kmE3899N3109",0
"5659","1kmE3899N3110",154.884190499997
"5660","1kmE3899N3111",0
"5661","1kmE3899N3112",252.996762999999
"5662","1kmE3899N3113",50.7782239999997
"5663","1kmE3899N3114",50.7782240000015
"5664","1kmE3899N3115",0
"5665","1kmE3899N3116",76.5806880000018
"5666","1kmE3899N3117",80.144834499999
"5667","1kmE3899N3118",435.179997499999
"5668","1kmE3899N3119",147.345096500001
"5669","1kmE3899N3120",206.508175499999
"5670","1kmE3899N3121",147.345096500001
"5671","1kmE3899N3122",0
"5672","1kmE3899N3123",0
"5673","1kmE3899N3124",0
"5674","1kmE3899N3125",0
"5675","1kmE3899N3126",0
"5676","1kmE3899N3127",0
"5677","1kmE3899N3128",151.314281000001
"5678","1kmE3899N3129",70.051069000001
"5679","1kmE3899N3130",0
"5680","1kmE3899N3131",145.320199
"5681","1kmE3899N3132",0
"5682","1kmE3899N3133",302.3616585
"5683","1kmE3899N3134",134.081852000001
"5684","1kmE3899N3135",0
"5685","1kmE3899N3136",0
"5686","1kmE3899N3137",0
"5687","1kmE3899N3138",213.816495999999
"5688","1kmE3899N3139",244.917759
"5689","1kmE3899N3140",33.9677900000006
"5690","1kmE3899N3141",0
"5691","1kmE3900N3082",0
"5692","1kmE3900N3083",0
"5693","1kmE3900N3084",0
"5694","1kmE3900N3085",0
"5695","1kmE3900N3086",0
"5696","1kmE3900N3087",0
"5697","1kmE3900N3088",0
"5698","1kmE3900N3089",0
"5699","1kmE3900N3090",0
"5700","1kmE3900N3091",0
"5701","1kmE3900N3092",0
"5702","1kmE3900N3093",0
"5703","1kmE3900N3094",0
"5704","1kmE3900N3095",0
"5705","1kmE3900N3096",0
"5706","1kmE3900N3097",0
"5707","1kmE3900N3098",0
"5708","1kmE3900N3099",0
"5709","1kmE3900N3100",0
"5710","1kmE3900N3101",0
"5711","1kmE3900N3102",0
"5712","1kmE3900N3103",12.3415525
"5713","1kmE3900N3104",0
"5714","1kmE3900N3105",29.8889705000001
"5715","1kmE3900N3106",0
"5716","1kmE3900N3107",0
"5717","1kmE3900N3108",0
"5718","1kmE3900N3109",0
"5719","1kmE3900N3110",288.293398500002
"5720","1kmE3900N3111",278.6409695
"5721","1kmE3900N3112",50.7782240000015
"5722","1kmE3900N3113",0
"5723","1kmE3900N3114",0
"5724","1kmE3900N3115",0
"5725","1kmE3900N3116",82.5019380000012
"5726","1kmE3900N3117",0
"5727","1kmE3900N3118",289.758249999999
"5728","1kmE3900N3119",179.6315125
"5729","1kmE3900N3120",179.6315125
"5730","1kmE3900N3121",0
"5731","1kmE3900N3122",0
"5732","1kmE3900N3123",0
"5733","1kmE3900N3124",0
"5734","1kmE3900N3125",0
"5735","1kmE3900N3126",98.7465009999996
"5736","1kmE3900N3127",156.996767499999
"5737","1kmE3900N3128",251.959041999999
"5738","1kmE3900N3129",339.400000999998
"5739","1kmE3900N3130",151.314280999999
"5740","1kmE3900N3131",151.314281000001
"5741","1kmE3900N3132",326.5430755
"5742","1kmE3900N3133",191.636200000001
"5743","1kmE3900N3134",106.114623999998
"5744","1kmE3900N3135",0
"5745","1kmE3900N3136",0
"5746","1kmE3900N3137",0
"5747","1kmE3900N3138",194.177597
"5748","1kmE3900N3139",135.014518
"5749","1kmE3900N3140",135.014518
"5750","1kmE3900N3141",0
"5751","1kmE3901N3081",0
"5752","1kmE3901N3082",0
"5753","1kmE3901N3083",0
"5754","1kmE3901N3084",0
"5755","1kmE3901N3085",0
"5756","1kmE3901N3086",0
"5757","1kmE3901N3087",0
"5758","1kmE3901N3088",0
"5759","1kmE3901N3089",0
"5760","1kmE3901N3090",0
"5761","1kmE3901N3091",0
"5762","1kmE3901N3092",0
"5763","1kmE3901N3093",0
"5764","1kmE3901N3094",0
"5765","1kmE3901N3095",0
"5766","1kmE3901N3096",0
"5767","1kmE3901N3097",0
"5768","1kmE3901N3098",136.530204000001
"5769","1kmE3901N3099",0
"5770","1kmE3901N3100",0
"5771","1kmE3901N3101",0
"5772","1kmE3901N3102",0
"5773","1kmE3901N3103",0
"5774","1kmE3901N3104",0
"5775","1kmE3901N3105",0
"5776","1kmE3901N3106",136.530203499999
"5777","1kmE3901N3107",179.6315125
"5778","1kmE3901N3108",0
"5779","1kmE3901N3109",82.9730679999993
"5780","1kmE3901N3110",50.7782239999997
"5781","1kmE3901N3111",0
"5782","1kmE3901N3112",0
"5783","1kmE3901N3113",0
"5784","1kmE3901N3114",0
"5785","1kmE3901N3115",0
"5786","1kmE3901N3116",0
"5787","1kmE3901N3117",82.5019380000012
"5788","1kmE3901N3118",0
"5789","1kmE3901N3119",316.161716000001
"5790","1kmE3901N3120",0
"5791","1kmE3901N3121",316.161716000001
"5792","1kmE3901N3122",0
"5793","1kmE3901N3123",0
"5794","1kmE3901N3124",0
"5795","1kmE3901N3125",0
"5796","1kmE3901N3126",147.345096499999
"5797","1kmE3901N3127",351.769365499997
"5798","1kmE3901N3128",122.717500500003
"5799","1kmE3901N3129",199.307334499998
"5800","1kmE3901N3130",0
"5801","1kmE3901N3131",0
"5802","1kmE3901N3132",0
"5803","1kmE3901N3133",184.860076000001
"5804","1kmE3901N3134",0
"5805","1kmE3901N3135",0
"5806","1kmE3901N3136",0
"5807","1kmE3901N3137",129.4161385
"5808","1kmE3901N3138",176.884470000001
"5809","1kmE3901N3139",0
"5810","1kmE3901N3140",135.014518
"5811","1kmE3901N3141",0
"5812","1kmE3901N3142",82.9730679999993
"5813","1kmE3902N3082",0
"5814","1kmE3902N3083",0
"5815","1kmE3902N3084",0
"5816","1kmE3902N3085",0
"5817","1kmE3902N3086",0
"5818","1kmE3902N3087",0
"5819","1kmE3902N3088",0
"5820","1kmE3902N3089",0
"5821","1kmE3902N3090",0
"5822","1kmE3902N3091",0
"5823","1kmE3902N3092",0
"5824","1kmE3902N3093",0
"5825","1kmE3902N3094",0
"5826","1kmE3902N3095",82.9730679999993
"5827","1kmE3902N3096",0
"5828","1kmE3902N3097",0
"5829","1kmE3902N3098",0
"5830","1kmE3902N3099",0
"5831","1kmE3902N3100",0
"5832","1kmE3902N3101",0
"5833","1kmE3902N3102",0
"5834","1kmE3902N3103",0
"5835","1kmE3902N3104",0
"5836","1kmE3902N3105",0
"5837","1kmE3902N3106",95.6124115000021
"5838","1kmE3902N3107",277.076384
"5839","1kmE3902N3108",360.579086000002
"5840","1kmE3902N3109",51.8714305000012
"5841","1kmE3902N3110",82.9730679999993
"5842","1kmE3902N3111",0
"5843","1kmE3902N3112",0
"5844","1kmE3902N3113",0
"5845","1kmE3902N3114",0
"5846","1kmE3902N3115",0
"5847","1kmE3902N3116",0
"5848","1kmE3902N3117",0
"5849","1kmE3902N3118",0
"5850","1kmE3902N3119",0
"5851","1kmE3902N3120",0
"5852","1kmE3902N3121",0
"5853","1kmE3902N3122",0
"5854","1kmE3902N3123",0
"5855","1kmE3902N3124",0
"5856","1kmE3902N3125",0
"5857","1kmE3902N3126",217.199355500001
"5858","1kmE3902N3127",172.571387
"5859","1kmE3902N3128",176.5405715
"5860","1kmE3902N3129",0
"5861","1kmE3902N3130",0
"5862","1kmE3902N3131",29.8889705000001
"5863","1kmE3902N3132",0
"5864","1kmE3902N3133",0
"5865","1kmE3902N3134",106.114624
"5866","1kmE3902N3135",375.324795
"5867","1kmE3902N3136",410.858270000001
"5868","1kmE3902N3137",82.9730679999993
"5869","1kmE3902N3138",171.6059795
"5870","1kmE3902N3139",25.2262905000007
"5871","1kmE3902N3140",0
"5872","1kmE3902N3141",0
"5873","1kmE3902N3142",33.9677900000006
"5874","1kmE3903N3083",0
"5875","1kmE3903N3084",0
"5876","1kmE3903N3085",0
"5877","1kmE3903N3086",0
"5878","1kmE3903N3087",0
"5879","1kmE3903N3088",0
"5880","1kmE3903N3089",0
"5881","1kmE3903N3090",0
"5882","1kmE3903N3091",0
"5883","1kmE3903N3092",0
"5884","1kmE3903N3093",0
"5885","1kmE3903N3094",0
"5886","1kmE3903N3095",136.530203499999
"5887","1kmE3903N3096",0
"5888","1kmE3903N3097",56.9959074999988
"5889","1kmE3903N3098",166.3092105
"5890","1kmE3903N3099",12.3415524999982
"5891","1kmE3903N3100",182.117245499998
"5892","1kmE3903N3101",179.6315125
"5893","1kmE3903N3102",0
"5894","1kmE3903N3103",263.082464500001
"5895","1kmE3903N3104",296.216852499998
"5896","1kmE3903N3105",281.554714499998
"5897","1kmE3903N3106",0
"5898","1kmE3903N3107",337.970206000002
"5899","1kmE3903N3108",136.530203499999
"5900","1kmE3903N3109",0
"5901","1kmE3903N3110",0
"5902","1kmE3903N3111",0
"5903","1kmE3903N3112",0
"5904","1kmE3903N3113",0
"5905","1kmE3903N3114",0
"5906","1kmE3903N3115",0
"5907","1kmE3903N3116",0
"5908","1kmE3903N3117",80.1448345000008
"5909","1kmE3903N3118",303.177321500001
"5910","1kmE3903N3119",365.864971000001
"5911","1kmE3903N3120",374.459904000001
"5912","1kmE3903N3121",0
"5913","1kmE3903N3122",82.9730679999998
"5914","1kmE3903N3123",0
"5915","1kmE3903N3124",0
"5916","1kmE3903N3125",58.2502665000002
"5917","1kmE3903N3126",147.345096500001
"5918","1kmE3903N3127",25.2262905000007
"5919","1kmE3903N3128",25.2262905000007
"5920","1kmE3903N3129",98.7465010000005
"5921","1kmE3903N3130",0
"5922","1kmE3903N3131",0
"5923","1kmE3903N3132",103.203004999999
"5924","1kmE3903N3133",0
"5925","1kmE3903N3134",0
"5926","1kmE3903N3135",159.476942499999
"5927","1kmE3903N3136",222.234666
"5928","1kmE3903N3137",0
"5929","1kmE3903N3138",0
"5930","1kmE3903N3139",0
"5931","1kmE3903N3140",0
"5932","1kmE3903N3141",0
"5933","1kmE3903N3142",0
"5934","1kmE3903N3143",214.933799500001
"5935","1kmE3904N3082",0
"5936","1kmE3904N3083",0
"5937","1kmE3904N3084",0
"5938","1kmE3904N3085",0
"5939","1kmE3904N3086",0
"5940","1kmE3904N3087",0
"5941","1kmE3904N3088",0
"5942","1kmE3904N3089",0
"5943","1kmE3904N3090",0
"5944","1kmE3904N3091",12.3415525
"5945","1kmE3904N3092",0
"5946","1kmE3904N3093",0
"5947","1kmE3904N3094",0
"5948","1kmE3904N3095",0
"5949","1kmE3904N3096",0
"5950","1kmE3904N3097",82.9730679999993
"5951","1kmE3904N3098",0
"5952","1kmE3904N3099",0
"5953","1kmE3904N3100",136.5302035
"5954","1kmE3904N3101",0
"5955","1kmE3904N3102",50.7782239999997
"5956","1kmE3904N3103",0
"5957","1kmE3904N3104",192.179283999998
"5958","1kmE3904N3105",136.530203499999
"5959","1kmE3904N3106",0
"5960","1kmE3904N3107",313.840691000001
"5961","1kmE3904N3108",0
"5962","1kmE3904N3109",0
"5963","1kmE3904N3110",82.9730679999993
"5964","1kmE3904N3111",0
"5965","1kmE3904N3112",31.5570359999983
"5966","1kmE3904N3113",0
"5967","1kmE3904N3114",26.5537674999996
"5968","1kmE3904N3115",0
"5969","1kmE3904N3116",0
"5970","1kmE3904N3117",0
"5971","1kmE3904N3118",147.345096499999
"5972","1kmE3904N3119",123.545808999999
"5973","1kmE3904N3120",193.579561
"5974","1kmE3904N3121",8.5949329999994
"5975","1kmE3904N3122",0
"5976","1kmE3904N3123",0
"5977","1kmE3904N3124",0
"5978","1kmE3904N3125",0
"5979","1kmE3904N3126",0
"5980","1kmE3904N3127",0
"5981","1kmE3904N3128",0
"5982","1kmE3904N3129",0
"5983","1kmE3904N3130",0
"5984","1kmE3904N3131",46.9948535000003
"5985","1kmE3904N3132",0
"5986","1kmE3904N3133",69.8428285
"5987","1kmE3904N3134",0
"5988","1kmE3904N3135",254.446447
"5989","1kmE3904N3136",240.7405005
"5990","1kmE3904N3137",0
"5991","1kmE3904N3138",0
"5992","1kmE3904N3139",0
"5993","1kmE3904N3140",0
"5994","1kmE3904N3141",0
"5995","1kmE3904N3142",381.641298500001
"5996","1kmE3904N3143",0
"5997","1kmE3905N3083",0
"5998","1kmE3905N3084",0
"5999","1kmE3905N3085",66.1743944999998
"6000","1kmE3905N3086",0
"6001","1kmE3905N3087",0
"6002","1kmE3905N3088",0
"6003","1kmE3905N3089",0
"6004","1kmE3905N3090",12.3415525000019
"6005","1kmE3905N3091",0
"6006","1kmE3905N3092",0
"6007","1kmE3905N3093",0
"6008","1kmE3905N3094",0
"6009","1kmE3905N3095",0
"6010","1kmE3905N3096",0
"6011","1kmE3905N3097",0
"6012","1kmE3905N3098",136.5302035
"6013","1kmE3905N3099",0
"6014","1kmE3905N3100",0
"6015","1kmE3905N3101",0
"6016","1kmE3905N3102",162.010887
"6017","1kmE3905N3103",0
"6018","1kmE3905N3104",0
"6019","1kmE3905N3105",136.530203499999
"6020","1kmE3905N3106",155.313815000001
"6021","1kmE3905N3107",0
"6022","1kmE3905N3108",0
"6023","1kmE3905N3109",12.3415525
"6024","1kmE3905N3110",0
"6025","1kmE3905N3111",126.552261999999
"6026","1kmE3905N3112",0
"6027","1kmE3905N3113",0
"6028","1kmE3905N3114",0
"6029","1kmE3905N3115",0
"6030","1kmE3905N3116",0
"6031","1kmE3905N3117",0
"6032","1kmE3905N3118",0
"6033","1kmE3905N3119",0
"6034","1kmE3905N3120",250.914095
"6035","1kmE3905N3121",76.580688
"6036","1kmE3905N3122",0
"6037","1kmE3905N3123",0
"6038","1kmE3905N3124",0
"6039","1kmE3905N3125",0
"6040","1kmE3905N3126",0
"6041","1kmE3905N3127",166.3092105
"6042","1kmE3905N3128",0
"6043","1kmE3905N3129",0
"6044","1kmE3905N3130",0
"6045","1kmE3905N3131",0
"6046","1kmE3905N3132",0
"6047","1kmE3905N3133",0
"6048","1kmE3905N3134",0
"6049","1kmE3905N3135",0
"6050","1kmE3905N3136",0
"6051","1kmE3905N3137",217.199356000001
"6052","1kmE3905N3138",266.958780499999
"6053","1kmE3905N3139",0
"6054","1kmE3905N3140",0
"6055","1kmE3905N3141",25.2262905000007
"6056","1kmE3905N3142",107.067051
"6057","1kmE3905N3143",197.126642500001
"6058","1kmE3906N3083",0
"6059","1kmE3906N3084",0
"6060","1kmE3906N3085",0
"6061","1kmE3906N3086",0
"6062","1kmE3906N3087",0
"6063","1kmE3906N3088",0
"6064","1kmE3906N3089",12.3415525
"6065","1kmE3906N3090",94.8434904999995
"6066","1kmE3906N3091",179.631513
"6067","1kmE3906N3092",0
"6068","1kmE3906N3093",0
"6069","1kmE3906N3094",0
"6070","1kmE3906N3095",0
"6071","1kmE3906N3096",78.4035949999998
"6072","1kmE3906N3097",161.376663000001
"6073","1kmE3906N3098",343.049080500001
"6074","1kmE3906N3099",166.3092105
"6075","1kmE3906N3100",258.341672499999
"6076","1kmE3906N3101",0
"6077","1kmE3906N3102",56.7571860000007
"6078","1kmE3906N3103",0
"6079","1kmE3906N3104",0
"6080","1kmE3906N3105",29.0818414999994
"6081","1kmE3906N3106",0
"6082","1kmE3906N3107",136.530203499999
"6083","1kmE3906N3108",0
"6084","1kmE3906N3109",12.3415525
"6085","1kmE3906N3110",0
"6086","1kmE3906N3111",0
"6087","1kmE3906N3112",0
"6088","1kmE3906N3113",0
"6089","1kmE3906N3114",12.3415525
"6090","1kmE3906N3115",67.1982129999997
"6091","1kmE3906N3116",12.3415525
"6092","1kmE3906N3117",0
"6093","1kmE3906N3118",241.410798999997
"6094","1kmE3906N3119",295.398815499999
"6095","1kmE3906N3120",355.062255500001
"6096","1kmE3906N3121",76.580688
"6097","1kmE3906N3122",82.5019380000003
"6098","1kmE3906N3123",0
"6099","1kmE3906N3124",0
"6100","1kmE3906N3125",0
"6101","1kmE3906N3126",0
"6102","1kmE3906N3127",0
"6103","1kmE3906N3128",29.8889705000001
"6104","1kmE3906N3129",0
"6105","1kmE3906N3130",0
"6106","1kmE3906N3131",0
"6107","1kmE3906N3132",0
"6108","1kmE3906N3133",0
"6109","1kmE3906N3134",0
"6110","1kmE3906N3135",0
"6111","1kmE3906N3136",0
"6112","1kmE3906N3137",93.9114019999997
"6113","1kmE3906N3138",134.226483500001
"6114","1kmE3906N3139",0
"6115","1kmE3906N3140",141.8
"6116","1kmE3906N3141",27.1536695000013
"6117","1kmE3906N3142",431.517194
"6118","1kmE3906N3143",249.486537500001
"6119","1kmE3907N3083",0
"6120","1kmE3907N3084",0
"6121","1kmE3907N3085",0
"6122","1kmE3907N3086",0
"6123","1kmE3907N3087",0
"6124","1kmE3907N3088",0
"6125","1kmE3907N3089",0
"6126","1kmE3907N3090",0
"6127","1kmE3907N3091",0
"6128","1kmE3907N3092",157.504274
"6129","1kmE3907N3093",0
"6130","1kmE3907N3094",0
"6131","1kmE3907N3095",0
"6132","1kmE3907N3096",0
"6133","1kmE3907N3097",201.949404000001
"6134","1kmE3907N3098",0
"6135","1kmE3907N3099",0
"6136","1kmE3907N3100",135.014518
"6137","1kmE3907N3101",0
"6138","1kmE3907N3102",0
"6139","1kmE3907N3103",0
"6140","1kmE3907N3104",0
"6141","1kmE3907N3105",0
"6142","1kmE3907N3106",23.720765
"6143","1kmE3907N3107",0
"6144","1kmE3907N3108",12.3415525
"6145","1kmE3907N3109",154.884190499999
"6146","1kmE3907N3110",0
"6147","1kmE3907N3111",0
"6148","1kmE3907N3112",0
"6149","1kmE3907N3113",0
"6150","1kmE3907N3114",0
"6151","1kmE3907N3115",70.0510690000001
"6152","1kmE3907N3116",0
"6153","1kmE3907N3117",307.578960999999
"6154","1kmE3907N3118",336.768446499998
"6155","1kmE3907N3119",205.595363
"6156","1kmE3907N3120",409.478549500001
"6157","1kmE3907N3121",0
"6158","1kmE3907N3122",0
"6159","1kmE3907N3123",0
"6160","1kmE3907N3124",0
"6161","1kmE3907N3125",0
"6162","1kmE3907N3126",0
"6163","1kmE3907N3127",50.9418315000003
"6164","1kmE3907N3128",83.870516500001
"6165","1kmE3907N3129",0
"6166","1kmE3907N3130",0
"6167","1kmE3907N3131",136.354923499999
"6168","1kmE3907N3132",0
"6169","1kmE3907N3133",0
"6170","1kmE3907N3134",0
"6171","1kmE3907N3135",12.3415525
"6172","1kmE3907N3136",0
"6173","1kmE3907N3137",0
"6174","1kmE3907N3138",0
"6175","1kmE3907N3139",0
"6176","1kmE3907N3140",0
"6177","1kmE3907N3141",0
"6178","1kmE3907N3142",254.7473145
"6179","1kmE3907N3143",177.836908499998
"6180","1kmE3908N3084",0
"6181","1kmE3908N3085",0
"6182","1kmE3908N3086",0
"6183","1kmE3908N3087",0
"6184","1kmE3908N3088",0
"6185","1kmE3908N3089",0
"6186","1kmE3908N3090",0
"6187","1kmE3908N3091",0
"6188","1kmE3908N3092",0
"6189","1kmE3908N3093",0
"6190","1kmE3908N3094",0
"6191","1kmE3908N3095",0
"6192","1kmE3908N3096",0
"6193","1kmE3908N3097",0
"6194","1kmE3908N3098",29.8889705000001
"6195","1kmE3908N3099",12.3415525
"6196","1kmE3908N3100",0
"6197","1kmE3908N3101",67.1982129999997
"6198","1kmE3908N3102",0
"6199","1kmE3908N3103",0
"6200","1kmE3908N3104",0
"6201","1kmE3908N3105",0
"6202","1kmE3908N3106",0
"6203","1kmE3908N3107",0
"6204","1kmE3908N3108",108.097309500001
"6205","1kmE3908N3109",0
"6206","1kmE3908N3110",0
"6207","1kmE3908N3111",0
"6208","1kmE3908N3112",0
"6209","1kmE3908N3113",0
"6210","1kmE3908N3114",0
"6211","1kmE3908N3115",0
"6212","1kmE3908N3116",23.720765
"6213","1kmE3908N3117",0
"6214","1kmE3908N3118",160.233864
"6215","1kmE3908N3119",123.327154499999
"6216","1kmE3908N3120",0
"6217","1kmE3908N3121",0
"6218","1kmE3908N3122",0
"6219","1kmE3908N3123",0
"6220","1kmE3908N3124",0
"6221","1kmE3908N3125",0
"6222","1kmE3908N3126",0
"6223","1kmE3908N3127",0
"6224","1kmE3908N3128",65.5211244999991
"6225","1kmE3908N3129",0
"6226","1kmE3908N3130",0
"6227","1kmE3908N3131",123.327154499999
"6228","1kmE3908N3132",126.552261999999
"6229","1kmE3908N3133",0
"6230","1kmE3908N3134",0
"6231","1kmE3908N3135",0
"6232","1kmE3908N3136",53.6862154999999
"6233","1kmE3908N3137",0
"6234","1kmE3908N3138",0
"6235","1kmE3908N3139",0
"6236","1kmE3908N3140",0
"6237","1kmE3908N3141",236.904063000002
"6238","1kmE3908N3142",150.891218000001
"6239","1kmE3908N3143",26.5537674999996
"6240","1kmE3908N3144",56.4427380000016
"6241","1kmE3909N3083",0
"6242","1kmE3909N3084",0
"6243","1kmE3909N3085",0
"6244","1kmE3909N3086",0
"6245","1kmE3909N3087",0
"6246","1kmE3909N3088",0
"6247","1kmE3909N3089",0
"6248","1kmE3909N3090",62.2602900000002
"6249","1kmE3909N3091",0
"6250","1kmE3909N3092",0
"6251","1kmE3909N3093",0
"6252","1kmE3909N3094",0
"6253","1kmE3909N3095",0
"6254","1kmE3909N3096",0
"6255","1kmE3909N3097",0
"6256","1kmE3909N3098",0
"6257","1kmE3909N3099",0
"6258","1kmE3909N3100",67.1982129999997
"6259","1kmE3909N3101",0
"6260","1kmE3909N3102",0
"6261","1kmE3909N3103",0
"6262","1kmE3909N3104",0
"6263","1kmE3909N3105",0
"6264","1kmE3909N3106",0
"6265","1kmE3909N3107",0
"6266","1kmE3909N3108",0
"6267","1kmE3909N3109",82.9730679999993
"6268","1kmE3909N3110",0
"6269","1kmE3909N3111",0
"6270","1kmE3909N3112",0
"6271","1kmE3909N3113",98.7465010000001
"6272","1kmE3909N3114",0
"6273","1kmE3909N3115",0
"6274","1kmE3909N3116",0
"6275","1kmE3909N3117",76.3878165000006
"6276","1kmE3909N3118",0
"6277","1kmE3909N3119",0
"6278","1kmE3909N3120",0
"6279","1kmE3909N3121",199.672974000001
"6280","1kmE3909N3122",0
"6281","1kmE3909N3123",0
"6282","1kmE3909N3124",0
"6283","1kmE3909N3125",0
"6284","1kmE3909N3126",0
"6285","1kmE3909N3127",0
"6286","1kmE3909N3128",145.320199
"6287","1kmE3909N3129",0
"6288","1kmE3909N3130",0
"6289","1kmE3909N3131",0
"6290","1kmE3909N3132",0
"6291","1kmE3909N3133",0
"6292","1kmE3909N3134",0
"6293","1kmE3909N3135",0
"6294","1kmE3909N3136",56.9959074999997
"6295","1kmE3909N3137",0
"6296","1kmE3909N3138",0
"6297","1kmE3909N3139",0
"6298","1kmE3909N3140",0
"6299","1kmE3909N3141",377.348410000001
"6300","1kmE3909N3142",66.5018485000001
"6301","1kmE3909N3143",0
"6302","1kmE3909N3144",179.6315125
"6303","1kmE3910N3082",0
"6304","1kmE3910N3083",0
"6305","1kmE3910N3084",0
"6306","1kmE3910N3085",0
"6307","1kmE3910N3086",0
"6308","1kmE3910N3087",0
"6309","1kmE3910N3088",0
"6310","1kmE3910N3089",0
"6311","1kmE3910N3090",302.9232765
"6312","1kmE3910N3091",0
"6313","1kmE3910N3092",0
"6314","1kmE3910N3093",12.5801835000002
"6315","1kmE3910N3094",0
"6316","1kmE3910N3095",0
"6317","1kmE3910N3096",0
"6318","1kmE3910N3097",143.3052725
"6319","1kmE3910N3098",0
"6320","1kmE3910N3099",0
"6321","1kmE3910N3100",0
"6322","1kmE3910N3101",0
"6323","1kmE3910N3102",0
"6324","1kmE3910N3103",0
"6325","1kmE3910N3104",0
"6326","1kmE3910N3105",166.3092105
"6327","1kmE3910N3106",301.3237295
"6328","1kmE3910N3107",135.014518
"6329","1kmE3910N3108",135.014518
"6330","1kmE3910N3109",12.3415525
"6331","1kmE3910N3110",0
"6332","1kmE3910N3111",0
"6333","1kmE3910N3112",0
"6334","1kmE3910N3113",0
"6335","1kmE3910N3114",0
"6336","1kmE3910N3115",0
"6337","1kmE3910N3116",0
"6338","1kmE3910N3117",0
"6339","1kmE3910N3118",0
"6340","1kmE3910N3119",19.0129859999997
"6341","1kmE3910N3120",0
"6342","1kmE3910N3121",51.871430500003
"6343","1kmE3910N3122",0
"6344","1kmE3910N3123",0
"6345","1kmE3910N3124",0
"6346","1kmE3910N3125",82.9730680000002
"6347","1kmE3910N3126",0
"6348","1kmE3910N3127",0
"6349","1kmE3910N3128",145.320199
"6350","1kmE3910N3129",0
"6351","1kmE3910N3130",0
"6352","1kmE3910N3131",0
"6353","1kmE3910N3132",0
"6354","1kmE3910N3133",0
"6355","1kmE3910N3134",0
"6356","1kmE3910N3135",30.7254200000002
"6357","1kmE3910N3136",0
"6358","1kmE3910N3137",0
"6359","1kmE3910N3138",56.9959075000006
"6360","1kmE3910N3139",0
"6361","1kmE3910N3140",0
"6362","1kmE3910N3141",0
"6363","1kmE3910N3142",36.3152709999995
"6364","1kmE3910N3143",33.9677900000006
"6365","1kmE3910N3144",0
"6366","1kmE3910N3145",160.233864
"6367","1kmE3911N3082",0
"6368","1kmE3911N3083",0
"6369","1kmE3911N3084",0
"6370","1kmE3911N3085",0
"6371","1kmE3911N3086",12.3415525
"6372","1kmE3911N3087",0
"6373","1kmE3911N3088",0
"6374","1kmE3911N3089",0
"6375","1kmE3911N3090",0
"6376","1kmE3911N3091",12.4349344999991
"6377","1kmE3911N3092",38.9921779999986
"6378","1kmE3911N3093",0
"6379","1kmE3911N3094",0
"6380","1kmE3911N3095",0
"6381","1kmE3911N3096",0
"6382","1kmE3911N3097",0
"6383","1kmE3911N3098",0
"6384","1kmE3911N3099",82.9730680000002
"6385","1kmE3911N3100",0
"6386","1kmE3911N3101",0
"6387","1kmE3911N3102",0
"6388","1kmE3911N3103",136.5302035
"6389","1kmE3911N3104",0
"6390","1kmE3911N3105",136.5302035
"6391","1kmE3911N3106",136.5302035
"6392","1kmE3911N3107",0
"6393","1kmE3911N3108",0
"6394","1kmE3911N3109",0
"6395","1kmE3911N3110",0
"6396","1kmE3911N3111",0
"6397","1kmE3911N3112",0
"6398","1kmE3911N3113",19.0969534999986
"6399","1kmE3911N3114",0
"6400","1kmE3911N3115",0
"6401","1kmE3911N3116",0
"6402","1kmE3911N3117",0
"6403","1kmE3911N3118",0
"6404","1kmE3911N3119",0
"6405","1kmE3911N3120",159.686649000001
"6406","1kmE3911N3121",33.9677899999988
"6407","1kmE3911N3122",0
"6408","1kmE3911N3123",0
"6409","1kmE3911N3124",157.504274
"6410","1kmE3911N3125",0
"6411","1kmE3911N3126",0
"6412","1kmE3911N3127",0
"6413","1kmE3911N3128",0
"6414","1kmE3911N3129",0
"6415","1kmE3911N3130",0
"6416","1kmE3911N3131",0
"6417","1kmE3911N3132",18.0806954999998
"6418","1kmE3911N3133",0
"6419","1kmE3911N3134",123.327154500001
"6420","1kmE3911N3135",136.4779155
"6421","1kmE3911N3136",0
"6422","1kmE3911N3137",0
"6423","1kmE3911N3138",0
"6424","1kmE3911N3139",0
"6425","1kmE3911N3140",0
"6426","1kmE3911N3141",251.900753499998
"6427","1kmE3911N3142",245.7432625
"6428","1kmE3911N3143",38.9921780000004
"6429","1kmE3911N3144",68.6851115000009
"6430","1kmE3911N3145",185.761334499999
"6431","1kmE3911N3146",0
"6432","1kmE3912N3081",0
"6433","1kmE3912N3082",0
"6434","1kmE3912N3083",0
"6435","1kmE3912N3084",166.3092105
"6436","1kmE3912N3085",0
"6437","1kmE3912N3086",12.5801835000002
"6438","1kmE3912N3087",0
"6439","1kmE3912N3088",19.0969534999986
"6440","1kmE3912N3089",0
"6441","1kmE3912N3090",0
"6442","1kmE3912N3091",12.434934500001
"6443","1kmE3912N3092",0
"6444","1kmE3912N3093",0
"6445","1kmE3912N3094",0
"6446","1kmE3912N3095",0
"6447","1kmE3912N3096",136.5302035
"6448","1kmE3912N3097",0
"6449","1kmE3912N3098",0
"6450","1kmE3912N3099",98.7465009999996
"6451","1kmE3912N3100",216.08806
"6452","1kmE3912N3101",0
"6453","1kmE3912N3102",0
"6454","1kmE3912N3103",0
"6455","1kmE3912N3104",0
"6456","1kmE3912N3105",76.3878164999996
"6457","1kmE3912N3106",0
"6458","1kmE3912N3107",0
"6459","1kmE3912N3108",0
"6460","1kmE3912N3109",0
"6461","1kmE3912N3110",0
"6462","1kmE3912N3111",0
"6463","1kmE3912N3112",0
"6464","1kmE3912N3113",0
"6465","1kmE3912N3114",0
"6466","1kmE3912N3115",0
"6467","1kmE3912N3116",0
"6468","1kmE3912N3117",0
"6469","1kmE3912N3118",19.0969535000004
"6470","1kmE3912N3119",214.4036615
"6471","1kmE3912N3120",34.7721490000004
"6472","1kmE3912N3121",213.599302499999
"6473","1kmE3912N3122",0
"6474","1kmE3912N3123",0
"6475","1kmE3912N3124",0
"6476","1kmE3912N3125",0
"6477","1kmE3912N3126",302.461240499999
"6478","1kmE3912N3127",12.3415525
"6479","1kmE3912N3128",144.0845345
"6480","1kmE3912N3129",185.761335
"6481","1kmE3912N3130",0
"6482","1kmE3912N3131",0
"6483","1kmE3912N3132",0
"6484","1kmE3912N3133",0
"6485","1kmE3912N3134",0
"6486","1kmE3912N3135",0
"6487","1kmE3912N3136",0
"6488","1kmE3912N3137",0
"6489","1kmE3912N3138",0
"6490","1kmE3912N3139",0
"6491","1kmE3912N3140",0
"6492","1kmE3912N3141",313.084638499999
"6493","1kmE3912N3142",8.24862099999882
"6494","1kmE3912N3143",0
"6495","1kmE3912N3144",50.7782239999997
"6496","1kmE3912N3145",50.7782239999997
"6497","1kmE3912N3146",194.201654
"6498","1kmE3913N3081",0
"6499","1kmE3913N3082",136.530203500002
"6500","1kmE3913N3083",168.087239500001
"6501","1kmE3913N3084",0
"6502","1kmE3913N3085",78.4035949999998
"6503","1kmE3913N3086",0
"6504","1kmE3913N3087",0
"6505","1kmE3913N3088",0
"6506","1kmE3913N3089",0
"6507","1kmE3913N3090",0
"6508","1kmE3913N3091",0
"6509","1kmE3913N3092",0
"6510","1kmE3913N3093",136.5302035
"6511","1kmE3913N3094",166.3092105
"6512","1kmE3913N3095",166.3092105
"6513","1kmE3913N3096",136.530203499999
"6514","1kmE3913N3097",136.5302035
"6515","1kmE3913N3098",0
"6516","1kmE3913N3099",82.9730680000011
"6517","1kmE3913N3100",0
"6518","1kmE3913N3101",0
"6519","1kmE3913N3102",0
"6520","1kmE3913N3103",0
"6521","1kmE3913N3104",0
"6522","1kmE3913N3105",153.546329999999
"6523","1kmE3913N3106",0
"6524","1kmE3913N3107",0
"6525","1kmE3913N3108",0
"6526","1kmE3913N3109",0
"6527","1kmE3913N3110",127.1956965
"6528","1kmE3913N3111",0
"6529","1kmE3913N3112",0
"6530","1kmE3913N3113",0
"6531","1kmE3913N3114",12.3415525
"6532","1kmE3913N3115",0
"6533","1kmE3913N3116",0
"6534","1kmE3913N3117",0
"6535","1kmE3913N3118",0
"6536","1kmE3913N3119",0
"6537","1kmE3913N3120",179.6315125
"6538","1kmE3913N3121",0
"6539","1kmE3913N3122",0
"6540","1kmE3913N3123",0
"6541","1kmE3913N3124",42.3800804999992
"6542","1kmE3913N3125",0
"6543","1kmE3913N3126",68.685111499999
"6544","1kmE3913N3127",68.685111499999
"6545","1kmE3913N3128",690.531184000001
"6546","1kmE3913N3129",0
"6547","1kmE3913N3130",0
"6548","1kmE3913N3131",0
"6549","1kmE3913N3132",0
"6550","1kmE3913N3133",98.7465009999996
"6551","1kmE3913N3134",126.552262
"6552","1kmE3913N3135",0
"6553","1kmE3913N3136",0
"6554","1kmE3913N3137",0
"6555","1kmE3913N3138",0
"6556","1kmE3913N3139",0
"6557","1kmE3913N3140",0
"6558","1kmE3913N3141",33.9677900000006
"6559","1kmE3913N3142",12.3415525
"6560","1kmE3913N3143",0
"6561","1kmE3913N3144",0
"6562","1kmE3913N3145",66.5018485000001
"6563","1kmE3913N3146",100.469638500001
"6564","1kmE3913N3147",323.242672
"6565","1kmE3914N3080",0
"6566","1kmE3914N3081",0
"6567","1kmE3914N3082",277.321669999998
"6568","1kmE3914N3083",116.098325499999
"6569","1kmE3914N3084",0
"6570","1kmE3914N3085",18.7094140000008
"6571","1kmE3914N3086",142.424108500001
"6572","1kmE3914N3087",0
"6573","1kmE3914N3088",0
"6574","1kmE3914N3089",0
"6575","1kmE3914N3090",0
"6576","1kmE3914N3091",0
"6577","1kmE3914N3092",0
"6578","1kmE3914N3093",0
"6579","1kmE3914N3094",12.3415525
"6580","1kmE3914N3095",136.530203999999
"6581","1kmE3914N3096",166.3092105
"6582","1kmE3914N3097",136.5302035
"6583","1kmE3914N3098",0
"6584","1kmE3914N3099",0
"6585","1kmE3914N3100",0
"6586","1kmE3914N3101",0
"6587","1kmE3914N3102",0
"6588","1kmE3914N3103",0
"6589","1kmE3914N3104",0
"6590","1kmE3914N3105",166.3092105
"6591","1kmE3914N3106",0
"6592","1kmE3914N3107",0
"6593","1kmE3914N3108",0
"6594","1kmE3914N3109",0
"6595","1kmE3914N3110",0
"6596","1kmE3914N3111",38.9921780000004
"6597","1kmE3914N3112",0
"6598","1kmE3914N3113",0
"6599","1kmE3914N3114",0
"6600","1kmE3914N3115",0
"6601","1kmE3914N3116",0
"6602","1kmE3914N3117",0
"6603","1kmE3914N3118",12.434934500001
"6604","1kmE3914N3119",0
"6605","1kmE3914N3120",82.9730679999993
"6606","1kmE3914N3121",148.9393
"6607","1kmE3914N3122",123.644497500001
"6608","1kmE3914N3123",339.0669815
"6609","1kmE3914N3124",430.869087000001
"6610","1kmE3914N3125",0
"6611","1kmE3914N3126",0
"6612","1kmE3914N3127",136.5302035
"6613","1kmE3914N3128",82.9730679999993
"6614","1kmE3914N3129",30.414479
"6615","1kmE3914N3130",0
"6616","1kmE3914N3131",0
"6617","1kmE3914N3132",0
"6618","1kmE3914N3133",0
"6619","1kmE3914N3134",0
"6620","1kmE3914N3135",0
"6621","1kmE3914N3136",0
"6622","1kmE3914N3137",0
"6623","1kmE3914N3138",0
"6624","1kmE3914N3139",0
"6625","1kmE3914N3140",0
"6626","1kmE3914N3141",0
"6627","1kmE3914N3142",0
"6628","1kmE3914N3143",0
"6629","1kmE3914N3144",0
"6630","1kmE3914N3145",66.5018485000001
"6631","1kmE3914N3146",105.7341175
"6632","1kmE3914N3147",0
"6633","1kmE3914N3148",50.7782239999997
"6634","1kmE3915N3080",0
"6635","1kmE3915N3081",0
"6636","1kmE3915N3082",0
"6637","1kmE3915N3083",0
"6638","1kmE3915N3084",0
"6639","1kmE3915N3085",122.595326499999
"6640","1kmE3915N3086",0
"6641","1kmE3915N3087",0
"6642","1kmE3915N3088",0
"6643","1kmE3915N3089",0
"6644","1kmE3915N3090",0
"6645","1kmE3915N3091",0
"6646","1kmE3915N3092",0
"6647","1kmE3915N3093",0
"6648","1kmE3915N3094",123.327154500001
"6649","1kmE3915N3095",0
"6650","1kmE3915N3096",166.3092105
"6651","1kmE3915N3097",0
"6652","1kmE3915N3098",0
"6653","1kmE3915N3099",0
"6654","1kmE3915N3100",0
"6655","1kmE3915N3101",0
"6656","1kmE3915N3102",0
"6657","1kmE3915N3103",0
"6658","1kmE3915N3104",0
"6659","1kmE3915N3105",0
"6660","1kmE3915N3106",0
"6661","1kmE3915N3107",0
"6662","1kmE3915N3108",0
"6663","1kmE3915N3109",0
"6664","1kmE3915N3110",185.761334499999
"6665","1kmE3915N3111",0
"6666","1kmE3915N3112",0
"6667","1kmE3915N3113",0
"6668","1kmE3915N3114",0
"6669","1kmE3915N3115",0
"6670","1kmE3915N3116",30.3544599999987
"6671","1kmE3915N3117",0
"6672","1kmE3915N3118",0
"6673","1kmE3915N3119",0
"6674","1kmE3915N3120",0
"6675","1kmE3915N3121",29.8889705000001
"6676","1kmE3915N3122",75.0292019999997
"6677","1kmE3915N3123",367.447244500003
"6678","1kmE3915N3124",326.987582999998
"6679","1kmE3915N3125",262.1334505
"6680","1kmE3915N3126",0
"6681","1kmE3915N3127",62.6876495000015
"6682","1kmE3915N3128",0
"6683","1kmE3915N3129",156.7317165
"6684","1kmE3915N3130",0
"6685","1kmE3915N3131",0
"6686","1kmE3915N3132",111.302945
"6687","1kmE3915N3133",0
"6688","1kmE3915N3134",0
"6689","1kmE3915N3135",18.0806955000007
"6690","1kmE3915N3136",0
"6691","1kmE3915N3137",0
"6692","1kmE3915N3138",0
"6693","1kmE3915N3139",0
"6694","1kmE3915N3140",12.3415525
"6695","1kmE3915N3141",0
"6696","1kmE3915N3142",0
"6697","1kmE3915N3143",170.497993999999
"6698","1kmE3915N3144",234.547856499999
"6699","1kmE3915N3145",98.0176524999997
"6700","1kmE3915N3146",66.5018485000001
"6701","1kmE3915N3147",148.912273
"6702","1kmE3915N3148",0
"6703","1kmE3915N3149",33.9677899999997
"6704","1kmE3916N3081",0
"6705","1kmE3916N3082",162.319332499999
"6706","1kmE3916N3083",44.8341880000007
"6707","1kmE3916N3084",136.530203500002
"6708","1kmE3916N3085",0
"6709","1kmE3916N3086",50.9418314999984
"6710","1kmE3916N3087",0
"6711","1kmE3916N3088",0
"6712","1kmE3916N3089",0
"6713","1kmE3916N3090",0
"6714","1kmE3916N3091",0
"6715","1kmE3916N3092",111.302945000001
"6716","1kmE3916N3093",82.9730679999993
"6717","1kmE3916N3094",12.3415524999982
"6718","1kmE3916N3095",0
"6719","1kmE3916N3096",0
"6720","1kmE3916N3097",123.327155499999
"6721","1kmE3916N3098",123.327155500001
"6722","1kmE3916N3099",0
"6723","1kmE3916N3100",0
"6724","1kmE3916N3101",0
"6725","1kmE3916N3102",0
"6726","1kmE3916N3103",0
"6727","1kmE3916N3104",0
"6728","1kmE3916N3105",0
"6729","1kmE3916N3106",0
"6730","1kmE3916N3107",0
"6731","1kmE3916N3108",0
"6732","1kmE3916N3109",0
"6733","1kmE3916N3110",0
"6734","1kmE3916N3111",0
"6735","1kmE3916N3112",0
"6736","1kmE3916N3113",0
"6737","1kmE3916N3114",0
"6738","1kmE3916N3115",0
"6739","1kmE3916N3116",0
"6740","1kmE3916N3117",0
"6741","1kmE3916N3118",82.9730680000011
"6742","1kmE3916N3119",0
"6743","1kmE3916N3120",0
"6744","1kmE3916N3121",0
"6745","1kmE3916N3122",161.434150499999
"6746","1kmE3916N3123",288.367595
"6747","1kmE3916N3124",166.3092105
"6748","1kmE3916N3125",69.9010225000002
"6749","1kmE3916N3126",0
"6750","1kmE3916N3127",211.1885485
"6751","1kmE3916N3128",166.309211
"6752","1kmE3916N3129",174.4569795
"6753","1kmE3916N3130",103.263409499999
"6754","1kmE3916N3131",0
"6755","1kmE3916N3132",0
"6756","1kmE3916N3133",0
"6757","1kmE3916N3134",0
"6758","1kmE3916N3135",0
"6759","1kmE3916N3136",0
"6760","1kmE3916N3137",0
"6761","1kmE3916N3138",0
"6762","1kmE3916N3139",0
"6763","1kmE3916N3140",0
"6764","1kmE3916N3141",0
"6765","1kmE3916N3142",17.2748274999994
"6766","1kmE3916N3143",96.0768055000008
"6767","1kmE3916N3144",308.971515499999
"6768","1kmE3916N3145",0
"6769","1kmE3916N3146",0
"6770","1kmE3916N3147",33.9677899999988
"6771","1kmE3916N3148",33.9677900000006
"6772","1kmE3916N3149",0
"6773","1kmE3916N3150",0
"6774","1kmE3917N3080",0
"6775","1kmE3917N3081",123.327154499999
"6776","1kmE3917N3082",303.175859999999
"6777","1kmE3917N3083",422.020204500001
"6778","1kmE3917N3084",175.522381500003
"6779","1kmE3917N3085",0
"6780","1kmE3917N3086",0
"6781","1kmE3917N3087",0
"6782","1kmE3917N3088",0
"6783","1kmE3917N3089",0
"6784","1kmE3917N3090",0
"6785","1kmE3917N3091",123.327154499999
"6786","1kmE3917N3092",0
"6787","1kmE3917N3093",81.2004720000004
"6788","1kmE3917N3094",46.3093425000006
"6789","1kmE3917N3095",12.3415524999982
"6790","1kmE3917N3096",0
"6791","1kmE3917N3097",0
"6792","1kmE3917N3098",0
"6793","1kmE3917N3099",0
"6794","1kmE3917N3100",136.5302035
"6795","1kmE3917N3101",0
"6796","1kmE3917N3102",0
"6797","1kmE3917N3103",0
"6798","1kmE3917N3104",0
"6799","1kmE3917N3105",0
"6800","1kmE3917N3106",0
"6801","1kmE3917N3107",0
"6802","1kmE3917N3108",0
"6803","1kmE3917N3109",0
"6804","1kmE3917N3110",0
"6805","1kmE3917N3111",0
"6806","1kmE3917N3112",0
"6807","1kmE3917N3113",0
"6808","1kmE3917N3114",0
"6809","1kmE3917N3115",0
"6810","1kmE3917N3116",0
"6811","1kmE3917N3117",0
"6812","1kmE3917N3118",123.327155000001
"6813","1kmE3917N3119",0
"6814","1kmE3917N3120",0
"6815","1kmE3917N3121",25.2262905000007
"6816","1kmE3917N3122",62.6876494999997
"6817","1kmE3917N3123",12.3415525
"6818","1kmE3917N3124",224.559476999999
"6819","1kmE3917N3125",273.8973585
"6820","1kmE3917N3126",310.0773195
"6821","1kmE3917N3127",126.552261999999
"6822","1kmE3917N3128",0
"6823","1kmE3917N3129",0
"6824","1kmE3917N3130",0
"6825","1kmE3917N3131",0
"6826","1kmE3917N3132",0
"6827","1kmE3917N3133",0
"6828","1kmE3917N3134",0
"6829","1kmE3917N3135",0
"6830","1kmE3917N3136",0
"6831","1kmE3917N3137",0
"6832","1kmE3917N3138",0
"6833","1kmE3917N3139",0
"6834","1kmE3917N3140",0
"6835","1kmE3917N3141",0
"6836","1kmE3917N3142",62.1090155000002
"6837","1kmE3917N3143",62.109015
"6838","1kmE3917N3144",112.371385500001
"6839","1kmE3917N3145",36.3152710000004
"6840","1kmE3917N3146",50.7782239999997
"6841","1kmE3917N3147",33.9677899999988
"6842","1kmE3917N3148",33.9677900000006
"6843","1kmE3917N3149",0
"6844","1kmE3917N3150",0
"6845","1kmE3917N3151",0
"6846","1kmE3918N3080",0
"6847","1kmE3918N3081",394.871877
"6848","1kmE3918N3082",303.175860000003
"6849","1kmE3918N3083",446.69585
"6850","1kmE3918N3084",136.4779155
"6851","1kmE3918N3085",12.3415524999982
"6852","1kmE3918N3086",0
"6853","1kmE3918N3087",203.728417
"6854","1kmE3918N3088",0
"6855","1kmE3918N3089",0
"6856","1kmE3918N3090",53.522669
"6857","1kmE3918N3091",82.9730679999993
"6858","1kmE3918N3092",0
"6859","1kmE3918N3093",116.225831
"6860","1kmE3918N3094",98.2442674999984
"6861","1kmE3918N3095",138.295015
"6862","1kmE3918N3096",0
"6863","1kmE3918N3097",300.0605025
"6864","1kmE3918N3098",314.285384999999
"6865","1kmE3918N3099",136.5302035
"6866","1kmE3918N3100",33.9677900000006
"6867","1kmE3918N3101",0
"6868","1kmE3918N3102",0
"6869","1kmE3918N3103",0
"6870","1kmE3918N3104",0
"6871","1kmE3918N3105",0
"6872","1kmE3918N3106",0
"6873","1kmE3918N3107",0
"6874","1kmE3918N3108",0
"6875","1kmE3918N3109",0
"6876","1kmE3918N3110",0
"6877","1kmE3918N3111",0
"6878","1kmE3918N3112",0
"6879","1kmE3918N3113",0
"6880","1kmE3918N3114",0
"6881","1kmE3918N3115",0
"6882","1kmE3918N3116",0
"6883","1kmE3918N3117",0
"6884","1kmE3918N3118",0
"6885","1kmE3918N3119",123.327154500001
"6886","1kmE3918N3120",123.327154499999
"6887","1kmE3918N3121",99.5271679999987
"6888","1kmE3918N3122",0
"6889","1kmE3918N3123",0
"6890","1kmE3918N3124",123.327154499999
"6891","1kmE3918N3125",0
"6892","1kmE3918N3126",105.067729999999
"6893","1kmE3918N3127",62.6876494999997
"6894","1kmE3918N3128",129.7368745
"6895","1kmE3918N3129",0
"6896","1kmE3918N3130",0
"6897","1kmE3918N3131",0
"6898","1kmE3918N3132",0
"6899","1kmE3918N3133",0
"6900","1kmE3918N3134",0
"6901","1kmE3918N3135",0
"6902","1kmE3918N3136",22.9467385000007
"6903","1kmE3918N3137",0
"6904","1kmE3918N3138",0
"6905","1kmE3918N3139",0
"6906","1kmE3918N3140",0
"6907","1kmE3918N3141",139.1716075
"6908","1kmE3918N3142",166.538666999999
"6909","1kmE3918N3143",0
"6910","1kmE3918N3144",0
"6911","1kmE3918N3145",158.481259
"6912","1kmE3918N3146",102.0208415
"6913","1kmE3918N3147",33.9677900000006
"6914","1kmE3918N3148",0
"6915","1kmE3918N3149",33.9677899999988
"6916","1kmE3918N3150",0
"6917","1kmE3918N3151",0
"6918","1kmE3918N3152",0
"6919","1kmE3918N3155",0
"6920","1kmE3918N3156",131.818799
"6921","1kmE3919N3080",0
"6922","1kmE3919N3081",24.0776154999985
"6923","1kmE3919N3082",44.8341875000006
"6924","1kmE3919N3083",127.8072555
"6925","1kmE3919N3084",31.5570360000002
"6926","1kmE3919N3085",0
"6927","1kmE3919N3086",229.441778500001
"6928","1kmE3919N3087",150.948811999999
"6929","1kmE3919N3088",0
"6930","1kmE3919N3089",0
"6931","1kmE3919N3090",123.327154499999
"6932","1kmE3919N3091",0
"6933","1kmE3919N3092",82.9730679999993
"6934","1kmE3919N3093",0
"6935","1kmE3919N3094",0
"6936","1kmE3919N3095",178.340928000001
"6937","1kmE3919N3096",82.9730679999993
"6938","1kmE3919N3097",290.581724
"6939","1kmE3919N3098",343.434730999998
"6940","1kmE3919N3099",0
"6941","1kmE3919N3100",44.8341875000006
"6942","1kmE3919N3101",0
"6943","1kmE3919N3102",0
"6944","1kmE3919N3103",0
"6945","1kmE3919N3104",0
"6946","1kmE3919N3105",0
"6947","1kmE3919N3106",0
"6948","1kmE3919N3107",0
"6949","1kmE3919N3108",0
"6950","1kmE3919N3109",82.9730680000011
"6951","1kmE3919N3110",0
"6952","1kmE3919N3111",0
"6953","1kmE3919N3112",0
"6954","1kmE3919N3113",0
"6955","1kmE3919N3114",0
"6956","1kmE3919N3115",0
"6957","1kmE3919N3116",0
"6958","1kmE3919N3117",0
"6959","1kmE3919N3118",0
"6960","1kmE3919N3119",136.530204000001
"6961","1kmE3919N3120",123.327154499999
"6962","1kmE3919N3121",179.6315125
"6963","1kmE3919N3122",287.844484499998
"6964","1kmE3919N3123",0
"6965","1kmE3919N3124",64.8259595
"6966","1kmE3919N3125",12.3415525
"6967","1kmE3919N3126",147.345096500001
"6968","1kmE3919N3127",67.1982129999997
"6969","1kmE3919N3128",136.530203500002
"6970","1kmE3919N3129",0
"6971","1kmE3919N3130",0
"6972","1kmE3919N3131",0
"6973","1kmE3919N3132",0
"6974","1kmE3919N3133",0
"6975","1kmE3919N3134",0
"6976","1kmE3919N3135",0
"6977","1kmE3919N3136",18.0806954999989
"6978","1kmE3919N3137",0
"6979","1kmE3919N3138",0
"6980","1kmE3919N3139",0
"6981","1kmE3919N3140",166.309211
"6982","1kmE3919N3141",156.137133
"6983","1kmE3919N3142",223.6743305
"6984","1kmE3919N3143",44.8341880000007
"6985","1kmE3919N3144",0
"6986","1kmE3919N3145",33.9677899999988
"6987","1kmE3919N3146",208.4247695
"6988","1kmE3919N3147",33.9677900000006
"6989","1kmE3919N3148",0
"6990","1kmE3919N3149",0
"6991","1kmE3919N3150",33.9677900000006
"6992","1kmE3919N3151",33.9677899999988
"6993","1kmE3919N3152",33.9677900000006
"6994","1kmE3919N3153",33.9677900000006
"6995","1kmE3919N3154",0
"6996","1kmE3919N3155",0
"6997","1kmE3919N3156",0
"6998","1kmE3920N3082",97.1130089999988
"6999","1kmE3920N3083",102.0700215
"7000","1kmE3920N3084",31.557036000002
"7001","1kmE3920N3085",143.5860295
"7002","1kmE3920N3086",0
"7003","1kmE3920N3087",67.1982130000015
"7004","1kmE3920N3088",0
"7005","1kmE3920N3089",0
"7006","1kmE3920N3090",63.1197764999997
"7007","1kmE3920N3091",0
"7008","1kmE3920N3092",0
"7009","1kmE3920N3093",82.9730679999993
"7010","1kmE3920N3094",0
"7011","1kmE3920N3095",42.380080500001
"7012","1kmE3920N3096",122.022064999999
"7013","1kmE3920N3097",0
"7014","1kmE3920N3098",179.074243499999
"7015","1kmE3920N3099",0
"7016","1kmE3920N3100",78.4035949999998
"7017","1kmE3920N3101",78.4035949999998
"7018","1kmE3920N3102",0
"7019","1kmE3920N3103",0
"7020","1kmE3920N3104",0
"7021","1kmE3920N3105",0
"7022","1kmE3920N3106",0
"7023","1kmE3920N3107",0
"7024","1kmE3920N3108",0
"7025","1kmE3920N3109",0
"7026","1kmE3920N3110",0
"7027","1kmE3920N3111",0
"7028","1kmE3920N3112",0
"7029","1kmE3920N3113",0
"7030","1kmE3920N3114",0
"7031","1kmE3920N3115",0
"7032","1kmE3920N3116",0
"7033","1kmE3920N3117",0
"7034","1kmE3920N3118",0
"7035","1kmE3920N3119",0
"7036","1kmE3920N3120",0
"7037","1kmE3920N3121",0
"7038","1kmE3920N3122",227.7020975
"7039","1kmE3920N3123",0
"7040","1kmE3920N3124",14.924484000001
"7041","1kmE3920N3125",0
"7042","1kmE3920N3126",160.233864000002
"7043","1kmE3920N3127",0
"7044","1kmE3920N3128",213.1108915
"7045","1kmE3920N3129",0
"7046","1kmE3920N3130",0
"7047","1kmE3920N3131",0
"7048","1kmE3920N3132",0
"7049","1kmE3920N3133",0
"7050","1kmE3920N3134",0
"7051","1kmE3920N3135",0
"7052","1kmE3920N3136",0
"7053","1kmE3920N3137",0
"7054","1kmE3920N3138",0
"7055","1kmE3920N3139",0
"7056","1kmE3920N3140",0
"7057","1kmE3920N3141",0
"7058","1kmE3920N3142",139.1716075
"7059","1kmE3920N3143",33.9677899999988
"7060","1kmE3920N3144",0
"7061","1kmE3920N3145",225.386393499999
"7062","1kmE3920N3146",107.4355705
"7063","1kmE3920N3147",36.3152710000004
"7064","1kmE3920N3148",65.5211245
"7065","1kmE3920N3149",0
"7066","1kmE3920N3150",33.9677899999997
"7067","1kmE3920N3151",84.7460140000003
"7068","1kmE3920N3152",160.520051000001
"7069","1kmE3920N3153",87.4904589999996
"7070","1kmE3920N3154",0
"7071","1kmE3920N3155",53.522669
"7072","1kmE3920N3156",53.522669
"7073","1kmE3921N3082",0
"7074","1kmE3921N3083",0
"7075","1kmE3921N3084",0
"7076","1kmE3921N3085",0
"7077","1kmE3921N3086",36.4565469999998
"7078","1kmE3921N3087",39.7444324999997
"7079","1kmE3921N3088",246.325704999999
"7080","1kmE3921N3089",19.0969535000004
"7081","1kmE3921N3090",110.876843500002
"7082","1kmE3921N3091",0
"7083","1kmE3921N3092",123.327154499999
"7084","1kmE3921N3093",0
"7085","1kmE3921N3094",136.530203
"7086","1kmE3921N3095",215.594988499999
"7087","1kmE3921N3096",133.751292000001
"7088","1kmE3921N3097",0
"7089","1kmE3921N3098",0
"7090","1kmE3921N3099",0
"7091","1kmE3921N3100",203.756743499998
"7092","1kmE3921N3101",88.9971074999994
"7093","1kmE3921N3102",0
"7094","1kmE3921N3103",0
"7095","1kmE3921N3104",172.8454745
"7096","1kmE3921N3105",0
"7097","1kmE3921N3106",0
"7098","1kmE3921N3107",0
"7099","1kmE3921N3108",0
"7100","1kmE3921N3109",0
"7101","1kmE3921N3110",0
"7102","1kmE3921N3111",0
"7103","1kmE3921N3112",0
"7104","1kmE3921N3113",0
"7105","1kmE3921N3114",0
"7106","1kmE3921N3115",0
"7107","1kmE3921N3116",0
"7108","1kmE3921N3117",0
"7109","1kmE3921N3118",0
"7110","1kmE3921N3119",0
"7111","1kmE3921N3120",0
"7112","1kmE3921N3121",0
"7113","1kmE3921N3122",0
"7114","1kmE3921N3123",0
"7115","1kmE3921N3124",406.156347
"7116","1kmE3921N3125",0
"7117","1kmE3921N3126",160.233864
"7118","1kmE3921N3127",202.7252075
"7119","1kmE3921N3128",317.6234915
"7120","1kmE3921N3129",0
"7121","1kmE3921N3130",0
"7122","1kmE3921N3131",0
"7123","1kmE3921N3132",0
"7124","1kmE3921N3133",0
"7125","1kmE3921N3134",0
"7126","1kmE3921N3135",0
"7127","1kmE3921N3136",0
"7128","1kmE3921N3137",0
"7129","1kmE3921N3138",0
"7130","1kmE3921N3139",0
"7131","1kmE3921N3140",185.761333500001
"7132","1kmE3921N3141",160.233862999999
"7133","1kmE3921N3142",57.6161185000001
"7134","1kmE3921N3143",33.9677900000006
"7135","1kmE3921N3144",0
"7136","1kmE3921N3145",0
"7137","1kmE3921N3146",0
"7138","1kmE3921N3147",0
"7139","1kmE3921N3148",53.522669
"7140","1kmE3921N3149",50.7782240000015
"7141","1kmE3921N3150",0
"7142","1kmE3921N3151",214.042721
"7143","1kmE3921N3152",33.9677899999997
"7144","1kmE3921N3153",0
"7145","1kmE3921N3154",0
"7146","1kmE3921N3155",50.7782239999997
"7147","1kmE3921N3156",53.522669
"7148","1kmE3922N3082",12.3415525
"7149","1kmE3922N3083",0
"7150","1kmE3922N3084",0
"7151","1kmE3922N3085",0
"7152","1kmE3922N3086",136.5302035
"7153","1kmE3922N3087",179.631513
"7154","1kmE3922N3088",89.9418975000008
"7155","1kmE3922N3089",147.449453500001
"7156","1kmE3922N3090",333.742985000001
"7157","1kmE3922N3091",169.8802125
"7158","1kmE3922N3092",0
"7159","1kmE3922N3093",98.5168505000001
"7160","1kmE3922N3094",266.282515999999
"7161","1kmE3922N3095",98.7625930000013
"7162","1kmE3922N3096",0
"7163","1kmE3922N3097",249.1475885
"7164","1kmE3922N3098",0
"7165","1kmE3922N3099",129.7368745
"7166","1kmE3922N3100",0
"7167","1kmE3922N3101",0
"7168","1kmE3922N3102",49.7573150000007
"7169","1kmE3922N3103",112.371385499999
"7170","1kmE3922N3104",102.059239
"7171","1kmE3922N3105",214.290957000001
"7172","1kmE3922N3106",388.651727
"7173","1kmE3922N3107",56.9959075000006
"7174","1kmE3922N3108",0
"7175","1kmE3922N3109",0
"7176","1kmE3922N3110",123.327154499999
"7177","1kmE3922N3111",0
"7178","1kmE3922N3112",0
"7179","1kmE3922N3113",0
"7180","1kmE3922N3114",0
"7181","1kmE3922N3115",0
"7182","1kmE3922N3116",0
"7183","1kmE3922N3117",0
"7184","1kmE3922N3118",0
"7185","1kmE3922N3119",0
"7186","1kmE3922N3120",0
"7187","1kmE3922N3121",0
"7188","1kmE3922N3122",73.5590235
"7189","1kmE3922N3123",0
"7190","1kmE3922N3124",98.7465010000014
"7191","1kmE3922N3125",203.842539500001
"7192","1kmE3922N3126",245.779048
"7193","1kmE3922N3127",214.932080000002
"7194","1kmE3922N3128",333.2655885
"7195","1kmE3922N3129",147.345096500001
"7196","1kmE3922N3130",126.552262000001
"7197","1kmE3922N3131",102.0700215
"7198","1kmE3922N3132",98.7465010000005
"7199","1kmE3922N3133",0
"7200","1kmE3922N3134",0
"7201","1kmE3922N3135",0
"7202","1kmE3922N3136",0
"7203","1kmE3922N3137",98.7465009999996
"7204","1kmE3922N3138",0
"7205","1kmE3922N3139",0
"7206","1kmE3922N3140",36.3152710000013
"7207","1kmE3922N3141",57.6161185000001
"7208","1kmE3922N3142",160.233862999999
"7209","1kmE3922N3143",44.8341875000006
"7210","1kmE3922N3144",0
"7211","1kmE3922N3145",0
"7212","1kmE3922N3146",0
"7213","1kmE3922N3147",239.978104
"7214","1kmE3922N3148",53.522669
"7215","1kmE3922N3149",0
"7216","1kmE3922N3150",158.481259
"7217","1kmE3922N3151",53.522669
"7218","1kmE3922N3152",33.9677899999997
"7219","1kmE3922N3153",0
"7220","1kmE3922N3154",0
"7221","1kmE3922N3155",0
"7222","1kmE3922N3156",33.9677900000006
"7223","1kmE3923N3082",0
"7224","1kmE3923N3083",0
"7225","1kmE3923N3084",0
"7226","1kmE3923N3085",31.5570360000002
"7227","1kmE3923N3086",106.678972
"7228","1kmE3923N3087",0
"7229","1kmE3923N3088",253.326277
"7230","1kmE3923N3089",154.111472500001
"7231","1kmE3923N3090",169.8802125
"7232","1kmE3923N3091",135.014519
"7233","1kmE3923N3092",0
"7234","1kmE3923N3093",343.799897000001
"7235","1kmE3923N3094",0
"7236","1kmE3923N3095",19.2019225000004
"7237","1kmE3923N3096",0
"7238","1kmE3923N3097",18.0806954999989
"7239","1kmE3923N3098",175.295522500001
"7240","1kmE3923N3099",57.7029540000003
"7241","1kmE3923N3100",0
"7242","1kmE3923N3101",0
"7243","1kmE3923N3102",0
"7244","1kmE3923N3103",223.2805515
"7245","1kmE3923N3104",314.508866
"7246","1kmE3923N3105",335.134776999999
"7247","1kmE3923N3106",339.788377500001
"7248","1kmE3923N3107",313.033695
"7249","1kmE3923N3108",0
"7250","1kmE3923N3109",224.749796
"7251","1kmE3923N3110",259.857358000001
"7252","1kmE3923N3111",0
"7253","1kmE3923N3112",98.7465009999996
"7254","1kmE3923N3113",0
"7255","1kmE3923N3114",0
"7256","1kmE3923N3115",134.2264835
"7257","1kmE3923N3116",0
"7258","1kmE3923N3117",0
"7259","1kmE3923N3118",0
"7260","1kmE3923N3119",0
"7261","1kmE3923N3120",0
"7262","1kmE3923N3121",0
"7263","1kmE3923N3122",203.903917000001
"7264","1kmE3923N3123",50.7782239999997
"7265","1kmE3923N3124",0
"7266","1kmE3923N3125",227.765098499998
"7267","1kmE3923N3126",325.815124500001
"7268","1kmE3923N3127",366.815136500001
"7269","1kmE3923N3128",296.7640675
"7270","1kmE3923N3129",210.032745999999
"7271","1kmE3923N3130",62.6876494999997
"7272","1kmE3923N3131",0
"7273","1kmE3923N3132",254.660714500002
"7274","1kmE3923N3133",0
"7275","1kmE3923N3134",0
"7276","1kmE3923N3135",0
"7277","1kmE3923N3136",0
"7278","1kmE3923N3137",0
"7279","1kmE3923N3138",0
"7280","1kmE3923N3139",33.9677899999988
"7281","1kmE3923N3140",92.9946349999991
"7282","1kmE3923N3141",292.267428499999
"7283","1kmE3923N3142",281.636781499999
"7284","1kmE3923N3143",33.9677899999988
"7285","1kmE3923N3144",33.9677900000006
"7286","1kmE3923N3145",136.530204000001
"7287","1kmE3923N3146",211.012087999999
"7288","1kmE3923N3147",33.9677900000006
"7289","1kmE3923N3148",50.7782239999997
"7290","1kmE3923N3149",53.522669
"7291","1kmE3923N3150",53.522669
"7292","1kmE3923N3151",0
"7293","1kmE3923N3152",87.4904590000006
"7294","1kmE3923N3153",0
"7295","1kmE3923N3154",0
"7296","1kmE3923N3155",0
"7297","1kmE3923N3156",33.9677899999997
"7298","1kmE3924N3082",0
"7299","1kmE3924N3083",0
"7300","1kmE3924N3084",0
"7301","1kmE3924N3085",0
"7302","1kmE3924N3086",166.3092105
"7303","1kmE3924N3087",0
"7304","1kmE3924N3088",0
"7305","1kmE3924N3089",0
"7306","1kmE3924N3090",0
"7307","1kmE3924N3091",0
"7308","1kmE3924N3092",50.7782239999997
"7309","1kmE3924N3093",129.7368745
"7310","1kmE3924N3094",270.080711999999
"7311","1kmE3924N3095",70.051069000001
"7312","1kmE3924N3096",123.327155000001
"7313","1kmE3924N3097",0
"7314","1kmE3924N3098",123.327154500001
"7315","1kmE3924N3099",141.40785
"7316","1kmE3924N3100",0
"7317","1kmE3924N3101",27.8817195000011
"7318","1kmE3924N3102",0
"7319","1kmE3924N3103",104.406720000001
"7320","1kmE3924N3104",182.8103145
"7321","1kmE3924N3105",78.4035949999998
"7322","1kmE3924N3106",259.857358500001
"7323","1kmE3924N3107",289.6363655
"7324","1kmE3924N3108",0
"7325","1kmE3924N3109",0
"7326","1kmE3924N3110",0
"7327","1kmE3924N3111",0
"7328","1kmE3924N3112",0
"7329","1kmE3924N3113",0
"7330","1kmE3924N3114",0
"7331","1kmE3924N3115",0
"7332","1kmE3924N3116",0
"7333","1kmE3924N3117",0
"7334","1kmE3924N3118",0
"7335","1kmE3924N3119",0
"7336","1kmE3924N3120",0
"7337","1kmE3924N3121",136.4779155
"7338","1kmE3924N3122",136.477915499998
"7339","1kmE3924N3123",50.0505484999994
"7340","1kmE3924N3124",265.055711499999
"7341","1kmE3924N3125",271.536809000001
"7342","1kmE3924N3126",437.846019500001
"7343","1kmE3924N3127",82.9730680000011
"7344","1kmE3924N3128",166.3092105
"7345","1kmE3924N3129",136.530203499999
"7346","1kmE3924N3130",186.580752
"7347","1kmE3924N3131",136.530203499999
"7348","1kmE3924N3132",0
"7349","1kmE3924N3133",0
"7350","1kmE3924N3134",102.920867999999
"7351","1kmE3924N3135",166.309210500001
"7352","1kmE3924N3136",0
"7353","1kmE3924N3137",53.522669
"7354","1kmE3924N3138",179.631511500001
"7355","1kmE3924N3139",0
"7356","1kmE3924N3140",33.9677899999988
"7357","1kmE3924N3141",78.8019780000013
"7358","1kmE3924N3142",273.251792499999
"7359","1kmE3924N3143",87.4904590000006
"7360","1kmE3924N3144",87.4904589999987
"7361","1kmE3924N3145",132.0335655
"7362","1kmE3924N3146",78.8019779999995
"7363","1kmE3924N3147",53.522669
"7364","1kmE3924N3148",53.2315875000004
"7365","1kmE3924N3149",0
"7366","1kmE3924N3150",0
"7367","1kmE3924N3151",0
"7368","1kmE3924N3152",0
"7369","1kmE3924N3153",36.3152709999995
"7370","1kmE3924N3154",0
"7371","1kmE3924N3155",33.9677900000006
"7372","1kmE3924N3156",33.9677899999997
"7373","1kmE3925N3084",38.4743604999999
"7374","1kmE3925N3085",0
"7375","1kmE3925N3086",0
"7376","1kmE3925N3087",82.9730680000011
"7377","1kmE3925N3088",39.7444324999997
"7378","1kmE3925N3089",0
"7379","1kmE3925N3090",0
"7380","1kmE3925N3091",0
"7381","1kmE3925N3092",82.9730679999993
"7382","1kmE3925N3093",50.7782240000015
"7383","1kmE3925N3094",50.7782239999997
"7384","1kmE3925N3095",82.9730679999993
"7385","1kmE3925N3096",234.425315500001
"7386","1kmE3925N3097",0
"7387","1kmE3925N3098",39.6222584999996
"7388","1kmE3925N3099",18.0806954999989
"7389","1kmE3925N3100",82.9730679999993
"7390","1kmE3925N3101",186.580752000002
"7391","1kmE3925N3102",82.9730679999993
"7392","1kmE3925N3103",0
"7393","1kmE3925N3104",166.732691499999
"7394","1kmE3925N3105",0
"7395","1kmE3925N3106",0
"7396","1kmE3925N3107",72.1063549999999
"7397","1kmE3925N3108",0
"7398","1kmE3925N3109",0
"7399","1kmE3925N3110",0
"7400","1kmE3925N3111",0
"7401","1kmE3925N3112",0
"7402","1kmE3925N3113",0
"7403","1kmE3925N3114",50.7782239999997
"7404","1kmE3925N3115",0
"7405","1kmE3925N3116",0
"7406","1kmE3925N3117",0
"7407","1kmE3925N3118",0
"7408","1kmE3925N3119",50.0505485000012
"7409","1kmE3925N3120",0
"7410","1kmE3925N3121",0
"7411","1kmE3925N3122",186.528464000001
"7412","1kmE3925N3123",186.528463999999
"7413","1kmE3925N3124",0
"7414","1kmE3925N3125",272.0971135
"7415","1kmE3925N3126",296.7640675
"7416","1kmE3925N3127",174.456979000001
"7417","1kmE3925N3128",0
"7418","1kmE3925N3129",166.3092105
"7419","1kmE3925N3130",136.5302035
"7420","1kmE3925N3131",0
"7421","1kmE3925N3132",0
"7422","1kmE3925N3133",0
"7423","1kmE3925N3134",136.5302035
"7424","1kmE3925N3135",201.647364
"7425","1kmE3925N3136",249.282278500001
"7426","1kmE3925N3137",0
"7427","1kmE3925N3138",0
"7428","1kmE3925N3139",0
"7429","1kmE3925N3140",0
"7430","1kmE3925N3141",53.522669
"7431","1kmE3925N3142",53.522669
"7432","1kmE3925N3143",87.4904589999987
"7433","1kmE3925N3144",33.9677899999988
"7434","1kmE3925N3145",33.9677900000006
"7435","1kmE3925N3146",33.9677900000006
"7436","1kmE3925N3147",0
"7437","1kmE3925N3148",0
"7438","1kmE3925N3149",105.342996000001
"7439","1kmE3925N3150",0
"7440","1kmE3925N3151",22.4307589999989
"7441","1kmE3925N3152",16.7530105000005
"7442","1kmE3925N3153",0
"7443","1kmE3925N3154",82.9730679999993
"7444","1kmE3925N3155",36.4565469999998
"7445","1kmE3925N3156",0
"7446","1kmE3926N3084",29.8889705000001
"7447","1kmE3926N3085",0
"7448","1kmE3926N3086",0
"7449","1kmE3926N3087",36.0821004999998
"7450","1kmE3926N3088",0
"7451","1kmE3926N3089",0
"7452","1kmE3926N3090",94.3374194999997
"7453","1kmE3926N3091",0
"7454","1kmE3926N3092",0
"7455","1kmE3926N3093",82.9730679999993
"7456","1kmE3926N3094",82.9730680000011
"7457","1kmE3926N3095",129.736874499999
"7458","1kmE3926N3096",212.709942500001
"7459","1kmE3926N3097",33.9677899999988
"7460","1kmE3926N3098",101.0537635
"7461","1kmE3926N3099",121.0935355
"7462","1kmE3926N3100",130.491216499999
"7463","1kmE3926N3101",0
"7464","1kmE3926N3102",12.3415524999982
"7465","1kmE3926N3103",76.3878164999987
"7466","1kmE3926N3104",154.051521000001
"7467","1kmE3926N3105",0
"7468","1kmE3926N3106",0
"7469","1kmE3926N3107",0
"7470","1kmE3926N3108",0
"7471","1kmE3926N3109",88.7293690000006
"7472","1kmE3926N3110",0
"7473","1kmE3926N3111",0
"7474","1kmE3926N3112",0
"7475","1kmE3926N3113",0
"7476","1kmE3926N3114",0
"7477","1kmE3926N3115",0
"7478","1kmE3926N3116",0
"7479","1kmE3926N3117",0
"7480","1kmE3926N3118",0
"7481","1kmE3926N3119",50.0505484999994
"7482","1kmE3926N3120",303.177321499999
"7483","1kmE3926N3121",475.931941000001
"7484","1kmE3926N3122",0
"7485","1kmE3926N3123",12.3415525
"7486","1kmE3926N3124",263.0824655
"7487","1kmE3926N3125",166.3092105
"7488","1kmE3926N3126",0
"7489","1kmE3926N3127",71.2438409999995
"7490","1kmE3926N3128",0
"7491","1kmE3926N3129",68.685111499999
"7492","1kmE3926N3130",0
"7493","1kmE3926N3131",0
"7494","1kmE3926N3132",460.451177499999
"7495","1kmE3926N3133",126.552261999999
"7496","1kmE3926N3134",75.9324244999989
"7497","1kmE3926N3135",189.014610499999
"7498","1kmE3926N3136",136.530203499999
"7499","1kmE3926N3137",136.5302035
"7500","1kmE3926N3138",112.371385000002
"7501","1kmE3926N3139",170.497993500001
"7502","1kmE3926N3140",0
"7503","1kmE3926N3141",34.1637654999995
"7504","1kmE3926N3142",33.9677899999988
"7505","1kmE3926N3143",33.9677899999997
"7506","1kmE3926N3144",33.9677900000006
"7507","1kmE3926N3145",0
"7508","1kmE3926N3146",220.548541999999
"7509","1kmE3926N3147",0
"7510","1kmE3926N3148",103.254861000001
"7511","1kmE3926N3149",0
"7512","1kmE3926N3150",0
"7513","1kmE3926N3151",12.3415525
"7514","1kmE3926N3152",0
"7515","1kmE3926N3153",0
"7516","1kmE3926N3154",98.7465009999996
"7517","1kmE3926N3155",0
"7518","1kmE3926N3156",0
"7519","1kmE3927N3084",0
"7520","1kmE3927N3085",0
"7521","1kmE3927N3086",0
"7522","1kmE3927N3087",0
"7523","1kmE3927N3088",0
"7524","1kmE3927N3089",78.4035949999998
"7525","1kmE3927N3090",148.965138
"7526","1kmE3927N3091",133.9148995
"7527","1kmE3927N3092",0
"7528","1kmE3927N3093",82.973068000003
"7529","1kmE3927N3094",82.9730679999993
"7530","1kmE3927N3095",0
"7531","1kmE3927N3096",70.0510689999992
"7532","1kmE3927N3097",0
"7533","1kmE3927N3098",91.6707439999991
"7534","1kmE3927N3099",63.6617064999991
"7535","1kmE3927N3100",51.9638109999978
"7536","1kmE3927N3101",0
"7537","1kmE3927N3102",12.3415524999982
"7538","1kmE3927N3103",148.871756
"7539","1kmE3927N3104",0
"7540","1kmE3927N3105",0
"7541","1kmE3927N3106",0
"7542","1kmE3927N3107",0
"7543","1kmE3927N3108",0
"7544","1kmE3927N3109",0
"7545","1kmE3927N3110",0
"7546","1kmE3927N3111",0
"7547","1kmE3927N3112",150.50995
"7548","1kmE3927N3113",239.761722499999
"7549","1kmE3927N3114",0
"7550","1kmE3927N3115",0
"7551","1kmE3927N3116",0
"7552","1kmE3927N3117",0
"7553","1kmE3927N3118",0
"7554","1kmE3927N3119",249.682581499999
"7555","1kmE3927N3120",516.263335
"7556","1kmE3927N3121",278.518180000001
"7557","1kmE3927N3122",0
"7558","1kmE3927N3123",34.7721490000004
"7559","1kmE3927N3124",0
"7560","1kmE3927N3125",19.0969535000004
"7561","1kmE3927N3126",0
"7562","1kmE3927N3127",0
"7563","1kmE3927N3128",166.3092105
"7564","1kmE3927N3129",0
"7565","1kmE3927N3130",0
"7566","1kmE3927N3131",18.0806954999989
"7567","1kmE3927N3132",166.3092105
"7568","1kmE3927N3133",82.9730679999993
"7569","1kmE3927N3134",0
"7570","1kmE3927N3135",0
"7571","1kmE3927N3136",50.7782240000015
"7572","1kmE3927N3137",66.803559
"7573","1kmE3927N3138",170.497993500001
"7574","1kmE3927N3139",170.497993500001
"7575","1kmE3927N3140",0
"7576","1kmE3927N3141",185.761335000001
"7577","1kmE3927N3142",0
"7578","1kmE3927N3143",0
"7579","1kmE3927N3144",0
"7580","1kmE3927N3145",439.481815
"7581","1kmE3927N3146",754.350637
"7582","1kmE3927N3147",482.046138
"7583","1kmE3927N3148",0
"7584","1kmE3927N3149",0
"7585","1kmE3927N3150",58.2502664999993
"7586","1kmE3927N3151",358.6865105
"7587","1kmE3927N3152",12.3415525000019
"7588","1kmE3927N3153",93.6555180000014
"7589","1kmE3927N3154",0
"7590","1kmE3927N3155",0
"7591","1kmE3928N3084",0
"7592","1kmE3928N3085",0
"7593","1kmE3928N3086",0
"7594","1kmE3928N3087",160.607819000001
"7595","1kmE3928N3088",0
"7596","1kmE3928N3089",0
"7597","1kmE3928N3090",119.113906500002
"7598","1kmE3928N3091",192.215268
"7599","1kmE3928N3092",336.037096999997
"7600","1kmE3928N3093",0
"7601","1kmE3928N3094",0
"7602","1kmE3928N3095",0
"7603","1kmE3928N3096",154.051521000001
"7604","1kmE3928N3097",0
"7605","1kmE3928N3098",30.4144789999991
"7606","1kmE3928N3099",0
"7607","1kmE3928N3100",0
"7608","1kmE3928N3101",0
"7609","1kmE3928N3102",0
"7610","1kmE3928N3103",0
"7611","1kmE3928N3104",0
"7612","1kmE3928N3105",0
"7613","1kmE3928N3106",0
"7614","1kmE3928N3107",0
"7615","1kmE3928N3108",64.2129829999994
"7616","1kmE3928N3109",33.9677900000006
"7617","1kmE3928N3110",0
"7618","1kmE3928N3111",166.309211
"7619","1kmE3928N3112",148.0657065
"7620","1kmE3928N3113",155.079423000001
"7621","1kmE3928N3114",123.327154500001
"7622","1kmE3928N3115",0
"7623","1kmE3928N3116",0
"7624","1kmE3928N3117",0
"7625","1kmE3928N3118",0
"7626","1kmE3928N3119",426.504476
"7627","1kmE3928N3120",600.659616000001
"7628","1kmE3928N3121",361.458016499999
"7629","1kmE3928N3122",68.6851115000009
"7630","1kmE3928N3123",166.309210500001
"7631","1kmE3928N3124",0
"7632","1kmE3928N3125",57.7706900000003
"7633","1kmE3928N3126",0
"7634","1kmE3928N3127",0
"7635","1kmE3928N3128",225.298762999999
"7636","1kmE3928N3129",0
"7637","1kmE3928N3130",0
"7638","1kmE3928N3131",0
"7639","1kmE3928N3132",18.0806954999989
"7640","1kmE3928N3133",0
"7641","1kmE3928N3134",0
"7642","1kmE3928N3135",0
"7643","1kmE3928N3136",0
"7644","1kmE3928N3137",0
"7645","1kmE3928N3138",0
"7646","1kmE3928N3139",252.833253499999
"7647","1kmE3928N3140",93.1449275000014
"7648","1kmE3928N3141",0
"7649","1kmE3928N3142",0
"7650","1kmE3928N3143",145.270735
"7651","1kmE3928N3144",185.761334499999
"7652","1kmE3928N3145",316.934418000001
"7653","1kmE3928N3146",476.689017500001
"7654","1kmE3928N3147",311.548143999999
"7655","1kmE3928N3148",160.233862999999
"7656","1kmE3928N3149",0
"7657","1kmE3928N3150",0
"7658","1kmE3928N3151",0
"7659","1kmE3928N3152",0
"7660","1kmE3928N3153",0
"7661","1kmE3929N3085",0
"7662","1kmE3929N3086",0
"7663","1kmE3929N3087",0
"7664","1kmE3929N3088",0
"7665","1kmE3929N3089",0
"7666","1kmE3929N3090",0
"7667","1kmE3929N3091",164.421453000003
"7668","1kmE3929N3092",617.320837499999
"7669","1kmE3929N3093",172.341537
"7670","1kmE3929N3094",243.206932000001
"7671","1kmE3929N3095",0
"7672","1kmE3929N3096",181.324463500001
"7673","1kmE3929N3097",161.376663499999
"7674","1kmE3929N3098",303.2628945
"7675","1kmE3929N3099",82.9730679999993
"7676","1kmE3929N3100",0
"7677","1kmE3929N3101",0
"7678","1kmE3929N3102",0
"7679","1kmE3929N3103",0
"7680","1kmE3929N3104",0
"7681","1kmE3929N3105",0
"7682","1kmE3929N3106",0
"7683","1kmE3929N3107",0
"7684","1kmE3929N3108",70.0510689999992
"7685","1kmE3929N3109",0
"7686","1kmE3929N3110",0
"7687","1kmE3929N3111",96.3688524999998
"7688","1kmE3929N3112",123.327154500001
"7689","1kmE3929N3113",281.8084135
"7690","1kmE3929N3114",0
"7691","1kmE3929N3115",0
"7692","1kmE3929N3116",0
"7693","1kmE3929N3117",0
"7694","1kmE3929N3118",0
"7695","1kmE3929N3119",82.9730679999993
"7696","1kmE3929N3120",186.233458500001
"7697","1kmE3929N3121",337.329084999999
"7698","1kmE3929N3122",62.6876494999997
"7699","1kmE3929N3123",166.3092105
"7700","1kmE3929N3124",82.9730680000002
"7701","1kmE3929N3125",0
"7702","1kmE3929N3126",0
"7703","1kmE3929N3127",0
"7704","1kmE3929N3128",0
"7705","1kmE3929N3129",166.3092105
"7706","1kmE3929N3130",98.7465009999996
"7707","1kmE3929N3131",179.988056500002
"7708","1kmE3929N3132",101.0537635
"7709","1kmE3929N3133",0
"7710","1kmE3929N3134",0
"7711","1kmE3929N3135",48.4426344999993
"7712","1kmE3929N3136",195.670964000001
"7713","1kmE3929N3137",0
"7714","1kmE3929N3138",119.6738785
"7715","1kmE3929N3139",82.9730680000011
"7716","1kmE3929N3140",304.077605499999
"7717","1kmE3929N3141",482.941307999999
"7718","1kmE3929N3142",111.302944999999
"7719","1kmE3929N3143",390.352181499999
"7720","1kmE3929N3144",212.485446999999
"7721","1kmE3929N3145",661.152057500001
"7722","1kmE3929N3146",617.383323999999
"7723","1kmE3929N3147",528.1404955
"7724","1kmE3929N3148",33.9677900000006
"7725","1kmE3929N3149",82.9730679999993
"7726","1kmE3929N3150",98.7465009999996
"7727","1kmE3929N3151",5.35311550000006
"7728","1kmE3929N3152",0
"7729","1kmE3929N3153",0
"7730","1kmE3930N3085",0
"7731","1kmE3930N3086",0
"7732","1kmE3930N3087",27.3594185000002
"7733","1kmE3930N3088",0
"7734","1kmE3930N3089",0
"7735","1kmE3930N3090",0
"7736","1kmE3930N3091",184.311479999997
"7737","1kmE3930N3092",174.248896500001
"7738","1kmE3930N3093",118.415034999998
"7739","1kmE3930N3094",12.3415525
"7740","1kmE3930N3095",104.9889195
"7741","1kmE3930N3096",0
"7742","1kmE3930N3097",180.794498499999
"7743","1kmE3930N3098",0
"7744","1kmE3930N3099",0
"7745","1kmE3930N3100",0
"7746","1kmE3930N3101",123.327154500001
"7747","1kmE3930N3102",0
"7748","1kmE3930N3103",0
"7749","1kmE3930N3104",0
"7750","1kmE3930N3105",0
"7751","1kmE3930N3106",71.1641424999998
"7752","1kmE3930N3107",75.5921954999994
"7753","1kmE3930N3108",82.3926214999992
"7754","1kmE3930N3109",96.3688524999998
"7755","1kmE3930N3110",0
"7756","1kmE3930N3111",70.0510689999992
"7757","1kmE3930N3112",0
"7758","1kmE3930N3113",0
"7759","1kmE3930N3114",0
"7760","1kmE3930N3115",0
"7761","1kmE3930N3116",0
"7762","1kmE3930N3117",0
"7763","1kmE3930N3118",12.5801835000002
"7764","1kmE3930N3119",52.4844069999999
"7765","1kmE3930N3120",179.6315125
"7766","1kmE3930N3121",321.9021655
"7767","1kmE3930N3122",123.327154499999
"7768","1kmE3930N3123",166.309211
"7769","1kmE3930N3124",0
"7770","1kmE3930N3125",82.9730679999993
"7771","1kmE3930N3126",0
"7772","1kmE3930N3127",0
"7773","1kmE3930N3128",16.7530104999987
"7774","1kmE3930N3129",242.6448275
"7775","1kmE3930N3130",0
"7776","1kmE3930N3131",78.4035949999998
"7777","1kmE3930N3132",82.9730679999993
"7778","1kmE3930N3133",133.023616500001
"7779","1kmE3930N3134",0
"7780","1kmE3930N3135",48.4426345000011
"7781","1kmE3930N3136",0
"7782","1kmE3930N3137",463.18266
"7783","1kmE3930N3138",122.467266
"7784","1kmE3930N3139",11.6132209999996
"7785","1kmE3930N3140",437.662343999997
"7786","1kmE3930N3141",191.7994045
"7787","1kmE3930N3142",0
"7788","1kmE3930N3143",752.445941
"7789","1kmE3930N3144",329.977406500002
"7790","1kmE3930N3145",430.2005665
"7791","1kmE3930N3146",191.7380765
"7792","1kmE3930N3147",98.3682884999998
"7793","1kmE3930N3148",82.9730680000011
"7794","1kmE3930N3149",0
"7795","1kmE3930N3150",83.8705164999992
"7796","1kmE3930N3151",82.9730679999993
"7797","1kmE3930N3152",181.5840685
"7798","1kmE3930N3153",0
"7799","1kmE3930N3159",160.233864
"7800","1kmE3930N3160",0
"7801","1kmE3930N3163",0
"7802","1kmE3931N3085",0
"7803","1kmE3931N3086",0
"7804","1kmE3931N3087",0
"7805","1kmE3931N3088",0
"7806","1kmE3931N3089",0
"7807","1kmE3931N3090",0
"7808","1kmE3931N3091",0
"7809","1kmE3931N3092",0
"7810","1kmE3931N3093",272.508260000001
"7811","1kmE3931N3094",12.3415525
"7812","1kmE3931N3095",0
"7813","1kmE3931N3096",82.9730679999993
"7814","1kmE3931N3097",82.9730680000011
"7815","1kmE3931N3098",0
"7816","1kmE3931N3099",0
"7817","1kmE3931N3100",0
"7818","1kmE3931N3101",0
"7819","1kmE3931N3102",0
"7820","1kmE3931N3103",0
"7821","1kmE3931N3104",0
"7822","1kmE3931N3105",126.552262
"7823","1kmE3931N3106",0
"7824","1kmE3931N3107",167.529156
"7825","1kmE3931N3108",76.3878165000006
"7826","1kmE3931N3109",70.051069000001
"7827","1kmE3931N3110",0
"7828","1kmE3931N3111",0
"7829","1kmE3931N3112",0
"7830","1kmE3931N3113",0
"7831","1kmE3931N3114",0
"7832","1kmE3931N3115",0
"7833","1kmE3931N3116",185.761334500001
"7834","1kmE3931N3117",206.3002225
"7835","1kmE3931N3118",0
"7836","1kmE3931N3119",0
"7837","1kmE3931N3120",52.4844069999999
"7838","1kmE3931N3121",0
"7839","1kmE3931N3122",0
"7840","1kmE3931N3123",0
"7841","1kmE3931N3124",0
"7842","1kmE3931N3125",0
"7843","1kmE3931N3126",0
"7844","1kmE3931N3127",0
"7845","1kmE3931N3128",0
"7846","1kmE3931N3129",0
"7847","1kmE3931N3130",0
"7848","1kmE3931N3131",0
"7849","1kmE3931N3132",136.5302035
"7850","1kmE3931N3133",31.4385060000004
"7851","1kmE3931N3134",18.0806955000007
"7852","1kmE3931N3135",209.52533
"7853","1kmE3931N3136",103.254860999999
"7854","1kmE3931N3137",209.2250675
"7855","1kmE3931N3138",2.11892050000097
"7856","1kmE3931N3139",295.765026499999
"7857","1kmE3931N3140",225.654897
"7858","1kmE3931N3141",52.4844069999999
"7859","1kmE3931N3142",44.8341875000006
"7860","1kmE3931N3143",44.8341880000007
"7861","1kmE3931N3144",704.150858000001
"7862","1kmE3931N3145",321.610528000001
"7863","1kmE3931N3146",92.2180564999999
"7864","1kmE3931N3147",103.3007435
"7865","1kmE3931N3148",0
"7866","1kmE3931N3149",0
"7867","1kmE3931N3150",0
"7868","1kmE3931N3151",0
"7869","1kmE3931N3152",323.865449000001
"7870","1kmE3931N3153",0
"7871","1kmE3931N3157",182.7529465
"7872","1kmE3931N3158",182.513572999998
"7873","1kmE3931N3159",404.5872285
"7874","1kmE3931N3160",0
"7875","1kmE3931N3161",0
"7876","1kmE3931N3162",0
"7877","1kmE3931N3163",0
"7878","1kmE3931N3164",0
"7879","1kmE3932N3084",127.1956965
"7880","1kmE3932N3085",0
"7881","1kmE3932N3086",0
"7882","1kmE3932N3087",0
"7883","1kmE3932N3088",0
"7884","1kmE3932N3089",98.7465010000014
"7885","1kmE3932N3090",0
"7886","1kmE3932N3091",64.8353165000008
"7887","1kmE3932N3092",0
"7888","1kmE3932N3093",227.2766235
"7889","1kmE3932N3094",0
"7890","1kmE3932N3095",0
"7891","1kmE3932N3096",98.7465009999996
"7892","1kmE3932N3097",0
"7893","1kmE3932N3098",0
"7894","1kmE3932N3099",0
"7895","1kmE3932N3100",0
"7896","1kmE3932N3101",0
"7897","1kmE3932N3102",0
"7898","1kmE3932N3103",78.4035949999998
"7899","1kmE3932N3104",345.9407235
"7900","1kmE3932N3105",0
"7901","1kmE3932N3106",0
"7902","1kmE3932N3107",36.3152710000013
"7903","1kmE3932N3108",82.9730679999993
"7904","1kmE3932N3109",70.051069000001
"7905","1kmE3932N3110",111.0981605
"7906","1kmE3932N3111",0
"7907","1kmE3932N3112",84.5560880000003
"7908","1kmE3932N3113",0
"7909","1kmE3932N3114",0
"7910","1kmE3932N3115",559.465754000001
"7911","1kmE3932N3116",50.858227499999
"7912","1kmE3932N3117",168.161341999999
"7913","1kmE3932N3118",0
"7914","1kmE3932N3119",0
"7915","1kmE3932N3120",160.233864
"7916","1kmE3932N3121",0
"7917","1kmE3932N3122",0
"7918","1kmE3932N3123",0
"7919","1kmE3932N3124",0
"7920","1kmE3932N3125",0
"7921","1kmE3932N3126",0
"7922","1kmE3932N3127",0
"7923","1kmE3932N3128",0
"7924","1kmE3932N3129",0
"7925","1kmE3932N3130",0
"7926","1kmE3932N3131",0
"7927","1kmE3932N3132",317.9500935
"7928","1kmE3932N3133",0
"7929","1kmE3932N3134",123.327154499999
"7930","1kmE3932N3135",144.124110500001
"7931","1kmE3932N3136",0
"7932","1kmE3932N3137",185.550580500001
"7933","1kmE3932N3138",160.1986805
"7934","1kmE3932N3139",11.6132209999996
"7935","1kmE3932N3140",0
"7936","1kmE3932N3141",0
"7937","1kmE3932N3142",8.24862100000064
"7938","1kmE3932N3143",241.797308000001
"7939","1kmE3932N3144",297.898217000002
"7940","1kmE3932N3145",0
"7941","1kmE3932N3146",0
"7942","1kmE3932N3147",136.4779155
"7943","1kmE3932N3148",0
"7944","1kmE3932N3149",0
"7945","1kmE3932N3150",0
"7946","1kmE3932N3151",0
"7947","1kmE3932N3152",177.928532
"7948","1kmE3932N3153",0
"7949","1kmE3932N3154",0
"7950","1kmE3932N3156",219.1016885
"7951","1kmE3932N3157",281.3613085
"7952","1kmE3932N3158",899.6033885
"7953","1kmE3932N3159",657.6139035
"7954","1kmE3932N3160",48.1981785000007
"7955","1kmE3932N3161",0
"7956","1kmE3932N3162",0
"7957","1kmE3932N3163",0
"7958","1kmE3932N3164",0
"7959","1kmE3933N3083",0
"7960","1kmE3933N3084",98.7465010000005
"7961","1kmE3933N3085",0
"7962","1kmE3933N3086",0
"7963","1kmE3933N3087",0
"7964","1kmE3933N3088",25.4806834999999
"7965","1kmE3933N3089",98.7465010000005
"7966","1kmE3933N3090",0
"7967","1kmE3933N3091",0
"7968","1kmE3933N3092",0
"7969","1kmE3933N3093",0
"7970","1kmE3933N3094",0
"7971","1kmE3933N3095",82.9730680000011
"7972","1kmE3933N3096",0
"7973","1kmE3933N3097",82.9730680000011
"7974","1kmE3933N3098",0
"7975","1kmE3933N3099",0
"7976","1kmE3933N3100",0
"7977","1kmE3933N3101",0
"7978","1kmE3933N3102",0
"7979","1kmE3933N3103",0
"7980","1kmE3933N3104",218.948146500001
"7981","1kmE3933N3105",0
"7982","1kmE3933N3106",0
"7983","1kmE3933N3107",56.9959074999988
"7984","1kmE3933N3108",0
"7985","1kmE3933N3109",212.865732
"7986","1kmE3933N3110",153.024136999999
"7987","1kmE3933N3111",136.4779155
"7988","1kmE3933N3112",0
"7989","1kmE3933N3113",82.9730679999993
"7990","1kmE3933N3114",18.0806954999989
"7991","1kmE3933N3115",282.174911
"7992","1kmE3933N3116",166.309210500001
"7993","1kmE3933N3117",219.2816145
"7994","1kmE3933N3118",50.7782239999997
"7995","1kmE3933N3119",0
"7996","1kmE3933N3120",0
"7997","1kmE3933N3121",0
"7998","1kmE3933N3122",0
"7999","1kmE3933N3123",0
"8000","1kmE3933N3124",0
"8001","1kmE3933N3125",0
"8002","1kmE3933N3126",0
"8003","1kmE3933N3127",0
"8004","1kmE3933N3128",106.114624
"8005","1kmE3933N3129",0
"8006","1kmE3933N3130",0
"8007","1kmE3933N3131",166.309210500001
"8008","1kmE3933N3132",0
"8009","1kmE3933N3133",82.9730679999993
"8010","1kmE3933N3134",0
"8011","1kmE3933N3135",0
"8012","1kmE3933N3136",0
"8013","1kmE3933N3137",0
"8014","1kmE3933N3138",0
"8015","1kmE3933N3139",50.7782239999997
"8016","1kmE3933N3140",0
"8017","1kmE3933N3141",0
"8018","1kmE3933N3142",0
"8019","1kmE3933N3143",0
"8020","1kmE3933N3144",12.3415525
"8021","1kmE3933N3145",0
"8022","1kmE3933N3146",98.7465009999996
"8023","1kmE3933N3147",0
"8024","1kmE3933N3148",185.7613345
"8025","1kmE3933N3149",41.0986434999995
"8026","1kmE3933N3150",300.8596755
"8027","1kmE3933N3151",336.774435500001
"8028","1kmE3933N3152",527.2849775
"8029","1kmE3933N3153",0
"8030","1kmE3933N3154",21.0445090000003
"8031","1kmE3933N3155",316.759997
"8032","1kmE3933N3156",455.9528165
"8033","1kmE3933N3157",812.813356500001
"8034","1kmE3933N3158",945.295207000001
"8035","1kmE3933N3159",853.9585425
"8036","1kmE3933N3160",981.170130499999
"8037","1kmE3933N3161",175.735092000001
"8038","1kmE3933N3162",0
"8039","1kmE3933N3163",82.9730679999993
"8040","1kmE3933N3164",0
"8041","1kmE3933N3165",0
"8042","1kmE3934N3082",0
"8043","1kmE3934N3083",0
"8044","1kmE3934N3084",0
"8045","1kmE3934N3085",98.7465010000005
"8046","1kmE3934N3086",0
"8047","1kmE3934N3087",0
"8048","1kmE3934N3088",0
"8049","1kmE3934N3089",0
"8050","1kmE3934N3090",0
"8051","1kmE3934N3091",0
"8052","1kmE3934N3092",0
"8053","1kmE3934N3093",0
"8054","1kmE3934N3094",0
"8055","1kmE3934N3095",0
"8056","1kmE3934N3096",0
"8057","1kmE3934N3097",0
"8058","1kmE3934N3098",0
"8059","1kmE3934N3099",0
"8060","1kmE3934N3100",0
"8061","1kmE3934N3101",0
"8062","1kmE3934N3102",0
"8063","1kmE3934N3103",0
"8064","1kmE3934N3104",0
"8065","1kmE3934N3105",0
"8066","1kmE3934N3106",0
"8067","1kmE3934N3107",0
"8068","1kmE3934N3108",70.0510690000001
"8069","1kmE3934N3109",168.797570000001
"8070","1kmE3934N3110",136.477915500001
"8071","1kmE3934N3111",99.9400394999993
"8072","1kmE3934N3112",0
"8073","1kmE3934N3113",0
"8074","1kmE3934N3114",56.9959074999997
"8075","1kmE3934N3115",23.720765
"8076","1kmE3934N3116",203.3522775
"8077","1kmE3934N3117",0
"8078","1kmE3934N3118",218.840787499999
"8079","1kmE3934N3119",82.9730679999993
"8080","1kmE3934N3120",306.183774499999
"8081","1kmE3934N3121",0
"8082","1kmE3934N3122",345.995199000001
"8083","1kmE3934N3123",0
"8084","1kmE3934N3124",0
"8085","1kmE3934N3125",0
"8086","1kmE3934N3126",0
"8087","1kmE3934N3127",0
"8088","1kmE3934N3128",0
"8089","1kmE3934N3129",50.7782239999997
"8090","1kmE3934N3130",82.9730679999993
"8091","1kmE3934N3131",0
"8092","1kmE3934N3132",63.2131585000006
"8093","1kmE3934N3133",82.9730680000011
"8094","1kmE3934N3134",34.1637655000013
"8095","1kmE3934N3135",105.9702065
"8096","1kmE3934N3136",130.3272215
"8097","1kmE3934N3137",129.727586499997
"8098","1kmE3934N3138",33.9677899999988
"8099","1kmE3934N3139",0
"8100","1kmE3934N3140",0
"8101","1kmE3934N3141",0
"8102","1kmE3934N3142",0
"8103","1kmE3934N3143",0
"8104","1kmE3934N3144",233.404442999999
"8105","1kmE3934N3145",98.7465009999996
"8106","1kmE3934N3146",268.7344025
"8107","1kmE3934N3147",0
"8108","1kmE3934N3148",263.3909535
"8109","1kmE3934N3149",41.0986434999995
"8110","1kmE3934N3150",377.873079000001
"8111","1kmE3934N3151",429.536459499999
"8112","1kmE3934N3152",0
"8113","1kmE3934N3153",89.4770615000016
"8114","1kmE3934N3154",254.499707000001
"8115","1kmE3934N3155",230.437264
"8116","1kmE3934N3156",565.595568999999
"8117","1kmE3934N3157",689.141378
"8118","1kmE3934N3158",838.578711999999
"8119","1kmE3934N3159",824.2605305
"8120","1kmE3934N3160",820.920400999999
"8121","1kmE3934N3161",0
"8122","1kmE3934N3162",0
"8123","1kmE3934N3163",171.859855499999
"8124","1kmE3934N3164",0
"8125","1kmE3934N3165",82.9730679999993
"8126","1kmE3935N3083",179.6315125
"8127","1kmE3935N3084",0
"8128","1kmE3935N3085",0
"8129","1kmE3935N3086",0
"8130","1kmE3935N3087",0
"8131","1kmE3935N3088",0
"8132","1kmE3935N3089",0
"8133","1kmE3935N3090",29.8889704999992
"8134","1kmE3935N3091",22.4307589999989
"8135","1kmE3935N3092",49.5192014999993
"8136","1kmE3935N3093",56.9959075000006
"8137","1kmE3935N3094",249.282278499999
"8138","1kmE3935N3095",0
"8139","1kmE3935N3096",0
"8140","1kmE3935N3097",0
"8141","1kmE3935N3098",0
"8142","1kmE3935N3099",0
"8143","1kmE3935N3100",0
"8144","1kmE3935N3101",0
"8145","1kmE3935N3102",0
"8146","1kmE3935N3103",0
"8147","1kmE3935N3104",0
"8148","1kmE3935N3105",135.014519
"8149","1kmE3935N3106",106.114623500001
"8150","1kmE3935N3107",33.9677900000006
"8151","1kmE3935N3108",0
"8152","1kmE3935N3109",0
"8153","1kmE3935N3110",0
"8154","1kmE3935N3111",0
"8155","1kmE3935N3112",0
"8156","1kmE3935N3113",0
"8157","1kmE3935N3114",283.561018500001
"8158","1kmE3935N3115",333.3599005
"8159","1kmE3935N3116",0
"8160","1kmE3935N3117",82.9730679999993
"8161","1kmE3935N3118",0
"8162","1kmE3935N3119",0
"8163","1kmE3935N3120",126.552261999999
"8164","1kmE3935N3121",0
"8165","1kmE3935N3122",82.9730680000011
"8166","1kmE3935N3123",0
"8167","1kmE3935N3124",98.7465009999996
"8168","1kmE3935N3125",0
"8169","1kmE3935N3126",82.9730679999993
"8170","1kmE3935N3127",0
"8171","1kmE3935N3128",0
"8172","1kmE3935N3129",0
"8173","1kmE3935N3130",0
"8174","1kmE3935N3131",0
"8175","1kmE3935N3132",0
"8176","1kmE3935N3133",0
"8177","1kmE3935N3134",243.206931000001
"8178","1kmE3935N3135",179.6315125
"8179","1kmE3935N3136",50.7782239999997
"8180","1kmE3935N3137",332.350818999999
"8181","1kmE3935N3138",48.7575074999995
"8182","1kmE3935N3139",0
"8183","1kmE3935N3140",0
"8184","1kmE3935N3141",0
"8185","1kmE3935N3142",0
"8186","1kmE3935N3143",0
"8187","1kmE3935N3144",0
"8188","1kmE3935N3145",0
"8189","1kmE3935N3146",0
"8190","1kmE3935N3147",0
"8191","1kmE3935N3148",123.545808999999
"8192","1kmE3935N3149",258.560326999999
"8193","1kmE3935N3150",420.091221999999
"8194","1kmE3935N3151",311.548145000001
"8195","1kmE3935N3152",30.3540900000007
"8196","1kmE3935N3153",143.9781365
"8197","1kmE3935N3154",240.482265499999
"8198","1kmE3935N3155",369.309961500001
"8199","1kmE3935N3156",376.444359000001
"8200","1kmE3935N3157",314.497562
"8201","1kmE3935N3158",669.017051500001
"8202","1kmE3935N3159",301.929236999998
"8203","1kmE3935N3160",12.3415525
"8204","1kmE3935N3161",178.857996000001
"8205","1kmE3935N3162",0
"8206","1kmE3935N3163",166.380227499998
"8207","1kmE3935N3164",125.838254499999
"8208","1kmE3935N3165",0
"8209","1kmE3936N3084",0
"8210","1kmE3936N3085",0
"8211","1kmE3936N3086",0
"8212","1kmE3936N3087",0
"8213","1kmE3936N3088",0
"8214","1kmE3936N3089",0
"8215","1kmE3936N3090",0
"8216","1kmE3936N3091",0
"8217","1kmE3936N3092",0
"8218","1kmE3936N3093",0
"8219","1kmE3936N3094",326.500672
"8220","1kmE3936N3095",179.6315125
"8221","1kmE3936N3096",0
"8222","1kmE3936N3097",0
"8223","1kmE3936N3098",0
"8224","1kmE3936N3099",123.327154999999
"8225","1kmE3936N3100",0
"8226","1kmE3936N3101",0
"8227","1kmE3936N3102",12.3415525
"8228","1kmE3936N3103",29.8889705000001
"8229","1kmE3936N3104",356.4290525
"8230","1kmE3936N3105",395.323072000001
"8231","1kmE3936N3106",0
"8232","1kmE3936N3107",0
"8233","1kmE3936N3108",0
"8234","1kmE3936N3109",0
"8235","1kmE3936N3110",0
"8236","1kmE3936N3111",0
"8237","1kmE3936N3112",0
"8238","1kmE3936N3113",160.233864
"8239","1kmE3936N3114",539.3317415
"8240","1kmE3936N3115",469.227512500001
"8241","1kmE3936N3116",166.3092105
"8242","1kmE3936N3117",0
"8243","1kmE3936N3118",0
"8244","1kmE3936N3119",0
"8245","1kmE3936N3120",0
"8246","1kmE3936N3121",0
"8247","1kmE3936N3122",0
"8248","1kmE3936N3123",0
"8249","1kmE3936N3124",179.6315125
"8250","1kmE3936N3125",0
"8251","1kmE3936N3126",82.9730679999993
"8252","1kmE3936N3127",153.024136999999
"8253","1kmE3936N3128",98.7465009999996
"8254","1kmE3936N3129",0
"8255","1kmE3936N3130",0
"8256","1kmE3936N3131",0
"8257","1kmE3936N3132",0
"8258","1kmE3936N3133",316.109428
"8259","1kmE3936N3134",0
"8260","1kmE3936N3135",0
"8261","1kmE3936N3136",151.314279999999
"8262","1kmE3936N3137",151.6581795
"8263","1kmE3936N3138",0
"8264","1kmE3936N3139",18.0806954999989
"8265","1kmE3936N3140",62.2602900000002
"8266","1kmE3936N3141",206.300222499998
"8267","1kmE3936N3142",62.260290000002
"8268","1kmE3936N3143",166.3092105
"8269","1kmE3936N3144",0
"8270","1kmE3936N3145",157.504274
"8271","1kmE3936N3146",0
"8272","1kmE3936N3147",98.7465009999996
"8273","1kmE3936N3148",0
"8274","1kmE3936N3149",123.545809000001
"8275","1kmE3936N3150",123.327154500001
"8276","1kmE3936N3151",309.088489
"8277","1kmE3936N3152",221.4715765
"8278","1kmE3936N3153",0
"8279","1kmE3936N3154",0
"8280","1kmE3936N3155",243.2091755
"8281","1kmE3936N3156",313.261931500001
"8282","1kmE3936N3157",190.941537500003
"8283","1kmE3936N3158",78.5102739999984
"8284","1kmE3936N3159",103.736564499999
"8285","1kmE3936N3160",136.4779155
"8286","1kmE3936N3161",176.165692999999
"8287","1kmE3936N3162",162.813093000001
"8288","1kmE3936N3163",0
"8289","1kmE3936N3164",0
"8290","1kmE3936N3165",64.8259594999981
"8291","1kmE3937N3084",0
"8292","1kmE3937N3085",0
"8293","1kmE3937N3086",0
"8294","1kmE3937N3087",0
"8295","1kmE3937N3088",67.1982129999997
"8296","1kmE3937N3089",0
"8297","1kmE3937N3090",144.6329575
"8298","1kmE3937N3091",69.3374599999997
"8299","1kmE3937N3092",29.8889705000001
"8300","1kmE3937N3093",0
"8301","1kmE3937N3094",44.8341875000006
"8302","1kmE3937N3095",0
"8303","1kmE3937N3096",0
"8304","1kmE3937N3097",0
"8305","1kmE3937N3098",0
"8306","1kmE3937N3099",205.3013885
"8307","1kmE3937N3100",0
"8308","1kmE3937N3101",0
"8309","1kmE3937N3102",29.8889705000001
"8310","1kmE3937N3103",724.5708485
"8311","1kmE3937N3104",1522.2591685
"8312","1kmE3937N3105",1499.897787
"8313","1kmE3937N3106",478.2533845
"8314","1kmE3937N3107",0
"8315","1kmE3937N3108",12.3415525
"8316","1kmE3937N3109",0
"8317","1kmE3937N3110",0
"8318","1kmE3937N3111",0
"8319","1kmE3937N3112",0
"8320","1kmE3937N3113",0
"8321","1kmE3937N3114",225.668424500001
"8322","1kmE3937N3115",214.001930500001
"8323","1kmE3937N3116",283.561018499999
"8324","1kmE3937N3117",0
"8325","1kmE3937N3118",0
"8326","1kmE3937N3119",0
"8327","1kmE3937N3120",0
"8328","1kmE3937N3121",0
"8329","1kmE3937N3122",0
"8330","1kmE3937N3123",0
"8331","1kmE3937N3124",0
"8332","1kmE3937N3125",0
"8333","1kmE3937N3126",261.623831000001
"8334","1kmE3937N3127",0
"8335","1kmE3937N3128",0
"8336","1kmE3937N3129",0
"8337","1kmE3937N3130",0
"8338","1kmE3937N3131",0
"8339","1kmE3937N3132",333.683032999999
"8340","1kmE3937N3133",0
"8341","1kmE3937N3134",0
"8342","1kmE3937N3135",0
"8343","1kmE3937N3136",0
"8344","1kmE3937N3137",0
"8345","1kmE3937N3138",0
"8346","1kmE3937N3139",82.9730680000011
"8347","1kmE3937N3140",126.552261999999
"8348","1kmE3937N3141",0
"8349","1kmE3937N3142",188.910163500001
"8350","1kmE3937N3143",99.5271680000005
"8351","1kmE3937N3144",0
"8352","1kmE3937N3145",98.7465009999996
"8353","1kmE3937N3146",0
"8354","1kmE3937N3147",0
"8355","1kmE3937N3148",0
"8356","1kmE3937N3149",419.346583
"8357","1kmE3937N3150",451.7241345
"8358","1kmE3937N3151",407.288071499999
"8359","1kmE3937N3152",946.782660499999
"8360","1kmE3937N3153",502.692093000001
"8361","1kmE3937N3154",254.499706999999
"8362","1kmE3937N3155",0
"8363","1kmE3937N3156",0
"8364","1kmE3937N3157",0
"8365","1kmE3937N3158",166.3092105
"8366","1kmE3937N3159",136.5302035
"8367","1kmE3937N3160",136.4779155
"8368","1kmE3937N3161",290.399501
"8369","1kmE3937N3162",124.772701999998
"8370","1kmE3937N3163",292.7976045
"8371","1kmE3937N3164",219.450983499999
"8372","1kmE3937N3165",218.870537000003
"8373","1kmE3937N3166",123.327155499999
"8374","1kmE3938N3084",0
"8375","1kmE3938N3085",0
"8376","1kmE3938N3086",0
"8377","1kmE3938N3087",111.0880535
"8378","1kmE3938N3088",34.772311499999
"8379","1kmE3938N3089",0
"8380","1kmE3938N3090",12.3415525
"8381","1kmE3938N3091",0
"8382","1kmE3938N3092",140.343837500001
"8383","1kmE3938N3093",0
"8384","1kmE3938N3094",0
"8385","1kmE3938N3095",0
"8386","1kmE3938N3096",29.8889705000001
"8387","1kmE3938N3097",98.7465010000014
"8388","1kmE3938N3098",0
"8389","1kmE3938N3099",0
"8390","1kmE3938N3100",428.913791499999
"8391","1kmE3938N3101",29.8889705000001
"8392","1kmE3938N3102",0
"8393","1kmE3938N3103",453.521286000001
"8394","1kmE3938N3104",1428.8303245
"8395","1kmE3938N3105",1349.70442
"8396","1kmE3938N3106",205.679232
"8397","1kmE3938N3107",0
"8398","1kmE3938N3108",0
"8399","1kmE3938N3109",0
"8400","1kmE3938N3110",0
"8401","1kmE3938N3111",0
"8402","1kmE3938N3112",19.0969534999986
"8403","1kmE3938N3113",0
"8404","1kmE3938N3114",0
"8405","1kmE3938N3115",0
"8406","1kmE3938N3116",0
"8407","1kmE3938N3117",0
"8408","1kmE3938N3118",0
"8409","1kmE3938N3119",98.7465009999996
"8410","1kmE3938N3120",123.327154499999
"8411","1kmE3938N3121",0
"8412","1kmE3938N3122",98.7465009999996
"8413","1kmE3938N3123",0
"8414","1kmE3938N3124",0
"8415","1kmE3938N3125",0
"8416","1kmE3938N3126",240.4335605
"8417","1kmE3938N3127",0
"8418","1kmE3938N3128",0
"8419","1kmE3938N3129",0
"8420","1kmE3938N3130",0
"8421","1kmE3938N3131",0
"8422","1kmE3938N3132",0
"8423","1kmE3938N3133",0
"8424","1kmE3938N3134",0
"8425","1kmE3938N3135",0
"8426","1kmE3938N3136",0
"8427","1kmE3938N3137",0
"8428","1kmE3938N3138",0
"8429","1kmE3938N3139",0
"8430","1kmE3938N3140",126.552261999999
"8431","1kmE3938N3141",0
"8432","1kmE3938N3142",0
"8433","1kmE3938N3143",0
"8434","1kmE3938N3144",0
"8435","1kmE3938N3145",0
"8436","1kmE3938N3146",0
"8437","1kmE3938N3147",249.682581499999
"8438","1kmE3938N3148",414.952756500001
"8439","1kmE3938N3149",314.6460315
"8440","1kmE3938N3150",616.603944499999
"8441","1kmE3938N3151",447.8820935
"8442","1kmE3938N3152",605.156267999999
"8443","1kmE3938N3153",254.499706999999
"8444","1kmE3938N3154",407.605838000001
"8445","1kmE3938N3155",0
"8446","1kmE3938N3156",0
"8447","1kmE3938N3157",123.327155500001
"8448","1kmE3938N3158",0
"8449","1kmE3938N3159",0
"8450","1kmE3938N3160",68.6851115000009
"8451","1kmE3938N3161",82.9730680000011
"8452","1kmE3938N3162",0
"8453","1kmE3938N3163",163.031683000001
"8454","1kmE3938N3164",0
"8455","1kmE3938N3165",0
"8456","1kmE3938N3166",101.4226425
"8457","1kmE3939N3085",75.9324244999989
"8458","1kmE3939N3086",0
"8459","1kmE3939N3087",0
"8460","1kmE3939N3088",12.3415525
"8461","1kmE3939N3089",0
"8462","1kmE3939N3090",12.434934500001
"8463","1kmE3939N3091",0
"8464","1kmE3939N3092",0
"8465","1kmE3939N3093",12.3415525
"8466","1kmE3939N3094",142.078427
"8467","1kmE3939N3095",0
"8468","1kmE3939N3096",0
"8469","1kmE3939N3097",29.8889705000001
"8470","1kmE3939N3098",29.8889705000001
"8471","1kmE3939N3099",0
"8472","1kmE3939N3100",0
"8473","1kmE3939N3101",0
"8474","1kmE3939N3102",141.4865255
"8475","1kmE3939N3103",373.154988999999
"8476","1kmE3939N3104",668.7884705
"8477","1kmE3939N3105",659.1609835
"8478","1kmE3939N3106",130.38622
"8479","1kmE3939N3107",0
"8480","1kmE3939N3108",0
"8481","1kmE3939N3109",82.3926214999992
"8482","1kmE3939N3110",12.3415525
"8483","1kmE3939N3111",70.051069000001
"8484","1kmE3939N3112",70.0510689999992
"8485","1kmE3939N3113",70.0510689999992
"8486","1kmE3939N3114",0
"8487","1kmE3939N3115",0
"8488","1kmE3939N3116",0
"8489","1kmE3939N3117",0
"8490","1kmE3939N3118",0
"8491","1kmE3939N3119",41.0986435000004
"8492","1kmE3939N3120",0
"8493","1kmE3939N3121",0
"8494","1kmE3939N3122",0
"8495","1kmE3939N3123",0
"8496","1kmE3939N3124",0
"8497","1kmE3939N3125",0
"8498","1kmE3939N3126",0
"8499","1kmE3939N3127",0
"8500","1kmE3939N3128",0
"8501","1kmE3939N3129",98.7465009999996
"8502","1kmE3939N3130",0
"8503","1kmE3939N3131",34.1637655000013
"8504","1kmE3939N3132",0
"8505","1kmE3939N3133",0
"8506","1kmE3939N3134",0
"8507","1kmE3939N3135",0
"8508","1kmE3939N3136",0
"8509","1kmE3939N3137",0
"8510","1kmE3939N3138",223.3169055
"8511","1kmE3939N3139",0
"8512","1kmE3939N3140",166.3092105
"8513","1kmE3939N3141",136.5302035
"8514","1kmE3939N3142",0
"8515","1kmE3939N3143",0
"8516","1kmE3939N3144",0
"8517","1kmE3939N3145",18.0806955000007
"8518","1kmE3939N3146",210.586383
"8519","1kmE3939N3147",462.464083500001
"8520","1kmE3939N3148",432.841044000001
"8521","1kmE3939N3149",0
"8522","1kmE3939N3150",249.976086499999
"8523","1kmE3939N3151",249.976086500001
"8524","1kmE3939N3152",258.341672499999
"8525","1kmE3939N3153",131.818800500001
"8526","1kmE3939N3154",0
"8527","1kmE3939N3155",0
"8528","1kmE3939N3156",0
"8529","1kmE3939N3157",0
"8530","1kmE3939N3158",70.0510689999992
"8531","1kmE3939N3159",0
"8532","1kmE3939N3160",123.327155500001
"8533","1kmE3939N3161",0
"8534","1kmE3939N3162",70.0510689999992
"8535","1kmE3939N3163",0
"8536","1kmE3939N3164",0
"8537","1kmE3939N3165",0
"8538","1kmE3939N3166",70.051069000001
"8539","1kmE3940N3083",0
"8540","1kmE3940N3084",0
"8541","1kmE3940N3085",166.3092105
"8542","1kmE3940N3086",0
"8543","1kmE3940N3087",0
"8544","1kmE3940N3088",166.3092105
"8545","1kmE3940N3089",0
"8546","1kmE3940N3090",12.434934500001
"8547","1kmE3940N3091",0
"8548","1kmE3940N3092",0
"8549","1kmE3940N3093",12.3415525
"8550","1kmE3940N3094",24.7764869999992
"8551","1kmE3940N3095",31.4385060000004
"8552","1kmE3940N3096",0
"8553","1kmE3940N3097",127.195697
"8554","1kmE3940N3098",12.3415525
"8555","1kmE3940N3099",12.3415525
"8556","1kmE3940N3100",136.530203499999
"8557","1kmE3940N3101",39.1972490000007
"8558","1kmE3940N3102",289.636365
"8559","1kmE3940N3103",462.711350499998
"8560","1kmE3940N3104",264.813679999999
"8561","1kmE3940N3105",0
"8562","1kmE3940N3106",0
"8563","1kmE3940N3107",56.9959075000006
"8564","1kmE3940N3108",0
"8565","1kmE3940N3109",76.3878165000006
"8566","1kmE3940N3110",96.705618
"8567","1kmE3940N3111",188.401633999998
"8568","1kmE3940N3112",247.919117499998
"8569","1kmE3940N3113",193.596877999997
"8570","1kmE3940N3114",0
"8571","1kmE3940N3115",0
"8572","1kmE3940N3116",0
"8573","1kmE3940N3117",0
"8574","1kmE3940N3118",0
"8575","1kmE3940N3119",0
"8576","1kmE3940N3120",0
"8577","1kmE3940N3121",31.601197
"8578","1kmE3940N3122",0
"8579","1kmE3940N3123",0
"8580","1kmE3940N3124",0
"8581","1kmE3940N3125",0
"8582","1kmE3940N3126",119.682620000001
"8583","1kmE3940N3127",0
"8584","1kmE3940N3128",0
"8585","1kmE3940N3129",0
"8586","1kmE3940N3130",0
"8587","1kmE3940N3131",179.6315125
"8588","1kmE3940N3132",0
"8589","1kmE3940N3133",157.5042735
"8590","1kmE3940N3134",272.423834499999
"8591","1kmE3940N3135",0
"8592","1kmE3940N3136",0
"8593","1kmE3940N3137",0
"8594","1kmE3940N3138",0
"8595","1kmE3940N3139",148.9393
"8596","1kmE3940N3140",0
"8597","1kmE3940N3141",0
"8598","1kmE3940N3142",0
"8599","1kmE3940N3143",0
"8600","1kmE3940N3144",12.3415525
"8601","1kmE3940N3145",185.761334500001
"8602","1kmE3940N3146",0
"8603","1kmE3940N3147",154.558610999999
"8604","1kmE3940N3148",0
"8605","1kmE3940N3149",0
"8606","1kmE3940N3150",399.154321
"8607","1kmE3940N3151",220.0481775
"8608","1kmE3940N3152",0
"8609","1kmE3940N3153",0
"8610","1kmE3940N3154",0
"8611","1kmE3940N3155",0
"8612","1kmE3940N3156",0
"8613","1kmE3940N3157",0
"8614","1kmE3940N3158",0
"8615","1kmE3940N3159",59.1630790000017
"8616","1kmE3940N3160",68.685111499999
"8617","1kmE3940N3161",0
"8618","1kmE3940N3162",0
"8619","1kmE3940N3163",0
"8620","1kmE3940N3164",70.051069000001
"8621","1kmE3940N3165",0
"8622","1kmE3940N3166",0
"8623","1kmE3941N3084",0
"8624","1kmE3941N3085",12.3415525
"8625","1kmE3941N3086",155.313814999998
"8626","1kmE3941N3087",84.2079725000003
"8627","1kmE3941N3088",185.092821999999
"8628","1kmE3941N3089",0
"8629","1kmE3941N3090",8.24862100000246
"8630","1kmE3941N3091",12.434934500001
"8631","1kmE3941N3092",141.40785
"8632","1kmE3941N3093",12.3415525
"8633","1kmE3941N3094",24.776487000001
"8634","1kmE3941N3095",12.3415525
"8635","1kmE3941N3096",0
"8636","1kmE3941N3097",0
"8637","1kmE3941N3098",154.051520499999
"8638","1kmE3941N3099",0
"8639","1kmE3941N3100",187.683879
"8640","1kmE3941N3101",259.857357999997
"8641","1kmE3941N3102",0
"8642","1kmE3941N3103",136.5302035
"8643","1kmE3941N3104",148.871756
"8644","1kmE3941N3105",166.3092105
"8645","1kmE3941N3106",0
"8646","1kmE3941N3107",0
"8647","1kmE3941N3108",0
"8648","1kmE3941N3109",265.175494500001
"8649","1kmE3941N3110",188.401633999998
"8650","1kmE3941N3111",109.047170499998
"8651","1kmE3941N3112",389.053821000001
"8652","1kmE3941N3113",382.521449
"8653","1kmE3941N3114",319.002752
"8654","1kmE3941N3115",66.5018484999982
"8655","1kmE3941N3116",0
"8656","1kmE3941N3117",0
"8657","1kmE3941N3118",47.4838675000001
"8658","1kmE3941N3119",0
"8659","1kmE3941N3120",0
"8660","1kmE3941N3121",0
"8661","1kmE3941N3122",0
"8662","1kmE3941N3123",0
"8663","1kmE3941N3124",0
"8664","1kmE3941N3125",151.314280999999
"8665","1kmE3941N3126",82.9730679999993
"8666","1kmE3941N3127",148.9393
"8667","1kmE3941N3128",0
"8668","1kmE3941N3129",84.5560879999994
"8669","1kmE3941N3130",94.3374194999997
"8670","1kmE3941N3131",0
"8671","1kmE3941N3132",0
"8672","1kmE3941N3133",0
"8673","1kmE3941N3134",136.530203499999
"8674","1kmE3941N3135",74.0875629999991
"8675","1kmE3941N3136",0
"8676","1kmE3941N3137",179.6315125
"8677","1kmE3941N3138",19.0969535000004
"8678","1kmE3941N3139",0
"8679","1kmE3941N3140",50.7782240000006
"8680","1kmE3941N3141",56.9959074999997
"8681","1kmE3941N3142",0
"8682","1kmE3941N3143",160.233864
"8683","1kmE3941N3144",0
"8684","1kmE3941N3145",136.4779155
"8685","1kmE3941N3146",29.8889705000001
"8686","1kmE3941N3147",0
"8687","1kmE3941N3148",0
"8688","1kmE3941N3149",156.253397499999
"8689","1kmE3941N3150",502.9107475
"8690","1kmE3941N3151",501.699014
"8691","1kmE3941N3152",0
"8692","1kmE3941N3153",98.7465009999996
"8693","1kmE3941N3154",0
"8694","1kmE3941N3155",0
"8695","1kmE3941N3156",0
"8696","1kmE3941N3157",185.761334499999
"8697","1kmE3941N3158",0
"8698","1kmE3941N3159",0
"8699","1kmE3941N3160",226.7357125
"8700","1kmE3941N3161",160.233864
"8701","1kmE3941N3162",0
"8702","1kmE3941N3163",205.000357000001
"8703","1kmE3941N3164",0
"8704","1kmE3941N3165",148.871755999999
"8705","1kmE3941N3166",163.683873
"8706","1kmE3942N3083",0
"8707","1kmE3942N3084",0
"8708","1kmE3942N3085",0
"8709","1kmE3942N3086",136.5302035
"8710","1kmE3942N3087",321.5707375
"8711","1kmE3942N3088",0
"8712","1kmE3942N3089",27.2660364999974
"8713","1kmE3942N3090",123.327155000003
"8714","1kmE3942N3091",53.9265019999984
"8715","1kmE3942N3092",30.4144789999991
"8716","1kmE3942N3093",24.776487000001
"8717","1kmE3942N3094",12.3415525
"8718","1kmE3942N3095",12.3415525
"8719","1kmE3942N3096",12.3415525
"8720","1kmE3942N3097",0
"8721","1kmE3942N3098",0
"8722","1kmE3942N3099",135.014519
"8723","1kmE3942N3100",135.014519
"8724","1kmE3942N3101",263.9164385
"8725","1kmE3942N3102",0
"8726","1kmE3942N3103",166.309210500001
"8727","1kmE3942N3104",136.530203499999
"8728","1kmE3942N3105",166.3092105
"8729","1kmE3942N3106",174.456979
"8730","1kmE3942N3107",0
"8731","1kmE3942N3108",0
"8732","1kmE3942N3109",227.423645500003
"8733","1kmE3942N3110",259.553676
"8734","1kmE3942N3111",12.3415524999982
"8735","1kmE3942N3112",82.392621500001
"8736","1kmE3942N3113",319.002752
"8737","1kmE3942N3114",195.456942999999
"8738","1kmE3942N3115",66.5018485000001
"8739","1kmE3942N3116",70.0510690000001
"8740","1kmE3942N3117",0
"8741","1kmE3942N3118",0
"8742","1kmE3942N3119",0
"8743","1kmE3942N3120",0
"8744","1kmE3942N3121",0
"8745","1kmE3942N3122",0
"8746","1kmE3942N3123",0
"8747","1kmE3942N3124",0
"8748","1kmE3942N3125",0
"8749","1kmE3942N3126",0
"8750","1kmE3942N3127",0
"8751","1kmE3942N3128",134.226483500001
"8752","1kmE3942N3129",258.421802999997
"8753","1kmE3942N3130",396.831064
"8754","1kmE3942N3131",134.226483500001
"8755","1kmE3942N3132",0
"8756","1kmE3942N3133",0
"8757","1kmE3942N3134",0
"8758","1kmE3942N3135",0
"8759","1kmE3942N3136",0
"8760","1kmE3942N3137",174.571061999999
"8761","1kmE3942N3138",0
"8762","1kmE3942N3139",0
"8763","1kmE3942N3140",204.861124999999
"8764","1kmE3942N3141",0
"8765","1kmE3942N3142",0
"8766","1kmE3942N3143",160.233864
"8767","1kmE3942N3144",145.320199
"8768","1kmE3942N3145",0
"8769","1kmE3942N3146",97.5367235000012
"8770","1kmE3942N3147",0
"8771","1kmE3942N3148",0
"8772","1kmE3942N3149",332.0952715
"8773","1kmE3942N3150",810.537092
"8774","1kmE3942N3151",1333.4580195
"8775","1kmE3942N3152",761.5787645
"8776","1kmE3942N3153",383.543394999999
"8777","1kmE3942N3154",0
"8778","1kmE3942N3155",0
"8779","1kmE3942N3156",0
"8780","1kmE3942N3157",0
"8781","1kmE3942N3158",0
"8782","1kmE3942N3159",0
"8783","1kmE3942N3160",443.6004605
"8784","1kmE3942N3164",151.786890000001
"8785","1kmE3942N3165",0
"8786","1kmE3942N3166",0
"8787","1kmE3943N3084",31.0509665000009
"8788","1kmE3943N3085",273.008119
"8789","1kmE3943N3086",136.477915500001
"8790","1kmE3943N3087",0
"8791","1kmE3943N3088",276.874041000001
"8792","1kmE3943N3089",123.327154500003
"8793","1kmE3943N3090",19.0969535000004
"8794","1kmE3943N3091",0
"8795","1kmE3943N3092",224.749797
"8796","1kmE3943N3093",176.391899000002
"8797","1kmE3943N3094",12.4349344999973
"8798","1kmE3943N3095",135.762089
"8799","1kmE3943N3096",0
"8800","1kmE3943N3097",0
"8801","1kmE3943N3098",0
"8802","1kmE3943N3099",27.8817195000011
"8803","1kmE3943N3100",36.3152710000013
"8804","1kmE3943N3101",12.3415525
"8805","1kmE3943N3102",166.3092105
"8806","1kmE3943N3103",166.3092105
"8807","1kmE3943N3104",0
"8808","1kmE3943N3105",0
"8809","1kmE3943N3106",0
"8810","1kmE3943N3107",0
"8811","1kmE3943N3108",0
"8812","1kmE3943N3109",166.3092105
"8813","1kmE3943N3110",166.3092105
"8814","1kmE3943N3111",0
"8815","1kmE3943N3112",185.761334500001
"8816","1kmE3943N3113",82.9730680000011
"8817","1kmE3943N3114",0
"8818","1kmE3943N3115",0
"8819","1kmE3943N3116",0
"8820","1kmE3943N3117",0
"8821","1kmE3943N3118",0
"8822","1kmE3943N3119",0
"8823","1kmE3943N3120",0
"8824","1kmE3943N3121",0
"8825","1kmE3943N3122",0
"8826","1kmE3943N3123",0
"8827","1kmE3943N3124",0
"8828","1kmE3943N3125",0
"8829","1kmE3943N3126",0
"8830","1kmE3943N3127",0
"8831","1kmE3943N3128",134.226483499999
"8832","1kmE3943N3129",577.6790655
"8833","1kmE3943N3130",288.392484000002
"8834","1kmE3943N3131",0
"8835","1kmE3943N3132",50.7782239999997
"8836","1kmE3943N3133",0
"8837","1kmE3943N3134",0
"8838","1kmE3943N3135",136.530204000001
"8839","1kmE3943N3136",0
"8840","1kmE3943N3137",383.687572499999
"8841","1kmE3943N3138",165.944714
"8842","1kmE3943N3139",0
"8843","1kmE3943N3140",0
"8844","1kmE3943N3141",0
"8845","1kmE3943N3142",20.5901734999989
"8846","1kmE3943N3143",160.233864
"8847","1kmE3943N3144",128.5301225
"8848","1kmE3943N3145",212.315102500001
"8849","1kmE3943N3146",0
"8850","1kmE3943N3147",231.450990500001
"8851","1kmE3943N3148",66.5018485000001
"8852","1kmE3943N3149",181.2484395
"8853","1kmE3943N3150",554.12686
"8854","1kmE3943N3151",744.408519999999
"8855","1kmE3943N3152",1163.0279245
"8856","1kmE3943N3153",702.8001675
"8857","1kmE3943N3154",514.379456500001
"8858","1kmE3943N3155",142.7239525
"8859","1kmE3943N3156",0
"8860","1kmE3943N3157",0
"8861","1kmE3943N3158",0
"8862","1kmE3943N3159",0
"8863","1kmE3943N3160",0
"8864","1kmE3944N3084",0
"8865","1kmE3944N3085",136.4779155
"8866","1kmE3944N3089",0
"8867","1kmE3944N3090",156.413071999999
"8868","1kmE3944N3091",44.8341875000006
"8869","1kmE3944N3092",135.668708000001
"8870","1kmE3944N3093",106.114624
"8871","1kmE3944N3094",0
"8872","1kmE3944N3095",0
"8873","1kmE3944N3096",282.232646999999
"8874","1kmE3944N3097",132.714291
"8875","1kmE3944N3098",0
"8876","1kmE3944N3099",0
"8877","1kmE3944N3100",123.644497500001
"8878","1kmE3944N3101",36.3152709999995
"8879","1kmE3944N3102",256.435319
"8880","1kmE3944N3103",123.327154499999
"8881","1kmE3944N3104",0
"8882","1kmE3944N3105",0
"8883","1kmE3944N3106",123.327154500001
"8884","1kmE3944N3107",371.2559975
"8885","1kmE3944N3108",206.5812725
"8886","1kmE3944N3109",206.581272500001
"8887","1kmE3944N3110",0
"8888","1kmE3944N3111",0
"8889","1kmE3944N3112",0
"8890","1kmE3944N3113",136.5302035
"8891","1kmE3944N3114",0
"8892","1kmE3944N3115",0
"8893","1kmE3944N3116",0
"8894","1kmE3944N3117",0
"8895","1kmE3944N3118",83.8705165000001
"8896","1kmE3944N3119",0
"8897","1kmE3944N3120",0
"8898","1kmE3944N3121",0
"8899","1kmE3944N3122",0
"8900","1kmE3944N3123",0
"8901","1kmE3944N3124",0
"8902","1kmE3944N3125",0
"8903","1kmE3944N3126",148.9393
"8904","1kmE3944N3127",134.226483500001
"8905","1kmE3944N3128",0
"8906","1kmE3944N3129",402.960886000001
"8907","1kmE3944N3130",445.915034999998
"8908","1kmE3944N3131",257.553639
"8909","1kmE3944N3132",0
"8910","1kmE3944N3133",0
"8911","1kmE3944N3134",0
"8912","1kmE3944N3135",78.4035954999999
"8913","1kmE3944N3136",610.4840955
"8914","1kmE3944N3137",832.529957000002
"8915","1kmE3944N3138",420.290378999998
"8916","1kmE3944N3139",167.215862000001
"8917","1kmE3944N3140",0
"8918","1kmE3944N3141",0
"8919","1kmE3944N3142",0
"8920","1kmE3944N3143",0
"8921","1kmE3944N3144",66.5018485000001
"8922","1kmE3944N3145",210.479985
"8923","1kmE3944N3146",89.7515489999996
"8924","1kmE3944N3147",179.631513
"8925","1kmE3944N3148",66.5018485000001
"8926","1kmE3944N3149",92.7620239999997
"8927","1kmE3944N3150",210.479985
"8928","1kmE3944N3151",829.089489999998
"8929","1kmE3944N3152",1058.702973
"8930","1kmE3944N3153",1030.8202395
"8931","1kmE3944N3154",788.54306
"8932","1kmE3944N3155",265.558405500002
"8933","1kmE3944N3156",0
"8934","1kmE3944N3157",0
"8935","1kmE3944N3158",0
"8936","1kmE3944N3159",0
"8937","1kmE3944N3160",0
"8938","1kmE3945N3089",0
"8939","1kmE3945N3090",168.799657000001
"8940","1kmE3945N3091",183.359543999999
"8941","1kmE3945N3092",31.4385059999986
"8942","1kmE3945N3093",19.0969535000004
"8943","1kmE3945N3094",0
"8944","1kmE3945N3095",173.8115975
"8945","1kmE3945N3096",123.327154500003
"8946","1kmE3945N3097",0
"8947","1kmE3945N3098",0
"8948","1kmE3945N3099",12.3415525
"8949","1kmE3945N3100",0
"8950","1kmE3945N3101",219.7291245
"8951","1kmE3945N3102",166.3092105
"8952","1kmE3945N3103",0
"8953","1kmE3945N3104",0
"8954","1kmE3945N3105",0
"8955","1kmE3945N3106",0
"8956","1kmE3945N3107",0
"8957","1kmE3945N3108",0
"8958","1kmE3945N3109",178.650763000001
"8959","1kmE3945N3110",0
"8960","1kmE3945N3111",68.6851115000009
"8961","1kmE3945N3112",123.327155
"8962","1kmE3945N3113",0
"8963","1kmE3945N3114",0
"8964","1kmE3945N3115",0
"8965","1kmE3945N3116",0
"8966","1kmE3945N3117",0
"8967","1kmE3945N3118",0
"8968","1kmE3945N3119",0
"8969","1kmE3945N3120",0
"8970","1kmE3945N3121",0
"8971","1kmE3945N3122",0
"8972","1kmE3945N3123",0
"8973","1kmE3945N3124",0
"8974","1kmE3945N3125",0
"8975","1kmE3945N3126",134.226483500001
"8976","1kmE3945N3127",134.226483499999
"8977","1kmE3945N3128",0
"8978","1kmE3945N3129",308.677434000001
"8979","1kmE3945N3130",478.5551825
"8980","1kmE3945N3131",471.576524
"8981","1kmE3945N3132",276.755562
"8982","1kmE3945N3133",123.3271555
"8983","1kmE3945N3134",160.233864
"8984","1kmE3945N3135",0
"8985","1kmE3945N3136",179.6315125
"8986","1kmE3945N3137",546.661364
"8987","1kmE3945N3138",123.545809000001
"8988","1kmE3945N3139",0
"8989","1kmE3945N3140",0
"8990","1kmE3945N3141",98.7465009999996
"8991","1kmE3945N3142",0
"8992","1kmE3945N3143",157.504274
"8993","1kmE3945N3144",66.5018485000001
"8994","1kmE3945N3145",242.583192499998
"8995","1kmE3945N3146",152.011839000001
"8996","1kmE3945N3147",0
"8997","1kmE3945N3148",0
"8998","1kmE3945N3149",0
"8999","1kmE3945N3150",0
"9000","1kmE3945N3151",475.198212499999
"9001","1kmE3945N3152",554.887319999998
"9002","1kmE3945N3153",789.345933000001
"9003","1kmE3945N3154",1032.722004
"9004","1kmE3945N3155",511.903461
"9005","1kmE3945N3156",0
"9006","1kmE3945N3157",12.3415525
"9007","1kmE3945N3158",0
"9008","1kmE3945N3159",0
"9009","1kmE3945N3160",0
"9010","1kmE3946N3089",0
"9011","1kmE3946N3090",257.660421499999
"9012","1kmE3946N3091",172.675743
"9013","1kmE3946N3092",31.4385060000022
"9014","1kmE3946N3093",70.9172805000017
"9015","1kmE3946N3094",0
"9016","1kmE3946N3095",0
"9017","1kmE3946N3096",67.1982129999997
"9018","1kmE3946N3097",0
"9019","1kmE3946N3098",0
"9020","1kmE3946N3099",0
"9021","1kmE3946N3100",33.9677900000006
"9022","1kmE3946N3101",111.302945000001
"9023","1kmE3946N3102",175.1343175
"9024","1kmE3946N3103",0
"9025","1kmE3946N3104",98.7465009999996
"9026","1kmE3946N3105",0
"9027","1kmE3946N3106",0
"9028","1kmE3946N3107",0
"9029","1kmE3946N3108",0
"9030","1kmE3946N3109",147.345096499999
"9031","1kmE3946N3110",191.015149499999
"9032","1kmE3946N3111",43.6700529999998
"9033","1kmE3946N3112",66.5018485000001
"9034","1kmE3946N3113",153.546329
"9035","1kmE3946N3114",0
"9036","1kmE3946N3115",0
"9037","1kmE3946N3116",0
"9038","1kmE3946N3117",50.7200000000003
"9039","1kmE3946N3118",0
"9040","1kmE3946N3119",0
"9041","1kmE3946N3120",0
"9042","1kmE3946N3121",185.761334500001
"9043","1kmE3946N3122",0
"9044","1kmE3946N3123",0
"9045","1kmE3946N3124",0
"9046","1kmE3946N3125",0
"9047","1kmE3946N3126",59.1630789999999
"9048","1kmE3946N3127",0
"9049","1kmE3946N3128",0
"9050","1kmE3946N3129",195.456942999999
"9051","1kmE3946N3130",240.7387965
"9052","1kmE3946N3131",291.6607315
"9053","1kmE3946N3132",440.262526999999
"9054","1kmE3946N3133",0
"9055","1kmE3946N3134",70.0510689999992
"9056","1kmE3946N3135",0
"9057","1kmE3946N3136",0
"9058","1kmE3946N3137",0
"9059","1kmE3946N3138",0
"9060","1kmE3946N3139",0
"9061","1kmE3946N3140",67.1982129999997
"9062","1kmE3946N3141",0
"9063","1kmE3946N3142",0
"9064","1kmE3946N3143",157.504274
"9065","1kmE3946N3144",165.2483495
"9066","1kmE3946N3145",337.222821000001
"9067","1kmE3946N3146",242.5831925
"9068","1kmE3946N3147",189.829003000001
"9069","1kmE3946N3148",0
"9070","1kmE3946N3149",0
"9071","1kmE3946N3150",0
"9072","1kmE3946N3151",0
"9073","1kmE3946N3152",229.292228
"9074","1kmE3946N3153",371.196455500001
"9075","1kmE3946N3154",953.921056499999
"9076","1kmE3946N3155",288.3170935
"9077","1kmE3946N3156",0
"9078","1kmE3946N3157",0
"9079","1kmE3946N3158",0
"9080","1kmE3946N3159",0
"9081","1kmE3946N3160",0
"9082","1kmE3947N3088",0
"9083","1kmE3947N3089",160.233864
"9084","1kmE3947N3090",383.454535999999
"9085","1kmE3947N3091",0
"9086","1kmE3947N3092",12.4349344999991
"9087","1kmE3947N3093",12.3415525
"9088","1kmE3947N3094",147.3560705
"9089","1kmE3947N3095",135.014518
"9090","1kmE3947N3096",27.8817194999992
"9091","1kmE3947N3097",89.1480225000014
"9092","1kmE3947N3098",123.327154999999
"9093","1kmE3947N3099",206.300223
"9094","1kmE3947N3100",0
"9095","1kmE3947N3101",46.9948534999985
"9096","1kmE3947N3102",0
"9097","1kmE3947N3103",0
"9098","1kmE3947N3104",123.327154500001
"9099","1kmE3947N3105",0
"9100","1kmE3947N3106",0
"9101","1kmE3947N3107",0
"9102","1kmE3947N3108",0
"9103","1kmE3947N3109",0
"9104","1kmE3947N3110",0
"9105","1kmE3947N3111",189.829003500001
"9106","1kmE3947N3112",66.5018485000001
"9107","1kmE3947N3113",0
"9108","1kmE3947N3114",82.9730680000011
"9109","1kmE3947N3115",12.3415525
"9110","1kmE3947N3116",0
"9111","1kmE3947N3117",0
"9112","1kmE3947N3118",126.552261999999
"9113","1kmE3947N3119",0
"9114","1kmE3947N3120",0
"9115","1kmE3947N3121",0
"9116","1kmE3947N3122",0
"9117","1kmE3947N3123",0
"9118","1kmE3947N3124",0
"9119","1kmE3947N3125",0
"9120","1kmE3947N3126",0
"9121","1kmE3947N3127",0
"9122","1kmE3947N3128",0
"9123","1kmE3947N3129",0
"9124","1kmE3947N3130",28.4786674999996
"9125","1kmE3947N3131",123.327155500001
"9126","1kmE3947N3132",277.464366
"9127","1kmE3947N3133",123.3271555
"9128","1kmE3947N3134",0
"9129","1kmE3947N3135",0
"9130","1kmE3947N3136",0
"9131","1kmE3947N3137",0
"9132","1kmE3947N3138",23.720765
"9133","1kmE3947N3139",0
"9134","1kmE3947N3140",136.5302035
"9135","1kmE3947N3141",0
"9136","1kmE3947N3142",0
"9137","1kmE3947N3143",0
"9138","1kmE3947N3144",166.029016500001
"9139","1kmE3947N3145",195.031971
"9140","1kmE3947N3146",21.0445090000003
"9141","1kmE3947N3147",66.5018485000001
"9142","1kmE3947N3148",0
"9143","1kmE3947N3149",39.7444324999997
"9144","1kmE3947N3150",154.051520999999
"9145","1kmE3947N3151",199.056557000002
"9146","1kmE3947N3152",0
"9147","1kmE3947N3153",265.5584055
"9148","1kmE3947N3154",615.193611000002
"9149","1kmE3947N3155",0
"9150","1kmE3947N3156",0
"9151","1kmE3947N3157",0
"9152","1kmE3947N3158",0
"9153","1kmE3947N3159",0
"9154","1kmE3947N3160",0
"9155","1kmE3948N3088",133.751292000001
"9156","1kmE3948N3089",302.787125999999
"9157","1kmE3948N3090",0
"9158","1kmE3948N3091",0
"9159","1kmE3948N3092",0
"9160","1kmE3948N3093",0
"9161","1kmE3948N3094",196.8640275
"9162","1kmE3948N3095",162.896237499999
"9163","1kmE3948N3096",0
"9164","1kmE3948N3097",12.4349344999973
"9165","1kmE3948N3098",224.380918499999
"9166","1kmE3948N3099",202.757017
"9167","1kmE3948N3100",263.265151000003
"9168","1kmE3948N3101",0
"9169","1kmE3948N3102",0
"9170","1kmE3948N3103",312.4148465
"9171","1kmE3948N3104",166.3092105
"9172","1kmE3948N3105",199.64998
"9173","1kmE3948N3106",123.327154500001
"9174","1kmE3948N3107",0
"9175","1kmE3948N3108",0
"9176","1kmE3948N3109",0
"9177","1kmE3948N3110",0
"9178","1kmE3948N3111",0
"9179","1kmE3948N3112",174.456979
"9180","1kmE3948N3113",0
"9181","1kmE3948N3114",0
"9182","1kmE3948N3115",0
"9183","1kmE3948N3116",0
"9184","1kmE3948N3117",136.477915500001
"9185","1kmE3948N3118",0
"9186","1kmE3948N3119",0
"9187","1kmE3948N3120",0
"9188","1kmE3948N3121",0
"9189","1kmE3948N3122",98.7465009999996
"9190","1kmE3948N3123",0
"9191","1kmE3948N3124",0
"9192","1kmE3948N3125",76.3878165000006
"9193","1kmE3948N3126",84.5560880000012
"9194","1kmE3948N3127",95.4130774999994
"9195","1kmE3948N3128",0
"9196","1kmE3948N3129",0
"9197","1kmE3948N3130",0
"9198","1kmE3948N3131",0
"9199","1kmE3948N3132",123.545809000001
"9200","1kmE3948N3133",62.2602900000002
"9201","1kmE3948N3134",12.3415525
"9202","1kmE3948N3135",185.7613345
"9203","1kmE3948N3136",0
"9204","1kmE3948N3137",0
"9205","1kmE3948N3138",0
"9206","1kmE3948N3139",0
"9207","1kmE3948N3140",6.02403950000007
"9208","1kmE3948N3141",0
"9209","1kmE3948N3142",0
"9210","1kmE3948N3143",0
"9211","1kmE3948N3144",0
"9212","1kmE3948N3145",0
"9213","1kmE3948N3146",0
"9214","1kmE3948N3147",0
"9215","1kmE3948N3148",22.9752130000015
"9216","1kmE3948N3149",138.237633499997
"9217","1kmE3948N3150",123.327154499999
"9218","1kmE3948N3151",151.786889999999
"9219","1kmE3948N3152",0
"9220","1kmE3948N3153",174.456979000001
"9221","1kmE3948N3154",350.538323000001
"9222","1kmE3948N3155",131.818800499999
"9223","1kmE3948N3156",87.5463575000003
"9224","1kmE3948N3157",0
"9225","1kmE3948N3158",0
"9226","1kmE3948N3159",0
"9227","1kmE3949N3088",0
"9228","1kmE3949N3089",0
"9229","1kmE3949N3090",0
"9230","1kmE3949N3091",0
"9231","1kmE3949N3092",0
"9232","1kmE3949N3093",96.7633089999999
"9233","1kmE3949N3094",28.669265999999
"9234","1kmE3949N3095",50.7199999999993
"9235","1kmE3949N3096",24.0481555000006
"9236","1kmE3949N3097",163.7492155
"9237","1kmE3949N3098",249.879417
"9238","1kmE3949N3099",309.799238
"9239","1kmE3949N3100",246.6777325
"9240","1kmE3949N3101",18.0806955000007
"9241","1kmE3949N3102",82.9730679999993
"9242","1kmE3949N3103",95.3146204999975
"9243","1kmE3949N3104",136.530203500002
"9244","1kmE3949N3105",259.857357999999
"9245","1kmE3949N3106",259.857358499999
"9246","1kmE3949N3107",12.3415525
"9247","1kmE3949N3108",0
"9248","1kmE3949N3109",0
"9249","1kmE3949N3110",0
"9250","1kmE3949N3111",284.507835500001
"9251","1kmE3949N3112",0
"9252","1kmE3949N3113",0
"9253","1kmE3949N3114",0
"9254","1kmE3949N3115",29.8889705000001
"9255","1kmE3949N3116",0
"9256","1kmE3949N3117",0
"9257","1kmE3949N3118",0
"9258","1kmE3949N3119",0
"9259","1kmE3949N3120",53.522669
"9260","1kmE3949N3121",0
"9261","1kmE3949N3122",98.7465009999996
"9262","1kmE3949N3123",0
"9263","1kmE3949N3124",0
"9264","1kmE3949N3125",0
"9265","1kmE3949N3126",0
"9266","1kmE3949N3127",0
"9267","1kmE3949N3128",0
"9268","1kmE3949N3129",0
"9269","1kmE3949N3130",27.1536695000004
"9270","1kmE3949N3131",27.1536695000013
"9271","1kmE3949N3132",43.6700529999998
"9272","1kmE3949N3133",0
"9273","1kmE3949N3134",0
"9274","1kmE3949N3135",150.948812000001
"9275","1kmE3949N3136",0
"9276","1kmE3949N3137",0
"9277","1kmE3949N3138",0
"9278","1kmE3949N3139",96.688946000002
"9279","1kmE3949N3140",6.02403950000007
"9280","1kmE3949N3141",143.9781365
"9281","1kmE3949N3142",0
"9282","1kmE3949N3143",98.7465009999996
"9283","1kmE3949N3144",0
"9284","1kmE3949N3145",0
"9285","1kmE3949N3146",0
"9286","1kmE3949N3147",0
"9287","1kmE3949N3148",0
"9288","1kmE3949N3149",0
"9289","1kmE3949N3150",160.2338645
"9290","1kmE3949N3151",0
"9291","1kmE3949N3152",0
"9292","1kmE3949N3153",0
"9293","1kmE3949N3154",0
"9294","1kmE3949N3155",0
"9295","1kmE3949N3156",43.6700529999998
"9296","1kmE3949N3157",66.5018485000001
"9297","1kmE3949N3158",0
"9298","1kmE3949N3159",0
"9299","1kmE3950N3089",0
"9300","1kmE3950N3090",0
"9301","1kmE3950N3091",0
"9302","1kmE3950N3092",0
"9303","1kmE3950N3093",0
"9304","1kmE3950N3094",0
"9305","1kmE3950N3095",36.3152709999995
"9306","1kmE3950N3096",166.453023999999
"9307","1kmE3950N3097",135.014518
"9308","1kmE3950N3098",123.327155000001
"9309","1kmE3950N3099",173.386500499999
"9310","1kmE3950N3100",235.280246999999
"9311","1kmE3950N3101",207.023969999998
"9312","1kmE3950N3102",0
"9313","1kmE3950N3103",12.3415525000019
"9314","1kmE3950N3104",70.051069000001
"9315","1kmE3950N3105",50.7782239999997
"9316","1kmE3950N3106",123.327154499999
"9317","1kmE3950N3107",12.3415525
"9318","1kmE3950N3108",0
"9319","1kmE3950N3109",0
"9320","1kmE3950N3110",0
"9321","1kmE3950N3111",0
"9322","1kmE3950N3112",0
"9323","1kmE3950N3113",0
"9324","1kmE3950N3114",0
"9325","1kmE3950N3115",0
"9326","1kmE3950N3116",0
"9327","1kmE3950N3117",0
"9328","1kmE3950N3118",0
"9329","1kmE3950N3119",0
"9330","1kmE3950N3120",0
"9331","1kmE3950N3121",175.031013
"9332","1kmE3950N3122",290.170738999999
"9333","1kmE3950N3123",0
"9334","1kmE3950N3124",0
"9335","1kmE3950N3125",0
"9336","1kmE3950N3126",0
"9337","1kmE3950N3127",0
"9338","1kmE3950N3128",0
"9339","1kmE3950N3129",0
"9340","1kmE3950N3130",30.414479
"9341","1kmE3950N3131",0
"9342","1kmE3950N3132",129.189498
"9343","1kmE3950N3133",0
"9344","1kmE3950N3134",0
"9345","1kmE3950N3135",0
"9346","1kmE3950N3136",8.24862099999882
"9347","1kmE3950N3137",0
"9348","1kmE3950N3138",0
"9349","1kmE3950N3139",67.1982129999997
"9350","1kmE3950N3140",144.522548000001
"9351","1kmE3950N3141",0
"9352","1kmE3950N3142",0
"9353","1kmE3950N3143",0
"9354","1kmE3950N3144",0
"9355","1kmE3950N3145",0
"9356","1kmE3950N3146",0
"9357","1kmE3950N3147",0
"9358","1kmE3950N3148",0
"9359","1kmE3950N3149",0
"9360","1kmE3950N3150",0
"9361","1kmE3950N3151",0
"9362","1kmE3950N3152",0
"9363","1kmE3950N3153",0
"9364","1kmE3950N3154",0
"9365","1kmE3950N3155",0
"9366","1kmE3950N3156",0
"9367","1kmE3950N3157",0
"9368","1kmE3950N3158",0
"9369","1kmE3950N3159",0
"9370","1kmE3950N3160",0
"9371","1kmE3950N3161",398.483025000001
"9372","1kmE3951N3090",0
"9373","1kmE3951N3091",0
"9374","1kmE3951N3092",67.854460999999
"9375","1kmE3951N3093",82.9730679999993
"9376","1kmE3951N3094",0
"9377","1kmE3951N3095",12.3415524999982
"9378","1kmE3951N3096",135.014518
"9379","1kmE3951N3097",156.3647225
"9380","1kmE3951N3098",282.9169845
"9381","1kmE3951N3099",0
"9382","1kmE3951N3100",0
"9383","1kmE3951N3101",22.9467385000007
"9384","1kmE3951N3102",104.323272499998
"9385","1kmE3951N3103",6.02403950000007
"9386","1kmE3951N3104",0
"9387","1kmE3951N3105",0
"9388","1kmE3951N3106",0
"9389","1kmE3951N3107",0
"9390","1kmE3951N3108",12.3415525000019
"9391","1kmE3951N3109",12.3415525
"9392","1kmE3951N3110",0
"9393","1kmE3951N3111",117.843454
"9394","1kmE3951N3112",0
"9395","1kmE3951N3113",0
"9396","1kmE3951N3114",27.8817194999992
"9397","1kmE3951N3115",0
"9398","1kmE3951N3116",0
"9399","1kmE3951N3117",0
"9400","1kmE3951N3118",0
"9401","1kmE3951N3119",0
"9402","1kmE3951N3120",99.3137264999996
"9403","1kmE3951N3121",220.863878
"9404","1kmE3951N3122",123.327154499999
"9405","1kmE3951N3123",0
"9406","1kmE3951N3124",0
"9407","1kmE3951N3125",0
"9408","1kmE3951N3126",0
"9409","1kmE3951N3127",0
"9410","1kmE3951N3128",0
"9411","1kmE3951N3129",0
"9412","1kmE3951N3130",99.5271679999996
"9413","1kmE3951N3131",126.6808375
"9414","1kmE3951N3132",44.2392765000004
"9415","1kmE3951N3133",0
"9416","1kmE3951N3134",0
"9417","1kmE3951N3135",144.7265365
"9418","1kmE3951N3136",557.088004000001
"9419","1kmE3951N3137",185.761334499999
"9420","1kmE3951N3138",106.114624
"9421","1kmE3951N3139",0
"9422","1kmE3951N3140",0
"9423","1kmE3951N3141",0
"9424","1kmE3951N3142",0
"9425","1kmE3951N3143",0
"9426","1kmE3951N3144",111.302945
"9427","1kmE3951N3145",0
"9428","1kmE3951N3146",0
"9429","1kmE3951N3147",0
"9430","1kmE3951N3148",0
"9431","1kmE3951N3149",0
"9432","1kmE3951N3150",12.3415525
"9433","1kmE3951N3151",0
"9434","1kmE3951N3152",0
"9435","1kmE3951N3153",0
"9436","1kmE3951N3154",65.5211245
"9437","1kmE3951N3155",0
"9438","1kmE3951N3156",0
"9439","1kmE3951N3157",0
"9440","1kmE3951N3158",0
"9441","1kmE3951N3159",0
"9442","1kmE3951N3160",0
"9443","1kmE3951N3161",84.3147024999998
"9444","1kmE3951N3162",539.888553500001
"9445","1kmE3952N3089",0
"9446","1kmE3952N3090",0
"9447","1kmE3952N3091",204.384665
"9448","1kmE3952N3092",48.7575075000004
"9449","1kmE3952N3093",0
"9450","1kmE3952N3094",27.8817194999992
"9451","1kmE3952N3095",0
"9452","1kmE3952N3096",99.5271680000005
"9453","1kmE3952N3097",0
"9454","1kmE3952N3098",246.1025715
"9455","1kmE3952N3099",0
"9456","1kmE3952N3100",12.3415525
"9457","1kmE3952N3101",25.2262905000007
"9458","1kmE3952N3102",12.3415525
"9459","1kmE3952N3103",18.3655920000019
"9460","1kmE3952N3104",519.593251000002
"9461","1kmE3952N3105",485.451667500001
"9462","1kmE3952N3106",136.5302035
"9463","1kmE3952N3107",18.2398979999998
"9464","1kmE3952N3108",12.3415524999982
"9465","1kmE3952N3109",12.3415525
"9466","1kmE3952N3110",0
"9467","1kmE3952N3111",0
"9468","1kmE3952N3112",0
"9469","1kmE3952N3113",0
"9470","1kmE3952N3114",0
"9471","1kmE3952N3115",0
"9472","1kmE3952N3116",185.7613345
"9473","1kmE3952N3117",0
"9474","1kmE3952N3118",0
"9475","1kmE3952N3119",0
"9476","1kmE3952N3120",0
"9477","1kmE3952N3121",99.3137264999996
"9478","1kmE3952N3122",0
"9479","1kmE3952N3123",0
"9480","1kmE3952N3124",0
"9481","1kmE3952N3125",102.4571755
"9482","1kmE3952N3126",0
"9483","1kmE3952N3127",0
"9484","1kmE3952N3128",0
"9485","1kmE3952N3129",0
"9486","1kmE3952N3130",165.5236995
"9487","1kmE3952N3131",52.3799600000002
"9488","1kmE3952N3132",21.3502045000005
"9489","1kmE3952N3133",0
"9490","1kmE3952N3134",98.7465009999996
"9491","1kmE3952N3135",14.2726605000007
"9492","1kmE3952N3136",359.226506999999
"9493","1kmE3952N3137",75.4468340000003
"9494","1kmE3952N3138",0
"9495","1kmE3952N3139",0
"9496","1kmE3952N3140",0
"9497","1kmE3952N3141",0
"9498","1kmE3952N3142",0
"9499","1kmE3952N3143",0
"9500","1kmE3952N3144",0
"9501","1kmE3952N3145",0
"9502","1kmE3952N3146",0
"9503","1kmE3952N3147",0
"9504","1kmE3952N3148",183.209077
"9505","1kmE3952N3149",252.995887999999
"9506","1kmE3952N3150",0
"9507","1kmE3952N3151",185.761335
"9508","1kmE3952N3152",0
"9509","1kmE3952N3153",0
"9510","1kmE3952N3154",0
"9511","1kmE3952N3155",0
"9512","1kmE3952N3156",0
"9513","1kmE3952N3157",0
"9514","1kmE3952N3158",70.0510689999992
"9515","1kmE3952N3159",0
"9516","1kmE3952N3160",0
"9517","1kmE3952N3161",280.531053999999
"9518","1kmE3952N3162",342.7430635
"9519","1kmE3952N3163",342.7430635
"9520","1kmE3953N3089",29.8889704999992
"9521","1kmE3953N3090",0
"9522","1kmE3953N3091",123.3271545
"9523","1kmE3953N3092",0
"9524","1kmE3953N3093",0
"9525","1kmE3953N3094",0
"9526","1kmE3953N3095",138.1612045
"9527","1kmE3953N3096",82.9730680000011
"9528","1kmE3953N3097",0
"9529","1kmE3953N3098",0
"9530","1kmE3953N3099",0
"9531","1kmE3953N3100",0
"9532","1kmE3953N3101",0
"9533","1kmE3953N3102",12.3415525
"9534","1kmE3953N3103",348.854467000001
"9535","1kmE3953N3104",546.321515500003
"9536","1kmE3953N3105",417.392314500001
"9537","1kmE3953N3106",136.530203499999
"9538","1kmE3953N3107",0
"9539","1kmE3953N3108",0
"9540","1kmE3953N3109",210.650687000001
"9541","1kmE3953N3110",0
"9542","1kmE3953N3111",98.7465009999996
"9543","1kmE3953N3112",0
"9544","1kmE3953N3113",166.3092105
"9545","1kmE3953N3114",123.545808999999
"9546","1kmE3953N3115",185.7613345
"9547","1kmE3953N3116",0
"9548","1kmE3953N3117",0
"9549","1kmE3953N3118",0
"9550","1kmE3953N3119",0
"9551","1kmE3953N3120",0
"9552","1kmE3953N3121",0
"9553","1kmE3953N3122",82.9730679999993
"9554","1kmE3953N3123",0
"9555","1kmE3953N3124",0
"9556","1kmE3953N3125",0
"9557","1kmE3953N3126",136.4779155
"9558","1kmE3953N3127",123.327155000001
"9559","1kmE3953N3128",0
"9560","1kmE3953N3129",0
"9561","1kmE3953N3130",18.2398980000016
"9562","1kmE3953N3131",204.001232500001
"9563","1kmE3953N3132",27.1536694999995
"9564","1kmE3953N3133",160.233864
"9565","1kmE3953N3134",0
"9566","1kmE3953N3135",288.6048575
"9567","1kmE3953N3136",283.3506695
"9568","1kmE3953N3137",224.266302
"9569","1kmE3953N3138",0
"9570","1kmE3953N3139",0
"9571","1kmE3953N3140",0
"9572","1kmE3953N3141",99.5271680000005
"9573","1kmE3953N3142",0
"9574","1kmE3953N3143",135.014518
"9575","1kmE3953N3144",78.4035949999998
"9576","1kmE3953N3145",0
"9577","1kmE3953N3146",173.380666000001
"9578","1kmE3953N3147",349.889777
"9579","1kmE3953N3148",723.062308499999
"9580","1kmE3953N3149",535.6533205
"9581","1kmE3953N3150",66.5018485000001
"9582","1kmE3953N3151",29.8889705000001
"9583","1kmE3953N3152",0
"9584","1kmE3953N3153",0
"9585","1kmE3953N3154",0
"9586","1kmE3953N3155",0
"9587","1kmE3953N3156",0
"9588","1kmE3953N3157",0
"9589","1kmE3953N3158",0
"9590","1kmE3953N3159",0
"9591","1kmE3953N3160",0
"9592","1kmE3953N3161",153.546329
"9593","1kmE3953N3162",450.5102315
"9594","1kmE3953N3163",353.203937499999
"9595","1kmE3953N3164",210.479985
"9596","1kmE3954N3088",29.8889705000001
"9597","1kmE3954N3089",135.668707000001
"9598","1kmE3954N3090",135.668706999999
"9599","1kmE3954N3091",0
"9600","1kmE3954N3092",0
"9601","1kmE3954N3093",0
"9602","1kmE3954N3094",19.8998455000001
"9603","1kmE3954N3095",123.327154500003
"9604","1kmE3954N3096",136.530203499999
"9605","1kmE3954N3097",98.7465009999996
"9606","1kmE3954N3098",12.3415525
"9607","1kmE3954N3099",0
"9608","1kmE3954N3100",0
"9609","1kmE3954N3101",103.263409500001
"9610","1kmE3954N3102",0
"9611","1kmE3954N3103",259.857359500002
"9612","1kmE3954N3104",259.857359499998
"9613","1kmE3954N3105",254.8027525
"9614","1kmE3954N3106",147.3560705
"9615","1kmE3954N3107",184.659071999999
"9616","1kmE3954N3108",1016.8604495
"9617","1kmE3954N3109",451.2818735
"9618","1kmE3954N3110",111.088053500001
"9619","1kmE3954N3111",0
"9620","1kmE3954N3112",136.5302035
"9621","1kmE3954N3113",166.3092105
"9622","1kmE3954N3114",418.682357
"9623","1kmE3954N3115",0
"9624","1kmE3954N3116",0
"9625","1kmE3954N3117",0
"9626","1kmE3954N3118",0
"9627","1kmE3954N3119",0
"9628","1kmE3954N3120",150.480824
"9629","1kmE3954N3121",160.233864
"9630","1kmE3954N3122",0
"9631","1kmE3954N3123",0
"9632","1kmE3954N3124",0
"9633","1kmE3954N3125",0
"9634","1kmE3954N3126",0
"9635","1kmE3954N3127",173.380666
"9636","1kmE3954N3128",0
"9637","1kmE3954N3129",0
"9638","1kmE3954N3130",0
"9639","1kmE3954N3131",25.2262905000007
"9640","1kmE3954N3132",358.680963000001
"9641","1kmE3954N3133",234.7287665
"9642","1kmE3954N3134",0
"9643","1kmE3954N3135",165.277703
"9644","1kmE3954N3136",204.483278000002
"9645","1kmE3954N3137",68.2843295000002
"9646","1kmE3954N3138",151.786889999999
"9647","1kmE3954N3139",99.5271679999987
"9648","1kmE3954N3140",25.2262904999998
"9649","1kmE3954N3141",25.2262905000007
"9650","1kmE3954N3142",99.5271679999987
"9651","1kmE3954N3143",166.309210500001
"9652","1kmE3954N3144",151.786889999999
"9653","1kmE3954N3145",82.9730679999993
"9654","1kmE3954N3146",0
"9655","1kmE3954N3147",0
"9656","1kmE3954N3148",359.3395415
"9657","1kmE3954N3149",276.7466695
"9658","1kmE3954N3150",0
"9659","1kmE3954N3151",0
"9660","1kmE3954N3152",0
"9661","1kmE3954N3153",0
"9662","1kmE3954N3154",0
"9663","1kmE3954N3155",0
"9664","1kmE3954N3156",0
"9665","1kmE3954N3157",0
"9666","1kmE3954N3158",0
"9667","1kmE3954N3159",0
"9668","1kmE3954N3160",0
"9669","1kmE3954N3161",0
"9670","1kmE3954N3162",0
"9671","1kmE3954N3163",0
"9672","1kmE3954N3164",195.525398
"9673","1kmE3954N3165",0
"9674","1kmE3955N3086",0
"9675","1kmE3955N3087",0
"9676","1kmE3955N3088",127.195696999999
"9677","1kmE3955N3089",48.9859240000005
"9678","1kmE3955N3090",12.3415525
"9679","1kmE3955N3091",0
"9680","1kmE3955N3092",12.3415525
"9681","1kmE3955N3093",32.2413980000001
"9682","1kmE3955N3094",19.8998455000001
"9683","1kmE3955N3095",0
"9684","1kmE3955N3096",0
"9685","1kmE3955N3097",0
"9686","1kmE3955N3098",0
"9687","1kmE3955N3099",0
"9688","1kmE3955N3100",0
"9689","1kmE3955N3101",0
"9690","1kmE3955N3102",29.8889705000001
"9691","1kmE3955N3103",0
"9692","1kmE3955N3104",136.4779155
"9693","1kmE3955N3105",408.7284965
"9694","1kmE3955N3106",160.240808500001
"9695","1kmE3955N3107",136.5302035
"9696","1kmE3955N3108",1173.149939
"9697","1kmE3955N3109",841.454814499997
"9698","1kmE3955N3110",0
"9699","1kmE3955N3111",0
"9700","1kmE3955N3112",182.1413505
"9701","1kmE3955N3113",576.991555999999
"9702","1kmE3955N3114",0
"9703","1kmE3955N3115",0
"9704","1kmE3955N3116",0
"9705","1kmE3955N3117",0
"9706","1kmE3955N3118",0
"9707","1kmE3955N3119",0
"9708","1kmE3955N3120",66.5018485000001
"9709","1kmE3955N3121",0
"9710","1kmE3955N3122",0
"9711","1kmE3955N3123",0
"9712","1kmE3955N3124",0
"9713","1kmE3955N3125",0
"9714","1kmE3955N3126",0
"9715","1kmE3955N3127",98.7465009999996
"9716","1kmE3955N3128",0
"9717","1kmE3955N3129",185.761334500001
"9718","1kmE3955N3130",0
"9719","1kmE3955N3131",25.2262904999989
"9720","1kmE3955N3132",556.651379499997
"9721","1kmE3955N3133",531.700432500002
"9722","1kmE3955N3134",253.2346005
"9723","1kmE3955N3135",68.6851114999999
"9724","1kmE3955N3136",0
"9725","1kmE3955N3137",130.9454015
"9726","1kmE3955N3138",30.581450499998
"9727","1kmE3955N3139",27.1536694999995
"9728","1kmE3955N3140",435.7370935
"9729","1kmE3955N3141",52.3799600000002
"9730","1kmE3955N3142",99.5271680000005
"9731","1kmE3955N3143",0
"9732","1kmE3955N3144",0
"9733","1kmE3955N3145",238.7854065
"9734","1kmE3955N3146",0
"9735","1kmE3955N3147",0
"9736","1kmE3955N3148",0
"9737","1kmE3955N3149",185.761335
"9738","1kmE3955N3150",0
"9739","1kmE3955N3151",0
"9740","1kmE3955N3152",0
"9741","1kmE3955N3153",0
"9742","1kmE3955N3154",173.380666
"9743","1kmE3955N3155",174.456979000001
"9744","1kmE3955N3156",123.3271555
"9745","1kmE3955N3157",0
"9746","1kmE3955N3158",0
"9747","1kmE3955N3159",0
"9748","1kmE3955N3160",110.6999985
"9749","1kmE3955N3161",84.5560880000003
"9750","1kmE3955N3162",84.5560879999998
"9751","1kmE3955N3163",132.311359000001
"9752","1kmE3955N3164",96.3688525000016
"9753","1kmE3955N3165",76.3878164999996
"9754","1kmE3955N3166",0
"9755","1kmE3956N3085",0
"9756","1kmE3956N3086",0
"9757","1kmE3956N3087",0
"9758","1kmE3956N3088",12.3415525
"9759","1kmE3956N3089",12.3415525
"9760","1kmE3956N3090",0
"9761","1kmE3956N3091",0
"9762","1kmE3956N3092",168.161341999999
"9763","1kmE3956N3093",137.7876275
"9764","1kmE3956N3094",0
"9765","1kmE3956N3095",12.3415525
"9766","1kmE3956N3096",0
"9767","1kmE3956N3097",135.014518
"9768","1kmE3956N3098",0
"9769","1kmE3956N3099",0
"9770","1kmE3956N3100",0
"9771","1kmE3956N3101",18.0806955000007
"9772","1kmE3956N3102",0
"9773","1kmE3956N3103",67.1982129999997
"9774","1kmE3956N3104",263.196851000001
"9775","1kmE3956N3105",416.391007500002
"9776","1kmE3956N3106",148.871756
"9777","1kmE3956N3107",166.884664000001
"9778","1kmE3956N3108",794.4116665
"9779","1kmE3956N3109",361.4540075
"9780","1kmE3956N3110",0
"9781","1kmE3956N3111",0
"9782","1kmE3956N3112",0
"9783","1kmE3956N3113",252.263182999999
"9784","1kmE3956N3114",0
"9785","1kmE3956N3115",0
"9786","1kmE3956N3116",0
"9787","1kmE3956N3117",0
"9788","1kmE3956N3118",0
"9789","1kmE3956N3119",0
"9790","1kmE3956N3120",176.521542
"9791","1kmE3956N3121",22.9752130000015
"9792","1kmE3956N3122",143.9781365
"9793","1kmE3956N3123",0
"9794","1kmE3956N3124",0
"9795","1kmE3956N3125",0
"9796","1kmE3956N3126",0
"9797","1kmE3956N3127",0
"9798","1kmE3956N3128",0
"9799","1kmE3956N3129",0
"9800","1kmE3956N3130",302.461240499999
"9801","1kmE3956N3131",428.356637000001
"9802","1kmE3956N3132",518.856727499999
"9803","1kmE3956N3133",191.058713500001
"9804","1kmE3956N3134",123.327155000001
"9805","1kmE3956N3135",123.327155
"9806","1kmE3956N3136",0
"9807","1kmE3956N3137",178.4737625
"9808","1kmE3956N3138",18.2398979999998
"9809","1kmE3956N3139",18.2398979999998
"9810","1kmE3956N3140",82.9730680000011
"9811","1kmE3956N3141",111.868720499999
"9812","1kmE3956N3142",103.263409499999
"9813","1kmE3956N3143",0
"9814","1kmE3956N3144",0
"9815","1kmE3956N3145",0
"9816","1kmE3956N3146",0
"9817","1kmE3956N3147",0
"9818","1kmE3956N3148",0
"9819","1kmE3956N3149",0
"9820","1kmE3956N3150",0
"9821","1kmE3956N3151",0
"9822","1kmE3956N3152",0
"9823","1kmE3956N3153",0
"9824","1kmE3956N3154",0
"9825","1kmE3956N3155",82.9730680000002
"9826","1kmE3956N3156",0
"9827","1kmE3956N3157",96.3688524999998
"9828","1kmE3956N3158",157.504274
"9829","1kmE3956N3159",0
"9830","1kmE3956N3160",84.5560879999994
"9831","1kmE3956N3161",84.5560879999994
"9832","1kmE3956N3162",84.5560880000003
"9833","1kmE3956N3163",132.311358999999
"9834","1kmE3956N3164",309.9559255
"9835","1kmE3956N3165",154.745205000001
"9836","1kmE3956N3166",58.2502669999994
"9837","1kmE3956N3167",471.112745999999
"9838","1kmE3957N3085",70.4004249999998
"9839","1kmE3957N3086",193.7795105
"9840","1kmE3957N3087",318.214668500001
"9841","1kmE3957N3088",262.581544499999
"9842","1kmE3957N3089",12.3415525
"9843","1kmE3957N3090",0
"9844","1kmE3957N3091",0
"9845","1kmE3957N3092",123.327154499999
"9846","1kmE3957N3093",270.273297
"9847","1kmE3957N3094",123.327154500001
"9848","1kmE3957N3095",12.3415525
"9849","1kmE3957N3096",12.3415525
"9850","1kmE3957N3097",0
"9851","1kmE3957N3098",0
"9852","1kmE3957N3099",106.114624
"9853","1kmE3957N3100",0
"9854","1kmE3957N3101",0
"9855","1kmE3957N3102",0
"9856","1kmE3957N3103",123.327154500001
"9857","1kmE3957N3104",456.821483
"9858","1kmE3957N3105",372.967363
"9859","1kmE3957N3106",12.3415525
"9860","1kmE3957N3107",21.3502044999987
"9861","1kmE3957N3108",44.9737964999986
"9862","1kmE3957N3109",150.0802315
"9863","1kmE3957N3110",0
"9864","1kmE3957N3111",0
"9865","1kmE3957N3112",29.8889704999983
"9866","1kmE3957N3113",0
"9867","1kmE3957N3114",0
"9868","1kmE3957N3115",0
"9869","1kmE3957N3116",0
"9870","1kmE3957N3117",0
"9871","1kmE3957N3118",135.014519
"9872","1kmE3957N3119",285.3651295
"9873","1kmE3957N3120",243.0233905
"9874","1kmE3957N3121",194.76144
"9875","1kmE3957N3122",0
"9876","1kmE3957N3123",0
"9877","1kmE3957N3124",0
"9878","1kmE3957N3125",0
"9879","1kmE3957N3126",0
"9880","1kmE3957N3127",0
"9881","1kmE3957N3128",0
"9882","1kmE3957N3129",12.3415525
"9883","1kmE3957N3130",21.3502045000005
"9884","1kmE3957N3131",318.499191500001
"9885","1kmE3957N3132",182.9416535
"9886","1kmE3957N3133",58.2502665000002
"9887","1kmE3957N3134",98.7465009999996
"9888","1kmE3957N3135",278.378014
"9889","1kmE3957N3136",73.8860160000004
"9890","1kmE3957N3137",201.962466999999
"9891","1kmE3957N3138",351.710255999998
"9892","1kmE3957N3139",587.461510499999
"9893","1kmE3957N3140",393.137274999999
"9894","1kmE3957N3141",161.7084375
"9895","1kmE3957N3142",0
"9896","1kmE3957N3143",0
"9897","1kmE3957N3144",0
"9898","1kmE3957N3145",98.7465009999996
"9899","1kmE3957N3146",228.5695005
"9900","1kmE3957N3147",273.2870305
"9901","1kmE3957N3148",312.074989500001
"9902","1kmE3957N3149",127.1956965
"9903","1kmE3957N3150",0
"9904","1kmE3957N3151",143.9781365
"9905","1kmE3957N3152",0
"9906","1kmE3957N3153",0
"9907","1kmE3957N3154",0
"9908","1kmE3957N3155",0
"9909","1kmE3957N3156",0
"9910","1kmE3957N3157",0
"9911","1kmE3957N3158",0
"9912","1kmE3957N3159",193.3782245
"9913","1kmE3957N3160",70.0510689999992
"9914","1kmE3957N3161",84.5560880000003
"9915","1kmE3957N3162",84.5560879999994
"9916","1kmE3957N3163",70.0510690000001
"9917","1kmE3957N3164",305.1588135
"9918","1kmE3957N3165",403.576141999998
"9919","1kmE3957N3166",330.0747935
"9920","1kmE3957N3167",260.29118
"9921","1kmE3958N3085",427.369133
"9922","1kmE3958N3086",443.419130999999
"9923","1kmE3958N3087",48.6568234999995
"9924","1kmE3958N3088",222.120903999999
"9925","1kmE3958N3089",273.432022499999
"9926","1kmE3958N3090",12.3415525
"9927","1kmE3958N3091",0
"9928","1kmE3958N3092",173.377703
"9929","1kmE3958N3093",162.319332499999
"9930","1kmE3958N3094",274.558062499998
"9931","1kmE3958N3095",12.3415525
"9932","1kmE3958N3096",12.3415525
"9933","1kmE3958N3097",0
"9934","1kmE3958N3098",0
"9935","1kmE3958N3099",322.185755999999
"9936","1kmE3958N3100",0
"9937","1kmE3958N3101",0
"9938","1kmE3958N3102",0
"9939","1kmE3958N3103",0
"9940","1kmE3958N3104",374.054047000001
"9941","1kmE3958N3105",160.8949975
"9942","1kmE3958N3106",64.8259595
"9943","1kmE3958N3107",0
"9944","1kmE3958N3108",0
"9945","1kmE3958N3109",0
"9946","1kmE3958N3110",207.2402145
"9947","1kmE3958N3111",185.761334500001
"9948","1kmE3958N3112",98.7465010000005
"9949","1kmE3958N3113",0
"9950","1kmE3958N3114",0
"9951","1kmE3958N3115",0
"9952","1kmE3958N3116",0
"9953","1kmE3958N3117",0
"9954","1kmE3958N3118",0
"9955","1kmE3958N3119",96.3688524999998
"9956","1kmE3958N3120",25.2262904999998
"9957","1kmE3958N3121",0
"9958","1kmE3958N3122",66.5018485000001
"9959","1kmE3958N3123",25.2262905000007
"9960","1kmE3958N3124",0
"9961","1kmE3958N3125",0
"9962","1kmE3958N3126",0
"9963","1kmE3958N3127",0
"9964","1kmE3958N3128",0
"9965","1kmE3958N3129",0
"9966","1kmE3958N3130",0
"9967","1kmE3958N3131",0
"9968","1kmE3958N3132",0
"9969","1kmE3958N3133",0
"9970","1kmE3958N3134",0
"9971","1kmE3958N3135",0
"9972","1kmE3958N3136",0
"9973","1kmE3958N3137",245.982859
"9974","1kmE3958N3138",374.2508235
"9975","1kmE3958N3139",689.709365500003
"9976","1kmE3958N3140",569.4402675
"9977","1kmE3958N3141",394.372334
"9978","1kmE3958N3142",182.617856000001
"9979","1kmE3958N3143",67.1982129999997
"9980","1kmE3958N3144",0
"9981","1kmE3958N3145",0
"9982","1kmE3958N3146",128.7621385
"9983","1kmE3958N3147",136.477915500001
"9984","1kmE3958N3148",161.756493999999
"9985","1kmE3958N3149",126.313655000001
"9986","1kmE3958N3150",0
"9987","1kmE3958N3151",0
"9988","1kmE3958N3152",0
"9989","1kmE3958N3153",66.5018485000001
"9990","1kmE3958N3154",0
"9991","1kmE3958N3155",302.1387445
"9992","1kmE3958N3156",333.154402999999
"9993","1kmE3958N3157",0
"9994","1kmE3958N3159",131.5509415
"9995","1kmE3958N3160",0
"9996","1kmE3958N3161",0
"9997","1kmE3958N3162",0
"9998","1kmE3958N3163",136.5529175
"9999","1kmE3958N3164",574.208807499999
"10000","1kmE3958N3165",427.879862
"10001","1kmE3958N3166",363.331382
"10002","1kmE3958N3167",113.721121999999
"10003","1kmE3959N3085",204.934739
"10004","1kmE3959N3086",380.296725
"10005","1kmE3959N3087",46.4027244999997
"10006","1kmE3959N3088",166.309211
"10007","1kmE3959N3089",207.095306499999
"10008","1kmE3959N3090",29.8889705000001
"10009","1kmE3959N3091",0
"10010","1kmE3959N3092",0
"10011","1kmE3959N3093",12.3415525
"10012","1kmE3959N3094",197.434374499999
"10013","1kmE3959N3095",12.3415525
"10014","1kmE3959N3096",0
"10015","1kmE3959N3097",0
"10016","1kmE3959N3098",0
"10017","1kmE3959N3099",316.161716499999
"10018","1kmE3959N3100",59.3364059999985
"10019","1kmE3959N3101",0
"10020","1kmE3959N3102",316.530052499998
"10021","1kmE3959N3103",326.248314
"10022","1kmE3959N3104",176.7534755
"10023","1kmE3959N3105",12.3415525
"10024","1kmE3959N3106",0
"10025","1kmE3959N3107",0
"10026","1kmE3959N3108",166.309210500001
"10027","1kmE3959N3109",123.344461500001
"10028","1kmE3959N3110",141.40785
"10029","1kmE3959N3111",0
"10030","1kmE3959N3112",0
"10031","1kmE3959N3113",25.2262905000007
"10032","1kmE3959N3114",225.298763000001
"10033","1kmE3959N3115",0
"10034","1kmE3959N3116",0
"10035","1kmE3959N3117",472.759247500002
"10036","1kmE3959N3118",647.541024
"10037","1kmE3959N3119",43.6700530000016
"10038","1kmE3959N3120",0
"10039","1kmE3959N3121",0
"10040","1kmE3959N3122",0
"10041","1kmE3959N3123",12.3415525
"10042","1kmE3959N3124",0
"10043","1kmE3959N3125",0
"10044","1kmE3959N3126",126.552261999999
"10045","1kmE3959N3127",0
"10046","1kmE3959N3128",0
"10047","1kmE3959N3129",82.9730680000002
"10048","1kmE3959N3130",0
"10049","1kmE3959N3131",0
"10050","1kmE3959N3132",222.615749499999
"10051","1kmE3959N3133",0
"10052","1kmE3959N3134",0
"10053","1kmE3959N3135",58.2502664999993
"10054","1kmE3959N3136",143.9781365
"10055","1kmE3959N3137",173.380666
"10056","1kmE3959N3138",0
"10057","1kmE3959N3139",146.521022000001
"10058","1kmE3959N3140",198.977994500001
"10059","1kmE3959N3141",692.5512285
"10060","1kmE3959N3142",578.462305500001
"10061","1kmE3959N3143",440.002630499999
"10062","1kmE3959N3144",144.0845345
"10063","1kmE3959N3145",66.5018485000001
"10064","1kmE3959N3146",39.2844069999992
"10065","1kmE3959N3147",409.3768765
"10066","1kmE3959N3148",359.3584825
"10067","1kmE3959N3149",99.5271680000005
"10068","1kmE3959N3150",128.4292955
"10069","1kmE3959N3151",0
"10070","1kmE3959N3152",52.9724034999999
"10071","1kmE3959N3153",43.6700530000016
"10072","1kmE3959N3154",76.3878165000006
"10073","1kmE3959N3155",522.4867125
"10074","1kmE3959N3156",435.2282325
"10075","1kmE3959N3157",123.3271555
"10076","1kmE3959N3159",0
"10077","1kmE3959N3160",66.5018485000001
"10078","1kmE3959N3161",579.417912
"10079","1kmE3959N3162",138.4985085
"10080","1kmE3959N3163",162.870701
"10081","1kmE3959N3164",529.303551
"10082","1kmE3959N3165",403.082175
"10083","1kmE3959N3166",582.0257815
"10084","1kmE3959N3167",669.019362499999
"10085","1kmE3960N3084",0
"10086","1kmE3960N3085",186.227928999999
"10087","1kmE3960N3086",360.835680499998
"10088","1kmE3960N3087",0
"10089","1kmE3960N3088",73.4677804999992
"10090","1kmE3960N3089",154.610899500001
"10091","1kmE3960N3090",36.3152709999995
"10092","1kmE3960N3091",46.3093424999988
"10093","1kmE3960N3092",0
"10094","1kmE3960N3093",155.313815
"10095","1kmE3960N3094",206.698377500001
"10096","1kmE3960N3095",0
"10097","1kmE3960N3096",0
"10098","1kmE3960N3097",0
"10099","1kmE3960N3098",0
"10100","1kmE3960N3099",0
"10101","1kmE3960N3100",95.3146204999994
"10102","1kmE3960N3101",59.3364059999985
"10103","1kmE3960N3102",335.1575835
"10104","1kmE3960N3103",417.872329000002
"10105","1kmE3960N3104",438.8500905
"10106","1kmE3960N3105",148.871756
"10107","1kmE3960N3106",0
"10108","1kmE3960N3107",0
"10109","1kmE3960N3108",123.327154500001
"10110","1kmE3960N3109",168.161341999999
"10111","1kmE3960N3110",98.7465009999996
"10112","1kmE3960N3111",153.024137
"10113","1kmE3960N3112",78.5102740000002
"10114","1kmE3960N3113",590.217466000002
"10115","1kmE3960N3114",979.634386
"10116","1kmE3960N3115",495.665100999999
"10117","1kmE3960N3116",0
"10118","1kmE3960N3117",614.8990295
"10119","1kmE3960N3118",547.850216999999
"10120","1kmE3960N3119",287.844484499999
"10121","1kmE3960N3120",0
"10122","1kmE3960N3121",0
"10123","1kmE3960N3122",0
"10124","1kmE3960N3123",0
"10125","1kmE3960N3124",0
"10126","1kmE3960N3125",0
"10127","1kmE3960N3126",0
"10128","1kmE3960N3127",50.7782239999997
"10129","1kmE3960N3128",0
"10130","1kmE3960N3129",0
"10131","1kmE3960N3130",268.734402499998
"10132","1kmE3960N3131",76.9140795000003
"10133","1kmE3960N3132",39.7444324999997
"10134","1kmE3960N3133",0
"10135","1kmE3960N3134",0
"10136","1kmE3960N3135",0
"10137","1kmE3960N3136",98.7465009999996
"10138","1kmE3960N3137",0
"10139","1kmE3960N3138",0
"10140","1kmE3960N3139",0
"10141","1kmE3960N3140",473.2997765
"10142","1kmE3960N3141",588.590595
"10143","1kmE3960N3142",347.439081499999
"10144","1kmE3960N3143",315.9324325
"10145","1kmE3960N3144",144.0845345
"10146","1kmE3960N3145",0
"10147","1kmE3960N3146",0
"10148","1kmE3960N3147",190.047657499999
"10149","1kmE3960N3148",375.808991999999
"10150","1kmE3960N3149",415.0451905
"10151","1kmE3960N3150",255.7805655
"10152","1kmE3960N3151",0
"10153","1kmE3960N3152",0
"10154","1kmE3960N3153",136.477915500001
"10155","1kmE3960N3154",84.5560880000012
"10156","1kmE3960N3155",173.314477
"10157","1kmE3960N3156",461.1100765
"10158","1kmE3960N3157",236.360279500001
"10159","1kmE3960N3158",78.2996899999998
"10160","1kmE3960N3159",70.051069000001
"10161","1kmE3960N3160",0
"10162","1kmE3960N3161",763.1208
"10163","1kmE3960N3162",66.5018485000001
"10164","1kmE3960N3163",93.3696479999999
"10165","1kmE3960N3164",254.031797500001
"10166","1kmE3960N3165",538.916014
"10167","1kmE3960N3166",644.5846685
"10168","1kmE3960N3167",576.942536999999
"10169","1kmE3961N3083",0
"10170","1kmE3961N3084",0
"10171","1kmE3961N3085",123.327154499999
"10172","1kmE3961N3086",174.767143500001
"10173","1kmE3961N3087",22.4307590000008
"10174","1kmE3961N3088",82.7658895000004
"10175","1kmE3961N3089",0
"10176","1kmE3961N3090",390.967435
"10177","1kmE3961N3091",29.8889705000001
"10178","1kmE3961N3092",12.3415525
"10179","1kmE3961N3093",166.309211000002
"10180","1kmE3961N3094",166.309211000002
"10181","1kmE3961N3095",0
"10182","1kmE3961N3096",0
"10183","1kmE3961N3097",0
"10184","1kmE3961N3098",0
"10185","1kmE3961N3099",0
"10186","1kmE3961N3100",98.7465009999996
"10187","1kmE3961N3101",12.3415525
"10188","1kmE3961N3102",428.816770000001
"10189","1kmE3961N3103",840.30199
"10190","1kmE3961N3104",419.753137
"10191","1kmE3961N3105",238.452182500001
"10192","1kmE3961N3106",136.5302035
"10193","1kmE3961N3107",0
"10194","1kmE3961N3108",0
"10195","1kmE3961N3109",245.7331765
"10196","1kmE3961N3110",90.8518265000021
"10197","1kmE3961N3111",46.9948534999985
"10198","1kmE3961N3112",98.7465010000005
"10199","1kmE3961N3113",737.863687500001
"10200","1kmE3961N3114",717.1210735
"10201","1kmE3961N3115",421.359393500001
"10202","1kmE3961N3116",30.3540900000007
"10203","1kmE3961N3117",360.5767935
"10204","1kmE3961N3118",294.4152235
"10205","1kmE3961N3119",187.387533500001
"10206","1kmE3961N3120",0
"10207","1kmE3961N3121",0
"10208","1kmE3961N3122",0
"10209","1kmE3961N3123",0
"10210","1kmE3961N3124",0
"10211","1kmE3961N3125",0
"10212","1kmE3961N3126",0
"10213","1kmE3961N3127",0
"10214","1kmE3961N3128",0
"10215","1kmE3961N3129",28.6692659999999
"10216","1kmE3961N3130",0
"10217","1kmE3961N3131",160.233864
"10218","1kmE3961N3132",333.256945500001
"10219","1kmE3961N3133",88.2433564999992
"10220","1kmE3961N3134",240.030246499999
"10221","1kmE3961N3135",0
"10222","1kmE3961N3136",0
"10223","1kmE3961N3137",0
"10224","1kmE3961N3138",0
"10225","1kmE3961N3139",0
"10226","1kmE3961N3140",0
"10227","1kmE3961N3141",0
"10228","1kmE3961N3142",27.1536695000013
"10229","1kmE3961N3143",62.2602900000002
"10230","1kmE3961N3144",50.7200000000012
"10231","1kmE3961N3145",0
"10232","1kmE3961N3146",0
"10233","1kmE3961N3147",0
"10234","1kmE3961N3148",136.4779155
"10235","1kmE3961N3149",123.545808999999
"10236","1kmE3961N3150",0
"10237","1kmE3961N3151",0
"10238","1kmE3961N3152",0
"10239","1kmE3961N3153",70.0510689999992
"10240","1kmE3961N3154",70.051069000001
"10241","1kmE3961N3155",0
"10242","1kmE3961N3156",293.453053
"10243","1kmE3961N3157",553.8983195
"10244","1kmE3961N3158",365.711475
"10245","1kmE3961N3159",329.908428500001
"10246","1kmE3961N3160",0
"10247","1kmE3961N3161",0
"10248","1kmE3961N3162",0
"10249","1kmE3961N3163",0
"10250","1kmE3961N3164",70.0510690000001
"10251","1kmE3961N3165",212.605312
"10252","1kmE3961N3166",800.879961500001
"10253","1kmE3962N3082",126.334906
"10254","1kmE3962N3083",160.835745
"10255","1kmE3962N3084",12.3415525
"10256","1kmE3962N3085",104.023588
"10257","1kmE3962N3086",192.067256
"10258","1kmE3962N3087",76.6614730000001
"10259","1kmE3962N3088",115.642296
"10260","1kmE3962N3089",189.665931
"10261","1kmE3962N3090",201.869437500001
"10262","1kmE3962N3091",280.988906
"10263","1kmE3962N3092",29.8889705000001
"10264","1kmE3962N3093",166.309211
"10265","1kmE3962N3094",0
"10266","1kmE3962N3095",0
"10267","1kmE3962N3096",0
"10268","1kmE3962N3097",123.327154500001
"10269","1kmE3962N3098",0
"10270","1kmE3962N3099",0
"10271","1kmE3962N3100",0
"10272","1kmE3962N3101",0
"10273","1kmE3962N3102",264.5119705
"10274","1kmE3962N3103",438.660488999998
"10275","1kmE3962N3104",237.952845
"10276","1kmE3962N3105",180.428792000002
"10277","1kmE3962N3106",0
"10278","1kmE3962N3107",0
"10279","1kmE3962N3108",0
"10280","1kmE3962N3109",277.204589000001
"10281","1kmE3962N3110",383.701989499999
"10282","1kmE3962N3111",12.3415525
"10283","1kmE3962N3112",0
"10284","1kmE3962N3113",124.397854499999
"10285","1kmE3962N3114",124.397854500001
"10286","1kmE3962N3115",185.761335
"10287","1kmE3962N3116",0
"10288","1kmE3962N3117",0
"10289","1kmE3962N3118",0
"10290","1kmE3962N3119",253.771456500002
"10291","1kmE3962N3120",0
"10292","1kmE3962N3121",0
"10293","1kmE3962N3122",0
"10294","1kmE3962N3123",0
"10295","1kmE3962N3124",0
"10296","1kmE3962N3125",0
"10297","1kmE3962N3126",0
"10298","1kmE3962N3127",0
"10299","1kmE3962N3128",0
"10300","1kmE3962N3129",0
"10301","1kmE3962N3130",0
"10302","1kmE3962N3131",310.456871500002
"10303","1kmE3962N3132",624.545368999999
"10304","1kmE3962N3133",155.581657499999
"10305","1kmE3962N3134",410.0947965
"10306","1kmE3962N3135",184.924280000001
"10307","1kmE3962N3136",0
"10308","1kmE3962N3137",0
"10309","1kmE3962N3138",12.3415525
"10310","1kmE3962N3139",0
"10311","1kmE3962N3140",23.720765
"10312","1kmE3962N3141",0
"10313","1kmE3962N3142",0
"10314","1kmE3962N3143",135.014518
"10315","1kmE3962N3144",153.254415999999
"10316","1kmE3962N3145",0
"10317","1kmE3962N3146",98.7465010000005
"10318","1kmE3962N3147",170.641681000001
"10319","1kmE3962N3148",136.4779155
"10320","1kmE3962N3149",0
"10321","1kmE3962N3150",0
"10322","1kmE3962N3151",0
"10323","1kmE3962N3152",0
"10324","1kmE3962N3153",0
"10325","1kmE3962N3154",84.5560879999994
"10326","1kmE3962N3155",548.7482765
"10327","1kmE3962N3156",697.956635
"10328","1kmE3962N3157",783.603696
"10329","1kmE3962N3158",294.800866
"10330","1kmE3962N3161",111.302945
"10331","1kmE3962N3162",111.302945
"10332","1kmE3962N3163",62.2602900000002
"10333","1kmE3962N3164",96.3688524999998
"10334","1kmE3962N3165",213.907281999999
"10335","1kmE3963N3082",146.256452000001
"10336","1kmE3963N3083",287.1310245
"10337","1kmE3963N3084",66.3455174999999
"10338","1kmE3963N3085",160.125459999999
"10339","1kmE3963N3086",89.0030255000001
"10340","1kmE3963N3087",0
"10341","1kmE3963N3088",176.081344
"10342","1kmE3963N3089",393.682780499999
"10343","1kmE3963N3090",527.291660000003
"10344","1kmE3963N3091",123.327154500001
"10345","1kmE3963N3092",178.744145500001
"10346","1kmE3963N3093",259.8573595
"10347","1kmE3963N3094",0
"10348","1kmE3963N3095",0
"10349","1kmE3963N3096",0
"10350","1kmE3963N3097",0
"10351","1kmE3963N3098",0
"10352","1kmE3963N3099",0
"10353","1kmE3963N3100",0
"10354","1kmE3963N3101",29.8889705000001
"10355","1kmE3963N3102",0
"10356","1kmE3963N3103",148.871756
"10357","1kmE3963N3104",170.322007999999
"10358","1kmE3963N3105",78.4035950000016
"10359","1kmE3963N3106",12.3415525
"10360","1kmE3963N3107",0
"10361","1kmE3963N3108",0
"10362","1kmE3963N3109",368.900605000001
"10363","1kmE3963N3110",201.730749999999
"10364","1kmE3963N3111",333.553098
"10365","1kmE3963N3112",0
"10366","1kmE3963N3113",0
"10367","1kmE3963N3114",0
"10368","1kmE3963N3115",0
"10369","1kmE3963N3116",0
"10370","1kmE3963N3117",0
"10371","1kmE3963N3118",0
"10372","1kmE3963N3119",151.314280999999
"10373","1kmE3963N3120",50.0505484999994
"10374","1kmE3963N3121",46.9948534999985
"10375","1kmE3963N3122",0
"10376","1kmE3963N3123",0
"10377","1kmE3963N3124",56.9959074999988
"10378","1kmE3963N3125",0
"10379","1kmE3963N3126",25.2262905000007
"10380","1kmE3963N3127",135.014518
"10381","1kmE3963N3128",0
"10382","1kmE3963N3129",0
"10383","1kmE3963N3130",0
"10384","1kmE3963N3131",123.327154499999
"10385","1kmE3963N3132",639.394120500001
"10386","1kmE3963N3133",653.070747
"10387","1kmE3963N3134",241.4889005
"10388","1kmE3963N3135",83.8705165000001
"10389","1kmE3963N3136",99.0981935
"10390","1kmE3963N3137",0
"10391","1kmE3963N3138",0
"10392","1kmE3963N3139",0
"10393","1kmE3963N3140",0
"10394","1kmE3963N3141",0
"10395","1kmE3963N3142",175.727452499999
"10396","1kmE3963N3143",101.422641499999
"10397","1kmE3963N3144",48.1288685
"10398","1kmE3963N3145",126.313655
"10399","1kmE3963N3146",0
"10400","1kmE3963N3147",98.7465010000014
"10401","1kmE3963N3148",34.1637654999995
"10402","1kmE3963N3149",0
"10403","1kmE3963N3150",0
"10404","1kmE3963N3151",0
"10405","1kmE3963N3152",0
"10406","1kmE3963N3153",123.545809000001
"10407","1kmE3963N3154",0
"10408","1kmE3963N3155",759.3427225
"10409","1kmE3963N3156",431.33107
"10410","1kmE3963N3157",467.134116500001
"10411","1kmE3963N3164",66.5018485000001
"10412","1kmE3964N3082",0
"10413","1kmE3964N3083",0
"10414","1kmE3964N3084",48.7980994999998
"10415","1kmE3964N3085",89.0030255000001
"10416","1kmE3964N3086",0
"10417","1kmE3964N3087",0
"10418","1kmE3964N3088",0
"10419","1kmE3964N3089",0
"10420","1kmE3964N3090",0
"10421","1kmE3964N3091",12.4349345000001
"10422","1kmE3964N3092",12.4349345000001
"10423","1kmE3964N3093",166.309211
"10424","1kmE3964N3094",0
"10425","1kmE3964N3095",0
"10426","1kmE3964N3096",0
"10427","1kmE3964N3097",0
"10428","1kmE3964N3098",0
"10429","1kmE3964N3099",0
"10430","1kmE3964N3100",29.8889705000001
"10431","1kmE3964N3101",0
"10432","1kmE3964N3102",0
"10433","1kmE3964N3103",0
"10434","1kmE3964N3104",0
"10435","1kmE3964N3105",0
"10436","1kmE3964N3106",12.3415525
"10437","1kmE3964N3107",148.871755999999
"10438","1kmE3964N3108",0
"10439","1kmE3964N3109",123.327154500001
"10440","1kmE3964N3110",348.692038500001
"10441","1kmE3964N3111",155.607994999998
"10442","1kmE3964N3112",0
"10443","1kmE3964N3113",0
"10444","1kmE3964N3114",0
"10445","1kmE3964N3115",0
"10446","1kmE3964N3116",185.761334500001
"10447","1kmE3964N3117",0
"10448","1kmE3964N3118",0
"10449","1kmE3964N3119",434.875298499999
"10450","1kmE3964N3120",0
"10451","1kmE3964N3121",0
"10452","1kmE3964N3122",0
"10453","1kmE3964N3123",52.4844070000017
"10454","1kmE3964N3124",18.0806954999998
"10455","1kmE3964N3125",155.7424085
"10456","1kmE3964N3126",0
"10457","1kmE3964N3127",0
"10458","1kmE3964N3128",0
"10459","1kmE3964N3129",0
"10460","1kmE3964N3130",0
"10461","1kmE3964N3131",0
"10462","1kmE3964N3132",383.0885905
"10463","1kmE3964N3133",657.8391175
"10464","1kmE3964N3134",308.0402875
"10465","1kmE3964N3135",83.8705164999992
"10466","1kmE3964N3136",83.8705164999992
"10467","1kmE3964N3137",0
"10468","1kmE3964N3138",0
"10469","1kmE3964N3139",50.7199999999998
"10470","1kmE3964N3140",122.3603615
"10471","1kmE3964N3141",0
"10472","1kmE3964N3142",163.083971
"10473","1kmE3964N3143",312.2305655
"10474","1kmE3964N3144",0
"10475","1kmE3964N3145",0
"10476","1kmE3964N3146",0
"10477","1kmE3964N3147",29.8889705000001
"10478","1kmE3964N3148",66.5018485000001
"10479","1kmE3964N3149",43.6700529999998
"10480","1kmE3964N3150",0
"10481","1kmE3964N3151",0
"10482","1kmE3964N3152",0
"10483","1kmE3964N3153",99.5271680000005
"10484","1kmE3964N3154",0
"10485","1kmE3964N3155",0
"10486","1kmE3964N3156",407.071186499999
"10487","1kmE3964N3157",644.4785675
"10488","1kmE3965N3083",0
"10489","1kmE3965N3084",0
"10490","1kmE3965N3085",38.5754674999998
"10491","1kmE3965N3086",179.916334
"10492","1kmE3965N3087",0
"10493","1kmE3965N3088",135.867719499999
"10494","1kmE3965N3089",291.167272000001
"10495","1kmE3965N3090",82.9730679999993
"10496","1kmE3965N3091",103.3007435
"10497","1kmE3965N3092",12.3415525
"10498","1kmE3965N3093",12.3415525
"10499","1kmE3965N3094",172.845475
"10500","1kmE3965N3095",38.4743605000003
"10501","1kmE3965N3096",0
"10502","1kmE3965N3097",0
"10503","1kmE3965N3098",0
"10504","1kmE3965N3099",0
"10505","1kmE3965N3100",0
"10506","1kmE3965N3101",29.8889705000001
"10507","1kmE3965N3102",29.8889705000001
"10508","1kmE3965N3103",12.3415525
"10509","1kmE3965N3104",46.9948534999985
"10510","1kmE3965N3105",289.636365
"10511","1kmE3965N3106",174.456979000001
"10512","1kmE3965N3107",0
"10513","1kmE3965N3108",0
"10514","1kmE3965N3109",0
"10515","1kmE3965N3110",359.687433999999
"10516","1kmE3965N3111",285.695519500001
"10517","1kmE3965N3112",0
"10518","1kmE3965N3113",0
"10519","1kmE3965N3114",0
"10520","1kmE3965N3115",0
"10521","1kmE3965N3116",0
"10522","1kmE3965N3117",0
"10523","1kmE3965N3118",0
"10524","1kmE3965N3119",0
"10525","1kmE3965N3120",46.9948535000003
"10526","1kmE3965N3121",0
"10527","1kmE3965N3122",0
"10528","1kmE3965N3123",0
"10529","1kmE3965N3124",0
"10530","1kmE3965N3125",0
"10531","1kmE3965N3126",0
"10532","1kmE3965N3127",0
"10533","1kmE3965N3128",98.7465009999996
"10534","1kmE3965N3129",0
"10535","1kmE3965N3130",0
"10536","1kmE3965N3131",296.711779499999
"10537","1kmE3965N3132",296.711779499999
"10538","1kmE3965N3133",199.9782965
"10539","1kmE3965N3134",98.7465009999996
"10540","1kmE3965N3135",89.7515490000005
"10541","1kmE3965N3136",0
"10542","1kmE3965N3137",0
"10543","1kmE3965N3138",360.113072
"10544","1kmE3965N3139",404.342083
"10545","1kmE3965N3140",711.201121999999
"10546","1kmE3965N3141",375.345515999999
"10547","1kmE3965N3142",43.4661885000005
"10548","1kmE3965N3143",299.711691500001
"10549","1kmE3965N3144",0
"10550","1kmE3965N3145",82.9730680000011
"10551","1kmE3965N3146",0
"10552","1kmE3965N3147",0
"10553","1kmE3965N3148",0
"10554","1kmE3965N3149",0
"10555","1kmE3965N3150",0
"10556","1kmE3965N3151",0
"10557","1kmE3965N3152",0
"10558","1kmE3965N3153",0
"10559","1kmE3965N3154",290.900580000001
"10560","1kmE3965N3155",415.377755
"10561","1kmE3965N3156",316.924033500001
"10562","1kmE3965N3157",700.3022535
"10563","1kmE3965N3158",427.326563500001
"10564","1kmE3966N3084",0
"10565","1kmE3966N3085",38.5754674999998
"10566","1kmE3966N3086",91.1219459999993
"10567","1kmE3966N3087",0
"10568","1kmE3966N3088",262.419980499999
"10569","1kmE3966N3089",147.225980500001
"10570","1kmE3966N3090",22.4307589999989
"10571","1kmE3966N3091",12.3415525
"10572","1kmE3966N3092",12.3415525
"10573","1kmE3966N3093",63.8567605000007
"10574","1kmE3966N3094",0
"10575","1kmE3966N3095",0
"10576","1kmE3966N3096",0
"10577","1kmE3966N3097",0
"10578","1kmE3966N3098",0
"10579","1kmE3966N3099",0
"10580","1kmE3966N3100",0
"10581","1kmE3966N3101",12.3415525
"10582","1kmE3966N3102",29.8889705000001
"10583","1kmE3966N3103",12.3415524999991
"10584","1kmE3966N3104",289.636365
"10585","1kmE3966N3105",289.636365
"10586","1kmE3966N3106",0
"10587","1kmE3966N3107",29.8889705000001
"10588","1kmE3966N3108",0
"10589","1kmE3966N3109",0
"10590","1kmE3966N3110",70.051069000001
"10591","1kmE3966N3111",0
"10592","1kmE3966N3112",0
"10593","1kmE3966N3113",33.2749549999999
"10594","1kmE3966N3114",0
"10595","1kmE3966N3115",0
"10596","1kmE3966N3116",0
"10597","1kmE3966N3117",0
"10598","1kmE3966N3118",0
"10599","1kmE3966N3119",0
"10600","1kmE3966N3120",0
"10601","1kmE3966N3121",203.798688000001
"10602","1kmE3966N3122",160.233864
"10603","1kmE3966N3123",0
"10604","1kmE3966N3124",0
"10605","1kmE3966N3125",0
"10606","1kmE3966N3126",0
"10607","1kmE3966N3127",0
"10608","1kmE3966N3128",0
"10609","1kmE3966N3129",0
"10610","1kmE3966N3130",0
"10611","1kmE3966N3131",500.907212
"10612","1kmE3966N3132",966.204744500001
"10613","1kmE3966N3133",565.605454500001
"10614","1kmE3966N3134",339.865377
"10615","1kmE3966N3135",0
"10616","1kmE3966N3136",0
"10617","1kmE3966N3137",215.273948
"10618","1kmE3966N3138",454.156901
"10619","1kmE3966N3139",468.894944
"10620","1kmE3966N3140",768.135803500001
"10621","1kmE3966N3141",501.098180000001
"10622","1kmE3966N3142",601.088599499999
"10623","1kmE3966N3143",136.228212500002
"10624","1kmE3966N3144",0
"10625","1kmE3966N3145",337.441016499999
"10626","1kmE3966N3146",0
"10627","1kmE3966N3147",135.014519
"10628","1kmE3966N3148",0
"10629","1kmE3966N3149",123.545809
"10630","1kmE3966N3150",165.0226455
"10631","1kmE3966N3151",0
"10632","1kmE3966N3152",0
"10633","1kmE3966N3153",0
"10634","1kmE3966N3154",504.485333000001
"10635","1kmE3966N3155",570.3145845
"10636","1kmE3966N3156",602.520618500001
"10637","1kmE3966N3157",477.157897500001
"10638","1kmE3966N3158",0
"10639","1kmE3967N3084",0
"10640","1kmE3967N3085",133.415887499999
"10641","1kmE3967N3086",48.7980994999998
"10642","1kmE3967N3087",115.642296
"10643","1kmE3967N3088",0
"10644","1kmE3967N3089",166.309211
"10645","1kmE3967N3090",126.5981035
"10646","1kmE3967N3091",0
"10647","1kmE3967N3092",0
"10648","1kmE3967N3093",38.4743605000003
"10649","1kmE3967N3094",36.3152709999995
"10650","1kmE3967N3095",0
"10651","1kmE3967N3096",0
"10652","1kmE3967N3097",0
"10653","1kmE3967N3098",0
"10654","1kmE3967N3099",0
"10655","1kmE3967N3100",0
"10656","1kmE3967N3101",29.8889705000001
"10657","1kmE3967N3102",0
"10658","1kmE3967N3103",12.3415525
"10659","1kmE3967N3104",0
"10660","1kmE3967N3105",0
"10661","1kmE3967N3106",0
"10662","1kmE3967N3107",0
"10663","1kmE3967N3108",0
"10664","1kmE3967N3109",0
"10665","1kmE3967N3110",0
"10666","1kmE3967N3111",154.758107000001
"10667","1kmE3967N3112",210.284412500001
"10668","1kmE3967N3113",0
"10669","1kmE3967N3114",62.2602900000002
"10670","1kmE3967N3115",0
"10671","1kmE3967N3116",0
"10672","1kmE3967N3117",0
"10673","1kmE3967N3118",0
"10674","1kmE3967N3119",0
"10675","1kmE3967N3120",151.314280999999
"10676","1kmE3967N3121",287.792196499999
"10677","1kmE3967N3122",0
"10678","1kmE3967N3123",0
"10679","1kmE3967N3124",0
"10680","1kmE3967N3125",0
"10681","1kmE3967N3126",0
"10682","1kmE3967N3127",48.9831924999999
"10683","1kmE3967N3128",0
"10684","1kmE3967N3129",0
"10685","1kmE3967N3130",0
"10686","1kmE3967N3131",735.138927
"10687","1kmE3967N3132",1021.392431
"10688","1kmE3967N3133",449.7510265
"10689","1kmE3967N3134",106.246281
"10690","1kmE3967N3135",0
"10691","1kmE3967N3136",0
"10692","1kmE3967N3137",398.483025
"10693","1kmE3967N3138",354.809028000001
"10694","1kmE3967N3139",444.928797999997
"10695","1kmE3967N3140",686.575457000003
"10696","1kmE3967N3141",508.1030125
"10697","1kmE3967N3142",295.733629
"10698","1kmE3967N3143",385.387699000001
"10699","1kmE3967N3144",136.5302035
"10700","1kmE3967N3145",29.8889705000001
"10701","1kmE3967N3146",461.55775
"10702","1kmE3967N3147",410.166922499999
"10703","1kmE3967N3148",12.3415525
"10704","1kmE3967N3149",151.786889999999
"10705","1kmE3967N3150",853.608372000001
"10706","1kmE3967N3151",968.823836000001
"10707","1kmE3967N3152",933.954249999999
"10708","1kmE3967N3153",417.389911499999
"10709","1kmE3967N3154",142.424109
"10710","1kmE3967N3155",328.075820999999
"10711","1kmE3967N3156",70.0510690000001
"10712","1kmE3967N3159",0
"10713","1kmE3968N3084",193.898754
"10714","1kmE3968N3085",270.248394
"10715","1kmE3968N3086",43.8985885000002
"10716","1kmE3968N3087",0
"10717","1kmE3968N3088",0
"10718","1kmE3968N3089",136.530203999999
"10719","1kmE3968N3090",123.327154500001
"10720","1kmE3968N3091",0
"10721","1kmE3968N3092",0
"10722","1kmE3968N3093",0
"10723","1kmE3968N3094",56.9959075000006
"10724","1kmE3968N3095",0
"10725","1kmE3968N3096",0
"10726","1kmE3968N3097",0
"10727","1kmE3968N3098",0
"10728","1kmE3968N3099",0
"10729","1kmE3968N3100",0
"10730","1kmE3968N3101",0
"10731","1kmE3968N3102",0
"10732","1kmE3968N3103",27.8817195000001
"10733","1kmE3968N3104",0
"10734","1kmE3968N3105",0
"10735","1kmE3968N3106",0
"10736","1kmE3968N3107",0
"10737","1kmE3968N3108",0
"10738","1kmE3968N3109",0
"10739","1kmE3968N3110",186.528463999999
"10740","1kmE3968N3111",201.364829499998
"10741","1kmE3968N3112",630.535367500001
"10742","1kmE3968N3113",591.6468995
"10743","1kmE3968N3114",0
"10744","1kmE3968N3115",310.792165500001
"10745","1kmE3968N3116",0
"10746","1kmE3968N3117",0
"10747","1kmE3968N3118",0
"10748","1kmE3968N3119",0
"10749","1kmE3968N3120",0
"10750","1kmE3968N3121",510.034666
"10751","1kmE3968N3122",296.711779500001
"10752","1kmE3968N3123",12.3415525
"10753","1kmE3968N3124",0
"10754","1kmE3968N3125",0
"10755","1kmE3968N3126",0
"10756","1kmE3968N3127",12.3415525
"10757","1kmE3968N3128",0
"10758","1kmE3968N3129",0
"10759","1kmE3968N3130",0
"10760","1kmE3968N3131",207.905774500001
"10761","1kmE3968N3132",792.464102
"10762","1kmE3968N3133",562.365753
"10763","1kmE3968N3134",327.536628999998
"10764","1kmE3968N3135",0
"10765","1kmE3968N3136",18.2398979999998
"10766","1kmE3968N3137",316.519335500001
"10767","1kmE3968N3138",241.312875000001
"10768","1kmE3968N3139",160.233864
"10769","1kmE3968N3140",371.9500415
"10770","1kmE3968N3141",363.4093335
"10771","1kmE3968N3142",237.067405
"10772","1kmE3968N3143",0
"10773","1kmE3968N3144",0
"10774","1kmE3968N3145",213.3340105
"10775","1kmE3968N3146",350.238914
"10776","1kmE3968N3147",373.001806999999
"10777","1kmE3968N3148",189.829003000001
"10778","1kmE3968N3149",609.863052499999
"10779","1kmE3968N3150",777.080191000001
"10780","1kmE3968N3151",1540.0269335
"10781","1kmE3968N3152",1172.171005
"10782","1kmE3968N3153",904.5063985
"10783","1kmE3968N3154",135.457475000001
"10784","1kmE3968N3155",19.2019230000005
"10785","1kmE3968N3156",56.9959074999997
"10786","1kmE3968N3158",0
"10787","1kmE3968N3159",0
"10788","1kmE3968N3160",0
"10789","1kmE3968N3161",70.0510690000001
"10790","1kmE3969N3082",0
"10791","1kmE3969N3083",0
"10792","1kmE3969N3084",12.3415525
"10793","1kmE3969N3085",212.6429345
"10794","1kmE3969N3086",148.209272
"10795","1kmE3969N3087",0
"10796","1kmE3969N3088",0
"10797","1kmE3969N3089",0
"10798","1kmE3969N3090",0
"10799","1kmE3969N3091",0
"10800","1kmE3969N3092",0
"10801","1kmE3969N3093",0
"10802","1kmE3969N3094",0
"10803","1kmE3969N3095",0
"10804","1kmE3969N3096",0
"10805","1kmE3969N3097",0
"10806","1kmE3969N3098",0
"10807","1kmE3969N3099",0
"10808","1kmE3969N3100",0
"10809","1kmE3969N3101",0
"10810","1kmE3969N3102",0
"10811","1kmE3969N3103",63.931141
"10812","1kmE3969N3104",0
"10813","1kmE3969N3105",154.051520499999
"10814","1kmE3969N3106",0
"10815","1kmE3969N3107",0
"10816","1kmE3969N3108",27.8817195000001
"10817","1kmE3969N3109",0
"10818","1kmE3969N3110",136.4779155
"10819","1kmE3969N3111",221.264674999999
"10820","1kmE3969N3112",542.592148
"10821","1kmE3969N3113",272.019093000001
"10822","1kmE3969N3114",208.061381
"10823","1kmE3969N3115",161.908632500001
"10824","1kmE3969N3116",185.7613345
"10825","1kmE3969N3117",0
"10826","1kmE3969N3118",157.504274
"10827","1kmE3969N3119",216.991050000001
"10828","1kmE3969N3120",0
"10829","1kmE3969N3121",43.6700529999998
"10830","1kmE3969N3122",0
"10831","1kmE3969N3123",0
"10832","1kmE3969N3124",0
"10833","1kmE3969N3125",0
"10834","1kmE3969N3126",0
"10835","1kmE3969N3127",0
"10836","1kmE3969N3128",0
"10837","1kmE3969N3129",0
"10838","1kmE3969N3130",0
"10839","1kmE3969N3131",185.761335
"10840","1kmE3969N3132",0
"10841","1kmE3969N3133",151.314281000001
"10842","1kmE3969N3134",0
"10843","1kmE3969N3135",27.1536694999995
"10844","1kmE3969N3136",18.2398979999998
"10845","1kmE3969N3137",174.632899
"10846","1kmE3969N3138",284.5526
"10847","1kmE3969N3139",0
"10848","1kmE3969N3140",0
"10849","1kmE3969N3141",0
"10850","1kmE3969N3142",160.233864000001
"10851","1kmE3969N3143",334.992814500001
"10852","1kmE3969N3144",160.233864
"10853","1kmE3969N3145",0
"10854","1kmE3969N3146",186.8504185
"10855","1kmE3969N3147",428.228278000001
"10856","1kmE3969N3148",0
"10857","1kmE3969N3149",562.363278500001
"10858","1kmE3969N3150",884.192559500001
"10859","1kmE3969N3151",1382.8862735
"10860","1kmE3969N3152",1556.6628375
"10861","1kmE3969N3153",774.556290500001
"10862","1kmE3969N3154",0
"10863","1kmE3969N3155",33.9677900000006
"10864","1kmE3969N3156",105.9655005
"10865","1kmE3969N3158",0
"10866","1kmE3969N3159",0
"10867","1kmE3969N3160",0
"10868","1kmE3969N3161",111.098160500001
"10869","1kmE3970N3082",56.9959074999997
"10870","1kmE3970N3083",0
"10871","1kmE3970N3084",95.3146204999994
"10872","1kmE3970N3085",12.3415525
"10873","1kmE3970N3086",96.7633089999999
"10874","1kmE3970N3087",0
"10875","1kmE3970N3088",0
"10876","1kmE3970N3089",0
"10877","1kmE3970N3090",0
"10878","1kmE3970N3091",0
"10879","1kmE3970N3092",0
"10880","1kmE3970N3093",0
"10881","1kmE3970N3094",0
"10882","1kmE3970N3095",0
"10883","1kmE3970N3096",0
"10884","1kmE3970N3097",0
"10885","1kmE3970N3098",0
"10886","1kmE3970N3099",0
"10887","1kmE3970N3100",0
"10888","1kmE3970N3101",0
"10889","1kmE3970N3102",0
"10890","1kmE3970N3103",0
"10891","1kmE3970N3104",187.393244
"10892","1kmE3970N3105",0
"10893","1kmE3970N3106",0
"10894","1kmE3970N3107",0
"10895","1kmE3970N3108",0
"10896","1kmE3970N3109",164.411923
"10897","1kmE3970N3110",0
"10898","1kmE3970N3111",0
"10899","1kmE3970N3112",336.061561499999
"10900","1kmE3970N3113",0
"10901","1kmE3970N3114",295.248382
"10902","1kmE3970N3115",0
"10903","1kmE3970N3116",0
"10904","1kmE3970N3117",0
"10905","1kmE3970N3118",98.7465010000005
"10906","1kmE3970N3119",0
"10907","1kmE3970N3120",0
"10908","1kmE3970N3121",0
"10909","1kmE3970N3122",208.071467000002
"10910","1kmE3970N3123",208.071467
"10911","1kmE3970N3124",151.314281000001
"10912","1kmE3970N3125",12.3415525
"10913","1kmE3970N3126",0
"10914","1kmE3970N3127",0
"10915","1kmE3970N3128",0
"10916","1kmE3970N3129",0
"10917","1kmE3970N3130",0
"10918","1kmE3970N3131",0
"10919","1kmE3970N3132",58.2502664999993
"10920","1kmE3970N3133",179.631513499999
"10921","1kmE3970N3134",0
"10922","1kmE3970N3135",39.7444324999997
"10923","1kmE3970N3136",191.058713500001
"10924","1kmE3970N3137",0
"10925","1kmE3970N3138",0
"10926","1kmE3970N3139",220.048177500001
"10927","1kmE3970N3140",82.5019384999996
"10928","1kmE3970N3141",0
"10929","1kmE3970N3142",160.233864
"10930","1kmE3970N3143",345.6897285
"10931","1kmE3970N3144",142.665300999999
"10932","1kmE3970N3145",39.7444325000006
"10933","1kmE3970N3146",225.638369
"10934","1kmE3970N3147",0
"10935","1kmE3970N3148",624.618484999999
"10936","1kmE3970N3149",29.8889705000001
"10937","1kmE3970N3150",749.346073500001
"10938","1kmE3970N3151",755.2149955
"10939","1kmE3970N3152",496.499602999998
"10940","1kmE3970N3153",27.1536694999995
"10941","1kmE3970N3154",160.2408085
"10942","1kmE3970N3155",25.2262904999998
"10943","1kmE3970N3156",18.2398979999998
"10944","1kmE3970N3157",0
"10945","1kmE3970N3160",0
"10946","1kmE3970N3161",0
"10947","1kmE3971N3079",0
"10948","1kmE3971N3080",0
"10949","1kmE3971N3081",0
"10950","1kmE3971N3082",0
"10951","1kmE3971N3083",0
"10952","1kmE3971N3084",0
"10953","1kmE3971N3085",50.7200000000003
"10954","1kmE3971N3086",0
"10955","1kmE3971N3087",0
"10956","1kmE3971N3088",0
"10957","1kmE3971N3089",123.545808999999
"10958","1kmE3971N3090",306.385355
"10959","1kmE3971N3091",36.3152709999995
"10960","1kmE3971N3092",0
"10961","1kmE3971N3093",0
"10962","1kmE3971N3094",0
"10963","1kmE3971N3095",0
"10964","1kmE3971N3096",29.8889705000001
"10965","1kmE3971N3097",0
"10966","1kmE3971N3098",62.6876494999997
"10967","1kmE3971N3099",0
"10968","1kmE3971N3100",0
"10969","1kmE3971N3101",0
"10970","1kmE3971N3102",0
"10971","1kmE3971N3103",0
"10972","1kmE3971N3104",0
"10973","1kmE3971N3105",123.327154500001
"10974","1kmE3971N3106",213.449156999999
"10975","1kmE3971N3107",0
"10976","1kmE3971N3108",12.4349344999991
"10977","1kmE3971N3109",0
"10978","1kmE3971N3110",269.937355
"10979","1kmE3971N3111",46.9948535000003
"10980","1kmE3971N3112",98.7465010000014
"10981","1kmE3971N3113",0
"10982","1kmE3971N3114",135.014518
"10983","1kmE3971N3115",0
"10984","1kmE3971N3116",22.9752129999997
"10985","1kmE3971N3117",0
"10986","1kmE3971N3118",0
"10987","1kmE3971N3119",0
"10988","1kmE3971N3120",0
"10989","1kmE3971N3121",0
"10990","1kmE3971N3122",0
"10991","1kmE3971N3123",0
"10992","1kmE3971N3124",0
"10993","1kmE3971N3125",319.374412000001
"10994","1kmE3971N3126",214.001930500001
"10995","1kmE3971N3127",151.314281000001
"10996","1kmE3971N3128",266.8960995
"10997","1kmE3971N3129",0
"10998","1kmE3971N3130",0
"10999","1kmE3971N3131",0
"11000","1kmE3971N3132",225.505768
"11001","1kmE3971N3133",0
"11002","1kmE3971N3134",123.259034500001
"11003","1kmE3971N3135",43.6700529999998
"11004","1kmE3971N3136",0
"11005","1kmE3971N3137",0
"11006","1kmE3971N3138",0
"11007","1kmE3971N3139",0
"11008","1kmE3971N3140",309.226486
"11009","1kmE3971N3141",544.3547265
"11010","1kmE3971N3142",55.1860925000001
"11011","1kmE3971N3143",199.978296499999
"11012","1kmE3971N3144",0
"11013","1kmE3971N3145",185.761335
"11014","1kmE3971N3146",0
"11015","1kmE3971N3147",135.887361999999
"11016","1kmE3971N3148",0
"11017","1kmE3971N3149",84.1921320000001
"11018","1kmE3971N3150",239.688311
"11019","1kmE3971N3151",206.20804
"11020","1kmE3971N3152",78.6164264999989
"11021","1kmE3971N3153",0
"11022","1kmE3971N3154",108.7602035
"11023","1kmE3971N3155",117.9883145
"11024","1kmE3971N3156",52.4844069999999
"11025","1kmE3971N3157",0
"11026","1kmE3971N3158",0
"11027","1kmE3972N3077",0
"11028","1kmE3972N3078",0
"11029","1kmE3972N3079",0
"11030","1kmE3972N3080",0
"11031","1kmE3972N3081",0
"11032","1kmE3972N3082",0
"11033","1kmE3972N3083",0
"11034","1kmE3972N3084",0
"11035","1kmE3972N3085",0
"11036","1kmE3972N3086",0
"11037","1kmE3972N3087",0
"11038","1kmE3972N3088",0
"11039","1kmE3972N3089",166.3092105
"11040","1kmE3972N3090",159.861080000001
"11041","1kmE3972N3091",0
"11042","1kmE3972N3092",0
"11043","1kmE3972N3093",0
"11044","1kmE3972N3094",0
"11045","1kmE3972N3095",0
"11046","1kmE3972N3096",0
"11047","1kmE3972N3097",135.014518
"11048","1kmE3972N3098",0
"11049","1kmE3972N3099",0
"11050","1kmE3972N3100",0
"11051","1kmE3972N3101",0
"11052","1kmE3972N3102",0
"11053","1kmE3972N3103",0
"11054","1kmE3972N3104",40.2232719999993
"11055","1kmE3972N3105",110.868265999999
"11056","1kmE3972N3106",106.190391
"11057","1kmE3972N3107",50.7199999999993
"11058","1kmE3972N3108",173.149233
"11059","1kmE3972N3109",19.0969535000004
"11060","1kmE3972N3110",126.552261999999
"11061","1kmE3972N3111",0
"11062","1kmE3972N3112",123.327154500001
"11063","1kmE3972N3113",0
"11064","1kmE3972N3114",247.4683425
"11065","1kmE3972N3115",571.9854825
"11066","1kmE3972N3116",110.521570499999
"11067","1kmE3972N3117",0
"11068","1kmE3972N3118",82.9730679999993
"11069","1kmE3972N3119",0
"11070","1kmE3972N3120",0
"11071","1kmE3972N3121",0
"11072","1kmE3972N3122",0
"11073","1kmE3972N3123",80.1996959999997
"11074","1kmE3972N3124",0
"11075","1kmE3972N3125",161.148932999999
"11076","1kmE3972N3126",339.984876500001
"11077","1kmE3972N3127",208.071467
"11078","1kmE3972N3128",151.314280999999
"11079","1kmE3972N3129",0
"11080","1kmE3972N3130",0
"11081","1kmE3972N3131",0
"11082","1kmE3972N3132",0
"11083","1kmE3972N3133",329.599452
"11084","1kmE3972N3134",0
"11085","1kmE3972N3135",0
"11086","1kmE3972N3136",0
"11087","1kmE3972N3137",229.050537500001
"11088","1kmE3972N3138",151.314281
"11089","1kmE3972N3139",0
"11090","1kmE3972N3140",44.9737965000004
"11091","1kmE3972N3141",494.081653500001
"11092","1kmE3972N3142",349.797978499999
"11093","1kmE3972N3143",0
"11094","1kmE3972N3144",0
"11095","1kmE3972N3145",0
"11096","1kmE3972N3146",294.217596
"11097","1kmE3972N3147",186.2857855
"11098","1kmE3972N3148",766.410163
"11099","1kmE3972N3149",187.545623
"11100","1kmE3972N3150",492.396639499999
"11101","1kmE3972N3151",145.796115499999
"11102","1kmE3972N3152",0
"11103","1kmE3972N3153",185.7613345
"11104","1kmE3972N3154",0
"11105","1kmE3972N3155",0
"11106","1kmE3972N3156",103.203005
"11107","1kmE3972N3157",0
"11108","1kmE3972N3158",0
"11109","1kmE3972N3159",0
"11110","1kmE3973N3077",0
"11111","1kmE3973N3078",0
"11112","1kmE3973N3079",0
"11113","1kmE3973N3080",0
"11114","1kmE3973N3081",0
"11115","1kmE3973N3082",29.8889705000001
"11116","1kmE3973N3083",0
"11117","1kmE3973N3084",0
"11118","1kmE3973N3085",0
"11119","1kmE3973N3086",0
"11120","1kmE3973N3087",0
"11121","1kmE3973N3088",0
"11122","1kmE3973N3089",0
"11123","1kmE3973N3090",0
"11124","1kmE3973N3091",0
"11125","1kmE3973N3092",0
"11126","1kmE3973N3093",0
"11127","1kmE3973N3094",0
"11128","1kmE3973N3095",0
"11129","1kmE3973N3096",135.014518
"11130","1kmE3973N3097",135.014518
"11131","1kmE3973N3098",0
"11132","1kmE3973N3099",0
"11133","1kmE3973N3100",0
"11134","1kmE3973N3101",0
"11135","1kmE3973N3102",0
"11136","1kmE3973N3103",0
"11137","1kmE3973N3104",0
"11138","1kmE3973N3105",0
"11139","1kmE3973N3106",28.6692659999999
"11140","1kmE3973N3107",31.601197
"11141","1kmE3973N3108",452.5326035
"11142","1kmE3973N3109",136.5302035
"11143","1kmE3973N3110",98.7465009999996
"11144","1kmE3973N3111",334.453287
"11145","1kmE3973N3112",211.126132500001
"11146","1kmE3973N3113",0
"11147","1kmE3973N3114",27.1536694999995
"11148","1kmE3973N3115",409.034981500001
"11149","1kmE3973N3116",264.0678995
"11150","1kmE3973N3117",0
"11151","1kmE3973N3118",12.3415525
"11152","1kmE3973N3119",0
"11153","1kmE3973N3120",12.3415525
"11154","1kmE3973N3121",179.631515
"11155","1kmE3973N3122",0
"11156","1kmE3973N3123",0
"11157","1kmE3973N3124",0
"11158","1kmE3973N3125",341.103989499999
"11159","1kmE3973N3126",408.302836999999
"11160","1kmE3973N3127",208.544076
"11161","1kmE3973N3128",0
"11162","1kmE3973N3129",0
"11163","1kmE3973N3130",0
"11164","1kmE3973N3131",0
"11165","1kmE3973N3132",0
"11166","1kmE3973N3133",157.6873925
"11167","1kmE3973N3134",179.631513
"11168","1kmE3973N3135",0
"11169","1kmE3973N3136",151.786889999999
"11170","1kmE3973N3137",653.666095
"11171","1kmE3973N3138",66.5018485000001
"11172","1kmE3973N3139",217.816129500001
"11173","1kmE3973N3140",136.477915500001
"11174","1kmE3973N3141",66.5018485000001
"11175","1kmE3973N3142",160.233864000002
"11176","1kmE3973N3143",0
"11177","1kmE3973N3144",160.233864000001
"11178","1kmE3973N3145",123.545809
"11179","1kmE3973N3146",66.5018485000001
"11180","1kmE3973N3147",690.438410000001
"11181","1kmE3973N3148",825.452927
"11182","1kmE3973N3149",351.322350999999
"11183","1kmE3973N3150",1175.8342135
"11184","1kmE3973N3151",372.8027745
"11185","1kmE3973N3152",0
"11186","1kmE3973N3153",0
"11187","1kmE3973N3154",0
"11188","1kmE3973N3155",0
"11189","1kmE3973N3156",0
"11190","1kmE3973N3157",0
"11191","1kmE3973N3158",0
"11192","1kmE3973N3159",335.586761
"11193","1kmE3973N3160",685.519049500001
"11194","1kmE3974N3077",0
"11195","1kmE3974N3078",48.7575075000004
"11196","1kmE3974N3079",36.4565469999998
"11197","1kmE3974N3080",0
"11198","1kmE3974N3081",52.4844069999999
"11199","1kmE3974N3082",0
"11200","1kmE3974N3083",0
"11201","1kmE3974N3084",166.309211
"11202","1kmE3974N3085",0
"11203","1kmE3974N3086",0
"11204","1kmE3974N3087",0
"11205","1kmE3974N3088",0
"11206","1kmE3974N3089",0
"11207","1kmE3974N3090",0
"11208","1kmE3974N3091",70.0510689999992
"11209","1kmE3974N3092",0
"11210","1kmE3974N3093",0
"11211","1kmE3974N3094",0
"11212","1kmE3974N3095",0
"11213","1kmE3974N3096",0
"11214","1kmE3974N3097",156.845541
"11215","1kmE3974N3098",0
"11216","1kmE3974N3099",0
"11217","1kmE3974N3100",0
"11218","1kmE3974N3101",0
"11219","1kmE3974N3102",0
"11220","1kmE3974N3103",0
"11221","1kmE3974N3104",0
"11222","1kmE3974N3105",0
"11223","1kmE3974N3106",123.327155499999
"11224","1kmE3974N3107",0
"11225","1kmE3974N3108",165.3438195
"11226","1kmE3974N3109",151.314280999999
"11227","1kmE3974N3110",0
"11228","1kmE3974N3111",287.183976
"11229","1kmE3974N3112",109.703491
"11230","1kmE3974N3113",0
"11231","1kmE3974N3114",0
"11232","1kmE3974N3115",0
"11233","1kmE3974N3116",0
"11234","1kmE3974N3117",0
"11235","1kmE3974N3118",0
"11236","1kmE3974N3119",0
"11237","1kmE3974N3120",0
"11238","1kmE3974N3121",0
"11239","1kmE3974N3122",0
"11240","1kmE3974N3123",0
"11241","1kmE3974N3124",0
"11242","1kmE3974N3125",92.7620239999997
"11243","1kmE3974N3126",219.751397
"11244","1kmE3974N3127",0
"11245","1kmE3974N3128",0
"11246","1kmE3974N3129",160.233864
"11247","1kmE3974N3130",0
"11248","1kmE3974N3131",66.5018485000001
"11249","1kmE3974N3132",43.6700529999998
"11250","1kmE3974N3133",339.865377
"11251","1kmE3974N3134",0
"11252","1kmE3974N3135",179.631513
"11253","1kmE3974N3136",710.898870000001
"11254","1kmE3974N3137",865.9460805
"11255","1kmE3974N3138",357.921097
"11256","1kmE3974N3139",0
"11257","1kmE3974N3140",66.5018485000001
"11258","1kmE3974N3141",0
"11259","1kmE3974N3142",136.4779155
"11260","1kmE3974N3143",123.545808999999
"11261","1kmE3974N3144",185.7613345
"11262","1kmE3974N3145",314.8626555
"11263","1kmE3974N3146",512.853246000001
"11264","1kmE3974N3147",790.865293500001
"11265","1kmE3974N3148",519.788560499999
"11266","1kmE3974N3149",1231.165927
"11267","1kmE3974N3150",1330.7140845
"11268","1kmE3974N3151",698.726066499999
"11269","1kmE3974N3152",135.014519
"11270","1kmE3974N3153",0
"11271","1kmE3974N3154",0
"11272","1kmE3974N3155",0
"11273","1kmE3974N3156",0
"11274","1kmE3974N3157",0
"11275","1kmE3974N3158",0
"11276","1kmE3974N3159",350.538323
"11277","1kmE3974N3160",696.445957
"11278","1kmE3974N3161",312.611547499999
"11279","1kmE3974N3162",0
"11280","1kmE3974N3163",0
"11281","1kmE3975N3077",0
"11282","1kmE3975N3078",0
"11283","1kmE3975N3079",86.5926385000002
"11284","1kmE3975N3080",167.462622999999
"11285","1kmE3975N3081",0
"11286","1kmE3975N3082",0
"11287","1kmE3975N3083",166.309211
"11288","1kmE3975N3084",0
"11289","1kmE3975N3085",0
"11290","1kmE3975N3086",12.3415525
"11291","1kmE3975N3087",12.3415525
"11292","1kmE3975N3088",12.3415525
"11293","1kmE3975N3089",0
"11294","1kmE3975N3090",101.166003
"11295","1kmE3975N3091",101.166002999998
"11296","1kmE3975N3092",0
"11297","1kmE3975N3093",0
"11298","1kmE3975N3094",0
"11299","1kmE3975N3095",0
"11300","1kmE3975N3096",125.1919525
"11301","1kmE3975N3097",0
"11302","1kmE3975N3098",0
"11303","1kmE3975N3099",0
"11304","1kmE3975N3100",0
"11305","1kmE3975N3101",0
"11306","1kmE3975N3102",0
"11307","1kmE3975N3103",0
"11308","1kmE3975N3104",33.9677899999988
"11309","1kmE3975N3105",0
"11310","1kmE3975N3106",19.0969535000004
"11311","1kmE3975N3107",243.371202499999
"11312","1kmE3975N3108",163.7492155
"11313","1kmE3975N3109",123.545808999999
"11314","1kmE3975N3110",0
"11315","1kmE3975N3111",98.7465009999996
"11316","1kmE3975N3112",0
"11317","1kmE3975N3113",18.2398980000016
"11318","1kmE3975N3114",0
"11319","1kmE3975N3115",0
"11320","1kmE3975N3116",0
"11321","1kmE3975N3117",0
"11322","1kmE3975N3118",0
"11323","1kmE3975N3119",0
"11324","1kmE3975N3120",0
"11325","1kmE3975N3121",173.380666
"11326","1kmE3975N3122",0
"11327","1kmE3975N3123",0
"11328","1kmE3975N3124",0
"11329","1kmE3975N3125",147.345096499999
"11330","1kmE3975N3126",194.984333999999
"11331","1kmE3975N3127",206.785182
"11332","1kmE3975N3128",0
"11333","1kmE3975N3129",287.792196499999
"11334","1kmE3975N3130",0
"11335","1kmE3975N3131",0
"11336","1kmE3975N3132",0
"11337","1kmE3975N3133",355.059786000001
"11338","1kmE3975N3134",715.458304
"11339","1kmE3975N3135",227.776542000001
"11340","1kmE3975N3136",451.247367
"11341","1kmE3975N3137",805.946890500001
"11342","1kmE3975N3138",66.5018485000001
"11343","1kmE3975N3139",113.038514000002
"11344","1kmE3975N3140",304.318398500001
"11345","1kmE3975N3141",29.8889705000001
"11346","1kmE3975N3142",136.4779155
"11347","1kmE3975N3143",136.4779155
"11348","1kmE3975N3144",66.5018485000001
"11349","1kmE3975N3145",102.9208685
"11350","1kmE3975N3146",415.629256
"11351","1kmE3975N3147",770.630275
"11352","1kmE3975N3148",476.312878000001
"11353","1kmE3975N3149",136.5302035
"11354","1kmE3975N3150",1149.923952
"11355","1kmE3975N3151",895.521725999999
"11356","1kmE3975N3152",258.560326999999
"11357","1kmE3975N3153",123.545809
"11358","1kmE3975N3154",0
"11359","1kmE3975N3155",0
"11360","1kmE3975N3156",0
"11361","1kmE3975N3157",0
"11362","1kmE3975N3158",0
"11363","1kmE3975N3159",0
"11364","1kmE3975N3160",50.7200000000003
"11365","1kmE3975N3161",209.520483
"11366","1kmE3975N3162",0
"11367","1kmE3975N3163",0
"11368","1kmE3975N3164",0
"11369","1kmE3976N3077",12.3415525
"11370","1kmE3976N3078",61.0990600000005
"11371","1kmE3976N3079",22.4307590000008
"11372","1kmE3976N3080",34.772311499999
"11373","1kmE3976N3081",82.7658895000004
"11374","1kmE3976N3082",72.7718180000011
"11375","1kmE3976N3083",0
"11376","1kmE3976N3084",0
"11377","1kmE3976N3085",0
"11378","1kmE3976N3086",29.8889705000001
"11379","1kmE3976N3087",12.3415525
"11380","1kmE3976N3088",64.2129830000003
"11381","1kmE3976N3089",0
"11382","1kmE3976N3090",276.612616999999
"11383","1kmE3976N3091",33.9677899999988
"11384","1kmE3976N3092",0
"11385","1kmE3976N3093",0
"11386","1kmE3976N3094",0
"11387","1kmE3976N3095",0
"11388","1kmE3976N3096",50.9418314999994
"11389","1kmE3976N3097",50.9418314999998
"11390","1kmE3976N3098",0
"11391","1kmE3976N3099",0
"11392","1kmE3976N3100",0
"11393","1kmE3976N3101",0
"11394","1kmE3976N3102",0
"11395","1kmE3976N3103",0
"11396","1kmE3976N3104",0
"11397","1kmE3976N3105",0
"11398","1kmE3976N3106",94.4044024999985
"11399","1kmE3976N3107",239.937788499999
"11400","1kmE3976N3108",331.617275999999
"11401","1kmE3976N3109",65.521124500001
"11402","1kmE3976N3110",0
"11403","1kmE3976N3111",29.8889705000001
"11404","1kmE3976N3112",330.945793499999
"11405","1kmE3976N3113",160.233864
"11406","1kmE3976N3114",27.1536694999995
"11407","1kmE3976N3115",0
"11408","1kmE3976N3116",0
"11409","1kmE3976N3117",0
"11410","1kmE3976N3118",0
"11411","1kmE3976N3119",0
"11412","1kmE3976N3120",0
"11413","1kmE3976N3121",0
"11414","1kmE3976N3122",0
"11415","1kmE3976N3123",12.3415525
"11416","1kmE3976N3124",0
"11417","1kmE3976N3125",0
"11418","1kmE3976N3126",0
"11419","1kmE3976N3127",167.215861999999
"11420","1kmE3976N3128",66.5018485000001
"11421","1kmE3976N3129",126.552261999999
"11422","1kmE3976N3130",0
"11423","1kmE3976N3131",0
"11424","1kmE3976N3132",0
"11425","1kmE3976N3133",283.779672999999
"11426","1kmE3976N3134",629.8824565
"11427","1kmE3976N3135",297.06428
"11428","1kmE3976N3136",39.7444324999997
"11429","1kmE3976N3137",35.8154360000008
"11430","1kmE3976N3138",136.5302035
"11431","1kmE3976N3139",151.786889999999
"11432","1kmE3976N3140",0
"11433","1kmE3976N3141",188.696438000001
"11434","1kmE3976N3142",38.8953199999996
"11435","1kmE3976N3143",0
"11436","1kmE3976N3144",136.4779155
"11437","1kmE3976N3145",0
"11438","1kmE3976N3146",66.5018484999991
"11439","1kmE3976N3147",0
"11440","1kmE3976N3148",176.081344
"11441","1kmE3976N3149",123.3271545
"11442","1kmE3976N3150",392.500505499999
"11443","1kmE3976N3151",336.350025000001
"11444","1kmE3976N3152",213.022870499999
"11445","1kmE3976N3153",174.456979
"11446","1kmE3976N3154",258.341672500001
"11447","1kmE3976N3155",157.989731
"11448","1kmE3976N3156",0
"11449","1kmE3976N3157",0
"11450","1kmE3976N3158",0
"11451","1kmE3976N3159",0
"11452","1kmE3976N3160",0
"11453","1kmE3976N3161",156.731718
"11454","1kmE3976N3162",0
"11455","1kmE3976N3163",0
"11456","1kmE3976N3164",143.9781365
"11457","1kmE3977N3076",0
"11458","1kmE3977N3077",48.7980994999998
"11459","1kmE3977N3078",12.3415525
"11460","1kmE3977N3079",0
"11461","1kmE3977N3080",36.4565469999998
"11462","1kmE3977N3081",70.4243370000004
"11463","1kmE3977N3082",36.4565469999998
"11464","1kmE3977N3083",12.3415525
"11465","1kmE3977N3084",12.3415525
"11466","1kmE3977N3085",12.3415525
"11467","1kmE3977N3086",0
"11468","1kmE3977N3087",0
"11469","1kmE3977N3088",0
"11470","1kmE3977N3089",0
"11471","1kmE3977N3090",33.9677899999988
"11472","1kmE3977N3091",158.837342999999
"11473","1kmE3977N3092",222.292310000001
"11474","1kmE3977N3093",0
"11475","1kmE3977N3094",0
"11476","1kmE3977N3095",0
"11477","1kmE3977N3096",0
"11478","1kmE3977N3097",0
"11479","1kmE3977N3098",0
"11480","1kmE3977N3099",0
"11481","1kmE3977N3100",0
"11482","1kmE3977N3101",0
"11483","1kmE3977N3102",0
"11484","1kmE3977N3103",179.6315125
"11485","1kmE3977N3104",0
"11486","1kmE3977N3105",33.9677900000006
"11487","1kmE3977N3106",79.9853239999993
"11488","1kmE3977N3107",236.388698499999
"11489","1kmE3977N3108",726.712432
"11490","1kmE3977N3109",384.206912
"11491","1kmE3977N3110",52.4844069999999
"11492","1kmE3977N3111",73.5486209999999
"11493","1kmE3977N3112",253.771456500001
"11494","1kmE3977N3113",182.708888000001
"11495","1kmE3977N3114",0
"11496","1kmE3977N3115",0
"11497","1kmE3977N3116",0
"11498","1kmE3977N3117",0
"11499","1kmE3977N3118",0
"11500","1kmE3977N3119",110.699998999999
"11501","1kmE3977N3120",0
"11502","1kmE3977N3121",0
"11503","1kmE3977N3122",0
"11504","1kmE3977N3123",0
"11505","1kmE3977N3124",0
"11506","1kmE3977N3125",82.9730679999993
"11507","1kmE3977N3126",0
"11508","1kmE3977N3127",43.6700529999998
"11509","1kmE3977N3128",193.054110500001
"11510","1kmE3977N3129",0
"11511","1kmE3977N3130",98.7465010000005
"11512","1kmE3977N3131",0
"11513","1kmE3977N3132",0
"11514","1kmE3977N3133",283.779672999999
"11515","1kmE3977N3134",463.5732455
"11516","1kmE3977N3135",163.2902415
"11517","1kmE3977N3136",0
"11518","1kmE3977N3137",0
"11519","1kmE3977N3138",0
"11520","1kmE3977N3139",80.843076000001
"11521","1kmE3977N3140",70.9876139999997
"11522","1kmE3977N3141",0
"11523","1kmE3977N3142",0
"11524","1kmE3977N3143",0
"11525","1kmE3977N3144",136.477915500001
"11526","1kmE3977N3145",0
"11527","1kmE3977N3146",286.786126
"11528","1kmE3977N3147",0
"11529","1kmE3977N3148",0
"11530","1kmE3977N3149",135.014518
"11531","1kmE3977N3150",0
"11532","1kmE3977N3151",66.5018485000001
"11533","1kmE3977N3152",334.025794
"11534","1kmE3977N3153",258.560327
"11535","1kmE3977N3154",123.545809000001
"11536","1kmE3977N3155",135.014518
"11537","1kmE3977N3156",66.5018485000001
"11538","1kmE3977N3157",18.2398979999998
"11539","1kmE3977N3158",0
"11540","1kmE3977N3159",265.832893000001
"11541","1kmE3977N3160",89.7515489999987
"11542","1kmE3977N3161",0
"11543","1kmE3977N3162",48.9831924999999
"11544","1kmE3977N3163",0
"11545","1kmE3978N3076",0
"11546","1kmE3978N3077",0
"11547","1kmE3978N3078",12.3415525
"11548","1kmE3978N3079",12.3415525
"11549","1kmE3978N3080",0
"11550","1kmE3978N3081",0
"11551","1kmE3978N3082",0
"11552","1kmE3978N3083",12.3415525
"11553","1kmE3978N3084",46.3093425000006
"11554","1kmE3978N3085",12.3415525
"11555","1kmE3978N3086",0
"11556","1kmE3978N3087",0
"11557","1kmE3978N3088",0
"11558","1kmE3978N3089",36.4565469999998
"11559","1kmE3978N3090",103.3007435
"11560","1kmE3978N3091",190.744021999999
"11561","1kmE3978N3092",135.887361500001
"11562","1kmE3978N3093",123.545808999999
"11563","1kmE3978N3094",0
"11564","1kmE3978N3095",0
"11565","1kmE3978N3096",0
"11566","1kmE3978N3097",36.3152709999995
"11567","1kmE3978N3098",160.233864
"11568","1kmE3978N3099",0
"11569","1kmE3978N3100",0
"11570","1kmE3978N3101",0
"11571","1kmE3978N3102",0
"11572","1kmE3978N3103",0
"11573","1kmE3978N3104",59.1630789999999
"11574","1kmE3978N3105",0
"11575","1kmE3978N3106",90.7249759999995
"11576","1kmE3978N3107",166.997208500001
"11577","1kmE3978N3108",646.139734999999
"11578","1kmE3978N3109",628.9238885
"11579","1kmE3978N3110",69.2374175000004
"11580","1kmE3978N3111",167.9839185
"11581","1kmE3978N3112",309.307143499999
"11582","1kmE3978N3113",165.5869795
"11583","1kmE3978N3114",326.543074499999
"11584","1kmE3978N3115",185.761334500001
"11585","1kmE3978N3116",0
"11586","1kmE3978N3117",0
"11587","1kmE3978N3118",110.126737500001
"11588","1kmE3978N3119",0
"11589","1kmE3978N3120",0
"11590","1kmE3978N3121",0
"11591","1kmE3978N3122",0
"11592","1kmE3978N3123",0
"11593","1kmE3978N3124",0
"11594","1kmE3978N3125",160.233864
"11595","1kmE3978N3126",0
"11596","1kmE3978N3127",0
"11597","1kmE3978N3128",0
"11598","1kmE3978N3129",0
"11599","1kmE3978N3130",135.014518
"11600","1kmE3978N3131",0
"11601","1kmE3978N3132",0
"11602","1kmE3978N3133",283.779673
"11603","1kmE3978N3134",319.595109
"11604","1kmE3978N3135",323.524105499999
"11605","1kmE3978N3136",163.2902415
"11606","1kmE3978N3137",98.7465009999996
"11607","1kmE3978N3138",201.770902
"11608","1kmE3978N3139",24.3035184999999
"11609","1kmE3978N3140",220.7301565
"11610","1kmE3978N3141",0
"11611","1kmE3978N3142",160.233864
"11612","1kmE3978N3143",0
"11613","1kmE3978N3144",0
"11614","1kmE3978N3145",0
"11615","1kmE3978N3146",83.8705164999992
"11616","1kmE3978N3147",0
"11617","1kmE3978N3148",249.607564999999
"11618","1kmE3978N3149",250.751755
"11619","1kmE3978N3150",135.014518
"11620","1kmE3978N3151",0
"11621","1kmE3978N3152",66.5018485000001
"11622","1kmE3978N3153",267.5239455
"11623","1kmE3978N3154",280.531054
"11624","1kmE3978N3155",66.5018485000001
"11625","1kmE3978N3156",0
"11626","1kmE3978N3157",0
"11627","1kmE3978N3158",0
"11628","1kmE3978N3159",0
"11629","1kmE3978N3160",123.545808999999
"11630","1kmE3978N3161",0
"11631","1kmE3978N3162",0
"11632","1kmE3979N3076",52.9724035000017
"11633","1kmE3979N3077",0
"11634","1kmE3979N3078",0
"11635","1kmE3979N3079",0
"11636","1kmE3979N3080",0
"11637","1kmE3979N3081",33.9677900000006
"11638","1kmE3979N3082",48.6568234999995
"11639","1kmE3979N3083",0
"11640","1kmE3979N3084",0
"11641","1kmE3979N3085",0
"11642","1kmE3979N3086",0
"11643","1kmE3979N3087",12.3415525
"11644","1kmE3979N3088",0
"11645","1kmE3979N3089",88.2768739999992
"11646","1kmE3979N3090",0
"11647","1kmE3979N3091",0
"11648","1kmE3979N3092",123.545808999999
"11649","1kmE3979N3093",260.076012500002
"11650","1kmE3979N3094",160.233864
"11651","1kmE3979N3095",0
"11652","1kmE3979N3096",136.5302035
"11653","1kmE3979N3097",106.114624
"11654","1kmE3979N3098",0
"11655","1kmE3979N3099",0
"11656","1kmE3979N3100",179.6315125
"11657","1kmE3979N3101",0
"11658","1kmE3979N3102",0
"11659","1kmE3979N3103",0
"11660","1kmE3979N3104",153.5004985
"11661","1kmE3979N3105",153.5004985
"11662","1kmE3979N3106",0
"11663","1kmE3979N3107",311.548145000001
"11664","1kmE3979N3108",365.5249965
"11665","1kmE3979N3109",483.849100000001
"11666","1kmE3979N3110",183.968872500001
"11667","1kmE3979N3111",63.7478639999999
"11668","1kmE3979N3112",361.7915505
"11669","1kmE3979N3113",601.4031645
"11670","1kmE3979N3114",435.093954
"11671","1kmE3979N3115",151.314280999999
"11672","1kmE3979N3116",0
"11673","1kmE3979N3117",0
"11674","1kmE3979N3118",0
"11675","1kmE3979N3119",0
"11676","1kmE3979N3120",0
"11677","1kmE3979N3121",0
"11678","1kmE3979N3122",0
"11679","1kmE3979N3123",0
"11680","1kmE3979N3124",0
"11681","1kmE3979N3125",12.3415525
"11682","1kmE3979N3126",0
"11683","1kmE3979N3127",0
"11684","1kmE3979N3128",0
"11685","1kmE3979N3129",0
"11686","1kmE3979N3130",143.659776
"11687","1kmE3979N3131",308.177543000001
"11688","1kmE3979N3132",234.3799325
"11689","1kmE3979N3133",0
"11690","1kmE3979N3134",289.855019500001
"11691","1kmE3979N3135",501.860662000001
"11692","1kmE3979N3136",274.86009
"11693","1kmE3979N3137",153.546329
"11694","1kmE3979N3138",0
"11695","1kmE3979N3139",151.314281
"11696","1kmE3979N3140",0
"11697","1kmE3979N3141",0
"11698","1kmE3979N3142",493.924518999998
"11699","1kmE3979N3143",163.651971500001
"11700","1kmE3979N3144",66.5018485000001
"11701","1kmE3979N3145",0
"11702","1kmE3979N3146",241.201332999999
"11703","1kmE3979N3147",474.039863
"11704","1kmE3979N3148",461.625266999999
"11705","1kmE3979N3149",382.5466435
"11706","1kmE3979N3150",227.776542
"11707","1kmE3979N3151",135.014518
"11708","1kmE3979N3152",89.7515490000005
"11709","1kmE3979N3153",66.5018485000001
"11710","1kmE3979N3155",133.3588705
"11711","1kmE3979N3156",0
"11712","1kmE3979N3157",0
"11713","1kmE3979N3158",0
"11714","1kmE3979N3159",123.545809
"11715","1kmE3979N3160",143.9781365
"11716","1kmE3979N3161",160.233864
"11717","1kmE3979N3162",0
"11718","1kmE3980N3076",52.4844069999999
"11719","1kmE3980N3077",0
"11720","1kmE3980N3078",0
"11721","1kmE3980N3079",0
"11722","1kmE3980N3080",0
"11723","1kmE3980N3081",0
"11724","1kmE3980N3082",46.3093425000006
"11725","1kmE3980N3083",12.3415525
"11726","1kmE3980N3084",0
"11727","1kmE3980N3085",22.9467385000007
"11728","1kmE3980N3086",99.5271680000005
"11729","1kmE3980N3087",33.9677900000006
"11730","1kmE3980N3088",0
"11731","1kmE3980N3089",0
"11732","1kmE3980N3090",76.6614730000001
"11733","1kmE3980N3091",0
"11734","1kmE3980N3092",12.3415525
"11735","1kmE3980N3093",33.9677900000006
"11736","1kmE3980N3094",33.9677900000006
"11737","1kmE3980N3095",0
"11738","1kmE3980N3096",12.3415525
"11739","1kmE3980N3097",0
"11740","1kmE3980N3098",0
"11741","1kmE3980N3099",0
"11742","1kmE3980N3100",0
"11743","1kmE3980N3101",0
"11744","1kmE3980N3102",0
"11745","1kmE3980N3103",41.0986435000004
"11746","1kmE3980N3104",0
"11747","1kmE3980N3105",80.5132835000004
"11748","1kmE3980N3106",0
"11749","1kmE3980N3107",316.901260499999
"11750","1kmE3980N3108",259.124572000001
"11751","1kmE3980N3109",198.309134500001
"11752","1kmE3980N3110",0
"11753","1kmE3980N3111",81.7092974999996
"11754","1kmE3980N3112",151.7189045
"11755","1kmE3980N3113",52.4844069999999
"11756","1kmE3980N3114",322.291537999999
"11757","1kmE3980N3115",0
"11758","1kmE3980N3116",0
"11759","1kmE3980N3117",233.761019
"11760","1kmE3980N3118",0
"11761","1kmE3980N3119",82.9730679999993
"11762","1kmE3980N3120",0
"11763","1kmE3980N3121",0
"11764","1kmE3980N3122",0
"11765","1kmE3980N3123",0
"11766","1kmE3980N3124",0
"11767","1kmE3980N3125",0
"11768","1kmE3980N3126",0
"11769","1kmE3980N3127",0
"11770","1kmE3980N3128",0
"11771","1kmE3980N3129",0
"11772","1kmE3980N3130",296.7640675
"11773","1kmE3980N3131",18.0634379999992
"11774","1kmE3980N3132",0
"11775","1kmE3980N3133",0
"11776","1kmE3980N3134",179.631513
"11777","1kmE3980N3135",102.457175500002
"11778","1kmE3980N3136",0
"11779","1kmE3980N3137",0
"11780","1kmE3980N3138",0
"11781","1kmE3980N3139",0
"11782","1kmE3980N3140",0
"11783","1kmE3980N3141",135.014518
"11784","1kmE3980N3142",599.503220999999
"11785","1kmE3980N3143",307.929551499999
"11786","1kmE3980N3144",478.093069500001
"11787","1kmE3980N3145",921.4788635
"11788","1kmE3980N3146",744.439173000001
"11789","1kmE3980N3147",570.081167
"11790","1kmE3980N3148",18.2398979999998
"11791","1kmE3980N3149",143.9781365
"11792","1kmE3980N3150",312.840648500001
"11793","1kmE3980N3151",0
"11794","1kmE3980N3156",0
"11795","1kmE3980N3157",0
"11796","1kmE3980N3158",0
"11797","1kmE3980N3159",241.538439
"11798","1kmE3980N3160",224.4915795
"11799","1kmE3981N3078",0
"11800","1kmE3981N3079",0
"11801","1kmE3981N3080",12.3415525
"11802","1kmE3981N3081",46.3093424999988
"11803","1kmE3981N3082",0
"11804","1kmE3981N3083",46.3093425000006
"11805","1kmE3981N3084",46.3093424999988
"11806","1kmE3981N3085",33.6917569999969
"11807","1kmE3981N3086",0
"11808","1kmE3981N3087",33.9677900000006
"11809","1kmE3981N3088",0
"11810","1kmE3981N3089",428.283328
"11811","1kmE3981N3090",0
"11812","1kmE3981N3091",36.4507839999987
"11813","1kmE3981N3092",33.9677900000006
"11814","1kmE3981N3093",0
"11815","1kmE3981N3094",0
"11816","1kmE3981N3095",0
"11817","1kmE3981N3096",36.3152709999995
"11818","1kmE3981N3097",0
"11819","1kmE3981N3098",56.995907
"11820","1kmE3981N3099",0
"11821","1kmE3981N3100",33.9677900000006
"11822","1kmE3981N3101",0
"11823","1kmE3981N3102",50.9418315000003
"11824","1kmE3981N3103",136.5302035
"11825","1kmE3981N3104",99.5271679999987
"11826","1kmE3981N3105",25.2262905000007
"11827","1kmE3981N3106",387.319364499999
"11828","1kmE3981N3107",448.026060499998
"11829","1kmE3981N3108",0
"11830","1kmE3981N3109",0
"11831","1kmE3981N3110",51.8203269999995
"11832","1kmE3981N3111",46.9948535000003
"11833","1kmE3981N3112",61.2607045000004
"11834","1kmE3981N3113",98.7465009999996
"11835","1kmE3981N3114",48.9831920000006
"11836","1kmE3981N3115",168.225557
"11837","1kmE3981N3116",39.7444324999997
"11838","1kmE3981N3117",187.498925
"11839","1kmE3981N3118",27.8817189999991
"11840","1kmE3981N3119",0
"11841","1kmE3981N3120",0
"11842","1kmE3981N3121",0
"11843","1kmE3981N3122",66.5018485000001
"11844","1kmE3981N3123",0
"11845","1kmE3981N3124",123.327154500001
"11846","1kmE3981N3125",134.226483500001
"11847","1kmE3981N3126",23.7207650000018
"11848","1kmE3981N3127",0
"11849","1kmE3981N3128",0
"11850","1kmE3981N3129",28.6692660000008
"11851","1kmE3981N3130",219.450983500001
"11852","1kmE3981N3131",126.552262000001
"11853","1kmE3981N3132",126.552262
"11854","1kmE3981N3133",62.3165924999994
"11855","1kmE3981N3134",362.266875000001
"11856","1kmE3981N3135",38.9921780000004
"11857","1kmE3981N3136",215.650305499999
"11858","1kmE3981N3137",0
"11859","1kmE3981N3138",0
"11860","1kmE3981N3139",123.545808999999
"11861","1kmE3981N3140",0
"11862","1kmE3981N3141",153.216125
"11863","1kmE3981N3142",374.100510999999
"11864","1kmE3981N3143",551.6750785
"11865","1kmE3981N3144",894.5408195
"11866","1kmE3981N3145",932.764018
"11867","1kmE3981N3146",486.145886
"11868","1kmE3981N3147",486.9540395
"11869","1kmE3981N3148",0
"11870","1kmE3981N3149",25.2262904999989
"11871","1kmE3981N3150",92.7620239999997
"11872","1kmE3982N3078",0
"11873","1kmE3982N3079",0
"11874","1kmE3982N3080",12.3415525
"11875","1kmE3982N3081",12.3415525
"11876","1kmE3982N3082",0
"11877","1kmE3982N3083",46.3093424999988
"11878","1kmE3982N3084",46.3093425000006
"11879","1kmE3982N3085",0
"11880","1kmE3982N3086",0
"11881","1kmE3982N3087",0
"11882","1kmE3982N3088",0
"11883","1kmE3982N3089",166.3092105
"11884","1kmE3982N3090",50.7782239999997
"11885","1kmE3982N3091",0
"11886","1kmE3982N3092",0
"11887","1kmE3982N3093",0
"11888","1kmE3982N3094",0
"11889","1kmE3982N3095",0
"11890","1kmE3982N3096",0
"11891","1kmE3982N3097",0
"11892","1kmE3982N3098",0
"11893","1kmE3982N3099",0
"11894","1kmE3982N3100",0
"11895","1kmE3982N3101",0
"11896","1kmE3982N3102",0
"11897","1kmE3982N3103",44.8341875000006
"11898","1kmE3982N3104",166.3092105
"11899","1kmE3982N3105",0
"11900","1kmE3982N3106",136.4779155
"11901","1kmE3982N3107",136.4779155
"11902","1kmE3982N3108",136.4779155
"11903","1kmE3982N3109",0
"11904","1kmE3982N3110",0
"11905","1kmE3982N3111",0
"11906","1kmE3982N3112",106.391993500001
"11907","1kmE3982N3113",0
"11908","1kmE3982N3114",0
"11909","1kmE3982N3115",52.4844069999999
"11910","1kmE3982N3116",0
"11911","1kmE3982N3117",0
"11912","1kmE3982N3118",112.540799
"11913","1kmE3982N3119",0
"11914","1kmE3982N3120",25.2262904999989
"11915","1kmE3982N3121",0
"11916","1kmE3982N3122",0
"11917","1kmE3982N3123",0
"11918","1kmE3982N3124",0
"11919","1kmE3982N3125",0
"11920","1kmE3982N3126",208.930399499999
"11921","1kmE3982N3127",179.6315125
"11922","1kmE3982N3128",0
"11923","1kmE3982N3129",19.0969535000004
"11924","1kmE3982N3130",136.4779155
"11925","1kmE3982N3131",126.552262000001
"11926","1kmE3982N3132",538.534098
"11927","1kmE3982N3133",1384.2085765
"11928","1kmE3982N3134",261.887116
"11929","1kmE3982N3135",39.7444324999997
"11930","1kmE3982N3136",0
"11931","1kmE3982N3137",185.7613345
"11932","1kmE3982N3138",0
"11933","1kmE3982N3139",123.545808999999
"11934","1kmE3982N3140",0
"11935","1kmE3982N3141",123.545808999999
"11936","1kmE3982N3142",566.871213
"11937","1kmE3982N3143",545.127274500001
"11938","1kmE3982N3144",667.594478999999
"11939","1kmE3982N3145",510.500665
"11940","1kmE3982N3146",0
"11941","1kmE3982N3147",0
"11942","1kmE3982N3148",337.548225
"11943","1kmE3983N3078",0
"11944","1kmE3983N3079",0
"11945","1kmE3983N3080",0
"11946","1kmE3983N3081",0
"11947","1kmE3983N3082",0
"11948","1kmE3983N3083",12.3415525
"11949","1kmE3983N3084",12.3415525
"11950","1kmE3983N3085",0
"11951","1kmE3983N3086",0
"11952","1kmE3983N3087",0
"11953","1kmE3983N3088",0
"11954","1kmE3983N3089",0
"11955","1kmE3983N3090",166.3092105
"11956","1kmE3983N3091",0
"11957","1kmE3983N3092",191.973065
"11958","1kmE3983N3093",208.923409499999
"11959","1kmE3983N3094",0
"11960","1kmE3983N3095",117.556963500003
"11961","1kmE3983N3096",0
"11962","1kmE3983N3097",0
"11963","1kmE3983N3098",0
"11964","1kmE3983N3099",12.3415525
"11965","1kmE3983N3100",0
"11966","1kmE3983N3101",0
"11967","1kmE3983N3102",68.6851114999999
"11968","1kmE3983N3103",0
"11969","1kmE3983N3104",0
"11970","1kmE3983N3105",0
"11971","1kmE3983N3106",0
"11972","1kmE3983N3107",282.361107500001
"11973","1kmE3983N3108",102.920868000001
"11974","1kmE3983N3109",0
"11975","1kmE3983N3110",123.327154499999
"11976","1kmE3983N3111",123.327154499999
"11977","1kmE3983N3112",43.6700529999998
"11978","1kmE3983N3113",123.327154499999
"11979","1kmE3983N3114",166.309211000002
"11980","1kmE3983N3115",0
"11981","1kmE3983N3116",0
"11982","1kmE3983N3117",0
"11983","1kmE3983N3118",25.2262905000007
"11984","1kmE3983N3119",0
"11985","1kmE3983N3120",0
"11986","1kmE3983N3121",0
"11987","1kmE3983N3122",0
"11988","1kmE3983N3123",0
"11989","1kmE3983N3124",0
"11990","1kmE3983N3125",407.106827500002
"11991","1kmE3983N3126",200.609471
"11992","1kmE3983N3127",136.4779155
"11993","1kmE3983N3128",0
"11994","1kmE3983N3129",0
"11995","1kmE3983N3130",160.233864000001
"11996","1kmE3983N3131",0
"11997","1kmE3983N3132",690.2112015
"11998","1kmE3983N3133",1762.6558935
"11999","1kmE3983N3134",1243.0157
"12000","1kmE3983N3135",204.449591500001
"12001","1kmE3983N3136",126.552262000001
"12002","1kmE3983N3137",0
"12003","1kmE3983N3138",212.8261545
"12004","1kmE3983N3139",334.025793999999
"12005","1kmE3983N3140",431.586096499999
"12006","1kmE3983N3141",699.391561500001
"12007","1kmE3983N3142",671.840275500001
"12008","1kmE3983N3143",624.966168
"12009","1kmE3983N3144",715.7379095
"12010","1kmE3984N3078",0
"12011","1kmE3984N3079",0
"12012","1kmE3984N3080",0
"12013","1kmE3984N3081",0
"12014","1kmE3984N3082",0
"12015","1kmE3984N3083",103.3007435
"12016","1kmE3984N3084",0
"12017","1kmE3984N3085",0
"12018","1kmE3984N3086",0
"12019","1kmE3984N3087",36.4565470000016
"12020","1kmE3984N3088",0
"12021","1kmE3984N3089",0
"12022","1kmE3984N3090",0
"12023","1kmE3984N3091",136.4779155
"12024","1kmE3984N3092",147.345096499999
"12025","1kmE3984N3093",311.485823000003
"12026","1kmE3984N3094",156.6257315
"12027","1kmE3984N3095",0
"12028","1kmE3984N3096",0
"12029","1kmE3984N3097",0
"12030","1kmE3984N3098",0
"12031","1kmE3984N3099",0
"12032","1kmE3984N3100",0
"12033","1kmE3984N3101",0
"12034","1kmE3984N3102",8.24862100000064
"12035","1kmE3984N3103",0
"12036","1kmE3984N3104",0
"12037","1kmE3984N3105",0
"12038","1kmE3984N3106",123.545808999999
"12039","1kmE3984N3107",0
"12040","1kmE3984N3108",0
"12041","1kmE3984N3109",0
"12042","1kmE3984N3110",0
"12043","1kmE3984N3111",0
"12044","1kmE3984N3112",43.6700530000016
"12045","1kmE3984N3113",0
"12046","1kmE3984N3114",0
"12047","1kmE3984N3115",82.9730679999993
"12048","1kmE3984N3116",126.552261999999
"12049","1kmE3984N3117",0
"12050","1kmE3984N3118",0
"12051","1kmE3984N3119",0
"12052","1kmE3984N3120",0
"12053","1kmE3984N3121",83.870516500001
"12054","1kmE3984N3122",0
"12055","1kmE3984N3123",0
"12056","1kmE3984N3124",123.3271545
"12057","1kmE3984N3125",123.545808999999
"12058","1kmE3984N3126",123.545809000001
"12059","1kmE3984N3127",274.86009
"12060","1kmE3984N3128",323.524105500001
"12061","1kmE3984N3129",0
"12062","1kmE3984N3130",0
"12063","1kmE3984N3131",126.552262
"12064","1kmE3984N3132",1220.4587075
"12065","1kmE3984N3133",1247.4807845
"12066","1kmE3984N3134",1279.57744
"12067","1kmE3984N3135",802.128521499999
"12068","1kmE3984N3136",151.786889999999
"12069","1kmE3984N3137",171.343360000001
"12070","1kmE3984N3138",446.538795999999
"12071","1kmE3984N3139",367.003841
"12072","1kmE3984N3140",286.6029145
"12073","1kmE3984N3141",533.584956999999
"12074","1kmE3984N3142",517.915891499999
"12075","1kmE3984N3143",189.829003
"12076","1kmE3984N3144",138.4985085
"12077","1kmE3984N3145",433.0402615
"12078","1kmE3985N3077",0
"12079","1kmE3985N3078",0
"12080","1kmE3985N3079",0
"12081","1kmE3985N3080",0
"12082","1kmE3985N3081",0
"12083","1kmE3985N3082",0
"12084","1kmE3985N3083",0
"12085","1kmE3985N3084",0
"12086","1kmE3985N3085",0
"12087","1kmE3985N3086",0
"12088","1kmE3985N3087",0
"12089","1kmE3985N3088",207.085621
"12090","1kmE3985N3089",0
"12091","1kmE3985N3090",0
"12092","1kmE3985N3091",0
"12093","1kmE3985N3092",0
"12094","1kmE3985N3093",0
"12095","1kmE3985N3094",136.530204000001
"12096","1kmE3985N3095",137.268533500001
"12097","1kmE3985N3096",0
"12098","1kmE3985N3097",0
"12099","1kmE3985N3098",12.3415524999982
"12100","1kmE3985N3099",0
"12101","1kmE3985N3100",0
"12102","1kmE3985N3101",126.313655
"12103","1kmE3985N3102",0
"12104","1kmE3985N3103",0
"12105","1kmE3985N3104",0
"12106","1kmE3985N3105",123.545808999999
"12107","1kmE3985N3106",202.056082999999
"12108","1kmE3985N3107",39.7444324999997
"12109","1kmE3985N3108",123.545808999999
"12110","1kmE3985N3109",330.774526500001
"12111","1kmE3985N3110",0
"12112","1kmE3985N3111",123.327154500001
"12113","1kmE3985N3112",166.997207500001
"12114","1kmE3985N3113",0
"12115","1kmE3985N3114",0
"12116","1kmE3985N3115",0
"12117","1kmE3985N3116",38.9921780000004
"12118","1kmE3985N3117",38.9921780000004
"12119","1kmE3985N3118",0
"12120","1kmE3985N3119",98.7465009999996
"12121","1kmE3985N3120",0
"12122","1kmE3985N3121",0
"12123","1kmE3985N3122",27.1536694999995
"12124","1kmE3985N3123",18.2398979999998
"12125","1kmE3985N3124",0
"12126","1kmE3985N3125",389.045169999999
"12127","1kmE3985N3126",123.545808999999
"12128","1kmE3985N3127",160.233864
"12129","1kmE3985N3128",123.545809
"12130","1kmE3985N3129",0
"12131","1kmE3985N3130",110.699998499999
"12132","1kmE3985N3131",126.552261999999
"12133","1kmE3985N3132",156.906722000001
"12134","1kmE3985N3133",265.9473865
"12135","1kmE3985N3134",776.230341
"12136","1kmE3985N3135",386.549633500001
"12137","1kmE3985N3136",578.455213500001
"12138","1kmE3985N3137",896.947501500001
"12139","1kmE3985N3138",298.002788
"12140","1kmE3985N3139",87.5463575000012
"12141","1kmE3985N3140",307.758733000001
"12142","1kmE3985N3141",66.5018484999982
"12143","1kmE3985N3142",307.240185999999
"12144","1kmE3985N3143",259.857357999999
"12145","1kmE3985N3144",18.2398979999998
"12146","1kmE3985N3145",0
"12147","1kmE3986N3077",0
"12148","1kmE3986N3078",0
"12149","1kmE3986N3079",0
"12150","1kmE3986N3080",72.2690509999993
"12151","1kmE3986N3081",54.7216329999992
"12152","1kmE3986N3082",231.232061000001
"12153","1kmE3986N3083",435.6345545
"12154","1kmE3986N3084",33.9677900000006
"12155","1kmE3986N3085",0
"12156","1kmE3986N3086",0
"12157","1kmE3986N3087",0
"12158","1kmE3986N3088",0
"12159","1kmE3986N3089",0
"12160","1kmE3986N3090",0
"12161","1kmE3986N3091",0
"12162","1kmE3986N3092",0
"12163","1kmE3986N3093",36.3152709999995
"12164","1kmE3986N3094",200.2770005
"12165","1kmE3986N3095",170.497993499999
"12166","1kmE3986N3096",0
"12167","1kmE3986N3097",0
"12168","1kmE3986N3098",12.3415525
"12169","1kmE3986N3099",0
"12170","1kmE3986N3100",82.9730680000011
"12171","1kmE3986N3101",0
"12172","1kmE3986N3102",0
"12173","1kmE3986N3103",0
"12174","1kmE3986N3104",0
"12175","1kmE3986N3105",58.2502664999993
"12176","1kmE3986N3106",0
"12177","1kmE3986N3107",484.2332885
"12178","1kmE3986N3108",274.86009
"12179","1kmE3986N3109",83.4144855000013
"12180","1kmE3986N3110",123.545808999999
"12181","1kmE3986N3111",0
"12182","1kmE3986N3112",0
"12183","1kmE3986N3113",0
"12184","1kmE3986N3114",18.0806955000007
"12185","1kmE3986N3115",83.8705164999992
"12186","1kmE3986N3116",0
"12187","1kmE3986N3117",210.829286499998
"12188","1kmE3986N3118",150.555885000002
"12189","1kmE3986N3119",126.552262000001
"12190","1kmE3986N3120",0
"12191","1kmE3986N3121",0
"12192","1kmE3986N3122",18.2398979999998
"12193","1kmE3986N3123",18.2398979999998
"12194","1kmE3986N3124",27.1536694999995
"12195","1kmE3986N3125",0
"12196","1kmE3986N3126",52.4844069999999
"12197","1kmE3986N3127",0
"12198","1kmE3986N3128",123.545808999999
"12199","1kmE3986N3129",0
"12200","1kmE3986N3130",126.552262000001
"12201","1kmE3986N3131",282.2946705
"12202","1kmE3986N3132",126.552262000001
"12203","1kmE3986N3133",426.1884795
"12204","1kmE3986N3134",151.786890000001
"12205","1kmE3986N3135",471.962327499999
"12206","1kmE3986N3136",805.392582999999
"12207","1kmE3986N3137",221.8156635
"12208","1kmE3986N3138",155.313815
"12209","1kmE3986N3139",128.5301225
"12210","1kmE3986N3140",66.5018485000001
"12211","1kmE3986N3141",0
"12212","1kmE3986N3142",22.9752129999997
"12213","1kmE3986N3143",22.9752129999997
"12214","1kmE3986N3144",18.2398980000016
"12215","1kmE3986N3145",18.2398979999998
"12216","1kmE3987N3078",0
"12217","1kmE3987N3079",0
"12218","1kmE3987N3080",0
"12219","1kmE3987N3081",178.910284
"12220","1kmE3987N3082",522.877950500002
"12221","1kmE3987N3083",361.052586999998
"12222","1kmE3987N3084",33.9677900000006
"12223","1kmE3987N3085",36.3152709999995
"12224","1kmE3987N3086",33.9677900000006
"12225","1kmE3987N3087",0
"12226","1kmE3987N3088",0
"12227","1kmE3987N3089",0
"12228","1kmE3987N3090",36.4565469999998
"12229","1kmE3987N3091",36.4565469999998
"12230","1kmE3987N3092",0
"12231","1kmE3987N3093",97.5855890000003
"12232","1kmE3987N3094",78.8019780000031
"12233","1kmE3987N3095",0
"12234","1kmE3987N3096",0
"12235","1kmE3987N3097",0
"12236","1kmE3987N3098",0
"12237","1kmE3987N3099",0
"12238","1kmE3987N3100",0
"12239","1kmE3987N3101",46.9948535000003
"12240","1kmE3987N3102",0
"12241","1kmE3987N3103",0
"12242","1kmE3987N3104",0
"12243","1kmE3987N3105",264.271609000003
"12244","1kmE3987N3106",153.254416
"12245","1kmE3987N3107",597.316210500001
"12246","1kmE3987N3108",283.779673499999
"12247","1kmE3987N3109",46.9948535000003
"12248","1kmE3987N3110",157.513599
"12249","1kmE3987N3111",0
"12250","1kmE3987N3112",0
"12251","1kmE3987N3113",0
"12252","1kmE3987N3114",0
"12253","1kmE3987N3115",43.6700529999998
"12254","1kmE3987N3116",0
"12255","1kmE3987N3117",428.234701500001
"12256","1kmE3987N3118",46.3985350000003
"12257","1kmE3987N3119",0
"12258","1kmE3987N3120",0
"12259","1kmE3987N3121",0
"12260","1kmE3987N3122",171.131807
"12261","1kmE3987N3123",18.2398979999998
"12262","1kmE3987N3124",62.2602900000002
"12263","1kmE3987N3125",0
"12264","1kmE3987N3126",0
"12265","1kmE3987N3127",0
"12266","1kmE3987N3128",160.233864
"12267","1kmE3987N3129",0
"12268","1kmE3987N3130",126.552261999999
"12269","1kmE3987N3131",193.0541105
"12270","1kmE3987N3132",126.552262
"12271","1kmE3987N3133",126.552262
"12272","1kmE3987N3134",43.6700529999998
"12273","1kmE3987N3135",0
"12274","1kmE3987N3136",126.552261999999
"12275","1kmE3987N3137",66.5018485000001
"12276","1kmE3987N3138",0
"12277","1kmE3987N3139",0
"12278","1kmE3987N3140",0
"12279","1kmE3987N3141",0
"12280","1kmE3987N3142",166.309210500001
"12281","1kmE3987N3143",0
"12282","1kmE3987N3144",0
"12283","1kmE3987N3145",0
"12284","1kmE3988N3078",0
"12285","1kmE3988N3079",0
"12286","1kmE3988N3080",0
"12287","1kmE3988N3081",0
"12288","1kmE3988N3082",33.9677900000006
"12289","1kmE3988N3083",159.7837015
"12290","1kmE3988N3084",157.294944500001
"12291","1kmE3988N3085",33.9677899999988
"12292","1kmE3988N3086",46.3093425000006
"12293","1kmE3988N3087",0
"12294","1kmE3988N3088",0
"12295","1kmE3988N3089",0
"12296","1kmE3988N3090",0
"12297","1kmE3988N3091",36.4565469999998
"12298","1kmE3988N3092",36.3152709999995
"12299","1kmE3988N3093",174.456979000001
"12300","1kmE3988N3094",33.9677900000006
"12301","1kmE3988N3095",0
"12302","1kmE3988N3096",0
"12303","1kmE3988N3097",98.7465009999996
"12304","1kmE3988N3098",0
"12305","1kmE3988N3099",0
"12306","1kmE3988N3100",0
"12307","1kmE3988N3101",0
"12308","1kmE3988N3102",0
"12309","1kmE3988N3103",0
"12310","1kmE3988N3104",0
"12311","1kmE3988N3105",37.5177829999993
"12312","1kmE3988N3106",495.561926499999
"12313","1kmE3988N3107",528.538500500001
"12314","1kmE3988N3108",62.7196454999994
"12315","1kmE3988N3109",381.57898
"12316","1kmE3988N3110",61.4857114999995
"12317","1kmE3988N3111",0
"12318","1kmE3988N3112",0
"12319","1kmE3988N3113",0
"12320","1kmE3988N3114",18.2398979999998
"12321","1kmE3988N3115",0
"12322","1kmE3988N3116",46.9948535000003
"12323","1kmE3988N3117",83.8705164999992
"12324","1kmE3988N3118",210.830113
"12325","1kmE3988N3119",0
"12326","1kmE3988N3120",0
"12327","1kmE3988N3121",0
"12328","1kmE3988N3122",0
"12329","1kmE3988N3123",0
"12330","1kmE3988N3124",0
"12331","1kmE3988N3125",0
"12332","1kmE3988N3126",0
"12333","1kmE3988N3127",0
"12334","1kmE3988N3128",61.9099509999996
"12335","1kmE3988N3129",0
"12336","1kmE3988N3130",126.552261999999
"12337","1kmE3988N3131",126.552262
"12338","1kmE3988N3132",126.552262
"12339","1kmE3988N3133",250.098071
"12340","1kmE3988N3134",316.5999195
"12341","1kmE3988N3135",368.4440645
"12342","1kmE3988N3136",66.5018485000001
"12343","1kmE3988N3137",85.5988019999995
"12344","1kmE3988N3138",0
"12345","1kmE3988N3139",0
"12346","1kmE3988N3140",0
"12347","1kmE3988N3141",0
"12348","1kmE3988N3142",0
"12349","1kmE3988N3143",30.3540900000007
"12350","1kmE3988N3144",83.3047990000014
"12351","1kmE3989N3077",0
"12352","1kmE3989N3078",0
"12353","1kmE3989N3079",0
"12354","1kmE3989N3080",82.9730680000011
"12355","1kmE3989N3081",0
"12356","1kmE3989N3082",0
"12357","1kmE3989N3083",22.4307589999989
"12358","1kmE3989N3084",217.976213
"12359","1kmE3989N3085",0
"12360","1kmE3989N3086",0
"12361","1kmE3989N3087",0
"12362","1kmE3989N3088",0
"12363","1kmE3989N3089",0
"12364","1kmE3989N3090",0
"12365","1kmE3989N3091",0
"12366","1kmE3989N3092",0
"12367","1kmE3989N3093",0
"12368","1kmE3989N3094",0
"12369","1kmE3989N3095",0
"12370","1kmE3989N3096",126.552261999999
"12371","1kmE3989N3097",0
"12372","1kmE3989N3098",0
"12373","1kmE3989N3099",0
"12374","1kmE3989N3100",0
"12375","1kmE3989N3101",0
"12376","1kmE3989N3102",160.233864
"12377","1kmE3989N3103",0
"12378","1kmE3989N3104",183.472769
"12379","1kmE3989N3105",46.9948535000003
"12380","1kmE3989N3106",185.761335000001
"12381","1kmE3989N3107",89.7515489999987
"12382","1kmE3989N3108",323.840061000001
"12383","1kmE3989N3109",627.392713500001
"12384","1kmE3989N3110",0
"12385","1kmE3989N3111",0
"12386","1kmE3989N3112",0
"12387","1kmE3989N3113",103.203005
"12388","1kmE3989N3114",123.327155499999
"12389","1kmE3989N3115",0
"12390","1kmE3989N3116",66.5018485000001
"12391","1kmE3989N3117",43.6700529999998
"12392","1kmE3989N3118",70.3134324999992
"12393","1kmE3989N3119",342.899753
"12394","1kmE3989N3120",303.636587499999
"12395","1kmE3989N3121",0
"12396","1kmE3989N3122",240.916660500001
"12397","1kmE3989N3123",209.52533
"12398","1kmE3989N3124",374.249511
"12399","1kmE3989N3125",356.378807999999
"12400","1kmE3989N3126",0
"12401","1kmE3989N3127",0
"12402","1kmE3989N3128",30.3544600000005
"12403","1kmE3989N3129",0
"12404","1kmE3989N3130",0
"12405","1kmE3989N3131",0
"12406","1kmE3989N3132",173.3806655
"12407","1kmE3989N3133",126.552262
"12408","1kmE3989N3134",126.552262
"12409","1kmE3989N3135",0
"12410","1kmE3989N3136",50.7199999999993
"12411","1kmE3989N3137",18.2398979999998
"12412","1kmE3989N3138",0
"12413","1kmE3989N3142",246.489955499999
"12414","1kmE3989N3143",162.2180345
"12415","1kmE3990N3078",0
"12416","1kmE3990N3079",0
"12417","1kmE3990N3080",0
"12418","1kmE3990N3081",33.9677900000006
"12419","1kmE3990N3082",0
"12420","1kmE3990N3083",0
"12421","1kmE3990N3084",0
"12422","1kmE3990N3085",33.9677900000006
"12423","1kmE3990N3086",0
"12424","1kmE3990N3087",0
"12425","1kmE3990N3088",36.4565469999998
"12426","1kmE3990N3089",219.503271
"12427","1kmE3990N3090",175.309783000001
"12428","1kmE3990N3091",0
"12429","1kmE3990N3092",0
"12430","1kmE3990N3093",0
"12431","1kmE3990N3094",0
"12432","1kmE3990N3095",0
"12433","1kmE3990N3096",0
"12434","1kmE3990N3097",0
"12435","1kmE3990N3098",12.3415525
"12436","1kmE3990N3099",0
"12437","1kmE3990N3100",0
"12438","1kmE3990N3101",151.314281000001
"12439","1kmE3990N3102",226.8092185
"12440","1kmE3990N3103",296.729600999999
"12441","1kmE3990N3104",118.2547065
"12442","1kmE3990N3105",0
"12443","1kmE3990N3106",272.948810999998
"12444","1kmE3990N3107",349.768683499999
"12445","1kmE3990N3108",601.432344000001
"12446","1kmE3990N3109",414.4705975
"12447","1kmE3990N3110",81.1364369999992
"12448","1kmE3990N3111",0
"12449","1kmE3990N3112",0
"12450","1kmE3990N3113",30.35446
"12451","1kmE3990N3114",0
"12452","1kmE3990N3115",0
"12453","1kmE3990N3116",26.5537674999996
"12454","1kmE3990N3117",61.9099509999996
"12455","1kmE3990N3118",178.684571000002
"12456","1kmE3990N3119",450.913796999999
"12457","1kmE3990N3120",310.419650999998
"12458","1kmE3990N3121",0
"12459","1kmE3990N3122",0
"12460","1kmE3990N3123",0
"12461","1kmE3990N3124",952.537162
"12462","1kmE3990N3125",1059.388332
"12463","1kmE3990N3126",759.818807
"12464","1kmE3990N3127",0
"12465","1kmE3990N3128",0
"12466","1kmE3990N3129",43.6700529999998
"12467","1kmE3990N3130",0
"12468","1kmE3990N3131",0
"12469","1kmE3990N3132",0
"12470","1kmE3990N3133",126.552262
"12471","1kmE3990N3134",193.0541105
"12472","1kmE3990N3135",96.8563085000005
"12473","1kmE3990N3136",0
"12474","1kmE3990N3137",27.1536694999995
"12475","1kmE3990N3138",303.3529765
"12476","1kmE3990N3139",230.1806715
"12477","1kmE3991N3079",0
"12478","1kmE3991N3080",0
"12479","1kmE3991N3081",0
"12480","1kmE3991N3082",0
"12481","1kmE3991N3083",0
"12482","1kmE3991N3084",0
"12483","1kmE3991N3085",0
"12484","1kmE3991N3086",12.434934500001
"12485","1kmE3991N3087",0
"12486","1kmE3991N3088",36.3152709999995
"12487","1kmE3991N3089",36.3152709999995
"12488","1kmE3991N3090",0
"12489","1kmE3991N3091",136.5302035
"12490","1kmE3991N3092",136.530203499999
"12491","1kmE3991N3093",200.2770005
"12492","1kmE3991N3094",0
"12493","1kmE3991N3095",0
"12494","1kmE3991N3096",0
"12495","1kmE3991N3097",0
"12496","1kmE3991N3098",0
"12497","1kmE3991N3099",0
"12498","1kmE3991N3100",0
"12499","1kmE3991N3101",552.722566499999
"12500","1kmE3991N3102",151.314280999999
"12501","1kmE3991N3103",194.276013000001
"12502","1kmE3991N3104",326.909132500001
"12503","1kmE3991N3105",20.7326300000004
"12504","1kmE3991N3106",705.717876999999
"12505","1kmE3991N3107",781.104114000002
"12506","1kmE3991N3108",610.3048805
"12507","1kmE3991N3109",378.485767999999
"12508","1kmE3991N3110",123.545808999999
"12509","1kmE3991N3111",0
"12510","1kmE3991N3112",70.8237225000012
"12511","1kmE3991N3113",178.684571
"12512","1kmE3991N3114",66.5018485000001
"12513","1kmE3991N3115",52.4844069999999
"12514","1kmE3991N3116",0
"12515","1kmE3991N3117",258.743575
"12516","1kmE3991N3118",614.821166499998
"12517","1kmE3991N3119",579.4809155
"12518","1kmE3991N3120",183.608505999999
"12519","1kmE3991N3121",21.0445089999994
"12520","1kmE3991N3122",18.2398979999998
"12521","1kmE3991N3123",581.624855999999
"12522","1kmE3991N3124",1087.046932
"12523","1kmE3991N3125",1110.65391
"12524","1kmE3991N3126",586.987408000001
"12525","1kmE3991N3127",43.6700529999998
"12526","1kmE3991N3128",0
"12527","1kmE3991N3129",0
"12528","1kmE3991N3130",0
"12529","1kmE3991N3131",170.839738
"12530","1kmE3991N3132",170.839738000001
"12531","1kmE3991N3133",126.552262
"12532","1kmE3991N3134",126.552262
"12533","1kmE3991N3135",0
"12534","1kmE3991N3136",0
"12535","1kmE3991N3137",0
"12536","1kmE3991N3138",66.5018485000001
"12537","1kmE3991N3139",300.231534
"12538","1kmE3992N3079",0
"12539","1kmE3992N3080",0
"12540","1kmE3992N3081",36.3152709999995
"12541","1kmE3992N3082",0
"12542","1kmE3992N3083",0
"12543","1kmE3992N3084",148.819468
"12544","1kmE3992N3085",86.4521970000005
"12545","1kmE3992N3086",0
"12546","1kmE3992N3087",33.9677899999988
"12547","1kmE3992N3088",46.4027244999997
"12548","1kmE3992N3089",0
"12549","1kmE3992N3090",0
"12550","1kmE3992N3091",44.8341875000006
"12551","1kmE3992N3092",136.530203499999
"12552","1kmE3992N3093",136.530203499999
"12553","1kmE3992N3094",174.456979000001
"12554","1kmE3992N3095",0
"12555","1kmE3992N3096",46.9948535000003
"12556","1kmE3992N3097",226.626366
"12557","1kmE3992N3098",0
"12558","1kmE3992N3099",0
"12559","1kmE3992N3100",123.327155
"12560","1kmE3992N3101",513.226434
"12561","1kmE3992N3102",151.314280999999
"12562","1kmE3992N3103",247.8331485
"12563","1kmE3992N3104",158.2977985
"12564","1kmE3992N3105",304.301793499999
"12565","1kmE3992N3106",1135.2663765
"12566","1kmE3992N3107",1368.8883805
"12567","1kmE3992N3108",464.448169499999
"12568","1kmE3992N3109",157.140005500001
"12569","1kmE3992N3110",0
"12570","1kmE3992N3111",0
"12571","1kmE3992N3112",43.6700529999998
"12572","1kmE3992N3113",43.6700529999998
"12573","1kmE3992N3114",0
"12574","1kmE3992N3115",0
"12575","1kmE3992N3116",193.378223500002
"12576","1kmE3992N3117",630.737016000001
"12577","1kmE3992N3118",816.337192499999
"12578","1kmE3992N3119",584.385813500001
"12579","1kmE3992N3120",334.48072
"12580","1kmE3992N3121",132.046430999999
"12581","1kmE3992N3122",308.349466
"12582","1kmE3992N3123",430.280487
"12583","1kmE3992N3124",949.6626
"12584","1kmE3992N3125",1149.93825
"12585","1kmE3992N3126",812.779011500001
"12586","1kmE3992N3127",175.9331315
"12587","1kmE3992N3128",0
"12588","1kmE3992N3129",126.552261999999
"12589","1kmE3992N3130",144.0845345
"12590","1kmE3992N3131",0
"12591","1kmE3992N3132",310.5862665
"12592","1kmE3992N3133",126.552261999999
"12593","1kmE3992N3134",153.705931500001
"12594","1kmE3992N3135",62.2602900000002
"12595","1kmE3992N3136",0
"12596","1kmE3992N3137",0
"12597","1kmE3992N3138",123.545809
"12598","1kmE3993N3080",0
"12599","1kmE3993N3081",0
"12600","1kmE3993N3082",0
"12601","1kmE3993N3083",82.9730679999993
"12602","1kmE3993N3084",12.3415525
"12603","1kmE3993N3085",148.871756
"12604","1kmE3993N3086",123.327154500001
"12605","1kmE3993N3087",33.9677900000006
"12606","1kmE3993N3088",0
"12607","1kmE3993N3089",0
"12608","1kmE3993N3090",0
"12609","1kmE3993N3091",154.051521000001
"12610","1kmE3993N3092",136.5302035
"12611","1kmE3993N3093",148.871756
"12612","1kmE3993N3094",136.5302035
"12613","1kmE3993N3095",136.5302035
"12614","1kmE3993N3096",25.2262905000007
"12615","1kmE3993N3097",21.3502045000005
"12616","1kmE3993N3098",0
"12617","1kmE3993N3099",0
"12618","1kmE3993N3100",0
"12619","1kmE3993N3101",0
"12620","1kmE3993N3102",50.7200000000003
"12621","1kmE3993N3103",0
"12622","1kmE3993N3104",109.703491
"12623","1kmE3993N3105",951.978558999999
"12624","1kmE3993N3106",634.667472999998
"12625","1kmE3993N3107",757.110521999999
"12626","1kmE3993N3108",591.7732325
"12627","1kmE3993N3109",0
"12628","1kmE3993N3110",0
"12629","1kmE3993N3111",0
"12630","1kmE3993N3112",43.6700529999998
"12631","1kmE3993N3113",93.0556159999996
"12632","1kmE3993N3114",0
"12633","1kmE3993N3115",193.59332
"12634","1kmE3993N3116",130.195114
"12635","1kmE3993N3117",730.7144245
"12636","1kmE3993N3118",805.110637500002
"12637","1kmE3993N3119",631.318038000001
"12638","1kmE3993N3120",631.5649875
"12639","1kmE3993N3121",293.955851999999
"12640","1kmE3993N3122",309.283294000001
"12641","1kmE3993N3123",319.140856999999
"12642","1kmE3993N3124",959.1803145
"12643","1kmE3993N3125",1294.356442
"12644","1kmE3993N3126",495.992612
"12645","1kmE3993N3127",660.8287685
"12646","1kmE3993N3128",25.2262904999998
"12647","1kmE3993N3129",89.7515490000005
"12648","1kmE3993N3130",0
"12649","1kmE3993N3131",276.145649
"12650","1kmE3993N3132",0
"12651","1kmE3993N3133",126.552262
"12652","1kmE3993N3134",0
"12653","1kmE3993N3135",0
"12654","1kmE3993N3136",0
"12655","1kmE3993N3137",0
"12656","1kmE3993N3138",0
"12657","1kmE3994N3080",0
"12658","1kmE3994N3081",27.8817195000011
"12659","1kmE3994N3082",0
"12660","1kmE3994N3083",12.434934500001
"12661","1kmE3994N3084",48.7980994999998
"12662","1kmE3994N3085",166.419174000001
"12663","1kmE3994N3086",0
"12664","1kmE3994N3087",33.9677900000006
"12665","1kmE3994N3088",0
"12666","1kmE3994N3089",78.801977500003
"12667","1kmE3994N3090",44.8341874999987
"12668","1kmE3994N3091",136.530203499999
"12669","1kmE3994N3092",136.5302035
"12670","1kmE3994N3093",170.497993499999
"12671","1kmE3994N3094",166.309210500001
"12672","1kmE3994N3095",136.5302035
"12673","1kmE3994N3096",166.309210500001
"12674","1kmE3994N3097",136.5302035
"12675","1kmE3994N3098",0
"12676","1kmE3994N3099",0
"12677","1kmE3994N3100",0
"12678","1kmE3994N3101",0
"12679","1kmE3994N3102",350.203604
"12680","1kmE3994N3103",0
"12681","1kmE3994N3104",233.249300000001
"12682","1kmE3994N3105",841.11558
"12683","1kmE3994N3106",305.408945499999
"12684","1kmE3994N3107",533.272159
"12685","1kmE3994N3108",123.545809000001
"12686","1kmE3994N3109",185.761334999999
"12687","1kmE3994N3110",675.547973500001
"12688","1kmE3994N3111",214.461311999999
"12689","1kmE3994N3112",29.8889705000001
"12690","1kmE3994N3113",0
"12691","1kmE3994N3114",258.547613000001
"12692","1kmE3994N3115",176.332912
"12693","1kmE3994N3116",271.338969
"12694","1kmE3994N3117",665.078935000001
"12695","1kmE3994N3118",603.384031000001
"12696","1kmE3994N3119",936.333428000002
"12697","1kmE3994N3120",751.877532999999
"12698","1kmE3994N3121",471.958305999999
"12699","1kmE3994N3122",249.699739500001
"12700","1kmE3994N3123",464.355504499999
"12701","1kmE3994N3124",470.073670000001
"12702","1kmE3994N3125",825.229256
"12703","1kmE3994N3126",618.050343999999
"12704","1kmE3994N3127",82.6622310000002
"12705","1kmE3994N3128",0
"12706","1kmE3994N3129",0
"12707","1kmE3994N3130",0
"12708","1kmE3994N3131",0
"12709","1kmE3994N3132",0
"12710","1kmE3994N3133",280.603782499999
"12711","1kmE3994N3134",157.5042735
"12712","1kmE3994N3135",0
"12713","1kmE3994N3136",0
"12714","1kmE3994N3137",0
"12715","1kmE3994N3138",0
"12716","1kmE3995N3080",36.4565469999998
"12717","1kmE3995N3081",48.7980994999998
"12718","1kmE3995N3082",48.8914815000007
"12719","1kmE3995N3083",36.4565469999998
"12720","1kmE3995N3084",36.4565469999998
"12721","1kmE3995N3085",0
"12722","1kmE3995N3086",0
"12723","1kmE3995N3087",166.3092105
"12724","1kmE3995N3088",0
"12725","1kmE3995N3089",91.1435300000012
"12726","1kmE3995N3090",44.8341875000006
"12727","1kmE3995N3091",136.5302035
"12728","1kmE3995N3092",0
"12729","1kmE3995N3093",0
"12730","1kmE3995N3094",50.9418315000003
"12731","1kmE3995N3095",183.525056999999
"12732","1kmE3995N3096",136.530203500002
"12733","1kmE3995N3097",166.309210500001
"12734","1kmE3995N3098",0
"12735","1kmE3995N3099",0
"12736","1kmE3995N3100",0
"12737","1kmE3995N3101",94.3374194999997
"12738","1kmE3995N3102",41.0986434999995
"12739","1kmE3995N3103",136.477915500001
"12740","1kmE3995N3104",198.7817435
"12741","1kmE3995N3105",0
"12742","1kmE3995N3106",143.9781365
"12743","1kmE3995N3107",180.463596
"12744","1kmE3995N3108",0
"12745","1kmE3995N3109",136.477915500001
"12746","1kmE3995N3110",709.484751
"12747","1kmE3995N3111",451.3841455
"12748","1kmE3995N3112",181.350132
"12749","1kmE3995N3113",166.309211
"12750","1kmE3995N3114",0
"12751","1kmE3995N3115",25.2262905000007
"12752","1kmE3995N3116",201.307634499999
"12753","1kmE3995N3117",462.8060735
"12754","1kmE3995N3118",754.552938999999
"12755","1kmE3995N3119",1358.2431215
"12756","1kmE3995N3120",972.474767
"12757","1kmE3995N3121",566.185236000001
"12758","1kmE3995N3122",0
"12759","1kmE3995N3123",18.2398979999998
"12760","1kmE3995N3124",183.311333
"12761","1kmE3995N3125",141.785707000001
"12762","1kmE3995N3126",270.418025000001
"12763","1kmE3995N3127",46.9948535000003
"12764","1kmE3995N3128",18.2398979999998
"12765","1kmE3995N3129",0
"12766","1kmE3995N3130",0
"12767","1kmE3995N3131",103.203004999999
"12768","1kmE3995N3132",0
"12769","1kmE3995N3133",126.552261999999
"12770","1kmE3995N3134",126.552262
"12771","1kmE3995N3135",0
"12772","1kmE3995N3136",0
"12773","1kmE3995N3137",26.5537674999996
"12774","1kmE3995N3138",0
"12775","1kmE3996N3078",0
"12776","1kmE3996N3079",0
"12777","1kmE3996N3080",12.434934500001
"12778","1kmE3996N3081",89.0964075000011
"12779","1kmE3996N3082",48.7980995000016
"12780","1kmE3996N3083",0
"12781","1kmE3996N3084",0
"12782","1kmE3996N3085",0
"12783","1kmE3996N3086",103.3007435
"12784","1kmE3996N3087",0
"12785","1kmE3996N3088",316.161715999999
"12786","1kmE3996N3089",33.9677899999988
"12787","1kmE3996N3090",0
"12788","1kmE3996N3091",157.880408000001
"12789","1kmE3996N3092",0
"12790","1kmE3996N3093",33.9677900000006
"12791","1kmE3996N3094",0
"12792","1kmE3996N3095",170.497993499997
"12793","1kmE3996N3096",369.9933915
"12794","1kmE3996N3097",136.5302035
"12795","1kmE3996N3098",52.4844069999999
"12796","1kmE3996N3099",52.4844069999999
"12797","1kmE3996N3100",111.302944999999
"12798","1kmE3996N3101",354.194777500001
"12799","1kmE3996N3102",271.745375499999
"12800","1kmE3996N3103",472.143318500001
"12801","1kmE3996N3104",260.023724500003
"12802","1kmE3996N3105",170.322007999999
"12803","1kmE3996N3106",0
"12804","1kmE3996N3107",396.653434
"12805","1kmE3996N3108",151.786889999999
"12806","1kmE3996N3109",0
"12807","1kmE3996N3110",0
"12808","1kmE3996N3111",226.466676999999
"12809","1kmE3996N3112",19.2019230000005
"12810","1kmE3996N3113",0
"12811","1kmE3996N3114",426.3129365
"12812","1kmE3996N3115",219.751397
"12813","1kmE3996N3116",127.7549325
"12814","1kmE3996N3117",810.152105000001
"12815","1kmE3996N3118",1216.078909
"12816","1kmE3996N3119",1102.9936645
"12817","1kmE3996N3120",693.514525499999
"12818","1kmE3996N3121",185.124191500001
"12819","1kmE3996N3122",206.1656515
"12820","1kmE3996N3123",232.756188
"12821","1kmE3996N3124",18.2398979999998
"12822","1kmE3996N3125",123.545808999999
"12823","1kmE3996N3126",152.599840000001
"12824","1kmE3996N3127",173.332469999999
"12825","1kmE3996N3128",222.0716315
"12826","1kmE3996N3129",66.5018485000001
"12827","1kmE3996N3130",213.297358
"12828","1kmE3996N3131",454.567707499999
"12829","1kmE3996N3132",126.552262
"12830","1kmE3996N3133",173.3806655
"12831","1kmE3996N3134",98.7465010000005
"12832","1kmE3996N3135",0
"12833","1kmE3996N3136",18.2398979999998
"12834","1kmE3996N3137",0
"12835","1kmE3996N3138",76.3878165000006
"12836","1kmE3996N3139",76.3878165000006
"12837","1kmE3997N3077",12.4349345000001
"12838","1kmE3997N3078",50.7200000000003
"12839","1kmE3997N3079",61.233033999999
"12840","1kmE3997N3080",12.4349344999991
"12841","1kmE3997N3081",48.8914814999989
"12842","1kmE3997N3082",36.4565469999998
"12843","1kmE3997N3083",0
"12844","1kmE3997N3084",0
"12845","1kmE3997N3085",168.161343
"12846","1kmE3997N3086",0
"12847","1kmE3997N3087",114.885256500002
"12848","1kmE3997N3088",200.277000499998
"12849","1kmE3997N3089",0
"12850","1kmE3997N3090",0
"12851","1kmE3997N3091",189.502607
"12852","1kmE3997N3092",136.5302035
"12853","1kmE3997N3093",222.999711999999
"12854","1kmE3997N3094",116.102206
"12855","1kmE3997N3095",131.728348500001
"12856","1kmE3997N3096",172.845474499998
"12857","1kmE3997N3097",0
"12858","1kmE3997N3098",56.6905009999991
"12859","1kmE3997N3099",0
"12860","1kmE3997N3100",94.3374194999997
"12861","1kmE3997N3101",0
"12862","1kmE3997N3102",303.630149499997
"12863","1kmE3997N3103",477.014774499999
"12864","1kmE3997N3104",526.656651000001
"12865","1kmE3997N3105",180.302995000002
"12866","1kmE3997N3106",838.375741999998
"12867","1kmE3997N3107",409.8079865
"12868","1kmE3997N3108",227.565440499999
"12869","1kmE3997N3109",176.081344
"12870","1kmE3997N3110",303.621913500003
"12871","1kmE3997N3111",219.751397
"12872","1kmE3997N3112",0
"12873","1kmE3997N3113",185.092822000001
"12874","1kmE3997N3114",228.762874999999
"12875","1kmE3997N3115",0
"12876","1kmE3997N3116",296.685621499999
"12877","1kmE3997N3117",875.425831500001
"12878","1kmE3997N3118",1074.0056375
"12879","1kmE3997N3119",964.001714
"12880","1kmE3997N3120",163.724799
"12881","1kmE3997N3121",0
"12882","1kmE3997N3122",0
"12883","1kmE3997N3123",46.9948535000003
"12884","1kmE3997N3124",0
"12885","1kmE3997N3125",0
"12886","1kmE3997N3126",0
"12887","1kmE3997N3127",0
"12888","1kmE3997N3128",0
"12889","1kmE3997N3129",151.786889999999
"12890","1kmE3997N3130",312.7974335
"12891","1kmE3997N3131",329.0672605
"12892","1kmE3997N3132",126.552262
"12893","1kmE3997N3133",208.306275
"12894","1kmE3997N3134",143.9781365
"12895","1kmE3997N3135",0
"12896","1kmE3997N3136",0
"12897","1kmE3997N3137",224.8999255
"12898","1kmE3997N3138",84.5560879999994
"12899","1kmE3997N3139",92.804709
"12900","1kmE3998N3077",0
"12901","1kmE3998N3078",0
"12902","1kmE3998N3079",12.4349344999991
"12903","1kmE3998N3080",12.434934500001
"12904","1kmE3998N3081",0
"12905","1kmE3998N3082",0
"12906","1kmE3998N3083",82.9730680000011
"12907","1kmE3998N3084",0
"12908","1kmE3998N3085",117.7941555
"12909","1kmE3998N3086",219.216797999998
"12910","1kmE3998N3087",33.9677899999988
"12911","1kmE3998N3088",170.497993499999
"12912","1kmE3998N3089",33.9677899999988
"12913","1kmE3998N3090",0
"12914","1kmE3998N3091",12.3415525
"12915","1kmE3998N3092",0
"12916","1kmE3998N3093",0
"12917","1kmE3998N3094",249.282278500001
"12918","1kmE3998N3095",33.9677900000024
"12919","1kmE3998N3096",33.9677899999988
"12920","1kmE3998N3097",0
"12921","1kmE3998N3098",185.7613345
"12922","1kmE3998N3099",168.233614499999
"12923","1kmE3998N3100",0
"12924","1kmE3998N3101",699.140718000001
"12925","1kmE3998N3102",463.864013499999
"12926","1kmE3998N3103",555.525048500003
"12927","1kmE3998N3104",669.236160500001
"12928","1kmE3998N3105",1049.919607
"12929","1kmE3998N3106",727.448738000001
"12930","1kmE3998N3107",739.4187425
"12931","1kmE3998N3108",1028.807141
"12932","1kmE3998N3109",1202.132693
"12933","1kmE3998N3110",1025.672783
"12934","1kmE3998N3111",0
"12935","1kmE3998N3112",0
"12936","1kmE3998N3113",180.200257
"12937","1kmE3998N3114",0
"12938","1kmE3998N3115",0
"12939","1kmE3998N3116",12.3415525
"12940","1kmE3998N3117",160.240808499999
"12941","1kmE3998N3118",344.789917
"12942","1kmE3998N3119",0
"12943","1kmE3998N3120",313.829768
"12944","1kmE3998N3121",270.529602500001
"12945","1kmE3998N3122",0
"12946","1kmE3998N3123",0
"12947","1kmE3998N3124",304.105175500001
"12948","1kmE3998N3125",0
"12949","1kmE3998N3126",0
"12950","1kmE3998N3127",176.081344
"12951","1kmE3998N3128",0
"12952","1kmE3998N3129",136.530203
"12953","1kmE3998N3130",0
"12954","1kmE3998N3131",0
"12955","1kmE3998N3132",225.298763
"12956","1kmE3998N3133",126.552262
"12957","1kmE3998N3134",29.8889705000001
"12958","1kmE3998N3135",0
"12959","1kmE3998N3136",0
"12960","1kmE3998N3137",84.5560880000003
"12961","1kmE3998N3138",76.3878165000006
"12962","1kmE3998N3139",0
"12963","1kmE3999N3077",0
"12964","1kmE3999N3078",0
"12965","1kmE3999N3079",36.4565469999998
"12966","1kmE3999N3080",0
"12967","1kmE3999N3081",0
"12968","1kmE3999N3082",0
"12969","1kmE3999N3083",172.077360000001
"12970","1kmE3999N3084",96.5985220000002
"12971","1kmE3999N3085",12.580183500002
"12972","1kmE3999N3086",117.7941555
"12973","1kmE3999N3087",220.377875
"12974","1kmE3999N3088",36.3152709999995
"12975","1kmE3999N3089",239.785064500002
"12976","1kmE3999N3090",0
"12977","1kmE3999N3091",0
"12978","1kmE3999N3092",0
"12979","1kmE3999N3093",0
"12980","1kmE3999N3094",219.5032715
"12981","1kmE3999N3095",244.8194845
"12982","1kmE3999N3096",166.3092105
"12983","1kmE3999N3097",0
"12984","1kmE3999N3098",469.165569500001
"12985","1kmE3999N3099",577.8992965
"12986","1kmE3999N3100",136.4779155
"12987","1kmE3999N3101",759.693989999998
"12988","1kmE3999N3102",1013.8207055
"12989","1kmE3999N3103",501.112130499998
"12990","1kmE3999N3104",496.8354535
"12991","1kmE3999N3105",999.885712499999
"12992","1kmE3999N3106",1096.0928995
"12993","1kmE3999N3107",84.7417465000008
"12994","1kmE3999N3108",826.391728500003
"12995","1kmE3999N3109",1031.658082
"12996","1kmE3999N3110",1298.617048
"12997","1kmE3999N3111",967.372294499999
"12998","1kmE3999N3112",1.92440399999941
"12999","1kmE3999N3113",688.368860999999
"13000","1kmE3999N3114",696.064873000001
"13001","1kmE3999N3115",276.37053
"13002","1kmE3999N3116",22.9752130000002
"13003","1kmE3999N3117",50.7200000000003
"13004","1kmE3999N3118",0
"13005","1kmE3999N3119",18.2398979999998
"13006","1kmE3999N3120",130.905709000001
"13007","1kmE3999N3121",0
"13008","1kmE3999N3122",18.2398979999998
"13009","1kmE3999N3123",0
"13010","1kmE3999N3124",185.761334500001
"13011","1kmE3999N3125",0
"13012","1kmE3999N3126",29.8889704999997
"13013","1kmE3999N3127",0
"13014","1kmE3999N3128",236.0573715
"13015","1kmE3999N3129",0
"13016","1kmE3999N3130",0
"13017","1kmE3999N3131",98.7465010000005
"13018","1kmE3999N3132",225.298763
"13019","1kmE3999N3133",126.552262
"13020","1kmE3999N3134",126.552262
"13021","1kmE3999N3135",401.666306499999
"13022","1kmE3999N3136",796.599431000001
"13023","1kmE3999N3137",415.026125499999
"13024","1kmE3999N3138",155.313815
"13025","1kmE4000N3077",0
"13026","1kmE4000N3078",0
"13027","1kmE4000N3079",0
"13028","1kmE4000N3080",0
"13029","1kmE4000N3081",19.0969535000004
"13030","1kmE4000N3082",170.852856000001
"13031","1kmE4000N3083",46.0433090000006
"13032","1kmE4000N3084",0
"13033","1kmE4000N3085",0
"13034","1kmE4000N3086",123.327154499999
"13035","1kmE4000N3087",212.462628000001
"13036","1kmE4000N3088",311.860829500001
"13037","1kmE4000N3089",31.5570360000002
"13038","1kmE4000N3090",0
"13039","1kmE4000N3091",0
"13040","1kmE4000N3092",0
"13041","1kmE4000N3093",36.3152709999995
"13042","1kmE4000N3094",136.5302035
"13043","1kmE4000N3095",136.530203499999
"13044","1kmE4000N3096",232.811059
"13045","1kmE4000N3097",95.4130774999994
"13046","1kmE4000N3098",337.929689999997
"13047","1kmE4000N3099",979.250586999999
"13048","1kmE4000N3100",457.702300499999
"13049","1kmE4000N3101",760.836080500001
"13050","1kmE4000N3102",1047.6911975
"13051","1kmE4000N3103",1186.941363
"13052","1kmE4000N3104",825.852744
"13053","1kmE4000N3105",807.373659499997
"13054","1kmE4000N3106",611.0270855
"13055","1kmE4000N3107",162.324432500001
"13056","1kmE4000N3108",1402.6317165
"13057","1kmE4000N3109",1445.7186495
"13058","1kmE4000N3110",444.436125
"13059","1kmE4000N3111",861.310455000001
"13060","1kmE4000N3112",359.345131999999
"13061","1kmE4000N3113",611.420495999999
"13062","1kmE4000N3114",686.249471000001
"13063","1kmE4000N3115",297.2325525
"13064","1kmE4000N3116",18.2398979999998
"13065","1kmE4000N3117",0
"13066","1kmE4000N3118",27.1536695
"13067","1kmE4000N3119",0
"13068","1kmE4000N3120",0
"13069","1kmE4000N3121",64.8353164999999
"13070","1kmE4000N3122",0
"13071","1kmE4000N3123",0
"13072","1kmE4000N3124",26.5537674999996
"13073","1kmE4000N3125",343.25721
"13074","1kmE4000N3126",533.270080999999
"13075","1kmE4000N3127",0
"13076","1kmE4000N3128",0
"13077","1kmE4000N3129",0
"13078","1kmE4000N3130",173.380666
"13079","1kmE4000N3131",0
"13080","1kmE4000N3132",0
"13081","1kmE4000N3133",126.552261999999
"13082","1kmE4000N3134",126.552261999999
"13083","1kmE4000N3135",606.512142000001
"13084","1kmE4000N3136",1226.853851
"13085","1kmE4000N3137",685.091764500001
"13086","1kmE4000N3138",988.4278935
"13087","1kmE4001N3077",0
"13088","1kmE4001N3078",0
"13089","1kmE4001N3079",0
"13090","1kmE4001N3080",0
"13091","1kmE4001N3081",0
"13092","1kmE4001N3082",0
"13093","1kmE4001N3083",123.327154500001
"13094","1kmE4001N3084",19.0969530000002
"13095","1kmE4001N3085",33.9677900000006
"13096","1kmE4001N3086",12.3415525
"13097","1kmE4001N3087",275.545558499998
"13098","1kmE4001N3088",275.545558500002
"13099","1kmE4001N3089",197.7575105
"13100","1kmE4001N3090",0
"13101","1kmE4001N3091",0
"13102","1kmE4001N3092",166.309210500001
"13103","1kmE4001N3093",0
"13104","1kmE4001N3094",0
"13105","1kmE4001N3095",0
"13106","1kmE4001N3096",0
"13107","1kmE4001N3097",95.4130774999994
"13108","1kmE4001N3098",150.993828000002
"13109","1kmE4001N3099",293.8299095
"13110","1kmE4001N3100",597.667781
"13111","1kmE4001N3101",840.709494000001
"13112","1kmE4001N3102",1189.4370215
"13113","1kmE4001N3103",1428.9373505
"13114","1kmE4001N3104",968.154930500001
"13115","1kmE4001N3105",72.3393189999988
"13116","1kmE4001N3106",18.2398979999998
"13117","1kmE4001N3107",18.2398979999998
"13118","1kmE4001N3108",856.5688515
"13119","1kmE4001N3109",644.477800000001
"13120","1kmE4001N3110",404.094837499999
"13121","1kmE4001N3111",819.9733
"13122","1kmE4001N3112",708.958822999999
"13123","1kmE4001N3113",756.0113215
"13124","1kmE4001N3114",540.995073
"13125","1kmE4001N3115",463.2822545
"13126","1kmE4001N3116",178.971044999999
"13127","1kmE4001N3117",0
"13128","1kmE4001N3118",0
"13129","1kmE4001N3119",0
"13130","1kmE4001N3120",0
"13131","1kmE4001N3121",0
"13132","1kmE4001N3122",154.0515205
"13133","1kmE4001N3123",0
"13134","1kmE4001N3124",46.9948535000003
"13135","1kmE4001N3125",306.724031
"13136","1kmE4001N3126",471.424953500002
"13137","1kmE4001N3127",0
"13138","1kmE4001N3128",160.233864000001
"13139","1kmE4001N3129",0
"13140","1kmE4001N3130",0
"13141","1kmE4001N3131",88.2433565000001
"13142","1kmE4001N3132",0
"13143","1kmE4001N3133",0
"13144","1kmE4001N3134",126.552261999999
"13145","1kmE4001N3135",263.082466
"13146","1kmE4001N3136",689.604282
"13147","1kmE4001N3137",842.576553500003
"13148","1kmE4001N3138",900.044283500001
"13149","1kmE4002N3077",0
"13150","1kmE4002N3078",33.9677900000006
"13151","1kmE4002N3079",33.9677900000006
"13152","1kmE4002N3080",33.9677899999988
"13153","1kmE4002N3081",76.6614730000001
"13154","1kmE4002N3082",123.327154499999
"13155","1kmE4002N3083",116.940543000001
"13156","1kmE4002N3084",168.161342000001
"13157","1kmE4002N3085",33.9677900000006
"13158","1kmE4002N3086",36.3152709999995
"13159","1kmE4002N3087",0
"13160","1kmE4002N3088",219.5032715
"13161","1kmE4002N3089",0
"13162","1kmE4002N3090",0
"13163","1kmE4002N3091",0
"13164","1kmE4002N3092",166.3092105
"13165","1kmE4002N3093",202.624481500001
"13166","1kmE4002N3094",0
"13167","1kmE4002N3095",0
"13168","1kmE4002N3096",0
"13169","1kmE4002N3097",0
"13170","1kmE4002N3098",136.530203499999
"13171","1kmE4002N3099",209.038660999999
"13172","1kmE4002N3100",557.551351999999
"13173","1kmE4002N3101",140.842789999999
"13174","1kmE4002N3102",1229.2374405
"13175","1kmE4002N3103",1245.332851
"13176","1kmE4002N3104",1139.622413
"13177","1kmE4002N3105",18.2398979999998
"13178","1kmE4002N3106",154.7701015
"13179","1kmE4002N3107",448.0354475
"13180","1kmE4002N3108",313.2271855
"13181","1kmE4002N3109",209.979264000001
"13182","1kmE4002N3110",178.684571
"13183","1kmE4002N3111",804.90156
"13184","1kmE4002N3112",800.428702000001
"13185","1kmE4002N3113",1114.875241
"13186","1kmE4002N3114",300.477143
"13187","1kmE4002N3115",390.705507000001
"13188","1kmE4002N3116",0
"13189","1kmE4002N3117",0
"13190","1kmE4002N3118",0
"13191","1kmE4002N3119",0
"13192","1kmE4002N3120",0
"13193","1kmE4002N3121",0
"13194","1kmE4002N3122",76.8838240000005
"13195","1kmE4002N3123",0
"13196","1kmE4002N3124",0
"13197","1kmE4002N3125",18.2398979999998
"13198","1kmE4002N3126",149.9157215
"13199","1kmE4002N3127",154.089330999999
"13200","1kmE4002N3128",30.414479
"13201","1kmE4002N3129",0
"13202","1kmE4002N3130",151.786889999999
"13203","1kmE4002N3131",0
"13204","1kmE4002N3132",53.522669
"13205","1kmE4002N3133",0
"13206","1kmE4002N3134",0
"13207","1kmE4002N3135",0
"13208","1kmE4002N3136",195.456943000001
"13209","1kmE4002N3137",510.1881185
"13210","1kmE4002N3138",635.766022
"13211","1kmE4002N3139",445.090944
"13212","1kmE4003N3078",0
"13213","1kmE4003N3079",0
"13214","1kmE4003N3080",0
"13215","1kmE4003N3081",0
"13216","1kmE4003N3082",0
"13217","1kmE4003N3083",116.940542999997
"13218","1kmE4003N3084",80.3549760000024
"13219","1kmE4003N3085",33.9677900000006
"13220","1kmE4003N3086",0
"13221","1kmE4003N3087",0
"13222","1kmE4003N3088",0
"13223","1kmE4003N3089",0
"13224","1kmE4003N3090",0
"13225","1kmE4003N3091",0
"13226","1kmE4003N3092",0
"13227","1kmE4003N3093",0
"13228","1kmE4003N3094",0
"13229","1kmE4003N3095",0
"13230","1kmE4003N3096",0
"13231","1kmE4003N3097",0
"13232","1kmE4003N3098",322.963009999999
"13233","1kmE4003N3099",96.8559384999971
"13234","1kmE4003N3100",233.540903000001
"13235","1kmE4003N3101",0
"13236","1kmE4003N3102",226.951204499999
"13237","1kmE4003N3103",960.650948500002
"13238","1kmE4003N3104",579.258062500001
"13239","1kmE4003N3105",57.0479009999999
"13240","1kmE4003N3106",494.911404999999
"13241","1kmE4003N3107",512.346749000002
"13242","1kmE4003N3108",163.3058485
"13243","1kmE4003N3109",0
"13244","1kmE4003N3110",0
"13245","1kmE4003N3111",0
"13246","1kmE4003N3112",645.1353325
"13247","1kmE4003N3113",312.518288500001
"13248","1kmE4003N3114",354.1162065
"13249","1kmE4003N3115",346.098717499999
"13250","1kmE4003N3116",18.2398979999998
"13251","1kmE4003N3117",0
"13252","1kmE4003N3118",0
"13253","1kmE4003N3119",145.4355935
"13254","1kmE4003N3120",27.1536695000004
"13255","1kmE4003N3121",0
"13256","1kmE4003N3122",30.3544599999996
"13257","1kmE4003N3123",0
"13258","1kmE4003N3124",0
"13259","1kmE4003N3125",121.5033055
"13260","1kmE4003N3126",18.2398979999998
"13261","1kmE4003N3127",0
"13262","1kmE4003N3128",0
"13263","1kmE4003N3129",0
"13264","1kmE4003N3130",0
"13265","1kmE4003N3131",0
"13266","1kmE4003N3132",0
"13267","1kmE4003N3133",0
"13268","1kmE4003N3134",47.4265654999999
"13269","1kmE4003N3135",160.233864
"13270","1kmE4003N3136",0
"13271","1kmE4003N3137",0
"13272","1kmE4003N3138",18.2398979999998
"13273","1kmE4003N3139",43.6700529999998
"13274","1kmE4003N3140",0
"13275","1kmE4004N3079",0
"13276","1kmE4004N3080",0
"13277","1kmE4004N3081",0
"13278","1kmE4004N3082",51.8714305000012
"13279","1kmE4004N3083",147.345096500001
"13280","1kmE4004N3084",72.1063549999999
"13281","1kmE4004N3085",0
"13282","1kmE4004N3086",0
"13283","1kmE4004N3087",0
"13284","1kmE4004N3088",0
"13285","1kmE4004N3089",0
"13286","1kmE4004N3090",0
"13287","1kmE4004N3091",0
"13288","1kmE4004N3092",0
"13289","1kmE4004N3093",0
"13290","1kmE4004N3094",12.3415525
"13291","1kmE4004N3095",0
"13292","1kmE4004N3096",0
"13293","1kmE4004N3097",0
"13294","1kmE4004N3098",350.281521500001
"13295","1kmE4004N3099",285.386883000001
"13296","1kmE4004N3100",344.678803000001
"13297","1kmE4004N3101",0
"13298","1kmE4004N3102",0
"13299","1kmE4004N3103",52.4844069999999
"13300","1kmE4004N3104",81.7540130000016
"13301","1kmE4004N3105",161.818960999997
"13302","1kmE4004N3106",353.168367000002
"13303","1kmE4004N3107",397.141882
"13304","1kmE4004N3108",18.2398979999998
"13305","1kmE4004N3109",30.3540900000007
"13306","1kmE4004N3110",111.302945
"13307","1kmE4004N3111",0
"13308","1kmE4004N3112",219.101688500001
"13309","1kmE4004N3113",515.8381285
"13310","1kmE4004N3114",609.571493500001
"13311","1kmE4004N3115",449.8323925
"13312","1kmE4004N3116",18.2398979999998
"13313","1kmE4004N3117",0
"13314","1kmE4004N3118",46.9948534999994
"13315","1kmE4004N3119",0
"13316","1kmE4004N3120",46.9948535000003
"13317","1kmE4004N3121",0
"13318","1kmE4004N3122",0
"13319","1kmE4004N3123",0
"13320","1kmE4004N3124",0
"13321","1kmE4004N3125",27.1536695000004
"13322","1kmE4004N3126",0
"13323","1kmE4004N3127",121.160766
"13324","1kmE4004N3128",78.5102739999993
"13325","1kmE4004N3129",0
"13326","1kmE4004N3130",143.9781365
"13327","1kmE4004N3131",0
"13328","1kmE4004N3132",0
"13329","1kmE4004N3133",0
"13330","1kmE4004N3134",0
"13331","1kmE4004N3135",82.9730679999993
"13332","1kmE4004N3136",0
"13333","1kmE4004N3137",0
"13334","1kmE4004N3138",131.818800499999
"13335","1kmE4004N3139",0
"13336","1kmE4004N3140",0
"13337","1kmE4005N3079",0
"13338","1kmE4005N3080",0
"13339","1kmE4005N3081",33.9677899999988
"13340","1kmE4005N3082",33.9677899999988
"13341","1kmE4005N3083",166.3092105
"13342","1kmE4005N3084",0
"13343","1kmE4005N3085",0
"13344","1kmE4005N3086",0
"13345","1kmE4005N3087",0
"13346","1kmE4005N3088",0
"13347","1kmE4005N3089",0
"13348","1kmE4005N3090",33.9677900000006
"13349","1kmE4005N3091",0
"13350","1kmE4005N3092",0
"13351","1kmE4005N3093",0
"13352","1kmE4005N3094",36.3152710000004
"13353","1kmE4005N3095",0
"13354","1kmE4005N3096",0
"13355","1kmE4005N3097",0
"13356","1kmE4005N3098",267.523945500001
"13357","1kmE4005N3099",151.786890000001
"13358","1kmE4005N3100",0
"13359","1kmE4005N3101",22.9752130000015
"13360","1kmE4005N3102",148.842707
"13361","1kmE4005N3103",0
"13362","1kmE4005N3104",347.262025
"13363","1kmE4005N3105",47.107470500001
"13364","1kmE4005N3106",150.099576500001
"13365","1kmE4005N3107",141.785706999999
"13366","1kmE4005N3108",162.168187499999
"13367","1kmE4005N3109",33.9677899999997
"13368","1kmE4005N3110",111.0981605
"13369","1kmE4005N3111",0
"13370","1kmE4005N3112",61.6459589999995
"13371","1kmE4005N3113",681.5406755
"13372","1kmE4005N3114",848.286145
"13373","1kmE4005N3115",363.079825
"13374","1kmE4005N3116",153.254416000002
"13375","1kmE4005N3117",52.4844069999999
"13376","1kmE4005N3118",46.9948534999994
"13377","1kmE4005N3119",88.414374
"13378","1kmE4005N3120",0
"13379","1kmE4005N3121",51.8203269999995
"13380","1kmE4005N3122",0
"13381","1kmE4005N3123",79.5261710000013
"13382","1kmE4005N3124",186.787631499999
"13383","1kmE4005N3125",26.5537674999996
"13384","1kmE4005N3126",0
"13385","1kmE4005N3127",0
"13386","1kmE4005N3128",103.2634075
"13387","1kmE4005N3129",0
"13388","1kmE4005N3130",0
"13389","1kmE4005N3131",136.4779155
"13390","1kmE4005N3132",26.5537675000005
"13391","1kmE4005N3133",0
"13392","1kmE4005N3134",0
"13393","1kmE4005N3135",0
"13394","1kmE4005N3136",0
"13395","1kmE4005N3137",0
"13396","1kmE4005N3138",62.2602900000002
"13397","1kmE4005N3139",0
"13398","1kmE4005N3140",92.7620239999997
"13399","1kmE4005N3141",0
"13400","1kmE4006N3081",33.9677900000006
"13401","1kmE4006N3082",0
"13402","1kmE4006N3083",0
"13403","1kmE4006N3084",0
"13404","1kmE4006N3085",0
"13405","1kmE4006N3086",0
"13406","1kmE4006N3087",0
"13407","1kmE4006N3088",0
"13408","1kmE4006N3089",0
"13409","1kmE4006N3090",0
"13410","1kmE4006N3091",33.9677899999988
"13411","1kmE4006N3092",0
"13412","1kmE4006N3093",0
"13413","1kmE4006N3094",0
"13414","1kmE4006N3095",0
"13415","1kmE4006N3096",0
"13416","1kmE4006N3097",542.629392000001
"13417","1kmE4006N3098",78.4035954999999
"13418","1kmE4006N3099",87.253194500001
"13419","1kmE4006N3100",342.212189
"13420","1kmE4006N3101",0
"13421","1kmE4006N3102",163.396687500001
"13422","1kmE4006N3103",0
"13423","1kmE4006N3104",117.2790995
"13424","1kmE4006N3105",151.786889999999
"13425","1kmE4006N3106",136.680505
"13426","1kmE4006N3107",155.683792
"13427","1kmE4006N3108",108.907682499999
"13428","1kmE4006N3109",52.2076880000004
"13429","1kmE4006N3110",147.418754
"13430","1kmE4006N3111",177.600009
"13431","1kmE4006N3112",151.786889999999
"13432","1kmE4006N3113",442.111031500001
"13433","1kmE4006N3114",884.179180499999
"13434","1kmE4006N3115",562.135528000001
"13435","1kmE4006N3116",401.7607685
"13436","1kmE4006N3117",46.9948535000003
"13437","1kmE4006N3118",0
"13438","1kmE4006N3119",83.870516500001
"13439","1kmE4006N3120",106.114624000002
"13440","1kmE4006N3121",0
"13441","1kmE4006N3122",43.6700529999998
"13442","1kmE4006N3123",0
"13443","1kmE4006N3124",160.233864
"13444","1kmE4006N3125",0
"13445","1kmE4006N3126",0
"13446","1kmE4006N3127",0
"13447","1kmE4006N3128",0
"13448","1kmE4006N3129",0
"13449","1kmE4006N3130",0
"13450","1kmE4006N3131",27.1536695000013
"13451","1kmE4006N3132",27.1536694999995
"13452","1kmE4006N3133",136.4779155
"13453","1kmE4006N3134",0
"13454","1kmE4006N3135",481.149731000001
"13455","1kmE4006N3136",80.1996959999997
"13456","1kmE4006N3137",160.233864
"13457","1kmE4006N3138",160.233864
"13458","1kmE4006N3139",0
"13459","1kmE4006N3140",166.997207500001
"13460","1kmE4006N3141",350.675008
"13461","1kmE4007N3081",259.766409
"13462","1kmE4007N3082",103.263407500001
"13463","1kmE4007N3083",27.8817194999992
"13464","1kmE4007N3084",50.7199999999993
"13465","1kmE4007N3085",0
"13466","1kmE4007N3086",242.2416345
"13467","1kmE4007N3087",166.419173499999
"13468","1kmE4007N3088",0
"13469","1kmE4007N3089",0
"13470","1kmE4007N3090",33.9677900000006
"13471","1kmE4007N3091",36.3152710000004
"13472","1kmE4007N3092",0
"13473","1kmE4007N3093",0
"13474","1kmE4007N3094",179.6315125
"13475","1kmE4007N3095",0
"13476","1kmE4007N3096",0
"13477","1kmE4007N3097",318.096101000001
"13478","1kmE4007N3098",250.395382999999
"13479","1kmE4007N3099",0
"13480","1kmE4007N3100",82.8384969999988
"13481","1kmE4007N3101",81.7540129999998
"13482","1kmE4007N3102",0
"13483","1kmE4007N3103",151.814237999999
"13484","1kmE4007N3104",161.160266999999
"13485","1kmE4007N3105",0
"13486","1kmE4007N3106",81.7540129999998
"13487","1kmE4007N3107",563.729121999999
"13488","1kmE4007N3108",413.828203999999
"13489","1kmE4007N3109",339.622194
"13490","1kmE4007N3110",112.9491405
"13491","1kmE4007N3111",343.4455795
"13492","1kmE4007N3112",131.8188005
"13493","1kmE4007N3113",435.345836500001
"13494","1kmE4007N3114",617.270579
"13495","1kmE4007N3115",843.140625
"13496","1kmE4007N3116",200.8947525
"13497","1kmE4007N3117",0
"13498","1kmE4007N3118",43.6700529999998
"13499","1kmE4007N3119",0
"13500","1kmE4007N3120",370.841502
"13501","1kmE4007N3121",0
"13502","1kmE4007N3122",0
"13503","1kmE4007N3123",0
"13504","1kmE4007N3124",0
"13505","1kmE4007N3125",0
"13506","1kmE4007N3126",0
"13507","1kmE4007N3127",0
"13508","1kmE4007N3128",0
"13509","1kmE4007N3129",0
"13510","1kmE4007N3130",0
"13511","1kmE4007N3131",20.7326300000004
"13512","1kmE4007N3132",27.1536695000013
"13513","1kmE4007N3133",26.5537674999996
"13514","1kmE4007N3134",190.5883245
"13515","1kmE4007N3135",160.2338645
"13516","1kmE4007N3136",199.978296499999
"13517","1kmE4007N3137",203.903917
"13518","1kmE4007N3138",223.3015655
"13519","1kmE4007N3139",0
"13520","1kmE4007N3140",812.456667500001
"13521","1kmE4007N3141",778.500765000001
"13522","1kmE4008N3081",239.646444
"13523","1kmE4008N3082",29.8889705000001
"13524","1kmE4008N3083",52.3197295
"13525","1kmE4008N3084",33.9677900000006
"13526","1kmE4008N3085",0
"13527","1kmE4008N3086",166.3092105
"13528","1kmE4008N3087",166.309209999999
"13529","1kmE4008N3088",12.3415525
"13530","1kmE4008N3089",0
"13531","1kmE4008N3090",0
"13532","1kmE4008N3091",0
"13533","1kmE4008N3092",0
"13534","1kmE4008N3093",0
"13535","1kmE4008N3094",0
"13536","1kmE4008N3095",136.530203499999
"13537","1kmE4008N3096",179.6315125
"13538","1kmE4008N3097",155.313815000001
"13539","1kmE4008N3098",159.5054165
"13540","1kmE4008N3099",123.545808999999
"13541","1kmE4008N3100",81.7540129999998
"13542","1kmE4008N3101",134.23842
"13543","1kmE4008N3102",81.7540129999998
"13544","1kmE4008N3103",81.7540129999998
"13545","1kmE4008N3104",81.7540129999998
"13546","1kmE4008N3105",81.7540130000016
"13547","1kmE4008N3106",500.864404999998
"13548","1kmE4008N3107",411.433559000001
"13549","1kmE4008N3108",493.104943500002
"13550","1kmE4008N3109",714.426506999998
"13551","1kmE4008N3110",173.3584505
"13552","1kmE4008N3111",163.582567500001
"13553","1kmE4008N3112",117.4788795
"13554","1kmE4008N3113",220.4017475
"13555","1kmE4008N3114",215.997101500001
"13556","1kmE4008N3115",96.8559384999999
"13557","1kmE4008N3116",30.3540899999998
"13558","1kmE4008N3117",81.7540130000002
"13559","1kmE4008N3118",0
"13560","1kmE4008N3119",0
"13561","1kmE4008N3120",166.732691
"13562","1kmE4008N3121",0
"13563","1kmE4008N3122",0
"13564","1kmE4008N3123",101.4226425
"13565","1kmE4008N3124",249.282278500001
"13566","1kmE4008N3125",0
"13567","1kmE4008N3126",0
"13568","1kmE4008N3127",0
"13569","1kmE4008N3128",0
"13570","1kmE4008N3129",0
"13571","1kmE4008N3130",0
"13572","1kmE4008N3131",27.1536694999995
"13573","1kmE4008N3132",27.1536694999995
"13574","1kmE4008N3133",27.1536694999995
"13575","1kmE4008N3134",0
"13576","1kmE4008N3135",0
"13577","1kmE4008N3136",0
"13578","1kmE4008N3137",226.735712500002
"13579","1kmE4008N3138",0
"13580","1kmE4008N3139",162.218034500002
"13581","1kmE4008N3140",476.019829000001
"13582","1kmE4008N3141",484.306078
"13583","1kmE4009N3082",127.195697
"13584","1kmE4009N3083",34.7723114999999
"13585","1kmE4009N3084",36.3152709999995
"13586","1kmE4009N3085",0
"13587","1kmE4009N3086",0
"13588","1kmE4009N3087",0
"13589","1kmE4009N3088",0
"13590","1kmE4009N3089",0
"13591","1kmE4009N3090",0
"13592","1kmE4009N3091",0
"13593","1kmE4009N3092",0
"13594","1kmE4009N3093",136.5302035
"13595","1kmE4009N3094",18.0806955000007
"13596","1kmE4009N3095",200.6364775
"13597","1kmE4009N3096",430.568883
"13598","1kmE4009N3097",160.233864
"13599","1kmE4009N3098",0
"13600","1kmE4009N3099",0
"13601","1kmE4009N3100",0
"13602","1kmE4009N3101",123.327154500001
"13603","1kmE4009N3102",141.5670525
"13604","1kmE4009N3103",308.0020355
"13605","1kmE4009N3104",298.153658000001
"13606","1kmE4009N3105",99.9939109999996
"13607","1kmE4009N3106",182.95393
"13608","1kmE4009N3107",409.0792475
"13609","1kmE4009N3108",663.67344
"13610","1kmE4009N3109",287.63579
"13611","1kmE4009N3110",48.5939879999996
"13612","1kmE4009N3111",99.9939109999996
"13613","1kmE4009N3112",351.5254015
"13614","1kmE4009N3113",96.8559385000008
"13615","1kmE4009N3114",80.8263385
"13616","1kmE4009N3115",30.3540899999998
"13617","1kmE4009N3116",66.5018485000001
"13618","1kmE4009N3117",0
"13619","1kmE4009N3118",27.1536695
"13620","1kmE4009N3119",0
"13621","1kmE4009N3120",0
"13622","1kmE4009N3121",0
"13623","1kmE4009N3122",0
"13624","1kmE4009N3123",0
"13625","1kmE4009N3124",0
"13626","1kmE4009N3125",0
"13627","1kmE4009N3126",46.9948535000003
"13628","1kmE4009N3127",0
"13629","1kmE4009N3128",0
"13630","1kmE4009N3129",126.552262
"13631","1kmE4009N3130",219.314286000001
"13632","1kmE4009N3131",320.868803000001
"13633","1kmE4009N3132",18.0806955000007
"13634","1kmE4009N3133",0
"13635","1kmE4009N3134",30.35446
"13636","1kmE4009N3135",0
"13637","1kmE4009N3136",0
"13638","1kmE4009N3137",0
"13639","1kmE4009N3138",0
"13640","1kmE4009N3139",0
"13641","1kmE4010N3082",0
"13642","1kmE4010N3083",52.3197295
"13643","1kmE4010N3084",29.8889705000001
"13644","1kmE4010N3085",0
"13645","1kmE4010N3086",0
"13646","1kmE4010N3087",0
"13647","1kmE4010N3088",0
"13648","1kmE4010N3089",0
"13649","1kmE4010N3090",0
"13650","1kmE4010N3091",0
"13651","1kmE4010N3092",0
"13652","1kmE4010N3093",154.610899000001
"13653","1kmE4010N3094",215.040477499999
"13654","1kmE4010N3095",223.893244999999
"13655","1kmE4010N3096",503.864015499999
"13656","1kmE4010N3097",0
"13657","1kmE4010N3098",0
"13658","1kmE4010N3099",0
"13659","1kmE4010N3100",123.327154500001
"13660","1kmE4010N3101",223.3210655
"13661","1kmE4010N3102",275.3636735
"13662","1kmE4010N3103",326.2419335
"13663","1kmE4010N3104",367.7994475
"13664","1kmE4010N3105",151.514856
"13665","1kmE4010N3106",30.3540899999998
"13666","1kmE4010N3107",108.907682499999
"13667","1kmE4010N3108",117.4788795
"13668","1kmE4010N3109",455.563572999999
"13669","1kmE4010N3110",266.7149525
"13670","1kmE4010N3111",57.5077595000002
"13671","1kmE4010N3112",81.7540129999998
"13672","1kmE4010N3113",0
"13673","1kmE4010N3114",300.039824
"13674","1kmE4010N3115",166.4957595
"13675","1kmE4010N3116",0
"13676","1kmE4010N3117",0
"13677","1kmE4010N3118",0
"13678","1kmE4010N3119",166.732691
"13679","1kmE4010N3120",0
"13680","1kmE4010N3121",0
"13681","1kmE4010N3122",0
"13682","1kmE4010N3123",0
"13683","1kmE4010N3124",61.2607045000004
"13684","1kmE4010N3125",179.631512999998
"13685","1kmE4010N3126",0
"13686","1kmE4010N3127",0
"13687","1kmE4010N3128",0
"13688","1kmE4010N3129",0
"13689","1kmE4010N3130",666.649085499999
"13690","1kmE4010N3131",530.607207500001
"13691","1kmE4010N3132",180.200256999999
"13692","1kmE4010N3133",0
"13693","1kmE4010N3134",0
"13694","1kmE4010N3135",26.5537674999996
"13695","1kmE4010N3136",0
"13696","1kmE4010N3137",0
"13697","1kmE4010N3138",0
"13698","1kmE4011N3083",0
"13699","1kmE4011N3084",0
"13700","1kmE4011N3085",0
"13701","1kmE4011N3086",0
"13702","1kmE4011N3087",0
"13703","1kmE4011N3088",0
"13704","1kmE4011N3089",126.552262
"13705","1kmE4011N3090",0
"13706","1kmE4011N3091",0
"13707","1kmE4011N3092",0
"13708","1kmE4011N3093",123.327154500001
"13709","1kmE4011N3094",393.384919
"13710","1kmE4011N3095",123.327154499999
"13711","1kmE4011N3096",0
"13712","1kmE4011N3097",117.4788795
"13713","1kmE4011N3098",154.967536
"13714","1kmE4011N3099",0
"13715","1kmE4011N3100",123.3271545
"13716","1kmE4011N3101",326.241933500001
"13717","1kmE4011N3102",236.398685
"13718","1kmE4011N3103",363.520012
"13719","1kmE4011N3104",279.8459955
"13720","1kmE4011N3105",18.2398979999998
"13721","1kmE4011N3106",0
"13722","1kmE4011N3107",117.478879499999
"13723","1kmE4011N3108",192.525881
"13724","1kmE4011N3109",48.5939879999987
"13725","1kmE4011N3110",483.911512999999
"13726","1kmE4011N3111",27.1536695000004
"13727","1kmE4011N3112",0
"13728","1kmE4011N3113",144.014303
"13729","1kmE4011N3114",124.009607999999
"13730","1kmE4011N3115",218.9801665
"13731","1kmE4011N3116",0
"13732","1kmE4011N3117",61.2607045
"13733","1kmE4011N3118",0
"13734","1kmE4011N3119",112.949141
"13735","1kmE4011N3120",0
"13736","1kmE4011N3121",61.2607045
"13737","1kmE4011N3122",0
"13738","1kmE4011N3123",0
"13739","1kmE4011N3124",0
"13740","1kmE4011N3125",82.9730679999993
"13741","1kmE4011N3126",0
"13742","1kmE4011N3127",157.504274
"13743","1kmE4011N3128",0
"13744","1kmE4011N3129",0
"13745","1kmE4011N3130",0
"13746","1kmE4011N3131",0
"13747","1kmE4011N3132",66.5018485000001
"13748","1kmE4011N3133",0
"13749","1kmE4011N3136",257.3898325
"13750","1kmE4011N3137",0
"13751","1kmE4012N3083",0
"13752","1kmE4012N3084",0
"13753","1kmE4012N3085",0
"13754","1kmE4012N3086",123.3271545
"13755","1kmE4012N3087",0
"13756","1kmE4012N3088",0
"13757","1kmE4012N3089",0
"13758","1kmE4012N3090",33.9677899999988
"13759","1kmE4012N3091",33.9677900000006
"13760","1kmE4012N3092",0
"13761","1kmE4012N3093",413.296025
"13762","1kmE4012N3094",278.206360999997
"13763","1kmE4012N3095",581.596748
"13764","1kmE4012N3096",394.3700825
"13765","1kmE4012N3097",106.9803035
"13766","1kmE4012N3098",0
"13767","1kmE4012N3099",549.1032725
"13768","1kmE4012N3100",0
"13769","1kmE4012N3101",253.401691999999
"13770","1kmE4012N3102",269.037047
"13771","1kmE4012N3103",522.849853
"13772","1kmE4012N3104",375.592576
"13773","1kmE4012N3105",272.882685500001
"13774","1kmE4012N3106",48.5939880000005
"13775","1kmE4012N3107",181.281181
"13776","1kmE4012N3108",117.4788795
"13777","1kmE4012N3109",198.453919
"13778","1kmE4012N3110",372.0394115
"13779","1kmE4012N3111",834.7226625
"13780","1kmE4012N3112",368.3332685
"13781","1kmE4012N3113",216.2253805
"13782","1kmE4012N3114",147.340489
"13783","1kmE4012N3115",99.9939109999996
"13784","1kmE4012N3116",52.4844069999999
"13785","1kmE4012N3117",52.9724034999999
"13786","1kmE4012N3118",0
"13787","1kmE4012N3119",0
"13788","1kmE4012N3120",0
"13789","1kmE4012N3121",0
"13790","1kmE4012N3122",0
"13791","1kmE4012N3123",166.732691499999
"13792","1kmE4012N3124",166.732691499999
"13793","1kmE4012N3125",0
"13794","1kmE4012N3126",0
"13795","1kmE4012N3127",0
"13796","1kmE4012N3128",0
"13797","1kmE4012N3129",0
"13798","1kmE4012N3130",246.8729645
"13799","1kmE4012N3131",0
"13800","1kmE4012N3132",0
"13801","1kmE4013N3083",29.0818414999994
"13802","1kmE4013N3084",200.947766499999
"13803","1kmE4013N3085",889.587854999998
"13804","1kmE4013N3086",832.943591500001
"13805","1kmE4013N3087",0
"13806","1kmE4013N3088",244.328718000001
"13807","1kmE4013N3089",365.214108499998
"13808","1kmE4013N3090",278.296507999999
"13809","1kmE4013N3091",228.0390185
"13810","1kmE4013N3092",264.023354499999
"13811","1kmE4013N3093",244.238571
"13812","1kmE4013N3094",256.673505499999
"13813","1kmE4013N3095",231.5204395
"13814","1kmE4013N3096",135.718777499998
"13815","1kmE4013N3097",48.5939880000005
"13816","1kmE4013N3098",879.884113
"13817","1kmE4013N3099",1101.29673
"13818","1kmE4013N3100",932.479895
"13819","1kmE4013N3101",684.193015500001
"13820","1kmE4013N3102",363.8866755
"13821","1kmE4013N3103",767.380440500001
"13822","1kmE4013N3104",425.4825255
"13823","1kmE4013N3105",444.4213605
"13824","1kmE4013N3106",190.520184499999
"13825","1kmE4013N3107",125.2202015
"13826","1kmE4013N3108",0
"13827","1kmE4013N3109",0
"13828","1kmE4013N3110",0
"13829","1kmE4013N3111",30.3540899999989
"13830","1kmE4013N3112",502.340033
"13831","1kmE4013N3113",0
"13832","1kmE4013N3114",252.593751
"13833","1kmE4013N3115",99.9939110000005
"13834","1kmE4013N3116",232.4534915
"13835","1kmE4013N3117",30.3540900000007
"13836","1kmE4013N3118",0
"13837","1kmE4013N3119",135.7187775
"13838","1kmE4013N3120",81.7540129999998
"13839","1kmE4013N3121",0
"13840","1kmE4013N3122",50.7782239999997
"13841","1kmE4013N3123",0
"13842","1kmE4013N3124",0
"13843","1kmE4013N3125",0
"13844","1kmE4013N3126",0
"13845","1kmE4013N3127",0
"13846","1kmE4013N3128",0
"13847","1kmE4013N3129",342.6414415
"13848","1kmE4013N3130",216.089179499999
"13849","1kmE4013N3131",0
"13850","1kmE4014N3084",838.8821365
"13851","1kmE4014N3085",1174.1051965
"13852","1kmE4014N3086",1149.428284
"13853","1kmE4014N3087",239.820390000001
"13854","1kmE4014N3088",193.1079185
"13855","1kmE4014N3089",201.285210999999
"13856","1kmE4014N3090",485.215859500002
"13857","1kmE4014N3091",458.716250499998
"13858","1kmE4014N3092",527.1076555
"13859","1kmE4014N3093",214.993369999998
"13860","1kmE4014N3094",187.810574499999
"13861","1kmE4014N3095",72.1063549999999
"13862","1kmE4014N3096",0
"13863","1kmE4014N3097",0
"13864","1kmE4014N3098",744.086638999999
"13865","1kmE4014N3099",1298.667999
"13866","1kmE4014N3100",1200.1102385
"13867","1kmE4014N3101",980.723503000001
"13868","1kmE4014N3102",670.437353000001
"13869","1kmE4014N3103",764.929272000001
"13870","1kmE4014N3104",391.2414855
"13871","1kmE4014N3105",267.6956765
"13872","1kmE4014N3106",228.826281
"13873","1kmE4014N3107",345.782526
"13874","1kmE4014N3108",0
"13875","1kmE4014N3109",359.9914075
"13876","1kmE4014N3110",442.684980499999
"13877","1kmE4014N3111",0
"13878","1kmE4014N3112",0
"13879","1kmE4014N3113",166.3092105
"13880","1kmE4014N3114",20.7326300000004
"13881","1kmE4014N3115",123.3271545
"13882","1kmE4014N3116",160.264287
"13883","1kmE4014N3117",134.23842
"13884","1kmE4014N3118",0
"13885","1kmE4014N3119",0
"13886","1kmE4014N3120",198.7817435
"13887","1kmE4014N3121",0
"13888","1kmE4014N3122",122.467266
"13889","1kmE4014N3123",0
"13890","1kmE4014N3124",98.7465010000005
"13891","1kmE4014N3125",0
"13892","1kmE4014N3126",123.545809000001
"13893","1kmE4014N3127",0
"13894","1kmE4014N3128",0
"13895","1kmE4014N3129",265.050770500001
"13896","1kmE4014N3130",409.14329
"13897","1kmE4014N3131",123.3271555
"13898","1kmE4015N3086",1005.6729315
"13899","1kmE4015N3087",857.191370500001
"13900","1kmE4015N3088",432.898612500001
"13901","1kmE4015N3093",0
"13902","1kmE4015N3094",18.0806955000007
"13903","1kmE4015N3095",18.0806955000007
"13904","1kmE4015N3096",0
"13905","1kmE4015N3097",0
"13906","1kmE4015N3098",497.619563499999
"13907","1kmE4015N3099",1207.637301
"13908","1kmE4015N3100",1561.7114975
"13909","1kmE4015N3101",810.052488500001
"13910","1kmE4015N3102",750.476443000001
"13911","1kmE4015N3103",701.881035999999
"13912","1kmE4015N3104",551.184460999999
"13913","1kmE4015N3105",266.8827265
"13914","1kmE4015N3106",117.767065999999
"13915","1kmE4015N3107",0
"13916","1kmE4015N3108",293.311065
"13917","1kmE4015N3109",760.522331999999
"13918","1kmE4015N3110",540.779847
"13919","1kmE4015N3111",0
"13920","1kmE4015N3112",0
"13921","1kmE4015N3113",0
"13922","1kmE4015N3114",104.0996165
"13923","1kmE4015N3115",0
"13924","1kmE4015N3116",81.7540129999998
"13925","1kmE4015N3117",82.8384969999988
"13926","1kmE4015N3118",30.3540899999998
"13927","1kmE4015N3119",536.437112
"13928","1kmE4015N3120",299.454861
"13929","1kmE4015N3121",11.6132210000014
"13930","1kmE4015N3122",0
"13931","1kmE4015N3123",0
"13932","1kmE4015N3124",0
"13933","1kmE4015N3125",0
"13934","1kmE4015N3126",0
"13935","1kmE4015N3127",82.9730679999993
"13936","1kmE4015N3128",98.7465009999996
"13937","1kmE4015N3129",160.233864
"13938","1kmE4015N3130",0
"13939","1kmE4015N3131",123.3271555
"13940","1kmE4016N3080",24.0776154999985
"13941","1kmE4016N3085",849.604440999999
"13942","1kmE4016N3086",1008.3838845
"13943","1kmE4016N3087",1014.2772675
"13944","1kmE4016N3094",0
"13945","1kmE4016N3095",66.3399619999982
"13946","1kmE4016N3096",208.8574935
"13947","1kmE4016N3097",0
"13948","1kmE4016N3098",128.7621385
"13949","1kmE4016N3099",1169.511656
"13950","1kmE4016N3100",1373.371546
"13951","1kmE4016N3101",508.299675499999
"13952","1kmE4016N3102",153.254417
"13953","1kmE4016N3103",270.438206500001
"13954","1kmE4016N3104",693.474208500002
"13955","1kmE4016N3105",563.22889
"13956","1kmE4016N3106",0
"13957","1kmE4016N3107",0
"13958","1kmE4016N3108",825.467064
"13959","1kmE4016N3109",534.739082
"13960","1kmE4016N3110",279.2847985
"13961","1kmE4016N3111",0
"13962","1kmE4016N3112",0
"13963","1kmE4016N3113",0
"13964","1kmE4016N3114",193.985675
"13965","1kmE4016N3115",30.3540900000007
"13966","1kmE4016N3116",174.368763
"13967","1kmE4016N3117",30.3540899999998
"13968","1kmE4016N3118",30.3540899999998
"13969","1kmE4016N3119",81.7540129999998
"13970","1kmE4016N3120",234.359162499999
"13971","1kmE4016N3121",31.5570360000002
"13972","1kmE4016N3122",0
"13973","1kmE4016N3123",0
"13974","1kmE4016N3124",62.2602900000002
"13975","1kmE4016N3125",0
"13976","1kmE4016N3126",0
"13977","1kmE4016N3127",0
"13978","1kmE4016N3128",171.238204000001
"13979","1kmE4016N3129",450.116629
"13980","1kmE4016N3130",188.561907000001
"13981","1kmE4017N3079",125.0936635
"13982","1kmE4017N3080",136.530203999999
"13983","1kmE4017N3085",427.498471499999
"13984","1kmE4017N3086",617.084521000001
"13985","1kmE4017N3094",72.3272895000009
"13986","1kmE4017N3095",122.156903499999
"13987","1kmE4017N3096",159.921172000002
"13988","1kmE4017N3097",21.1795949999978
"13989","1kmE4017N3098",162.168187499999
"13990","1kmE4017N3099",190.779068
"13991","1kmE4017N3100",0
"13992","1kmE4017N3101",0
"13993","1kmE4017N3102",0
"13994","1kmE4017N3103",193.345367
"13995","1kmE4017N3104",481.461273999999
"13996","1kmE4017N3105",589.112188
"13997","1kmE4017N3106",27.1536694999995
"13998","1kmE4017N3107",30.725420499999
"13999","1kmE4017N3108",94.3835679999993
"14000","1kmE4017N3109",353.3032565
"14001","1kmE4017N3110",0
"14002","1kmE4017N3111",0
"14003","1kmE4017N3112",0
"14004","1kmE4017N3113",81.7540129999998
"14005","1kmE4017N3114",18.2398979999998
"14006","1kmE4017N3115",30.3540900000007
"14007","1kmE4017N3116",209.985602499999
"14008","1kmE4017N3117",81.7540130000007
"14009","1kmE4017N3118",81.7540129999998
"14010","1kmE4017N3119",81.754013
"14011","1kmE4017N3120",166.732691000001
"14012","1kmE4017N3121",0
"14013","1kmE4017N3122",0
"14014","1kmE4017N3123",0
"14015","1kmE4017N3124",0
"14016","1kmE4017N3125",0
"14017","1kmE4017N3126",18.2398979999998
"14018","1kmE4017N3127",123.545809000001
"14019","1kmE4017N3128",123.545809000001
"14020","1kmE4017N3129",123.327155500001
"14021","1kmE4018N3079",85.3949024999984
"14022","1kmE4018N3080",75.9324245000007
"14023","1kmE4018N3081",0
"14024","1kmE4018N3095",170.185828000001
"14025","1kmE4018N3096",422.097064999998
"14026","1kmE4018N3097",383.748632000003
"14027","1kmE4018N3098",151.858066500001
"14028","1kmE4018N3099",0
"14029","1kmE4018N3100",0
"14030","1kmE4018N3101",0
"14031","1kmE4018N3102",145.270735
"14032","1kmE4018N3103",0
"14033","1kmE4018N3104",266.504907500001
"14034","1kmE4018N3105",41.5584769999996
"14035","1kmE4018N3106",228.0572905
"14036","1kmE4018N3107",477.128366499999
"14037","1kmE4018N3108",268.990093999999
"14038","1kmE4018N3109",0
"14039","1kmE4018N3110",30.3540899999998
"14040","1kmE4018N3111",46.9948535000003
"14041","1kmE4018N3112",0
"14042","1kmE4018N3113",30.3540899999998
"14043","1kmE4018N3114",0
"14044","1kmE4018N3115",261.3855255
"14045","1kmE4018N3116",190.587954000001
"14046","1kmE4018N3117",51.8203269999995
"14047","1kmE4018N3118",0
"14048","1kmE4018N3119",0
"14049","1kmE4018N3120",0
"14050","1kmE4018N3121",179.6315125
"14051","1kmE4018N3122",0
"14052","1kmE4018N3123",0
"14053","1kmE4018N3124",98.7465010000014
"14054","1kmE4018N3125",0
"14055","1kmE4018N3126",41.2151109999995
"14056","1kmE4018N3127",23.5930135000017
"14057","1kmE4018N3128",207.456664500001
"14058","1kmE4019N3079",188.315770500001
"14059","1kmE4019N3080",140.158180499999
"14060","1kmE4019N3081",102.920867999999
"14061","1kmE4019N3097",195.523440000001
"14062","1kmE4019N3098",155.087952500002
"14063","1kmE4019N3099",52.0484854999995
"14064","1kmE4019N3100",46.5479735000008
"14065","1kmE4019N3101",111.302944999999
"14066","1kmE4019N3102",30.4222479999989
"14067","1kmE4019N3103",339.840681999998
"14068","1kmE4019N3104",141.40785
"14069","1kmE4019N3105",375.774028
"14070","1kmE4019N3106",0
"14071","1kmE4019N3107",205.999531500001
"14072","1kmE4019N3108",0
"14073","1kmE4019N3109",0
"14074","1kmE4019N3110",0
"14075","1kmE4019N3111",0
"14076","1kmE4019N3112",0
"14077","1kmE4019N3113",124.009608
"14078","1kmE4019N3114",18.2398980000016
"14079","1kmE4019N3115",219.443574499999
"14080","1kmE4019N3116",179.6315125
"14081","1kmE4019N3117",0
"14082","1kmE4019N3118",38.8953199999996
"14083","1kmE4019N3119",0
"14084","1kmE4019N3120",0
"14085","1kmE4019N3121",332.281730500001
"14086","1kmE4019N3122",0
"14087","1kmE4019N3123",0
"14088","1kmE4019N3124",0
"14089","1kmE4019N3125",123.545808999999
"14090","1kmE4019N3126",0
"14091","1kmE4019N3127",123.545808999999
"14092","1kmE4019N3128",0
"14093","1kmE4020N3079",48.7502055000004
"14094","1kmE4020N3080",36.0821004999998
"14095","1kmE4020N3081",33.9677899999988
"14096","1kmE4020N3097",157.607821999998
"14097","1kmE4020N3098",67.6546984999986
"14098","1kmE4020N3099",37.0936814999986
"14099","1kmE4020N3100",51.2950460000011
"14100","1kmE4020N3101",0
"14101","1kmE4020N3102",68.685111499999
"14102","1kmE4020N3103",511.169226999999
"14103","1kmE4020N3104",126.628720500001
"14104","1kmE4020N3105",167.6088705
"14105","1kmE4020N3106",0
"14106","1kmE4020N3107",12.3415525
"14107","1kmE4020N3108",0
"14108","1kmE4020N3109",157.294944499999
"14109","1kmE4020N3110",0
"14110","1kmE4020N3111",157.5042725
"14111","1kmE4020N3112",27.1536694999995
"14112","1kmE4020N3113",66.5018485000001
"14113","1kmE4020N3114",66.5018485000001
"14114","1kmE4020N3115",0
"14115","1kmE4020N3116",0
"14116","1kmE4020N3117",0
"14117","1kmE4020N3118",0
"14118","1kmE4020N3119",0
"14119","1kmE4020N3120",123.327154499999
"14120","1kmE4020N3121",310.024250999999
"14121","1kmE4020N3122",238.744138
"14122","1kmE4020N3123",0
"14123","1kmE4020N3124",0
"14124","1kmE4020N3125",144.0845345
"14125","1kmE4020N3126",0
"14126","1kmE4020N3127",0
"14127","1kmE4020N3128",169.554178999999
"14128","1kmE4021N3079",36.0821004999998
"14129","1kmE4021N3080",0
"14130","1kmE4021N3081",12.4349344999991
"14131","1kmE4021N3082",0
"14132","1kmE4021N3099",12.5801835000002
"14133","1kmE4021N3100",33.9677899999988
"14134","1kmE4021N3101",147.345096499997
"14135","1kmE4021N3102",147.345096500001
"14136","1kmE4021N3103",20.8727980000003
"14137","1kmE4021N3104",176.861075000001
"14138","1kmE4021N3105",166.686694
"14139","1kmE4021N3106",178.474539500001
"14140","1kmE4021N3107",33.9677899999997
"14141","1kmE4021N3108",0
"14142","1kmE4021N3109",0
"14143","1kmE4021N3110",0
"14144","1kmE4021N3111",36.3152709999995
"14145","1kmE4021N3112",0
"14146","1kmE4021N3113",0
"14147","1kmE4021N3114",98.7465009999996
"14148","1kmE4021N3115",43.6700529999998
"14149","1kmE4021N3116",151.786889999999
"14150","1kmE4021N3117",0
"14151","1kmE4021N3118",0
"14152","1kmE4021N3119",0
"14153","1kmE4021N3120",22.9467384999989
"14154","1kmE4021N3121",160.233864
"14155","1kmE4021N3122",0
"14156","1kmE4021N3123",66.5018485000001
"14157","1kmE4021N3124",0
"14158","1kmE4021N3125",156.667396499999
"14159","1kmE4021N3126",160.233864
"14160","1kmE4021N3127",0
"14161","1kmE4021N3128",185.7613345
"14162","1kmE4022N3079",48.7502055000004
"14163","1kmE4022N3080",265.240200499999
"14164","1kmE4022N3081",72.9599679999992
"14165","1kmE4022N3082",26.5537674999996
"14166","1kmE4022N3083",0
"14167","1kmE4022N3100",297.619408499999
"14168","1kmE4022N3101",237.187708500001
"14169","1kmE4022N3102",140.742355499999
"14170","1kmE4022N3103",116.699906
"14171","1kmE4022N3105",145.507099000002
"14172","1kmE4022N3106",215.773188000003
"14173","1kmE4022N3107",82.5019369999991
"14174","1kmE4022N3108",481.868542
"14175","1kmE4022N3109",12.3415525
"14176","1kmE4022N3110",0
"14177","1kmE4022N3111",72.9599679999992
"14178","1kmE4022N3112",172.686310500001
"14179","1kmE4022N3113",0
"14180","1kmE4022N3114",0
"14181","1kmE4022N3115",43.6700529999998
"14182","1kmE4022N3116",198.581191499999
"14183","1kmE4022N3117",0
"14184","1kmE4022N3118",0
"14185","1kmE4022N3119",0
"14186","1kmE4022N3120",0
"14187","1kmE4022N3121",0
"14188","1kmE4022N3122",66.5018485000001
"14189","1kmE4022N3123",68.6851120000001
"14190","1kmE4022N3124",283.561018499999
"14191","1kmE4022N3125",156.667396500001
"14192","1kmE4022N3126",185.7613345
"14193","1kmE4022N3127",43.6700529999998
"14194","1kmE4022N3128",0
"14195","1kmE4023N3078",0
"14196","1kmE4023N3079",494.035813
"14197","1kmE4023N3080",590.951034500002
"14198","1kmE4023N3081",382.810423500003
"14199","1kmE4023N3082",0
"14200","1kmE4023N3083",0
"14201","1kmE4023N3101",198.949359499999
"14202","1kmE4023N3102",89.6127369999995
"14203","1kmE4023N3106",81.1748735000001
"14204","1kmE4023N3107",95.4080025000003
"14205","1kmE4023N3108",52.0484854999995
"14206","1kmE4023N3109",474.685647500002
"14207","1kmE4023N3110",143.871262499997
"14208","1kmE4023N3111",135.599286000001
"14209","1kmE4023N3112",158.591004499998
"14210","1kmE4023N3113",189.898440500001
"14211","1kmE4023N3114",12.3415525
"14212","1kmE4023N3115",82.9730680000011
"14213","1kmE4023N3116",0
"14214","1kmE4023N3117",0
"14215","1kmE4023N3118",0
"14216","1kmE4023N3119",0
"14217","1kmE4023N3120",0
"14218","1kmE4023N3121",0
"14219","1kmE4023N3122",0
"14220","1kmE4023N3123",0
"14221","1kmE4023N3124",0
"14222","1kmE4023N3125",151.314280999999
"14223","1kmE4023N3126",0
"14224","1kmE4023N3127",43.6700530000007
"14225","1kmE4023N3128",164.2676255
"14226","1kmE4024N3076",166.309209999999
"14227","1kmE4024N3077",136.530202999998
"14228","1kmE4024N3078",168.161341999999
"14229","1kmE4024N3079",674.296781000001
"14230","1kmE4024N3080",825.399198499999
"14231","1kmE4024N3081",142.554243500001
"14232","1kmE4024N3107",0
"14233","1kmE4024N3108",608.383087500002
"14234","1kmE4024N3109",338.870624499999
"14235","1kmE4024N3110",143.2791335
"14236","1kmE4024N3111",98.7465009999996
"14237","1kmE4024N3112",145.158520499999
"14238","1kmE4024N3113",95.0980735000012
"14239","1kmE4024N3114",263.560320500001
"14240","1kmE4024N3115",46.3093424999988
"14241","1kmE4024N3116",185.761334999999
"14242","1kmE4024N3117",26.5537674999996
"14243","1kmE4024N3118",0
"14244","1kmE4024N3119",0
"14245","1kmE4024N3120",0
"14246","1kmE4024N3121",0
"14247","1kmE4024N3122",0
"14248","1kmE4024N3123",0
"14249","1kmE4024N3124",0
"14250","1kmE4024N3125",151.314281
"14251","1kmE4024N3126",0
"14252","1kmE4024N3127",0
"14253","1kmE4024N3128",179.6315125
"14254","1kmE4025N3075",0
"14255","1kmE4025N3076",212.462627999999
"14256","1kmE4025N3077",227.536517500001
"14257","1kmE4025N3078",38.9921780000004
"14258","1kmE4025N3079",226.905619000001
"14259","1kmE4025N3080",571.290747499999
"14260","1kmE4025N3113",229.901652
"14261","1kmE4025N3114",281.693224999999
"14262","1kmE4025N3115",221.740969500001
"14263","1kmE4025N3116",46.4027245000016
"14264","1kmE4025N3117",0
"14265","1kmE4025N3118",0
"14266","1kmE4025N3119",0
"14267","1kmE4025N3120",0
"14268","1kmE4025N3121",0
"14269","1kmE4025N3122",0
"14270","1kmE4025N3123",0
"14271","1kmE4025N3124",0
"14272","1kmE4025N3125",0
"14273","1kmE4025N3126",0
"14274","1kmE4025N3127",0
"14275","1kmE4026N3075",0
"14276","1kmE4026N3076",0
"14277","1kmE4026N3077",136.530202999998
"14278","1kmE4026N3078",166.309209999999
"14279","1kmE4026N3079",72.9599680000028
"14280","1kmE4026N3080",105.0003825
"14281","1kmE4026N3113",24.7764869999992
"14282","1kmE4026N3114",92.5040554999978
"14283","1kmE4026N3115",110.854338500001
"14284","1kmE4026N3116",97.9750860000022
"14285","1kmE4026N3117",33.9677900000006
"14286","1kmE4026N3118",168.812288499999
"14287","1kmE4026N3119",50.7200000000012
"14288","1kmE4026N3120",174.0471545
"14289","1kmE4026N3121",98.7465009999996
"14290","1kmE4026N3122",26.5537674999996
"14291","1kmE4026N3123",136.4779155
"14292","1kmE4026N3124",0
"14293","1kmE4026N3126",0
"14294","1kmE4027N3075",242.2416345
"14295","1kmE4027N3076",0
"14296","1kmE4027N3077",330.216854999999
"14297","1kmE4027N3078",698.360818000001
"14298","1kmE4027N3079",364.604176000001
"14299","1kmE4027N3080",578.998864499999
"14300","1kmE4027N3115",83.0650475000002
"14301","1kmE4027N3116",52.0484854999995
"14302","1kmE4027N3117",72.9599679999992
"14303","1kmE4027N3118",189.2407685
"14304","1kmE4027N3119",46.4027245000016
"14305","1kmE4027N3120",33.9677899999988
"14306","1kmE4027N3121",64.3222500000002
"14307","1kmE4027N3122",0
"14308","1kmE4027N3123",160.2338645
"14309","1kmE4027N3124",0
"14310","1kmE4027N3125",0
"14311","1kmE4028N3075",0
"14312","1kmE4028N3076",334.646168500001
"14313","1kmE4028N3077",474.921416999998
"14314","1kmE4028N3078",571.797599500002
"14315","1kmE4028N3079",786.087815499999
"14316","1kmE4028N3080",331.3016415
"14317","1kmE4028N3117",46.4027244999997
"14318","1kmE4028N3118",46.4027244999997
"14319","1kmE4028N3119",33.9677900000006
"14320","1kmE4028N3120",33.9677900000006
"14321","1kmE4028N3121",33.9677899999988
"14322","1kmE4028N3122",92.2180564999999
"14323","1kmE4028N3123",0
"14324","1kmE4028N3124",283.779672999999
"14325","1kmE4028N3125",208.071467
"14326","1kmE4029N3074",0
"14327","1kmE4029N3075",0
"14328","1kmE4029N3076",136.530203
"14329","1kmE4029N3077",136.530202999998
"14330","1kmE4029N3078",33.9677899999988
"14331","1kmE4029N3079",318.899477499999
"14332","1kmE4029N3080",362.596332499999
"14333","1kmE4029N3117",36.3152709999995
"14334","1kmE4029N3118",0
"14335","1kmE4029N3119",36.3152709999995
"14336","1kmE4029N3121",180.3574845
"14337","1kmE4029N3122",140.541103
"14338","1kmE4029N3123",383.02548
"14339","1kmE4029N3124",356.215876500002
"14340","1kmE4029N3125",331.617275999999
"14341","1kmE4030N3074",0
"14342","1kmE4030N3075",166.309210500001
"14343","1kmE4030N3076",166.309210500001
"14344","1kmE4030N3077",0
"14345","1kmE4030N3078",123.327155500003
"14346","1kmE4030N3079",289.878385499998
"14347","1kmE4030N3080",303.197868499999
"14348","1kmE4030N3081",435.685906000001
"14349","1kmE4030N3121",243.8124515
"14350","1kmE4030N3122",167.132151999998
"14351","1kmE4030N3123",439.687269500002
"14352","1kmE4030N3124",621.283315500001
"14353","1kmE4031N3075",174.456979
"14354","1kmE4031N3076",166.3092105
"14355","1kmE4031N3077",175.522381499999
"14356","1kmE4031N3078",667.491330000001
"14357","1kmE4031N3079",564.395565000003
"14358","1kmE4031N3080",0
"14359","1kmE4031N3081",181.324463000001
"14360","1kmE4031N3122",127.25374
"14361","1kmE4031N3123",136.530204000001
"14362","1kmE4032N3076",0
"14363","1kmE4032N3077",341.820961000001
"14364","1kmE4032N3078",205.062536000001
