"","eeacellcode","sp_richness"
"1","1kmE3799N3134",239
"2","1kmE3799N3135",191
"3","1kmE3800N3108",65
"4","1kmE3800N3115",18
"5","1kmE3800N3116",17
"6","1kmE3800N3125",53
"7","1kmE3800N3126",43
"8","1kmE3800N3127",25
"9","1kmE3800N3128",4
"10","1kmE3800N3129",47
"11","1kmE3800N3130",31
"12","1kmE3800N3131",158
"13","1kmE3800N3132",238
"14","1kmE3800N3133",328
"15","1kmE3800N3134",308
"16","1kmE3800N3135",273
"17","1kmE3800N3136",177
"18","1kmE3801N3106",1
"19","1kmE3801N3107",18
"20","1kmE3801N3108",85
"21","1kmE3801N3109",72
"22","1kmE3801N3110",42
"23","1kmE3801N3111",30
"24","1kmE3801N3112",23
"25","1kmE3801N3113",16
"26","1kmE3801N3114",31
"27","1kmE3801N3115",104
"28","1kmE3801N3116",116
"29","1kmE3801N3117",80
"30","1kmE3801N3124",98
"31","1kmE3801N3125",124
"32","1kmE3801N3126",122
"33","1kmE3801N3127",83
"34","1kmE3801N3128",26
"35","1kmE3801N3129",99
"36","1kmE3801N3130",74
"37","1kmE3801N3131",133
"38","1kmE3801N3132",238
"39","1kmE3801N3133",298
"40","1kmE3801N3134",295
"41","1kmE3801N3135",304
"42","1kmE3801N3136",212
"43","1kmE3802N3104",28
"44","1kmE3802N3105",56
"45","1kmE3802N3106",34
"46","1kmE3802N3107",72
"47","1kmE3802N3108",70
"48","1kmE3802N3109",89
"49","1kmE3802N3110",79
"50","1kmE3802N3111",14
"51","1kmE3802N3112",58
"52","1kmE3802N3113",15
"53","1kmE3802N3114",63
"54","1kmE3802N3115",117
"55","1kmE3802N3116",109
"56","1kmE3802N3117",72
"57","1kmE3802N3122",1
"58","1kmE3802N3123",18
"59","1kmE3802N3124",119
"60","1kmE3802N3125",101
"61","1kmE3802N3126",131
"62","1kmE3802N3127",97
"63","1kmE3802N3128",27
"64","1kmE3802N3129",73
"65","1kmE3802N3130",58
"66","1kmE3802N3131",161
"67","1kmE3802N3132",274
"68","1kmE3802N3133",242
"69","1kmE3802N3134",280
"70","1kmE3802N3135",287
"71","1kmE3802N3136",208
"72","1kmE3802N3137",20
"73","1kmE3803N3103",4
"74","1kmE3803N3104",11
"75","1kmE3803N3105",21
"76","1kmE3803N3106",46
"77","1kmE3803N3107",66
"78","1kmE3803N3108",3
"79","1kmE3803N3109",9
"80","1kmE3803N3110",4
"81","1kmE3803N3111",6
"82","1kmE3803N3112",10
"83","1kmE3803N3113",24
"84","1kmE3803N3114",28
"85","1kmE3803N3115",83
"86","1kmE3803N3116",143
"87","1kmE3803N3117",32
"88","1kmE3803N3118",64
"89","1kmE3803N3119",7
"90","1kmE3803N3120",17
"91","1kmE3803N3121",38
"92","1kmE3803N3122",32
"93","1kmE3803N3123",95
"94","1kmE3803N3124",98
"95","1kmE3803N3125",127
"96","1kmE3803N3126",150
"97","1kmE3803N3127",114
"98","1kmE3803N3128",59
"99","1kmE3803N3129",82
"100","1kmE3803N3130",56
"101","1kmE3803N3131",116
"102","1kmE3803N3132",223
"103","1kmE3803N3133",210
"104","1kmE3803N3134",291
"105","1kmE3803N3135",273
"106","1kmE3803N3136",246
"107","1kmE3803N3137",77
"108","1kmE3804N3103",50
"109","1kmE3804N3104",99
"110","1kmE3804N3105",113
"111","1kmE3804N3106",132
"112","1kmE3804N3107",69
"113","1kmE3804N3108",79
"114","1kmE3804N3109",65
"115","1kmE3804N3110",53
"116","1kmE3804N3111",19
"117","1kmE3804N3112",50
"118","1kmE3804N3113",79
"119","1kmE3804N3114",76
"120","1kmE3804N3115",12
"121","1kmE3804N3116",107
"122","1kmE3804N3117",152
"123","1kmE3804N3118",61
"124","1kmE3804N3119",85
"125","1kmE3804N3120",49
"126","1kmE3804N3121",43
"127","1kmE3804N3122",62
"128","1kmE3804N3123",120
"129","1kmE3804N3124",45
"130","1kmE3804N3125",71
"131","1kmE3804N3126",19
"132","1kmE3804N3127",52
"133","1kmE3804N3128",55
"134","1kmE3804N3129",113
"135","1kmE3804N3130",61
"136","1kmE3804N3131",78
"137","1kmE3804N3132",87
"138","1kmE3804N3133",129
"139","1kmE3804N3134",236
"140","1kmE3804N3135",305
"141","1kmE3804N3136",276
"142","1kmE3804N3137",150
"143","1kmE3804N3138",12
"144","1kmE3805N3103",61
"145","1kmE3805N3104",100
"146","1kmE3805N3105",132
"147","1kmE3805N3106",171
"148","1kmE3805N3107",136
"149","1kmE3805N3108",109
"150","1kmE3805N3109",116
"151","1kmE3805N3110",126
"152","1kmE3805N3111",56
"153","1kmE3805N3112",56
"154","1kmE3805N3113",44
"155","1kmE3805N3114",55
"156","1kmE3805N3115",1
"157","1kmE3805N3116",31
"158","1kmE3805N3117",112
"159","1kmE3805N3118",121
"160","1kmE3805N3119",76
"161","1kmE3805N3120",73
"162","1kmE3805N3121",1
"163","1kmE3805N3122",58
"164","1kmE3805N3123",95
"165","1kmE3805N3124",55
"166","1kmE3805N3125",44
"167","1kmE3805N3126",88
"168","1kmE3805N3127",135
"169","1kmE3805N3128",82
"170","1kmE3805N3129",125
"171","1kmE3805N3130",91
"172","1kmE3805N3131",73
"173","1kmE3805N3132",66
"174","1kmE3805N3133",60
"175","1kmE3805N3134",188
"176","1kmE3805N3135",307
"177","1kmE3805N3136",258
"178","1kmE3805N3137",179
"179","1kmE3805N3138",35
"180","1kmE3806N3103",13
"181","1kmE3806N3104",22
"182","1kmE3806N3105",65
"183","1kmE3806N3106",134
"184","1kmE3806N3107",126
"185","1kmE3806N3108",70
"186","1kmE3806N3109",109
"187","1kmE3806N3110",105
"188","1kmE3806N3111",77
"189","1kmE3806N3112",69
"190","1kmE3806N3113",77
"191","1kmE3806N3114",64
"192","1kmE3806N3115",8
"193","1kmE3806N3116",49
"194","1kmE3806N3117",117
"195","1kmE3806N3118",137
"196","1kmE3806N3119",69
"197","1kmE3806N3120",44
"198","1kmE3806N3121",52
"199","1kmE3806N3122",97
"200","1kmE3806N3123",95
"201","1kmE3806N3124",46
"202","1kmE3806N3125",86
"203","1kmE3806N3126",103
"204","1kmE3806N3127",26
"205","1kmE3806N3128",78
"206","1kmE3806N3129",141
"207","1kmE3806N3130",106
"208","1kmE3806N3131",126
"209","1kmE3806N3132",146
"210","1kmE3806N3133",98
"211","1kmE3806N3134",155
"212","1kmE3806N3135",256
"213","1kmE3806N3136",270
"214","1kmE3806N3137",253
"215","1kmE3806N3138",141
"216","1kmE3806N3139",21
"217","1kmE3807N3103",2
"218","1kmE3807N3104",6
"219","1kmE3807N3105",14
"220","1kmE3807N3106",61
"221","1kmE3807N3107",84
"222","1kmE3807N3108",57
"223","1kmE3807N3109",42
"224","1kmE3807N3110",83
"225","1kmE3807N3111",117
"226","1kmE3807N3112",129
"227","1kmE3807N3113",104
"228","1kmE3807N3114",77
"229","1kmE3807N3115",69
"230","1kmE3807N3116",10
"231","1kmE3807N3117",41
"232","1kmE3807N3118",57
"233","1kmE3807N3119",27
"234","1kmE3807N3120",36
"235","1kmE3807N3121",96
"236","1kmE3807N3122",68
"237","1kmE3807N3123",48
"238","1kmE3807N3124",47
"239","1kmE3807N3125",66
"240","1kmE3807N3126",108
"241","1kmE3807N3127",38
"242","1kmE3807N3128",23
"243","1kmE3807N3129",45
"244","1kmE3807N3130",31
"245","1kmE3807N3131",133
"246","1kmE3807N3132",193
"247","1kmE3807N3133",159
"248","1kmE3807N3134",81
"249","1kmE3807N3135",108
"250","1kmE3807N3136",217
"251","1kmE3807N3137",279
"252","1kmE3807N3138",223
"253","1kmE3807N3139",75
"254","1kmE3808N3101",5
"255","1kmE3808N3102",3
"256","1kmE3808N3103",55
"257","1kmE3808N3104",69
"258","1kmE3808N3105",32
"259","1kmE3808N3106",98
"260","1kmE3808N3107",88
"261","1kmE3808N3108",72
"262","1kmE3808N3109",22
"263","1kmE3808N3110",82
"264","1kmE3808N3111",156
"265","1kmE3808N3112",133
"266","1kmE3808N3113",68
"267","1kmE3808N3114",86
"268","1kmE3808N3115",101
"269","1kmE3808N3116",69
"270","1kmE3808N3117",20
"271","1kmE3808N3118",30
"272","1kmE3808N3119",27
"273","1kmE3808N3120",108
"274","1kmE3808N3121",118
"275","1kmE3808N3122",56
"276","1kmE3808N3123",43
"277","1kmE3808N3124",56
"278","1kmE3808N3125",21
"279","1kmE3808N3126",11
"280","1kmE3808N3127",14
"281","1kmE3808N3128",79
"282","1kmE3808N3129",103
"283","1kmE3808N3130",79
"284","1kmE3808N3131",153
"285","1kmE3808N3132",191
"286","1kmE3808N3133",181
"287","1kmE3808N3134",126
"288","1kmE3808N3135",107
"289","1kmE3808N3136",182
"290","1kmE3808N3137",246
"291","1kmE3808N3138",249
"292","1kmE3808N3139",146
"293","1kmE3808N3140",6
"294","1kmE3809N3099",92
"295","1kmE3809N3100",69
"296","1kmE3809N3101",31
"297","1kmE3809N3102",10
"298","1kmE3809N3103",17
"299","1kmE3809N3104",16
"300","1kmE3809N3105",15
"301","1kmE3809N3106",77
"302","1kmE3809N3107",133
"303","1kmE3809N3108",74
"304","1kmE3809N3109",6
"305","1kmE3809N3110",14
"306","1kmE3809N3111",6
"307","1kmE3809N3112",83
"308","1kmE3809N3113",66
"309","1kmE3809N3114",51
"310","1kmE3809N3115",65
"311","1kmE3809N3116",49
"312","1kmE3809N3117",36
"313","1kmE3809N3118",135
"314","1kmE3809N3119",88
"315","1kmE3809N3120",84
"316","1kmE3809N3121",123
"317","1kmE3809N3122",79
"318","1kmE3809N3123",10
"319","1kmE3809N3124",53
"320","1kmE3809N3125",65
"321","1kmE3809N3126",62
"322","1kmE3809N3127",71
"323","1kmE3809N3128",98
"324","1kmE3809N3129",126
"325","1kmE3809N3130",144
"326","1kmE3809N3131",107
"327","1kmE3809N3132",112
"328","1kmE3809N3133",134
"329","1kmE3809N3134",103
"330","1kmE3809N3135",126
"331","1kmE3809N3136",214
"332","1kmE3809N3137",279
"333","1kmE3809N3138",277
"334","1kmE3809N3139",231
"335","1kmE3809N3140",44
"336","1kmE3810N3097",14
"337","1kmE3810N3098",45
"338","1kmE3810N3099",143
"339","1kmE3810N3100",142
"340","1kmE3810N3101",141
"341","1kmE3810N3102",47
"342","1kmE3810N3103",6
"343","1kmE3810N3104",66
"344","1kmE3810N3105",23
"345","1kmE3810N3106",21
"346","1kmE3810N3107",138
"347","1kmE3810N3108",96
"348","1kmE3810N3109",37
"349","1kmE3810N3110",40
"350","1kmE3810N3111",25
"351","1kmE3810N3112",72
"352","1kmE3810N3113",45
"353","1kmE3810N3114",16
"354","1kmE3810N3115",87
"355","1kmE3810N3116",99
"356","1kmE3810N3117",75
"357","1kmE3810N3118",182
"358","1kmE3810N3119",147
"359","1kmE3810N3120",41
"360","1kmE3810N3121",115
"361","1kmE3810N3122",78
"362","1kmE3810N3123",33
"363","1kmE3810N3124",35
"364","1kmE3810N3125",120
"365","1kmE3810N3126",152
"366","1kmE3810N3127",169
"367","1kmE3810N3128",105
"368","1kmE3810N3129",91
"369","1kmE3810N3130",70
"370","1kmE3810N3131",85
"371","1kmE3810N3132",87
"372","1kmE3810N3133",63
"373","1kmE3810N3134",96
"374","1kmE3810N3135",177
"375","1kmE3810N3136",211
"376","1kmE3810N3137",325
"377","1kmE3810N3138",360
"378","1kmE3810N3139",324
"379","1kmE3810N3140",163
"380","1kmE3811N3096",95
"381","1kmE3811N3097",44
"382","1kmE3811N3098",89
"383","1kmE3811N3099",169
"384","1kmE3811N3100",170
"385","1kmE3811N3101",201
"386","1kmE3811N3102",78
"387","1kmE3811N3103",68
"388","1kmE3811N3104",36
"389","1kmE3811N3105",7
"390","1kmE3811N3106",54
"391","1kmE3811N3107",97
"392","1kmE3811N3108",39
"393","1kmE3811N3109",44
"394","1kmE3811N3110",62
"395","1kmE3811N3111",45
"396","1kmE3811N3112",78
"397","1kmE3811N3113",34
"398","1kmE3811N3114",83
"399","1kmE3811N3115",47
"400","1kmE3811N3116",37
"401","1kmE3811N3117",67
"402","1kmE3811N3118",135
"403","1kmE3811N3119",141
"404","1kmE3811N3120",92
"405","1kmE3811N3121",166
"406","1kmE3811N3122",98
"407","1kmE3811N3123",56
"408","1kmE3811N3124",59
"409","1kmE3811N3125",91
"410","1kmE3811N3126",137
"411","1kmE3811N3127",127
"412","1kmE3811N3128",128
"413","1kmE3811N3129",176
"414","1kmE3811N3130",163
"415","1kmE3811N3131",69
"416","1kmE3811N3132",109
"417","1kmE3811N3133",71
"418","1kmE3811N3134",106
"419","1kmE3811N3135",134
"420","1kmE3811N3136",132
"421","1kmE3811N3137",311
"422","1kmE3811N3138",367
"423","1kmE3811N3139",354
"424","1kmE3811N3140",183
"425","1kmE3811N3141",35
"426","1kmE3812N3093",21
"427","1kmE3812N3094",94
"428","1kmE3812N3095",75
"429","1kmE3812N3096",60
"430","1kmE3812N3097",41
"431","1kmE3812N3098",85
"432","1kmE3812N3099",70
"433","1kmE3812N3100",123
"434","1kmE3812N3101",174
"435","1kmE3812N3102",68
"436","1kmE3812N3103",16
"437","1kmE3812N3104",7
"438","1kmE3812N3105",2
"439","1kmE3812N3106",24
"440","1kmE3812N3107",72
"441","1kmE3812N3108",24
"442","1kmE3812N3109",49
"443","1kmE3812N3110",50
"444","1kmE3812N3111",52
"445","1kmE3812N3112",17
"446","1kmE3812N3113",27
"447","1kmE3812N3114",20
"448","1kmE3812N3115",16
"449","1kmE3812N3116",76
"450","1kmE3812N3117",93
"451","1kmE3812N3118",102
"452","1kmE3812N3119",138
"453","1kmE3812N3120",66
"454","1kmE3812N3121",140
"455","1kmE3812N3122",89
"456","1kmE3812N3123",37
"457","1kmE3812N3124",84
"458","1kmE3812N3125",66
"459","1kmE3812N3126",83
"460","1kmE3812N3127",70
"461","1kmE3812N3128",94
"462","1kmE3812N3129",121
"463","1kmE3812N3130",73
"464","1kmE3812N3131",58
"465","1kmE3812N3132",69
"466","1kmE3812N3133",82
"467","1kmE3812N3134",109
"468","1kmE3812N3135",49
"469","1kmE3812N3136",94
"470","1kmE3812N3137",136
"471","1kmE3812N3138",210
"472","1kmE3812N3139",281
"473","1kmE3812N3140",277
"474","1kmE3812N3141",147
"475","1kmE3813N3092",3
"476","1kmE3813N3093",9
"477","1kmE3813N3094",95
"478","1kmE3813N3095",63
"479","1kmE3813N3096",75
"480","1kmE3813N3097",41
"481","1kmE3813N3098",118
"482","1kmE3813N3099",104
"483","1kmE3813N3100",155
"484","1kmE3813N3101",87
"485","1kmE3813N3102",8
"486","1kmE3813N3103",11
"487","1kmE3813N3104",66
"488","1kmE3813N3105",12
"489","1kmE3813N3106",14
"490","1kmE3813N3107",69
"491","1kmE3813N3108",98
"492","1kmE3813N3109",142
"493","1kmE3813N3110",78
"494","1kmE3813N3111",5
"495","1kmE3813N3112",13
"496","1kmE3813N3113",90
"497","1kmE3813N3114",62
"498","1kmE3813N3115",4
"499","1kmE3813N3116",33
"500","1kmE3813N3117",111
"501","1kmE3813N3118",106
"502","1kmE3813N3119",156
"503","1kmE3813N3120",56
"504","1kmE3813N3121",66
"505","1kmE3813N3122",54
"506","1kmE3813N3123",67
"507","1kmE3813N3124",46
"508","1kmE3813N3125",61
"509","1kmE3813N3126",113
"510","1kmE3813N3127",131
"511","1kmE3813N3128",73
"512","1kmE3813N3129",84
"513","1kmE3813N3130",91
"514","1kmE3813N3131",49
"515","1kmE3813N3132",92
"516","1kmE3813N3133",90
"517","1kmE3813N3134",60
"518","1kmE3813N3135",22
"519","1kmE3813N3136",93
"520","1kmE3813N3137",174
"521","1kmE3813N3138",183
"522","1kmE3813N3139",239
"523","1kmE3813N3140",289
"524","1kmE3813N3141",185
"525","1kmE3813N3142",18
"526","1kmE3814N3091",1
"527","1kmE3814N3092",5
"528","1kmE3814N3093",3
"529","1kmE3814N3094",37
"530","1kmE3814N3095",26
"531","1kmE3814N3096",61
"532","1kmE3814N3097",77
"533","1kmE3814N3098",185
"534","1kmE3814N3099",113
"535","1kmE3814N3100",61
"536","1kmE3814N3101",124
"537","1kmE3814N3102",12
"538","1kmE3814N3103",3
"539","1kmE3814N3104",29
"540","1kmE3814N3105",71
"541","1kmE3814N3106",16
"542","1kmE3814N3107",46
"543","1kmE3814N3108",113
"544","1kmE3814N3109",158
"545","1kmE3814N3110",43
"546","1kmE3814N3111",62
"547","1kmE3814N3112",5
"548","1kmE3814N3113",47
"549","1kmE3814N3114",71
"550","1kmE3814N3115",12
"551","1kmE3814N3116",19
"552","1kmE3814N3117",118
"553","1kmE3814N3118",120
"554","1kmE3814N3119",196
"555","1kmE3814N3120",65
"556","1kmE3814N3121",41
"557","1kmE3814N3122",82
"558","1kmE3814N3123",92
"559","1kmE3814N3124",49
"560","1kmE3814N3125",40
"561","1kmE3814N3126",73
"562","1kmE3814N3127",154
"563","1kmE3814N3128",125
"564","1kmE3814N3129",51
"565","1kmE3814N3130",43
"566","1kmE3814N3131",77
"567","1kmE3814N3132",65
"568","1kmE3814N3133",57
"569","1kmE3814N3134",23
"570","1kmE3814N3135",55
"571","1kmE3814N3136",117
"572","1kmE3814N3137",223
"573","1kmE3814N3138",190
"574","1kmE3814N3139",177
"575","1kmE3814N3140",258
"576","1kmE3814N3141",192
"577","1kmE3814N3142",42
"578","1kmE3815N3092",116
"579","1kmE3815N3093",48
"580","1kmE3815N3094",32
"581","1kmE3815N3095",72
"582","1kmE3815N3096",17
"583","1kmE3815N3097",58
"584","1kmE3815N3098",156
"585","1kmE3815N3099",161
"586","1kmE3815N3100",42
"587","1kmE3815N3101",83
"588","1kmE3815N3102",3
"589","1kmE3815N3103",12
"590","1kmE3815N3104",4
"591","1kmE3815N3105",22
"592","1kmE3815N3106",31
"593","1kmE3815N3107",100
"594","1kmE3815N3108",28
"595","1kmE3815N3109",108
"596","1kmE3815N3110",113
"597","1kmE3815N3111",129
"598","1kmE3815N3112",13
"599","1kmE3815N3113",44
"600","1kmE3815N3114",21
"601","1kmE3815N3115",23
"602","1kmE3815N3116",77
"603","1kmE3815N3117",62
"604","1kmE3815N3118",90
"605","1kmE3815N3119",132
"606","1kmE3815N3120",64
"607","1kmE3815N3121",77
"608","1kmE3815N3122",109
"609","1kmE3815N3123",90
"610","1kmE3815N3124",32
"611","1kmE3815N3125",76
"612","1kmE3815N3126",91
"613","1kmE3815N3127",149
"614","1kmE3815N3128",71
"615","1kmE3815N3129",44
"616","1kmE3815N3130",105
"617","1kmE3815N3131",66
"618","1kmE3815N3132",25
"619","1kmE3815N3133",34
"620","1kmE3815N3134",60
"621","1kmE3815N3135",99
"622","1kmE3815N3136",135
"623","1kmE3815N3137",153
"624","1kmE3815N3138",192
"625","1kmE3815N3139",125
"626","1kmE3815N3140",183
"627","1kmE3815N3141",201
"628","1kmE3815N3142",95
"629","1kmE3816N3092",117
"630","1kmE3816N3093",49
"631","1kmE3816N3094",19
"632","1kmE3816N3095",69
"633","1kmE3816N3096",55
"634","1kmE3816N3097",5
"635","1kmE3816N3098",50
"636","1kmE3816N3099",122
"637","1kmE3816N3100",27
"638","1kmE3816N3101",11
"639","1kmE3816N3102",64
"640","1kmE3816N3103",119
"641","1kmE3816N3104",52
"642","1kmE3816N3105",60
"643","1kmE3816N3106",41
"644","1kmE3816N3107",91
"645","1kmE3816N3108",10
"646","1kmE3816N3109",48
"647","1kmE3816N3110",112
"648","1kmE3816N3111",68
"649","1kmE3816N3112",65
"650","1kmE3816N3113",112
"651","1kmE3816N3114",45
"652","1kmE3816N3115",71
"653","1kmE3816N3116",16
"654","1kmE3816N3117",50
"655","1kmE3816N3118",103
"656","1kmE3816N3119",83
"657","1kmE3816N3120",127
"658","1kmE3816N3121",158
"659","1kmE3816N3122",116
"660","1kmE3816N3123",130
"661","1kmE3816N3124",73
"662","1kmE3816N3125",106
"663","1kmE3816N3126",53
"664","1kmE3816N3127",84
"665","1kmE3816N3128",88
"666","1kmE3816N3129",67
"667","1kmE3816N3130",79
"668","1kmE3816N3131",107
"669","1kmE3816N3132",61
"670","1kmE3816N3133",40
"671","1kmE3816N3134",70
"672","1kmE3816N3135",61
"673","1kmE3816N3136",43
"674","1kmE3816N3137",64
"675","1kmE3816N3138",146
"676","1kmE3816N3139",181
"677","1kmE3816N3140",202
"678","1kmE3816N3141",127
"679","1kmE3816N3142",93
"680","1kmE3816N3143",17
"681","1kmE3817N3090",4
"682","1kmE3817N3091",12
"683","1kmE3817N3092",37
"684","1kmE3817N3093",19
"685","1kmE3817N3094",4
"686","1kmE3817N3095",17
"687","1kmE3817N3096",67
"688","1kmE3817N3097",6
"689","1kmE3817N3098",33
"690","1kmE3817N3099",43
"691","1kmE3817N3100",50
"692","1kmE3817N3101",29
"693","1kmE3817N3102",80
"694","1kmE3817N3103",93
"695","1kmE3817N3104",29
"696","1kmE3817N3105",45
"697","1kmE3817N3106",52
"698","1kmE3817N3107",76
"699","1kmE3817N3108",72
"700","1kmE3817N3109",49
"701","1kmE3817N3110",55
"702","1kmE3817N3111",27
"703","1kmE3817N3112",70
"704","1kmE3817N3113",52
"705","1kmE3817N3114",96
"706","1kmE3817N3115",19
"707","1kmE3817N3116",11
"708","1kmE3817N3117",70
"709","1kmE3817N3118",118
"710","1kmE3817N3119",130
"711","1kmE3817N3120",114
"712","1kmE3817N3121",148
"713","1kmE3817N3122",91
"714","1kmE3817N3123",64
"715","1kmE3817N3124",81
"716","1kmE3817N3125",89
"717","1kmE3817N3126",40
"718","1kmE3817N3127",99
"719","1kmE3817N3128",30
"720","1kmE3817N3129",48
"721","1kmE3817N3130",31
"722","1kmE3817N3131",59
"723","1kmE3817N3132",43
"724","1kmE3817N3133",27
"725","1kmE3817N3134",28
"726","1kmE3817N3135",13
"727","1kmE3817N3136",69
"728","1kmE3817N3137",144
"729","1kmE3817N3138",137
"730","1kmE3817N3139",135
"731","1kmE3817N3140",93
"732","1kmE3817N3141",74
"733","1kmE3817N3142",107
"734","1kmE3817N3143",155
"735","1kmE3818N3091",6
"736","1kmE3818N3095",1
"737","1kmE3818N3096",2
"738","1kmE3818N3097",29
"739","1kmE3818N3098",64
"740","1kmE3818N3099",75
"741","1kmE3818N3100",47
"742","1kmE3818N3101",30
"743","1kmE3818N3102",47
"744","1kmE3818N3103",72
"745","1kmE3818N3104",69
"746","1kmE3818N3105",49
"747","1kmE3818N3106",79
"748","1kmE3818N3107",90
"749","1kmE3818N3108",71
"750","1kmE3818N3109",74
"751","1kmE3818N3110",92
"752","1kmE3818N3111",39
"753","1kmE3818N3112",34
"754","1kmE3818N3113",64
"755","1kmE3818N3114",108
"756","1kmE3818N3115",73
"757","1kmE3818N3116",20
"758","1kmE3818N3117",77
"759","1kmE3818N3118",116
"760","1kmE3818N3119",122
"761","1kmE3818N3120",29
"762","1kmE3818N3121",54
"763","1kmE3818N3122",93
"764","1kmE3818N3123",98
"765","1kmE3818N3124",73
"766","1kmE3818N3125",57
"767","1kmE3818N3126",51
"768","1kmE3818N3127",66
"769","1kmE3818N3128",65
"770","1kmE3818N3129",96
"771","1kmE3818N3130",42
"772","1kmE3818N3131",78
"773","1kmE3818N3132",65
"774","1kmE3818N3133",36
"775","1kmE3818N3134",89
"776","1kmE3818N3135",49
"777","1kmE3818N3136",64
"778","1kmE3818N3137",110
"779","1kmE3818N3138",61
"780","1kmE3818N3139",76
"781","1kmE3818N3140",124
"782","1kmE3818N3141",44
"783","1kmE3818N3142",146
"784","1kmE3818N3143",201
"785","1kmE3818N3144",92
"786","1kmE3819N3095",21
"787","1kmE3819N3096",46
"788","1kmE3819N3097",19
"789","1kmE3819N3098",72
"790","1kmE3819N3099",134
"791","1kmE3819N3100",111
"792","1kmE3819N3101",58
"793","1kmE3819N3102",66
"794","1kmE3819N3103",65
"795","1kmE3819N3104",30
"796","1kmE3819N3105",93
"797","1kmE3819N3106",124
"798","1kmE3819N3107",85
"799","1kmE3819N3108",108
"800","1kmE3819N3109",107
"801","1kmE3819N3110",78
"802","1kmE3819N3111",69
"803","1kmE3819N3112",94
"804","1kmE3819N3113",82
"805","1kmE3819N3114",40
"806","1kmE3819N3115",44
"807","1kmE3819N3116",24
"808","1kmE3819N3117",83
"809","1kmE3819N3118",112
"810","1kmE3819N3119",62
"811","1kmE3819N3120",76
"812","1kmE3819N3121",118
"813","1kmE3819N3122",136
"814","1kmE3819N3123",136
"815","1kmE3819N3124",132
"816","1kmE3819N3125",105
"817","1kmE3819N3126",106
"818","1kmE3819N3127",132
"819","1kmE3819N3128",41
"820","1kmE3819N3129",27
"821","1kmE3819N3130",33
"822","1kmE3819N3131",130
"823","1kmE3819N3132",139
"824","1kmE3819N3133",64
"825","1kmE3819N3134",101
"826","1kmE3819N3135",99
"827","1kmE3819N3136",66
"828","1kmE3819N3137",50
"829","1kmE3819N3138",47
"830","1kmE3819N3139",10
"831","1kmE3819N3140",30
"832","1kmE3819N3141",34
"833","1kmE3819N3142",62
"834","1kmE3819N3143",107
"835","1kmE3819N3144",86
"836","1kmE3819N3145",24
"837","1kmE3820N3095",51
"838","1kmE3820N3096",88
"839","1kmE3820N3097",43
"840","1kmE3820N3098",34
"841","1kmE3820N3099",56
"842","1kmE3820N3100",34
"843","1kmE3820N3101",28
"844","1kmE3820N3102",20
"845","1kmE3820N3103",84
"846","1kmE3820N3104",132
"847","1kmE3820N3105",195
"848","1kmE3820N3106",168
"849","1kmE3820N3107",122
"850","1kmE3820N3108",135
"851","1kmE3820N3109",118
"852","1kmE3820N3110",42
"853","1kmE3820N3111",57
"854","1kmE3820N3112",13
"855","1kmE3820N3113",38
"856","1kmE3820N3114",86
"857","1kmE3820N3115",56
"858","1kmE3820N3116",11
"859","1kmE3820N3117",73
"860","1kmE3820N3118",69
"861","1kmE3820N3119",88
"862","1kmE3820N3120",142
"863","1kmE3820N3121",170
"864","1kmE3820N3122",173
"865","1kmE3820N3123",103
"866","1kmE3820N3124",106
"867","1kmE3820N3125",128
"868","1kmE3820N3126",166
"869","1kmE3820N3127",171
"870","1kmE3820N3128",88
"871","1kmE3820N3129",106
"872","1kmE3820N3130",111
"873","1kmE3820N3131",110
"874","1kmE3820N3132",145
"875","1kmE3820N3133",87
"876","1kmE3820N3134",82
"877","1kmE3820N3135",65
"878","1kmE3820N3136",113
"879","1kmE3820N3137",88
"880","1kmE3820N3138",38
"881","1kmE3820N3139",21
"882","1kmE3820N3140",51
"883","1kmE3820N3141",72
"884","1kmE3820N3142",55
"885","1kmE3820N3143",38
"886","1kmE3820N3144",125
"887","1kmE3820N3145",141
"888","1kmE3821N3095",55
"889","1kmE3821N3096",65
"890","1kmE3821N3097",30
"891","1kmE3821N3098",17
"892","1kmE3821N3099",35
"893","1kmE3821N3100",32
"894","1kmE3821N3101",37
"895","1kmE3821N3102",50
"896","1kmE3821N3103",56
"897","1kmE3821N3104",192
"898","1kmE3821N3105",216
"899","1kmE3821N3106",169
"900","1kmE3821N3107",110
"901","1kmE3821N3108",83
"902","1kmE3821N3109",52
"903","1kmE3821N3110",2
"904","1kmE3821N3111",34
"905","1kmE3821N3112",49
"906","1kmE3821N3113",11
"907","1kmE3821N3114",20
"908","1kmE3821N3115",37
"909","1kmE3821N3116",30
"910","1kmE3821N3117",22
"911","1kmE3821N3118",33
"912","1kmE3821N3119",61
"913","1kmE3821N3120",111
"914","1kmE3821N3121",151
"915","1kmE3821N3122",122
"916","1kmE3821N3123",47
"917","1kmE3821N3124",62
"918","1kmE3821N3125",106
"919","1kmE3821N3126",117
"920","1kmE3821N3127",102
"921","1kmE3821N3128",45
"922","1kmE3821N3129",42
"923","1kmE3821N3130",48
"924","1kmE3821N3131",65
"925","1kmE3821N3132",86
"926","1kmE3821N3133",50
"927","1kmE3821N3134",62
"928","1kmE3821N3135",40
"929","1kmE3821N3136",99
"930","1kmE3821N3137",101
"931","1kmE3821N3138",59
"932","1kmE3821N3139",80
"933","1kmE3821N3140",57
"934","1kmE3821N3141",15
"935","1kmE3821N3142",52
"936","1kmE3821N3143",102
"937","1kmE3821N3144",195
"938","1kmE3821N3145",238
"939","1kmE3821N3146",80
"940","1kmE3822N3095",13
"941","1kmE3822N3096",18
"942","1kmE3822N3097",42
"943","1kmE3822N3098",38
"944","1kmE3822N3099",67
"945","1kmE3822N3100",83
"946","1kmE3822N3101",140
"947","1kmE3822N3102",157
"948","1kmE3822N3103",138
"949","1kmE3822N3104",113
"950","1kmE3822N3105",127
"951","1kmE3822N3106",75
"952","1kmE3822N3107",44
"953","1kmE3822N3108",80
"954","1kmE3822N3109",31
"955","1kmE3822N3111",17
"956","1kmE3822N3112",60
"957","1kmE3822N3113",48
"958","1kmE3822N3114",53
"959","1kmE3822N3115",49
"960","1kmE3822N3116",54
"961","1kmE3822N3117",54
"962","1kmE3822N3118",71
"963","1kmE3822N3119",52
"964","1kmE3822N3120",52
"965","1kmE3822N3121",31
"966","1kmE3822N3122",38
"967","1kmE3822N3123",22
"968","1kmE3822N3124",2
"969","1kmE3822N3125",3
"970","1kmE3822N3126",84
"971","1kmE3822N3127",107
"972","1kmE3822N3128",49
"973","1kmE3822N3129",83
"974","1kmE3822N3130",52
"975","1kmE3822N3131",22
"976","1kmE3822N3132",104
"977","1kmE3822N3133",77
"978","1kmE3822N3134",38
"979","1kmE3822N3135",27
"980","1kmE3822N3136",45
"981","1kmE3822N3137",47
"982","1kmE3822N3138",56
"983","1kmE3822N3139",55
"984","1kmE3822N3140",16
"985","1kmE3822N3141",28
"986","1kmE3822N3142",62
"987","1kmE3822N3143",115
"988","1kmE3822N3144",153
"989","1kmE3822N3145",229
"990","1kmE3822N3146",170
"991","1kmE3823N3096",2
"992","1kmE3823N3097",63
"993","1kmE3823N3098",33
"994","1kmE3823N3099",52
"995","1kmE3823N3100",49
"996","1kmE3823N3101",196
"997","1kmE3823N3102",205
"998","1kmE3823N3103",118
"999","1kmE3823N3104",18
"1000","1kmE3823N3105",45
"1001","1kmE3823N3106",36
"1002","1kmE3823N3107",5
"1003","1kmE3823N3108",79
"1004","1kmE3823N3109",24
"1005","1kmE3823N3110",2
"1006","1kmE3823N3111",41
"1007","1kmE3823N3112",119
"1008","1kmE3823N3113",100
"1009","1kmE3823N3114",28
"1010","1kmE3823N3115",23
"1011","1kmE3823N3116",66
"1012","1kmE3823N3117",98
"1013","1kmE3823N3118",76
"1014","1kmE3823N3119",40
"1015","1kmE3823N3120",29
"1016","1kmE3823N3121",24
"1017","1kmE3823N3122",59
"1018","1kmE3823N3123",35
"1019","1kmE3823N3124",3
"1020","1kmE3823N3125",41
"1021","1kmE3823N3126",91
"1022","1kmE3823N3127",78
"1023","1kmE3823N3128",45
"1024","1kmE3823N3129",36
"1025","1kmE3823N3130",54
"1026","1kmE3823N3131",32
"1027","1kmE3823N3132",56
"1028","1kmE3823N3133",82
"1029","1kmE3823N3134",37
"1030","1kmE3823N3135",40
"1031","1kmE3823N3136",102
"1032","1kmE3823N3137",78
"1033","1kmE3823N3138",18
"1034","1kmE3823N3139",37
"1035","1kmE3823N3140",11
"1036","1kmE3823N3141",63
"1037","1kmE3823N3142",118
"1038","1kmE3823N3143",90
"1039","1kmE3823N3144",58
"1040","1kmE3823N3145",141
"1041","1kmE3823N3146",168
"1042","1kmE3823N3147",76
"1043","1kmE3824N3097",30
"1044","1kmE3824N3098",54
"1045","1kmE3824N3099",17
"1046","1kmE3824N3100",76
"1047","1kmE3824N3101",127
"1048","1kmE3824N3102",174
"1049","1kmE3824N3103",103
"1050","1kmE3824N3104",80
"1051","1kmE3824N3105",68
"1052","1kmE3824N3106",93
"1053","1kmE3824N3107",53
"1054","1kmE3824N3108",44
"1055","1kmE3824N3109",54
"1056","1kmE3824N3110",45
"1057","1kmE3824N3111",18
"1058","1kmE3824N3112",7
"1059","1kmE3824N3113",102
"1060","1kmE3824N3114",56
"1061","1kmE3824N3115",14
"1062","1kmE3824N3116",63
"1063","1kmE3824N3117",96
"1064","1kmE3824N3118",72
"1065","1kmE3824N3119",110
"1066","1kmE3824N3120",46
"1067","1kmE3824N3121",50
"1068","1kmE3824N3122",90
"1069","1kmE3824N3123",35
"1070","1kmE3824N3124",4
"1071","1kmE3824N3125",102
"1072","1kmE3824N3126",162
"1073","1kmE3824N3127",94
"1074","1kmE3824N3128",22
"1075","1kmE3824N3129",135
"1076","1kmE3824N3130",70
"1077","1kmE3824N3131",11
"1078","1kmE3824N3132",11
"1079","1kmE3824N3133",49
"1080","1kmE3824N3134",32
"1081","1kmE3824N3135",58
"1082","1kmE3824N3136",40
"1083","1kmE3824N3137",77
"1084","1kmE3824N3138",38
"1085","1kmE3824N3139",93
"1086","1kmE3824N3140",50
"1087","1kmE3824N3141",78
"1088","1kmE3824N3142",93
"1089","1kmE3824N3143",33
"1090","1kmE3824N3144",11
"1091","1kmE3824N3145",27
"1092","1kmE3824N3146",127
"1093","1kmE3824N3147",91
"1094","1kmE3825N3097",52
"1095","1kmE3825N3098",101
"1096","1kmE3825N3100",68
"1097","1kmE3825N3101",38
"1098","1kmE3825N3102",126
"1099","1kmE3825N3103",127
"1100","1kmE3825N3104",90
"1101","1kmE3825N3105",68
"1102","1kmE3825N3106",50
"1103","1kmE3825N3107",91
"1104","1kmE3825N3108",100
"1105","1kmE3825N3109",51
"1106","1kmE3825N3110",67
"1107","1kmE3825N3111",17
"1108","1kmE3825N3112",4
"1109","1kmE3825N3113",25
"1110","1kmE3825N3114",80
"1111","1kmE3825N3115",100
"1112","1kmE3825N3116",95
"1113","1kmE3825N3117",148
"1114","1kmE3825N3118",91
"1115","1kmE3825N3119",78
"1116","1kmE3825N3120",36
"1117","1kmE3825N3121",65
"1118","1kmE3825N3122",81
"1119","1kmE3825N3123",55
"1120","1kmE3825N3124",18
"1121","1kmE3825N3125",61
"1122","1kmE3825N3126",82
"1123","1kmE3825N3127",108
"1124","1kmE3825N3128",40
"1125","1kmE3825N3129",57
"1126","1kmE3825N3130",141
"1127","1kmE3825N3131",76
"1128","1kmE3825N3132",19
"1129","1kmE3825N3133",15
"1130","1kmE3825N3134",19
"1131","1kmE3825N3135",53
"1132","1kmE3825N3136",22
"1133","1kmE3825N3137",148
"1134","1kmE3825N3138",79
"1135","1kmE3825N3139",70
"1136","1kmE3825N3140",29
"1137","1kmE3825N3141",43
"1138","1kmE3825N3142",77
"1139","1kmE3825N3143",108
"1140","1kmE3825N3144",89
"1141","1kmE3825N3145",77
"1142","1kmE3825N3146",88
"1143","1kmE3825N3147",106
"1144","1kmE3825N3148",31
"1145","1kmE3826N3100",9
"1146","1kmE3826N3101",80
"1147","1kmE3826N3102",106
"1148","1kmE3826N3103",159
"1149","1kmE3826N3104",100
"1150","1kmE3826N3105",106
"1151","1kmE3826N3106",43
"1152","1kmE3826N3107",92
"1153","1kmE3826N3108",98
"1154","1kmE3826N3109",16
"1155","1kmE3826N3110",3
"1156","1kmE3826N3111",30
"1157","1kmE3826N3112",4
"1158","1kmE3826N3113",65
"1159","1kmE3826N3114",54
"1160","1kmE3826N3115",141
"1161","1kmE3826N3116",163
"1162","1kmE3826N3117",199
"1163","1kmE3826N3118",207
"1164","1kmE3826N3119",177
"1165","1kmE3826N3120",102
"1166","1kmE3826N3121",94
"1167","1kmE3826N3122",29
"1168","1kmE3826N3123",63
"1169","1kmE3826N3124",41
"1170","1kmE3826N3125",98
"1171","1kmE3826N3126",61
"1172","1kmE3826N3127",23
"1173","1kmE3826N3128",9
"1174","1kmE3826N3129",116
"1175","1kmE3826N3130",147
"1176","1kmE3826N3131",99
"1177","1kmE3826N3132",19
"1178","1kmE3826N3133",60
"1179","1kmE3826N3134",22
"1180","1kmE3826N3135",109
"1181","1kmE3826N3136",40
"1182","1kmE3826N3137",94
"1183","1kmE3826N3138",51
"1184","1kmE3826N3139",33
"1185","1kmE3826N3140",29
"1186","1kmE3826N3141",90
"1187","1kmE3826N3142",104
"1188","1kmE3826N3143",137
"1189","1kmE3826N3144",118
"1190","1kmE3826N3145",86
"1191","1kmE3826N3146",43
"1192","1kmE3826N3147",114
"1193","1kmE3826N3148",49
"1194","1kmE3826N3149",13
"1195","1kmE3827N3100",12
"1196","1kmE3827N3101",78
"1197","1kmE3827N3102",24
"1198","1kmE3827N3103",60
"1199","1kmE3827N3104",76
"1200","1kmE3827N3105",162
"1201","1kmE3827N3106",136
"1202","1kmE3827N3107",80
"1203","1kmE3827N3108",73
"1204","1kmE3827N3109",3
"1205","1kmE3827N3110",15
"1206","1kmE3827N3111",67
"1207","1kmE3827N3112",49
"1208","1kmE3827N3113",144
"1209","1kmE3827N3114",38
"1210","1kmE3827N3115",71
"1211","1kmE3827N3116",191
"1212","1kmE3827N3117",227
"1213","1kmE3827N3118",217
"1214","1kmE3827N3119",177
"1215","1kmE3827N3120",110
"1216","1kmE3827N3121",110
"1217","1kmE3827N3122",31
"1218","1kmE3827N3123",61
"1219","1kmE3827N3124",71
"1220","1kmE3827N3125",94
"1221","1kmE3827N3126",47
"1222","1kmE3827N3127",16
"1223","1kmE3827N3128",23
"1224","1kmE3827N3129",116
"1225","1kmE3827N3130",120
"1226","1kmE3827N3131",85
"1227","1kmE3827N3132",61
"1228","1kmE3827N3133",53
"1229","1kmE3827N3134",11
"1230","1kmE3827N3135",69
"1231","1kmE3827N3136",12
"1232","1kmE3827N3137",10
"1233","1kmE3827N3138",10
"1234","1kmE3827N3139",86
"1235","1kmE3827N3140",34
"1236","1kmE3827N3141",74
"1237","1kmE3827N3142",126
"1238","1kmE3827N3143",116
"1239","1kmE3827N3144",124
"1240","1kmE3827N3145",53
"1241","1kmE3827N3146",85
"1242","1kmE3827N3147",163
"1243","1kmE3827N3148",141
"1244","1kmE3827N3149",80
"1245","1kmE3828N3099",3
"1246","1kmE3828N3100",14
"1247","1kmE3828N3101",67
"1248","1kmE3828N3102",23
"1249","1kmE3828N3103",93
"1250","1kmE3828N3104",102
"1251","1kmE3828N3105",161
"1252","1kmE3828N3106",114
"1253","1kmE3828N3107",84
"1254","1kmE3828N3108",142
"1255","1kmE3828N3109",67
"1256","1kmE3828N3110",55
"1257","1kmE3828N3111",17
"1258","1kmE3828N3112",57
"1259","1kmE3828N3113",77
"1260","1kmE3828N3114",26
"1261","1kmE3828N3115",85
"1262","1kmE3828N3116",89
"1263","1kmE3828N3117",118
"1264","1kmE3828N3118",89
"1265","1kmE3828N3119",98
"1266","1kmE3828N3120",63
"1267","1kmE3828N3121",71
"1268","1kmE3828N3122",62
"1269","1kmE3828N3123",88
"1270","1kmE3828N3124",120
"1271","1kmE3828N3125",138
"1272","1kmE3828N3126",79
"1273","1kmE3828N3127",68
"1274","1kmE3828N3128",56
"1275","1kmE3828N3129",110
"1276","1kmE3828N3130",196
"1277","1kmE3828N3131",72
"1278","1kmE3828N3132",31
"1279","1kmE3828N3133",6
"1280","1kmE3828N3134",9
"1281","1kmE3828N3135",66
"1282","1kmE3828N3136",30
"1283","1kmE3828N3137",12
"1284","1kmE3828N3138",28
"1285","1kmE3828N3139",26
"1286","1kmE3828N3140",32
"1287","1kmE3828N3141",122
"1288","1kmE3828N3142",142
"1289","1kmE3828N3143",119
"1290","1kmE3828N3144",126
"1291","1kmE3828N3145",64
"1292","1kmE3828N3146",76
"1293","1kmE3828N3147",188
"1294","1kmE3828N3148",269
"1295","1kmE3828N3149",132
"1296","1kmE3829N3096",69
"1297","1kmE3829N3097",103
"1298","1kmE3829N3098",34
"1299","1kmE3829N3099",1
"1300","1kmE3829N3100",26
"1301","1kmE3829N3101",78
"1302","1kmE3829N3102",14
"1303","1kmE3829N3103",51
"1304","1kmE3829N3104",129
"1305","1kmE3829N3105",115
"1306","1kmE3829N3106",56
"1307","1kmE3829N3107",92
"1308","1kmE3829N3108",118
"1309","1kmE3829N3109",121
"1310","1kmE3829N3110",87
"1311","1kmE3829N3111",43
"1312","1kmE3829N3112",35
"1313","1kmE3829N3113",18
"1314","1kmE3829N3114",21
"1315","1kmE3829N3115",31
"1316","1kmE3829N3116",79
"1317","1kmE3829N3117",69
"1318","1kmE3829N3118",130
"1319","1kmE3829N3119",19
"1320","1kmE3829N3120",78
"1321","1kmE3829N3121",93
"1322","1kmE3829N3122",78
"1323","1kmE3829N3123",23
"1324","1kmE3829N3124",67
"1325","1kmE3829N3125",27
"1326","1kmE3829N3126",33
"1327","1kmE3829N3127",34
"1328","1kmE3829N3128",26
"1329","1kmE3829N3129",81
"1330","1kmE3829N3130",123
"1331","1kmE3829N3131",69
"1332","1kmE3829N3132",63
"1333","1kmE3829N3133",2
"1334","1kmE3829N3134",13
"1335","1kmE3829N3135",73
"1336","1kmE3829N3136",91
"1337","1kmE3829N3137",39
"1338","1kmE3829N3138",82
"1339","1kmE3829N3139",110
"1340","1kmE3829N3140",23
"1341","1kmE3829N3141",53
"1342","1kmE3829N3142",89
"1343","1kmE3829N3143",66
"1344","1kmE3829N3144",114
"1345","1kmE3829N3145",139
"1346","1kmE3829N3146",73
"1347","1kmE3829N3147",182
"1348","1kmE3829N3148",288
"1349","1kmE3829N3149",148
"1350","1kmE3829N3150",64
"1351","1kmE3830N3096",125
"1352","1kmE3830N3097",158
"1353","1kmE3830N3098",107
"1354","1kmE3830N3099",2
"1355","1kmE3830N3100",22
"1356","1kmE3830N3101",52
"1357","1kmE3830N3102",74
"1358","1kmE3830N3103",13
"1359","1kmE3830N3104",51
"1360","1kmE3830N3105",58
"1361","1kmE3830N3106",10
"1362","1kmE3830N3107",46
"1363","1kmE3830N3108",63
"1364","1kmE3830N3109",92
"1365","1kmE3830N3110",70
"1366","1kmE3830N3111",62
"1367","1kmE3830N3112",48
"1368","1kmE3830N3113",68
"1369","1kmE3830N3114",57
"1370","1kmE3830N3115",108
"1371","1kmE3830N3116",103
"1372","1kmE3830N3117",64
"1373","1kmE3830N3118",118
"1374","1kmE3830N3119",85
"1375","1kmE3830N3120",42
"1376","1kmE3830N3121",67
"1377","1kmE3830N3122",34
"1378","1kmE3830N3123",54
"1379","1kmE3830N3124",133
"1380","1kmE3830N3125",18
"1381","1kmE3830N3126",33
"1382","1kmE3830N3127",75
"1383","1kmE3830N3128",16
"1384","1kmE3830N3129",53
"1385","1kmE3830N3130",88
"1386","1kmE3830N3131",64
"1387","1kmE3830N3132",112
"1388","1kmE3830N3133",7
"1389","1kmE3830N3134",16
"1390","1kmE3830N3135",59
"1391","1kmE3830N3136",95
"1392","1kmE3830N3137",109
"1393","1kmE3830N3138",128
"1394","1kmE3830N3139",40
"1395","1kmE3830N3140",28
"1396","1kmE3830N3141",15
"1397","1kmE3830N3142",48
"1398","1kmE3830N3143",124
"1399","1kmE3830N3144",167
"1400","1kmE3830N3145",101
"1401","1kmE3830N3146",62
"1402","1kmE3830N3147",118
"1403","1kmE3830N3148",68
"1404","1kmE3830N3149",101
"1405","1kmE3830N3150",153
"1406","1kmE3831N3097",141
"1407","1kmE3831N3098",72
"1408","1kmE3831N3099",14
"1409","1kmE3831N3100",22
"1410","1kmE3831N3101",17
"1411","1kmE3831N3102",67
"1412","1kmE3831N3103",60
"1413","1kmE3831N3104",8
"1414","1kmE3831N3105",41
"1415","1kmE3831N3106",48
"1416","1kmE3831N3107",50
"1417","1kmE3831N3108",55
"1418","1kmE3831N3109",58
"1419","1kmE3831N3110",32
"1420","1kmE3831N3111",16
"1421","1kmE3831N3112",55
"1422","1kmE3831N3113",105
"1423","1kmE3831N3114",89
"1424","1kmE3831N3115",74
"1425","1kmE3831N3116",52
"1426","1kmE3831N3117",51
"1427","1kmE3831N3118",70
"1428","1kmE3831N3119",93
"1429","1kmE3831N3120",89
"1430","1kmE3831N3121",79
"1431","1kmE3831N3122",72
"1432","1kmE3831N3123",101
"1433","1kmE3831N3124",107
"1434","1kmE3831N3125",25
"1435","1kmE3831N3126",31
"1436","1kmE3831N3127",75
"1437","1kmE3831N3128",73
"1438","1kmE3831N3129",106
"1439","1kmE3831N3130",53
"1440","1kmE3831N3131",82
"1441","1kmE3831N3132",81
"1442","1kmE3831N3133",30
"1443","1kmE3831N3134",67
"1444","1kmE3831N3135",81
"1445","1kmE3831N3136",109
"1446","1kmE3831N3137",163
"1447","1kmE3831N3138",124
"1448","1kmE3831N3139",116
"1449","1kmE3831N3140",69
"1450","1kmE3831N3141",32
"1451","1kmE3831N3142",52
"1452","1kmE3831N3143",141
"1453","1kmE3831N3144",162
"1454","1kmE3831N3145",57
"1455","1kmE3831N3146",60
"1456","1kmE3831N3147",95
"1457","1kmE3831N3148",73
"1458","1kmE3831N3149",172
"1459","1kmE3831N3150",243
"1460","1kmE3831N3151",125
"1461","1kmE3832N3097",59
"1462","1kmE3832N3098",69
"1463","1kmE3832N3099",55
"1464","1kmE3832N3100",69
"1465","1kmE3832N3101",61
"1466","1kmE3832N3102",97
"1467","1kmE3832N3103",103
"1468","1kmE3832N3104",75
"1469","1kmE3832N3105",26
"1470","1kmE3832N3106",78
"1471","1kmE3832N3107",66
"1472","1kmE3832N3108",28
"1473","1kmE3832N3109",56
"1474","1kmE3832N3110",69
"1475","1kmE3832N3111",37
"1476","1kmE3832N3112",56
"1477","1kmE3832N3113",33
"1478","1kmE3832N3114",32
"1479","1kmE3832N3115",31
"1480","1kmE3832N3116",28
"1481","1kmE3832N3117",26
"1482","1kmE3832N3118",27
"1483","1kmE3832N3119",70
"1484","1kmE3832N3120",96
"1485","1kmE3832N3121",97
"1486","1kmE3832N3122",96
"1487","1kmE3832N3123",130
"1488","1kmE3832N3124",104
"1489","1kmE3832N3125",75
"1490","1kmE3832N3126",8
"1491","1kmE3832N3127",80
"1492","1kmE3832N3128",130
"1493","1kmE3832N3129",84
"1494","1kmE3832N3130",56
"1495","1kmE3832N3131",80
"1496","1kmE3832N3132",57
"1497","1kmE3832N3133",43
"1498","1kmE3832N3134",58
"1499","1kmE3832N3135",64
"1500","1kmE3832N3136",122
"1501","1kmE3832N3137",12
"1502","1kmE3832N3138",66
"1503","1kmE3832N3139",89
"1504","1kmE3832N3140",43
"1505","1kmE3832N3141",77
"1506","1kmE3832N3142",124
"1507","1kmE3832N3143",173
"1508","1kmE3832N3144",154
"1509","1kmE3832N3145",86
"1510","1kmE3832N3146",71
"1511","1kmE3832N3147",76
"1512","1kmE3832N3148",89
"1513","1kmE3832N3149",206
"1514","1kmE3832N3150",267
"1515","1kmE3832N3151",226
"1516","1kmE3833N3096",80
"1517","1kmE3833N3097",82
"1518","1kmE3833N3098",43
"1519","1kmE3833N3099",2
"1520","1kmE3833N3100",20
"1521","1kmE3833N3101",73
"1522","1kmE3833N3102",78
"1523","1kmE3833N3103",42
"1524","1kmE3833N3104",24
"1525","1kmE3833N3105",14
"1526","1kmE3833N3106",32
"1527","1kmE3833N3107",55
"1528","1kmE3833N3108",69
"1529","1kmE3833N3109",53
"1530","1kmE3833N3110",64
"1531","1kmE3833N3111",50
"1532","1kmE3833N3112",16
"1533","1kmE3833N3113",36
"1534","1kmE3833N3114",69
"1535","1kmE3833N3115",104
"1536","1kmE3833N3116",71
"1537","1kmE3833N3117",64
"1538","1kmE3833N3118",104
"1539","1kmE3833N3119",77
"1540","1kmE3833N3120",47
"1541","1kmE3833N3121",45
"1542","1kmE3833N3122",57
"1543","1kmE3833N3123",89
"1544","1kmE3833N3124",132
"1545","1kmE3833N3125",97
"1546","1kmE3833N3126",22
"1547","1kmE3833N3127",10
"1548","1kmE3833N3128",132
"1549","1kmE3833N3129",155
"1550","1kmE3833N3130",89
"1551","1kmE3833N3131",67
"1552","1kmE3833N3132",25
"1553","1kmE3833N3133",37
"1554","1kmE3833N3134",62
"1555","1kmE3833N3135",68
"1556","1kmE3833N3136",50
"1557","1kmE3833N3137",12
"1558","1kmE3833N3138",26
"1559","1kmE3833N3139",40
"1560","1kmE3833N3140",19
"1561","1kmE3833N3141",32
"1562","1kmE3833N3142",47
"1563","1kmE3833N3143",88
"1564","1kmE3833N3144",84
"1565","1kmE3833N3145",62
"1566","1kmE3833N3146",55
"1567","1kmE3833N3147",14
"1568","1kmE3833N3148",50
"1569","1kmE3833N3149",164
"1570","1kmE3833N3150",274
"1571","1kmE3833N3151",259
"1572","1kmE3833N3152",116
"1573","1kmE3834N3096",77
"1574","1kmE3834N3097",50
"1575","1kmE3834N3098",14
"1576","1kmE3834N3099",7
"1577","1kmE3834N3100",68
"1578","1kmE3834N3101",58
"1579","1kmE3834N3102",39
"1580","1kmE3834N3103",18
"1581","1kmE3834N3104",40
"1582","1kmE3834N3105",34
"1583","1kmE3834N3106",29
"1584","1kmE3834N3107",55
"1585","1kmE3834N3108",32
"1586","1kmE3834N3109",33
"1587","1kmE3834N3110",60
"1588","1kmE3834N3111",72
"1589","1kmE3834N3112",56
"1590","1kmE3834N3113",7
"1591","1kmE3834N3114",18
"1592","1kmE3834N3115",69
"1593","1kmE3834N3116",87
"1594","1kmE3834N3117",110
"1595","1kmE3834N3118",110
"1596","1kmE3834N3119",91
"1597","1kmE3834N3120",70
"1598","1kmE3834N3121",40
"1599","1kmE3834N3122",65
"1600","1kmE3834N3123",52
"1601","1kmE3834N3124",117
"1602","1kmE3834N3125",126
"1603","1kmE3834N3126",39
"1604","1kmE3834N3127",11
"1605","1kmE3834N3128",120
"1606","1kmE3834N3129",165
"1607","1kmE3834N3130",120
"1608","1kmE3834N3131",35
"1609","1kmE3834N3132",74
"1610","1kmE3834N3133",89
"1611","1kmE3834N3134",49
"1612","1kmE3834N3135",53
"1613","1kmE3834N3136",29
"1614","1kmE3834N3137",6
"1615","1kmE3834N3138",70
"1616","1kmE3834N3139",73
"1617","1kmE3834N3140",31
"1618","1kmE3834N3141",38
"1619","1kmE3834N3142",14
"1620","1kmE3834N3143",11
"1621","1kmE3834N3144",100
"1622","1kmE3834N3145",96
"1623","1kmE3834N3146",52
"1624","1kmE3834N3147",43
"1625","1kmE3834N3148",46
"1626","1kmE3834N3149",87
"1627","1kmE3834N3150",71
"1628","1kmE3834N3151",156
"1629","1kmE3834N3152",177
"1630","1kmE3834N3153",29
"1631","1kmE3835N3097",27
"1632","1kmE3835N3098",28
"1633","1kmE3835N3099",43
"1634","1kmE3835N3100",18
"1635","1kmE3835N3101",11
"1636","1kmE3835N3102",13
"1637","1kmE3835N3103",58
"1638","1kmE3835N3104",94
"1639","1kmE3835N3105",78
"1640","1kmE3835N3106",92
"1641","1kmE3835N3107",71
"1642","1kmE3835N3108",29
"1643","1kmE3835N3109",5
"1644","1kmE3835N3110",76
"1645","1kmE3835N3111",69
"1646","1kmE3835N3112",49
"1647","1kmE3835N3113",47
"1648","1kmE3835N3114",86
"1649","1kmE3835N3115",75
"1650","1kmE3835N3116",48
"1651","1kmE3835N3117",76
"1652","1kmE3835N3118",64
"1653","1kmE3835N3119",68
"1654","1kmE3835N3120",67
"1655","1kmE3835N3121",32
"1656","1kmE3835N3122",59
"1657","1kmE3835N3123",47
"1658","1kmE3835N3124",91
"1659","1kmE3835N3125",97
"1660","1kmE3835N3126",50
"1661","1kmE3835N3127",19
"1662","1kmE3835N3128",90
"1663","1kmE3835N3129",152
"1664","1kmE3835N3130",179
"1665","1kmE3835N3131",132
"1666","1kmE3835N3132",90
"1667","1kmE3835N3133",63
"1668","1kmE3835N3134",9
"1669","1kmE3835N3135",56
"1670","1kmE3835N3136",61
"1671","1kmE3835N3137",12
"1672","1kmE3835N3138",60
"1673","1kmE3835N3139",52
"1674","1kmE3835N3140",117
"1675","1kmE3835N3141",163
"1676","1kmE3835N3142",105
"1677","1kmE3835N3143",63
"1678","1kmE3835N3144",108
"1679","1kmE3835N3145",89
"1680","1kmE3835N3146",93
"1681","1kmE3835N3147",59
"1682","1kmE3835N3148",94
"1683","1kmE3835N3149",120
"1684","1kmE3835N3150",107
"1685","1kmE3835N3151",101
"1686","1kmE3835N3152",147
"1687","1kmE3835N3153",68
"1688","1kmE3836N3097",19
"1689","1kmE3836N3098",95
"1690","1kmE3836N3099",91
"1691","1kmE3836N3100",59
"1692","1kmE3836N3101",61
"1693","1kmE3836N3102",66
"1694","1kmE3836N3103",38
"1695","1kmE3836N3104",30
"1696","1kmE3836N3105",49
"1697","1kmE3836N3106",51
"1698","1kmE3836N3107",64
"1699","1kmE3836N3108",11
"1700","1kmE3836N3109",30
"1701","1kmE3836N3110",70
"1702","1kmE3836N3111",71
"1703","1kmE3836N3112",101
"1704","1kmE3836N3113",108
"1705","1kmE3836N3114",88
"1706","1kmE3836N3115",77
"1707","1kmE3836N3116",114
"1708","1kmE3836N3117",120
"1709","1kmE3836N3118",114
"1710","1kmE3836N3119",68
"1711","1kmE3836N3120",71
"1712","1kmE3836N3121",68
"1713","1kmE3836N3122",73
"1714","1kmE3836N3123",47
"1715","1kmE3836N3124",104
"1716","1kmE3836N3125",68
"1717","1kmE3836N3126",39
"1718","1kmE3836N3127",13
"1719","1kmE3836N3128",120
"1720","1kmE3836N3129",110
"1721","1kmE3836N3130",159
"1722","1kmE3836N3131",139
"1723","1kmE3836N3132",97
"1724","1kmE3836N3133",64
"1725","1kmE3836N3134",47
"1726","1kmE3836N3135",17
"1727","1kmE3836N3136",44
"1728","1kmE3836N3137",52
"1729","1kmE3836N3138",44
"1730","1kmE3836N3139",59
"1731","1kmE3836N3140",48
"1732","1kmE3836N3141",83
"1733","1kmE3836N3142",68
"1734","1kmE3836N3143",86
"1735","1kmE3836N3144",87
"1736","1kmE3836N3145",59
"1737","1kmE3836N3146",93
"1738","1kmE3836N3147",99
"1739","1kmE3836N3148",80
"1740","1kmE3836N3149",81
"1741","1kmE3836N3150",67
"1742","1kmE3836N3151",35
"1743","1kmE3836N3152",161
"1744","1kmE3836N3153",167
"1745","1kmE3836N3154",85
"1746","1kmE3837N3097",23
"1747","1kmE3837N3098",109
"1748","1kmE3837N3099",62
"1749","1kmE3837N3100",82
"1750","1kmE3837N3101",91
"1751","1kmE3837N3102",108
"1752","1kmE3837N3103",147
"1753","1kmE3837N3104",59
"1754","1kmE3837N3105",25
"1755","1kmE3837N3106",85
"1756","1kmE3837N3107",83
"1757","1kmE3837N3108",43
"1758","1kmE3837N3109",68
"1759","1kmE3837N3110",40
"1760","1kmE3837N3111",39
"1761","1kmE3837N3112",58
"1762","1kmE3837N3113",117
"1763","1kmE3837N3114",99
"1764","1kmE3837N3115",66
"1765","1kmE3837N3116",116
"1766","1kmE3837N3117",96
"1767","1kmE3837N3118",82
"1768","1kmE3837N3119",58
"1769","1kmE3837N3120",52
"1770","1kmE3837N3121",80
"1771","1kmE3837N3122",55
"1772","1kmE3837N3123",80
"1773","1kmE3837N3124",51
"1774","1kmE3837N3125",61
"1775","1kmE3837N3126",86
"1776","1kmE3837N3127",47
"1777","1kmE3837N3128",50
"1778","1kmE3837N3129",73
"1779","1kmE3837N3130",131
"1780","1kmE3837N3131",142
"1781","1kmE3837N3132",134
"1782","1kmE3837N3133",78
"1783","1kmE3837N3134",75
"1784","1kmE3837N3135",31
"1785","1kmE3837N3136",11
"1786","1kmE3837N3137",48
"1787","1kmE3837N3138",106
"1788","1kmE3837N3139",180
"1789","1kmE3837N3140",112
"1790","1kmE3837N3141",31
"1791","1kmE3837N3142",29
"1792","1kmE3837N3143",133
"1793","1kmE3837N3144",134
"1794","1kmE3837N3145",98
"1795","1kmE3837N3146",96
"1796","1kmE3837N3147",71
"1797","1kmE3837N3148",72
"1798","1kmE3837N3149",94
"1799","1kmE3837N3150",73
"1800","1kmE3837N3151",9
"1801","1kmE3837N3152",156
"1802","1kmE3837N3153",274
"1803","1kmE3837N3154",235
"1804","1kmE3838N3096",7
"1805","1kmE3838N3097",30
"1806","1kmE3838N3098",145
"1807","1kmE3838N3099",101
"1808","1kmE3838N3100",44
"1809","1kmE3838N3101",9
"1810","1kmE3838N3102",34
"1811","1kmE3838N3103",68
"1812","1kmE3838N3104",12
"1813","1kmE3838N3105",14
"1814","1kmE3838N3106",61
"1815","1kmE3838N3107",76
"1816","1kmE3838N3108",35
"1817","1kmE3838N3109",48
"1818","1kmE3838N3110",42
"1819","1kmE3838N3111",92
"1820","1kmE3838N3112",176
"1821","1kmE3838N3113",140
"1822","1kmE3838N3114",100
"1823","1kmE3838N3115",126
"1824","1kmE3838N3116",185
"1825","1kmE3838N3117",173
"1826","1kmE3838N3118",181
"1827","1kmE3838N3119",102
"1828","1kmE3838N3120",124
"1829","1kmE3838N3121",113
"1830","1kmE3838N3122",54
"1831","1kmE3838N3123",123
"1832","1kmE3838N3124",97
"1833","1kmE3838N3125",63
"1834","1kmE3838N3126",32
"1835","1kmE3838N3127",67
"1836","1kmE3838N3128",107
"1837","1kmE3838N3129",119
"1838","1kmE3838N3130",96
"1839","1kmE3838N3131",71
"1840","1kmE3838N3132",57
"1841","1kmE3838N3133",25
"1842","1kmE3838N3134",59
"1843","1kmE3838N3135",41
"1844","1kmE3838N3136",81
"1845","1kmE3838N3137",189
"1846","1kmE3838N3138",161
"1847","1kmE3838N3139",96
"1848","1kmE3838N3140",56
"1849","1kmE3838N3141",68
"1850","1kmE3838N3142",126
"1851","1kmE3838N3143",121
"1852","1kmE3838N3144",124
"1853","1kmE3838N3145",111
"1854","1kmE3838N3146",49
"1855","1kmE3838N3147",30
"1856","1kmE3838N3148",34
"1857","1kmE3838N3149",75
"1858","1kmE3838N3150",31
"1859","1kmE3838N3151",4
"1860","1kmE3838N3152",38
"1861","1kmE3838N3153",223
"1862","1kmE3838N3154",218
"1863","1kmE3838N3155",114
"1864","1kmE3839N3094",95
"1865","1kmE3839N3095",78
"1866","1kmE3839N3096",10
"1867","1kmE3839N3097",27
"1868","1kmE3839N3098",101
"1869","1kmE3839N3099",36
"1870","1kmE3839N3100",99
"1871","1kmE3839N3101",18
"1872","1kmE3839N3102",29
"1873","1kmE3839N3103",85
"1874","1kmE3839N3104",71
"1875","1kmE3839N3105",8
"1876","1kmE3839N3108",6
"1877","1kmE3839N3109",57
"1878","1kmE3839N3110",18
"1879","1kmE3839N3111",116
"1880","1kmE3839N3112",222
"1881","1kmE3839N3113",216
"1882","1kmE3839N3114",165
"1883","1kmE3839N3115",154
"1884","1kmE3839N3116",183
"1885","1kmE3839N3117",141
"1886","1kmE3839N3118",126
"1887","1kmE3839N3119",73
"1888","1kmE3839N3120",111
"1889","1kmE3839N3121",156
"1890","1kmE3839N3122",97
"1891","1kmE3839N3123",110
"1892","1kmE3839N3124",111
"1893","1kmE3839N3125",101
"1894","1kmE3839N3126",34
"1895","1kmE3839N3127",19
"1896","1kmE3839N3128",55
"1897","1kmE3839N3129",58
"1898","1kmE3839N3130",113
"1899","1kmE3839N3131",38
"1900","1kmE3839N3132",33
"1901","1kmE3839N3133",93
"1902","1kmE3839N3134",115
"1903","1kmE3839N3135",46
"1904","1kmE3839N3136",145
"1905","1kmE3839N3137",256
"1906","1kmE3839N3138",218
"1907","1kmE3839N3139",124
"1908","1kmE3839N3140",91
"1909","1kmE3839N3141",68
"1910","1kmE3839N3142",73
"1911","1kmE3839N3143",100
"1912","1kmE3839N3144",111
"1913","1kmE3839N3145",85
"1914","1kmE3839N3146",20
"1915","1kmE3839N3147",33
"1916","1kmE3839N3148",63
"1917","1kmE3839N3149",108
"1918","1kmE3839N3150",37
"1919","1kmE3839N3151",7
"1920","1kmE3839N3152",61
"1921","1kmE3839N3153",90
"1922","1kmE3839N3154",144
"1923","1kmE3839N3155",132
"1924","1kmE3840N3093",33
"1925","1kmE3840N3094",114
"1926","1kmE3840N3095",73
"1927","1kmE3840N3096",22
"1928","1kmE3840N3097",20
"1929","1kmE3840N3098",80
"1930","1kmE3840N3099",37
"1931","1kmE3840N3100",21
"1932","1kmE3840N3101",33
"1933","1kmE3840N3102",119
"1934","1kmE3840N3103",56
"1935","1kmE3840N3104",33
"1936","1kmE3840N3105",10
"1937","1kmE3840N3106",72
"1938","1kmE3840N3107",63
"1939","1kmE3840N3108",11
"1940","1kmE3840N3109",42
"1941","1kmE3840N3110",8
"1942","1kmE3840N3111",80
"1943","1kmE3840N3112",132
"1944","1kmE3840N3113",104
"1945","1kmE3840N3114",178
"1946","1kmE3840N3115",198
"1947","1kmE3840N3116",96
"1948","1kmE3840N3117",69
"1949","1kmE3840N3118",95
"1950","1kmE3840N3119",38
"1951","1kmE3840N3120",102
"1952","1kmE3840N3121",128
"1953","1kmE3840N3122",97
"1954","1kmE3840N3123",158
"1955","1kmE3840N3124",66
"1956","1kmE3840N3125",34
"1957","1kmE3840N3126",11
"1958","1kmE3840N3127",21
"1959","1kmE3840N3128",121
"1960","1kmE3840N3129",87
"1961","1kmE3840N3130",85
"1962","1kmE3840N3131",109
"1963","1kmE3840N3132",59
"1964","1kmE3840N3133",99
"1965","1kmE3840N3134",79
"1966","1kmE3840N3135",41
"1967","1kmE3840N3136",85
"1968","1kmE3840N3137",215
"1969","1kmE3840N3138",168
"1970","1kmE3840N3139",35
"1971","1kmE3840N3140",63
"1972","1kmE3840N3141",125
"1973","1kmE3840N3142",43
"1974","1kmE3840N3143",94
"1975","1kmE3840N3144",143
"1976","1kmE3840N3145",54
"1977","1kmE3840N3146",16
"1978","1kmE3840N3147",86
"1979","1kmE3840N3148",98
"1980","1kmE3840N3149",45
"1981","1kmE3840N3150",13
"1982","1kmE3840N3151",30
"1983","1kmE3840N3152",129
"1984","1kmE3840N3153",101
"1985","1kmE3840N3154",156
"1986","1kmE3840N3155",145
"1987","1kmE3840N3156",43
"1988","1kmE3841N3093",20
"1989","1kmE3841N3094",49
"1990","1kmE3841N3095",49
"1991","1kmE3841N3096",55
"1992","1kmE3841N3097",62
"1993","1kmE3841N3098",58
"1994","1kmE3841N3099",65
"1995","1kmE3841N3100",26
"1996","1kmE3841N3101",47
"1997","1kmE3841N3102",136
"1998","1kmE3841N3103",154
"1999","1kmE3841N3104",16
"2000","1kmE3841N3105",68
"2001","1kmE3841N3106",81
"2002","1kmE3841N3107",71
"2003","1kmE3841N3108",73
"2004","1kmE3841N3109",83
"2005","1kmE3841N3110",10
"2006","1kmE3841N3111",31
"2007","1kmE3841N3112",86
"2008","1kmE3841N3113",99
"2009","1kmE3841N3114",159
"2010","1kmE3841N3115",108
"2011","1kmE3841N3116",17
"2012","1kmE3841N3117",16
"2013","1kmE3841N3118",74
"2014","1kmE3841N3119",88
"2015","1kmE3841N3120",130
"2016","1kmE3841N3121",101
"2017","1kmE3841N3122",48
"2018","1kmE3841N3123",52
"2019","1kmE3841N3124",47
"2020","1kmE3841N3125",128
"2021","1kmE3841N3126",18
"2022","1kmE3841N3127",26
"2023","1kmE3841N3128",115
"2024","1kmE3841N3129",169
"2025","1kmE3841N3130",62
"2026","1kmE3841N3131",100
"2027","1kmE3841N3132",38
"2028","1kmE3841N3133",97
"2029","1kmE3841N3134",21
"2030","1kmE3841N3135",37
"2031","1kmE3841N3136",38
"2032","1kmE3841N3137",136
"2033","1kmE3841N3138",117
"2034","1kmE3841N3139",106
"2035","1kmE3841N3140",150
"2036","1kmE3841N3141",81
"2037","1kmE3841N3142",113
"2038","1kmE3841N3143",69
"2039","1kmE3841N3144",165
"2040","1kmE3841N3145",131
"2041","1kmE3841N3146",71
"2042","1kmE3841N3147",97
"2043","1kmE3841N3148",101
"2044","1kmE3841N3149",59
"2045","1kmE3841N3150",29
"2046","1kmE3841N3151",49
"2047","1kmE3841N3152",106
"2048","1kmE3841N3153",145
"2049","1kmE3841N3154",140
"2050","1kmE3841N3155",149
"2051","1kmE3841N3156",68
"2052","1kmE3842N3094",40
"2053","1kmE3842N3095",100
"2054","1kmE3842N3096",95
"2055","1kmE3842N3097",119
"2056","1kmE3842N3098",114
"2057","1kmE3842N3099",145
"2058","1kmE3842N3100",19
"2059","1kmE3842N3101",19
"2060","1kmE3842N3102",48
"2061","1kmE3842N3103",91
"2062","1kmE3842N3104",15
"2063","1kmE3842N3105",55
"2064","1kmE3842N3106",102
"2065","1kmE3842N3107",18
"2066","1kmE3842N3108",77
"2067","1kmE3842N3109",71
"2068","1kmE3842N3110",66
"2069","1kmE3842N3111",22
"2070","1kmE3842N3112",61
"2071","1kmE3842N3113",136
"2072","1kmE3842N3114",162
"2073","1kmE3842N3115",121
"2074","1kmE3842N3116",73
"2075","1kmE3842N3117",8
"2076","1kmE3842N3118",22
"2077","1kmE3842N3119",59
"2078","1kmE3842N3120",74
"2079","1kmE3842N3121",58
"2080","1kmE3842N3122",49
"2081","1kmE3842N3123",55
"2082","1kmE3842N3124",30
"2083","1kmE3842N3125",64
"2084","1kmE3842N3126",23
"2085","1kmE3842N3127",17
"2086","1kmE3842N3128",38
"2087","1kmE3842N3129",78
"2088","1kmE3842N3130",29
"2089","1kmE3842N3131",82
"2090","1kmE3842N3132",31
"2091","1kmE3842N3133",48
"2092","1kmE3842N3134",25
"2093","1kmE3842N3135",49
"2094","1kmE3842N3136",26
"2095","1kmE3842N3137",82
"2096","1kmE3842N3138",120
"2097","1kmE3842N3139",189
"2098","1kmE3842N3140",122
"2099","1kmE3842N3141",75
"2100","1kmE3842N3142",51
"2101","1kmE3842N3143",68
"2102","1kmE3842N3144",170
"2103","1kmE3842N3145",157
"2104","1kmE3842N3146",135
"2105","1kmE3842N3147",97
"2106","1kmE3842N3148",75
"2107","1kmE3842N3149",74
"2108","1kmE3842N3150",34
"2109","1kmE3842N3151",58
"2110","1kmE3842N3152",118
"2111","1kmE3842N3153",141
"2112","1kmE3842N3154",91
"2113","1kmE3842N3155",102
"2114","1kmE3842N3156",19
"2115","1kmE3843N3094",37
"2116","1kmE3843N3095",53
"2117","1kmE3843N3096",49
"2118","1kmE3843N3097",107
"2119","1kmE3843N3098",104
"2120","1kmE3843N3099",99
"2121","1kmE3843N3100",48
"2122","1kmE3843N3101",31
"2123","1kmE3843N3102",16
"2124","1kmE3843N3103",27
"2125","1kmE3843N3104",40
"2126","1kmE3843N3105",51
"2127","1kmE3843N3106",48
"2128","1kmE3843N3107",20
"2129","1kmE3843N3108",1
"2130","1kmE3843N3109",26
"2131","1kmE3843N3110",73
"2132","1kmE3843N3111",60
"2133","1kmE3843N3112",97
"2134","1kmE3843N3113",40
"2135","1kmE3843N3114",25
"2136","1kmE3843N3115",27
"2137","1kmE3843N3116",43
"2138","1kmE3843N3117",26
"2139","1kmE3843N3118",66
"2140","1kmE3843N3119",47
"2141","1kmE3843N3120",29
"2142","1kmE3843N3121",72
"2143","1kmE3843N3122",14
"2144","1kmE3843N3123",25
"2145","1kmE3843N3124",22
"2146","1kmE3843N3125",57
"2147","1kmE3843N3126",17
"2148","1kmE3843N3127",25
"2149","1kmE3843N3128",39
"2150","1kmE3843N3129",88
"2151","1kmE3843N3130",21
"2152","1kmE3843N3131",29
"2153","1kmE3843N3132",36
"2154","1kmE3843N3133",64
"2155","1kmE3843N3134",72
"2156","1kmE3843N3135",97
"2157","1kmE3843N3136",17
"2158","1kmE3843N3137",70
"2159","1kmE3843N3138",133
"2160","1kmE3843N3139",169
"2161","1kmE3843N3140",117
"2162","1kmE3843N3141",52
"2163","1kmE3843N3142",33
"2164","1kmE3843N3143",65
"2165","1kmE3843N3144",100
"2166","1kmE3843N3145",144
"2167","1kmE3843N3146",140
"2168","1kmE3843N3147",121
"2169","1kmE3843N3148",19
"2170","1kmE3843N3149",27
"2171","1kmE3843N3150",47
"2172","1kmE3843N3151",46
"2173","1kmE3843N3152",109
"2174","1kmE3843N3153",134
"2175","1kmE3843N3154",79
"2176","1kmE3843N3155",74
"2177","1kmE3843N3156",115
"2178","1kmE3843N3157",37
"2179","1kmE3844N3093",39
"2180","1kmE3844N3094",46
"2181","1kmE3844N3095",15
"2182","1kmE3844N3096",25
"2183","1kmE3844N3097",23
"2184","1kmE3844N3098",53
"2185","1kmE3844N3099",115
"2186","1kmE3844N3100",174
"2187","1kmE3844N3101",168
"2188","1kmE3844N3102",56
"2189","1kmE3844N3103",83
"2190","1kmE3844N3104",24
"2191","1kmE3844N3105",22
"2192","1kmE3844N3106",9
"2193","1kmE3844N3107",36
"2194","1kmE3844N3108",39
"2195","1kmE3844N3109",20
"2196","1kmE3844N3110",51
"2197","1kmE3844N3111",110
"2198","1kmE3844N3112",144
"2199","1kmE3844N3113",39
"2200","1kmE3844N3114",37
"2201","1kmE3844N3115",47
"2202","1kmE3844N3116",13
"2203","1kmE3844N3117",50
"2204","1kmE3844N3118",93
"2205","1kmE3844N3119",59
"2206","1kmE3844N3120",79
"2207","1kmE3844N3121",63
"2208","1kmE3844N3122",61
"2209","1kmE3844N3123",93
"2210","1kmE3844N3124",11
"2211","1kmE3844N3125",31
"2212","1kmE3844N3126",66
"2213","1kmE3844N3127",76
"2214","1kmE3844N3128",47
"2215","1kmE3844N3129",35
"2216","1kmE3844N3130",7
"2217","1kmE3844N3131",45
"2218","1kmE3844N3132",74
"2219","1kmE3844N3133",88
"2220","1kmE3844N3134",157
"2221","1kmE3844N3135",146
"2222","1kmE3844N3136",46
"2223","1kmE3844N3137",73
"2224","1kmE3844N3138",110
"2225","1kmE3844N3139",134
"2226","1kmE3844N3140",66
"2227","1kmE3844N3141",40
"2228","1kmE3844N3142",28
"2229","1kmE3844N3143",46
"2230","1kmE3844N3144",105
"2231","1kmE3844N3145",92
"2232","1kmE3844N3146",82
"2233","1kmE3844N3147",46
"2234","1kmE3844N3148",11
"2235","1kmE3844N3149",33
"2236","1kmE3844N3150",67
"2237","1kmE3844N3151",19
"2238","1kmE3844N3152",47
"2239","1kmE3844N3153",94
"2240","1kmE3844N3154",14
"2241","1kmE3844N3155",43
"2242","1kmE3844N3156",163
"2243","1kmE3844N3157",207
"2244","1kmE3845N3093",28
"2245","1kmE3845N3094",41
"2246","1kmE3845N3095",39
"2247","1kmE3845N3096",42
"2248","1kmE3845N3097",67
"2249","1kmE3845N3098",98
"2250","1kmE3845N3099",98
"2251","1kmE3845N3100",133
"2252","1kmE3845N3101",160
"2253","1kmE3845N3102",118
"2254","1kmE3845N3103",86
"2255","1kmE3845N3104",2
"2256","1kmE3845N3105",5
"2257","1kmE3845N3106",58
"2258","1kmE3845N3107",62
"2259","1kmE3845N3108",41
"2260","1kmE3845N3109",39
"2261","1kmE3845N3110",54
"2262","1kmE3845N3111",185
"2263","1kmE3845N3112",227
"2264","1kmE3845N3113",121
"2265","1kmE3845N3114",43
"2266","1kmE3845N3115",95
"2267","1kmE3845N3116",93
"2268","1kmE3845N3117",19
"2269","1kmE3845N3118",27
"2270","1kmE3845N3119",64
"2271","1kmE3845N3120",91
"2272","1kmE3845N3121",47
"2273","1kmE3845N3122",79
"2274","1kmE3845N3123",104
"2275","1kmE3845N3124",33
"2276","1kmE3845N3125",55
"2277","1kmE3845N3126",64
"2278","1kmE3845N3127",22
"2279","1kmE3845N3128",54
"2280","1kmE3845N3129",54
"2281","1kmE3845N3130",17
"2282","1kmE3845N3131",54
"2283","1kmE3845N3132",86
"2284","1kmE3845N3133",55
"2285","1kmE3845N3134",154
"2286","1kmE3845N3135",163
"2287","1kmE3845N3136",53
"2288","1kmE3845N3137",86
"2289","1kmE3845N3138",138
"2290","1kmE3845N3139",175
"2291","1kmE3845N3140",173
"2292","1kmE3845N3141",103
"2293","1kmE3845N3142",25
"2294","1kmE3845N3143",94
"2295","1kmE3845N3144",154
"2296","1kmE3845N3145",106
"2297","1kmE3845N3146",64
"2298","1kmE3845N3147",52
"2299","1kmE3845N3148",45
"2300","1kmE3845N3149",40
"2301","1kmE3845N3150",23
"2302","1kmE3845N3151",36
"2303","1kmE3845N3152",110
"2304","1kmE3845N3153",143
"2305","1kmE3845N3154",7
"2306","1kmE3845N3155",17
"2307","1kmE3845N3156",179
"2308","1kmE3845N3157",229
"2309","1kmE3845N3158",36
"2310","1kmE3845N3159",41
"2311","1kmE3845N3160",5
"2312","1kmE3846N3092",4
"2313","1kmE3846N3093",20
"2314","1kmE3846N3094",26
"2315","1kmE3846N3095",62
"2316","1kmE3846N3096",56
"2317","1kmE3846N3097",120
"2318","1kmE3846N3098",111
"2319","1kmE3846N3099",42
"2320","1kmE3846N3100",97
"2321","1kmE3846N3101",130
"2322","1kmE3846N3102",72
"2323","1kmE3846N3103",43
"2324","1kmE3846N3104",50
"2325","1kmE3846N3105",57
"2326","1kmE3846N3106",50
"2327","1kmE3846N3107",72
"2328","1kmE3846N3108",31
"2329","1kmE3846N3109",21
"2330","1kmE3846N3110",49
"2331","1kmE3846N3111",113
"2332","1kmE3846N3112",117
"2333","1kmE3846N3113",20
"2334","1kmE3846N3114",66
"2335","1kmE3846N3115",187
"2336","1kmE3846N3116",238
"2337","1kmE3846N3117",122
"2338","1kmE3846N3118",60
"2339","1kmE3846N3119",72
"2340","1kmE3846N3120",38
"2341","1kmE3846N3121",45
"2342","1kmE3846N3122",41
"2343","1kmE3846N3123",8
"2344","1kmE3846N3124",11
"2345","1kmE3846N3125",48
"2346","1kmE3846N3126",43
"2347","1kmE3846N3127",76
"2348","1kmE3846N3128",93
"2349","1kmE3846N3129",78
"2350","1kmE3846N3130",77
"2351","1kmE3846N3131",35
"2352","1kmE3846N3132",76
"2353","1kmE3846N3133",102
"2354","1kmE3846N3134",100
"2355","1kmE3846N3135",87
"2356","1kmE3846N3136",71
"2357","1kmE3846N3137",147
"2358","1kmE3846N3138",170
"2359","1kmE3846N3139",145
"2360","1kmE3846N3140",139
"2361","1kmE3846N3141",50
"2362","1kmE3846N3142",32
"2363","1kmE3846N3143",50
"2364","1kmE3846N3144",103
"2365","1kmE3846N3145",83
"2366","1kmE3846N3146",59
"2367","1kmE3846N3147",59
"2368","1kmE3846N3148",143
"2369","1kmE3846N3149",151
"2370","1kmE3846N3150",16
"2371","1kmE3846N3151",21
"2372","1kmE3846N3152",93
"2373","1kmE3846N3153",112
"2374","1kmE3846N3154",15
"2375","1kmE3846N3155",89
"2376","1kmE3846N3156",222
"2377","1kmE3846N3157",235
"2378","1kmE3846N3158",110
"2379","1kmE3846N3159",74
"2380","1kmE3846N3160",26
"2381","1kmE3847N3092",4
"2382","1kmE3847N3093",43
"2383","1kmE3847N3094",31
"2384","1kmE3847N3095",63
"2385","1kmE3847N3096",47
"2386","1kmE3847N3097",24
"2387","1kmE3847N3098",139
"2388","1kmE3847N3099",88
"2389","1kmE3847N3100",53
"2390","1kmE3847N3101",137
"2391","1kmE3847N3102",128
"2392","1kmE3847N3103",56
"2393","1kmE3847N3104",85
"2394","1kmE3847N3105",48
"2395","1kmE3847N3106",9
"2396","1kmE3847N3107",39
"2397","1kmE3847N3108",50
"2398","1kmE3847N3109",44
"2399","1kmE3847N3110",106
"2400","1kmE3847N3111",113
"2401","1kmE3847N3112",53
"2402","1kmE3847N3113",68
"2403","1kmE3847N3114",55
"2404","1kmE3847N3115",72
"2405","1kmE3847N3116",97
"2406","1kmE3847N3117",57
"2407","1kmE3847N3118",40
"2408","1kmE3847N3119",43
"2409","1kmE3847N3120",1
"2410","1kmE3847N3121",37
"2411","1kmE3847N3122",76
"2412","1kmE3847N3123",49
"2413","1kmE3847N3124",33
"2414","1kmE3847N3125",32
"2415","1kmE3847N3126",10
"2416","1kmE3847N3127",18
"2417","1kmE3847N3128",44
"2418","1kmE3847N3129",110
"2419","1kmE3847N3130",127
"2420","1kmE3847N3131",42
"2421","1kmE3847N3132",47
"2422","1kmE3847N3133",128
"2423","1kmE3847N3134",112
"2424","1kmE3847N3135",91
"2425","1kmE3847N3136",42
"2426","1kmE3847N3137",114
"2427","1kmE3847N3138",170
"2428","1kmE3847N3139",118
"2429","1kmE3847N3140",94
"2430","1kmE3847N3141",120
"2431","1kmE3847N3142",147
"2432","1kmE3847N3143",129
"2433","1kmE3847N3144",85
"2434","1kmE3847N3145",134
"2435","1kmE3847N3146",146
"2436","1kmE3847N3147",143
"2437","1kmE3847N3148",190
"2438","1kmE3847N3149",218
"2439","1kmE3847N3150",116
"2440","1kmE3847N3151",125
"2441","1kmE3847N3152",138
"2442","1kmE3847N3153",158
"2443","1kmE3847N3154",107
"2444","1kmE3847N3155",97
"2445","1kmE3847N3156",176
"2446","1kmE3847N3157",224
"2447","1kmE3847N3158",114
"2448","1kmE3847N3159",29
"2449","1kmE3847N3160",22
"2450","1kmE3847N3161",3
"2451","1kmE3848N3092",5
"2452","1kmE3848N3093",51
"2453","1kmE3848N3094",125
"2454","1kmE3848N3095",112
"2455","1kmE3848N3096",73
"2456","1kmE3848N3097",39
"2457","1kmE3848N3098",219
"2458","1kmE3848N3099",148
"2459","1kmE3848N3100",54
"2460","1kmE3848N3101",116
"2461","1kmE3848N3102",174
"2462","1kmE3848N3103",175
"2463","1kmE3848N3104",66
"2464","1kmE3848N3105",61
"2465","1kmE3848N3106",97
"2466","1kmE3848N3107",39
"2467","1kmE3848N3108",20
"2468","1kmE3848N3109",44
"2469","1kmE3848N3110",110
"2470","1kmE3848N3111",75
"2471","1kmE3848N3112",16
"2472","1kmE3848N3113",30
"2473","1kmE3848N3114",62
"2474","1kmE3848N3115",26
"2475","1kmE3848N3117",4
"2476","1kmE3848N3118",10
"2477","1kmE3848N3119",58
"2478","1kmE3848N3120",30
"2479","1kmE3848N3121",31
"2480","1kmE3848N3122",97
"2481","1kmE3848N3123",61
"2482","1kmE3848N3124",22
"2483","1kmE3848N3125",59
"2484","1kmE3848N3126",36
"2485","1kmE3848N3127",48
"2486","1kmE3848N3128",93
"2487","1kmE3848N3129",72
"2488","1kmE3848N3130",86
"2489","1kmE3848N3131",88
"2490","1kmE3848N3132",21
"2491","1kmE3848N3133",116
"2492","1kmE3848N3134",136
"2493","1kmE3848N3135",111
"2494","1kmE3848N3136",149
"2495","1kmE3848N3137",109
"2496","1kmE3848N3138",100
"2497","1kmE3848N3139",178
"2498","1kmE3848N3140",193
"2499","1kmE3848N3141",163
"2500","1kmE3848N3142",190
"2501","1kmE3848N3143",147
"2502","1kmE3848N3144",211
"2503","1kmE3848N3145",190
"2504","1kmE3848N3146",162
"2505","1kmE3848N3147",164
"2506","1kmE3848N3148",146
"2507","1kmE3848N3149",145
"2508","1kmE3848N3150",207
"2509","1kmE3848N3151",231
"2510","1kmE3848N3152",174
"2511","1kmE3848N3153",126
"2512","1kmE3848N3154",87
"2513","1kmE3848N3155",128
"2514","1kmE3848N3156",144
"2515","1kmE3848N3157",156
"2516","1kmE3848N3158",129
"2517","1kmE3848N3159",8
"2518","1kmE3848N3160",15
"2519","1kmE3848N3161",20
"2520","1kmE3849N3091",2
"2521","1kmE3849N3092",4
"2522","1kmE3849N3093",36
"2523","1kmE3849N3094",172
"2524","1kmE3849N3095",108
"2525","1kmE3849N3096",61
"2526","1kmE3849N3097",27
"2527","1kmE3849N3098",162
"2528","1kmE3849N3099",106
"2529","1kmE3849N3100",110
"2530","1kmE3849N3101",82
"2531","1kmE3849N3102",148
"2532","1kmE3849N3103",154
"2533","1kmE3849N3104",96
"2534","1kmE3849N3105",29
"2535","1kmE3849N3106",78
"2536","1kmE3849N3107",48
"2537","1kmE3849N3108",6
"2538","1kmE3849N3109",37
"2539","1kmE3849N3110",160
"2540","1kmE3849N3111",107
"2541","1kmE3849N3112",55
"2542","1kmE3849N3113",105
"2543","1kmE3849N3114",118
"2544","1kmE3849N3115",50
"2545","1kmE3849N3116",6
"2546","1kmE3849N3117",57
"2547","1kmE3849N3118",63
"2548","1kmE3849N3119",45
"2549","1kmE3849N3120",21
"2550","1kmE3849N3121",46
"2551","1kmE3849N3122",66
"2552","1kmE3849N3123",45
"2553","1kmE3849N3124",33
"2554","1kmE3849N3125",19
"2555","1kmE3849N3126",53
"2556","1kmE3849N3127",44
"2557","1kmE3849N3128",74
"2558","1kmE3849N3129",39
"2559","1kmE3849N3130",52
"2560","1kmE3849N3131",79
"2561","1kmE3849N3132",29
"2562","1kmE3849N3133",43
"2563","1kmE3849N3134",60
"2564","1kmE3849N3135",100
"2565","1kmE3849N3136",139
"2566","1kmE3849N3137",227
"2567","1kmE3849N3138",185
"2568","1kmE3849N3139",233
"2569","1kmE3849N3140",249
"2570","1kmE3849N3141",215
"2571","1kmE3849N3142",130
"2572","1kmE3849N3143",89
"2573","1kmE3849N3144",159
"2574","1kmE3849N3145",148
"2575","1kmE3849N3146",104
"2576","1kmE3849N3147",106
"2577","1kmE3849N3148",114
"2578","1kmE3849N3149",85
"2579","1kmE3849N3150",79
"2580","1kmE3849N3151",109
"2581","1kmE3849N3152",85
"2582","1kmE3849N3153",122
"2583","1kmE3849N3154",98
"2584","1kmE3849N3155",51
"2585","1kmE3849N3156",146
"2586","1kmE3849N3157",221
"2587","1kmE3849N3158",226
"2588","1kmE3849N3159",107
"2589","1kmE3849N3160",12
"2590","1kmE3850N3088",10
"2591","1kmE3850N3089",17
"2592","1kmE3850N3090",18
"2593","1kmE3850N3091",67
"2594","1kmE3850N3092",31
"2595","1kmE3850N3093",10
"2596","1kmE3850N3094",106
"2597","1kmE3850N3095",38
"2598","1kmE3850N3096",5
"2599","1kmE3850N3097",4
"2600","1kmE3850N3098",38
"2601","1kmE3850N3099",21
"2602","1kmE3850N3100",119
"2603","1kmE3850N3101",170
"2604","1kmE3850N3102",259
"2605","1kmE3850N3103",179
"2606","1kmE3850N3104",173
"2607","1kmE3850N3105",44
"2608","1kmE3850N3106",89
"2609","1kmE3850N3107",31
"2610","1kmE3850N3109",42
"2611","1kmE3850N3110",106
"2612","1kmE3850N3111",38
"2613","1kmE3850N3112",54
"2614","1kmE3850N3113",32
"2615","1kmE3850N3114",22
"2616","1kmE3850N3115",113
"2617","1kmE3850N3116",99
"2618","1kmE3850N3117",50
"2619","1kmE3850N3118",76
"2620","1kmE3850N3119",26
"2621","1kmE3850N3120",9
"2622","1kmE3850N3121",4
"2623","1kmE3850N3122",4
"2624","1kmE3850N3123",78
"2625","1kmE3850N3124",97
"2626","1kmE3850N3125",45
"2627","1kmE3850N3126",64
"2628","1kmE3850N3127",21
"2629","1kmE3850N3128",18
"2630","1kmE3850N3129",4
"2631","1kmE3850N3130",48
"2632","1kmE3850N3131",130
"2633","1kmE3850N3132",118
"2634","1kmE3850N3133",110
"2635","1kmE3850N3134",81
"2636","1kmE3850N3135",21
"2637","1kmE3850N3136",111
"2638","1kmE3850N3137",234
"2639","1kmE3850N3138",210
"2640","1kmE3850N3139",142
"2641","1kmE3850N3140",182
"2642","1kmE3850N3141",179
"2643","1kmE3850N3142",134
"2644","1kmE3850N3143",148
"2645","1kmE3850N3144",129
"2646","1kmE3850N3145",88
"2647","1kmE3850N3146",146
"2648","1kmE3850N3147",137
"2649","1kmE3850N3148",97
"2650","1kmE3850N3149",100
"2651","1kmE3850N3150",64
"2652","1kmE3850N3151",32
"2653","1kmE3850N3152",98
"2654","1kmE3850N3153",98
"2655","1kmE3850N3154",78
"2656","1kmE3850N3155",114
"2657","1kmE3850N3156",133
"2658","1kmE3850N3157",191
"2659","1kmE3850N3158",197
"2660","1kmE3850N3159",106
"2661","1kmE3850N3160",5
"2662","1kmE3851N3088",41
"2663","1kmE3851N3089",114
"2664","1kmE3851N3090",32
"2665","1kmE3851N3091",117
"2666","1kmE3851N3092",109
"2667","1kmE3851N3093",30
"2668","1kmE3851N3094",52
"2669","1kmE3851N3095",9
"2670","1kmE3851N3096",3
"2671","1kmE3851N3097",55
"2672","1kmE3851N3098",97
"2673","1kmE3851N3099",54
"2674","1kmE3851N3100",136
"2675","1kmE3851N3101",147
"2676","1kmE3851N3102",287
"2677","1kmE3851N3103",199
"2678","1kmE3851N3104",116
"2679","1kmE3851N3105",128
"2680","1kmE3851N3106",186
"2681","1kmE3851N3107",65
"2682","1kmE3851N3108",6
"2683","1kmE3851N3109",64
"2684","1kmE3851N3110",94
"2685","1kmE3851N3111",29
"2686","1kmE3851N3112",22
"2687","1kmE3851N3113",5
"2688","1kmE3851N3114",2
"2689","1kmE3851N3115",40
"2690","1kmE3851N3116",36
"2691","1kmE3851N3117",77
"2692","1kmE3851N3118",59
"2693","1kmE3851N3119",26
"2694","1kmE3851N3120",64
"2695","1kmE3851N3121",40
"2696","1kmE3851N3122",22
"2697","1kmE3851N3123",59
"2698","1kmE3851N3124",105
"2699","1kmE3851N3125",50
"2700","1kmE3851N3126",30
"2701","1kmE3851N3127",2
"2702","1kmE3851N3128",5
"2703","1kmE3851N3129",72
"2704","1kmE3851N3130",99
"2705","1kmE3851N3131",125
"2706","1kmE3851N3132",139
"2707","1kmE3851N3133",147
"2708","1kmE3851N3134",95
"2709","1kmE3851N3135",40
"2710","1kmE3851N3136",76
"2711","1kmE3851N3137",169
"2712","1kmE3851N3138",128
"2713","1kmE3851N3139",70
"2714","1kmE3851N3140",173
"2715","1kmE3851N3141",159
"2716","1kmE3851N3142",226
"2717","1kmE3851N3143",182
"2718","1kmE3851N3144",79
"2719","1kmE3851N3145",67
"2720","1kmE3851N3146",132
"2721","1kmE3851N3147",142
"2722","1kmE3851N3148",180
"2723","1kmE3851N3149",117
"2724","1kmE3851N3150",49
"2725","1kmE3851N3151",56
"2726","1kmE3851N3152",103
"2727","1kmE3851N3153",138
"2728","1kmE3851N3154",104
"2729","1kmE3851N3155",79
"2730","1kmE3851N3156",25
"2731","1kmE3851N3157",99
"2732","1kmE3851N3158",197
"2733","1kmE3851N3159",109
"2734","1kmE3852N3087",38
"2735","1kmE3852N3088",107
"2736","1kmE3852N3089",67
"2737","1kmE3852N3090",30
"2738","1kmE3852N3091",117
"2739","1kmE3852N3092",90
"2740","1kmE3852N3093",18
"2741","1kmE3852N3094",19
"2742","1kmE3852N3095",7
"2743","1kmE3852N3096",14
"2744","1kmE3852N3097",110
"2745","1kmE3852N3098",49
"2746","1kmE3852N3099",100
"2747","1kmE3852N3100",139
"2748","1kmE3852N3101",109
"2749","1kmE3852N3102",220
"2750","1kmE3852N3103",175
"2751","1kmE3852N3104",121
"2752","1kmE3852N3105",108
"2753","1kmE3852N3106",178
"2754","1kmE3852N3107",170
"2755","1kmE3852N3108",104
"2756","1kmE3852N3109",56
"2757","1kmE3852N3110",136
"2758","1kmE3852N3111",89
"2759","1kmE3852N3112",93
"2760","1kmE3852N3113",12
"2761","1kmE3852N3114",7
"2762","1kmE3852N3115",6
"2763","1kmE3852N3116",40
"2764","1kmE3852N3117",100
"2765","1kmE3852N3118",139
"2766","1kmE3852N3119",66
"2767","1kmE3852N3120",137
"2768","1kmE3852N3121",60
"2769","1kmE3852N3122",69
"2770","1kmE3852N3123",19
"2771","1kmE3852N3124",21
"2772","1kmE3852N3125",13
"2773","1kmE3852N3126",94
"2774","1kmE3852N3127",20
"2775","1kmE3852N3128",24
"2776","1kmE3852N3129",43
"2777","1kmE3852N3130",65
"2778","1kmE3852N3131",85
"2779","1kmE3852N3132",135
"2780","1kmE3852N3133",114
"2781","1kmE3852N3134",50
"2782","1kmE3852N3135",131
"2783","1kmE3852N3136",103
"2784","1kmE3852N3137",178
"2785","1kmE3852N3138",132
"2786","1kmE3852N3139",80
"2787","1kmE3852N3140",91
"2788","1kmE3852N3141",141
"2789","1kmE3852N3142",252
"2790","1kmE3852N3143",199
"2791","1kmE3852N3144",84
"2792","1kmE3852N3145",31
"2793","1kmE3852N3146",61
"2794","1kmE3852N3147",145
"2795","1kmE3852N3148",238
"2796","1kmE3852N3149",190
"2797","1kmE3852N3150",87
"2798","1kmE3852N3151",115
"2799","1kmE3852N3152",79
"2800","1kmE3852N3153",67
"2801","1kmE3852N3154",29
"2802","1kmE3852N3155",11
"2803","1kmE3852N3156",11
"2804","1kmE3852N3157",97
"2805","1kmE3852N3158",206
"2806","1kmE3852N3159",118
"2807","1kmE3853N3088",45
"2808","1kmE3853N3089",28
"2809","1kmE3853N3090",23
"2810","1kmE3853N3091",100
"2811","1kmE3853N3092",59
"2812","1kmE3853N3093",29
"2813","1kmE3853N3094",106
"2814","1kmE3853N3095",155
"2815","1kmE3853N3096",112
"2816","1kmE3853N3097",100
"2817","1kmE3853N3098",46
"2818","1kmE3853N3099",71
"2819","1kmE3853N3100",33
"2820","1kmE3853N3101",86
"2821","1kmE3853N3102",147
"2822","1kmE3853N3103",179
"2823","1kmE3853N3104",200
"2824","1kmE3853N3105",128
"2825","1kmE3853N3106",52
"2826","1kmE3853N3107",181
"2827","1kmE3853N3108",164
"2828","1kmE3853N3109",73
"2829","1kmE3853N3110",63
"2830","1kmE3853N3111",102
"2831","1kmE3853N3112",116
"2832","1kmE3853N3113",38
"2833","1kmE3853N3114",70
"2834","1kmE3853N3115",10
"2835","1kmE3853N3116",3
"2836","1kmE3853N3117",33
"2837","1kmE3853N3118",91
"2838","1kmE3853N3119",133
"2839","1kmE3853N3120",108
"2840","1kmE3853N3121",25
"2841","1kmE3853N3122",47
"2842","1kmE3853N3123",15
"2843","1kmE3853N3124",52
"2844","1kmE3853N3125",19
"2845","1kmE3853N3126",15
"2846","1kmE3853N3127",28
"2847","1kmE3853N3128",80
"2848","1kmE3853N3129",49
"2849","1kmE3853N3130",124
"2850","1kmE3853N3131",130
"2851","1kmE3853N3132",155
"2852","1kmE3853N3133",62
"2853","1kmE3853N3134",60
"2854","1kmE3853N3135",195
"2855","1kmE3853N3136",88
"2856","1kmE3853N3137",35
"2857","1kmE3853N3138",58
"2858","1kmE3853N3139",46
"2859","1kmE3853N3140",131
"2860","1kmE3853N3141",185
"2861","1kmE3853N3142",203
"2862","1kmE3853N3143",165
"2863","1kmE3853N3144",137
"2864","1kmE3853N3145",49
"2865","1kmE3853N3146",100
"2866","1kmE3853N3147",135
"2867","1kmE3853N3148",180
"2868","1kmE3853N3149",194
"2869","1kmE3853N3150",149
"2870","1kmE3853N3151",74
"2871","1kmE3853N3152",42
"2872","1kmE3853N3153",99
"2873","1kmE3853N3154",72
"2874","1kmE3853N3155",87
"2875","1kmE3853N3156",26
"2876","1kmE3853N3157",130
"2877","1kmE3853N3158",146
"2878","1kmE3853N3159",47
"2879","1kmE3854N3089",89
"2880","1kmE3854N3090",54
"2881","1kmE3854N3091",34
"2882","1kmE3854N3092",34
"2883","1kmE3854N3093",55
"2884","1kmE3854N3094",176
"2885","1kmE3854N3095",247
"2886","1kmE3854N3096",161
"2887","1kmE3854N3097",91
"2888","1kmE3854N3098",110
"2889","1kmE3854N3099",127
"2890","1kmE3854N3100",94
"2891","1kmE3854N3101",166
"2892","1kmE3854N3102",116
"2893","1kmE3854N3103",151
"2894","1kmE3854N3104",141
"2895","1kmE3854N3105",110
"2896","1kmE3854N3106",80
"2897","1kmE3854N3107",106
"2898","1kmE3854N3108",146
"2899","1kmE3854N3109",124
"2900","1kmE3854N3110",37
"2901","1kmE3854N3111",2
"2902","1kmE3854N3112",31
"2903","1kmE3854N3113",77
"2904","1kmE3854N3114",22
"2905","1kmE3854N3115",6
"2906","1kmE3854N3116",3
"2907","1kmE3854N3117",6
"2908","1kmE3854N3118",46
"2909","1kmE3854N3119",148
"2910","1kmE3854N3120",99
"2911","1kmE3854N3121",19
"2912","1kmE3854N3122",27
"2913","1kmE3854N3123",8
"2914","1kmE3854N3124",5
"2915","1kmE3854N3125",13
"2916","1kmE3854N3126",20
"2917","1kmE3854N3127",113
"2918","1kmE3854N3128",144
"2919","1kmE3854N3129",100
"2920","1kmE3854N3130",80
"2921","1kmE3854N3131",91
"2922","1kmE3854N3132",99
"2923","1kmE3854N3133",124
"2924","1kmE3854N3134",80
"2925","1kmE3854N3135",196
"2926","1kmE3854N3136",60
"2927","1kmE3854N3137",89
"2928","1kmE3854N3138",59
"2929","1kmE3854N3139",33
"2930","1kmE3854N3140",73
"2931","1kmE3854N3141",156
"2932","1kmE3854N3142",169
"2933","1kmE3854N3143",102
"2934","1kmE3854N3144",129
"2935","1kmE3854N3145",27
"2936","1kmE3854N3146",54
"2937","1kmE3854N3147",112
"2938","1kmE3854N3148",83
"2939","1kmE3854N3149",170
"2940","1kmE3854N3150",178
"2941","1kmE3854N3151",86
"2942","1kmE3854N3152",85
"2943","1kmE3854N3153",134
"2944","1kmE3854N3154",53
"2945","1kmE3854N3155",98
"2946","1kmE3854N3156",32
"2947","1kmE3854N3157",87
"2948","1kmE3854N3158",136
"2949","1kmE3854N3159",132
"2950","1kmE3854N3160",43
"2951","1kmE3855N3089",34
"2952","1kmE3855N3090",49
"2953","1kmE3855N3091",68
"2954","1kmE3855N3092",46
"2955","1kmE3855N3093",83
"2956","1kmE3855N3094",137
"2957","1kmE3855N3095",164
"2958","1kmE3855N3096",99
"2959","1kmE3855N3097",79
"2960","1kmE3855N3098",91
"2961","1kmE3855N3099",42
"2962","1kmE3855N3100",24
"2963","1kmE3855N3101",98
"2964","1kmE3855N3102",102
"2965","1kmE3855N3103",169
"2966","1kmE3855N3104",93
"2967","1kmE3855N3105",100
"2968","1kmE3855N3106",160
"2969","1kmE3855N3107",145
"2970","1kmE3855N3108",160
"2971","1kmE3855N3109",178
"2972","1kmE3855N3110",73
"2973","1kmE3855N3111",21
"2974","1kmE3855N3112",51
"2975","1kmE3855N3113",113
"2976","1kmE3855N3114",73
"2977","1kmE3855N3115",29
"2978","1kmE3855N3116",19
"2979","1kmE3855N3117",69
"2980","1kmE3855N3118",68
"2981","1kmE3855N3119",89
"2982","1kmE3855N3120",86
"2983","1kmE3855N3121",17
"2984","1kmE3855N3122",58
"2985","1kmE3855N3123",15
"2986","1kmE3855N3124",29
"2987","1kmE3855N3125",28
"2988","1kmE3855N3126",41
"2989","1kmE3855N3127",146
"2990","1kmE3855N3128",169
"2991","1kmE3855N3129",95
"2992","1kmE3855N3130",77
"2993","1kmE3855N3131",105
"2994","1kmE3855N3132",139
"2995","1kmE3855N3133",145
"2996","1kmE3855N3134",133
"2997","1kmE3855N3135",105
"2998","1kmE3855N3136",29
"2999","1kmE3855N3137",57
"3000","1kmE3855N3138",123
"3001","1kmE3855N3139",108
"3002","1kmE3855N3140",92
"3003","1kmE3855N3141",101
"3004","1kmE3855N3142",142
"3005","1kmE3855N3143",114
"3006","1kmE3855N3144",53
"3007","1kmE3855N3145",7
"3008","1kmE3855N3146",16
"3009","1kmE3855N3147",87
"3010","1kmE3855N3148",64
"3011","1kmE3855N3149",111
"3012","1kmE3855N3150",57
"3013","1kmE3855N3151",95
"3014","1kmE3855N3152",141
"3015","1kmE3855N3153",72
"3016","1kmE3855N3154",97
"3017","1kmE3855N3155",52
"3018","1kmE3855N3156",95
"3019","1kmE3855N3157",160
"3020","1kmE3855N3158",193
"3021","1kmE3855N3159",194
"3022","1kmE3855N3160",91
"3023","1kmE3856N3090",80
"3024","1kmE3856N3091",127
"3025","1kmE3856N3092",122
"3026","1kmE3856N3093",89
"3027","1kmE3856N3094",90
"3028","1kmE3856N3095",42
"3029","1kmE3856N3096",32
"3030","1kmE3856N3097",37
"3031","1kmE3856N3098",64
"3032","1kmE3856N3099",66
"3033","1kmE3856N3100",66
"3034","1kmE3856N3101",127
"3035","1kmE3856N3102",96
"3036","1kmE3856N3103",135
"3037","1kmE3856N3104",120
"3038","1kmE3856N3105",63
"3039","1kmE3856N3106",103
"3040","1kmE3856N3107",150
"3041","1kmE3856N3108",195
"3042","1kmE3856N3109",172
"3043","1kmE3856N3110",28
"3044","1kmE3856N3111",77
"3045","1kmE3856N3112",104
"3046","1kmE3856N3113",80
"3047","1kmE3856N3114",14
"3048","1kmE3856N3115",40
"3049","1kmE3856N3116",76
"3050","1kmE3856N3117",104
"3051","1kmE3856N3118",53
"3052","1kmE3856N3119",8
"3053","1kmE3856N3121",3
"3054","1kmE3856N3122",3
"3055","1kmE3856N3123",22
"3056","1kmE3856N3124",74
"3057","1kmE3856N3125",90
"3058","1kmE3856N3126",124
"3059","1kmE3856N3127",152
"3060","1kmE3856N3128",197
"3061","1kmE3856N3129",152
"3062","1kmE3856N3130",120
"3063","1kmE3856N3131",191
"3064","1kmE3856N3132",223
"3065","1kmE3856N3133",146
"3066","1kmE3856N3134",204
"3067","1kmE3856N3135",30
"3068","1kmE3856N3136",32
"3069","1kmE3856N3137",82
"3070","1kmE3856N3138",117
"3071","1kmE3856N3139",28
"3072","1kmE3856N3140",64
"3073","1kmE3856N3141",96
"3074","1kmE3856N3142",87
"3075","1kmE3856N3143",124
"3076","1kmE3856N3144",141
"3077","1kmE3856N3145",63
"3078","1kmE3856N3146",117
"3079","1kmE3856N3147",119
"3080","1kmE3856N3148",61
"3081","1kmE3856N3149",29
"3082","1kmE3856N3150",41
"3083","1kmE3856N3151",130
"3084","1kmE3856N3152",174
"3085","1kmE3856N3153",90
"3086","1kmE3856N3154",31
"3087","1kmE3856N3155",28
"3088","1kmE3856N3156",65
"3089","1kmE3856N3157",189
"3090","1kmE3856N3158",252
"3091","1kmE3856N3159",305
"3092","1kmE3856N3160",177
"3093","1kmE3857N3091",118
"3094","1kmE3857N3092",98
"3095","1kmE3857N3093",93
"3096","1kmE3857N3094",97
"3097","1kmE3857N3095",78
"3098","1kmE3857N3096",72
"3099","1kmE3857N3097",80
"3100","1kmE3857N3098",113
"3101","1kmE3857N3099",125
"3102","1kmE3857N3100",72
"3103","1kmE3857N3101",84
"3104","1kmE3857N3102",91
"3105","1kmE3857N3103",112
"3106","1kmE3857N3104",148
"3107","1kmE3857N3105",116
"3108","1kmE3857N3106",111
"3109","1kmE3857N3107",168
"3110","1kmE3857N3108",180
"3111","1kmE3857N3109",179
"3112","1kmE3857N3110",70
"3113","1kmE3857N3111",80
"3114","1kmE3857N3112",92
"3115","1kmE3857N3113",31
"3116","1kmE3857N3114",93
"3117","1kmE3857N3115",110
"3118","1kmE3857N3116",26
"3119","1kmE3857N3117",65
"3120","1kmE3857N3118",59
"3121","1kmE3857N3119",7
"3122","1kmE3857N3120",29
"3123","1kmE3857N3121",51
"3124","1kmE3857N3122",22
"3125","1kmE3857N3123",33
"3126","1kmE3857N3124",16
"3127","1kmE3857N3125",38
"3128","1kmE3857N3126",119
"3129","1kmE3857N3127",217
"3130","1kmE3857N3128",207
"3131","1kmE3857N3129",65
"3132","1kmE3857N3130",105
"3133","1kmE3857N3131",181
"3134","1kmE3857N3132",218
"3135","1kmE3857N3133",179
"3136","1kmE3857N3134",212
"3137","1kmE3857N3135",15
"3138","1kmE3857N3136",13
"3139","1kmE3857N3137",16
"3140","1kmE3857N3138",15
"3141","1kmE3857N3139",57
"3142","1kmE3857N3140",81
"3143","1kmE3857N3141",28
"3144","1kmE3857N3142",33
"3145","1kmE3857N3143",89
"3146","1kmE3857N3144",102
"3147","1kmE3857N3145",63
"3148","1kmE3857N3146",100
"3149","1kmE3857N3147",128
"3150","1kmE3857N3148",74
"3151","1kmE3857N3149",54
"3152","1kmE3857N3150",95
"3153","1kmE3857N3151",172
"3154","1kmE3857N3152",188
"3155","1kmE3857N3153",150
"3156","1kmE3857N3154",91
"3157","1kmE3857N3155",120
"3158","1kmE3857N3156",111
"3159","1kmE3857N3157",122
"3160","1kmE3857N3158",257
"3161","1kmE3857N3159",324
"3162","1kmE3857N3160",244
"3163","1kmE3858N3091",72
"3164","1kmE3858N3092",94
"3165","1kmE3858N3093",89
"3166","1kmE3858N3094",93
"3167","1kmE3858N3095",51
"3168","1kmE3858N3096",64
"3169","1kmE3858N3097",93
"3170","1kmE3858N3098",101
"3171","1kmE3858N3099",89
"3172","1kmE3858N3100",92
"3173","1kmE3858N3101",111
"3174","1kmE3858N3102",110
"3175","1kmE3858N3103",113
"3176","1kmE3858N3104",150
"3177","1kmE3858N3105",158
"3178","1kmE3858N3106",147
"3179","1kmE3858N3107",178
"3180","1kmE3858N3108",220
"3181","1kmE3858N3109",219
"3182","1kmE3858N3110",159
"3183","1kmE3858N3111",96
"3184","1kmE3858N3112",77
"3185","1kmE3858N3113",116
"3186","1kmE3858N3114",111
"3187","1kmE3858N3115",105
"3188","1kmE3858N3116",74
"3189","1kmE3858N3117",72
"3190","1kmE3858N3118",75
"3191","1kmE3858N3119",75
"3192","1kmE3858N3120",71
"3193","1kmE3858N3121",79
"3194","1kmE3858N3122",42
"3195","1kmE3858N3123",57
"3196","1kmE3858N3124",76
"3197","1kmE3858N3125",103
"3198","1kmE3858N3126",160
"3199","1kmE3858N3127",227
"3200","1kmE3858N3128",155
"3201","1kmE3858N3129",158
"3202","1kmE3858N3130",110
"3203","1kmE3858N3131",177
"3204","1kmE3858N3132",175
"3205","1kmE3858N3133",162
"3206","1kmE3858N3134",111
"3207","1kmE3858N3135",14
"3208","1kmE3858N3136",31
"3209","1kmE3858N3137",42
"3210","1kmE3858N3138",18
"3211","1kmE3858N3139",49
"3212","1kmE3858N3140",58
"3213","1kmE3858N3141",39
"3214","1kmE3858N3142",69
"3215","1kmE3858N3143",41
"3216","1kmE3858N3144",72
"3217","1kmE3858N3145",83
"3218","1kmE3858N3146",47
"3219","1kmE3858N3147",126
"3220","1kmE3858N3148",36
"3221","1kmE3858N3149",63
"3222","1kmE3858N3150",139
"3223","1kmE3858N3151",171
"3224","1kmE3858N3152",147
"3225","1kmE3858N3153",180
"3226","1kmE3858N3154",143
"3227","1kmE3858N3155",139
"3228","1kmE3858N3156",103
"3229","1kmE3858N3157",154
"3230","1kmE3858N3158",200
"3231","1kmE3858N3159",274
"3232","1kmE3858N3160",247
"3233","1kmE3859N3092",156
"3234","1kmE3859N3093",185
"3235","1kmE3859N3094",125
"3236","1kmE3859N3095",76
"3237","1kmE3859N3096",96
"3238","1kmE3859N3097",110
"3239","1kmE3859N3098",111
"3240","1kmE3859N3099",92
"3241","1kmE3859N3100",100
"3242","1kmE3859N3101",96
"3243","1kmE3859N3102",89
"3244","1kmE3859N3103",129
"3245","1kmE3859N3104",149
"3246","1kmE3859N3105",156
"3247","1kmE3859N3106",156
"3248","1kmE3859N3107",185
"3249","1kmE3859N3108",242
"3250","1kmE3859N3109",236
"3251","1kmE3859N3110",197
"3252","1kmE3859N3111",147
"3253","1kmE3859N3112",106
"3254","1kmE3859N3113",88
"3255","1kmE3859N3114",151
"3256","1kmE3859N3115",146
"3257","1kmE3859N3116",105
"3258","1kmE3859N3117",92
"3259","1kmE3859N3118",94
"3260","1kmE3859N3119",82
"3261","1kmE3859N3120",85
"3262","1kmE3859N3121",54
"3263","1kmE3859N3122",44
"3264","1kmE3859N3123",91
"3265","1kmE3859N3124",48
"3266","1kmE3859N3125",45
"3267","1kmE3859N3126",135
"3268","1kmE3859N3127",152
"3269","1kmE3859N3128",99
"3270","1kmE3859N3129",114
"3271","1kmE3859N3130",96
"3272","1kmE3859N3131",162
"3273","1kmE3859N3132",155
"3274","1kmE3859N3133",82
"3275","1kmE3859N3134",62
"3276","1kmE3859N3135",88
"3277","1kmE3859N3136",71
"3278","1kmE3859N3137",72
"3279","1kmE3859N3138",94
"3280","1kmE3859N3139",166
"3281","1kmE3859N3140",125
"3282","1kmE3859N3141",61
"3283","1kmE3859N3142",78
"3284","1kmE3859N3143",72
"3285","1kmE3859N3144",109
"3286","1kmE3859N3145",77
"3287","1kmE3859N3146",79
"3288","1kmE3859N3147",90
"3289","1kmE3859N3148",38
"3290","1kmE3859N3149",84
"3291","1kmE3859N3150",94
"3292","1kmE3859N3151",128
"3293","1kmE3859N3152",105
"3294","1kmE3859N3153",153
"3295","1kmE3859N3154",135
"3296","1kmE3859N3155",123
"3297","1kmE3859N3156",113
"3298","1kmE3859N3157",176
"3299","1kmE3859N3158",198
"3300","1kmE3859N3159",214
"3301","1kmE3859N3160",199
"3302","1kmE3859N3161",106
"3303","1kmE3860N3092",113
"3304","1kmE3860N3093",179
"3305","1kmE3860N3094",171
"3306","1kmE3860N3095",103
"3307","1kmE3860N3096",111
"3308","1kmE3860N3097",141
"3309","1kmE3860N3098",160
"3310","1kmE3860N3099",124
"3311","1kmE3860N3100",114
"3312","1kmE3860N3101",133
"3313","1kmE3860N3102",112
"3314","1kmE3860N3103",162
"3315","1kmE3860N3104",228
"3316","1kmE3860N3105",214
"3317","1kmE3860N3106",172
"3318","1kmE3860N3107",191
"3319","1kmE3860N3108",193
"3320","1kmE3860N3109",186
"3321","1kmE3860N3110",172
"3322","1kmE3860N3111",183
"3323","1kmE3860N3112",138
"3324","1kmE3860N3113",129
"3325","1kmE3860N3114",130
"3326","1kmE3860N3115",142
"3327","1kmE3860N3116",102
"3328","1kmE3860N3117",101
"3329","1kmE3860N3118",78
"3330","1kmE3860N3119",85
"3331","1kmE3860N3120",71
"3332","1kmE3860N3121",48
"3333","1kmE3860N3122",2
"3334","1kmE3860N3123",12
"3335","1kmE3860N3124",33
"3336","1kmE3860N3125",84
"3337","1kmE3860N3126",87
"3338","1kmE3860N3127",49
"3339","1kmE3860N3128",64
"3340","1kmE3860N3129",105
"3341","1kmE3860N3130",133
"3342","1kmE3860N3131",132
"3343","1kmE3860N3132",114
"3344","1kmE3860N3133",50
"3345","1kmE3860N3134",105
"3346","1kmE3860N3135",130
"3347","1kmE3860N3136",83
"3348","1kmE3860N3137",64
"3349","1kmE3860N3138",145
"3350","1kmE3860N3139",187
"3351","1kmE3860N3140",124
"3352","1kmE3860N3141",60
"3353","1kmE3860N3142",66
"3354","1kmE3860N3143",53
"3355","1kmE3860N3144",60
"3356","1kmE3860N3145",39
"3357","1kmE3860N3146",109
"3358","1kmE3860N3147",139
"3359","1kmE3860N3148",95
"3360","1kmE3860N3149",103
"3361","1kmE3860N3150",112
"3362","1kmE3860N3156",110
"3363","1kmE3860N3157",182
"3364","1kmE3860N3158",199
"3365","1kmE3860N3159",196
"3366","1kmE3860N3160",201
"3367","1kmE3861N3092",127
"3368","1kmE3861N3093",168
"3369","1kmE3861N3094",182
"3370","1kmE3861N3095",152
"3371","1kmE3861N3096",131
"3372","1kmE3861N3097",116
"3373","1kmE3861N3098",153
"3374","1kmE3861N3099",162
"3375","1kmE3861N3100",127
"3376","1kmE3861N3101",101
"3377","1kmE3861N3102",91
"3378","1kmE3861N3103",144
"3379","1kmE3861N3104",205
"3380","1kmE3861N3105",207
"3381","1kmE3861N3106",179
"3382","1kmE3861N3107",171
"3383","1kmE3861N3108",131
"3384","1kmE3861N3109",146
"3385","1kmE3861N3110",151
"3386","1kmE3861N3111",165
"3387","1kmE3861N3112",137
"3388","1kmE3861N3113",120
"3389","1kmE3861N3114",80
"3390","1kmE3861N3115",119
"3391","1kmE3861N3116",196
"3392","1kmE3861N3117",198
"3393","1kmE3861N3118",126
"3394","1kmE3861N3119",80
"3395","1kmE3861N3120",76
"3396","1kmE3861N3121",47
"3397","1kmE3861N3122",65
"3398","1kmE3861N3123",108
"3399","1kmE3861N3124",133
"3400","1kmE3861N3125",118
"3401","1kmE3861N3126",132
"3402","1kmE3861N3127",88
"3403","1kmE3861N3128",20
"3404","1kmE3861N3129",157
"3405","1kmE3861N3130",165
"3406","1kmE3861N3131",112
"3407","1kmE3861N3132",71
"3408","1kmE3861N3133",34
"3409","1kmE3861N3134",48
"3410","1kmE3861N3135",78
"3411","1kmE3861N3136",119
"3412","1kmE3861N3137",160
"3413","1kmE3861N3138",183
"3414","1kmE3861N3139",153
"3415","1kmE3861N3140",95
"3416","1kmE3861N3141",116
"3417","1kmE3861N3142",86
"3418","1kmE3861N3143",75
"3419","1kmE3861N3144",45
"3420","1kmE3861N3145",45
"3421","1kmE3861N3146",105
"3422","1kmE3861N3147",186
"3423","1kmE3861N3148",150
"3424","1kmE3862N3092",168
"3425","1kmE3862N3093",162
"3426","1kmE3862N3094",171
"3427","1kmE3862N3095",121
"3428","1kmE3862N3096",148
"3429","1kmE3862N3097",43
"3430","1kmE3862N3098",151
"3431","1kmE3862N3099",131
"3432","1kmE3862N3100",134
"3433","1kmE3862N3101",195
"3434","1kmE3862N3102",142
"3435","1kmE3862N3103",119
"3436","1kmE3862N3104",180
"3437","1kmE3862N3105",169
"3438","1kmE3862N3106",182
"3439","1kmE3862N3107",200
"3440","1kmE3862N3108",163
"3441","1kmE3862N3109",170
"3442","1kmE3862N3110",195
"3443","1kmE3862N3111",149
"3444","1kmE3862N3112",150
"3445","1kmE3862N3113",137
"3446","1kmE3862N3114",174
"3447","1kmE3862N3115",161
"3448","1kmE3862N3116",169
"3449","1kmE3862N3117",183
"3450","1kmE3862N3118",146
"3451","1kmE3862N3119",104
"3452","1kmE3862N3120",68
"3453","1kmE3862N3121",44
"3454","1kmE3862N3122",94
"3455","1kmE3862N3123",188
"3456","1kmE3862N3124",177
"3457","1kmE3862N3125",109
"3458","1kmE3862N3126",77
"3459","1kmE3862N3127",46
"3460","1kmE3862N3128",95
"3461","1kmE3862N3129",163
"3462","1kmE3862N3130",144
"3463","1kmE3862N3131",140
"3464","1kmE3862N3132",121
"3465","1kmE3862N3133",93
"3466","1kmE3862N3134",122
"3467","1kmE3862N3135",157
"3468","1kmE3862N3136",204
"3469","1kmE3862N3137",164
"3470","1kmE3862N3138",90
"3471","1kmE3862N3139",65
"3472","1kmE3862N3140",140
"3473","1kmE3862N3141",149
"3474","1kmE3862N3142",100
"3475","1kmE3862N3143",77
"3476","1kmE3862N3144",55
"3477","1kmE3862N3145",74
"3478","1kmE3862N3146",87
"3479","1kmE3862N3147",183
"3480","1kmE3862N3148",170
"3481","1kmE3863N3092",156
"3482","1kmE3863N3093",157
"3483","1kmE3863N3094",124
"3484","1kmE3863N3095",162
"3485","1kmE3863N3096",180
"3486","1kmE3863N3097",95
"3487","1kmE3863N3098",118
"3488","1kmE3863N3099",150
"3489","1kmE3863N3100",142
"3490","1kmE3863N3101",201
"3491","1kmE3863N3102",149
"3492","1kmE3863N3103",123
"3493","1kmE3863N3104",100
"3494","1kmE3863N3105",110
"3495","1kmE3863N3106",162
"3496","1kmE3863N3107",166
"3497","1kmE3863N3108",150
"3498","1kmE3863N3109",142
"3499","1kmE3863N3110",160
"3500","1kmE3863N3111",151
"3501","1kmE3863N3112",180
"3502","1kmE3863N3113",113
"3503","1kmE3863N3114",218
"3504","1kmE3863N3115",156
"3505","1kmE3863N3116",181
"3506","1kmE3863N3117",148
"3507","1kmE3863N3118",173
"3508","1kmE3863N3119",180
"3509","1kmE3863N3120",104
"3510","1kmE3863N3121",61
"3511","1kmE3863N3122",8
"3512","1kmE3863N3123",100
"3513","1kmE3863N3124",131
"3514","1kmE3863N3125",114
"3515","1kmE3863N3126",109
"3516","1kmE3863N3127",135
"3517","1kmE3863N3128",125
"3518","1kmE3863N3129",151
"3519","1kmE3863N3130",121
"3520","1kmE3863N3131",143
"3521","1kmE3863N3132",177
"3522","1kmE3863N3133",148
"3523","1kmE3863N3134",172
"3524","1kmE3863N3135",201
"3525","1kmE3863N3136",206
"3526","1kmE3863N3137",183
"3527","1kmE3863N3138",91
"3528","1kmE3863N3139",39
"3529","1kmE3863N3140",50
"3530","1kmE3863N3141",126
"3531","1kmE3863N3142",104
"3532","1kmE3863N3143",35
"3533","1kmE3863N3144",125
"3534","1kmE3863N3145",165
"3535","1kmE3863N3146",126
"3536","1kmE3864N3092",140
"3537","1kmE3864N3093",185
"3538","1kmE3864N3094",161
"3539","1kmE3864N3095",238
"3540","1kmE3864N3096",194
"3541","1kmE3864N3097",146
"3542","1kmE3864N3098",108
"3543","1kmE3864N3099",127
"3544","1kmE3864N3100",177
"3545","1kmE3864N3101",176
"3546","1kmE3864N3102",141
"3547","1kmE3864N3103",124
"3548","1kmE3864N3104",70
"3549","1kmE3864N3105",90
"3550","1kmE3864N3106",193
"3551","1kmE3864N3107",117
"3552","1kmE3864N3108",104
"3553","1kmE3864N3109",57
"3554","1kmE3864N3110",80
"3555","1kmE3864N3111",102
"3556","1kmE3864N3112",54
"3557","1kmE3864N3113",96
"3558","1kmE3864N3114",142
"3559","1kmE3864N3115",46
"3560","1kmE3864N3116",107
"3561","1kmE3864N3117",131
"3562","1kmE3864N3118",215
"3563","1kmE3864N3119",176
"3564","1kmE3864N3120",110
"3565","1kmE3864N3121",103
"3566","1kmE3864N3122",101
"3567","1kmE3864N3123",125
"3568","1kmE3864N3124",160
"3569","1kmE3864N3125",96
"3570","1kmE3864N3126",185
"3571","1kmE3864N3127",218
"3572","1kmE3864N3128",195
"3573","1kmE3864N3129",162
"3574","1kmE3864N3130",201
"3575","1kmE3864N3131",175
"3576","1kmE3864N3132",153
"3577","1kmE3864N3133",142
"3578","1kmE3864N3134",192
"3579","1kmE3864N3135",186
"3580","1kmE3864N3136",230
"3581","1kmE3864N3137",190
"3582","1kmE3864N3138",102
"3583","1kmE3864N3139",45
"3584","1kmE3864N3140",15
"3585","1kmE3864N3141",85
"3586","1kmE3864N3142",84
"3587","1kmE3864N3143",40
"3588","1kmE3864N3144",103
"3589","1kmE3864N3145",158
"3590","1kmE3864N3146",156
"3591","1kmE3865N3089",54
"3592","1kmE3865N3091",84
"3593","1kmE3865N3092",140
"3594","1kmE3865N3093",184
"3595","1kmE3865N3094",172
"3596","1kmE3865N3095",194
"3597","1kmE3865N3096",177
"3598","1kmE3865N3097",164
"3599","1kmE3865N3098",162
"3600","1kmE3865N3099",112
"3601","1kmE3865N3100",155
"3602","1kmE3865N3101",134
"3603","1kmE3865N3102",94
"3604","1kmE3865N3103",89
"3605","1kmE3865N3104",118
"3606","1kmE3865N3105",93
"3607","1kmE3865N3106",177
"3608","1kmE3865N3107",139
"3609","1kmE3865N3108",138
"3610","1kmE3865N3109",108
"3611","1kmE3865N3110",97
"3612","1kmE3865N3111",115
"3613","1kmE3865N3112",92
"3614","1kmE3865N3113",156
"3615","1kmE3865N3114",101
"3616","1kmE3865N3115",120
"3617","1kmE3865N3116",173
"3618","1kmE3865N3117",183
"3619","1kmE3865N3118",276
"3620","1kmE3865N3119",154
"3621","1kmE3865N3120",80
"3622","1kmE3865N3121",94
"3623","1kmE3865N3122",139
"3624","1kmE3865N3123",41
"3625","1kmE3865N3124",136
"3626","1kmE3865N3125",107
"3627","1kmE3865N3126",192
"3628","1kmE3865N3127",204
"3629","1kmE3865N3128",186
"3630","1kmE3865N3129",175
"3631","1kmE3865N3130",226
"3632","1kmE3865N3131",196
"3633","1kmE3865N3132",101
"3634","1kmE3865N3133",95
"3635","1kmE3865N3134",168
"3636","1kmE3865N3135",168
"3637","1kmE3865N3136",160
"3638","1kmE3865N3137",85
"3639","1kmE3865N3138",19
"3640","1kmE3865N3139",83
"3641","1kmE3865N3140",113
"3642","1kmE3865N3141",145
"3643","1kmE3865N3142",69
"3644","1kmE3865N3143",10
"3645","1kmE3865N3144",35
"3646","1kmE3865N3145",136
"3647","1kmE3865N3146",137
"3648","1kmE3866N3089",116
"3649","1kmE3866N3090",131
"3650","1kmE3866N3091",129
"3651","1kmE3866N3092",127
"3652","1kmE3866N3093",159
"3653","1kmE3866N3094",148
"3654","1kmE3866N3095",144
"3655","1kmE3866N3096",121
"3656","1kmE3866N3097",180
"3657","1kmE3866N3098",207
"3658","1kmE3866N3099",144
"3659","1kmE3866N3100",149
"3660","1kmE3866N3101",71
"3661","1kmE3866N3102",38
"3662","1kmE3866N3103",92
"3663","1kmE3866N3104",137
"3664","1kmE3866N3105",109
"3665","1kmE3866N3106",96
"3666","1kmE3866N3107",130
"3667","1kmE3866N3108",157
"3668","1kmE3866N3109",145
"3669","1kmE3866N3110",108
"3670","1kmE3866N3111",132
"3671","1kmE3866N3112",134
"3672","1kmE3866N3113",200
"3673","1kmE3866N3114",90
"3674","1kmE3866N3115",137
"3675","1kmE3866N3116",222
"3676","1kmE3866N3117",224
"3677","1kmE3866N3118",234
"3678","1kmE3866N3119",129
"3679","1kmE3866N3120",96
"3680","1kmE3866N3121",27
"3681","1kmE3866N3122",108
"3682","1kmE3866N3123",70
"3683","1kmE3866N3124",53
"3684","1kmE3866N3125",153
"3685","1kmE3866N3126",191
"3686","1kmE3866N3127",223
"3687","1kmE3866N3128",181
"3688","1kmE3866N3129",174
"3689","1kmE3866N3130",201
"3690","1kmE3866N3131",150
"3691","1kmE3866N3132",118
"3692","1kmE3866N3133",58
"3693","1kmE3866N3134",128
"3694","1kmE3866N3135",84
"3695","1kmE3866N3136",93
"3696","1kmE3866N3137",128
"3697","1kmE3866N3138",26
"3698","1kmE3866N3139",60
"3699","1kmE3866N3140",49
"3700","1kmE3866N3141",125
"3701","1kmE3866N3142",25
"3702","1kmE3866N3143",81
"3703","1kmE3866N3144",115
"3704","1kmE3866N3145",160
"3705","1kmE3866N3146",143
"3706","1kmE3867N3088",99
"3707","1kmE3867N3089",134
"3708","1kmE3867N3090",143
"3709","1kmE3867N3091",196
"3710","1kmE3867N3092",222
"3711","1kmE3867N3093",186
"3712","1kmE3867N3094",134
"3713","1kmE3867N3095",177
"3714","1kmE3867N3096",94
"3715","1kmE3867N3097",145
"3716","1kmE3867N3098",214
"3717","1kmE3867N3099",161
"3718","1kmE3867N3100",122
"3719","1kmE3867N3101",74
"3720","1kmE3867N3102",97
"3721","1kmE3867N3103",91
"3722","1kmE3867N3104",96
"3723","1kmE3867N3105",123
"3724","1kmE3867N3106",122
"3725","1kmE3867N3107",86
"3726","1kmE3867N3108",132
"3727","1kmE3867N3109",132
"3728","1kmE3867N3110",132
"3729","1kmE3867N3111",107
"3730","1kmE3867N3112",142
"3731","1kmE3867N3113",224
"3732","1kmE3867N3114",183
"3733","1kmE3867N3115",171
"3734","1kmE3867N3116",193
"3735","1kmE3867N3117",183
"3736","1kmE3867N3118",218
"3737","1kmE3867N3119",112
"3738","1kmE3867N3120",88
"3739","1kmE3867N3121",23
"3740","1kmE3867N3122",112
"3741","1kmE3867N3123",124
"3742","1kmE3867N3124",32
"3743","1kmE3867N3125",81
"3744","1kmE3867N3126",169
"3745","1kmE3867N3127",177
"3746","1kmE3867N3128",176
"3747","1kmE3867N3129",169
"3748","1kmE3867N3130",149
"3749","1kmE3867N3131",140
"3750","1kmE3867N3132",89
"3751","1kmE3867N3133",91
"3752","1kmE3867N3134",156
"3753","1kmE3867N3135",91
"3754","1kmE3867N3136",21
"3755","1kmE3867N3137",17
"3756","1kmE3867N3138",12
"3757","1kmE3867N3139",26
"3758","1kmE3867N3140",63
"3759","1kmE3867N3141",121
"3760","1kmE3867N3142",80
"3761","1kmE3867N3143",146
"3762","1kmE3867N3144",141
"3763","1kmE3867N3145",175
"3764","1kmE3867N3146",151
"3765","1kmE3868N3088",98
"3766","1kmE3868N3089",70
"3767","1kmE3868N3090",162
"3768","1kmE3868N3091",203
"3769","1kmE3868N3092",219
"3770","1kmE3868N3093",180
"3771","1kmE3868N3094",171
"3772","1kmE3868N3095",228
"3773","1kmE3868N3096",156
"3774","1kmE3868N3097",154
"3775","1kmE3868N3098",253
"3776","1kmE3868N3099",233
"3777","1kmE3868N3100",184
"3778","1kmE3868N3101",167
"3779","1kmE3868N3102",189
"3780","1kmE3868N3103",67
"3781","1kmE3868N3104",106
"3782","1kmE3868N3105",155
"3783","1kmE3868N3106",184
"3784","1kmE3868N3107",89
"3785","1kmE3868N3108",85
"3786","1kmE3868N3109",126
"3787","1kmE3868N3110",190
"3788","1kmE3868N3111",100
"3789","1kmE3868N3112",132
"3790","1kmE3868N3113",162
"3791","1kmE3868N3114",143
"3792","1kmE3868N3115",205
"3793","1kmE3868N3116",225
"3794","1kmE3868N3117",157
"3795","1kmE3868N3118",195
"3796","1kmE3868N3119",114
"3797","1kmE3868N3120",130
"3798","1kmE3868N3121",121
"3799","1kmE3868N3122",109
"3800","1kmE3868N3123",22
"3801","1kmE3868N3124",65
"3802","1kmE3868N3125",99
"3803","1kmE3868N3126",104
"3804","1kmE3868N3127",160
"3805","1kmE3868N3128",154
"3806","1kmE3868N3129",148
"3807","1kmE3868N3130",65
"3808","1kmE3868N3131",79
"3809","1kmE3868N3132",101
"3810","1kmE3868N3133",81
"3811","1kmE3868N3134",155
"3812","1kmE3868N3135",56
"3813","1kmE3868N3136",42
"3814","1kmE3868N3137",58
"3815","1kmE3868N3138",60
"3816","1kmE3868N3139",79
"3817","1kmE3868N3140",95
"3818","1kmE3868N3141",150
"3819","1kmE3868N3142",72
"3820","1kmE3868N3143",120
"3821","1kmE3868N3144",62
"3822","1kmE3868N3145",115
"3823","1kmE3868N3146",132
"3824","1kmE3869N3088",101
"3825","1kmE3869N3089",125
"3826","1kmE3869N3090",102
"3827","1kmE3869N3091",145
"3828","1kmE3869N3092",157
"3829","1kmE3869N3093",145
"3830","1kmE3869N3094",166
"3831","1kmE3869N3095",212
"3832","1kmE3869N3096",195
"3833","1kmE3869N3097",200
"3834","1kmE3869N3098",259
"3835","1kmE3869N3099",232
"3836","1kmE3869N3100",240
"3837","1kmE3869N3101",214
"3838","1kmE3869N3102",137
"3839","1kmE3869N3103",75
"3840","1kmE3869N3104",81
"3841","1kmE3869N3105",130
"3842","1kmE3869N3106",167
"3843","1kmE3869N3107",97
"3844","1kmE3869N3108",105
"3845","1kmE3869N3109",192
"3846","1kmE3869N3110",219
"3847","1kmE3869N3111",159
"3848","1kmE3869N3112",211
"3849","1kmE3869N3113",133
"3850","1kmE3869N3114",122
"3851","1kmE3869N3115",184
"3852","1kmE3869N3116",222
"3853","1kmE3869N3117",199
"3854","1kmE3869N3118",187
"3855","1kmE3869N3119",105
"3856","1kmE3869N3120",137
"3857","1kmE3869N3121",158
"3858","1kmE3869N3122",150
"3859","1kmE3869N3123",77
"3860","1kmE3869N3124",146
"3861","1kmE3869N3125",156
"3862","1kmE3869N3126",145
"3863","1kmE3869N3127",93
"3864","1kmE3869N3128",168
"3865","1kmE3869N3129",164
"3866","1kmE3869N3130",23
"3867","1kmE3869N3131",27
"3868","1kmE3869N3132",96
"3869","1kmE3869N3133",63
"3870","1kmE3869N3134",82
"3871","1kmE3869N3135",87
"3872","1kmE3869N3136",74
"3873","1kmE3869N3137",93
"3874","1kmE3869N3138",181
"3875","1kmE3869N3139",202
"3876","1kmE3869N3140",157
"3877","1kmE3869N3141",91
"3878","1kmE3869N3142",101
"3879","1kmE3869N3143",39
"3880","1kmE3869N3144",5
"3881","1kmE3869N3145",77
"3882","1kmE3869N3146",141
"3883","1kmE3869N3147",115
"3884","1kmE3869N3148",144
"3885","1kmE3869N3149",124
"3886","1kmE3869N3150",133
"3887","1kmE3870N3087",25
"3888","1kmE3870N3088",58
"3889","1kmE3870N3089",96
"3890","1kmE3870N3090",122
"3891","1kmE3870N3091",218
"3892","1kmE3870N3092",209
"3893","1kmE3870N3093",119
"3894","1kmE3870N3094",82
"3895","1kmE3870N3095",138
"3896","1kmE3870N3096",186
"3897","1kmE3870N3097",196
"3898","1kmE3870N3098",198
"3899","1kmE3870N3099",229
"3900","1kmE3870N3100",269
"3901","1kmE3870N3101",245
"3902","1kmE3870N3102",143
"3903","1kmE3870N3103",96
"3904","1kmE3870N3104",76
"3905","1kmE3870N3105",82
"3906","1kmE3870N3106",130
"3907","1kmE3870N3107",138
"3908","1kmE3870N3108",99
"3909","1kmE3870N3109",148
"3910","1kmE3870N3110",182
"3911","1kmE3870N3111",237
"3912","1kmE3870N3112",239
"3913","1kmE3870N3113",180
"3914","1kmE3870N3114",184
"3915","1kmE3870N3115",188
"3916","1kmE3870N3116",208
"3917","1kmE3870N3117",222
"3918","1kmE3870N3118",209
"3919","1kmE3870N3119",144
"3920","1kmE3870N3120",83
"3921","1kmE3870N3121",29
"3922","1kmE3870N3122",32
"3923","1kmE3870N3123",142
"3924","1kmE3870N3124",191
"3925","1kmE3870N3125",188
"3926","1kmE3870N3126",149
"3927","1kmE3870N3127",157
"3928","1kmE3870N3128",184
"3929","1kmE3870N3129",200
"3930","1kmE3870N3130",117
"3931","1kmE3870N3131",91
"3932","1kmE3870N3132",61
"3933","1kmE3870N3133",90
"3934","1kmE3870N3134",105
"3935","1kmE3870N3135",143
"3936","1kmE3870N3136",190
"3937","1kmE3870N3137",157
"3938","1kmE3870N3138",102
"3939","1kmE3870N3139",86
"3940","1kmE3870N3140",99
"3941","1kmE3870N3141",65
"3942","1kmE3870N3142",122
"3943","1kmE3870N3143",61
"3944","1kmE3870N3144",29
"3945","1kmE3870N3145",85
"3946","1kmE3870N3146",160
"3947","1kmE3870N3147",147
"3948","1kmE3870N3148",169
"3949","1kmE3870N3149",77
"3950","1kmE3870N3150",106
"3951","1kmE3871N3087",156
"3952","1kmE3871N3088",184
"3953","1kmE3871N3089",156
"3954","1kmE3871N3090",137
"3955","1kmE3871N3091",188
"3956","1kmE3871N3092",190
"3957","1kmE3871N3093",157
"3958","1kmE3871N3094",122
"3959","1kmE3871N3095",61
"3960","1kmE3871N3096",109
"3961","1kmE3871N3097",135
"3962","1kmE3871N3098",149
"3963","1kmE3871N3099",221
"3964","1kmE3871N3100",243
"3965","1kmE3871N3101",231
"3966","1kmE3871N3102",191
"3967","1kmE3871N3103",131
"3968","1kmE3871N3104",111
"3969","1kmE3871N3105",110
"3970","1kmE3871N3106",186
"3971","1kmE3871N3107",201
"3972","1kmE3871N3108",92
"3973","1kmE3871N3109",123
"3974","1kmE3871N3110",169
"3975","1kmE3871N3111",195
"3976","1kmE3871N3112",191
"3977","1kmE3871N3113",188
"3978","1kmE3871N3114",173
"3979","1kmE3871N3115",194
"3980","1kmE3871N3116",199
"3981","1kmE3871N3117",179
"3982","1kmE3871N3118",158
"3983","1kmE3871N3119",173
"3984","1kmE3871N3120",127
"3985","1kmE3871N3121",77
"3986","1kmE3871N3122",27
"3987","1kmE3871N3123",73
"3988","1kmE3871N3124",150
"3989","1kmE3871N3125",181
"3990","1kmE3871N3126",181
"3991","1kmE3871N3127",102
"3992","1kmE3871N3128",183
"3993","1kmE3871N3129",185
"3994","1kmE3871N3130",73
"3995","1kmE3871N3131",95
"3996","1kmE3871N3132",98
"3997","1kmE3871N3133",66
"3998","1kmE3871N3134",102
"3999","1kmE3871N3135",183
"4000","1kmE3871N3136",219
"4001","1kmE3871N3137",216
"4002","1kmE3871N3138",142
"4003","1kmE3871N3139",119
"4004","1kmE3871N3140",17
"4005","1kmE3871N3141",78
"4006","1kmE3871N3142",103
"4007","1kmE3871N3143",30
"4008","1kmE3871N3144",18
"4009","1kmE3871N3145",67
"4010","1kmE3871N3146",145
"4011","1kmE3871N3147",198
"4012","1kmE3871N3148",179
"4013","1kmE3871N3149",82
"4014","1kmE3871N3150",132
"4015","1kmE3871N3151",128
"4016","1kmE3872N3087",130
"4017","1kmE3872N3088",248
"4018","1kmE3872N3089",257
"4019","1kmE3872N3090",180
"4020","1kmE3872N3091",197
"4021","1kmE3872N3092",189
"4022","1kmE3872N3093",161
"4023","1kmE3872N3094",126
"4024","1kmE3872N3095",73
"4025","1kmE3872N3096",90
"4026","1kmE3872N3097",128
"4027","1kmE3872N3098",211
"4028","1kmE3872N3099",226
"4029","1kmE3872N3100",206
"4030","1kmE3872N3101",225
"4031","1kmE3872N3102",237
"4032","1kmE3872N3103",242
"4033","1kmE3872N3104",204
"4034","1kmE3872N3105",176
"4035","1kmE3872N3106",167
"4036","1kmE3872N3107",173
"4037","1kmE3872N3108",104
"4038","1kmE3872N3109",163
"4039","1kmE3872N3110",201
"4040","1kmE3872N3111",196
"4041","1kmE3872N3112",188
"4042","1kmE3872N3113",152
"4043","1kmE3872N3114",193
"4044","1kmE3872N3115",194
"4045","1kmE3872N3116",195
"4046","1kmE3872N3117",185
"4047","1kmE3872N3118",182
"4048","1kmE3872N3119",192
"4049","1kmE3872N3120",187
"4050","1kmE3872N3121",171
"4051","1kmE3872N3122",157
"4052","1kmE3872N3123",128
"4053","1kmE3872N3124",96
"4054","1kmE3872N3125",98
"4055","1kmE3872N3126",187
"4056","1kmE3872N3127",177
"4057","1kmE3872N3128",185
"4058","1kmE3872N3129",188
"4059","1kmE3872N3130",35
"4060","1kmE3872N3131",67
"4061","1kmE3872N3132",72
"4062","1kmE3872N3133",78
"4063","1kmE3872N3134",106
"4064","1kmE3872N3135",145
"4065","1kmE3872N3136",206
"4066","1kmE3872N3137",226
"4067","1kmE3872N3138",136
"4068","1kmE3872N3139",81
"4069","1kmE3872N3140",40
"4070","1kmE3872N3141",89
"4071","1kmE3872N3142",112
"4072","1kmE3872N3143",46
"4073","1kmE3872N3144",34
"4074","1kmE3872N3145",97
"4075","1kmE3872N3146",195
"4076","1kmE3872N3147",204
"4077","1kmE3872N3148",179
"4078","1kmE3872N3149",110
"4079","1kmE3872N3150",141
"4080","1kmE3872N3151",147
"4081","1kmE3873N3089",192
"4082","1kmE3873N3090",156
"4083","1kmE3873N3091",220
"4084","1kmE3873N3092",226
"4085","1kmE3873N3093",165
"4086","1kmE3873N3094",110
"4087","1kmE3873N3095",102
"4088","1kmE3873N3096",119
"4089","1kmE3873N3097",180
"4090","1kmE3873N3098",155
"4091","1kmE3873N3099",201
"4092","1kmE3873N3100",243
"4093","1kmE3873N3101",266
"4094","1kmE3873N3102",294
"4095","1kmE3873N3103",237
"4096","1kmE3873N3104",240
"4097","1kmE3873N3105",209
"4098","1kmE3873N3106",141
"4099","1kmE3873N3107",110
"4100","1kmE3873N3108",134
"4101","1kmE3873N3109",135
"4102","1kmE3873N3110",158
"4103","1kmE3873N3111",184
"4104","1kmE3873N3112",188
"4105","1kmE3873N3113",153
"4106","1kmE3873N3114",165
"4107","1kmE3873N3115",241
"4108","1kmE3873N3116",231
"4109","1kmE3873N3117",183
"4110","1kmE3873N3118",176
"4111","1kmE3873N3119",191
"4112","1kmE3873N3120",249
"4113","1kmE3873N3121",233
"4114","1kmE3873N3122",238
"4115","1kmE3873N3123",171
"4116","1kmE3873N3124",123
"4117","1kmE3873N3125",116
"4118","1kmE3873N3126",176
"4119","1kmE3873N3127",195
"4120","1kmE3873N3128",181
"4121","1kmE3873N3129",182
"4122","1kmE3873N3130",132
"4123","1kmE3873N3131",33
"4124","1kmE3873N3132",21
"4125","1kmE3873N3133",95
"4126","1kmE3873N3134",96
"4127","1kmE3873N3135",64
"4128","1kmE3873N3136",108
"4129","1kmE3873N3137",92
"4130","1kmE3873N3138",29
"4131","1kmE3873N3139",93
"4132","1kmE3873N3140",84
"4133","1kmE3873N3141",30
"4134","1kmE3873N3142",37
"4135","1kmE3873N3143",22
"4136","1kmE3873N3144",21
"4137","1kmE3873N3145",61
"4138","1kmE3873N3146",181
"4139","1kmE3873N3147",208
"4140","1kmE3873N3148",159
"4141","1kmE3873N3149",111
"4142","1kmE3873N3150",136
"4143","1kmE3873N3151",100
"4144","1kmE3874N3089",68
"4145","1kmE3874N3090",131
"4146","1kmE3874N3091",194
"4147","1kmE3874N3092",212
"4148","1kmE3874N3093",151
"4149","1kmE3874N3094",118
"4150","1kmE3874N3095",129
"4151","1kmE3874N3096",127
"4152","1kmE3874N3097",177
"4153","1kmE3874N3098",156
"4154","1kmE3874N3099",168
"4155","1kmE3874N3100",187
"4156","1kmE3874N3101",239
"4157","1kmE3874N3102",291
"4158","1kmE3874N3103",250
"4159","1kmE3874N3104",232
"4160","1kmE3874N3105",220
"4161","1kmE3874N3106",183
"4162","1kmE3874N3107",180
"4163","1kmE3874N3108",198
"4164","1kmE3874N3109",194
"4165","1kmE3874N3110",202
"4166","1kmE3874N3111",197
"4167","1kmE3874N3112",220
"4168","1kmE3874N3113",205
"4169","1kmE3874N3114",210
"4170","1kmE3874N3115",197
"4171","1kmE3874N3116",153
"4172","1kmE3874N3117",97
"4173","1kmE3874N3118",195
"4174","1kmE3874N3119",206
"4175","1kmE3874N3120",271
"4176","1kmE3874N3121",258
"4177","1kmE3874N3122",221
"4178","1kmE3874N3123",123
"4179","1kmE3874N3124",128
"4180","1kmE3874N3125",160
"4181","1kmE3874N3126",174
"4182","1kmE3874N3127",243
"4183","1kmE3874N3128",229
"4184","1kmE3874N3129",186
"4185","1kmE3874N3130",140
"4186","1kmE3874N3131",68
"4187","1kmE3874N3132",41
"4188","1kmE3874N3133",107
"4189","1kmE3874N3134",63
"4190","1kmE3874N3135",69
"4191","1kmE3874N3136",109
"4192","1kmE3874N3137",135
"4193","1kmE3874N3138",73
"4194","1kmE3874N3139",28
"4195","1kmE3874N3140",16
"4196","1kmE3874N3141",7
"4197","1kmE3874N3142",69
"4198","1kmE3874N3143",88
"4199","1kmE3874N3144",39
"4200","1kmE3874N3145",38
"4201","1kmE3874N3146",139
"4202","1kmE3874N3147",184
"4203","1kmE3874N3148",156
"4204","1kmE3874N3149",98
"4205","1kmE3874N3150",116
"4206","1kmE3874N3151",115
"4207","1kmE3874N3152",115
"4208","1kmE3875N3090",48
"4209","1kmE3875N3091",98
"4210","1kmE3875N3092",99
"4211","1kmE3875N3093",174
"4212","1kmE3875N3094",163
"4213","1kmE3875N3095",128
"4214","1kmE3875N3096",127
"4215","1kmE3875N3097",129
"4216","1kmE3875N3098",167
"4217","1kmE3875N3099",131
"4218","1kmE3875N3100",169
"4219","1kmE3875N3101",182
"4220","1kmE3875N3102",226
"4221","1kmE3875N3103",167
"4222","1kmE3875N3104",201
"4223","1kmE3875N3105",222
"4224","1kmE3875N3106",168
"4225","1kmE3875N3107",223
"4226","1kmE3875N3108",247
"4227","1kmE3875N3109",258
"4228","1kmE3875N3110",239
"4229","1kmE3875N3111",228
"4230","1kmE3875N3112",265
"4231","1kmE3875N3113",221
"4232","1kmE3875N3114",178
"4233","1kmE3875N3115",158
"4234","1kmE3875N3116",143
"4235","1kmE3875N3117",172
"4236","1kmE3875N3118",190
"4237","1kmE3875N3119",217
"4238","1kmE3875N3120",250
"4239","1kmE3875N3121",232
"4240","1kmE3875N3122",206
"4241","1kmE3875N3123",141
"4242","1kmE3875N3124",166
"4243","1kmE3875N3125",227
"4244","1kmE3875N3126",224
"4245","1kmE3875N3127",240
"4246","1kmE3875N3128",207
"4247","1kmE3875N3129",121
"4248","1kmE3875N3130",86
"4249","1kmE3875N3131",72
"4250","1kmE3875N3132",78
"4251","1kmE3875N3133",127
"4252","1kmE3875N3134",91
"4253","1kmE3875N3135",88
"4254","1kmE3875N3136",138
"4255","1kmE3875N3137",133
"4256","1kmE3875N3138",120
"4257","1kmE3875N3139",91
"4258","1kmE3875N3140",84
"4259","1kmE3875N3141",129
"4260","1kmE3875N3142",123
"4261","1kmE3875N3143",74
"4262","1kmE3875N3144",24
"4263","1kmE3875N3145",40
"4264","1kmE3875N3146",60
"4265","1kmE3875N3147",84
"4266","1kmE3875N3148",73
"4267","1kmE3875N3149",63
"4268","1kmE3875N3150",107
"4269","1kmE3875N3151",124
"4270","1kmE3875N3152",133
"4271","1kmE3876N3092",133
"4272","1kmE3876N3093",198
"4273","1kmE3876N3094",180
"4274","1kmE3876N3095",141
"4275","1kmE3876N3096",178
"4276","1kmE3876N3097",197
"4277","1kmE3876N3098",206
"4278","1kmE3876N3099",166
"4279","1kmE3876N3100",130
"4280","1kmE3876N3101",128
"4281","1kmE3876N3102",136
"4282","1kmE3876N3103",119
"4283","1kmE3876N3104",134
"4284","1kmE3876N3105",208
"4285","1kmE3876N3106",223
"4286","1kmE3876N3107",199
"4287","1kmE3876N3108",265
"4288","1kmE3876N3109",229
"4289","1kmE3876N3110",172
"4290","1kmE3876N3111",164
"4291","1kmE3876N3112",233
"4292","1kmE3876N3113",215
"4293","1kmE3876N3114",137
"4294","1kmE3876N3115",194
"4295","1kmE3876N3116",175
"4296","1kmE3876N3117",232
"4297","1kmE3876N3118",192
"4298","1kmE3876N3119",225
"4299","1kmE3876N3120",230
"4300","1kmE3876N3121",183
"4301","1kmE3876N3122",251
"4302","1kmE3876N3123",225
"4303","1kmE3876N3124",194
"4304","1kmE3876N3125",241
"4305","1kmE3876N3126",283
"4306","1kmE3876N3127",276
"4307","1kmE3876N3128",220
"4308","1kmE3876N3129",134
"4309","1kmE3876N3130",92
"4310","1kmE3876N3131",101
"4311","1kmE3876N3132",84
"4312","1kmE3876N3133",83
"4313","1kmE3876N3134",67
"4314","1kmE3876N3135",39
"4315","1kmE3876N3136",170
"4316","1kmE3876N3137",171
"4317","1kmE3876N3138",65
"4318","1kmE3876N3139",66
"4319","1kmE3876N3140",30
"4320","1kmE3876N3141",39
"4321","1kmE3876N3142",69
"4322","1kmE3876N3143",64
"4323","1kmE3876N3144",14
"4324","1kmE3876N3145",53
"4325","1kmE3876N3146",96
"4326","1kmE3876N3147",125
"4327","1kmE3876N3148",86
"4328","1kmE3876N3149",34
"4329","1kmE3876N3150",123
"4330","1kmE3876N3151",126
"4331","1kmE3877N3092",155
"4332","1kmE3877N3093",145
"4333","1kmE3877N3094",135
"4334","1kmE3877N3095",190
"4335","1kmE3877N3096",205
"4336","1kmE3877N3097",146
"4337","1kmE3877N3098",93
"4338","1kmE3877N3099",128
"4339","1kmE3877N3100",84
"4340","1kmE3877N3101",97
"4341","1kmE3877N3102",139
"4342","1kmE3877N3103",139
"4343","1kmE3877N3104",129
"4344","1kmE3877N3105",198
"4345","1kmE3877N3106",230
"4346","1kmE3877N3107",250
"4347","1kmE3877N3108",205
"4348","1kmE3877N3109",152
"4349","1kmE3877N3110",115
"4350","1kmE3877N3111",135
"4351","1kmE3877N3112",220
"4352","1kmE3877N3113",221
"4353","1kmE3877N3114",199
"4354","1kmE3877N3115",178
"4355","1kmE3877N3116",155
"4356","1kmE3877N3117",213
"4357","1kmE3877N3118",212
"4358","1kmE3877N3119",222
"4359","1kmE3877N3120",248
"4360","1kmE3877N3121",241
"4361","1kmE3877N3122",239
"4362","1kmE3877N3123",239
"4363","1kmE3877N3124",255
"4364","1kmE3877N3125",291
"4365","1kmE3877N3126",313
"4366","1kmE3877N3127",267
"4367","1kmE3877N3128",145
"4368","1kmE3877N3129",39
"4369","1kmE3877N3130",90
"4370","1kmE3877N3131",121
"4371","1kmE3877N3132",145
"4372","1kmE3877N3133",47
"4373","1kmE3877N3134",89
"4374","1kmE3877N3135",108
"4375","1kmE3877N3136",78
"4376","1kmE3877N3137",119
"4377","1kmE3877N3138",65
"4378","1kmE3877N3139",16
"4379","1kmE3877N3140",1
"4380","1kmE3877N3141",69
"4381","1kmE3877N3142",36
"4382","1kmE3877N3143",31
"4383","1kmE3877N3144",13
"4384","1kmE3877N3145",60
"4385","1kmE3877N3146",161
"4386","1kmE3877N3147",127
"4387","1kmE3877N3148",68
"4388","1kmE3877N3149",71
"4389","1kmE3877N3150",142
"4390","1kmE3878N3091",108
"4391","1kmE3878N3092",199
"4392","1kmE3878N3093",174
"4393","1kmE3878N3094",151
"4394","1kmE3878N3095",192
"4395","1kmE3878N3096",205
"4396","1kmE3878N3097",169
"4397","1kmE3878N3098",70
"4398","1kmE3878N3099",137
"4399","1kmE3878N3100",141
"4400","1kmE3878N3101",133
"4401","1kmE3878N3102",152
"4402","1kmE3878N3103",165
"4403","1kmE3878N3104",144
"4404","1kmE3878N3105",143
"4405","1kmE3878N3106",186
"4406","1kmE3878N3107",226
"4407","1kmE3878N3108",146
"4408","1kmE3878N3109",131
"4409","1kmE3878N3110",105
"4410","1kmE3878N3111",175
"4411","1kmE3878N3112",203
"4412","1kmE3878N3113",234
"4413","1kmE3878N3114",223
"4414","1kmE3878N3115",191
"4415","1kmE3878N3116",165
"4416","1kmE3878N3117",213
"4417","1kmE3878N3118",196
"4418","1kmE3878N3119",209
"4419","1kmE3878N3120",226
"4420","1kmE3878N3121",278
"4421","1kmE3878N3122",320
"4422","1kmE3878N3123",288
"4423","1kmE3878N3124",298
"4424","1kmE3878N3125",304
"4425","1kmE3878N3126",289
"4426","1kmE3878N3127",272
"4427","1kmE3878N3128",141
"4428","1kmE3878N3129",91
"4429","1kmE3878N3130",92
"4430","1kmE3878N3131",152
"4431","1kmE3878N3132",123
"4432","1kmE3878N3133",33
"4433","1kmE3878N3134",72
"4434","1kmE3878N3135",103
"4435","1kmE3878N3136",98
"4436","1kmE3878N3137",77
"4437","1kmE3878N3138",93
"4438","1kmE3878N3139",23
"4439","1kmE3878N3140",4
"4440","1kmE3878N3141",61
"4441","1kmE3878N3142",56
"4442","1kmE3878N3143",18
"4443","1kmE3878N3144",49
"4444","1kmE3878N3145",53
"4445","1kmE3878N3146",150
"4446","1kmE3878N3147",168
"4447","1kmE3878N3148",91
"4448","1kmE3878N3149",51
"4449","1kmE3878N3150",137
"4450","1kmE3879N3092",195
"4451","1kmE3879N3093",173
"4452","1kmE3879N3094",151
"4453","1kmE3879N3095",128
"4454","1kmE3879N3096",137
"4455","1kmE3879N3097",168
"4456","1kmE3879N3098",120
"4457","1kmE3879N3099",100
"4458","1kmE3879N3100",108
"4459","1kmE3879N3101",123
"4460","1kmE3879N3102",126
"4461","1kmE3879N3103",137
"4462","1kmE3879N3104",173
"4463","1kmE3879N3105",127
"4464","1kmE3879N3106",181
"4465","1kmE3879N3107",165
"4466","1kmE3879N3108",93
"4467","1kmE3879N3109",122
"4468","1kmE3879N3110",141
"4469","1kmE3879N3111",181
"4470","1kmE3879N3112",226
"4471","1kmE3879N3113",203
"4472","1kmE3879N3114",221
"4473","1kmE3879N3115",229
"4474","1kmE3879N3116",121
"4475","1kmE3879N3117",162
"4476","1kmE3879N3118",216
"4477","1kmE3879N3119",243
"4478","1kmE3879N3120",292
"4479","1kmE3879N3121",308
"4480","1kmE3879N3122",314
"4481","1kmE3879N3123",306
"4482","1kmE3879N3124",324
"4483","1kmE3879N3125",278
"4484","1kmE3879N3126",209
"4485","1kmE3879N3127",227
"4486","1kmE3879N3128",199
"4487","1kmE3879N3129",152
"4488","1kmE3879N3130",58
"4489","1kmE3879N3131",56
"4490","1kmE3879N3132",30
"4491","1kmE3879N3133",11
"4492","1kmE3879N3134",48
"4493","1kmE3879N3135",17
"4494","1kmE3879N3136",174
"4495","1kmE3879N3137",153
"4496","1kmE3879N3138",69
"4497","1kmE3879N3139",8
"4498","1kmE3879N3140",23
"4499","1kmE3879N3141",67
"4500","1kmE3879N3142",36
"4501","1kmE3879N3143",71
"4502","1kmE3879N3144",75
"4503","1kmE3879N3145",29
"4504","1kmE3879N3146",113
"4505","1kmE3879N3147",189
"4506","1kmE3879N3148",77
"4507","1kmE3879N3149",66
"4508","1kmE3879N3150",133
"4509","1kmE3880N3092",166
"4510","1kmE3880N3093",174
"4511","1kmE3880N3094",134
"4512","1kmE3880N3095",103
"4513","1kmE3880N3096",153
"4514","1kmE3880N3097",159
"4515","1kmE3880N3098",107
"4516","1kmE3880N3099",93
"4517","1kmE3880N3100",103
"4518","1kmE3880N3101",113
"4519","1kmE3880N3102",112
"4520","1kmE3880N3103",128
"4521","1kmE3880N3104",178
"4522","1kmE3880N3105",149
"4523","1kmE3880N3106",207
"4524","1kmE3880N3107",189
"4525","1kmE3880N3108",120
"4526","1kmE3880N3109",153
"4527","1kmE3880N3110",192
"4528","1kmE3880N3111",239
"4529","1kmE3880N3112",249
"4530","1kmE3880N3113",181
"4531","1kmE3880N3114",203
"4532","1kmE3880N3115",232
"4533","1kmE3880N3116",226
"4534","1kmE3880N3117",191
"4535","1kmE3880N3118",235
"4536","1kmE3880N3119",251
"4537","1kmE3880N3120",290
"4538","1kmE3880N3121",276
"4539","1kmE3880N3122",271
"4540","1kmE3880N3123",279
"4541","1kmE3880N3124",280
"4542","1kmE3880N3125",271
"4543","1kmE3880N3126",171
"4544","1kmE3880N3127",188
"4545","1kmE3880N3128",185
"4546","1kmE3880N3129",168
"4547","1kmE3880N3130",56
"4548","1kmE3880N3131",101
"4549","1kmE3880N3132",59
"4550","1kmE3880N3133",48
"4551","1kmE3880N3134",64
"4552","1kmE3880N3135",58
"4553","1kmE3880N3136",129
"4554","1kmE3880N3137",124
"4555","1kmE3880N3138",91
"4556","1kmE3880N3139",48
"4557","1kmE3880N3140",130
"4558","1kmE3880N3141",44
"4559","1kmE3880N3142",5
"4560","1kmE3880N3143",65
"4561","1kmE3880N3144",94
"4562","1kmE3880N3145",31
"4563","1kmE3880N3146",106
"4564","1kmE3880N3147",197
"4565","1kmE3880N3148",96
"4566","1kmE3880N3149",112
"4567","1kmE3881N3090",143
"4568","1kmE3881N3091",193
"4569","1kmE3881N3092",186
"4570","1kmE3881N3093",209
"4571","1kmE3881N3094",157
"4572","1kmE3881N3095",134
"4573","1kmE3881N3096",122
"4574","1kmE3881N3097",141
"4575","1kmE3881N3098",148
"4576","1kmE3881N3099",134
"4577","1kmE3881N3100",103
"4578","1kmE3881N3101",112
"4579","1kmE3881N3102",145
"4580","1kmE3881N3103",182
"4581","1kmE3881N3104",152
"4582","1kmE3881N3105",150
"4583","1kmE3881N3106",157
"4584","1kmE3881N3107",184
"4585","1kmE3881N3108",136
"4586","1kmE3881N3109",145
"4587","1kmE3881N3110",169
"4588","1kmE3881N3111",199
"4589","1kmE3881N3112",201
"4590","1kmE3881N3113",178
"4591","1kmE3881N3114",159
"4592","1kmE3881N3115",200
"4593","1kmE3881N3116",190
"4594","1kmE3881N3117",199
"4595","1kmE3881N3118",233
"4596","1kmE3881N3119",247
"4597","1kmE3881N3120",234
"4598","1kmE3881N3121",261
"4599","1kmE3881N3122",285
"4600","1kmE3881N3123",259
"4601","1kmE3881N3124",300
"4602","1kmE3881N3125",309
"4603","1kmE3881N3126",256
"4604","1kmE3881N3127",207
"4605","1kmE3881N3128",193
"4606","1kmE3881N3129",253
"4607","1kmE3881N3130",56
"4608","1kmE3881N3131",118
"4609","1kmE3881N3132",131
"4610","1kmE3881N3133",83
"4611","1kmE3881N3134",81
"4612","1kmE3881N3135",93
"4613","1kmE3881N3136",66
"4614","1kmE3881N3137",85
"4615","1kmE3881N3138",15
"4616","1kmE3881N3139",38
"4617","1kmE3881N3140",111
"4618","1kmE3881N3141",14
"4619","1kmE3881N3142",13
"4620","1kmE3881N3143",77
"4621","1kmE3881N3144",111
"4622","1kmE3881N3145",102
"4623","1kmE3881N3146",134
"4624","1kmE3881N3147",163
"4625","1kmE3881N3148",130
"4626","1kmE3881N3149",124
"4627","1kmE3882N3089",78
"4628","1kmE3882N3090",173
"4629","1kmE3882N3091",188
"4630","1kmE3882N3092",211
"4631","1kmE3882N3093",215
"4632","1kmE3882N3094",167
"4633","1kmE3882N3095",165
"4634","1kmE3882N3096",130
"4635","1kmE3882N3097",184
"4636","1kmE3882N3098",201
"4637","1kmE3882N3099",255
"4638","1kmE3882N3100",210
"4639","1kmE3882N3101",137
"4640","1kmE3882N3102",189
"4641","1kmE3882N3103",198
"4642","1kmE3882N3104",154
"4643","1kmE3882N3105",152
"4644","1kmE3882N3106",150
"4645","1kmE3882N3107",130
"4646","1kmE3882N3108",124
"4647","1kmE3882N3109",145
"4648","1kmE3882N3110",143
"4649","1kmE3882N3111",183
"4650","1kmE3882N3112",191
"4651","1kmE3882N3113",201
"4652","1kmE3882N3114",201
"4653","1kmE3882N3115",182
"4654","1kmE3882N3116",129
"4655","1kmE3882N3117",197
"4656","1kmE3882N3118",210
"4657","1kmE3882N3119",282
"4658","1kmE3882N3120",268
"4659","1kmE3882N3121",270
"4660","1kmE3882N3122",269
"4661","1kmE3882N3123",268
"4662","1kmE3882N3124",290
"4663","1kmE3882N3125",299
"4664","1kmE3882N3126",231
"4665","1kmE3882N3127",198
"4666","1kmE3882N3128",205
"4667","1kmE3882N3129",260
"4668","1kmE3882N3130",143
"4669","1kmE3882N3131",77
"4670","1kmE3882N3132",99
"4671","1kmE3882N3133",87
"4672","1kmE3882N3134",93
"4673","1kmE3882N3135",90
"4674","1kmE3882N3136",106
"4675","1kmE3882N3137",103
"4676","1kmE3882N3138",16
"4677","1kmE3882N3139",16
"4678","1kmE3882N3140",28
"4679","1kmE3882N3141",5
"4680","1kmE3882N3142",19
"4681","1kmE3882N3143",39
"4682","1kmE3882N3144",68
"4683","1kmE3882N3145",108
"4684","1kmE3882N3146",96
"4685","1kmE3882N3147",154
"4686","1kmE3882N3148",139
"4687","1kmE3883N3089",25
"4688","1kmE3883N3090",111
"4689","1kmE3883N3091",159
"4690","1kmE3883N3092",213
"4691","1kmE3883N3093",200
"4692","1kmE3883N3094",120
"4693","1kmE3883N3095",135
"4694","1kmE3883N3096",182
"4695","1kmE3883N3097",202
"4696","1kmE3883N3098",175
"4697","1kmE3883N3099",200
"4698","1kmE3883N3100",195
"4699","1kmE3883N3101",169
"4700","1kmE3883N3102",172
"4701","1kmE3883N3103",170
"4702","1kmE3883N3104",165
"4703","1kmE3883N3105",131
"4704","1kmE3883N3106",115
"4705","1kmE3883N3107",120
"4706","1kmE3883N3108",134
"4707","1kmE3883N3109",144
"4708","1kmE3883N3110",147
"4709","1kmE3883N3111",184
"4710","1kmE3883N3112",220
"4711","1kmE3883N3113",203
"4712","1kmE3883N3114",164
"4713","1kmE3883N3115",169
"4714","1kmE3883N3116",159
"4715","1kmE3883N3117",202
"4716","1kmE3883N3118",210
"4717","1kmE3883N3119",256
"4718","1kmE3883N3120",274
"4719","1kmE3883N3121",251
"4720","1kmE3883N3122",281
"4721","1kmE3883N3123",283
"4722","1kmE3883N3124",288
"4723","1kmE3883N3125",306
"4724","1kmE3883N3126",245
"4725","1kmE3883N3127",205
"4726","1kmE3883N3128",144
"4727","1kmE3883N3129",143
"4728","1kmE3883N3130",143
"4729","1kmE3883N3131",72
"4730","1kmE3883N3132",63
"4731","1kmE3883N3133",63
"4732","1kmE3883N3134",98
"4733","1kmE3883N3135",103
"4734","1kmE3883N3136",52
"4735","1kmE3883N3137",53
"4736","1kmE3883N3138",49
"4737","1kmE3883N3139",101
"4738","1kmE3883N3140",73
"4739","1kmE3883N3141",6
"4740","1kmE3883N3142",48
"4741","1kmE3883N3143",105
"4742","1kmE3883N3144",40
"4743","1kmE3883N3145",83
"4744","1kmE3883N3146",83
"4745","1kmE3883N3147",148
"4746","1kmE3884N3089",38
"4747","1kmE3884N3090",165
"4748","1kmE3884N3091",183
"4749","1kmE3884N3092",185
"4750","1kmE3884N3093",185
"4751","1kmE3884N3094",113
"4752","1kmE3884N3095",81
"4753","1kmE3884N3096",182
"4754","1kmE3884N3097",191
"4755","1kmE3884N3098",134
"4756","1kmE3884N3099",152
"4757","1kmE3884N3100",136
"4758","1kmE3884N3101",115
"4759","1kmE3884N3102",192
"4760","1kmE3884N3103",195
"4761","1kmE3884N3104",168
"4762","1kmE3884N3105",96
"4763","1kmE3884N3106",105
"4764","1kmE3884N3107",106
"4765","1kmE3884N3108",119
"4766","1kmE3884N3109",132
"4767","1kmE3884N3110",145
"4768","1kmE3884N3111",187
"4769","1kmE3884N3112",240
"4770","1kmE3884N3113",204
"4771","1kmE3884N3114",188
"4772","1kmE3884N3115",197
"4773","1kmE3884N3116",202
"4774","1kmE3884N3117",162
"4775","1kmE3884N3118",169
"4776","1kmE3884N3119",170
"4777","1kmE3884N3120",193
"4778","1kmE3884N3121",241
"4779","1kmE3884N3122",265
"4780","1kmE3884N3123",296
"4781","1kmE3884N3124",277
"4782","1kmE3884N3125",228
"4783","1kmE3884N3126",215
"4784","1kmE3884N3127",167
"4785","1kmE3884N3128",129
"4786","1kmE3884N3129",131
"4787","1kmE3884N3130",87
"4788","1kmE3884N3131",87
"4789","1kmE3884N3132",110
"4790","1kmE3884N3133",96
"4791","1kmE3884N3134",118
"4792","1kmE3884N3135",88
"4793","1kmE3884N3136",123
"4794","1kmE3884N3137",121
"4795","1kmE3884N3138",120
"4796","1kmE3884N3139",19
"4797","1kmE3884N3140",47
"4798","1kmE3884N3141",43
"4799","1kmE3884N3142",79
"4800","1kmE3884N3143",131
"4801","1kmE3884N3144",198
"4802","1kmE3884N3145",236
"4803","1kmE3884N3146",138
"4804","1kmE3884N3147",140
"4805","1kmE3885N3088",97
"4806","1kmE3885N3089",84
"4807","1kmE3885N3090",155
"4808","1kmE3885N3091",163
"4809","1kmE3885N3092",154
"4810","1kmE3885N3093",145
"4811","1kmE3885N3094",136
"4812","1kmE3885N3095",107
"4813","1kmE3885N3096",84
"4814","1kmE3885N3097",118
"4815","1kmE3885N3098",118
"4816","1kmE3885N3099",190
"4817","1kmE3885N3100",171
"4818","1kmE3885N3101",116
"4819","1kmE3885N3102",200
"4820","1kmE3885N3103",197
"4821","1kmE3885N3104",145
"4822","1kmE3885N3105",133
"4823","1kmE3885N3106",105
"4824","1kmE3885N3107",148
"4825","1kmE3885N3108",145
"4826","1kmE3885N3109",119
"4827","1kmE3885N3110",119
"4828","1kmE3885N3111",163
"4829","1kmE3885N3112",211
"4830","1kmE3885N3113",245
"4831","1kmE3885N3114",251
"4832","1kmE3885N3115",207
"4833","1kmE3885N3116",160
"4834","1kmE3885N3117",158
"4835","1kmE3885N3118",240
"4836","1kmE3885N3119",235
"4837","1kmE3885N3120",243
"4838","1kmE3885N3121",281
"4839","1kmE3885N3122",248
"4840","1kmE3885N3123",215
"4841","1kmE3885N3124",210
"4842","1kmE3885N3125",212
"4843","1kmE3885N3126",186
"4844","1kmE3885N3127",109
"4845","1kmE3885N3128",150
"4846","1kmE3885N3129",153
"4847","1kmE3885N3130",84
"4848","1kmE3885N3131",77
"4849","1kmE3885N3132",156
"4850","1kmE3885N3133",182
"4851","1kmE3885N3134",134
"4852","1kmE3885N3135",79
"4853","1kmE3885N3136",73
"4854","1kmE3885N3137",59
"4855","1kmE3885N3138",45
"4856","1kmE3885N3139",33
"4857","1kmE3885N3140",58
"4858","1kmE3885N3141",37
"4859","1kmE3885N3142",78
"4860","1kmE3885N3143",129
"4861","1kmE3885N3144",190
"4862","1kmE3885N3145",229
"4863","1kmE3885N3146",179
"4864","1kmE3885N3147",146
"4865","1kmE3886N3088",102
"4866","1kmE3886N3089",56
"4867","1kmE3886N3090",122
"4868","1kmE3886N3091",119
"4869","1kmE3886N3092",94
"4870","1kmE3886N3093",96
"4871","1kmE3886N3094",117
"4872","1kmE3886N3095",124
"4873","1kmE3886N3096",103
"4874","1kmE3886N3097",113
"4875","1kmE3886N3098",184
"4876","1kmE3886N3099",189
"4877","1kmE3886N3100",112
"4878","1kmE3886N3101",143
"4879","1kmE3886N3102",202
"4880","1kmE3886N3103",175
"4881","1kmE3886N3104",163
"4882","1kmE3886N3105",129
"4883","1kmE3886N3106",117
"4884","1kmE3886N3107",152
"4885","1kmE3886N3108",155
"4886","1kmE3886N3109",142
"4887","1kmE3886N3110",102
"4888","1kmE3886N3111",92
"4889","1kmE3886N3112",131
"4890","1kmE3886N3113",168
"4891","1kmE3886N3114",217
"4892","1kmE3886N3115",214
"4893","1kmE3886N3116",178
"4894","1kmE3886N3117",206
"4895","1kmE3886N3118",234
"4896","1kmE3886N3119",234
"4897","1kmE3886N3120",249
"4898","1kmE3886N3121",262
"4899","1kmE3886N3122",238
"4900","1kmE3886N3123",231
"4901","1kmE3886N3124",195
"4902","1kmE3886N3125",156
"4903","1kmE3886N3126",120
"4904","1kmE3886N3127",166
"4905","1kmE3886N3128",193
"4906","1kmE3886N3129",192
"4907","1kmE3886N3130",213
"4908","1kmE3886N3131",186
"4909","1kmE3886N3132",180
"4910","1kmE3886N3133",181
"4911","1kmE3886N3134",171
"4912","1kmE3886N3135",66
"4913","1kmE3886N3136",98
"4914","1kmE3886N3137",167
"4915","1kmE3886N3138",152
"4916","1kmE3886N3139",58
"4917","1kmE3886N3140",78
"4918","1kmE3886N3141",73
"4919","1kmE3886N3142",70
"4920","1kmE3886N3143",151
"4921","1kmE3886N3144",114
"4922","1kmE3886N3145",185
"4923","1kmE3886N3146",185
"4924","1kmE3887N3088",78
"4925","1kmE3887N3089",149
"4926","1kmE3887N3090",93
"4927","1kmE3887N3091",47
"4928","1kmE3887N3092",93
"4929","1kmE3887N3093",122
"4930","1kmE3887N3094",100
"4931","1kmE3887N3095",121
"4932","1kmE3887N3096",116
"4933","1kmE3887N3097",165
"4934","1kmE3887N3098",167
"4935","1kmE3887N3099",135
"4936","1kmE3887N3100",104
"4937","1kmE3887N3101",123
"4938","1kmE3887N3102",217
"4939","1kmE3887N3103",183
"4940","1kmE3887N3104",149
"4941","1kmE3887N3105",126
"4942","1kmE3887N3106",167
"4943","1kmE3887N3107",121
"4944","1kmE3887N3108",80
"4945","1kmE3887N3109",165
"4946","1kmE3887N3110",141
"4947","1kmE3887N3111",148
"4948","1kmE3887N3112",124
"4949","1kmE3887N3113",93
"4950","1kmE3887N3114",88
"4951","1kmE3887N3115",202
"4952","1kmE3887N3116",198
"4953","1kmE3887N3117",193
"4954","1kmE3887N3118",176
"4955","1kmE3887N3119",161
"4956","1kmE3887N3120",164
"4957","1kmE3887N3121",231
"4958","1kmE3887N3122",274
"4959","1kmE3887N3123",252
"4960","1kmE3887N3124",139
"4961","1kmE3887N3125",100
"4962","1kmE3887N3126",102
"4963","1kmE3887N3127",129
"4964","1kmE3887N3128",135
"4965","1kmE3887N3129",95
"4966","1kmE3887N3130",133
"4967","1kmE3887N3131",183
"4968","1kmE3887N3132",196
"4969","1kmE3887N3133",149
"4970","1kmE3887N3134",89
"4971","1kmE3887N3135",75
"4972","1kmE3887N3136",147
"4973","1kmE3887N3137",148
"4974","1kmE3887N3138",108
"4975","1kmE3887N3139",61
"4976","1kmE3887N3140",107
"4977","1kmE3887N3141",129
"4978","1kmE3887N3142",95
"4979","1kmE3887N3143",140
"4980","1kmE3887N3144",134
"4981","1kmE3887N3145",152
"4982","1kmE3887N3146",167
"4983","1kmE3888N3088",76
"4984","1kmE3888N3089",138
"4985","1kmE3888N3090",124
"4986","1kmE3888N3091",70
"4987","1kmE3888N3092",83
"4988","1kmE3888N3093",127
"4989","1kmE3888N3094",111
"4990","1kmE3888N3095",116
"4991","1kmE3888N3096",67
"4992","1kmE3888N3097",141
"4993","1kmE3888N3098",192
"4994","1kmE3888N3099",156
"4995","1kmE3888N3100",98
"4996","1kmE3888N3101",138
"4997","1kmE3888N3102",144
"4998","1kmE3888N3103",104
"4999","1kmE3888N3104",111
"5000","1kmE3888N3105",152
"5001","1kmE3888N3106",187
"5002","1kmE3888N3107",130
"5003","1kmE3888N3108",83
"5004","1kmE3888N3109",163
"5005","1kmE3888N3110",131
"5006","1kmE3888N3111",136
"5007","1kmE3888N3112",146
"5008","1kmE3888N3113",136
"5009","1kmE3888N3114",129
"5010","1kmE3888N3115",129
"5011","1kmE3888N3116",158
"5012","1kmE3888N3117",138
"5013","1kmE3888N3118",135
"5014","1kmE3888N3119",155
"5015","1kmE3888N3120",143
"5016","1kmE3888N3121",237
"5017","1kmE3888N3122",295
"5018","1kmE3888N3123",234
"5019","1kmE3888N3124",58
"5020","1kmE3888N3125",75
"5021","1kmE3888N3126",100
"5022","1kmE3888N3127",107
"5023","1kmE3888N3128",49
"5024","1kmE3888N3129",67
"5025","1kmE3888N3130",57
"5026","1kmE3888N3131",113
"5027","1kmE3888N3132",178
"5028","1kmE3888N3133",162
"5029","1kmE3888N3134",68
"5030","1kmE3888N3135",26
"5031","1kmE3888N3136",64
"5032","1kmE3888N3137",55
"5033","1kmE3888N3138",122
"5034","1kmE3888N3139",129
"5035","1kmE3888N3140",144
"5036","1kmE3888N3144",141
"5037","1kmE3888N3145",129
"5038","1kmE3889N3084",56
"5039","1kmE3889N3088",199
"5040","1kmE3889N3089",227
"5041","1kmE3889N3090",186
"5042","1kmE3889N3091",149
"5043","1kmE3889N3092",122
"5044","1kmE3889N3093",105
"5045","1kmE3889N3094",139
"5046","1kmE3889N3095",125
"5047","1kmE3889N3096",90
"5048","1kmE3889N3097",198
"5049","1kmE3889N3098",153
"5050","1kmE3889N3099",67
"5051","1kmE3889N3100",47
"5052","1kmE3889N3101",66
"5053","1kmE3889N3102",94
"5054","1kmE3889N3103",76
"5055","1kmE3889N3104",125
"5056","1kmE3889N3105",111
"5057","1kmE3889N3106",179
"5058","1kmE3889N3107",159
"5059","1kmE3889N3108",58
"5060","1kmE3889N3109",147
"5061","1kmE3889N3110",95
"5062","1kmE3889N3111",88
"5063","1kmE3889N3112",55
"5064","1kmE3889N3113",171
"5065","1kmE3889N3114",98
"5066","1kmE3889N3115",26
"5067","1kmE3889N3116",164
"5068","1kmE3889N3117",128
"5069","1kmE3889N3118",142
"5070","1kmE3889N3119",167
"5071","1kmE3889N3120",139
"5072","1kmE3889N3121",158
"5073","1kmE3889N3122",255
"5074","1kmE3889N3123",223
"5075","1kmE3889N3124",89
"5076","1kmE3889N3125",97
"5077","1kmE3889N3126",107
"5078","1kmE3889N3127",56
"5079","1kmE3889N3128",14
"5080","1kmE3889N3129",33
"5081","1kmE3889N3130",80
"5082","1kmE3889N3131",50
"5083","1kmE3889N3132",128
"5084","1kmE3889N3133",153
"5085","1kmE3889N3134",83
"5086","1kmE3889N3135",64
"5087","1kmE3889N3136",117
"5088","1kmE3889N3137",133
"5089","1kmE3889N3138",84
"5090","1kmE3889N3139",85
"5091","1kmE3889N3140",178
"5092","1kmE3890N3083",21
"5093","1kmE3890N3084",106
"5094","1kmE3890N3085",141
"5095","1kmE3890N3086",70
"5096","1kmE3890N3087",86
"5097","1kmE3890N3088",174
"5098","1kmE3890N3089",206
"5099","1kmE3890N3090",122
"5100","1kmE3890N3091",181
"5101","1kmE3890N3092",198
"5102","1kmE3890N3093",159
"5103","1kmE3890N3094",136
"5104","1kmE3890N3095",180
"5105","1kmE3890N3096",156
"5106","1kmE3890N3097",199
"5107","1kmE3890N3098",104
"5108","1kmE3890N3099",17
"5109","1kmE3890N3100",98
"5110","1kmE3890N3101",84
"5111","1kmE3890N3102",97
"5112","1kmE3890N3103",45
"5113","1kmE3890N3104",83
"5114","1kmE3890N3105",38
"5115","1kmE3890N3106",127
"5116","1kmE3890N3107",144
"5117","1kmE3890N3108",65
"5118","1kmE3890N3109",48
"5119","1kmE3890N3110",74
"5120","1kmE3890N3111",132
"5121","1kmE3890N3112",89
"5122","1kmE3890N3113",141
"5123","1kmE3890N3114",41
"5124","1kmE3890N3115",13
"5125","1kmE3890N3116",181
"5126","1kmE3890N3117",178
"5127","1kmE3890N3118",121
"5128","1kmE3890N3119",88
"5129","1kmE3890N3120",119
"5130","1kmE3890N3121",60
"5131","1kmE3890N3122",82
"5132","1kmE3890N3123",87
"5133","1kmE3890N3124",81
"5134","1kmE3890N3125",88
"5135","1kmE3890N3126",104
"5136","1kmE3890N3127",32
"5137","1kmE3890N3128",65
"5138","1kmE3890N3129",59
"5139","1kmE3890N3130",34
"5140","1kmE3890N3131",21
"5141","1kmE3890N3132",101
"5142","1kmE3890N3133",75
"5143","1kmE3890N3134",107
"5144","1kmE3890N3135",40
"5145","1kmE3890N3136",138
"5146","1kmE3890N3137",182
"5147","1kmE3890N3138",120
"5148","1kmE3890N3139",141
"5149","1kmE3890N3140",141
"5150","1kmE3891N3082",50
"5151","1kmE3891N3083",101
"5152","1kmE3891N3084",59
"5153","1kmE3891N3085",43
"5154","1kmE3891N3086",37
"5155","1kmE3891N3087",44
"5156","1kmE3891N3088",93
"5157","1kmE3891N3089",80
"5158","1kmE3891N3090",43
"5159","1kmE3891N3091",120
"5160","1kmE3891N3092",165
"5161","1kmE3891N3093",179
"5162","1kmE3891N3094",130
"5163","1kmE3891N3095",203
"5164","1kmE3891N3096",135
"5165","1kmE3891N3097",40
"5166","1kmE3891N3098",130
"5167","1kmE3891N3099",58
"5168","1kmE3891N3100",111
"5169","1kmE3891N3101",54
"5170","1kmE3891N3102",156
"5171","1kmE3891N3103",45
"5172","1kmE3891N3104",60
"5173","1kmE3891N3105",25
"5174","1kmE3891N3106",97
"5175","1kmE3891N3107",91
"5176","1kmE3891N3108",62
"5177","1kmE3891N3109",60
"5178","1kmE3891N3110",134
"5179","1kmE3891N3111",82
"5180","1kmE3891N3112",135
"5181","1kmE3891N3113",119
"5182","1kmE3891N3114",139
"5183","1kmE3891N3115",52
"5184","1kmE3891N3116",92
"5185","1kmE3891N3117",165
"5186","1kmE3891N3118",66
"5187","1kmE3891N3119",72
"5188","1kmE3891N3120",61
"5189","1kmE3891N3121",31
"5190","1kmE3891N3122",134
"5191","1kmE3891N3123",101
"5192","1kmE3891N3124",101
"5193","1kmE3891N3125",35
"5194","1kmE3891N3126",49
"5195","1kmE3891N3127",13
"5196","1kmE3891N3128",24
"5197","1kmE3891N3129",64
"5198","1kmE3891N3130",24
"5199","1kmE3891N3131",16
"5200","1kmE3891N3132",58
"5201","1kmE3891N3133",123
"5202","1kmE3891N3134",148
"5203","1kmE3891N3135",60
"5204","1kmE3891N3136",129
"5205","1kmE3891N3137",198
"5206","1kmE3891N3138",163
"5207","1kmE3891N3139",151
"5208","1kmE3891N3140",142
"5209","1kmE3892N3081",20
"5210","1kmE3892N3082",97
"5211","1kmE3892N3083",139
"5212","1kmE3892N3084",43
"5213","1kmE3892N3085",69
"5214","1kmE3892N3086",11
"5215","1kmE3892N3087",54
"5216","1kmE3892N3088",146
"5217","1kmE3892N3089",89
"5218","1kmE3892N3090",127
"5219","1kmE3892N3091",145
"5220","1kmE3892N3092",75
"5221","1kmE3892N3093",98
"5222","1kmE3892N3094",101
"5223","1kmE3892N3095",128
"5224","1kmE3892N3096",86
"5225","1kmE3892N3097",28
"5226","1kmE3892N3098",33
"5227","1kmE3892N3099",99
"5228","1kmE3892N3100",156
"5229","1kmE3892N3101",53
"5230","1kmE3892N3102",91
"5231","1kmE3892N3103",46
"5232","1kmE3892N3104",41
"5233","1kmE3892N3105",68
"5234","1kmE3892N3106",92
"5235","1kmE3892N3107",58
"5236","1kmE3892N3108",92
"5237","1kmE3892N3109",107
"5238","1kmE3892N3110",116
"5239","1kmE3892N3111",111
"5240","1kmE3892N3112",48
"5241","1kmE3892N3113",39
"5242","1kmE3892N3114",103
"5243","1kmE3892N3115",197
"5244","1kmE3892N3116",86
"5245","1kmE3892N3117",110
"5246","1kmE3892N3118",130
"5247","1kmE3892N3119",122
"5248","1kmE3892N3120",67
"5249","1kmE3892N3121",21
"5250","1kmE3892N3122",58
"5251","1kmE3892N3123",10
"5252","1kmE3892N3124",23
"5253","1kmE3892N3125",44
"5254","1kmE3892N3126",156
"5255","1kmE3892N3127",40
"5256","1kmE3892N3128",86
"5257","1kmE3892N3129",36
"5258","1kmE3892N3130",9
"5259","1kmE3892N3131",36
"5260","1kmE3892N3132",150
"5261","1kmE3892N3133",157
"5262","1kmE3892N3134",99
"5263","1kmE3892N3135",88
"5264","1kmE3892N3136",33
"5265","1kmE3892N3137",152
"5266","1kmE3892N3138",119
"5267","1kmE3892N3139",172
"5268","1kmE3892N3140",225
"5269","1kmE3893N3081",37
"5270","1kmE3893N3082",112
"5271","1kmE3893N3083",32
"5272","1kmE3893N3084",63
"5273","1kmE3893N3085",77
"5274","1kmE3893N3086",3
"5275","1kmE3893N3087",95
"5276","1kmE3893N3088",171
"5277","1kmE3893N3089",194
"5278","1kmE3893N3090",229
"5279","1kmE3893N3091",199
"5280","1kmE3893N3092",107
"5281","1kmE3893N3093",108
"5282","1kmE3893N3094",148
"5283","1kmE3893N3095",112
"5284","1kmE3893N3096",78
"5285","1kmE3893N3097",47
"5286","1kmE3893N3098",79
"5287","1kmE3893N3099",204
"5288","1kmE3893N3100",202
"5289","1kmE3893N3101",152
"5290","1kmE3893N3102",55
"5291","1kmE3893N3103",148
"5292","1kmE3893N3104",145
"5293","1kmE3893N3105",134
"5294","1kmE3893N3106",38
"5295","1kmE3893N3107",48
"5296","1kmE3893N3108",111
"5297","1kmE3893N3109",102
"5298","1kmE3893N3110",103
"5299","1kmE3893N3111",182
"5300","1kmE3893N3112",68
"5301","1kmE3893N3113",109
"5302","1kmE3893N3114",194
"5303","1kmE3893N3115",225
"5304","1kmE3893N3116",175
"5305","1kmE3893N3117",242
"5306","1kmE3893N3118",197
"5307","1kmE3893N3119",167
"5308","1kmE3893N3120",72
"5309","1kmE3893N3121",59
"5310","1kmE3893N3122",108
"5311","1kmE3893N3123",51
"5312","1kmE3893N3124",68
"5313","1kmE3893N3125",24
"5314","1kmE3893N3126",92
"5315","1kmE3893N3127",33
"5316","1kmE3893N3128",103
"5317","1kmE3893N3129",10
"5318","1kmE3893N3130",12
"5319","1kmE3893N3131",86
"5320","1kmE3893N3132",169
"5321","1kmE3893N3133",137
"5322","1kmE3893N3134",43
"5323","1kmE3893N3135",139
"5324","1kmE3893N3136",98
"5325","1kmE3893N3137",188
"5326","1kmE3893N3138",103
"5327","1kmE3893N3139",128
"5328","1kmE3893N3140",175
"5329","1kmE3893N3141",172
"5330","1kmE3894N3081",68
"5331","1kmE3894N3082",124
"5332","1kmE3894N3083",68
"5333","1kmE3894N3084",22
"5334","1kmE3894N3085",54
"5335","1kmE3894N3086",19
"5336","1kmE3894N3087",56
"5337","1kmE3894N3088",113
"5338","1kmE3894N3089",166
"5339","1kmE3894N3090",184
"5340","1kmE3894N3091",172
"5341","1kmE3894N3092",90
"5342","1kmE3894N3093",124
"5343","1kmE3894N3094",176
"5344","1kmE3894N3095",144
"5345","1kmE3894N3096",80
"5346","1kmE3894N3097",87
"5347","1kmE3894N3098",105
"5348","1kmE3894N3099",174
"5349","1kmE3894N3100",183
"5350","1kmE3894N3101",147
"5351","1kmE3894N3102",121
"5352","1kmE3894N3103",163
"5353","1kmE3894N3104",161
"5354","1kmE3894N3105",85
"5355","1kmE3894N3106",9
"5356","1kmE3894N3107",54
"5357","1kmE3894N3108",123
"5358","1kmE3894N3109",52
"5359","1kmE3894N3110",163
"5360","1kmE3894N3111",196
"5361","1kmE3894N3112",95
"5362","1kmE3894N3113",229
"5363","1kmE3894N3114",262
"5364","1kmE3894N3115",178
"5365","1kmE3894N3116",130
"5366","1kmE3894N3117",218
"5367","1kmE3894N3118",219
"5368","1kmE3894N3119",193
"5369","1kmE3894N3120",190
"5370","1kmE3894N3121",104
"5371","1kmE3894N3122",32
"5372","1kmE3894N3123",61
"5373","1kmE3894N3124",32
"5374","1kmE3894N3125",30
"5375","1kmE3894N3126",95
"5376","1kmE3894N3127",104
"5377","1kmE3894N3128",100
"5378","1kmE3894N3129",16
"5379","1kmE3894N3130",77
"5380","1kmE3894N3131",129
"5381","1kmE3894N3132",190
"5382","1kmE3894N3133",128
"5383","1kmE3894N3134",28
"5384","1kmE3894N3135",71
"5385","1kmE3894N3136",129
"5386","1kmE3894N3137",99
"5387","1kmE3894N3138",201
"5388","1kmE3894N3139",192
"5389","1kmE3894N3140",185
"5390","1kmE3894N3141",188
"5391","1kmE3895N3081",103
"5392","1kmE3895N3082",144
"5393","1kmE3895N3083",15
"5394","1kmE3895N3084",65
"5395","1kmE3895N3085",81
"5396","1kmE3895N3086",110
"5397","1kmE3895N3087",134
"5398","1kmE3895N3088",67
"5399","1kmE3895N3089",62
"5400","1kmE3895N3090",43
"5401","1kmE3895N3091",61
"5402","1kmE3895N3092",31
"5403","1kmE3895N3093",106
"5404","1kmE3895N3094",170
"5405","1kmE3895N3095",143
"5406","1kmE3895N3096",53
"5407","1kmE3895N3097",62
"5408","1kmE3895N3098",150
"5409","1kmE3895N3099",186
"5410","1kmE3895N3100",35
"5411","1kmE3895N3101",116
"5412","1kmE3895N3102",177
"5413","1kmE3895N3103",183
"5414","1kmE3895N3104",172
"5415","1kmE3895N3105",75
"5416","1kmE3895N3106",145
"5417","1kmE3895N3107",132
"5418","1kmE3895N3108",182
"5419","1kmE3895N3109",120
"5420","1kmE3895N3110",197
"5421","1kmE3895N3111",178
"5422","1kmE3895N3112",149
"5423","1kmE3895N3113",224
"5424","1kmE3895N3114",257
"5425","1kmE3895N3115",216
"5426","1kmE3895N3116",142
"5427","1kmE3895N3117",211
"5428","1kmE3895N3118",267
"5429","1kmE3895N3119",225
"5430","1kmE3895N3120",216
"5431","1kmE3895N3121",109
"5432","1kmE3895N3122",78
"5433","1kmE3895N3123",75
"5434","1kmE3895N3124",98
"5435","1kmE3895N3125",118
"5436","1kmE3895N3126",139
"5437","1kmE3895N3127",128
"5438","1kmE3895N3128",86
"5439","1kmE3895N3129",82
"5440","1kmE3895N3130",83
"5441","1kmE3895N3131",131
"5442","1kmE3895N3132",240
"5443","1kmE3895N3133",157
"5444","1kmE3895N3134",28
"5445","1kmE3895N3135",126
"5446","1kmE3895N3136",171
"5447","1kmE3895N3137",148
"5448","1kmE3895N3138",169
"5449","1kmE3895N3139",186
"5450","1kmE3896N3081",68
"5451","1kmE3896N3082",85
"5452","1kmE3896N3083",47
"5453","1kmE3896N3084",108
"5454","1kmE3896N3085",120
"5455","1kmE3896N3086",65
"5456","1kmE3896N3087",32
"5457","1kmE3896N3088",36
"5458","1kmE3896N3089",53
"5459","1kmE3896N3090",78
"5460","1kmE3896N3091",51
"5461","1kmE3896N3092",124
"5462","1kmE3896N3093",166
"5463","1kmE3896N3094",131
"5464","1kmE3896N3095",116
"5465","1kmE3896N3096",35
"5466","1kmE3896N3097",17
"5467","1kmE3896N3098",91
"5468","1kmE3896N3099",99
"5469","1kmE3896N3100",43
"5470","1kmE3896N3101",69
"5471","1kmE3896N3102",148
"5472","1kmE3896N3103",210
"5473","1kmE3896N3104",233
"5474","1kmE3896N3105",232
"5475","1kmE3896N3106",208
"5476","1kmE3896N3107",138
"5477","1kmE3896N3108",164
"5478","1kmE3896N3109",147
"5479","1kmE3896N3110",191
"5480","1kmE3896N3111",165
"5481","1kmE3896N3112",219
"5482","1kmE3896N3113",246
"5483","1kmE3896N3114",242
"5484","1kmE3896N3115",216
"5485","1kmE3896N3116",174
"5486","1kmE3896N3117",263
"5487","1kmE3896N3118",293
"5488","1kmE3896N3119",224
"5489","1kmE3896N3120",210
"5490","1kmE3896N3121",74
"5491","1kmE3896N3122",50
"5492","1kmE3896N3123",42
"5493","1kmE3896N3124",78
"5494","1kmE3896N3125",32
"5495","1kmE3896N3126",79
"5496","1kmE3896N3127",104
"5497","1kmE3896N3128",32
"5498","1kmE3896N3129",64
"5499","1kmE3896N3130",75
"5500","1kmE3896N3131",112
"5501","1kmE3896N3132",207
"5502","1kmE3896N3133",220
"5503","1kmE3896N3134",92
"5504","1kmE3896N3135",85
"5505","1kmE3896N3136",170
"5506","1kmE3896N3137",179
"5507","1kmE3896N3138",185
"5508","1kmE3896N3139",176
"5509","1kmE3896N3140",166
"5510","1kmE3897N3081",14
"5511","1kmE3897N3082",30
"5512","1kmE3897N3083",70
"5513","1kmE3897N3084",38
"5514","1kmE3897N3085",17
"5515","1kmE3897N3086",18
"5516","1kmE3897N3087",101
"5517","1kmE3897N3088",109
"5518","1kmE3897N3089",64
"5519","1kmE3897N3090",60
"5520","1kmE3897N3091",80
"5521","1kmE3897N3092",135
"5522","1kmE3897N3093",164
"5523","1kmE3897N3094",155
"5524","1kmE3897N3095",162
"5525","1kmE3897N3096",133
"5526","1kmE3897N3097",49
"5527","1kmE3897N3098",146
"5528","1kmE3897N3099",161
"5529","1kmE3897N3100",74
"5530","1kmE3897N3101",68
"5531","1kmE3897N3102",38
"5532","1kmE3897N3103",152
"5533","1kmE3897N3104",203
"5534","1kmE3897N3105",208
"5535","1kmE3897N3106",149
"5536","1kmE3897N3107",125
"5537","1kmE3897N3108",172
"5538","1kmE3897N3109",183
"5539","1kmE3897N3110",147
"5540","1kmE3897N3111",216
"5541","1kmE3897N3112",226
"5542","1kmE3897N3113",211
"5543","1kmE3897N3114",187
"5544","1kmE3897N3115",140
"5545","1kmE3897N3116",92
"5546","1kmE3897N3117",241
"5547","1kmE3897N3118",267
"5548","1kmE3897N3119",236
"5549","1kmE3897N3120",238
"5550","1kmE3897N3121",118
"5551","1kmE3897N3122",3
"5552","1kmE3897N3123",63
"5553","1kmE3897N3124",85
"5554","1kmE3897N3125",24
"5555","1kmE3897N3126",83
"5556","1kmE3897N3127",130
"5557","1kmE3897N3128",33
"5558","1kmE3897N3129",95
"5559","1kmE3897N3130",61
"5560","1kmE3897N3131",60
"5561","1kmE3897N3132",171
"5562","1kmE3897N3133",195
"5563","1kmE3897N3134",158
"5564","1kmE3897N3135",96
"5565","1kmE3897N3136",50
"5566","1kmE3897N3137",99
"5567","1kmE3897N3138",160
"5568","1kmE3897N3139",162
"5569","1kmE3897N3140",203
"5570","1kmE3898N3081",42
"5571","1kmE3898N3082",39
"5572","1kmE3898N3083",27
"5573","1kmE3898N3084",19
"5574","1kmE3898N3085",78
"5575","1kmE3898N3086",62
"5576","1kmE3898N3087",112
"5577","1kmE3898N3088",88
"5578","1kmE3898N3089",116
"5579","1kmE3898N3090",107
"5580","1kmE3898N3091",120
"5581","1kmE3898N3092",66
"5582","1kmE3898N3093",33
"5583","1kmE3898N3094",129
"5584","1kmE3898N3095",178
"5585","1kmE3898N3096",198
"5586","1kmE3898N3097",173
"5587","1kmE3898N3098",121
"5588","1kmE3898N3099",92
"5589","1kmE3898N3100",107
"5590","1kmE3898N3101",97
"5591","1kmE3898N3102",11
"5592","1kmE3898N3103",61
"5593","1kmE3898N3104",79
"5594","1kmE3898N3105",58
"5595","1kmE3898N3106",19
"5596","1kmE3898N3107",88
"5597","1kmE3898N3108",163
"5598","1kmE3898N3109",190
"5599","1kmE3898N3110",173
"5600","1kmE3898N3111",189
"5601","1kmE3898N3112",168
"5602","1kmE3898N3113",124
"5603","1kmE3898N3114",66
"5604","1kmE3898N3115",60
"5605","1kmE3898N3116",148
"5606","1kmE3898N3117",229
"5607","1kmE3898N3118",245
"5608","1kmE3898N3119",249
"5609","1kmE3898N3120",242
"5610","1kmE3898N3121",149
"5611","1kmE3898N3122",10
"5612","1kmE3898N3123",27
"5613","1kmE3898N3124",61
"5614","1kmE3898N3125",69
"5615","1kmE3898N3126",60
"5616","1kmE3898N3127",31
"5617","1kmE3898N3128",56
"5618","1kmE3898N3129",51
"5619","1kmE3898N3130",59
"5620","1kmE3898N3131",108
"5621","1kmE3898N3132",149
"5622","1kmE3898N3133",125
"5623","1kmE3898N3134",123
"5624","1kmE3898N3135",118
"5625","1kmE3898N3136",101
"5626","1kmE3898N3137",122
"5627","1kmE3898N3138",115
"5628","1kmE3898N3139",189
"5629","1kmE3898N3140",211
"5630","1kmE3899N3081",77
"5631","1kmE3899N3082",74
"5632","1kmE3899N3083",83
"5633","1kmE3899N3084",58
"5634","1kmE3899N3085",129
"5635","1kmE3899N3086",166
"5636","1kmE3899N3087",112
"5637","1kmE3899N3088",20
"5638","1kmE3899N3089",45
"5639","1kmE3899N3090",72
"5640","1kmE3899N3091",73
"5641","1kmE3899N3092",94
"5642","1kmE3899N3093",52
"5643","1kmE3899N3094",100
"5644","1kmE3899N3095",107
"5645","1kmE3899N3096",169
"5646","1kmE3899N3097",216
"5647","1kmE3899N3098",188
"5648","1kmE3899N3099",154
"5649","1kmE3899N3100",183
"5650","1kmE3899N3101",138
"5651","1kmE3899N3102",108
"5652","1kmE3899N3103",161
"5653","1kmE3899N3104",93
"5654","1kmE3899N3105",60
"5655","1kmE3899N3106",63
"5656","1kmE3899N3107",115
"5657","1kmE3899N3108",142
"5658","1kmE3899N3109",179
"5659","1kmE3899N3110",246
"5660","1kmE3899N3111",257
"5661","1kmE3899N3112",221
"5662","1kmE3899N3113",156
"5663","1kmE3899N3114",106
"5664","1kmE3899N3115",99
"5665","1kmE3899N3116",234
"5666","1kmE3899N3117",260
"5667","1kmE3899N3118",261
"5668","1kmE3899N3119",217
"5669","1kmE3899N3120",208
"5670","1kmE3899N3121",190
"5671","1kmE3899N3122",68
"5672","1kmE3899N3123",60
"5673","1kmE3899N3124",79
"5674","1kmE3899N3125",32
"5675","1kmE3899N3126",56
"5676","1kmE3899N3127",79
"5677","1kmE3899N3128",181
"5678","1kmE3899N3129",206
"5679","1kmE3899N3130",152
"5680","1kmE3899N3131",132
"5681","1kmE3899N3132",125
"5682","1kmE3899N3133",207
"5683","1kmE3899N3134",180
"5684","1kmE3899N3135",96
"5685","1kmE3899N3136",26
"5686","1kmE3899N3137",30
"5687","1kmE3899N3138",171
"5688","1kmE3899N3139",233
"5689","1kmE3899N3140",216
"5690","1kmE3899N3141",176
"5691","1kmE3900N3082",95
"5692","1kmE3900N3083",48
"5693","1kmE3900N3084",4
"5694","1kmE3900N3085",65
"5695","1kmE3900N3086",89
"5696","1kmE3900N3087",147
"5697","1kmE3900N3088",109
"5698","1kmE3900N3089",102
"5699","1kmE3900N3090",121
"5700","1kmE3900N3091",81
"5701","1kmE3900N3092",84
"5702","1kmE3900N3093",60
"5703","1kmE3900N3094",8
"5704","1kmE3900N3095",42
"5705","1kmE3900N3096",88
"5706","1kmE3900N3097",117
"5707","1kmE3900N3098",91
"5708","1kmE3900N3099",72
"5709","1kmE3900N3100",75
"5710","1kmE3900N3101",44
"5711","1kmE3900N3102",209
"5712","1kmE3900N3103",211
"5713","1kmE3900N3104",109
"5714","1kmE3900N3105",89
"5715","1kmE3900N3106",133
"5716","1kmE3900N3107",111
"5717","1kmE3900N3108",85
"5718","1kmE3900N3109",219
"5719","1kmE3900N3110",278
"5720","1kmE3900N3111",250
"5721","1kmE3900N3112",161
"5722","1kmE3900N3113",142
"5723","1kmE3900N3114",80
"5724","1kmE3900N3115",42
"5725","1kmE3900N3116",195
"5726","1kmE3900N3117",222
"5727","1kmE3900N3118",208
"5728","1kmE3900N3119",216
"5729","1kmE3900N3120",191
"5730","1kmE3900N3121",173
"5731","1kmE3900N3122",126
"5732","1kmE3900N3123",39
"5733","1kmE3900N3124",115
"5734","1kmE3900N3125",142
"5735","1kmE3900N3126",100
"5736","1kmE3900N3127",184
"5737","1kmE3900N3128",268
"5738","1kmE3900N3129",298
"5739","1kmE3900N3130",248
"5740","1kmE3900N3131",126
"5741","1kmE3900N3132",114
"5742","1kmE3900N3133",216
"5743","1kmE3900N3134",212
"5744","1kmE3900N3135",87
"5745","1kmE3900N3136",33
"5746","1kmE3900N3137",93
"5747","1kmE3900N3138",172
"5748","1kmE3900N3139",163
"5749","1kmE3900N3140",148
"5750","1kmE3900N3141",160
"5751","1kmE3901N3081",25
"5752","1kmE3901N3082",10
"5753","1kmE3901N3083",22
"5754","1kmE3901N3084",7
"5755","1kmE3901N3085",39
"5756","1kmE3901N3086",18
"5757","1kmE3901N3087",52
"5758","1kmE3901N3088",24
"5759","1kmE3901N3089",64
"5760","1kmE3901N3090",88
"5761","1kmE3901N3091",48
"5762","1kmE3901N3092",61
"5763","1kmE3901N3093",84
"5764","1kmE3901N3094",128
"5765","1kmE3901N3095",121
"5766","1kmE3901N3096",67
"5767","1kmE3901N3097",113
"5768","1kmE3901N3098",112
"5769","1kmE3901N3099",56
"5770","1kmE3901N3100",96
"5771","1kmE3901N3101",39
"5772","1kmE3901N3102",203
"5773","1kmE3901N3103",231
"5774","1kmE3901N3104",200
"5775","1kmE3901N3105",158
"5776","1kmE3901N3106",186
"5777","1kmE3901N3107",237
"5778","1kmE3901N3108",183
"5779","1kmE3901N3109",163
"5780","1kmE3901N3110",211
"5781","1kmE3901N3111",172
"5782","1kmE3901N3112",99
"5783","1kmE3901N3113",113
"5784","1kmE3901N3114",147
"5785","1kmE3901N3115",108
"5786","1kmE3901N3116",94
"5787","1kmE3901N3117",97
"5788","1kmE3901N3118",127
"5789","1kmE3901N3119",192
"5790","1kmE3901N3120",179
"5791","1kmE3901N3121",145
"5792","1kmE3901N3122",52
"5793","1kmE3901N3123",23
"5794","1kmE3901N3124",30
"5795","1kmE3901N3125",105
"5796","1kmE3901N3126",119
"5797","1kmE3901N3127",233
"5798","1kmE3901N3128",239
"5799","1kmE3901N3129",246
"5800","1kmE3901N3130",154
"5801","1kmE3901N3131",51
"5802","1kmE3901N3132",81
"5803","1kmE3901N3133",136
"5804","1kmE3901N3134",172
"5805","1kmE3901N3135",143
"5806","1kmE3901N3136",102
"5807","1kmE3901N3137",82
"5808","1kmE3901N3138",120
"5809","1kmE3901N3139",68
"5810","1kmE3901N3140",64
"5811","1kmE3901N3141",155
"5812","1kmE3901N3142",210
"5813","1kmE3902N3082",16
"5814","1kmE3902N3083",117
"5815","1kmE3902N3084",56
"5816","1kmE3902N3085",134
"5817","1kmE3902N3086",59
"5818","1kmE3902N3087",4
"5819","1kmE3902N3088",10
"5820","1kmE3902N3089",52
"5821","1kmE3902N3090",79
"5822","1kmE3902N3091",16
"5823","1kmE3902N3092",57
"5824","1kmE3902N3093",115
"5825","1kmE3902N3094",224
"5826","1kmE3902N3095",206
"5827","1kmE3902N3096",130
"5828","1kmE3902N3097",114
"5829","1kmE3902N3098",209
"5830","1kmE3902N3099",183
"5831","1kmE3902N3100",99
"5832","1kmE3902N3101",45
"5833","1kmE3902N3102",117
"5834","1kmE3902N3103",148
"5835","1kmE3902N3104",177
"5836","1kmE3902N3105",183
"5837","1kmE3902N3106",261
"5838","1kmE3902N3107",330
"5839","1kmE3902N3108",276
"5840","1kmE3902N3109",207
"5841","1kmE3902N3110",161
"5842","1kmE3902N3111",129
"5843","1kmE3902N3112",87
"5844","1kmE3902N3113",44
"5845","1kmE3902N3114",60
"5846","1kmE3902N3115",113
"5847","1kmE3902N3116",78
"5848","1kmE3902N3117",113
"5849","1kmE3902N3118",97
"5850","1kmE3902N3119",159
"5851","1kmE3902N3120",96
"5852","1kmE3902N3121",20
"5853","1kmE3902N3122",5
"5854","1kmE3902N3123",54
"5855","1kmE3902N3124",61
"5856","1kmE3902N3125",87
"5857","1kmE3902N3126",192
"5858","1kmE3902N3127",245
"5859","1kmE3902N3128",191
"5860","1kmE3902N3129",110
"5861","1kmE3902N3130",36
"5862","1kmE3902N3131",65
"5863","1kmE3902N3132",87
"5864","1kmE3902N3133",87
"5865","1kmE3902N3134",194
"5866","1kmE3902N3135",197
"5867","1kmE3902N3136",170
"5868","1kmE3902N3137",117
"5869","1kmE3902N3138",168
"5870","1kmE3902N3139",136
"5871","1kmE3902N3140",85
"5872","1kmE3902N3141",119
"5873","1kmE3902N3142",218
"5874","1kmE3903N3083",164
"5875","1kmE3903N3084",153
"5876","1kmE3903N3085",83
"5877","1kmE3903N3086",122
"5878","1kmE3903N3087",44
"5879","1kmE3903N3088",49
"5880","1kmE3903N3089",84
"5881","1kmE3903N3090",123
"5882","1kmE3903N3091",32
"5883","1kmE3903N3092",48
"5884","1kmE3903N3093",120
"5885","1kmE3903N3094",231
"5886","1kmE3903N3095",220
"5887","1kmE3903N3096",124
"5888","1kmE3903N3097",132
"5889","1kmE3903N3098",133
"5890","1kmE3903N3099",232
"5891","1kmE3903N3100",256
"5892","1kmE3903N3101",268
"5893","1kmE3903N3102",139
"5894","1kmE3903N3103",104
"5895","1kmE3903N3104",316
"5896","1kmE3903N3105",309
"5897","1kmE3903N3106",278
"5898","1kmE3903N3107",326
"5899","1kmE3903N3108",284
"5900","1kmE3903N3109",149
"5901","1kmE3903N3110",33
"5902","1kmE3903N3111",82
"5903","1kmE3903N3112",207
"5904","1kmE3903N3113",135
"5905","1kmE3903N3114",52
"5906","1kmE3903N3115",50
"5907","1kmE3903N3116",24
"5908","1kmE3903N3117",76
"5909","1kmE3903N3118",93
"5910","1kmE3903N3119",180
"5911","1kmE3903N3120",143
"5912","1kmE3903N3121",44
"5913","1kmE3903N3122",17
"5914","1kmE3903N3123",37
"5915","1kmE3903N3124",53
"5916","1kmE3903N3125",53
"5917","1kmE3903N3126",185
"5918","1kmE3903N3127",166
"5919","1kmE3903N3128",62
"5920","1kmE3903N3129",64
"5921","1kmE3903N3130",108
"5922","1kmE3903N3131",102
"5923","1kmE3903N3132",101
"5924","1kmE3903N3133",69
"5925","1kmE3903N3134",159
"5926","1kmE3903N3135",225
"5927","1kmE3903N3136",182
"5928","1kmE3903N3137",70
"5929","1kmE3903N3138",150
"5930","1kmE3903N3139",78
"5931","1kmE3903N3140",30
"5932","1kmE3903N3141",154
"5933","1kmE3903N3142",168
"5934","1kmE3903N3143",171
"5935","1kmE3904N3082",36
"5936","1kmE3904N3083",90
"5937","1kmE3904N3084",117
"5938","1kmE3904N3085",107
"5939","1kmE3904N3086",67
"5940","1kmE3904N3087",112
"5941","1kmE3904N3088",36
"5942","1kmE3904N3089",90
"5943","1kmE3904N3090",121
"5944","1kmE3904N3091",89
"5945","1kmE3904N3092",62
"5946","1kmE3904N3093",153
"5947","1kmE3904N3094",184
"5948","1kmE3904N3095",216
"5949","1kmE3904N3096",162
"5950","1kmE3904N3097",127
"5951","1kmE3904N3098",181
"5952","1kmE3904N3099",121
"5953","1kmE3904N3100",179
"5954","1kmE3904N3101",211
"5955","1kmE3904N3102",185
"5956","1kmE3904N3103",193
"5957","1kmE3904N3104",329
"5958","1kmE3904N3105",315
"5959","1kmE3904N3106",231
"5960","1kmE3904N3107",216
"5961","1kmE3904N3108",211
"5962","1kmE3904N3109",201
"5963","1kmE3904N3110",85
"5964","1kmE3904N3111",177
"5965","1kmE3904N3112",224
"5966","1kmE3904N3113",229
"5967","1kmE3904N3114",216
"5968","1kmE3904N3115",66
"5969","1kmE3904N3116",29
"5970","1kmE3904N3117",87
"5971","1kmE3904N3118",69
"5972","1kmE3904N3119",96
"5973","1kmE3904N3120",137
"5974","1kmE3904N3121",44
"5975","1kmE3904N3122",38
"5976","1kmE3904N3123",76
"5977","1kmE3904N3124",32
"5978","1kmE3904N3125",29
"5979","1kmE3904N3126",158
"5980","1kmE3904N3127",75
"5981","1kmE3904N3128",61
"5982","1kmE3904N3129",161
"5983","1kmE3904N3130",100
"5984","1kmE3904N3131",141
"5985","1kmE3904N3132",85
"5986","1kmE3904N3133",70
"5987","1kmE3904N3134",21
"5988","1kmE3904N3135",147
"5989","1kmE3904N3136",145
"5990","1kmE3904N3137",59
"5991","1kmE3904N3138",54
"5992","1kmE3904N3139",19
"5993","1kmE3904N3140",105
"5994","1kmE3904N3141",207
"5995","1kmE3904N3142",201
"5996","1kmE3904N3143",192
"5997","1kmE3905N3083",19
"5998","1kmE3905N3084",15
"5999","1kmE3905N3085",79
"6000","1kmE3905N3086",110
"6001","1kmE3905N3087",86
"6002","1kmE3905N3088",27
"6003","1kmE3905N3089",142
"6004","1kmE3905N3090",235
"6005","1kmE3905N3091",174
"6006","1kmE3905N3092",72
"6007","1kmE3905N3093",117
"6008","1kmE3905N3094",94
"6009","1kmE3905N3095",61
"6010","1kmE3905N3096",74
"6011","1kmE3905N3097",117
"6012","1kmE3905N3098",147
"6013","1kmE3905N3099",95
"6014","1kmE3905N3100",154
"6015","1kmE3905N3101",131
"6016","1kmE3905N3102",226
"6017","1kmE3905N3103",150
"6018","1kmE3905N3104",246
"6019","1kmE3905N3105",250
"6020","1kmE3905N3106",250
"6021","1kmE3905N3107",254
"6022","1kmE3905N3108",204
"6023","1kmE3905N3109",182
"6024","1kmE3905N3110",129
"6025","1kmE3905N3111",159
"6026","1kmE3905N3112",168
"6027","1kmE3905N3113",171
"6028","1kmE3905N3114",191
"6029","1kmE3905N3115",196
"6030","1kmE3905N3116",136
"6031","1kmE3905N3117",164
"6032","1kmE3905N3118",195
"6033","1kmE3905N3119",101
"6034","1kmE3905N3120",215
"6035","1kmE3905N3121",63
"6036","1kmE3905N3122",82
"6037","1kmE3905N3123",42
"6038","1kmE3905N3124",40
"6039","1kmE3905N3125",37
"6040","1kmE3905N3126",130
"6041","1kmE3905N3127",130
"6042","1kmE3905N3128",80
"6043","1kmE3905N3129",88
"6044","1kmE3905N3130",49
"6045","1kmE3905N3131",151
"6046","1kmE3905N3132",92
"6047","1kmE3905N3133",11
"6048","1kmE3905N3134",43
"6049","1kmE3905N3135",87
"6050","1kmE3905N3136",97
"6051","1kmE3905N3137",104
"6052","1kmE3905N3138",155
"6053","1kmE3905N3139",40
"6054","1kmE3905N3140",54
"6055","1kmE3905N3141",152
"6056","1kmE3905N3142",199
"6057","1kmE3905N3143",209
"6058","1kmE3906N3083",7
"6059","1kmE3906N3084",35
"6060","1kmE3906N3085",101
"6061","1kmE3906N3086",54
"6062","1kmE3906N3087",78
"6063","1kmE3906N3088",13
"6064","1kmE3906N3089",70
"6065","1kmE3906N3090",164
"6066","1kmE3906N3091",123
"6067","1kmE3906N3092",72
"6068","1kmE3906N3093",59
"6069","1kmE3906N3094",90
"6070","1kmE3906N3095",128
"6071","1kmE3906N3096",152
"6072","1kmE3906N3097",189
"6073","1kmE3906N3098",143
"6074","1kmE3906N3099",109
"6075","1kmE3906N3100",219
"6076","1kmE3906N3101",209
"6077","1kmE3906N3102",210
"6078","1kmE3906N3103",100
"6079","1kmE3906N3104",172
"6080","1kmE3906N3105",194
"6081","1kmE3906N3106",202
"6082","1kmE3906N3107",260
"6083","1kmE3906N3108",218
"6084","1kmE3906N3109",189
"6085","1kmE3906N3110",227
"6086","1kmE3906N3111",237
"6087","1kmE3906N3112",231
"6088","1kmE3906N3113",127
"6089","1kmE3906N3114",180
"6090","1kmE3906N3115",114
"6091","1kmE3906N3116",135
"6092","1kmE3906N3117",183
"6093","1kmE3906N3118",252
"6094","1kmE3906N3119",160
"6095","1kmE3906N3120",246
"6096","1kmE3906N3121",92
"6097","1kmE3906N3122",56
"6098","1kmE3906N3123",70
"6099","1kmE3906N3124",50
"6100","1kmE3906N3125",69
"6101","1kmE3906N3126",87
"6102","1kmE3906N3127",146
"6103","1kmE3906N3128",142
"6104","1kmE3906N3129",155
"6105","1kmE3906N3130",45
"6106","1kmE3906N3131",95
"6107","1kmE3906N3132",82
"6108","1kmE3906N3133",38
"6109","1kmE3906N3134",121
"6110","1kmE3906N3135",108
"6111","1kmE3906N3136",82
"6112","1kmE3906N3137",78
"6113","1kmE3906N3138",73
"6114","1kmE3906N3139",75
"6115","1kmE3906N3140",60
"6116","1kmE3906N3141",208
"6117","1kmE3906N3142",315
"6118","1kmE3906N3143",283
"6119","1kmE3907N3083",7
"6120","1kmE3907N3084",12
"6121","1kmE3907N3085",41
"6122","1kmE3907N3086",62
"6123","1kmE3907N3087",99
"6124","1kmE3907N3088",125
"6125","1kmE3907N3089",28
"6126","1kmE3907N3090",80
"6127","1kmE3907N3091",100
"6128","1kmE3907N3092",33
"6129","1kmE3907N3093",62
"6130","1kmE3907N3094",100
"6131","1kmE3907N3095",145
"6132","1kmE3907N3096",119
"6133","1kmE3907N3097",193
"6134","1kmE3907N3098",152
"6135","1kmE3907N3099",115
"6136","1kmE3907N3100",203
"6137","1kmE3907N3101",213
"6138","1kmE3907N3102",141
"6139","1kmE3907N3103",192
"6140","1kmE3907N3104",192
"6141","1kmE3907N3105",86
"6142","1kmE3907N3106",172
"6143","1kmE3907N3107",234
"6144","1kmE3907N3108",192
"6145","1kmE3907N3109",150
"6146","1kmE3907N3110",96
"6147","1kmE3907N3111",155
"6148","1kmE3907N3112",83
"6149","1kmE3907N3113",39
"6150","1kmE3907N3114",95
"6151","1kmE3907N3115",40
"6152","1kmE3907N3116",100
"6153","1kmE3907N3117",179
"6154","1kmE3907N3118",263
"6155","1kmE3907N3119",209
"6156","1kmE3907N3120",171
"6157","1kmE3907N3121",29
"6158","1kmE3907N3122",39
"6159","1kmE3907N3123",142
"6160","1kmE3907N3124",77
"6161","1kmE3907N3125",23
"6162","1kmE3907N3126",85
"6163","1kmE3907N3127",139
"6164","1kmE3907N3128",134
"6165","1kmE3907N3129",173
"6166","1kmE3907N3130",156
"6167","1kmE3907N3131",123
"6168","1kmE3907N3132",71
"6169","1kmE3907N3133",45
"6170","1kmE3907N3134",148
"6171","1kmE3907N3135",113
"6172","1kmE3907N3136",42
"6173","1kmE3907N3137",13
"6174","1kmE3907N3138",8
"6175","1kmE3907N3139",29
"6176","1kmE3907N3140",48
"6177","1kmE3907N3141",200
"6178","1kmE3907N3142",295
"6179","1kmE3907N3143",253
"6180","1kmE3908N3084",68
"6181","1kmE3908N3085",97
"6182","1kmE3908N3086",83
"6183","1kmE3908N3087",94
"6184","1kmE3908N3088",88
"6185","1kmE3908N3089",64
"6186","1kmE3908N3090",67
"6187","1kmE3908N3091",77
"6188","1kmE3908N3092",45
"6189","1kmE3908N3093",99
"6190","1kmE3908N3094",91
"6191","1kmE3908N3095",93
"6192","1kmE3908N3096",80
"6193","1kmE3908N3097",93
"6194","1kmE3908N3098",127
"6195","1kmE3908N3099",73
"6196","1kmE3908N3100",106
"6197","1kmE3908N3101",117
"6198","1kmE3908N3102",94
"6199","1kmE3908N3103",115
"6200","1kmE3908N3104",129
"6201","1kmE3908N3105",127
"6202","1kmE3908N3106",205
"6203","1kmE3908N3107",193
"6204","1kmE3908N3108",174
"6205","1kmE3908N3109",148
"6206","1kmE3908N3110",65
"6207","1kmE3908N3111",90
"6208","1kmE3908N3112",81
"6209","1kmE3908N3113",70
"6210","1kmE3908N3114",101
"6211","1kmE3908N3115",50
"6212","1kmE3908N3116",93
"6213","1kmE3908N3117",121
"6214","1kmE3908N3118",199
"6215","1kmE3908N3119",193
"6216","1kmE3908N3120",130
"6217","1kmE3908N3121",43
"6218","1kmE3908N3122",6
"6219","1kmE3908N3123",42
"6220","1kmE3908N3124",81
"6221","1kmE3908N3125",16
"6222","1kmE3908N3126",68
"6223","1kmE3908N3127",143
"6224","1kmE3908N3128",151
"6225","1kmE3908N3129",84
"6226","1kmE3908N3130",154
"6227","1kmE3908N3131",123
"6228","1kmE3908N3132",91
"6229","1kmE3908N3133",59
"6230","1kmE3908N3134",108
"6231","1kmE3908N3135",46
"6232","1kmE3908N3136",106
"6233","1kmE3908N3137",6
"6234","1kmE3908N3138",36
"6235","1kmE3908N3139",91
"6236","1kmE3908N3140",141
"6237","1kmE3908N3141",240
"6238","1kmE3908N3142",211
"6239","1kmE3908N3143",169
"6240","1kmE3908N3144",197
"6241","1kmE3909N3083",72
"6242","1kmE3909N3084",121
"6243","1kmE3909N3085",117
"6244","1kmE3909N3086",71
"6245","1kmE3909N3087",24
"6246","1kmE3909N3088",98
"6247","1kmE3909N3089",107
"6248","1kmE3909N3090",62
"6249","1kmE3909N3091",56
"6250","1kmE3909N3092",86
"6251","1kmE3909N3093",144
"6252","1kmE3909N3094",109
"6253","1kmE3909N3095",88
"6254","1kmE3909N3096",89
"6255","1kmE3909N3097",90
"6256","1kmE3909N3098",48
"6257","1kmE3909N3099",125
"6258","1kmE3909N3100",158
"6259","1kmE3909N3101",145
"6260","1kmE3909N3102",126
"6261","1kmE3909N3103",73
"6262","1kmE3909N3104",36
"6263","1kmE3909N3105",76
"6264","1kmE3909N3106",234
"6265","1kmE3909N3107",243
"6266","1kmE3909N3108",218
"6267","1kmE3909N3109",195
"6268","1kmE3909N3110",148
"6269","1kmE3909N3111",162
"6270","1kmE3909N3112",124
"6271","1kmE3909N3113",15
"6272","1kmE3909N3114",72
"6273","1kmE3909N3115",117
"6274","1kmE3909N3116",99
"6275","1kmE3909N3117",115
"6276","1kmE3909N3118",133
"6277","1kmE3909N3119",176
"6278","1kmE3909N3120",208
"6279","1kmE3909N3121",170
"6280","1kmE3909N3122",103
"6281","1kmE3909N3123",69
"6282","1kmE3909N3124",112
"6283","1kmE3909N3125",57
"6284","1kmE3909N3126",134
"6285","1kmE3909N3127",162
"6286","1kmE3909N3128",164
"6287","1kmE3909N3129",75
"6288","1kmE3909N3130",133
"6289","1kmE3909N3131",58
"6290","1kmE3909N3132",32
"6291","1kmE3909N3133",58
"6292","1kmE3909N3134",9
"6293","1kmE3909N3135",26
"6294","1kmE3909N3136",56
"6295","1kmE3909N3137",38
"6296","1kmE3909N3138",75
"6297","1kmE3909N3139",71
"6298","1kmE3909N3140",109
"6299","1kmE3909N3141",204
"6300","1kmE3909N3142",186
"6301","1kmE3909N3143",100
"6302","1kmE3909N3144",180
"6303","1kmE3910N3082",56
"6304","1kmE3910N3083",66
"6305","1kmE3910N3084",70
"6306","1kmE3910N3085",83
"6307","1kmE3910N3086",91
"6308","1kmE3910N3087",69
"6309","1kmE3910N3088",83
"6310","1kmE3910N3089",119
"6311","1kmE3910N3090",134
"6312","1kmE3910N3091",99
"6313","1kmE3910N3092",103
"6314","1kmE3910N3093",136
"6315","1kmE3910N3094",89
"6316","1kmE3910N3095",48
"6317","1kmE3910N3096",22
"6318","1kmE3910N3097",36
"6319","1kmE3910N3098",55
"6320","1kmE3910N3099",101
"6321","1kmE3910N3100",108
"6322","1kmE3910N3101",142
"6323","1kmE3910N3102",126
"6324","1kmE3910N3103",93
"6325","1kmE3910N3104",124
"6326","1kmE3910N3105",115
"6327","1kmE3910N3106",223
"6328","1kmE3910N3107",268
"6329","1kmE3910N3108",215
"6330","1kmE3910N3109",164
"6331","1kmE3910N3110",66
"6332","1kmE3910N3111",133
"6333","1kmE3910N3112",128
"6334","1kmE3910N3113",92
"6335","1kmE3910N3114",129
"6336","1kmE3910N3115",64
"6337","1kmE3910N3116",123
"6338","1kmE3910N3117",139
"6339","1kmE3910N3118",106
"6340","1kmE3910N3119",210
"6341","1kmE3910N3120",256
"6342","1kmE3910N3121",229
"6343","1kmE3910N3122",160
"6344","1kmE3910N3123",5
"6345","1kmE3910N3124",14
"6346","1kmE3910N3125",44
"6347","1kmE3910N3126",161
"6348","1kmE3910N3127",190
"6349","1kmE3910N3128",126
"6350","1kmE3910N3129",44
"6351","1kmE3910N3130",75
"6352","1kmE3910N3131",12
"6353","1kmE3910N3132",29
"6354","1kmE3910N3133",68
"6355","1kmE3910N3134",39
"6356","1kmE3910N3135",14
"6357","1kmE3910N3136",49
"6358","1kmE3910N3137",89
"6359","1kmE3910N3138",61
"6360","1kmE3910N3139",33
"6361","1kmE3910N3140",44
"6362","1kmE3910N3141",103
"6363","1kmE3910N3142",135
"6364","1kmE3910N3143",133
"6365","1kmE3910N3144",175
"6366","1kmE3910N3145",207
"6367","1kmE3911N3082",84
"6368","1kmE3911N3083",92
"6369","1kmE3911N3084",67
"6370","1kmE3911N3085",86
"6371","1kmE3911N3086",120
"6372","1kmE3911N3087",163
"6373","1kmE3911N3088",119
"6374","1kmE3911N3089",70
"6375","1kmE3911N3090",152
"6376","1kmE3911N3091",213
"6377","1kmE3911N3092",190
"6378","1kmE3911N3093",139
"6379","1kmE3911N3094",93
"6380","1kmE3911N3095",97
"6381","1kmE3911N3096",84
"6382","1kmE3911N3097",22
"6383","1kmE3911N3098",56
"6384","1kmE3911N3099",57
"6385","1kmE3911N3100",97
"6386","1kmE3911N3101",105
"6387","1kmE3911N3102",167
"6388","1kmE3911N3103",155
"6389","1kmE3911N3104",147
"6390","1kmE3911N3105",112
"6391","1kmE3911N3106",147
"6392","1kmE3911N3107",193
"6393","1kmE3911N3108",142
"6394","1kmE3911N3109",95
"6395","1kmE3911N3110",187
"6396","1kmE3911N3111",188
"6397","1kmE3911N3112",70
"6398","1kmE3911N3113",160
"6399","1kmE3911N3114",182
"6400","1kmE3911N3115",8
"6401","1kmE3911N3116",56
"6402","1kmE3911N3117",103
"6403","1kmE3911N3118",133
"6404","1kmE3911N3119",215
"6405","1kmE3911N3120",224
"6406","1kmE3911N3121",219
"6407","1kmE3911N3122",130
"6408","1kmE3911N3123",39
"6409","1kmE3911N3124",22
"6410","1kmE3911N3125",46
"6411","1kmE3911N3126",141
"6412","1kmE3911N3127",195
"6413","1kmE3911N3128",131
"6414","1kmE3911N3129",40
"6415","1kmE3911N3130",12
"6416","1kmE3911N3131",42
"6417","1kmE3911N3132",51
"6418","1kmE3911N3133",50
"6419","1kmE3911N3134",71
"6420","1kmE3911N3135",43
"6421","1kmE3911N3136",6
"6422","1kmE3911N3137",40
"6423","1kmE3911N3138",61
"6424","1kmE3911N3139",16
"6425","1kmE3911N3140",143
"6426","1kmE3911N3141",240
"6427","1kmE3911N3142",232
"6428","1kmE3911N3143",111
"6429","1kmE3911N3144",158
"6430","1kmE3911N3145",186
"6431","1kmE3911N3146",160
"6432","1kmE3912N3081",112
"6433","1kmE3912N3082",175
"6434","1kmE3912N3083",133
"6435","1kmE3912N3084",121
"6436","1kmE3912N3085",122
"6437","1kmE3912N3086",112
"6438","1kmE3912N3087",129
"6439","1kmE3912N3088",139
"6440","1kmE3912N3089",147
"6441","1kmE3912N3090",197
"6442","1kmE3912N3091",236
"6443","1kmE3912N3092",225
"6444","1kmE3912N3093",189
"6445","1kmE3912N3094",127
"6446","1kmE3912N3095",89
"6447","1kmE3912N3096",112
"6448","1kmE3912N3097",93
"6449","1kmE3912N3098",42
"6450","1kmE3912N3099",39
"6451","1kmE3912N3100",83
"6452","1kmE3912N3101",65
"6453","1kmE3912N3102",137
"6454","1kmE3912N3103",128
"6455","1kmE3912N3104",82
"6456","1kmE3912N3105",49
"6457","1kmE3912N3106",63
"6458","1kmE3912N3107",28
"6459","1kmE3912N3108",106
"6460","1kmE3912N3109",85
"6461","1kmE3912N3110",161
"6462","1kmE3912N3111",138
"6463","1kmE3912N3112",148
"6464","1kmE3912N3113",149
"6465","1kmE3912N3114",50
"6466","1kmE3912N3115",9
"6467","1kmE3912N3116",29
"6468","1kmE3912N3117",79
"6469","1kmE3912N3118",112
"6470","1kmE3912N3119",169
"6471","1kmE3912N3120",136
"6472","1kmE3912N3121",133
"6473","1kmE3912N3122",124
"6474","1kmE3912N3123",138
"6475","1kmE3912N3124",124
"6476","1kmE3912N3125",54
"6477","1kmE3912N3126",145
"6478","1kmE3912N3127",163
"6479","1kmE3912N3128",111
"6480","1kmE3912N3129",77
"6481","1kmE3912N3130",55
"6482","1kmE3912N3131",53
"6483","1kmE3912N3132",52
"6484","1kmE3912N3133",46
"6485","1kmE3912N3134",73
"6486","1kmE3912N3135",50
"6487","1kmE3912N3136",25
"6488","1kmE3912N3137",23
"6489","1kmE3912N3138",20
"6490","1kmE3912N3139",3
"6491","1kmE3912N3140",52
"6492","1kmE3912N3141",200
"6493","1kmE3912N3142",224
"6494","1kmE3912N3143",56
"6495","1kmE3912N3144",119
"6496","1kmE3912N3145",133
"6497","1kmE3912N3146",143
"6498","1kmE3913N3081",144
"6499","1kmE3913N3082",258
"6500","1kmE3913N3083",209
"6501","1kmE3913N3084",152
"6502","1kmE3913N3085",152
"6503","1kmE3913N3086",156
"6504","1kmE3913N3087",135
"6505","1kmE3913N3088",107
"6506","1kmE3913N3089",118
"6507","1kmE3913N3090",188
"6508","1kmE3913N3091",155
"6509","1kmE3913N3092",166
"6510","1kmE3913N3093",201
"6511","1kmE3913N3094",129
"6512","1kmE3913N3095",129
"6513","1kmE3913N3096",118
"6514","1kmE3913N3097",60
"6515","1kmE3913N3098",57
"6516","1kmE3913N3099",102
"6517","1kmE3913N3100",70
"6518","1kmE3913N3101",51
"6519","1kmE3913N3102",177
"6520","1kmE3913N3103",147
"6521","1kmE3913N3104",83
"6522","1kmE3913N3105",34
"6523","1kmE3913N3106",65
"6524","1kmE3913N3107",139
"6525","1kmE3913N3108",72
"6526","1kmE3913N3109",66
"6527","1kmE3913N3110",65
"6528","1kmE3913N3111",120
"6529","1kmE3913N3112",123
"6530","1kmE3913N3113",56
"6531","1kmE3913N3114",156
"6532","1kmE3913N3115",129
"6533","1kmE3913N3116",118
"6534","1kmE3913N3117",99
"6535","1kmE3913N3118",129
"6536","1kmE3913N3119",176
"6537","1kmE3913N3120",149
"6538","1kmE3913N3121",145
"6539","1kmE3913N3122",158
"6540","1kmE3913N3123",168
"6541","1kmE3913N3124",182
"6542","1kmE3913N3125",137
"6543","1kmE3913N3126",141
"6544","1kmE3913N3127",135
"6545","1kmE3913N3128",105
"6546","1kmE3913N3129",74
"6547","1kmE3913N3130",69
"6548","1kmE3913N3131",44
"6549","1kmE3913N3132",45
"6550","1kmE3913N3133",66
"6551","1kmE3913N3134",67
"6552","1kmE3913N3135",40
"6553","1kmE3913N3136",73
"6554","1kmE3913N3137",59
"6555","1kmE3913N3138",62
"6556","1kmE3913N3139",54
"6557","1kmE3913N3140",129
"6558","1kmE3913N3141",185
"6559","1kmE3913N3142",159
"6560","1kmE3913N3143",56
"6561","1kmE3913N3144",62
"6562","1kmE3913N3145",145
"6563","1kmE3913N3146",151
"6564","1kmE3913N3147",133
"6565","1kmE3914N3080",111
"6566","1kmE3914N3081",145
"6567","1kmE3914N3082",291
"6568","1kmE3914N3083",252
"6569","1kmE3914N3084",182
"6570","1kmE3914N3085",179
"6571","1kmE3914N3086",169
"6572","1kmE3914N3087",136
"6573","1kmE3914N3088",109
"6574","1kmE3914N3089",111
"6575","1kmE3914N3090",192
"6576","1kmE3914N3091",160
"6577","1kmE3914N3092",122
"6578","1kmE3914N3093",93
"6579","1kmE3914N3094",80
"6580","1kmE3914N3095",186
"6581","1kmE3914N3096",158
"6582","1kmE3914N3097",105
"6583","1kmE3914N3098",139
"6584","1kmE3914N3099",128
"6585","1kmE3914N3100",75
"6586","1kmE3914N3101",36
"6587","1kmE3914N3102",188
"6588","1kmE3914N3103",122
"6589","1kmE3914N3104",65
"6590","1kmE3914N3105",102
"6591","1kmE3914N3106",98
"6592","1kmE3914N3107",169
"6593","1kmE3914N3108",80
"6594","1kmE3914N3109",144
"6595","1kmE3914N3110",102
"6596","1kmE3914N3111",181
"6597","1kmE3914N3112",136
"6598","1kmE3914N3113",26
"6599","1kmE3914N3114",147
"6600","1kmE3914N3115",103
"6601","1kmE3914N3116",113
"6602","1kmE3914N3117",92
"6603","1kmE3914N3118",144
"6604","1kmE3914N3119",139
"6605","1kmE3914N3120",172
"6606","1kmE3914N3121",157
"6607","1kmE3914N3122",163
"6608","1kmE3914N3123",221
"6609","1kmE3914N3124",216
"6610","1kmE3914N3125",215
"6611","1kmE3914N3126",192
"6612","1kmE3914N3127",134
"6613","1kmE3914N3128",92
"6614","1kmE3914N3129",20
"6615","1kmE3914N3130",68
"6616","1kmE3914N3131",89
"6617","1kmE3914N3132",79
"6618","1kmE3914N3133",78
"6619","1kmE3914N3134",37
"6620","1kmE3914N3135",46
"6621","1kmE3914N3136",94
"6622","1kmE3914N3137",43
"6623","1kmE3914N3138",41
"6624","1kmE3914N3139",8
"6625","1kmE3914N3140",60
"6626","1kmE3914N3141",128
"6627","1kmE3914N3142",102
"6628","1kmE3914N3143",94
"6629","1kmE3914N3144",61
"6630","1kmE3914N3145",108
"6631","1kmE3914N3146",166
"6632","1kmE3914N3147",141
"6633","1kmE3914N3148",102
"6634","1kmE3915N3080",175
"6635","1kmE3915N3081",175
"6636","1kmE3915N3082",257
"6637","1kmE3915N3083",203
"6638","1kmE3915N3084",180
"6639","1kmE3915N3085",240
"6640","1kmE3915N3086",208
"6641","1kmE3915N3087",170
"6642","1kmE3915N3088",150
"6643","1kmE3915N3089",106
"6644","1kmE3915N3090",182
"6645","1kmE3915N3091",115
"6646","1kmE3915N3092",65
"6647","1kmE3915N3093",79
"6648","1kmE3915N3094",184
"6649","1kmE3915N3095",162
"6650","1kmE3915N3096",74
"6651","1kmE3915N3097",110
"6652","1kmE3915N3098",112
"6653","1kmE3915N3099",43
"6654","1kmE3915N3100",85
"6655","1kmE3915N3101",48
"6656","1kmE3915N3102",131
"6657","1kmE3915N3103",60
"6658","1kmE3915N3104",147
"6659","1kmE3915N3105",111
"6660","1kmE3915N3106",125
"6661","1kmE3915N3107",58
"6662","1kmE3915N3108",12
"6663","1kmE3915N3109",51
"6664","1kmE3915N3110",93
"6665","1kmE3915N3111",59
"6666","1kmE3915N3112",23
"6667","1kmE3915N3113",33
"6668","1kmE3915N3114",132
"6669","1kmE3915N3115",128
"6670","1kmE3915N3116",96
"6671","1kmE3915N3117",94
"6672","1kmE3915N3118",105
"6673","1kmE3915N3119",128
"6674","1kmE3915N3120",154
"6675","1kmE3915N3121",149
"6676","1kmE3915N3122",196
"6677","1kmE3915N3123",247
"6678","1kmE3915N3124",238
"6679","1kmE3915N3125",170
"6680","1kmE3915N3126",183
"6681","1kmE3915N3127",170
"6682","1kmE3915N3128",90
"6683","1kmE3915N3129",22
"6684","1kmE3915N3130",46
"6685","1kmE3915N3131",105
"6686","1kmE3915N3132",84
"6687","1kmE3915N3133",137
"6688","1kmE3915N3134",116
"6689","1kmE3915N3135",135
"6690","1kmE3915N3136",81
"6691","1kmE3915N3137",29
"6692","1kmE3915N3138",92
"6693","1kmE3915N3139",48
"6694","1kmE3915N3140",100
"6695","1kmE3915N3141",90
"6696","1kmE3915N3142",76
"6697","1kmE3915N3143",128
"6698","1kmE3915N3144",98
"6699","1kmE3915N3145",75
"6700","1kmE3915N3146",199
"6701","1kmE3915N3147",167
"6702","1kmE3915N3148",72
"6703","1kmE3915N3149",93
"6704","1kmE3916N3081",188
"6705","1kmE3916N3082",236
"6706","1kmE3916N3083",259
"6707","1kmE3916N3084",257
"6708","1kmE3916N3085",197
"6709","1kmE3916N3086",170
"6710","1kmE3916N3087",165
"6711","1kmE3916N3088",119
"6712","1kmE3916N3089",104
"6713","1kmE3916N3090",143
"6714","1kmE3916N3091",192
"6715","1kmE3916N3092",89
"6716","1kmE3916N3093",182
"6717","1kmE3916N3094",241
"6718","1kmE3916N3095",224
"6719","1kmE3916N3096",128
"6720","1kmE3916N3097",102
"6721","1kmE3916N3098",189
"6722","1kmE3916N3099",162
"6723","1kmE3916N3100",72
"6724","1kmE3916N3101",34
"6725","1kmE3916N3102",39
"6726","1kmE3916N3103",25
"6727","1kmE3916N3104",163
"6728","1kmE3916N3105",89
"6729","1kmE3916N3106",112
"6730","1kmE3916N3107",138
"6731","1kmE3916N3108",65
"6732","1kmE3916N3109",60
"6733","1kmE3916N3110",75
"6734","1kmE3916N3111",37
"6735","1kmE3916N3112",45
"6736","1kmE3916N3113",26
"6737","1kmE3916N3114",131
"6738","1kmE3916N3115",76
"6739","1kmE3916N3116",89
"6740","1kmE3916N3117",91
"6741","1kmE3916N3118",149
"6742","1kmE3916N3119",154
"6743","1kmE3916N3120",121
"6744","1kmE3916N3121",147
"6745","1kmE3916N3122",183
"6746","1kmE3916N3123",219
"6747","1kmE3916N3124",207
"6748","1kmE3916N3125",199
"6749","1kmE3916N3126",189
"6750","1kmE3916N3127",212
"6751","1kmE3916N3128",87
"6752","1kmE3916N3129",84
"6753","1kmE3916N3130",75
"6754","1kmE3916N3131",87
"6755","1kmE3916N3132",75
"6756","1kmE3916N3133",125
"6757","1kmE3916N3134",147
"6758","1kmE3916N3135",118
"6759","1kmE3916N3136",85
"6760","1kmE3916N3137",105
"6761","1kmE3916N3138",44
"6762","1kmE3916N3139",21
"6763","1kmE3916N3140",47
"6764","1kmE3916N3141",84
"6765","1kmE3916N3142",152
"6766","1kmE3916N3143",201
"6767","1kmE3916N3144",127
"6768","1kmE3916N3145",118
"6769","1kmE3916N3146",117
"6770","1kmE3916N3147",154
"6771","1kmE3916N3148",90
"6772","1kmE3916N3149",102
"6773","1kmE3916N3150",98
"6774","1kmE3917N3080",157
"6775","1kmE3917N3081",183
"6776","1kmE3917N3082",251
"6777","1kmE3917N3083",289
"6778","1kmE3917N3084",244
"6779","1kmE3917N3085",167
"6780","1kmE3917N3086",177
"6781","1kmE3917N3087",145
"6782","1kmE3917N3088",114
"6783","1kmE3917N3089",152
"6784","1kmE3917N3090",108
"6785","1kmE3917N3091",184
"6786","1kmE3917N3092",135
"6787","1kmE3917N3093",259
"6788","1kmE3917N3094",250
"6789","1kmE3917N3095",245
"6790","1kmE3917N3096",215
"6791","1kmE3917N3097",172
"6792","1kmE3917N3098",170
"6793","1kmE3917N3099",125
"6794","1kmE3917N3100",99
"6795","1kmE3917N3101",109
"6796","1kmE3917N3102",88
"6797","1kmE3917N3103",30
"6798","1kmE3917N3104",113
"6799","1kmE3917N3105",92
"6800","1kmE3917N3106",86
"6801","1kmE3917N3107",176
"6802","1kmE3917N3108",114
"6803","1kmE3917N3109",121
"6804","1kmE3917N3110",47
"6805","1kmE3917N3111",140
"6806","1kmE3917N3112",53
"6807","1kmE3917N3113",10
"6808","1kmE3917N3114",27
"6809","1kmE3917N3115",33
"6810","1kmE3917N3116",126
"6811","1kmE3917N3117",97
"6812","1kmE3917N3118",152
"6813","1kmE3917N3119",153
"6814","1kmE3917N3120",136
"6815","1kmE3917N3121",146
"6816","1kmE3917N3122",141
"6817","1kmE3917N3123",208
"6818","1kmE3917N3124",225
"6819","1kmE3917N3125",185
"6820","1kmE3917N3126",197
"6821","1kmE3917N3127",209
"6822","1kmE3917N3128",204
"6823","1kmE3917N3129",136
"6824","1kmE3917N3130",50
"6825","1kmE3917N3131",15
"6826","1kmE3917N3132",21
"6827","1kmE3917N3133",157
"6828","1kmE3917N3134",131
"6829","1kmE3917N3135",110
"6830","1kmE3917N3136",62
"6831","1kmE3917N3137",15
"6832","1kmE3917N3138",82
"6833","1kmE3917N3139",56
"6834","1kmE3917N3140",65
"6835","1kmE3917N3141",89
"6836","1kmE3917N3142",179
"6837","1kmE3917N3143",189
"6838","1kmE3917N3144",129
"6839","1kmE3917N3145",59
"6840","1kmE3917N3146",178
"6841","1kmE3917N3147",179
"6842","1kmE3917N3148",111
"6843","1kmE3917N3149",93
"6844","1kmE3917N3150",125
"6845","1kmE3917N3151",123
"6846","1kmE3918N3080",128
"6847","1kmE3918N3081",159
"6848","1kmE3918N3082",250
"6849","1kmE3918N3083",283
"6850","1kmE3918N3084",241
"6851","1kmE3918N3085",211
"6852","1kmE3918N3086",185
"6853","1kmE3918N3087",166
"6854","1kmE3918N3088",106
"6855","1kmE3918N3089",85
"6856","1kmE3918N3090",98
"6857","1kmE3918N3091",144
"6858","1kmE3918N3092",168
"6859","1kmE3918N3093",280
"6860","1kmE3918N3094",246
"6861","1kmE3918N3095",230
"6862","1kmE3918N3096",176
"6863","1kmE3918N3097",125
"6864","1kmE3918N3098",213
"6865","1kmE3918N3099",200
"6866","1kmE3918N3100",109
"6867","1kmE3918N3101",69
"6868","1kmE3918N3102",77
"6869","1kmE3918N3103",73
"6870","1kmE3918N3104",105
"6871","1kmE3918N3105",80
"6872","1kmE3918N3106",49
"6873","1kmE3918N3107",52
"6874","1kmE3918N3108",75
"6875","1kmE3918N3109",95
"6876","1kmE3918N3110",68
"6877","1kmE3918N3111",128
"6878","1kmE3918N3112",108
"6879","1kmE3918N3113",41
"6880","1kmE3918N3114",72
"6881","1kmE3918N3115",34
"6882","1kmE3918N3116",109
"6883","1kmE3918N3117",152
"6884","1kmE3918N3118",164
"6885","1kmE3918N3119",192
"6886","1kmE3918N3120",198
"6887","1kmE3918N3121",148
"6888","1kmE3918N3122",172
"6889","1kmE3918N3123",143
"6890","1kmE3918N3124",190
"6891","1kmE3918N3125",159
"6892","1kmE3918N3126",187
"6893","1kmE3918N3127",226
"6894","1kmE3918N3128",212
"6895","1kmE3918N3129",141
"6896","1kmE3918N3130",52
"6897","1kmE3918N3131",26
"6898","1kmE3918N3132",135
"6899","1kmE3918N3133",163
"6900","1kmE3918N3134",99
"6901","1kmE3918N3135",123
"6902","1kmE3918N3136",187
"6903","1kmE3918N3137",76
"6904","1kmE3918N3138",20
"6905","1kmE3918N3139",22
"6906","1kmE3918N3140",43
"6907","1kmE3918N3141",170
"6908","1kmE3918N3142",183
"6909","1kmE3918N3143",142
"6910","1kmE3918N3144",58
"6911","1kmE3918N3145",39
"6912","1kmE3918N3146",164
"6913","1kmE3918N3147",120
"6914","1kmE3918N3148",64
"6915","1kmE3918N3149",135
"6916","1kmE3918N3150",118
"6917","1kmE3918N3151",151
"6918","1kmE3918N3152",126
"6919","1kmE3918N3155",18
"6920","1kmE3918N3156",11
"6921","1kmE3919N3080",123
"6922","1kmE3919N3081",178
"6923","1kmE3919N3082",223
"6924","1kmE3919N3083",224
"6925","1kmE3919N3084",192
"6926","1kmE3919N3085",192
"6927","1kmE3919N3086",217
"6928","1kmE3919N3087",237
"6929","1kmE3919N3088",194
"6930","1kmE3919N3089",149
"6931","1kmE3919N3090",163
"6932","1kmE3919N3091",129
"6933","1kmE3919N3092",158
"6934","1kmE3919N3093",220
"6935","1kmE3919N3094",214
"6936","1kmE3919N3095",206
"6937","1kmE3919N3096",171
"6938","1kmE3919N3097",227
"6939","1kmE3919N3098",256
"6940","1kmE3919N3099",219
"6941","1kmE3919N3100",236
"6942","1kmE3919N3101",184
"6943","1kmE3919N3102",137
"6944","1kmE3919N3103",68
"6945","1kmE3919N3104",119
"6946","1kmE3919N3105",78
"6947","1kmE3919N3106",105
"6948","1kmE3919N3107",96
"6949","1kmE3919N3108",38
"6950","1kmE3919N3109",94
"6951","1kmE3919N3110",134
"6952","1kmE3919N3111",84
"6953","1kmE3919N3112",45
"6954","1kmE3919N3113",29
"6955","1kmE3919N3114",59
"6956","1kmE3919N3115",118
"6957","1kmE3919N3116",136
"6958","1kmE3919N3117",164
"6959","1kmE3919N3118",177
"6960","1kmE3919N3119",192
"6961","1kmE3919N3120",197
"6962","1kmE3919N3121",170
"6963","1kmE3919N3122",219
"6964","1kmE3919N3123",157
"6965","1kmE3919N3124",171
"6966","1kmE3919N3125",224
"6967","1kmE3919N3126",267
"6968","1kmE3919N3127",227
"6969","1kmE3919N3128",237
"6970","1kmE3919N3129",211
"6971","1kmE3919N3130",78
"6972","1kmE3919N3131",49
"6973","1kmE3919N3132",192
"6974","1kmE3919N3133",54
"6975","1kmE3919N3134",65
"6976","1kmE3919N3135",87
"6977","1kmE3919N3136",112
"6978","1kmE3919N3137",140
"6979","1kmE3919N3138",46
"6980","1kmE3919N3139",19
"6981","1kmE3919N3140",125
"6982","1kmE3919N3141",200
"6983","1kmE3919N3142",185
"6984","1kmE3919N3143",86
"6985","1kmE3919N3144",17
"6986","1kmE3919N3145",93
"6987","1kmE3919N3146",76
"6988","1kmE3919N3147",130
"6989","1kmE3919N3148",43
"6990","1kmE3919N3149",42
"6991","1kmE3919N3150",108
"6992","1kmE3919N3151",155
"6993","1kmE3919N3152",172
"6994","1kmE3919N3153",131
"6995","1kmE3919N3154",65
"6996","1kmE3919N3155",15
"6997","1kmE3919N3156",17
"6998","1kmE3920N3082",202
"6999","1kmE3920N3083",246
"7000","1kmE3920N3084",229
"7001","1kmE3920N3085",209
"7002","1kmE3920N3086",156
"7003","1kmE3920N3087",193
"7004","1kmE3920N3088",181
"7005","1kmE3920N3089",156
"7006","1kmE3920N3090",212
"7007","1kmE3920N3091",212
"7008","1kmE3920N3092",193
"7009","1kmE3920N3093",198
"7010","1kmE3920N3094",222
"7011","1kmE3920N3095",192
"7012","1kmE3920N3096",178
"7013","1kmE3920N3097",186
"7014","1kmE3920N3098",218
"7015","1kmE3920N3099",227
"7016","1kmE3920N3100",267
"7017","1kmE3920N3101",291
"7018","1kmE3920N3102",177
"7019","1kmE3920N3103",37
"7020","1kmE3920N3104",73
"7021","1kmE3920N3105",86
"7022","1kmE3920N3106",126
"7023","1kmE3920N3107",126
"7024","1kmE3920N3108",94
"7025","1kmE3920N3109",67
"7026","1kmE3920N3110",128
"7027","1kmE3920N3111",40
"7028","1kmE3920N3112",17
"7029","1kmE3920N3113",25
"7030","1kmE3920N3114",61
"7031","1kmE3920N3115",128
"7032","1kmE3920N3116",105
"7033","1kmE3920N3117",134
"7034","1kmE3920N3118",146
"7035","1kmE3920N3119",167
"7036","1kmE3920N3120",192
"7037","1kmE3920N3121",213
"7038","1kmE3920N3122",183
"7039","1kmE3920N3123",224
"7040","1kmE3920N3124",207
"7041","1kmE3920N3125",187
"7042","1kmE3920N3126",231
"7043","1kmE3920N3127",173
"7044","1kmE3920N3128",200
"7045","1kmE3920N3129",144
"7046","1kmE3920N3130",108
"7047","1kmE3920N3131",85
"7048","1kmE3920N3132",153
"7049","1kmE3920N3133",53
"7050","1kmE3920N3134",54
"7051","1kmE3920N3135",82
"7052","1kmE3920N3136",53
"7053","1kmE3920N3137",60
"7054","1kmE3920N3138",142
"7055","1kmE3920N3139",60
"7056","1kmE3920N3140",150
"7057","1kmE3920N3141",191
"7058","1kmE3920N3142",206
"7059","1kmE3920N3143",96
"7060","1kmE3920N3144",47
"7061","1kmE3920N3145",106
"7062","1kmE3920N3146",62
"7063","1kmE3920N3147",56
"7064","1kmE3920N3148",73
"7065","1kmE3920N3149",73
"7066","1kmE3920N3150",84
"7067","1kmE3920N3151",190
"7068","1kmE3920N3152",188
"7069","1kmE3920N3153",85
"7070","1kmE3920N3154",79
"7071","1kmE3920N3155",130
"7072","1kmE3920N3156",132
"7073","1kmE3921N3082",176
"7074","1kmE3921N3083",209
"7075","1kmE3921N3084",221
"7076","1kmE3921N3085",237
"7077","1kmE3921N3086",150
"7078","1kmE3921N3087",246
"7079","1kmE3921N3088",279
"7080","1kmE3921N3089",266
"7081","1kmE3921N3090",263
"7082","1kmE3921N3091",232
"7083","1kmE3921N3092",173
"7084","1kmE3921N3093",212
"7085","1kmE3921N3094",223
"7086","1kmE3921N3095",195
"7087","1kmE3921N3096",174
"7088","1kmE3921N3097",179
"7089","1kmE3921N3098",168
"7090","1kmE3921N3099",172
"7091","1kmE3921N3100",255
"7092","1kmE3921N3101",267
"7093","1kmE3921N3102",180
"7094","1kmE3921N3103",138
"7095","1kmE3921N3104",132
"7096","1kmE3921N3105",103
"7097","1kmE3921N3106",166
"7098","1kmE3921N3107",126
"7099","1kmE3921N3108",116
"7100","1kmE3921N3109",158
"7101","1kmE3921N3110",221
"7102","1kmE3921N3111",147
"7103","1kmE3921N3112",103
"7104","1kmE3921N3113",158
"7105","1kmE3921N3114",53
"7106","1kmE3921N3115",84
"7107","1kmE3921N3116",71
"7108","1kmE3921N3117",123
"7109","1kmE3921N3118",107
"7110","1kmE3921N3119",172
"7111","1kmE3921N3120",225
"7112","1kmE3921N3121",230
"7113","1kmE3921N3122",211
"7114","1kmE3921N3123",239
"7115","1kmE3921N3124",221
"7116","1kmE3921N3125",174
"7117","1kmE3921N3126",182
"7118","1kmE3921N3127",171
"7119","1kmE3921N3128",121
"7120","1kmE3921N3129",29
"7121","1kmE3921N3130",70
"7122","1kmE3921N3131",47
"7123","1kmE3921N3132",36
"7124","1kmE3921N3133",90
"7125","1kmE3921N3134",79
"7126","1kmE3921N3135",118
"7127","1kmE3921N3136",150
"7128","1kmE3921N3137",15
"7129","1kmE3921N3138",47
"7130","1kmE3921N3139",31
"7131","1kmE3921N3140",84
"7132","1kmE3921N3141",133
"7133","1kmE3921N3142",179
"7134","1kmE3921N3143",113
"7135","1kmE3921N3144",92
"7136","1kmE3921N3145",34
"7137","1kmE3921N3146",48
"7138","1kmE3921N3147",12
"7139","1kmE3921N3148",90
"7140","1kmE3921N3149",120
"7141","1kmE3921N3150",16
"7142","1kmE3921N3151",70
"7143","1kmE3921N3152",84
"7144","1kmE3921N3153",43
"7145","1kmE3921N3154",61
"7146","1kmE3921N3155",90
"7147","1kmE3921N3156",126
"7148","1kmE3922N3082",144
"7149","1kmE3922N3083",124
"7150","1kmE3922N3084",228
"7151","1kmE3922N3085",249
"7152","1kmE3922N3086",178
"7153","1kmE3922N3087",210
"7154","1kmE3922N3088",283
"7155","1kmE3922N3089",297
"7156","1kmE3922N3090",288
"7157","1kmE3922N3091",264
"7158","1kmE3922N3092",188
"7159","1kmE3922N3093",184
"7160","1kmE3922N3094",205
"7161","1kmE3922N3095",161
"7162","1kmE3922N3096",111
"7163","1kmE3922N3097",142
"7164","1kmE3922N3098",135
"7165","1kmE3922N3099",154
"7166","1kmE3922N3100",196
"7167","1kmE3922N3101",217
"7168","1kmE3922N3102",171
"7169","1kmE3922N3103",157
"7170","1kmE3922N3104",179
"7171","1kmE3922N3105",258
"7172","1kmE3922N3106",274
"7173","1kmE3922N3107",108
"7174","1kmE3922N3108",24
"7175","1kmE3922N3109",86
"7176","1kmE3922N3110",185
"7177","1kmE3922N3111",204
"7178","1kmE3922N3112",73
"7179","1kmE3922N3113",121
"7180","1kmE3922N3114",22
"7181","1kmE3922N3115",22
"7182","1kmE3922N3116",53
"7183","1kmE3922N3117",117
"7184","1kmE3922N3118",110
"7185","1kmE3922N3119",120
"7186","1kmE3922N3120",139
"7187","1kmE3922N3121",179
"7188","1kmE3922N3122",204
"7189","1kmE3922N3123",210
"7190","1kmE3922N3124",204
"7191","1kmE3922N3125",243
"7192","1kmE3922N3126",249
"7193","1kmE3922N3127",267
"7194","1kmE3922N3128",196
"7195","1kmE3922N3129",196
"7196","1kmE3922N3130",202
"7197","1kmE3922N3131",138
"7198","1kmE3922N3132",56
"7199","1kmE3922N3133",66
"7200","1kmE3922N3134",23
"7201","1kmE3922N3135",74
"7202","1kmE3922N3136",111
"7203","1kmE3922N3137",46
"7204","1kmE3922N3138",35
"7205","1kmE3922N3139",71
"7206","1kmE3922N3140",138
"7207","1kmE3922N3141",146
"7208","1kmE3922N3142",172
"7209","1kmE3922N3143",173
"7210","1kmE3922N3144",147
"7211","1kmE3922N3145",78
"7212","1kmE3922N3146",117
"7213","1kmE3922N3147",82
"7214","1kmE3922N3148",113
"7215","1kmE3922N3149",101
"7216","1kmE3922N3150",15
"7217","1kmE3922N3151",39
"7218","1kmE3922N3152",93
"7219","1kmE3922N3153",86
"7220","1kmE3922N3154",7
"7221","1kmE3922N3155",37
"7222","1kmE3922N3156",107
"7223","1kmE3923N3082",99
"7224","1kmE3923N3083",97
"7225","1kmE3923N3084",183
"7226","1kmE3923N3085",201
"7227","1kmE3923N3086",124
"7228","1kmE3923N3087",97
"7229","1kmE3923N3088",235
"7230","1kmE3923N3089",295
"7231","1kmE3923N3090",295
"7232","1kmE3923N3091",262
"7233","1kmE3923N3092",192
"7234","1kmE3923N3093",175
"7235","1kmE3923N3094",152
"7236","1kmE3923N3095",172
"7237","1kmE3923N3096",145
"7238","1kmE3923N3097",160
"7239","1kmE3923N3098",190
"7240","1kmE3923N3099",209
"7241","1kmE3923N3100",221
"7242","1kmE3923N3101",220
"7243","1kmE3923N3102",212
"7244","1kmE3923N3103",178
"7245","1kmE3923N3104",198
"7246","1kmE3923N3105",235
"7247","1kmE3923N3106",225
"7248","1kmE3923N3107",59
"7249","1kmE3923N3108",12
"7250","1kmE3923N3109",113
"7251","1kmE3923N3110",208
"7252","1kmE3923N3111",181
"7253","1kmE3923N3112",56
"7254","1kmE3923N3113",51
"7255","1kmE3923N3114",10
"7256","1kmE3923N3115",84
"7257","1kmE3923N3116",134
"7258","1kmE3923N3117",103
"7259","1kmE3923N3118",113
"7260","1kmE3923N3119",128
"7261","1kmE3923N3120",147
"7262","1kmE3923N3121",179
"7263","1kmE3923N3122",192
"7264","1kmE3923N3123",213
"7265","1kmE3923N3124",211
"7266","1kmE3923N3125",230
"7267","1kmE3923N3126",251
"7268","1kmE3923N3127",241
"7269","1kmE3923N3128",207
"7270","1kmE3923N3129",203
"7271","1kmE3923N3130",228
"7272","1kmE3923N3131",183
"7273","1kmE3923N3132",178
"7274","1kmE3923N3133",89
"7275","1kmE3923N3134",116
"7276","1kmE3923N3135",132
"7277","1kmE3923N3136",92
"7278","1kmE3923N3137",134
"7279","1kmE3923N3138",118
"7280","1kmE3923N3139",157
"7281","1kmE3923N3140",217
"7282","1kmE3923N3141",195
"7283","1kmE3923N3142",212
"7284","1kmE3923N3143",161
"7285","1kmE3923N3144",115
"7286","1kmE3923N3145",124
"7287","1kmE3923N3146",180
"7288","1kmE3923N3147",154
"7289","1kmE3923N3148",212
"7290","1kmE3923N3149",145
"7291","1kmE3923N3150",81
"7292","1kmE3923N3151",64
"7293","1kmE3923N3152",92
"7294","1kmE3923N3153",39
"7295","1kmE3923N3154",3
"7296","1kmE3923N3155",18
"7297","1kmE3923N3156",80
"7298","1kmE3924N3082",43
"7299","1kmE3924N3083",126
"7300","1kmE3924N3084",144
"7301","1kmE3924N3085",168
"7302","1kmE3924N3086",134
"7303","1kmE3924N3087",85
"7304","1kmE3924N3088",180
"7305","1kmE3924N3089",218
"7306","1kmE3924N3090",244
"7307","1kmE3924N3091",247
"7308","1kmE3924N3092",210
"7309","1kmE3924N3093",186
"7310","1kmE3924N3094",141
"7311","1kmE3924N3095",139
"7312","1kmE3924N3096",139
"7313","1kmE3924N3097",146
"7314","1kmE3924N3098",185
"7315","1kmE3924N3099",184
"7316","1kmE3924N3100",212
"7317","1kmE3924N3101",205
"7318","1kmE3924N3102",183
"7319","1kmE3924N3103",144
"7320","1kmE3924N3104",145
"7321","1kmE3924N3105",125
"7322","1kmE3924N3106",97
"7323","1kmE3924N3107",53
"7324","1kmE3924N3108",71
"7325","1kmE3924N3109",116
"7326","1kmE3924N3110",120
"7327","1kmE3924N3111",119
"7328","1kmE3924N3112",71
"7329","1kmE3924N3113",8
"7330","1kmE3924N3114",72
"7331","1kmE3924N3115",98
"7332","1kmE3924N3116",84
"7333","1kmE3924N3117",78
"7334","1kmE3924N3118",83
"7335","1kmE3924N3119",109
"7336","1kmE3924N3120",125
"7337","1kmE3924N3121",149
"7338","1kmE3924N3122",209
"7339","1kmE3924N3123",214
"7340","1kmE3924N3124",160
"7341","1kmE3924N3125",147
"7342","1kmE3924N3126",136
"7343","1kmE3924N3127",161
"7344","1kmE3924N3128",194
"7345","1kmE3924N3129",205
"7346","1kmE3924N3130",215
"7347","1kmE3924N3131",189
"7348","1kmE3924N3132",163
"7349","1kmE3924N3133",137
"7350","1kmE3924N3134",189
"7351","1kmE3924N3135",162
"7352","1kmE3924N3136",136
"7353","1kmE3924N3137",113
"7354","1kmE3924N3138",82
"7355","1kmE3924N3139",150
"7356","1kmE3924N3140",185
"7357","1kmE3924N3141",142
"7358","1kmE3924N3142",152
"7359","1kmE3924N3143",146
"7360","1kmE3924N3144",130
"7361","1kmE3924N3145",161
"7362","1kmE3924N3146",177
"7363","1kmE3924N3147",90
"7364","1kmE3924N3148",91
"7365","1kmE3924N3149",39
"7366","1kmE3924N3150",56
"7367","1kmE3924N3151",146
"7368","1kmE3924N3152",178
"7369","1kmE3924N3153",111
"7370","1kmE3924N3154",104
"7371","1kmE3924N3155",146
"7372","1kmE3924N3156",75
"7373","1kmE3925N3084",30
"7374","1kmE3925N3085",139
"7375","1kmE3925N3086",131
"7376","1kmE3925N3087",127
"7377","1kmE3925N3088",181
"7378","1kmE3925N3089",174
"7379","1kmE3925N3090",184
"7380","1kmE3925N3091",226
"7381","1kmE3925N3092",225
"7382","1kmE3925N3093",236
"7383","1kmE3925N3094",166
"7384","1kmE3925N3095",172
"7385","1kmE3925N3096",160
"7386","1kmE3925N3097",117
"7387","1kmE3925N3098",133
"7388","1kmE3925N3099",191
"7389","1kmE3925N3100",230
"7390","1kmE3925N3101",226
"7391","1kmE3925N3102",202
"7392","1kmE3925N3103",144
"7393","1kmE3925N3104",89
"7394","1kmE3925N3105",148
"7395","1kmE3925N3106",197
"7396","1kmE3925N3107",134
"7397","1kmE3925N3108",65
"7398","1kmE3925N3109",141
"7399","1kmE3925N3110",108
"7400","1kmE3925N3111",143
"7401","1kmE3925N3112",106
"7402","1kmE3925N3113",47
"7403","1kmE3925N3114",113
"7404","1kmE3925N3115",82
"7405","1kmE3925N3116",46
"7406","1kmE3925N3117",101
"7407","1kmE3925N3118",114
"7408","1kmE3925N3119",99
"7409","1kmE3925N3120",113
"7410","1kmE3925N3121",137
"7411","1kmE3925N3122",167
"7412","1kmE3925N3123",171
"7413","1kmE3925N3124",176
"7414","1kmE3925N3125",211
"7415","1kmE3925N3126",181
"7416","1kmE3925N3127",101
"7417","1kmE3925N3128",105
"7418","1kmE3925N3129",163
"7419","1kmE3925N3130",190
"7420","1kmE3925N3131",140
"7421","1kmE3925N3132",87
"7422","1kmE3925N3133",82
"7423","1kmE3925N3134",186
"7424","1kmE3925N3135",206
"7425","1kmE3925N3136",195
"7426","1kmE3925N3137",124
"7427","1kmE3925N3138",169
"7428","1kmE3925N3139",175
"7429","1kmE3925N3140",138
"7430","1kmE3925N3141",132
"7431","1kmE3925N3142",131
"7432","1kmE3925N3143",107
"7433","1kmE3925N3144",143
"7434","1kmE3925N3145",139
"7435","1kmE3925N3146",125
"7436","1kmE3925N3147",104
"7437","1kmE3925N3148",104
"7438","1kmE3925N3149",130
"7439","1kmE3925N3150",167
"7440","1kmE3925N3151",188
"7441","1kmE3925N3152",132
"7442","1kmE3925N3153",107
"7443","1kmE3925N3154",85
"7444","1kmE3925N3155",114
"7445","1kmE3925N3156",60
"7446","1kmE3926N3084",100
"7447","1kmE3926N3085",124
"7448","1kmE3926N3086",62
"7449","1kmE3926N3087",101
"7450","1kmE3926N3088",152
"7451","1kmE3926N3089",172
"7452","1kmE3926N3090",265
"7453","1kmE3926N3091",263
"7454","1kmE3926N3092",251
"7455","1kmE3926N3093",237
"7456","1kmE3926N3094",184
"7457","1kmE3926N3095",170
"7458","1kmE3926N3096",145
"7459","1kmE3926N3097",160
"7460","1kmE3926N3098",223
"7461","1kmE3926N3099",194
"7462","1kmE3926N3100",296
"7463","1kmE3926N3101",280
"7464","1kmE3926N3102",251
"7465","1kmE3926N3103",237
"7466","1kmE3926N3104",212
"7467","1kmE3926N3105",145
"7468","1kmE3926N3106",197
"7469","1kmE3926N3107",134
"7470","1kmE3926N3108",35
"7471","1kmE3926N3109",141
"7472","1kmE3926N3110",145
"7473","1kmE3926N3111",165
"7474","1kmE3926N3112",199
"7475","1kmE3926N3113",125
"7476","1kmE3926N3114",54
"7477","1kmE3926N3115",36
"7478","1kmE3926N3116",40
"7479","1kmE3926N3117",58
"7480","1kmE3926N3118",88
"7481","1kmE3926N3119",85
"7482","1kmE3926N3120",180
"7483","1kmE3926N3121",173
"7484","1kmE3926N3122",184
"7485","1kmE3926N3123",162
"7486","1kmE3926N3124",219
"7487","1kmE3926N3125",146
"7488","1kmE3926N3126",97
"7489","1kmE3926N3127",69
"7490","1kmE3926N3128",136
"7491","1kmE3926N3129",128
"7492","1kmE3926N3130",75
"7493","1kmE3926N3131",75
"7494","1kmE3926N3132",134
"7495","1kmE3926N3133",91
"7496","1kmE3926N3134",196
"7497","1kmE3926N3135",243
"7498","1kmE3926N3136",227
"7499","1kmE3926N3137",175
"7500","1kmE3926N3138",238
"7501","1kmE3926N3139",254
"7502","1kmE3926N3140",183
"7503","1kmE3926N3141",130
"7504","1kmE3926N3142",107
"7505","1kmE3926N3143",77
"7506","1kmE3926N3144",96
"7507","1kmE3926N3145",110
"7508","1kmE3926N3146",190
"7509","1kmE3926N3147",190
"7510","1kmE3926N3148",142
"7511","1kmE3926N3149",133
"7512","1kmE3926N3150",156
"7513","1kmE3926N3151",176
"7514","1kmE3926N3152",116
"7515","1kmE3926N3153",101
"7516","1kmE3926N3154",155
"7517","1kmE3926N3155",140
"7518","1kmE3926N3156",49
"7519","1kmE3927N3084",43
"7520","1kmE3927N3085",72
"7521","1kmE3927N3086",78
"7522","1kmE3927N3087",150
"7523","1kmE3927N3088",154
"7524","1kmE3927N3089",221
"7525","1kmE3927N3090",341
"7526","1kmE3927N3091",288
"7527","1kmE3927N3092",256
"7528","1kmE3927N3093",221
"7529","1kmE3927N3094",188
"7530","1kmE3927N3095",166
"7531","1kmE3927N3096",155
"7532","1kmE3927N3097",155
"7533","1kmE3927N3098",252
"7534","1kmE3927N3099",226
"7535","1kmE3927N3100",283
"7536","1kmE3927N3101",255
"7537","1kmE3927N3102",266
"7538","1kmE3927N3103",242
"7539","1kmE3927N3104",200
"7540","1kmE3927N3105",112
"7541","1kmE3927N3106",75
"7542","1kmE3927N3107",126
"7543","1kmE3927N3108",127
"7544","1kmE3927N3109",151
"7545","1kmE3927N3110",139
"7546","1kmE3927N3111",122
"7547","1kmE3927N3112",240
"7548","1kmE3927N3113",212
"7549","1kmE3927N3114",151
"7550","1kmE3927N3115",64
"7551","1kmE3927N3116",102
"7552","1kmE3927N3117",94
"7553","1kmE3927N3118",38
"7554","1kmE3927N3119",139
"7555","1kmE3927N3120",213
"7556","1kmE3927N3121",158
"7557","1kmE3927N3122",127
"7558","1kmE3927N3123",118
"7559","1kmE3927N3124",181
"7560","1kmE3927N3125",161
"7561","1kmE3927N3126",89
"7562","1kmE3927N3127",64
"7563","1kmE3927N3128",94
"7564","1kmE3927N3129",112
"7565","1kmE3927N3130",76
"7566","1kmE3927N3131",123
"7567","1kmE3927N3132",200
"7568","1kmE3927N3133",114
"7569","1kmE3927N3134",92
"7570","1kmE3927N3135",189
"7571","1kmE3927N3136",253
"7572","1kmE3927N3137",243
"7573","1kmE3927N3138",256
"7574","1kmE3927N3139",254
"7575","1kmE3927N3140",184
"7576","1kmE3927N3141",100
"7577","1kmE3927N3142",94
"7578","1kmE3927N3143",100
"7579","1kmE3927N3144",76
"7580","1kmE3927N3145",84
"7581","1kmE3927N3146",240
"7582","1kmE3927N3147",220
"7583","1kmE3927N3148",153
"7584","1kmE3927N3149",139
"7585","1kmE3927N3150",124
"7586","1kmE3927N3151",215
"7587","1kmE3927N3152",223
"7588","1kmE3927N3153",140
"7589","1kmE3927N3154",121
"7590","1kmE3927N3155",90
"7591","1kmE3928N3084",88
"7592","1kmE3928N3085",76
"7593","1kmE3928N3086",140
"7594","1kmE3928N3087",269
"7595","1kmE3928N3088",183
"7596","1kmE3928N3089",174
"7597","1kmE3928N3090",293
"7598","1kmE3928N3091",253
"7599","1kmE3928N3092",264
"7600","1kmE3928N3093",250
"7601","1kmE3928N3094",270
"7602","1kmE3928N3095",234
"7603","1kmE3928N3096",216
"7604","1kmE3928N3097",196
"7605","1kmE3928N3098",228
"7606","1kmE3928N3099",210
"7607","1kmE3928N3100",230
"7608","1kmE3928N3101",242
"7609","1kmE3928N3102",216
"7610","1kmE3928N3103",201
"7611","1kmE3928N3104",131
"7612","1kmE3928N3105",123
"7613","1kmE3928N3106",91
"7614","1kmE3928N3107",144
"7615","1kmE3928N3108",133
"7616","1kmE3928N3109",140
"7617","1kmE3928N3110",88
"7618","1kmE3928N3111",57
"7619","1kmE3928N3112",213
"7620","1kmE3928N3113",156
"7621","1kmE3928N3114",140
"7622","1kmE3928N3115",66
"7623","1kmE3928N3116",89
"7624","1kmE3928N3117",67
"7625","1kmE3928N3118",28
"7626","1kmE3928N3119",165
"7627","1kmE3928N3120",236
"7628","1kmE3928N3121",189
"7629","1kmE3928N3122",120
"7630","1kmE3928N3123",144
"7631","1kmE3928N3124",116
"7632","1kmE3928N3125",78
"7633","1kmE3928N3126",114
"7634","1kmE3928N3127",61
"7635","1kmE3928N3128",112
"7636","1kmE3928N3129",114
"7637","1kmE3928N3130",87
"7638","1kmE3928N3131",200
"7639","1kmE3928N3132",194
"7640","1kmE3928N3133",95
"7641","1kmE3928N3134",17
"7642","1kmE3928N3135",201
"7643","1kmE3928N3136",244
"7644","1kmE3928N3137",228
"7645","1kmE3928N3138",217
"7646","1kmE3928N3139",221
"7647","1kmE3928N3140",184
"7648","1kmE3928N3141",91
"7649","1kmE3928N3142",103
"7650","1kmE3928N3143",134
"7651","1kmE3928N3144",112
"7652","1kmE3928N3145",115
"7653","1kmE3928N3146",183
"7654","1kmE3928N3147",166
"7655","1kmE3928N3148",108
"7656","1kmE3928N3149",78
"7657","1kmE3928N3150",41
"7658","1kmE3928N3151",142
"7659","1kmE3928N3152",145
"7660","1kmE3928N3153",116
"7661","1kmE3929N3085",74
"7662","1kmE3929N3086",85
"7663","1kmE3929N3087",272
"7664","1kmE3929N3088",250
"7665","1kmE3929N3089",152
"7666","1kmE3929N3090",144
"7667","1kmE3929N3091",240
"7668","1kmE3929N3092",347
"7669","1kmE3929N3093",286
"7670","1kmE3929N3094",293
"7671","1kmE3929N3095",274
"7672","1kmE3929N3096",273
"7673","1kmE3929N3097",259
"7674","1kmE3929N3098",157
"7675","1kmE3929N3099",124
"7676","1kmE3929N3100",153
"7677","1kmE3929N3101",217
"7678","1kmE3929N3102",196
"7679","1kmE3929N3103",114
"7680","1kmE3929N3104",93
"7681","1kmE3929N3105",81
"7682","1kmE3929N3106",33
"7683","1kmE3929N3107",132
"7684","1kmE3929N3108",88
"7685","1kmE3929N3109",28
"7686","1kmE3929N3110",31
"7687","1kmE3929N3111",95
"7688","1kmE3929N3112",95
"7689","1kmE3929N3113",29
"7690","1kmE3929N3114",51
"7691","1kmE3929N3115",29
"7692","1kmE3929N3116",17
"7693","1kmE3929N3117",83
"7694","1kmE3929N3118",108
"7695","1kmE3929N3119",131
"7696","1kmE3929N3120",158
"7697","1kmE3929N3121",153
"7698","1kmE3929N3122",109
"7699","1kmE3929N3123",108
"7700","1kmE3929N3124",58
"7701","1kmE3929N3125",44
"7702","1kmE3929N3126",162
"7703","1kmE3929N3127",80
"7704","1kmE3929N3128",65
"7705","1kmE3929N3129",66
"7706","1kmE3929N3130",95
"7707","1kmE3929N3131",204
"7708","1kmE3929N3132",150
"7709","1kmE3929N3133",55
"7710","1kmE3929N3134",93
"7711","1kmE3929N3135",220
"7712","1kmE3929N3136",212
"7713","1kmE3929N3137",171
"7714","1kmE3929N3138",163
"7715","1kmE3929N3139",210
"7716","1kmE3929N3140",208
"7717","1kmE3929N3141",97
"7718","1kmE3929N3142",92
"7719","1kmE3929N3143",202
"7720","1kmE3929N3144",197
"7721","1kmE3929N3145",194
"7722","1kmE3929N3146",233
"7723","1kmE3929N3147",181
"7724","1kmE3929N3148",129
"7725","1kmE3929N3149",99
"7726","1kmE3929N3150",67
"7727","1kmE3929N3151",136
"7728","1kmE3929N3152",157
"7729","1kmE3929N3153",78
"7730","1kmE3930N3085",66
"7731","1kmE3930N3086",179
"7732","1kmE3930N3087",208
"7733","1kmE3930N3088",197
"7734","1kmE3930N3089",120
"7735","1kmE3930N3090",137
"7736","1kmE3930N3091",229
"7737","1kmE3930N3092",277
"7738","1kmE3930N3093",236
"7739","1kmE3930N3094",203
"7740","1kmE3930N3095",217
"7741","1kmE3930N3096",251
"7742","1kmE3930N3097",280
"7743","1kmE3930N3098",125
"7744","1kmE3930N3099",46
"7745","1kmE3930N3100",68
"7746","1kmE3930N3101",128
"7747","1kmE3930N3102",100
"7748","1kmE3930N3103",58
"7749","1kmE3930N3104",92
"7750","1kmE3930N3105",32
"7751","1kmE3930N3106",125
"7752","1kmE3930N3107",133
"7753","1kmE3930N3108",169
"7754","1kmE3930N3109",91
"7755","1kmE3930N3110",59
"7756","1kmE3930N3111",187
"7757","1kmE3930N3112",58
"7758","1kmE3930N3113",17
"7759","1kmE3930N3114",9
"7760","1kmE3930N3115",25
"7761","1kmE3930N3116",65
"7762","1kmE3930N3117",120
"7763","1kmE3930N3118",137
"7764","1kmE3930N3119",170
"7765","1kmE3930N3120",169
"7766","1kmE3930N3121",129
"7767","1kmE3930N3122",136
"7768","1kmE3930N3123",103
"7769","1kmE3930N3124",93
"7770","1kmE3930N3125",74
"7771","1kmE3930N3126",57
"7772","1kmE3930N3127",30
"7773","1kmE3930N3128",115
"7774","1kmE3930N3129",163
"7775","1kmE3930N3130",149
"7776","1kmE3930N3131",167
"7777","1kmE3930N3132",89
"7778","1kmE3930N3133",126
"7779","1kmE3930N3134",193
"7780","1kmE3930N3135",189
"7781","1kmE3930N3136",117
"7782","1kmE3930N3137",158
"7783","1kmE3930N3138",164
"7784","1kmE3930N3139",197
"7785","1kmE3930N3140",231
"7786","1kmE3930N3141",162
"7787","1kmE3930N3142",127
"7788","1kmE3930N3143",189
"7789","1kmE3930N3144",256
"7790","1kmE3930N3145",236
"7791","1kmE3930N3146",180
"7792","1kmE3930N3147",119
"7793","1kmE3930N3148",154
"7794","1kmE3930N3149",135
"7795","1kmE3930N3150",155
"7796","1kmE3930N3151",227
"7797","1kmE3930N3152",205
"7798","1kmE3930N3153",104
"7799","1kmE3930N3159",90
"7800","1kmE3930N3160",80
"7801","1kmE3930N3163",127
"7802","1kmE3931N3085",76
"7803","1kmE3931N3086",59
"7804","1kmE3931N3087",100
"7805","1kmE3931N3088",72
"7806","1kmE3931N3089",91
"7807","1kmE3931N3090",131
"7808","1kmE3931N3091",147
"7809","1kmE3931N3092",164
"7810","1kmE3931N3093",181
"7811","1kmE3931N3094",171
"7812","1kmE3931N3095",164
"7813","1kmE3931N3096",165
"7814","1kmE3931N3097",160
"7815","1kmE3931N3098",88
"7816","1kmE3931N3099",68
"7817","1kmE3931N3100",133
"7818","1kmE3931N3101",92
"7819","1kmE3931N3102",14
"7820","1kmE3931N3103",35
"7821","1kmE3931N3104",110
"7822","1kmE3931N3105",74
"7823","1kmE3931N3106",150
"7824","1kmE3931N3107",71
"7825","1kmE3931N3108",143
"7826","1kmE3931N3109",90
"7827","1kmE3931N3110",60
"7828","1kmE3931N3111",52
"7829","1kmE3931N3112",52
"7830","1kmE3931N3113",140
"7831","1kmE3931N3114",53
"7832","1kmE3931N3115",112
"7833","1kmE3931N3116",154
"7834","1kmE3931N3117",193
"7835","1kmE3931N3118",157
"7836","1kmE3931N3119",159
"7837","1kmE3931N3120",143
"7838","1kmE3931N3121",60
"7839","1kmE3931N3122",159
"7840","1kmE3931N3123",94
"7841","1kmE3931N3124",34
"7842","1kmE3931N3125",91
"7843","1kmE3931N3126",36
"7844","1kmE3931N3127",81
"7845","1kmE3931N3128",106
"7846","1kmE3931N3129",217
"7847","1kmE3931N3130",171
"7848","1kmE3931N3131",191
"7849","1kmE3931N3132",180
"7850","1kmE3931N3133",166
"7851","1kmE3931N3134",226
"7852","1kmE3931N3135",230
"7853","1kmE3931N3136",179
"7854","1kmE3931N3137",260
"7855","1kmE3931N3138",157
"7856","1kmE3931N3139",154
"7857","1kmE3931N3140",156
"7858","1kmE3931N3141",98
"7859","1kmE3931N3142",129
"7860","1kmE3931N3143",243
"7861","1kmE3931N3144",263
"7862","1kmE3931N3145",221
"7863","1kmE3931N3146",177
"7864","1kmE3931N3147",54
"7865","1kmE3931N3148",67
"7866","1kmE3931N3149",106
"7867","1kmE3931N3150",37
"7868","1kmE3931N3151",105
"7869","1kmE3931N3152",152
"7870","1kmE3931N3153",112
"7871","1kmE3931N3157",29
"7872","1kmE3931N3158",103
"7873","1kmE3931N3159",145
"7874","1kmE3931N3160",130
"7875","1kmE3931N3161",123
"7876","1kmE3931N3162",88
"7877","1kmE3931N3163",160
"7878","1kmE3931N3164",105
"7879","1kmE3932N3084",34
"7880","1kmE3932N3085",46
"7881","1kmE3932N3086",93
"7882","1kmE3932N3087",191
"7883","1kmE3932N3088",89
"7884","1kmE3932N3089",96
"7885","1kmE3932N3090",130
"7886","1kmE3932N3091",123
"7887","1kmE3932N3092",144
"7888","1kmE3932N3093",110
"7889","1kmE3932N3094",85
"7890","1kmE3932N3095",91
"7891","1kmE3932N3096",100
"7892","1kmE3932N3097",128
"7893","1kmE3932N3098",138
"7894","1kmE3932N3099",45
"7895","1kmE3932N3100",98
"7896","1kmE3932N3101",33
"7897","1kmE3932N3102",12
"7898","1kmE3932N3103",138
"7899","1kmE3932N3104",176
"7900","1kmE3932N3105",73
"7901","1kmE3932N3106",52
"7902","1kmE3932N3107",124
"7903","1kmE3932N3108",88
"7904","1kmE3932N3109",180
"7905","1kmE3932N3110",163
"7906","1kmE3932N3111",32
"7907","1kmE3932N3112",38
"7908","1kmE3932N3113",115
"7909","1kmE3932N3114",156
"7910","1kmE3932N3115",233
"7911","1kmE3932N3116",185
"7912","1kmE3932N3117",196
"7913","1kmE3932N3118",160
"7914","1kmE3932N3119",49
"7915","1kmE3932N3120",155
"7916","1kmE3932N3121",125
"7917","1kmE3932N3122",91
"7918","1kmE3932N3123",24
"7919","1kmE3932N3124",20
"7920","1kmE3932N3125",47
"7921","1kmE3932N3126",105
"7922","1kmE3932N3127",87
"7923","1kmE3932N3128",62
"7924","1kmE3932N3129",162
"7925","1kmE3932N3130",166
"7926","1kmE3932N3131",213
"7927","1kmE3932N3132",222
"7928","1kmE3932N3133",121
"7929","1kmE3932N3134",248
"7930","1kmE3932N3135",248
"7931","1kmE3932N3136",158
"7932","1kmE3932N3137",157
"7933","1kmE3932N3138",126
"7934","1kmE3932N3139",160
"7935","1kmE3932N3140",63
"7936","1kmE3932N3141",85
"7937","1kmE3932N3142",180
"7938","1kmE3932N3143",276
"7939","1kmE3932N3144",265
"7940","1kmE3932N3145",165
"7941","1kmE3932N3146",123
"7942","1kmE3932N3147",66
"7943","1kmE3932N3148",126
"7944","1kmE3932N3149",65
"7945","1kmE3932N3150",31
"7946","1kmE3932N3151",126
"7947","1kmE3932N3152",199
"7948","1kmE3932N3153",149
"7949","1kmE3932N3154",30
"7950","1kmE3932N3156",40
"7951","1kmE3932N3157",65
"7952","1kmE3932N3158",125
"7953","1kmE3932N3159",175
"7954","1kmE3932N3160",150
"7955","1kmE3932N3161",152
"7956","1kmE3932N3162",132
"7957","1kmE3932N3163",180
"7958","1kmE3932N3164",165
"7959","1kmE3933N3083",74
"7960","1kmE3933N3084",63
"7961","1kmE3933N3085",68
"7962","1kmE3933N3086",119
"7963","1kmE3933N3087",201
"7964","1kmE3933N3088",110
"7965","1kmE3933N3089",70
"7966","1kmE3933N3090",73
"7967","1kmE3933N3091",130
"7968","1kmE3933N3092",98
"7969","1kmE3933N3093",47
"7970","1kmE3933N3094",61
"7971","1kmE3933N3095",105
"7972","1kmE3933N3096",121
"7973","1kmE3933N3097",145
"7974","1kmE3933N3098",37
"7975","1kmE3933N3099",54
"7976","1kmE3933N3100",82
"7977","1kmE3933N3101",1
"7978","1kmE3933N3102",11
"7979","1kmE3933N3103",101
"7980","1kmE3933N3104",183
"7981","1kmE3933N3105",117
"7982","1kmE3933N3106",84
"7983","1kmE3933N3107",173
"7984","1kmE3933N3108",70
"7985","1kmE3933N3109",105
"7986","1kmE3933N3110",53
"7987","1kmE3933N3111",79
"7988","1kmE3933N3112",99
"7989","1kmE3933N3113",162
"7990","1kmE3933N3114",127
"7991","1kmE3933N3115",180
"7992","1kmE3933N3116",166
"7993","1kmE3933N3117",131
"7994","1kmE3933N3118",125
"7995","1kmE3933N3119",65
"7996","1kmE3933N3120",151
"7997","1kmE3933N3121",195
"7998","1kmE3933N3122",89
"7999","1kmE3933N3123",51
"8000","1kmE3933N3124",92
"8001","1kmE3933N3125",116
"8002","1kmE3933N3126",114
"8003","1kmE3933N3127",79
"8004","1kmE3933N3128",125
"8005","1kmE3933N3129",53
"8006","1kmE3933N3130",65
"8007","1kmE3933N3131",76
"8008","1kmE3933N3132",113
"8009","1kmE3933N3133",190
"8010","1kmE3933N3134",83
"8011","1kmE3933N3135",144
"8012","1kmE3933N3136",165
"8013","1kmE3933N3137",174
"8014","1kmE3933N3138",169
"8015","1kmE3933N3139",162
"8016","1kmE3933N3140",116
"8017","1kmE3933N3141",88
"8018","1kmE3933N3142",120
"8019","1kmE3933N3143",199
"8020","1kmE3933N3144",200
"8021","1kmE3933N3145",157
"8022","1kmE3933N3146",113
"8023","1kmE3933N3147",25
"8024","1kmE3933N3148",51
"8025","1kmE3933N3149",98
"8026","1kmE3933N3150",109
"8027","1kmE3933N3151",130
"8028","1kmE3933N3152",168
"8029","1kmE3933N3153",97
"8030","1kmE3933N3154",43
"8031","1kmE3933N3155",63
"8032","1kmE3933N3156",59
"8033","1kmE3933N3157",88
"8034","1kmE3933N3158",141
"8035","1kmE3933N3159",188
"8036","1kmE3933N3160",237
"8037","1kmE3933N3161",177
"8038","1kmE3933N3162",166
"8039","1kmE3933N3163",185
"8040","1kmE3933N3164",166
"8041","1kmE3933N3165",139
"8042","1kmE3934N3082",86
"8043","1kmE3934N3083",130
"8044","1kmE3934N3084",72
"8045","1kmE3934N3085",44
"8046","1kmE3934N3086",128
"8047","1kmE3934N3087",162
"8048","1kmE3934N3088",73
"8049","1kmE3934N3089",50
"8050","1kmE3934N3090",58
"8051","1kmE3934N3091",124
"8052","1kmE3934N3092",134
"8053","1kmE3934N3093",108
"8054","1kmE3934N3094",124
"8055","1kmE3934N3095",97
"8056","1kmE3934N3096",52
"8057","1kmE3934N3097",59
"8058","1kmE3934N3098",66
"8059","1kmE3934N3099",55
"8060","1kmE3934N3100",88
"8061","1kmE3934N3101",1
"8062","1kmE3934N3102",38
"8063","1kmE3934N3103",63
"8064","1kmE3934N3104",74
"8065","1kmE3934N3105",121
"8066","1kmE3934N3106",83
"8067","1kmE3934N3107",76
"8068","1kmE3934N3108",69
"8069","1kmE3934N3109",44
"8070","1kmE3934N3110",110
"8071","1kmE3934N3111",140
"8072","1kmE3934N3112",50
"8073","1kmE3934N3113",82
"8074","1kmE3934N3114",48
"8075","1kmE3934N3115",137
"8076","1kmE3934N3116",183
"8077","1kmE3934N3117",127
"8078","1kmE3934N3118",160
"8079","1kmE3934N3119",62
"8080","1kmE3934N3120",118
"8081","1kmE3934N3121",156
"8082","1kmE3934N3122",86
"8083","1kmE3934N3123",26
"8084","1kmE3934N3124",48
"8085","1kmE3934N3125",24
"8086","1kmE3934N3126",54
"8087","1kmE3934N3127",120
"8088","1kmE3934N3128",97
"8089","1kmE3934N3129",133
"8090","1kmE3934N3130",61
"8091","1kmE3934N3131",93
"8092","1kmE3934N3132",166
"8093","1kmE3934N3133",219
"8094","1kmE3934N3134",149
"8095","1kmE3934N3135",188
"8096","1kmE3934N3136",152
"8097","1kmE3934N3137",246
"8098","1kmE3934N3138",113
"8099","1kmE3934N3139",116
"8100","1kmE3934N3140",110
"8101","1kmE3934N3141",117
"8102","1kmE3934N3142",136
"8103","1kmE3934N3143",100
"8104","1kmE3934N3144",90
"8105","1kmE3934N3145",89
"8106","1kmE3934N3146",30
"8107","1kmE3934N3147",48
"8108","1kmE3934N3148",115
"8109","1kmE3934N3149",181
"8110","1kmE3934N3150",175
"8111","1kmE3934N3151",169
"8112","1kmE3934N3152",106
"8113","1kmE3934N3153",120
"8114","1kmE3934N3154",153
"8115","1kmE3934N3155",174
"8116","1kmE3934N3156",125
"8117","1kmE3934N3157",126
"8118","1kmE3934N3158",161
"8119","1kmE3934N3159",195
"8120","1kmE3934N3160",259
"8121","1kmE3934N3161",194
"8122","1kmE3934N3162",162
"8123","1kmE3934N3163",196
"8124","1kmE3934N3164",204
"8125","1kmE3934N3165",148
"8126","1kmE3935N3083",89
"8127","1kmE3935N3084",48
"8128","1kmE3935N3085",86
"8129","1kmE3935N3086",101
"8130","1kmE3935N3087",96
"8131","1kmE3935N3088",61
"8132","1kmE3935N3089",27
"8133","1kmE3935N3090",86
"8134","1kmE3935N3091",146
"8135","1kmE3935N3092",173
"8136","1kmE3935N3093",158
"8137","1kmE3935N3094",142
"8138","1kmE3935N3095",138
"8139","1kmE3935N3096",85
"8140","1kmE3935N3097",32
"8141","1kmE3935N3098",29
"8142","1kmE3935N3099",20
"8143","1kmE3935N3100",25
"8144","1kmE3935N3101",3
"8145","1kmE3935N3102",83
"8146","1kmE3935N3103",133
"8147","1kmE3935N3104",50
"8148","1kmE3935N3105",85
"8149","1kmE3935N3106",137
"8150","1kmE3935N3107",136
"8151","1kmE3935N3108",118
"8152","1kmE3935N3109",53
"8153","1kmE3935N3110",110
"8154","1kmE3935N3111",120
"8155","1kmE3935N3112",73
"8156","1kmE3935N3113",75
"8157","1kmE3935N3114",161
"8158","1kmE3935N3115",237
"8159","1kmE3935N3116",182
"8160","1kmE3935N3117",100
"8161","1kmE3935N3118",106
"8162","1kmE3935N3119",34
"8163","1kmE3935N3120",106
"8164","1kmE3935N3121",201
"8165","1kmE3935N3122",199
"8166","1kmE3935N3123",135
"8167","1kmE3935N3124",147
"8168","1kmE3935N3125",23
"8169","1kmE3935N3126",54
"8170","1kmE3935N3127",95
"8171","1kmE3935N3128",54
"8172","1kmE3935N3129",84
"8173","1kmE3935N3130",77
"8174","1kmE3935N3131",145
"8175","1kmE3935N3132",159
"8176","1kmE3935N3133",164
"8177","1kmE3935N3134",216
"8178","1kmE3935N3135",156
"8179","1kmE3935N3136",185
"8180","1kmE3935N3137",236
"8181","1kmE3935N3138",69
"8182","1kmE3935N3139",77
"8183","1kmE3935N3140",121
"8184","1kmE3935N3141",175
"8185","1kmE3935N3142",123
"8186","1kmE3935N3143",85
"8187","1kmE3935N3144",117
"8188","1kmE3935N3145",73
"8189","1kmE3935N3146",33
"8190","1kmE3935N3147",83
"8191","1kmE3935N3148",134
"8192","1kmE3935N3149",163
"8193","1kmE3935N3150",126
"8194","1kmE3935N3151",116
"8195","1kmE3935N3152",101
"8196","1kmE3935N3153",137
"8197","1kmE3935N3154",181
"8198","1kmE3935N3155",194
"8199","1kmE3935N3156",222
"8200","1kmE3935N3157",245
"8201","1kmE3935N3158",179
"8202","1kmE3935N3159",165
"8203","1kmE3935N3160",195
"8204","1kmE3935N3161",205
"8205","1kmE3935N3162",200
"8206","1kmE3935N3163",225
"8207","1kmE3935N3164",258
"8208","1kmE3935N3165",257
"8209","1kmE3936N3084",86
"8210","1kmE3936N3085",91
"8211","1kmE3936N3086",54
"8212","1kmE3936N3087",98
"8213","1kmE3936N3088",107
"8214","1kmE3936N3089",79
"8215","1kmE3936N3090",74
"8216","1kmE3936N3091",103
"8217","1kmE3936N3092",130
"8218","1kmE3936N3093",200
"8219","1kmE3936N3094",186
"8220","1kmE3936N3095",144
"8221","1kmE3936N3096",109
"8222","1kmE3936N3097",94
"8223","1kmE3936N3098",92
"8224","1kmE3936N3099",83
"8225","1kmE3936N3100",86
"8226","1kmE3936N3101",73
"8227","1kmE3936N3102",71
"8228","1kmE3936N3103",77
"8229","1kmE3936N3104",153
"8230","1kmE3936N3105",189
"8231","1kmE3936N3106",135
"8232","1kmE3936N3107",130
"8233","1kmE3936N3108",85
"8234","1kmE3936N3109",148
"8235","1kmE3936N3110",172
"8236","1kmE3936N3111",94
"8237","1kmE3936N3112",133
"8238","1kmE3936N3113",123
"8239","1kmE3936N3114",209
"8240","1kmE3936N3115",235
"8241","1kmE3936N3116",169
"8242","1kmE3936N3117",104
"8243","1kmE3936N3118",13
"8244","1kmE3936N3119",36
"8245","1kmE3936N3120",45
"8246","1kmE3936N3121",81
"8247","1kmE3936N3122",86
"8248","1kmE3936N3123",36
"8249","1kmE3936N3124",132
"8250","1kmE3936N3125",155
"8251","1kmE3936N3126",93
"8252","1kmE3936N3127",98
"8253","1kmE3936N3128",109
"8254","1kmE3936N3129",80
"8255","1kmE3936N3130",84
"8256","1kmE3936N3131",133
"8257","1kmE3936N3132",172
"8258","1kmE3936N3133",133
"8259","1kmE3936N3134",136
"8260","1kmE3936N3135",64
"8261","1kmE3936N3136",105
"8262","1kmE3936N3137",170
"8263","1kmE3936N3138",154
"8264","1kmE3936N3139",183
"8265","1kmE3936N3140",113
"8266","1kmE3936N3141",205
"8267","1kmE3936N3142",225
"8268","1kmE3936N3143",99
"8269","1kmE3936N3144",75
"8270","1kmE3936N3145",44
"8271","1kmE3936N3146",62
"8272","1kmE3936N3147",65
"8273","1kmE3936N3148",34
"8274","1kmE3936N3149",125
"8275","1kmE3936N3150",157
"8276","1kmE3936N3151",70
"8277","1kmE3936N3152",72
"8278","1kmE3936N3153",110
"8279","1kmE3936N3154",183
"8280","1kmE3936N3155",211
"8281","1kmE3936N3156",226
"8282","1kmE3936N3157",228
"8283","1kmE3936N3158",199
"8284","1kmE3936N3159",214
"8285","1kmE3936N3160",227
"8286","1kmE3936N3161",237
"8287","1kmE3936N3162",220
"8288","1kmE3936N3163",218
"8289","1kmE3936N3164",241
"8290","1kmE3936N3165",223
"8291","1kmE3937N3084",65
"8292","1kmE3937N3085",124
"8293","1kmE3937N3086",91
"8294","1kmE3937N3087",64
"8295","1kmE3937N3088",149
"8296","1kmE3937N3089",182
"8297","1kmE3937N3090",131
"8298","1kmE3937N3091",74
"8299","1kmE3937N3092",58
"8300","1kmE3937N3093",160
"8301","1kmE3937N3094",186
"8302","1kmE3937N3095",135
"8303","1kmE3937N3096",109
"8304","1kmE3937N3097",91
"8305","1kmE3937N3098",99
"8306","1kmE3937N3099",165
"8307","1kmE3937N3100",161
"8308","1kmE3937N3101",53
"8309","1kmE3937N3102",38
"8310","1kmE3937N3103",77
"8311","1kmE3937N3104",292
"8312","1kmE3937N3105",252
"8313","1kmE3937N3106",89
"8314","1kmE3937N3107",107
"8315","1kmE3937N3108",106
"8316","1kmE3937N3109",92
"8317","1kmE3937N3110",83
"8318","1kmE3937N3111",53
"8319","1kmE3937N3112",149
"8320","1kmE3937N3113",165
"8321","1kmE3937N3114",178
"8322","1kmE3937N3115",188
"8323","1kmE3937N3116",134
"8324","1kmE3937N3117",87
"8325","1kmE3937N3118",35
"8326","1kmE3937N3119",32
"8327","1kmE3937N3120",32
"8328","1kmE3937N3121",11
"8329","1kmE3937N3122",25
"8330","1kmE3937N3123",27
"8331","1kmE3937N3124",38
"8332","1kmE3937N3125",78
"8333","1kmE3937N3126",177
"8334","1kmE3937N3127",204
"8335","1kmE3937N3128",149
"8336","1kmE3937N3129",105
"8337","1kmE3937N3130",82
"8338","1kmE3937N3131",108
"8339","1kmE3937N3132",132
"8340","1kmE3937N3133",131
"8341","1kmE3937N3134",130
"8342","1kmE3937N3135",93
"8343","1kmE3937N3136",52
"8344","1kmE3937N3137",61
"8345","1kmE3937N3138",47
"8346","1kmE3937N3139",147
"8347","1kmE3937N3140",162
"8348","1kmE3937N3141",150
"8349","1kmE3937N3142",183
"8350","1kmE3937N3143",96
"8351","1kmE3937N3144",121
"8352","1kmE3937N3145",99
"8353","1kmE3937N3146",93
"8354","1kmE3937N3147",105
"8355","1kmE3937N3148",62
"8356","1kmE3937N3149",162
"8357","1kmE3937N3150",178
"8358","1kmE3937N3151",165
"8359","1kmE3937N3152",183
"8360","1kmE3937N3153",160
"8361","1kmE3937N3154",174
"8362","1kmE3937N3155",164
"8363","1kmE3937N3156",145
"8364","1kmE3937N3157",154
"8365","1kmE3937N3158",146
"8366","1kmE3937N3159",197
"8367","1kmE3937N3160",227
"8368","1kmE3937N3161",242
"8369","1kmE3937N3162",211
"8370","1kmE3937N3163",231
"8371","1kmE3937N3164",232
"8372","1kmE3937N3165",252
"8373","1kmE3937N3166",229
"8374","1kmE3938N3084",79
"8375","1kmE3938N3085",195
"8376","1kmE3938N3086",202
"8377","1kmE3938N3087",102
"8378","1kmE3938N3088",184
"8379","1kmE3938N3089",214
"8380","1kmE3938N3090",150
"8381","1kmE3938N3091",107
"8382","1kmE3938N3092",95
"8383","1kmE3938N3093",98
"8384","1kmE3938N3094",157
"8385","1kmE3938N3095",94
"8386","1kmE3938N3096",17
"8387","1kmE3938N3097",127
"8388","1kmE3938N3098",143
"8389","1kmE3938N3099",147
"8390","1kmE3938N3100",96
"8391","1kmE3938N3101",16
"8392","1kmE3938N3102",88
"8393","1kmE3938N3103",85
"8394","1kmE3938N3104",255
"8395","1kmE3938N3105",234
"8396","1kmE3938N3106",83
"8397","1kmE3938N3107",116
"8398","1kmE3938N3108",97
"8399","1kmE3938N3109",80
"8400","1kmE3938N3110",63
"8401","1kmE3938N3111",77
"8402","1kmE3938N3112",127
"8403","1kmE3938N3113",152
"8404","1kmE3938N3114",116
"8405","1kmE3938N3115",99
"8406","1kmE3938N3116",71
"8407","1kmE3938N3117",78
"8408","1kmE3938N3118",50
"8409","1kmE3938N3119",61
"8410","1kmE3938N3120",83
"8411","1kmE3938N3121",34
"8412","1kmE3938N3122",61
"8413","1kmE3938N3123",56
"8414","1kmE3938N3124",143
"8415","1kmE3938N3125",171
"8416","1kmE3938N3126",152
"8417","1kmE3938N3127",148
"8418","1kmE3938N3128",143
"8419","1kmE3938N3129",133
"8420","1kmE3938N3130",52
"8421","1kmE3938N3131",97
"8422","1kmE3938N3132",124
"8423","1kmE3938N3133",93
"8424","1kmE3938N3134",95
"8425","1kmE3938N3135",35
"8426","1kmE3938N3136",103
"8427","1kmE3938N3137",178
"8428","1kmE3938N3138",140
"8429","1kmE3938N3139",146
"8430","1kmE3938N3140",136
"8431","1kmE3938N3141",111
"8432","1kmE3938N3142",144
"8433","1kmE3938N3143",126
"8434","1kmE3938N3144",115
"8435","1kmE3938N3145",140
"8436","1kmE3938N3146",84
"8437","1kmE3938N3147",102
"8438","1kmE3938N3148",188
"8439","1kmE3938N3149",198
"8440","1kmE3938N3150",172
"8441","1kmE3938N3151",223
"8442","1kmE3938N3152",182
"8443","1kmE3938N3153",162
"8444","1kmE3938N3154",137
"8445","1kmE3938N3155",81
"8446","1kmE3938N3156",95
"8447","1kmE3938N3157",116
"8448","1kmE3938N3158",111
"8449","1kmE3938N3159",154
"8450","1kmE3938N3160",149
"8451","1kmE3938N3161",141
"8452","1kmE3938N3162",148
"8453","1kmE3938N3163",191
"8454","1kmE3938N3164",194
"8455","1kmE3938N3165",210
"8456","1kmE3938N3166",205
"8457","1kmE3939N3085",98
"8458","1kmE3939N3086",169
"8459","1kmE3939N3087",133
"8460","1kmE3939N3088",122
"8461","1kmE3939N3089",173
"8462","1kmE3939N3090",133
"8463","1kmE3939N3091",128
"8464","1kmE3939N3092",108
"8465","1kmE3939N3093",120
"8466","1kmE3939N3094",197
"8467","1kmE3939N3095",171
"8468","1kmE3939N3096",76
"8469","1kmE3939N3097",67
"8470","1kmE3939N3098",150
"8471","1kmE3939N3099",165
"8472","1kmE3939N3100",128
"8473","1kmE3939N3101",59
"8474","1kmE3939N3102",159
"8475","1kmE3939N3103",232
"8476","1kmE3939N3104",188
"8477","1kmE3939N3105",106
"8478","1kmE3939N3106",92
"8479","1kmE3939N3107",89
"8480","1kmE3939N3108",40
"8481","1kmE3939N3109",199
"8482","1kmE3939N3110",165
"8483","1kmE3939N3111",187
"8484","1kmE3939N3112",207
"8485","1kmE3939N3113",205
"8486","1kmE3939N3114",160
"8487","1kmE3939N3115",82
"8488","1kmE3939N3116",73
"8489","1kmE3939N3117",76
"8490","1kmE3939N3118",59
"8491","1kmE3939N3119",50
"8492","1kmE3939N3120",99
"8493","1kmE3939N3121",92
"8494","1kmE3939N3122",36
"8495","1kmE3939N3123",9
"8496","1kmE3939N3124",74
"8497","1kmE3939N3125",126
"8498","1kmE3939N3126",127
"8499","1kmE3939N3127",74
"8500","1kmE3939N3128",141
"8501","1kmE3939N3129",102
"8502","1kmE3939N3130",54
"8503","1kmE3939N3131",158
"8504","1kmE3939N3132",136
"8505","1kmE3939N3133",63
"8506","1kmE3939N3134",122
"8507","1kmE3939N3135",95
"8508","1kmE3939N3136",54
"8509","1kmE3939N3137",119
"8510","1kmE3939N3138",137
"8511","1kmE3939N3139",62
"8512","1kmE3939N3140",116
"8513","1kmE3939N3141",106
"8514","1kmE3939N3142",86
"8515","1kmE3939N3143",132
"8516","1kmE3939N3144",128
"8517","1kmE3939N3145",99
"8518","1kmE3939N3146",137
"8519","1kmE3939N3147",200
"8520","1kmE3939N3148",174
"8521","1kmE3939N3149",131
"8522","1kmE3939N3150",137
"8523","1kmE3939N3151",127
"8524","1kmE3939N3152",118
"8525","1kmE3939N3153",104
"8526","1kmE3939N3154",102
"8527","1kmE3939N3155",114
"8528","1kmE3939N3156",129
"8529","1kmE3939N3157",143
"8530","1kmE3939N3158",133
"8531","1kmE3939N3159",152
"8532","1kmE3939N3160",141
"8533","1kmE3939N3161",124
"8534","1kmE3939N3162",167
"8535","1kmE3939N3163",197
"8536","1kmE3939N3164",194
"8537","1kmE3939N3165",173
"8538","1kmE3939N3166",134
"8539","1kmE3940N3083",31
"8540","1kmE3940N3084",80
"8541","1kmE3940N3085",103
"8542","1kmE3940N3086",248
"8543","1kmE3940N3087",251
"8544","1kmE3940N3088",141
"8545","1kmE3940N3089",176
"8546","1kmE3940N3090",198
"8547","1kmE3940N3091",156
"8548","1kmE3940N3092",149
"8549","1kmE3940N3093",151
"8550","1kmE3940N3094",217
"8551","1kmE3940N3095",202
"8552","1kmE3940N3096",109
"8553","1kmE3940N3097",38
"8554","1kmE3940N3098",75
"8555","1kmE3940N3099",107
"8556","1kmE3940N3100",237
"8557","1kmE3940N3101",171
"8558","1kmE3940N3102",150
"8559","1kmE3940N3103",229
"8560","1kmE3940N3104",194
"8561","1kmE3940N3105",120
"8562","1kmE3940N3106",72
"8563","1kmE3940N3107",115
"8564","1kmE3940N3108",72
"8565","1kmE3940N3109",89
"8566","1kmE3940N3110",195
"8567","1kmE3940N3111",250
"8568","1kmE3940N3112",249
"8569","1kmE3940N3113",237
"8570","1kmE3940N3114",195
"8571","1kmE3940N3115",86
"8572","1kmE3940N3116",36
"8573","1kmE3940N3117",84
"8574","1kmE3940N3118",84
"8575","1kmE3940N3119",71
"8576","1kmE3940N3120",100
"8577","1kmE3940N3121",126
"8578","1kmE3940N3122",90
"8579","1kmE3940N3123",11
"8580","1kmE3940N3124",90
"8581","1kmE3940N3125",100
"8582","1kmE3940N3126",185
"8583","1kmE3940N3127",175
"8584","1kmE3940N3128",143
"8585","1kmE3940N3129",50
"8586","1kmE3940N3130",35
"8587","1kmE3940N3131",170
"8588","1kmE3940N3132",117
"8589","1kmE3940N3133",13
"8590","1kmE3940N3134",154
"8591","1kmE3940N3135",117
"8592","1kmE3940N3136",51
"8593","1kmE3940N3137",57
"8594","1kmE3940N3138",61
"8595","1kmE3940N3139",22
"8596","1kmE3940N3140",105
"8597","1kmE3940N3141",91
"8598","1kmE3940N3142",129
"8599","1kmE3940N3143",129
"8600","1kmE3940N3144",131
"8601","1kmE3940N3145",154
"8602","1kmE3940N3146",213
"8603","1kmE3940N3147",176
"8604","1kmE3940N3148",107
"8605","1kmE3940N3149",136
"8606","1kmE3940N3150",125
"8607","1kmE3940N3151",71
"8608","1kmE3940N3152",68
"8609","1kmE3940N3153",84
"8610","1kmE3940N3154",97
"8611","1kmE3940N3155",118
"8612","1kmE3940N3156",120
"8613","1kmE3940N3157",139
"8614","1kmE3940N3158",123
"8615","1kmE3940N3159",159
"8616","1kmE3940N3160",187
"8617","1kmE3940N3161",132
"8618","1kmE3940N3162",131
"8619","1kmE3940N3163",158
"8620","1kmE3940N3164",183
"8621","1kmE3940N3165",168
"8622","1kmE3940N3166",124
"8623","1kmE3941N3084",70
"8624","1kmE3941N3085",94
"8625","1kmE3941N3086",233
"8626","1kmE3941N3087",282
"8627","1kmE3941N3088",258
"8628","1kmE3941N3089",223
"8629","1kmE3941N3090",217
"8630","1kmE3941N3091",236
"8631","1kmE3941N3092",215
"8632","1kmE3941N3093",166
"8633","1kmE3941N3094",175
"8634","1kmE3941N3095",145
"8635","1kmE3941N3096",142
"8636","1kmE3941N3097",101
"8637","1kmE3941N3098",86
"8638","1kmE3941N3099",92
"8639","1kmE3941N3100",174
"8640","1kmE3941N3101",251
"8641","1kmE3941N3102",195
"8642","1kmE3941N3103",190
"8643","1kmE3941N3104",193
"8644","1kmE3941N3105",170
"8645","1kmE3941N3106",76
"8646","1kmE3941N3107",155
"8647","1kmE3941N3108",140
"8648","1kmE3941N3109",191
"8649","1kmE3941N3110",240
"8650","1kmE3941N3111",247
"8651","1kmE3941N3112",202
"8652","1kmE3941N3113",255
"8653","1kmE3941N3114",232
"8654","1kmE3941N3115",171
"8655","1kmE3941N3116",78
"8656","1kmE3941N3117",82
"8657","1kmE3941N3118",83
"8658","1kmE3941N3119",84
"8659","1kmE3941N3120",66
"8660","1kmE3941N3121",126
"8661","1kmE3941N3122",121
"8662","1kmE3941N3123",64
"8663","1kmE3941N3124",14
"8664","1kmE3941N3125",122
"8665","1kmE3941N3126",201
"8666","1kmE3941N3127",154
"8667","1kmE3941N3128",191
"8668","1kmE3941N3129",120
"8669","1kmE3941N3130",100
"8670","1kmE3941N3131",141
"8671","1kmE3941N3132",81
"8672","1kmE3941N3133",29
"8673","1kmE3941N3134",181
"8674","1kmE3941N3135",161
"8675","1kmE3941N3136",156
"8676","1kmE3941N3137",227
"8677","1kmE3941N3138",175
"8678","1kmE3941N3139",49
"8679","1kmE3941N3140",84
"8680","1kmE3941N3141",59
"8681","1kmE3941N3142",125
"8682","1kmE3941N3143",135
"8683","1kmE3941N3144",80
"8684","1kmE3941N3145",179
"8685","1kmE3941N3146",178
"8686","1kmE3941N3147",129
"8687","1kmE3941N3148",76
"8688","1kmE3941N3149",157
"8689","1kmE3941N3150",166
"8690","1kmE3941N3151",156
"8691","1kmE3941N3152",102
"8692","1kmE3941N3153",86
"8693","1kmE3941N3154",62
"8694","1kmE3941N3155",79
"8695","1kmE3941N3156",102
"8696","1kmE3941N3157",107
"8697","1kmE3941N3158",104
"8698","1kmE3941N3159",166
"8699","1kmE3941N3160",184
"8700","1kmE3941N3161",142
"8701","1kmE3941N3162",101
"8702","1kmE3941N3163",140
"8703","1kmE3941N3164",182
"8704","1kmE3941N3165",225
"8705","1kmE3941N3166",218
"8706","1kmE3942N3083",28
"8707","1kmE3942N3084",127
"8708","1kmE3942N3085",100
"8709","1kmE3942N3086",139
"8710","1kmE3942N3087",209
"8711","1kmE3942N3088",272
"8712","1kmE3942N3089",283
"8713","1kmE3942N3090",222
"8714","1kmE3942N3091",244
"8715","1kmE3942N3092",240
"8716","1kmE3942N3093",194
"8717","1kmE3942N3094",207
"8718","1kmE3942N3095",159
"8719","1kmE3942N3096",180
"8720","1kmE3942N3097",209
"8721","1kmE3942N3098",165
"8722","1kmE3942N3099",116
"8723","1kmE3942N3100",140
"8724","1kmE3942N3101",207
"8725","1kmE3942N3102",195
"8726","1kmE3942N3103",162
"8727","1kmE3942N3104",141
"8728","1kmE3942N3105",137
"8729","1kmE3942N3106",47
"8730","1kmE3942N3107",134
"8731","1kmE3942N3108",143
"8732","1kmE3942N3109",232
"8733","1kmE3942N3110",190
"8734","1kmE3942N3111",262
"8735","1kmE3942N3112",175
"8736","1kmE3942N3113",185
"8737","1kmE3942N3114",172
"8738","1kmE3942N3115",159
"8739","1kmE3942N3116",73
"8740","1kmE3942N3117",18
"8741","1kmE3942N3118",52
"8742","1kmE3942N3119",76
"8743","1kmE3942N3120",28
"8744","1kmE3942N3121",30
"8745","1kmE3942N3122",30
"8746","1kmE3942N3123",128
"8747","1kmE3942N3124",69
"8748","1kmE3942N3125",130
"8749","1kmE3942N3126",129
"8750","1kmE3942N3127",174
"8751","1kmE3942N3128",185
"8752","1kmE3942N3129",253
"8753","1kmE3942N3130",194
"8754","1kmE3942N3131",126
"8755","1kmE3942N3132",104
"8756","1kmE3942N3133",28
"8757","1kmE3942N3134",148
"8758","1kmE3942N3135",96
"8759","1kmE3942N3136",117
"8760","1kmE3942N3137",233
"8761","1kmE3942N3138",116
"8762","1kmE3942N3139",21
"8763","1kmE3942N3140",103
"8764","1kmE3942N3141",82
"8765","1kmE3942N3142",165
"8766","1kmE3942N3143",169
"8767","1kmE3942N3144",152
"8768","1kmE3942N3145",145
"8769","1kmE3942N3146",135
"8770","1kmE3942N3147",116
"8771","1kmE3942N3148",83
"8772","1kmE3942N3149",148
"8773","1kmE3942N3150",173
"8774","1kmE3942N3151",148
"8775","1kmE3942N3152",123
"8776","1kmE3942N3153",130
"8777","1kmE3942N3154",74
"8778","1kmE3942N3155",41
"8779","1kmE3942N3156",99
"8780","1kmE3942N3157",83
"8781","1kmE3942N3158",85
"8782","1kmE3942N3159",127
"8783","1kmE3942N3160",172
"8784","1kmE3942N3164",116
"8785","1kmE3942N3165",155
"8786","1kmE3942N3166",167
"8787","1kmE3943N3084",147
"8788","1kmE3943N3085",202
"8789","1kmE3943N3086",123
"8790","1kmE3943N3087",101
"8791","1kmE3943N3088",212
"8792","1kmE3943N3089",237
"8793","1kmE3943N3090",218
"8794","1kmE3943N3091",227
"8795","1kmE3943N3092",296
"8796","1kmE3943N3093",242
"8797","1kmE3943N3094",243
"8798","1kmE3943N3095",194
"8799","1kmE3943N3096",150
"8800","1kmE3943N3097",94
"8801","1kmE3943N3098",118
"8802","1kmE3943N3099",174
"8803","1kmE3943N3100",178
"8804","1kmE3943N3101",185
"8805","1kmE3943N3102",173
"8806","1kmE3943N3103",129
"8807","1kmE3943N3104",72
"8808","1kmE3943N3105",89
"8809","1kmE3943N3106",49
"8810","1kmE3943N3107",170
"8811","1kmE3943N3108",206
"8812","1kmE3943N3109",198
"8813","1kmE3943N3110",112
"8814","1kmE3943N3111",101
"8815","1kmE3943N3112",143
"8816","1kmE3943N3113",105
"8817","1kmE3943N3114",77
"8818","1kmE3943N3115",67
"8819","1kmE3943N3116",29
"8820","1kmE3943N3117",15
"8821","1kmE3943N3118",112
"8822","1kmE3943N3119",69
"8823","1kmE3943N3120",44
"8824","1kmE3943N3121",85
"8825","1kmE3943N3122",35
"8826","1kmE3943N3123",34
"8827","1kmE3943N3124",95
"8828","1kmE3943N3125",125
"8829","1kmE3943N3126",111
"8830","1kmE3943N3127",204
"8831","1kmE3943N3128",223
"8832","1kmE3943N3129",279
"8833","1kmE3943N3130",227
"8834","1kmE3943N3131",65
"8835","1kmE3943N3132",137
"8836","1kmE3943N3133",57
"8837","1kmE3943N3134",40
"8838","1kmE3943N3135",102
"8839","1kmE3943N3136",97
"8840","1kmE3943N3137",177
"8841","1kmE3943N3138",75
"8842","1kmE3943N3139",41
"8843","1kmE3943N3140",99
"8844","1kmE3943N3141",135
"8845","1kmE3943N3142",163
"8846","1kmE3943N3143",132
"8847","1kmE3943N3144",109
"8848","1kmE3943N3145",134
"8849","1kmE3943N3146",151
"8850","1kmE3943N3147",106
"8851","1kmE3943N3148",97
"8852","1kmE3943N3149",76
"8853","1kmE3943N3150",126
"8854","1kmE3943N3151",132
"8855","1kmE3943N3152",120
"8856","1kmE3943N3153",130
"8857","1kmE3943N3154",168
"8858","1kmE3943N3155",84
"8859","1kmE3943N3156",74
"8860","1kmE3943N3157",67
"8861","1kmE3943N3158",75
"8862","1kmE3943N3159",107
"8863","1kmE3943N3160",99
"8864","1kmE3944N3084",48
"8865","1kmE3944N3085",127
"8866","1kmE3944N3089",183
"8867","1kmE3944N3090",239
"8868","1kmE3944N3091",273
"8869","1kmE3944N3092",330
"8870","1kmE3944N3093",223
"8871","1kmE3944N3094",231
"8872","1kmE3944N3095",244
"8873","1kmE3944N3096",192
"8874","1kmE3944N3097",155
"8875","1kmE3944N3098",211
"8876","1kmE3944N3099",161
"8877","1kmE3944N3100",160
"8878","1kmE3944N3101",132
"8879","1kmE3944N3102",139
"8880","1kmE3944N3103",142
"8881","1kmE3944N3104",44
"8882","1kmE3944N3105",91
"8883","1kmE3944N3106",102
"8884","1kmE3944N3107",143
"8885","1kmE3944N3108",210
"8886","1kmE3944N3109",196
"8887","1kmE3944N3110",91
"8888","1kmE3944N3111",32
"8889","1kmE3944N3112",77
"8890","1kmE3944N3113",123
"8891","1kmE3944N3114",132
"8892","1kmE3944N3115",69
"8893","1kmE3944N3116",30
"8894","1kmE3944N3117",16
"8895","1kmE3944N3118",63
"8896","1kmE3944N3119",22
"8897","1kmE3944N3120",5
"8898","1kmE3944N3121",29
"8899","1kmE3944N3122",50
"8900","1kmE3944N3123",11
"8901","1kmE3944N3124",22
"8902","1kmE3944N3125",63
"8903","1kmE3944N3126",193
"8904","1kmE3944N3127",180
"8905","1kmE3944N3128",158
"8906","1kmE3944N3129",222
"8907","1kmE3944N3130",228
"8908","1kmE3944N3131",215
"8909","1kmE3944N3132",88
"8910","1kmE3944N3133",21
"8911","1kmE3944N3134",70
"8912","1kmE3944N3135",216
"8913","1kmE3944N3136",223
"8914","1kmE3944N3137",315
"8915","1kmE3944N3138",242
"8916","1kmE3944N3139",210
"8917","1kmE3944N3140",93
"8918","1kmE3944N3141",75
"8919","1kmE3944N3142",123
"8920","1kmE3944N3143",29
"8921","1kmE3944N3144",101
"8922","1kmE3944N3145",86
"8923","1kmE3944N3146",49
"8924","1kmE3944N3147",64
"8925","1kmE3944N3148",58
"8926","1kmE3944N3149",60
"8927","1kmE3944N3150",48
"8928","1kmE3944N3151",189
"8929","1kmE3944N3152",176
"8930","1kmE3944N3153",157
"8931","1kmE3944N3154",191
"8932","1kmE3944N3155",129
"8933","1kmE3944N3156",60
"8934","1kmE3944N3157",75
"8935","1kmE3944N3158",103
"8936","1kmE3944N3159",112
"8937","1kmE3944N3160",97
"8938","1kmE3945N3089",150
"8939","1kmE3945N3090",207
"8940","1kmE3945N3091",246
"8941","1kmE3945N3092",278
"8942","1kmE3945N3093",192
"8943","1kmE3945N3094",213
"8944","1kmE3945N3095",251
"8945","1kmE3945N3096",263
"8946","1kmE3945N3097",206
"8947","1kmE3945N3098",113
"8948","1kmE3945N3099",108
"8949","1kmE3945N3100",133
"8950","1kmE3945N3101",180
"8951","1kmE3945N3102",91
"8952","1kmE3945N3103",107
"8953","1kmE3945N3104",79
"8954","1kmE3945N3105",81
"8955","1kmE3945N3106",146
"8956","1kmE3945N3107",101
"8957","1kmE3945N3108",180
"8958","1kmE3945N3109",219
"8959","1kmE3945N3110",221
"8960","1kmE3945N3111",138
"8961","1kmE3945N3112",37
"8962","1kmE3945N3113",74
"8963","1kmE3945N3114",97
"8964","1kmE3945N3115",115
"8965","1kmE3945N3116",37
"8966","1kmE3945N3117",61
"8967","1kmE3945N3118",43
"8968","1kmE3945N3119",16
"8969","1kmE3945N3120",39
"8970","1kmE3945N3121",71
"8971","1kmE3945N3122",7
"8972","1kmE3945N3123",27
"8973","1kmE3945N3124",79
"8974","1kmE3945N3125",55
"8975","1kmE3945N3126",200
"8976","1kmE3945N3127",196
"8977","1kmE3945N3128",87
"8978","1kmE3945N3129",228
"8979","1kmE3945N3130",231
"8980","1kmE3945N3131",276
"8981","1kmE3945N3132",196
"8982","1kmE3945N3133",52
"8983","1kmE3945N3134",181
"8984","1kmE3945N3135",257
"8985","1kmE3945N3136",211
"8986","1kmE3945N3137",237
"8987","1kmE3945N3138",125
"8988","1kmE3945N3139",128
"8989","1kmE3945N3140",43
"8990","1kmE3945N3141",29
"8991","1kmE3945N3142",51
"8992","1kmE3945N3143",20
"8993","1kmE3945N3144",112
"8994","1kmE3945N3145",126
"8995","1kmE3945N3146",37
"8996","1kmE3945N3147",63
"8997","1kmE3945N3148",58
"8998","1kmE3945N3149",106
"8999","1kmE3945N3150",110
"9000","1kmE3945N3151",144
"9001","1kmE3945N3152",244
"9002","1kmE3945N3153",246
"9003","1kmE3945N3154",249
"9004","1kmE3945N3155",171
"9005","1kmE3945N3156",119
"9006","1kmE3945N3157",78
"9007","1kmE3945N3158",54
"9008","1kmE3945N3159",95
"9009","1kmE3945N3160",82
"9010","1kmE3946N3089",130
"9011","1kmE3946N3090",183
"9012","1kmE3946N3091",233
"9013","1kmE3946N3092",248
"9014","1kmE3946N3093",226
"9015","1kmE3946N3094",91
"9016","1kmE3946N3095",171
"9017","1kmE3946N3096",208
"9018","1kmE3946N3097",205
"9019","1kmE3946N3098",114
"9020","1kmE3946N3099",144
"9021","1kmE3946N3100",172
"9022","1kmE3946N3101",152
"9023","1kmE3946N3102",41
"9024","1kmE3946N3103",38
"9025","1kmE3946N3104",87
"9026","1kmE3946N3105",74
"9027","1kmE3946N3106",122
"9028","1kmE3946N3107",103
"9029","1kmE3946N3108",202
"9030","1kmE3946N3109",201
"9031","1kmE3946N3110",175
"9032","1kmE3946N3111",170
"9033","1kmE3946N3112",142
"9034","1kmE3946N3113",34
"9035","1kmE3946N3114",50
"9036","1kmE3946N3115",89
"9037","1kmE3946N3116",35
"9038","1kmE3946N3117",47
"9039","1kmE3946N3118",71
"9040","1kmE3946N3119",33
"9041","1kmE3946N3120",110
"9042","1kmE3946N3121",137
"9043","1kmE3946N3122",11
"9044","1kmE3946N3123",24
"9045","1kmE3946N3124",16
"9046","1kmE3946N3125",36
"9047","1kmE3946N3126",112
"9048","1kmE3946N3127",146
"9049","1kmE3946N3128",72
"9050","1kmE3946N3129",200
"9051","1kmE3946N3130",178
"9052","1kmE3946N3131",218
"9053","1kmE3946N3132",266
"9054","1kmE3946N3133",94
"9055","1kmE3946N3134",194
"9056","1kmE3946N3135",184
"9057","1kmE3946N3136",147
"9058","1kmE3946N3137",141
"9059","1kmE3946N3138",96
"9060","1kmE3946N3139",67
"9061","1kmE3946N3140",115
"9062","1kmE3946N3141",24
"9063","1kmE3946N3142",27
"9064","1kmE3946N3143",34
"9065","1kmE3946N3144",103
"9066","1kmE3946N3145",138
"9067","1kmE3946N3146",49
"9068","1kmE3946N3147",59
"9069","1kmE3946N3148",155
"9070","1kmE3946N3149",93
"9071","1kmE3946N3150",117
"9072","1kmE3946N3151",90
"9073","1kmE3946N3152",182
"9074","1kmE3946N3153",246
"9075","1kmE3946N3154",279
"9076","1kmE3946N3155",205
"9077","1kmE3946N3156",129
"9078","1kmE3946N3157",99
"9079","1kmE3946N3158",57
"9080","1kmE3946N3159",79
"9081","1kmE3946N3160",58
"9082","1kmE3947N3088",90
"9083","1kmE3947N3089",124
"9084","1kmE3947N3090",161
"9085","1kmE3947N3091",155
"9086","1kmE3947N3092",189
"9087","1kmE3947N3093",201
"9088","1kmE3947N3094",134
"9089","1kmE3947N3095",131
"9090","1kmE3947N3096",181
"9091","1kmE3947N3097",224
"9092","1kmE3947N3098",198
"9093","1kmE3947N3099",190
"9094","1kmE3947N3100",177
"9095","1kmE3947N3101",134
"9096","1kmE3947N3102",38
"9097","1kmE3947N3103",69
"9098","1kmE3947N3104",86
"9099","1kmE3947N3105",33
"9100","1kmE3947N3106",24
"9101","1kmE3947N3107",31
"9102","1kmE3947N3108",47
"9103","1kmE3947N3109",47
"9104","1kmE3947N3110",100
"9105","1kmE3947N3111",140
"9106","1kmE3947N3112",76
"9107","1kmE3947N3113",23
"9108","1kmE3947N3114",80
"9109","1kmE3947N3115",108
"9110","1kmE3947N3116",39
"9111","1kmE3947N3117",28
"9112","1kmE3947N3118",84
"9113","1kmE3947N3119",77
"9114","1kmE3947N3120",29
"9115","1kmE3947N3121",41
"9116","1kmE3947N3122",47
"9117","1kmE3947N3123",65
"9118","1kmE3947N3124",23
"9119","1kmE3947N3125",87
"9120","1kmE3947N3126",80
"9121","1kmE3947N3127",79
"9122","1kmE3947N3128",48
"9123","1kmE3947N3129",105
"9124","1kmE3947N3130",114
"9125","1kmE3947N3131",153
"9126","1kmE3947N3132",244
"9127","1kmE3947N3133",76
"9128","1kmE3947N3134",60
"9129","1kmE3947N3135",30
"9130","1kmE3947N3136",62
"9131","1kmE3947N3137",97
"9132","1kmE3947N3138",113
"9133","1kmE3947N3139",95
"9134","1kmE3947N3140",143
"9135","1kmE3947N3141",87
"9136","1kmE3947N3142",30
"9137","1kmE3947N3143",61
"9138","1kmE3947N3144",119
"9139","1kmE3947N3145",88
"9140","1kmE3947N3146",40
"9141","1kmE3947N3147",51
"9142","1kmE3947N3148",129
"9143","1kmE3947N3149",155
"9144","1kmE3947N3150",103
"9145","1kmE3947N3151",117
"9146","1kmE3947N3152",92
"9147","1kmE3947N3153",184
"9148","1kmE3947N3154",233
"9149","1kmE3947N3155",183
"9150","1kmE3947N3156",65
"9151","1kmE3947N3157",83
"9152","1kmE3947N3158",97
"9153","1kmE3947N3159",90
"9154","1kmE3947N3160",77
"9155","1kmE3948N3088",94
"9156","1kmE3948N3089",128
"9157","1kmE3948N3090",119
"9158","1kmE3948N3091",114
"9159","1kmE3948N3092",145
"9160","1kmE3948N3093",124
"9161","1kmE3948N3094",167
"9162","1kmE3948N3095",184
"9163","1kmE3948N3096",194
"9164","1kmE3948N3097",230
"9165","1kmE3948N3098",202
"9166","1kmE3948N3099",269
"9167","1kmE3948N3100",272
"9168","1kmE3948N3101",194
"9169","1kmE3948N3102",168
"9170","1kmE3948N3103",208
"9171","1kmE3948N3104",191
"9172","1kmE3948N3105",175
"9173","1kmE3948N3106",132
"9174","1kmE3948N3107",104
"9175","1kmE3948N3108",151
"9176","1kmE3948N3109",110
"9177","1kmE3948N3110",116
"9178","1kmE3948N3111",114
"9179","1kmE3948N3112",21
"9180","1kmE3948N3113",48
"9181","1kmE3948N3114",55
"9182","1kmE3948N3115",67
"9183","1kmE3948N3116",46
"9184","1kmE3948N3117",65
"9185","1kmE3948N3118",99
"9186","1kmE3948N3119",74
"9187","1kmE3948N3120",28
"9188","1kmE3948N3121",49
"9189","1kmE3948N3122",91
"9190","1kmE3948N3123",75
"9191","1kmE3948N3124",86
"9192","1kmE3948N3125",170
"9193","1kmE3948N3126",137
"9194","1kmE3948N3127",134
"9195","1kmE3948N3128",119
"9196","1kmE3948N3129",70
"9197","1kmE3948N3130",98
"9198","1kmE3948N3131",155
"9199","1kmE3948N3132",179
"9200","1kmE3948N3133",168
"9201","1kmE3948N3134",121
"9202","1kmE3948N3135",82
"9203","1kmE3948N3136",87
"9204","1kmE3948N3137",73
"9205","1kmE3948N3138",119
"9206","1kmE3948N3139",71
"9207","1kmE3948N3140",68
"9208","1kmE3948N3141",62
"9209","1kmE3948N3142",28
"9210","1kmE3948N3143",39
"9211","1kmE3948N3144",79
"9212","1kmE3948N3145",65
"9213","1kmE3948N3146",5
"9214","1kmE3948N3147",34
"9215","1kmE3948N3148",191
"9216","1kmE3948N3149",223
"9217","1kmE3948N3150",106
"9218","1kmE3948N3151",35
"9219","1kmE3948N3152",21
"9220","1kmE3948N3153",48
"9221","1kmE3948N3154",112
"9222","1kmE3948N3155",105
"9223","1kmE3948N3156",53
"9224","1kmE3948N3157",81
"9225","1kmE3948N3158",97
"9226","1kmE3948N3159",91
"9227","1kmE3949N3088",63
"9228","1kmE3949N3089",85
"9229","1kmE3949N3090",65
"9230","1kmE3949N3091",110
"9231","1kmE3949N3092",130
"9232","1kmE3949N3093",110
"9233","1kmE3949N3094",89
"9234","1kmE3949N3095",103
"9235","1kmE3949N3096",242
"9236","1kmE3949N3097",272
"9237","1kmE3949N3098",181
"9238","1kmE3949N3099",273
"9239","1kmE3949N3100",302
"9240","1kmE3949N3101",253
"9241","1kmE3949N3102",232
"9242","1kmE3949N3103",205
"9243","1kmE3949N3104",229
"9244","1kmE3949N3105",217
"9245","1kmE3949N3106",185
"9246","1kmE3949N3107",155
"9247","1kmE3949N3108",202
"9248","1kmE3949N3109",129
"9249","1kmE3949N3110",98
"9250","1kmE3949N3111",113
"9251","1kmE3949N3112",66
"9252","1kmE3949N3113",72
"9253","1kmE3949N3114",67
"9254","1kmE3949N3115",72
"9255","1kmE3949N3116",29
"9256","1kmE3949N3117",50
"9257","1kmE3949N3118",56
"9258","1kmE3949N3119",41
"9259","1kmE3949N3120",25
"9260","1kmE3949N3121",52
"9261","1kmE3949N3122",66
"9262","1kmE3949N3123",26
"9263","1kmE3949N3124",91
"9264","1kmE3949N3125",168
"9265","1kmE3949N3126",117
"9266","1kmE3949N3127",69
"9267","1kmE3949N3128",67
"9268","1kmE3949N3129",29
"9269","1kmE3949N3130",81
"9270","1kmE3949N3131",165
"9271","1kmE3949N3132",164
"9272","1kmE3949N3133",156
"9273","1kmE3949N3134",135
"9274","1kmE3949N3135",193
"9275","1kmE3949N3136",199
"9276","1kmE3949N3137",68
"9277","1kmE3949N3138",142
"9278","1kmE3949N3139",229
"9279","1kmE3949N3140",240
"9280","1kmE3949N3141",158
"9281","1kmE3949N3142",52
"9282","1kmE3949N3143",83
"9283","1kmE3949N3144",110
"9284","1kmE3949N3145",100
"9285","1kmE3949N3146",8
"9286","1kmE3949N3147",56
"9287","1kmE3949N3148",149
"9288","1kmE3949N3149",173
"9289","1kmE3949N3150",144
"9290","1kmE3949N3151",2
"9291","1kmE3949N3152",3
"9292","1kmE3949N3153",5
"9293","1kmE3949N3154",37
"9294","1kmE3949N3155",100
"9295","1kmE3949N3156",91
"9296","1kmE3949N3157",50
"9297","1kmE3949N3158",45
"9298","1kmE3949N3159",116
"9299","1kmE3950N3089",36
"9300","1kmE3950N3090",78
"9301","1kmE3950N3091",119
"9302","1kmE3950N3092",140
"9303","1kmE3950N3093",95
"9304","1kmE3950N3094",58
"9305","1kmE3950N3095",158
"9306","1kmE3950N3096",235
"9307","1kmE3950N3097",211
"9308","1kmE3950N3098",188
"9309","1kmE3950N3099",209
"9310","1kmE3950N3100",273
"9311","1kmE3950N3101",232
"9312","1kmE3950N3102",229
"9313","1kmE3950N3103",212
"9314","1kmE3950N3104",180
"9315","1kmE3950N3105",186
"9316","1kmE3950N3106",108
"9317","1kmE3950N3107",167
"9318","1kmE3950N3108",202
"9319","1kmE3950N3109",165
"9320","1kmE3950N3110",112
"9321","1kmE3950N3111",83
"9322","1kmE3950N3112",75
"9323","1kmE3950N3113",89
"9324","1kmE3950N3114",97
"9325","1kmE3950N3115",57
"9326","1kmE3950N3116",65
"9327","1kmE3950N3117",64
"9328","1kmE3950N3118",36
"9329","1kmE3950N3119",51
"9330","1kmE3950N3120",30
"9331","1kmE3950N3121",135
"9332","1kmE3950N3122",146
"9333","1kmE3950N3123",85
"9334","1kmE3950N3124",63
"9335","1kmE3950N3125",104
"9336","1kmE3950N3126",154
"9337","1kmE3950N3127",117
"9338","1kmE3950N3128",70
"9339","1kmE3950N3129",84
"9340","1kmE3950N3130",64
"9341","1kmE3950N3131",127
"9342","1kmE3950N3132",147
"9343","1kmE3950N3133",71
"9344","1kmE3950N3134",108
"9345","1kmE3950N3135",162
"9346","1kmE3950N3136",136
"9347","1kmE3950N3137",109
"9348","1kmE3950N3138",125
"9349","1kmE3950N3139",180
"9350","1kmE3950N3140",212
"9351","1kmE3950N3141",151
"9352","1kmE3950N3142",59
"9353","1kmE3950N3143",86
"9354","1kmE3950N3144",96
"9355","1kmE3950N3145",46
"9356","1kmE3950N3146",7
"9357","1kmE3950N3147",22
"9358","1kmE3950N3148",35
"9359","1kmE3950N3149",59
"9360","1kmE3950N3150",82
"9361","1kmE3950N3151",37
"9362","1kmE3950N3152",66
"9363","1kmE3950N3153",67
"9364","1kmE3950N3154",69
"9365","1kmE3950N3155",75
"9366","1kmE3950N3156",60
"9367","1kmE3950N3157",46
"9368","1kmE3950N3158",23
"9369","1kmE3950N3159",62
"9370","1kmE3950N3160",79
"9371","1kmE3950N3161",149
"9372","1kmE3951N3090",140
"9373","1kmE3951N3091",183
"9374","1kmE3951N3092",189
"9375","1kmE3951N3093",172
"9376","1kmE3951N3094",160
"9377","1kmE3951N3095",209
"9378","1kmE3951N3096",194
"9379","1kmE3951N3097",199
"9380","1kmE3951N3098",197
"9381","1kmE3951N3099",187
"9382","1kmE3951N3100",194
"9383","1kmE3951N3101",183
"9384","1kmE3951N3102",241
"9385","1kmE3951N3103",253
"9386","1kmE3951N3104",243
"9387","1kmE3951N3105",186
"9388","1kmE3951N3106",122
"9389","1kmE3951N3107",118
"9390","1kmE3951N3108",215
"9391","1kmE3951N3109",182
"9392","1kmE3951N3110",126
"9393","1kmE3951N3111",99
"9394","1kmE3951N3112",60
"9395","1kmE3951N3113",113
"9396","1kmE3951N3114",132
"9397","1kmE3951N3115",64
"9398","1kmE3951N3116",58
"9399","1kmE3951N3117",56
"9400","1kmE3951N3118",19
"9401","1kmE3951N3119",49
"9402","1kmE3951N3120",56
"9403","1kmE3951N3121",130
"9404","1kmE3951N3122",152
"9405","1kmE3951N3123",61
"9406","1kmE3951N3124",11
"9407","1kmE3951N3125",90
"9408","1kmE3951N3126",149
"9409","1kmE3951N3127",90
"9410","1kmE3951N3128",48
"9411","1kmE3951N3129",52
"9412","1kmE3951N3130",79
"9413","1kmE3951N3131",157
"9414","1kmE3951N3132",157
"9415","1kmE3951N3133",84
"9416","1kmE3951N3134",71
"9417","1kmE3951N3135",104
"9418","1kmE3951N3136",163
"9419","1kmE3951N3137",123
"9420","1kmE3951N3138",80
"9421","1kmE3951N3139",177
"9422","1kmE3951N3140",187
"9423","1kmE3951N3141",134
"9424","1kmE3951N3142",57
"9425","1kmE3951N3143",50
"9426","1kmE3951N3144",66
"9427","1kmE3951N3145",41
"9428","1kmE3951N3146",53
"9429","1kmE3951N3147",86
"9430","1kmE3951N3148",85
"9431","1kmE3951N3149",63
"9432","1kmE3951N3150",100
"9433","1kmE3951N3151",91
"9434","1kmE3951N3152",79
"9435","1kmE3951N3153",25
"9436","1kmE3951N3154",45
"9437","1kmE3951N3155",37
"9438","1kmE3951N3156",38
"9439","1kmE3951N3157",23
"9440","1kmE3951N3158",24
"9441","1kmE3951N3159",31
"9442","1kmE3951N3160",52
"9443","1kmE3951N3161",167
"9444","1kmE3951N3162",163
"9445","1kmE3952N3089",50
"9446","1kmE3952N3090",134
"9447","1kmE3952N3091",173
"9448","1kmE3952N3092",166
"9449","1kmE3952N3093",185
"9450","1kmE3952N3094",202
"9451","1kmE3952N3095",225
"9452","1kmE3952N3096",141
"9453","1kmE3952N3097",99
"9454","1kmE3952N3098",194
"9455","1kmE3952N3099",169
"9456","1kmE3952N3100",161
"9457","1kmE3952N3101",176
"9458","1kmE3952N3102",195
"9459","1kmE3952N3103",272
"9460","1kmE3952N3104",297
"9461","1kmE3952N3105",260
"9462","1kmE3952N3106",195
"9463","1kmE3952N3107",104
"9464","1kmE3952N3108",210
"9465","1kmE3952N3109",206
"9466","1kmE3952N3110",119
"9467","1kmE3952N3111",48
"9468","1kmE3952N3112",57
"9469","1kmE3952N3113",79
"9470","1kmE3952N3114",104
"9471","1kmE3952N3115",67
"9472","1kmE3952N3116",75
"9473","1kmE3952N3117",48
"9474","1kmE3952N3118",42
"9475","1kmE3952N3119",85
"9476","1kmE3952N3120",90
"9477","1kmE3952N3121",82
"9478","1kmE3952N3122",90
"9479","1kmE3952N3123",29
"9480","1kmE3952N3124",47
"9481","1kmE3952N3125",92
"9482","1kmE3952N3126",84
"9483","1kmE3952N3127",111
"9484","1kmE3952N3128",71
"9485","1kmE3952N3129",60
"9486","1kmE3952N3130",60
"9487","1kmE3952N3131",193
"9488","1kmE3952N3132",205
"9489","1kmE3952N3133",113
"9490","1kmE3952N3134",40
"9491","1kmE3952N3135",160
"9492","1kmE3952N3136",259
"9493","1kmE3952N3137",203
"9494","1kmE3952N3138",102
"9495","1kmE3952N3139",141
"9496","1kmE3952N3140",145
"9497","1kmE3952N3141",110
"9498","1kmE3952N3142",77
"9499","1kmE3952N3143",31
"9500","1kmE3952N3144",10
"9501","1kmE3952N3145",45
"9502","1kmE3952N3146",103
"9503","1kmE3952N3147",131
"9504","1kmE3952N3148",143
"9505","1kmE3952N3149",157
"9506","1kmE3952N3150",154
"9507","1kmE3952N3151",66
"9508","1kmE3952N3152",17
"9509","1kmE3952N3153",44
"9510","1kmE3952N3154",61
"9511","1kmE3952N3155",31
"9512","1kmE3952N3156",34
"9513","1kmE3952N3157",36
"9514","1kmE3952N3158",97
"9515","1kmE3952N3159",127
"9516","1kmE3952N3160",101
"9517","1kmE3952N3161",107
"9518","1kmE3952N3162",124
"9519","1kmE3952N3163",106
"9520","1kmE3953N3089",77
"9521","1kmE3953N3090",73
"9522","1kmE3953N3091",86
"9523","1kmE3953N3092",65
"9524","1kmE3953N3093",77
"9525","1kmE3953N3094",76
"9526","1kmE3953N3095",236
"9527","1kmE3953N3096",173
"9528","1kmE3953N3097",112
"9529","1kmE3953N3098",160
"9530","1kmE3953N3099",106
"9531","1kmE3953N3100",99
"9532","1kmE3953N3101",147
"9533","1kmE3953N3102",150
"9534","1kmE3953N3103",285
"9535","1kmE3953N3104",315
"9536","1kmE3953N3105",277
"9537","1kmE3953N3106",226
"9538","1kmE3953N3107",122
"9539","1kmE3953N3108",230
"9540","1kmE3953N3109",206
"9541","1kmE3953N3110",112
"9542","1kmE3953N3111",83
"9543","1kmE3953N3112",109
"9544","1kmE3953N3113",146
"9545","1kmE3953N3114",145
"9546","1kmE3953N3115",79
"9547","1kmE3953N3116",74
"9548","1kmE3953N3117",44
"9549","1kmE3953N3118",39
"9550","1kmE3953N3119",85
"9551","1kmE3953N3120",144
"9552","1kmE3953N3121",154
"9553","1kmE3953N3122",87
"9554","1kmE3953N3123",83
"9555","1kmE3953N3124",50
"9556","1kmE3953N3125",163
"9557","1kmE3953N3126",168
"9558","1kmE3953N3127",111
"9559","1kmE3953N3128",80
"9560","1kmE3953N3129",99
"9561","1kmE3953N3130",88
"9562","1kmE3953N3131",180
"9563","1kmE3953N3132",232
"9564","1kmE3953N3133",139
"9565","1kmE3953N3134",73
"9566","1kmE3953N3135",158
"9567","1kmE3953N3136",232
"9568","1kmE3953N3137",226
"9569","1kmE3953N3138",200
"9570","1kmE3953N3139",152
"9571","1kmE3953N3140",114
"9572","1kmE3953N3141",133
"9573","1kmE3953N3142",88
"9574","1kmE3953N3143",109
"9575","1kmE3953N3144",107
"9576","1kmE3953N3145",59
"9577","1kmE3953N3146",5
"9578","1kmE3953N3147",106
"9579","1kmE3953N3148",229
"9580","1kmE3953N3149",203
"9581","1kmE3953N3150",146
"9582","1kmE3953N3151",82
"9583","1kmE3953N3152",104
"9584","1kmE3953N3153",92
"9585","1kmE3953N3154",29
"9586","1kmE3953N3155",57
"9587","1kmE3953N3156",57
"9588","1kmE3953N3157",52
"9589","1kmE3953N3158",164
"9590","1kmE3953N3159",170
"9591","1kmE3953N3160",108
"9592","1kmE3953N3161",14
"9593","1kmE3953N3162",97
"9594","1kmE3953N3163",135
"9595","1kmE3953N3164",98
"9596","1kmE3954N3088",55
"9597","1kmE3954N3089",142
"9598","1kmE3954N3090",94
"9599","1kmE3954N3091",107
"9600","1kmE3954N3092",41
"9601","1kmE3954N3093",149
"9602","1kmE3954N3094",205
"9603","1kmE3954N3095",251
"9604","1kmE3954N3096",231
"9605","1kmE3954N3097",198
"9606","1kmE3954N3098",130
"9607","1kmE3954N3099",109
"9608","1kmE3954N3100",132
"9609","1kmE3954N3101",133
"9610","1kmE3954N3102",157
"9611","1kmE3954N3103",240
"9612","1kmE3954N3104",270
"9613","1kmE3954N3105",274
"9614","1kmE3954N3106",198
"9615","1kmE3954N3107",178
"9616","1kmE3954N3108",257
"9617","1kmE3954N3109",243
"9618","1kmE3954N3110",129
"9619","1kmE3954N3111",53
"9620","1kmE3954N3112",95
"9621","1kmE3954N3113",91
"9622","1kmE3954N3114",131
"9623","1kmE3954N3115",96
"9624","1kmE3954N3116",33
"9625","1kmE3954N3117",27
"9626","1kmE3954N3118",43
"9627","1kmE3954N3119",127
"9628","1kmE3954N3120",195
"9629","1kmE3954N3121",104
"9630","1kmE3954N3122",34
"9631","1kmE3954N3123",39
"9632","1kmE3954N3124",10
"9633","1kmE3954N3125",134
"9634","1kmE3954N3126",103
"9635","1kmE3954N3127",26
"9636","1kmE3954N3128",84
"9637","1kmE3954N3129",115
"9638","1kmE3954N3130",137
"9639","1kmE3954N3131",155
"9640","1kmE3954N3132",212
"9641","1kmE3954N3133",181
"9642","1kmE3954N3134",104
"9643","1kmE3954N3135",102
"9644","1kmE3954N3136",172
"9645","1kmE3954N3137",152
"9646","1kmE3954N3138",185
"9647","1kmE3954N3139",156
"9648","1kmE3954N3140",80
"9649","1kmE3954N3141",110
"9650","1kmE3954N3142",101
"9651","1kmE3954N3143",136
"9652","1kmE3954N3144",128
"9653","1kmE3954N3145",79
"9654","1kmE3954N3146",18
"9655","1kmE3954N3147",9
"9656","1kmE3954N3148",157
"9657","1kmE3954N3149",95
"9658","1kmE3954N3150",24
"9659","1kmE3954N3151",12
"9660","1kmE3954N3152",44
"9661","1kmE3954N3153",55
"9662","1kmE3954N3154",13
"9663","1kmE3954N3155",23
"9664","1kmE3954N3156",36
"9665","1kmE3954N3157",20
"9666","1kmE3954N3158",15
"9667","1kmE3954N3159",50
"9668","1kmE3954N3160",58
"9669","1kmE3954N3161",22
"9670","1kmE3954N3162",21
"9671","1kmE3954N3163",61
"9672","1kmE3954N3164",105
"9673","1kmE3954N3165",74
"9674","1kmE3955N3086",20
"9675","1kmE3955N3087",79
"9676","1kmE3955N3088",67
"9677","1kmE3955N3089",122
"9678","1kmE3955N3090",79
"9679","1kmE3955N3091",147
"9680","1kmE3955N3092",84
"9681","1kmE3955N3093",204
"9682","1kmE3955N3094",251
"9683","1kmE3955N3095",226
"9684","1kmE3955N3096",190
"9685","1kmE3955N3097",141
"9686","1kmE3955N3098",69
"9687","1kmE3955N3099",80
"9688","1kmE3955N3100",69
"9689","1kmE3955N3101",108
"9690","1kmE3955N3102",112
"9691","1kmE3955N3103",190
"9692","1kmE3955N3104",214
"9693","1kmE3955N3105",249
"9694","1kmE3955N3106",194
"9695","1kmE3955N3107",167
"9696","1kmE3955N3108",294
"9697","1kmE3955N3109",316
"9698","1kmE3955N3110",167
"9699","1kmE3955N3111",93
"9700","1kmE3955N3112",125
"9701","1kmE3955N3113",190
"9702","1kmE3955N3114",150
"9703","1kmE3955N3115",119
"9704","1kmE3955N3116",98
"9705","1kmE3955N3117",37
"9706","1kmE3955N3118",132
"9707","1kmE3955N3119",69
"9708","1kmE3955N3120",31
"9709","1kmE3955N3121",52
"9710","1kmE3955N3122",109
"9711","1kmE3955N3123",108
"9712","1kmE3955N3124",98
"9713","1kmE3955N3125",80
"9714","1kmE3955N3126",25
"9715","1kmE3955N3127",60
"9716","1kmE3955N3128",49
"9717","1kmE3955N3129",113
"9718","1kmE3955N3130",147
"9719","1kmE3955N3131",113
"9720","1kmE3955N3132",214
"9721","1kmE3955N3133",257
"9722","1kmE3955N3134",125
"9723","1kmE3955N3135",25
"9724","1kmE3955N3136",49
"9725","1kmE3955N3137",78
"9726","1kmE3955N3138",224
"9727","1kmE3955N3139",230
"9728","1kmE3955N3140",168
"9729","1kmE3955N3141",103
"9730","1kmE3955N3142",122
"9731","1kmE3955N3143",123
"9732","1kmE3955N3144",50
"9733","1kmE3955N3145",74
"9734","1kmE3955N3146",42
"9735","1kmE3955N3147",4
"9736","1kmE3955N3148",108
"9737","1kmE3955N3149",38
"9738","1kmE3955N3150",1
"9739","1kmE3955N3151",62
"9740","1kmE3955N3152",18
"9741","1kmE3955N3153",14
"9742","1kmE3955N3154",9
"9743","1kmE3955N3155",44
"9744","1kmE3955N3156",55
"9745","1kmE3955N3157",23
"9746","1kmE3955N3158",4
"9747","1kmE3955N3159",56
"9748","1kmE3955N3160",75
"9749","1kmE3955N3161",72
"9750","1kmE3955N3162",21
"9751","1kmE3955N3163",102
"9752","1kmE3955N3164",130
"9753","1kmE3955N3165",73
"9754","1kmE3955N3166",56
"9755","1kmE3956N3085",66
"9756","1kmE3956N3086",121
"9757","1kmE3956N3087",138
"9758","1kmE3956N3088",117
"9759","1kmE3956N3089",124
"9760","1kmE3956N3090",46
"9761","1kmE3956N3091",124
"9762","1kmE3956N3092",177
"9763","1kmE3956N3093",194
"9764","1kmE3956N3094",126
"9765","1kmE3956N3095",153
"9766","1kmE3956N3096",181
"9767","1kmE3956N3097",140
"9768","1kmE3956N3098",90
"9769","1kmE3956N3099",103
"9770","1kmE3956N3100",63
"9771","1kmE3956N3101",109
"9772","1kmE3956N3102",71
"9773","1kmE3956N3103",172
"9774","1kmE3956N3104",265
"9775","1kmE3956N3105",245
"9776","1kmE3956N3106",207
"9777","1kmE3956N3107",149
"9778","1kmE3956N3108",239
"9779","1kmE3956N3109",219
"9780","1kmE3956N3110",151
"9781","1kmE3956N3111",152
"9782","1kmE3956N3112",112
"9783","1kmE3956N3113",108
"9784","1kmE3956N3114",63
"9785","1kmE3956N3115",69
"9786","1kmE3956N3116",112
"9787","1kmE3956N3117",39
"9788","1kmE3956N3118",155
"9789","1kmE3956N3119",41
"9790","1kmE3956N3120",47
"9791","1kmE3956N3121",103
"9792","1kmE3956N3122",91
"9793","1kmE3956N3123",141
"9794","1kmE3956N3124",134
"9795","1kmE3956N3125",96
"9796","1kmE3956N3126",37
"9797","1kmE3956N3127",25
"9798","1kmE3956N3128",24
"9799","1kmE3956N3129",112
"9800","1kmE3956N3130",117
"9801","1kmE3956N3131",131
"9802","1kmE3956N3132",229
"9803","1kmE3956N3133",172
"9804","1kmE3956N3134",135
"9805","1kmE3956N3135",30
"9806","1kmE3956N3136",60
"9807","1kmE3956N3137",116
"9808","1kmE3956N3138",145
"9809","1kmE3956N3139",147
"9810","1kmE3956N3140",163
"9811","1kmE3956N3141",131
"9812","1kmE3956N3142",94
"9813","1kmE3956N3143",92
"9814","1kmE3956N3144",30
"9815","1kmE3956N3145",50
"9816","1kmE3956N3146",87
"9817","1kmE3956N3147",64
"9818","1kmE3956N3148",139
"9819","1kmE3956N3149",46
"9820","1kmE3956N3150",8
"9821","1kmE3956N3151",33
"9822","1kmE3956N3152",111
"9823","1kmE3956N3153",45
"9824","1kmE3956N3154",46
"9825","1kmE3956N3155",60
"9826","1kmE3956N3156",69
"9827","1kmE3956N3157",41
"9828","1kmE3956N3158",32
"9829","1kmE3956N3159",25
"9830","1kmE3956N3160",48
"9831","1kmE3956N3161",115
"9832","1kmE3956N3162",60
"9833","1kmE3956N3163",76
"9834","1kmE3956N3164",231
"9835","1kmE3956N3165",157
"9836","1kmE3956N3166",83
"9837","1kmE3956N3167",133
"9838","1kmE3957N3085",150
"9839","1kmE3957N3086",143
"9840","1kmE3957N3087",159
"9841","1kmE3957N3088",220
"9842","1kmE3957N3089",179
"9843","1kmE3957N3090",138
"9844","1kmE3957N3091",132
"9845","1kmE3957N3092",223
"9846","1kmE3957N3093",248
"9847","1kmE3957N3094",212
"9848","1kmE3957N3095",163
"9849","1kmE3957N3096",160
"9850","1kmE3957N3097",72
"9851","1kmE3957N3098",148
"9852","1kmE3957N3099",205
"9853","1kmE3957N3100",142
"9854","1kmE3957N3101",85
"9855","1kmE3957N3102",78
"9856","1kmE3957N3103",159
"9857","1kmE3957N3104",284
"9858","1kmE3957N3105",226
"9859","1kmE3957N3106",183
"9860","1kmE3957N3107",146
"9861","1kmE3957N3108",224
"9862","1kmE3957N3109",220
"9863","1kmE3957N3110",195
"9864","1kmE3957N3111",164
"9865","1kmE3957N3112",155
"9866","1kmE3957N3113",35
"9867","1kmE3957N3114",50
"9868","1kmE3957N3115",94
"9869","1kmE3957N3116",71
"9870","1kmE3957N3117",59
"9871","1kmE3957N3118",128
"9872","1kmE3957N3119",32
"9873","1kmE3957N3120",52
"9874","1kmE3957N3121",33
"9875","1kmE3957N3122",111
"9876","1kmE3957N3123",124
"9877","1kmE3957N3124",192
"9878","1kmE3957N3125",108
"9879","1kmE3957N3126",43
"9880","1kmE3957N3127",20
"9881","1kmE3957N3128",85
"9882","1kmE3957N3129",124
"9883","1kmE3957N3130",126
"9884","1kmE3957N3131",142
"9885","1kmE3957N3132",114
"9886","1kmE3957N3133",58
"9887","1kmE3957N3134",157
"9888","1kmE3957N3135",42
"9889","1kmE3957N3136",80
"9890","1kmE3957N3137",192
"9891","1kmE3957N3138",238
"9892","1kmE3957N3139",165
"9893","1kmE3957N3140",97
"9894","1kmE3957N3141",62
"9895","1kmE3957N3142",106
"9896","1kmE3957N3143",86
"9897","1kmE3957N3144",23
"9898","1kmE3957N3145",59
"9899","1kmE3957N3146",72
"9900","1kmE3957N3147",145
"9901","1kmE3957N3148",123
"9902","1kmE3957N3149",27
"9903","1kmE3957N3150",8
"9904","1kmE3957N3151",84
"9905","1kmE3957N3152",135
"9906","1kmE3957N3153",117
"9907","1kmE3957N3154",51
"9908","1kmE3957N3155",23
"9909","1kmE3957N3156",85
"9910","1kmE3957N3157",139
"9911","1kmE3957N3158",83
"9912","1kmE3957N3159",143
"9913","1kmE3957N3160",137
"9914","1kmE3957N3161",61
"9915","1kmE3957N3162",39
"9916","1kmE3957N3163",38
"9917","1kmE3957N3164",165
"9918","1kmE3957N3165",245
"9919","1kmE3957N3166",157
"9920","1kmE3957N3167",111
"9921","1kmE3958N3085",196
"9922","1kmE3958N3086",230
"9923","1kmE3958N3087",86
"9924","1kmE3958N3088",196
"9925","1kmE3958N3089",213
"9926","1kmE3958N3090",152
"9927","1kmE3958N3091",112
"9928","1kmE3958N3092",151
"9929","1kmE3958N3093",246
"9930","1kmE3958N3094",209
"9931","1kmE3958N3095",155
"9932","1kmE3958N3096",77
"9933","1kmE3958N3097",166
"9934","1kmE3958N3098",235
"9935","1kmE3958N3099",232
"9936","1kmE3958N3100",217
"9937","1kmE3958N3101",155
"9938","1kmE3958N3102",210
"9939","1kmE3958N3103",223
"9940","1kmE3958N3104",238
"9941","1kmE3958N3105",219
"9942","1kmE3958N3106",171
"9943","1kmE3958N3107",98
"9944","1kmE3958N3108",121
"9945","1kmE3958N3109",154
"9946","1kmE3958N3110",175
"9947","1kmE3958N3111",103
"9948","1kmE3958N3112",58
"9949","1kmE3958N3113",49
"9950","1kmE3958N3114",77
"9951","1kmE3958N3115",104
"9952","1kmE3958N3116",92
"9953","1kmE3958N3117",98
"9954","1kmE3958N3118",77
"9955","1kmE3958N3119",24
"9956","1kmE3958N3120",71
"9957","1kmE3958N3121",45
"9958","1kmE3958N3122",130
"9959","1kmE3958N3123",169
"9960","1kmE3958N3124",114
"9961","1kmE3958N3125",80
"9962","1kmE3958N3126",84
"9963","1kmE3958N3127",80
"9964","1kmE3958N3128",94
"9965","1kmE3958N3129",71
"9966","1kmE3958N3130",91
"9967","1kmE3958N3131",51
"9968","1kmE3958N3132",106
"9969","1kmE3958N3133",32
"9970","1kmE3958N3134",56
"9971","1kmE3958N3135",37
"9972","1kmE3958N3136",53
"9973","1kmE3958N3137",97
"9974","1kmE3958N3138",161
"9975","1kmE3958N3139",244
"9976","1kmE3958N3140",163
"9977","1kmE3958N3141",181
"9978","1kmE3958N3142",186
"9979","1kmE3958N3143",160
"9980","1kmE3958N3144",76
"9981","1kmE3958N3145",100
"9982","1kmE3958N3146",105
"9983","1kmE3958N3147",88
"9984","1kmE3958N3148",192
"9985","1kmE3958N3149",69
"9986","1kmE3958N3150",11
"9987","1kmE3958N3151",75
"9988","1kmE3958N3152",135
"9989","1kmE3958N3153",179
"9990","1kmE3958N3154",108
"9991","1kmE3958N3155",163
"9992","1kmE3958N3156",99
"9993","1kmE3958N3157",127
"9994","1kmE3958N3159",167
"9995","1kmE3958N3160",87
"9996","1kmE3958N3161",62
"9997","1kmE3958N3162",79
"9998","1kmE3958N3163",34
"9999","1kmE3958N3164",94
"10000","1kmE3958N3165",209
"10001","1kmE3958N3166",187
"10002","1kmE3958N3167",147
"10003","1kmE3959N3085",177
"10004","1kmE3959N3086",196
"10005","1kmE3959N3087",127
"10006","1kmE3959N3088",115
"10007","1kmE3959N3089",207
"10008","1kmE3959N3090",101
"10009","1kmE3959N3091",88
"10010","1kmE3959N3092",84
"10011","1kmE3959N3093",165
"10012","1kmE3959N3094",153
"10013","1kmE3959N3095",161
"10014","1kmE3959N3096",107
"10015","1kmE3959N3097",126
"10016","1kmE3959N3098",110
"10017","1kmE3959N3099",184
"10018","1kmE3959N3100",245
"10019","1kmE3959N3101",222
"10020","1kmE3959N3102",265
"10021","1kmE3959N3103",297
"10022","1kmE3959N3104",199
"10023","1kmE3959N3105",207
"10024","1kmE3959N3106",166
"10025","1kmE3959N3107",56
"10026","1kmE3959N3108",111
"10027","1kmE3959N3109",238
"10028","1kmE3959N3110",187
"10029","1kmE3959N3111",93
"10030","1kmE3959N3112",122
"10031","1kmE3959N3113",172
"10032","1kmE3959N3114",104
"10033","1kmE3959N3115",69
"10034","1kmE3959N3116",133
"10035","1kmE3959N3117",200
"10036","1kmE3959N3118",191
"10037","1kmE3959N3119",112
"10038","1kmE3959N3120",88
"10039","1kmE3959N3121",88
"10040","1kmE3959N3122",38
"10041","1kmE3959N3123",125
"10042","1kmE3959N3124",73
"10043","1kmE3959N3125",47
"10044","1kmE3959N3126",98
"10045","1kmE3959N3127",91
"10046","1kmE3959N3128",89
"10047","1kmE3959N3129",74
"10048","1kmE3959N3130",65
"10049","1kmE3959N3131",95
"10050","1kmE3959N3132",171
"10051","1kmE3959N3133",20
"10052","1kmE3959N3134",51
"10053","1kmE3959N3135",136
"10054","1kmE3959N3136",96
"10055","1kmE3959N3137",18
"10056","1kmE3959N3138",56
"10057","1kmE3959N3139",132
"10058","1kmE3959N3140",151
"10059","1kmE3959N3141",237
"10060","1kmE3959N3142",203
"10061","1kmE3959N3143",228
"10062","1kmE3959N3144",134
"10063","1kmE3959N3145",71
"10064","1kmE3959N3146",122
"10065","1kmE3959N3147",65
"10066","1kmE3959N3148",154
"10067","1kmE3959N3149",99
"10068","1kmE3959N3150",43
"10069","1kmE3959N3151",85
"10070","1kmE3959N3152",87
"10071","1kmE3959N3153",166
"10072","1kmE3959N3154",121
"10073","1kmE3959N3155",178
"10074","1kmE3959N3156",123
"10075","1kmE3959N3157",60
"10076","1kmE3959N3159",93
"10077","1kmE3959N3160",111
"10078","1kmE3959N3161",27
"10079","1kmE3959N3162",31
"10080","1kmE3959N3163",17
"10081","1kmE3959N3164",26
"10082","1kmE3959N3165",94
"10083","1kmE3959N3166",153
"10084","1kmE3959N3167",186
"10085","1kmE3960N3084",78
"10086","1kmE3960N3085",141
"10087","1kmE3960N3086",143
"10088","1kmE3960N3087",97
"10089","1kmE3960N3088",139
"10090","1kmE3960N3089",188
"10091","1kmE3960N3090",102
"10092","1kmE3960N3091",133
"10093","1kmE3960N3092",128
"10094","1kmE3960N3093",156
"10095","1kmE3960N3094",199
"10096","1kmE3960N3095",180
"10097","1kmE3960N3096",176
"10098","1kmE3960N3097",205
"10099","1kmE3960N3098",98
"10100","1kmE3960N3099",111
"10101","1kmE3960N3100",160
"10102","1kmE3960N3101",170
"10103","1kmE3960N3102",227
"10104","1kmE3960N3103",293
"10105","1kmE3960N3104",278
"10106","1kmE3960N3105",198
"10107","1kmE3960N3106",157
"10108","1kmE3960N3107",87
"10109","1kmE3960N3108",155
"10110","1kmE3960N3109",230
"10111","1kmE3960N3110",194
"10112","1kmE3960N3111",145
"10113","1kmE3960N3112",144
"10114","1kmE3960N3113",232
"10115","1kmE3960N3114",222
"10116","1kmE3960N3115",108
"10117","1kmE3960N3116",139
"10118","1kmE3960N3117",252
"10119","1kmE3960N3118",227
"10120","1kmE3960N3119",198
"10121","1kmE3960N3120",111
"10122","1kmE3960N3121",75
"10123","1kmE3960N3122",52
"10124","1kmE3960N3123",42
"10125","1kmE3960N3124",82
"10126","1kmE3960N3125",92
"10127","1kmE3960N3126",99
"10128","1kmE3960N3127",108
"10129","1kmE3960N3128",136
"10130","1kmE3960N3129",73
"10131","1kmE3960N3130",94
"10132","1kmE3960N3131",142
"10133","1kmE3960N3132",157
"10134","1kmE3960N3133",13
"10135","1kmE3960N3134",110
"10136","1kmE3960N3135",152
"10137","1kmE3960N3136",36
"10138","1kmE3960N3137",40
"10139","1kmE3960N3138",101
"10140","1kmE3960N3139",37
"10141","1kmE3960N3140",115
"10142","1kmE3960N3141",198
"10143","1kmE3960N3142",187
"10144","1kmE3960N3143",202
"10145","1kmE3960N3144",159
"10146","1kmE3960N3145",52
"10147","1kmE3960N3146",69
"10148","1kmE3960N3147",35
"10149","1kmE3960N3148",61
"10150","1kmE3960N3149",71
"10151","1kmE3960N3150",70
"10152","1kmE3960N3151",90
"10153","1kmE3960N3152",136
"10154","1kmE3960N3153",144
"10155","1kmE3960N3154",134
"10156","1kmE3960N3155",63
"10157","1kmE3960N3156",69
"10158","1kmE3960N3157",163
"10159","1kmE3960N3158",205
"10160","1kmE3960N3159",166
"10161","1kmE3960N3160",140
"10162","1kmE3960N3161",33
"10163","1kmE3960N3162",39
"10164","1kmE3960N3163",107
"10165","1kmE3960N3164",43
"10166","1kmE3960N3165",125
"10167","1kmE3960N3166",192
"10168","1kmE3960N3167",228
"10169","1kmE3961N3083",10
"10170","1kmE3961N3084",32
"10171","1kmE3961N3085",87
"10172","1kmE3961N3086",146
"10173","1kmE3961N3087",125
"10174","1kmE3961N3088",168
"10175","1kmE3961N3089",181
"10176","1kmE3961N3090",179
"10177","1kmE3961N3091",183
"10178","1kmE3961N3092",154
"10179","1kmE3961N3093",147
"10180","1kmE3961N3094",177
"10181","1kmE3961N3095",152
"10182","1kmE3961N3096",172
"10183","1kmE3961N3097",178
"10184","1kmE3961N3098",149
"10185","1kmE3961N3099",138
"10186","1kmE3961N3100",92
"10187","1kmE3961N3101",113
"10188","1kmE3961N3102",208
"10189","1kmE3961N3103",265
"10190","1kmE3961N3104",275
"10191","1kmE3961N3105",240
"10192","1kmE3961N3106",188
"10193","1kmE3961N3107",100
"10194","1kmE3961N3108",111
"10195","1kmE3961N3109",203
"10196","1kmE3961N3110",270
"10197","1kmE3961N3111",187
"10198","1kmE3961N3112",59
"10199","1kmE3961N3113",167
"10200","1kmE3961N3114",203
"10201","1kmE3961N3115",150
"10202","1kmE3961N3116",125
"10203","1kmE3961N3117",185
"10204","1kmE3961N3118",209
"10205","1kmE3961N3119",200
"10206","1kmE3961N3120",164
"10207","1kmE3961N3121",71
"10208","1kmE3961N3122",106
"10209","1kmE3961N3123",99
"10210","1kmE3961N3124",90
"10211","1kmE3961N3125",38
"10212","1kmE3961N3126",114
"10213","1kmE3961N3127",116
"10214","1kmE3961N3128",102
"10215","1kmE3961N3129",63
"10216","1kmE3961N3130",89
"10217","1kmE3961N3131",212
"10218","1kmE3961N3132",226
"10219","1kmE3961N3133",87
"10220","1kmE3961N3134",93
"10221","1kmE3961N3135",111
"10222","1kmE3961N3136",123
"10223","1kmE3961N3137",29
"10224","1kmE3961N3138",81
"10225","1kmE3961N3139",88
"10226","1kmE3961N3140",99
"10227","1kmE3961N3141",146
"10228","1kmE3961N3142",96
"10229","1kmE3961N3143",90
"10230","1kmE3961N3144",100
"10231","1kmE3961N3145",66
"10232","1kmE3961N3146",111
"10233","1kmE3961N3147",85
"10234","1kmE3961N3148",106
"10235","1kmE3961N3149",97
"10236","1kmE3961N3150",97
"10237","1kmE3961N3151",35
"10238","1kmE3961N3152",86
"10239","1kmE3961N3153",157
"10240","1kmE3961N3154",156
"10241","1kmE3961N3155",19
"10242","1kmE3961N3156",79
"10243","1kmE3961N3157",205
"10244","1kmE3961N3158",232
"10245","1kmE3961N3159",177
"10246","1kmE3961N3160",23
"10247","1kmE3961N3161",23
"10248","1kmE3961N3162",32
"10249","1kmE3961N3163",56
"10250","1kmE3961N3164",88
"10251","1kmE3961N3165",123
"10252","1kmE3961N3166",175
"10253","1kmE3962N3082",48
"10254","1kmE3962N3083",55
"10255","1kmE3962N3084",86
"10256","1kmE3962N3085",141
"10257","1kmE3962N3086",189
"10258","1kmE3962N3087",169
"10259","1kmE3962N3088",135
"10260","1kmE3962N3089",242
"10261","1kmE3962N3090",277
"10262","1kmE3962N3091",213
"10263","1kmE3962N3092",149
"10264","1kmE3962N3093",145
"10265","1kmE3962N3094",158
"10266","1kmE3962N3095",155
"10267","1kmE3962N3096",148
"10268","1kmE3962N3097",172
"10269","1kmE3962N3098",158
"10270","1kmE3962N3099",139
"10271","1kmE3962N3100",104
"10272","1kmE3962N3101",113
"10273","1kmE3962N3102",155
"10274","1kmE3962N3103",247
"10275","1kmE3962N3104",265
"10276","1kmE3962N3105",231
"10277","1kmE3962N3106",204
"10278","1kmE3962N3107",122
"10279","1kmE3962N3108",143
"10280","1kmE3962N3109",213
"10281","1kmE3962N3110",220
"10282","1kmE3962N3111",169
"10283","1kmE3962N3112",99
"10284","1kmE3962N3113",104
"10285","1kmE3962N3114",112
"10286","1kmE3962N3115",75
"10287","1kmE3962N3116",33
"10288","1kmE3962N3117",120
"10289","1kmE3962N3118",186
"10290","1kmE3962N3119",252
"10291","1kmE3962N3120",233
"10292","1kmE3962N3121",116
"10293","1kmE3962N3122",114
"10294","1kmE3962N3123",120
"10295","1kmE3962N3124",109
"10296","1kmE3962N3125",10
"10297","1kmE3962N3126",94
"10298","1kmE3962N3127",132
"10299","1kmE3962N3128",90
"10300","1kmE3962N3129",78
"10301","1kmE3962N3130",77
"10302","1kmE3962N3131",231
"10303","1kmE3962N3132",226
"10304","1kmE3962N3133",146
"10305","1kmE3962N3134",131
"10306","1kmE3962N3135",134
"10307","1kmE3962N3136",75
"10308","1kmE3962N3137",29
"10309","1kmE3962N3138",57
"10310","1kmE3962N3139",101
"10311","1kmE3962N3140",115
"10312","1kmE3962N3141",156
"10313","1kmE3962N3142",114
"10314","1kmE3962N3143",100
"10315","1kmE3962N3144",83
"10316","1kmE3962N3145",65
"10317","1kmE3962N3146",90
"10318","1kmE3962N3147",129
"10319","1kmE3962N3148",164
"10320","1kmE3962N3149",33
"10321","1kmE3962N3150",19
"10322","1kmE3962N3151",9
"10323","1kmE3962N3152",46
"10324","1kmE3962N3153",113
"10325","1kmE3962N3154",106
"10326","1kmE3962N3155",60
"10327","1kmE3962N3156",167
"10328","1kmE3962N3157",222
"10329","1kmE3962N3158",147
"10330","1kmE3962N3161",85
"10331","1kmE3962N3162",93
"10332","1kmE3962N3163",85
"10333","1kmE3962N3164",64
"10334","1kmE3962N3165",89
"10335","1kmE3963N3082",93
"10336","1kmE3963N3083",103
"10337","1kmE3963N3084",98
"10338","1kmE3963N3085",108
"10339","1kmE3963N3086",97
"10340","1kmE3963N3087",134
"10341","1kmE3963N3088",103
"10342","1kmE3963N3089",201
"10343","1kmE3963N3090",253
"10344","1kmE3963N3091",182
"10345","1kmE3963N3092",172
"10346","1kmE3963N3093",189
"10347","1kmE3963N3094",166
"10348","1kmE3963N3095",169
"10349","1kmE3963N3096",135
"10350","1kmE3963N3097",174
"10351","1kmE3963N3098",194
"10352","1kmE3963N3099",134
"10353","1kmE3963N3100",116
"10354","1kmE3963N3101",116
"10355","1kmE3963N3102",111
"10356","1kmE3963N3103",238
"10357","1kmE3963N3104",228
"10358","1kmE3963N3105",183
"10359","1kmE3963N3106",190
"10360","1kmE3963N3107",184
"10361","1kmE3963N3108",123
"10362","1kmE3963N3109",174
"10363","1kmE3963N3110",234
"10364","1kmE3963N3111",259
"10365","1kmE3963N3112",204
"10366","1kmE3963N3113",144
"10367","1kmE3963N3114",140
"10368","1kmE3963N3115",86
"10369","1kmE3963N3116",49
"10370","1kmE3963N3117",93
"10371","1kmE3963N3118",119
"10372","1kmE3963N3119",229
"10373","1kmE3963N3120",214
"10374","1kmE3963N3121",124
"10375","1kmE3963N3122",135
"10376","1kmE3963N3123",137
"10377","1kmE3963N3124",114
"10378","1kmE3963N3125",78
"10379","1kmE3963N3126",100
"10380","1kmE3963N3127",129
"10381","1kmE3963N3128",122
"10382","1kmE3963N3129",46
"10383","1kmE3963N3130",26
"10384","1kmE3963N3131",95
"10385","1kmE3963N3132",187
"10386","1kmE3963N3133",158
"10387","1kmE3963N3134",76
"10388","1kmE3963N3135",60
"10389","1kmE3963N3136",76
"10390","1kmE3963N3137",95
"10391","1kmE3963N3138",65
"10392","1kmE3963N3139",75
"10393","1kmE3963N3140",92
"10394","1kmE3963N3141",108
"10395","1kmE3963N3142",146
"10396","1kmE3963N3143",149
"10397","1kmE3963N3144",130
"10398","1kmE3963N3145",89
"10399","1kmE3963N3146",113
"10400","1kmE3963N3147",126
"10401","1kmE3963N3148",127
"10402","1kmE3963N3149",63
"10403","1kmE3963N3150",12
"10404","1kmE3963N3151",32
"10405","1kmE3963N3152",123
"10406","1kmE3963N3153",137
"10407","1kmE3963N3154",30
"10408","1kmE3963N3155",76
"10409","1kmE3963N3156",163
"10410","1kmE3963N3157",187
"10411","1kmE3963N3164",62
"10412","1kmE3964N3082",20
"10413","1kmE3964N3083",87
"10414","1kmE3964N3084",98
"10415","1kmE3964N3085",91
"10416","1kmE3964N3086",93
"10417","1kmE3964N3087",79
"10418","1kmE3964N3088",60
"10419","1kmE3964N3089",115
"10420","1kmE3964N3090",96
"10421","1kmE3964N3091",57
"10422","1kmE3964N3092",57
"10423","1kmE3964N3093",103
"10424","1kmE3964N3094",140
"10425","1kmE3964N3095",127
"10426","1kmE3964N3096",76
"10427","1kmE3964N3097",105
"10428","1kmE3964N3098",123
"10429","1kmE3964N3099",101
"10430","1kmE3964N3100",88
"10431","1kmE3964N3101",103
"10432","1kmE3964N3102",105
"10433","1kmE3964N3103",192
"10434","1kmE3964N3104",190
"10435","1kmE3964N3105",191
"10436","1kmE3964N3106",153
"10437","1kmE3964N3107",179
"10438","1kmE3964N3108",122
"10439","1kmE3964N3109",95
"10440","1kmE3964N3110",196
"10441","1kmE3964N3111",230
"10442","1kmE3964N3112",199
"10443","1kmE3964N3113",112
"10444","1kmE3964N3114",76
"10445","1kmE3964N3115",49
"10446","1kmE3964N3116",57
"10447","1kmE3964N3117",87
"10448","1kmE3964N3118",89
"10449","1kmE3964N3119",200
"10450","1kmE3964N3120",227
"10451","1kmE3964N3121",150
"10452","1kmE3964N3122",150
"10453","1kmE3964N3123",146
"10454","1kmE3964N3124",70
"10455","1kmE3964N3125",63
"10456","1kmE3964N3126",95
"10457","1kmE3964N3127",98
"10458","1kmE3964N3128",66
"10459","1kmE3964N3129",38
"10460","1kmE3964N3130",35
"10461","1kmE3964N3131",45
"10462","1kmE3964N3132",140
"10463","1kmE3964N3133",171
"10464","1kmE3964N3134",105
"10465","1kmE3964N3135",52
"10466","1kmE3964N3136",65
"10467","1kmE3964N3137",89
"10468","1kmE3964N3138",43
"10469","1kmE3964N3139",21
"10470","1kmE3964N3140",54
"10471","1kmE3964N3141",80
"10472","1kmE3964N3142",186
"10473","1kmE3964N3143",188
"10474","1kmE3964N3144",121
"10475","1kmE3964N3145",116
"10476","1kmE3964N3146",128
"10477","1kmE3964N3147",117
"10478","1kmE3964N3148",115
"10479","1kmE3964N3149",64
"10480","1kmE3964N3150",55
"10481","1kmE3964N3151",44
"10482","1kmE3964N3152",111
"10483","1kmE3964N3153",147
"10484","1kmE3964N3154",50
"10485","1kmE3964N3155",31
"10486","1kmE3964N3156",160
"10487","1kmE3964N3157",177
"10488","1kmE3965N3083",30
"10489","1kmE3965N3084",84
"10490","1kmE3965N3085",63
"10491","1kmE3965N3086",54
"10492","1kmE3965N3087",56
"10493","1kmE3965N3088",57
"10494","1kmE3965N3089",127
"10495","1kmE3965N3090",97
"10496","1kmE3965N3091",27
"10497","1kmE3965N3092",79
"10498","1kmE3965N3093",113
"10499","1kmE3965N3094",102
"10500","1kmE3965N3095",71
"10501","1kmE3965N3096",81
"10502","1kmE3965N3097",85
"10503","1kmE3965N3098",153
"10504","1kmE3965N3099",99
"10505","1kmE3965N3100",45
"10506","1kmE3965N3101",99
"10507","1kmE3965N3102",109
"10508","1kmE3965N3103",124
"10509","1kmE3965N3104",194
"10510","1kmE3965N3105",200
"10511","1kmE3965N3106",108
"10512","1kmE3965N3107",51
"10513","1kmE3965N3108",48
"10514","1kmE3965N3109",51
"10515","1kmE3965N3110",201
"10516","1kmE3965N3111",245
"10517","1kmE3965N3112",182
"10518","1kmE3965N3113",107
"10519","1kmE3965N3114",61
"10520","1kmE3965N3115",58
"10521","1kmE3965N3116",109
"10522","1kmE3965N3117",94
"10523","1kmE3965N3118",91
"10524","1kmE3965N3119",198
"10525","1kmE3965N3120",202
"10526","1kmE3965N3121",158
"10527","1kmE3965N3122",106
"10528","1kmE3965N3123",86
"10529","1kmE3965N3124",77
"10530","1kmE3965N3125",46
"10531","1kmE3965N3126",83
"10532","1kmE3965N3127",81
"10533","1kmE3965N3128",52
"10534","1kmE3965N3129",4
"10535","1kmE3965N3130",49
"10536","1kmE3965N3131",128
"10537","1kmE3965N3132",95
"10538","1kmE3965N3133",44
"10539","1kmE3965N3134",102
"10540","1kmE3965N3135",130
"10541","1kmE3965N3136",85
"10542","1kmE3965N3137",52
"10543","1kmE3965N3138",51
"10544","1kmE3965N3139",76
"10545","1kmE3965N3140",122
"10546","1kmE3965N3141",133
"10547","1kmE3965N3142",170
"10548","1kmE3965N3143",191
"10549","1kmE3965N3144",148
"10550","1kmE3965N3145",111
"10551","1kmE3965N3146",117
"10552","1kmE3965N3147",137
"10553","1kmE3965N3148",95
"10554","1kmE3965N3149",64
"10555","1kmE3965N3150",58
"10556","1kmE3965N3151",28
"10557","1kmE3965N3152",51
"10558","1kmE3965N3153",82
"10559","1kmE3965N3154",125
"10560","1kmE3965N3155",122
"10561","1kmE3965N3156",169
"10562","1kmE3965N3157",171
"10563","1kmE3965N3158",103
"10564","1kmE3966N3084",30
"10565","1kmE3966N3085",85
"10566","1kmE3966N3086",78
"10567","1kmE3966N3087",55
"10568","1kmE3966N3088",84
"10569","1kmE3966N3089",185
"10570","1kmE3966N3090",153
"10571","1kmE3966N3091",76
"10572","1kmE3966N3092",82
"10573","1kmE3966N3093",109
"10574","1kmE3966N3094",78
"10575","1kmE3966N3095",134
"10576","1kmE3966N3096",130
"10577","1kmE3966N3097",60
"10578","1kmE3966N3098",72
"10579","1kmE3966N3099",63
"10580","1kmE3966N3100",122
"10581","1kmE3966N3101",110
"10582","1kmE3966N3102",115
"10583","1kmE3966N3103",89
"10584","1kmE3966N3104",183
"10585","1kmE3966N3105",184
"10586","1kmE3966N3106",66
"10587","1kmE3966N3107",16
"10588","1kmE3966N3108",74
"10589","1kmE3966N3109",92
"10590","1kmE3966N3110",177
"10591","1kmE3966N3111",224
"10592","1kmE3966N3112",148
"10593","1kmE3966N3113",75
"10594","1kmE3966N3114",42
"10595","1kmE3966N3115",91
"10596","1kmE3966N3116",111
"10597","1kmE3966N3117",130
"10598","1kmE3966N3118",104
"10599","1kmE3966N3119",200
"10600","1kmE3966N3120",221
"10601","1kmE3966N3121",186
"10602","1kmE3966N3122",143
"10603","1kmE3966N3123",92
"10604","1kmE3966N3124",49
"10605","1kmE3966N3125",121
"10606","1kmE3966N3126",82
"10607","1kmE3966N3127",75
"10608","1kmE3966N3128",26
"10609","1kmE3966N3129",2
"10610","1kmE3966N3130",49
"10611","1kmE3966N3131",221
"10612","1kmE3966N3132",217
"10613","1kmE3966N3133",140
"10614","1kmE3966N3134",32
"10615","1kmE3966N3135",46
"10616","1kmE3966N3136",29
"10617","1kmE3966N3137",128
"10618","1kmE3966N3138",153
"10619","1kmE3966N3139",225
"10620","1kmE3966N3140",224
"10621","1kmE3966N3141",132
"10622","1kmE3966N3142",133
"10623","1kmE3966N3143",227
"10624","1kmE3966N3144",174
"10625","1kmE3966N3145",133
"10626","1kmE3966N3146",142
"10627","1kmE3966N3147",168
"10628","1kmE3966N3148",159
"10629","1kmE3966N3149",40
"10630","1kmE3966N3150",25
"10631","1kmE3966N3151",31
"10632","1kmE3966N3152",98
"10633","1kmE3966N3153",81
"10634","1kmE3966N3154",146
"10635","1kmE3966N3155",145
"10636","1kmE3966N3156",138
"10637","1kmE3966N3157",122
"10638","1kmE3966N3158",58
"10639","1kmE3967N3084",72
"10640","1kmE3967N3085",118
"10641","1kmE3967N3086",99
"10642","1kmE3967N3087",105
"10643","1kmE3967N3088",93
"10644","1kmE3967N3089",168
"10645","1kmE3967N3090",174
"10646","1kmE3967N3091",59
"10647","1kmE3967N3092",102
"10648","1kmE3967N3093",67
"10649","1kmE3967N3094",96
"10650","1kmE3967N3095",150
"10651","1kmE3967N3096",189
"10652","1kmE3967N3097",110
"10653","1kmE3967N3098",26
"10654","1kmE3967N3099",39
"10655","1kmE3967N3100",85
"10656","1kmE3967N3101",47
"10657","1kmE3967N3102",108
"10658","1kmE3967N3103",113
"10659","1kmE3967N3104",71
"10660","1kmE3967N3105",107
"10661","1kmE3967N3106",43
"10662","1kmE3967N3107",50
"10663","1kmE3967N3108",30
"10664","1kmE3967N3109",33
"10665","1kmE3967N3110",151
"10666","1kmE3967N3111",274
"10667","1kmE3967N3112",243
"10668","1kmE3967N3113",111
"10669","1kmE3967N3114",150
"10670","1kmE3967N3115",101
"10671","1kmE3967N3116",102
"10672","1kmE3967N3117",109
"10673","1kmE3967N3118",98
"10674","1kmE3967N3119",174
"10675","1kmE3967N3120",236
"10676","1kmE3967N3121",229
"10677","1kmE3967N3122",149
"10678","1kmE3967N3123",135
"10679","1kmE3967N3124",115
"10680","1kmE3967N3125",152
"10681","1kmE3967N3126",125
"10682","1kmE3967N3127",59
"10683","1kmE3967N3128",12
"10684","1kmE3967N3129",38
"10685","1kmE3967N3130",46
"10686","1kmE3967N3131",231
"10687","1kmE3967N3132",253
"10688","1kmE3967N3133",181
"10689","1kmE3967N3134",87
"10690","1kmE3967N3135",106
"10691","1kmE3967N3136",55
"10692","1kmE3967N3137",127
"10693","1kmE3967N3138",117
"10694","1kmE3967N3139",215
"10695","1kmE3967N3140",242
"10696","1kmE3967N3141",230
"10697","1kmE3967N3142",188
"10698","1kmE3967N3143",176
"10699","1kmE3967N3144",100
"10700","1kmE3967N3145",103
"10701","1kmE3967N3146",114
"10702","1kmE3967N3147",196
"10703","1kmE3967N3148",208
"10704","1kmE3967N3149",119
"10705","1kmE3967N3150",141
"10706","1kmE3967N3151",121
"10707","1kmE3967N3152",115
"10708","1kmE3967N3153",87
"10709","1kmE3967N3154",94
"10710","1kmE3967N3155",105
"10711","1kmE3967N3156",43
"10712","1kmE3967N3159",34
"10713","1kmE3968N3084",143
"10714","1kmE3968N3085",178
"10715","1kmE3968N3086",110
"10716","1kmE3968N3087",54
"10717","1kmE3968N3088",58
"10718","1kmE3968N3089",129
"10719","1kmE3968N3090",93
"10720","1kmE3968N3091",52
"10721","1kmE3968N3092",131
"10722","1kmE3968N3093",92
"10723","1kmE3968N3094",129
"10724","1kmE3968N3095",185
"10725","1kmE3968N3096",201
"10726","1kmE3968N3097",183
"10727","1kmE3968N3098",123
"10728","1kmE3968N3099",114
"10729","1kmE3968N3100",57
"10730","1kmE3968N3101",32
"10731","1kmE3968N3102",72
"10732","1kmE3968N3103",75
"10733","1kmE3968N3104",85
"10734","1kmE3968N3105",136
"10735","1kmE3968N3106",22
"10736","1kmE3968N3107",70
"10737","1kmE3968N3108",46
"10738","1kmE3968N3109",16
"10739","1kmE3968N3110",217
"10740","1kmE3968N3111",277
"10741","1kmE3968N3112",302
"10742","1kmE3968N3113",157
"10743","1kmE3968N3114",126
"10744","1kmE3968N3115",118
"10745","1kmE3968N3116",71
"10746","1kmE3968N3117",40
"10747","1kmE3968N3118",29
"10748","1kmE3968N3119",190
"10749","1kmE3968N3120",221
"10750","1kmE3968N3121",234
"10751","1kmE3968N3122",176
"10752","1kmE3968N3123",179
"10753","1kmE3968N3124",150
"10754","1kmE3968N3125",154
"10755","1kmE3968N3126",119
"10756","1kmE3968N3127",66
"10757","1kmE3968N3128",18
"10758","1kmE3968N3129",74
"10759","1kmE3968N3130",76
"10760","1kmE3968N3131",154
"10761","1kmE3968N3132",215
"10762","1kmE3968N3133",145
"10763","1kmE3968N3134",125
"10764","1kmE3968N3135",33
"10765","1kmE3968N3136",60
"10766","1kmE3968N3137",136
"10767","1kmE3968N3138",62
"10768","1kmE3968N3139",88
"10769","1kmE3968N3140",178
"10770","1kmE3968N3141",202
"10771","1kmE3968N3142",162
"10772","1kmE3968N3143",26
"10773","1kmE3968N3144",84
"10774","1kmE3968N3145",70
"10775","1kmE3968N3146",85
"10776","1kmE3968N3147",148
"10777","1kmE3968N3148",170
"10778","1kmE3968N3149",157
"10779","1kmE3968N3150",160
"10780","1kmE3968N3151",203
"10781","1kmE3968N3152",205
"10782","1kmE3968N3153",142
"10783","1kmE3968N3154",179
"10784","1kmE3968N3155",155
"10785","1kmE3968N3156",52
"10786","1kmE3968N3158",51
"10787","1kmE3968N3159",75
"10788","1kmE3968N3160",59
"10789","1kmE3968N3161",33
"10790","1kmE3969N3082",21
"10791","1kmE3969N3083",58
"10792","1kmE3969N3084",126
"10793","1kmE3969N3085",135
"10794","1kmE3969N3086",130
"10795","1kmE3969N3087",33
"10796","1kmE3969N3088",21
"10797","1kmE3969N3089",95
"10798","1kmE3969N3090",100
"10799","1kmE3969N3091",32
"10800","1kmE3969N3092",45
"10801","1kmE3969N3093",75
"10802","1kmE3969N3094",28
"10803","1kmE3969N3095",53
"10804","1kmE3969N3096",154
"10805","1kmE3969N3097",158
"10806","1kmE3969N3098",114
"10807","1kmE3969N3099",136
"10808","1kmE3969N3100",110
"10809","1kmE3969N3101",29
"10810","1kmE3969N3102",34
"10811","1kmE3969N3103",76
"10812","1kmE3969N3104",93
"10813","1kmE3969N3105",128
"10814","1kmE3969N3106",27
"10815","1kmE3969N3107",10
"10816","1kmE3969N3108",79
"10817","1kmE3969N3109",112
"10818","1kmE3969N3110",198
"10819","1kmE3969N3111",284
"10820","1kmE3969N3112",305
"10821","1kmE3969N3113",159
"10822","1kmE3969N3114",118
"10823","1kmE3969N3115",105
"10824","1kmE3969N3116",47
"10825","1kmE3969N3117",74
"10826","1kmE3969N3118",35
"10827","1kmE3969N3119",133
"10828","1kmE3969N3120",83
"10829","1kmE3969N3121",126
"10830","1kmE3969N3122",167
"10831","1kmE3969N3123",137
"10832","1kmE3969N3124",188
"10833","1kmE3969N3125",110
"10834","1kmE3969N3126",74
"10835","1kmE3969N3127",42
"10836","1kmE3969N3128",17
"10837","1kmE3969N3129",36
"10838","1kmE3969N3130",87
"10839","1kmE3969N3131",29
"10840","1kmE3969N3132",141
"10841","1kmE3969N3133",100
"10842","1kmE3969N3134",31
"10843","1kmE3969N3135",88
"10844","1kmE3969N3136",136
"10845","1kmE3969N3137",86
"10846","1kmE3969N3138",82
"10847","1kmE3969N3139",28
"10848","1kmE3969N3140",99
"10849","1kmE3969N3141",132
"10850","1kmE3969N3142",87
"10851","1kmE3969N3143",165
"10852","1kmE3969N3144",110
"10853","1kmE3969N3145",88
"10854","1kmE3969N3146",74
"10855","1kmE3969N3147",122
"10856","1kmE3969N3148",124
"10857","1kmE3969N3149",139
"10858","1kmE3969N3150",169
"10859","1kmE3969N3151",199
"10860","1kmE3969N3152",189
"10861","1kmE3969N3153",136
"10862","1kmE3969N3154",173
"10863","1kmE3969N3155",142
"10864","1kmE3969N3156",69
"10865","1kmE3969N3158",6
"10866","1kmE3969N3159",8
"10867","1kmE3969N3160",33
"10868","1kmE3969N3161",36
"10869","1kmE3970N3082",34
"10870","1kmE3970N3083",94
"10871","1kmE3970N3084",133
"10872","1kmE3970N3085",127
"10873","1kmE3970N3086",89
"10874","1kmE3970N3087",116
"10875","1kmE3970N3088",33
"10876","1kmE3970N3089",60
"10877","1kmE3970N3090",109
"10878","1kmE3970N3091",47
"10879","1kmE3970N3092",75
"10880","1kmE3970N3093",8
"10881","1kmE3970N3094",45
"10882","1kmE3970N3095",68
"10883","1kmE3970N3096",87
"10884","1kmE3970N3097",157
"10885","1kmE3970N3098",145
"10886","1kmE3970N3099",96
"10887","1kmE3970N3100",71
"10888","1kmE3970N3101",47
"10889","1kmE3970N3102",104
"10890","1kmE3970N3103",81
"10891","1kmE3970N3104",50
"10892","1kmE3970N3105",65
"10893","1kmE3970N3106",41
"10894","1kmE3970N3107",28
"10895","1kmE3970N3108",124
"10896","1kmE3970N3109",212
"10897","1kmE3970N3110",190
"10898","1kmE3970N3111",239
"10899","1kmE3970N3112",238
"10900","1kmE3970N3113",115
"10901","1kmE3970N3114",114
"10902","1kmE3970N3115",89
"10903","1kmE3970N3116",62
"10904","1kmE3970N3117",47
"10905","1kmE3970N3118",41
"10906","1kmE3970N3119",65
"10907","1kmE3970N3120",22
"10908","1kmE3970N3121",102
"10909","1kmE3970N3122",232
"10910","1kmE3970N3123",214
"10911","1kmE3970N3124",208
"10912","1kmE3970N3125",193
"10913","1kmE3970N3126",96
"10914","1kmE3970N3127",68
"10915","1kmE3970N3128",28
"10916","1kmE3970N3129",16
"10917","1kmE3970N3130",48
"10918","1kmE3970N3131",16
"10919","1kmE3970N3132",93
"10920","1kmE3970N3133",176
"10921","1kmE3970N3134",156
"10922","1kmE3970N3135",197
"10923","1kmE3970N3136",117
"10924","1kmE3970N3137",27
"10925","1kmE3970N3138",110
"10926","1kmE3970N3139",95
"10927","1kmE3970N3140",90
"10928","1kmE3970N3141",60
"10929","1kmE3970N3142",61
"10930","1kmE3970N3143",214
"10931","1kmE3970N3144",116
"10932","1kmE3970N3145",56
"10933","1kmE3970N3146",115
"10934","1kmE3970N3147",117
"10935","1kmE3970N3148",160
"10936","1kmE3970N3149",135
"10937","1kmE3970N3150",188
"10938","1kmE3970N3151",174
"10939","1kmE3970N3152",142
"10940","1kmE3970N3153",129
"10941","1kmE3970N3154",81
"10942","1kmE3970N3155",48
"10943","1kmE3970N3156",71
"10944","1kmE3970N3157",58
"10945","1kmE3970N3160",33
"10946","1kmE3970N3161",32
"10947","1kmE3971N3079",22
"10948","1kmE3971N3080",35
"10949","1kmE3971N3081",62
"10950","1kmE3971N3082",119
"10951","1kmE3971N3083",143
"10952","1kmE3971N3084",132
"10953","1kmE3971N3085",39
"10954","1kmE3971N3086",70
"10955","1kmE3971N3087",93
"10956","1kmE3971N3088",42
"10957","1kmE3971N3089",119
"10958","1kmE3971N3090",178
"10959","1kmE3971N3091",107
"10960","1kmE3971N3092",135
"10961","1kmE3971N3093",38
"10962","1kmE3971N3094",80
"10963","1kmE3971N3095",52
"10964","1kmE3971N3096",110
"10965","1kmE3971N3097",83
"10966","1kmE3971N3098",89
"10967","1kmE3971N3099",51
"10968","1kmE3971N3100",85
"10969","1kmE3971N3101",46
"10970","1kmE3971N3102",101
"10971","1kmE3971N3103",41
"10972","1kmE3971N3104",59
"10973","1kmE3971N3105",80
"10974","1kmE3971N3106",119
"10975","1kmE3971N3107",52
"10976","1kmE3971N3108",171
"10977","1kmE3971N3109",219
"10978","1kmE3971N3110",157
"10979","1kmE3971N3111",196
"10980","1kmE3971N3112",143
"10981","1kmE3971N3113",144
"10982","1kmE3971N3114",120
"10983","1kmE3971N3115",142
"10984","1kmE3971N3116",96
"10985","1kmE3971N3117",111
"10986","1kmE3971N3118",156
"10987","1kmE3971N3119",106
"10988","1kmE3971N3120",68
"10989","1kmE3971N3121",52
"10990","1kmE3971N3122",147
"10991","1kmE3971N3123",104
"10992","1kmE3971N3124",75
"10993","1kmE3971N3125",124
"10994","1kmE3971N3126",147
"10995","1kmE3971N3127",100
"10996","1kmE3971N3128",100
"10997","1kmE3971N3129",31
"10998","1kmE3971N3130",13
"10999","1kmE3971N3131",5
"11000","1kmE3971N3132",18
"11001","1kmE3971N3133",121
"11002","1kmE3971N3134",175
"11003","1kmE3971N3135",94
"11004","1kmE3971N3136",34
"11005","1kmE3971N3137",17
"11006","1kmE3971N3138",59
"11007","1kmE3971N3139",127
"11008","1kmE3971N3140",160
"11009","1kmE3971N3141",145
"11010","1kmE3971N3142",104
"11011","1kmE3971N3143",148
"11012","1kmE3971N3144",60
"11013","1kmE3971N3145",55
"11014","1kmE3971N3146",98
"11015","1kmE3971N3147",101
"11016","1kmE3971N3148",110
"11017","1kmE3971N3149",115
"11018","1kmE3971N3150",177
"11019","1kmE3971N3151",158
"11020","1kmE3971N3152",170
"11021","1kmE3971N3153",130
"11022","1kmE3971N3154",123
"11023","1kmE3971N3155",69
"11024","1kmE3971N3156",118
"11025","1kmE3971N3157",88
"11026","1kmE3971N3158",16
"11027","1kmE3972N3077",16
"11028","1kmE3972N3078",62
"11029","1kmE3972N3079",58
"11030","1kmE3972N3080",43
"11031","1kmE3972N3081",110
"11032","1kmE3972N3082",121
"11033","1kmE3972N3083",78
"11034","1kmE3972N3084",60
"11035","1kmE3972N3085",12
"11036","1kmE3972N3086",34
"11037","1kmE3972N3087",82
"11038","1kmE3972N3088",89
"11039","1kmE3972N3089",75
"11040","1kmE3972N3090",121
"11041","1kmE3972N3091",103
"11042","1kmE3972N3092",156
"11043","1kmE3972N3093",53
"11044","1kmE3972N3094",26
"11045","1kmE3972N3095",50
"11046","1kmE3972N3096",138
"11047","1kmE3972N3097",101
"11048","1kmE3972N3098",26
"11049","1kmE3972N3099",19
"11050","1kmE3972N3100",74
"11051","1kmE3972N3101",83
"11052","1kmE3972N3102",45
"11053","1kmE3972N3103",43
"11054","1kmE3972N3104",61
"11055","1kmE3972N3105",111
"11056","1kmE3972N3106",126
"11057","1kmE3972N3107",65
"11058","1kmE3972N3108",125
"11059","1kmE3972N3109",175
"11060","1kmE3972N3110",100
"11061","1kmE3972N3111",104
"11062","1kmE3972N3112",110
"11063","1kmE3972N3113",135
"11064","1kmE3972N3114",124
"11065","1kmE3972N3115",141
"11066","1kmE3972N3116",127
"11067","1kmE3972N3117",146
"11068","1kmE3972N3118",171
"11069","1kmE3972N3119",71
"11070","1kmE3972N3120",104
"11071","1kmE3972N3121",28
"11072","1kmE3972N3122",108
"11073","1kmE3972N3123",191
"11074","1kmE3972N3124",18
"11075","1kmE3972N3125",100
"11076","1kmE3972N3126",197
"11077","1kmE3972N3127",119
"11078","1kmE3972N3128",86
"11079","1kmE3972N3129",62
"11080","1kmE3972N3130",26
"11081","1kmE3972N3131",45
"11082","1kmE3972N3132",29
"11083","1kmE3972N3133",127
"11084","1kmE3972N3134",22
"11085","1kmE3972N3135",53
"11086","1kmE3972N3136",43
"11087","1kmE3972N3137",102
"11088","1kmE3972N3138",81
"11089","1kmE3972N3139",54
"11090","1kmE3972N3140",138
"11091","1kmE3972N3141",146
"11092","1kmE3972N3142",149
"11093","1kmE3972N3143",76
"11094","1kmE3972N3144",34
"11095","1kmE3972N3145",32
"11096","1kmE3972N3146",87
"11097","1kmE3972N3147",184
"11098","1kmE3972N3148",153
"11099","1kmE3972N3149",180
"11100","1kmE3972N3150",245
"11101","1kmE3972N3151",98
"11102","1kmE3972N3152",127
"11103","1kmE3972N3153",71
"11104","1kmE3972N3154",100
"11105","1kmE3972N3155",44
"11106","1kmE3972N3156",52
"11107","1kmE3972N3157",46
"11108","1kmE3972N3158",17
"11109","1kmE3972N3159",54
"11110","1kmE3973N3077",64
"11111","1kmE3973N3078",138
"11112","1kmE3973N3079",107
"11113","1kmE3973N3080",73
"11114","1kmE3973N3081",99
"11115","1kmE3973N3082",132
"11116","1kmE3973N3083",141
"11117","1kmE3973N3084",109
"11118","1kmE3973N3085",113
"11119","1kmE3973N3086",50
"11120","1kmE3973N3087",61
"11121","1kmE3973N3088",104
"11122","1kmE3973N3089",52
"11123","1kmE3973N3090",23
"11124","1kmE3973N3091",70
"11125","1kmE3973N3092",122
"11126","1kmE3973N3093",100
"11127","1kmE3973N3094",27
"11128","1kmE3973N3095",38
"11129","1kmE3973N3096",118
"11130","1kmE3973N3097",111
"11131","1kmE3973N3098",9
"11132","1kmE3973N3099",21
"11133","1kmE3973N3100",91
"11134","1kmE3973N3101",128
"11135","1kmE3973N3102",60
"11136","1kmE3973N3103",54
"11137","1kmE3973N3104",77
"11138","1kmE3973N3105",70
"11139","1kmE3973N3106",51
"11140","1kmE3973N3107",102
"11141","1kmE3973N3108",139
"11142","1kmE3973N3109",170
"11143","1kmE3973N3110",178
"11144","1kmE3973N3111",190
"11145","1kmE3973N3112",213
"11146","1kmE3973N3113",142
"11147","1kmE3973N3114",118
"11148","1kmE3973N3115",149
"11149","1kmE3973N3116",119
"11150","1kmE3973N3117",81
"11151","1kmE3973N3118",124
"11152","1kmE3973N3119",81
"11153","1kmE3973N3120",88
"11154","1kmE3973N3121",44
"11155","1kmE3973N3122",65
"11156","1kmE3973N3123",113
"11157","1kmE3973N3124",90
"11158","1kmE3973N3125",90
"11159","1kmE3973N3126",162
"11160","1kmE3973N3127",147
"11161","1kmE3973N3128",76
"11162","1kmE3973N3129",132
"11163","1kmE3973N3130",84
"11164","1kmE3973N3131",109
"11165","1kmE3973N3132",90
"11166","1kmE3973N3133",184
"11167","1kmE3973N3134",78
"11168","1kmE3973N3135",163
"11169","1kmE3973N3136",170
"11170","1kmE3973N3137",182
"11171","1kmE3973N3138",159
"11172","1kmE3973N3139",181
"11173","1kmE3973N3140",125
"11174","1kmE3973N3141",152
"11175","1kmE3973N3142",145
"11176","1kmE3973N3143",119
"11177","1kmE3973N3144",62
"11178","1kmE3973N3145",54
"11179","1kmE3973N3146",103
"11180","1kmE3973N3147",142
"11181","1kmE3973N3148",172
"11182","1kmE3973N3149",129
"11183","1kmE3973N3150",212
"11184","1kmE3973N3151",93
"11185","1kmE3973N3152",58
"11186","1kmE3973N3153",12
"11187","1kmE3973N3154",49
"11188","1kmE3973N3155",9
"11189","1kmE3973N3156",3
"11190","1kmE3973N3157",8
"11191","1kmE3973N3158",50
"11192","1kmE3973N3159",111
"11193","1kmE3973N3160",96
"11194","1kmE3974N3077",108
"11195","1kmE3974N3078",142
"11196","1kmE3974N3079",126
"11197","1kmE3974N3080",93
"11198","1kmE3974N3081",115
"11199","1kmE3974N3082",121
"11200","1kmE3974N3083",108
"11201","1kmE3974N3084",143
"11202","1kmE3974N3085",132
"11203","1kmE3974N3086",129
"11204","1kmE3974N3087",100
"11205","1kmE3974N3088",99
"11206","1kmE3974N3089",99
"11207","1kmE3974N3090",85
"11208","1kmE3974N3091",116
"11209","1kmE3974N3092",123
"11210","1kmE3974N3093",79
"11211","1kmE3974N3094",41
"11212","1kmE3974N3095",6
"11213","1kmE3974N3096",9
"11214","1kmE3974N3097",16
"11215","1kmE3974N3098",66
"11216","1kmE3974N3099",97
"11217","1kmE3974N3100",98
"11218","1kmE3974N3101",107
"11219","1kmE3974N3102",112
"11220","1kmE3974N3103",85
"11221","1kmE3974N3104",108
"11222","1kmE3974N3105",88
"11223","1kmE3974N3106",48
"11224","1kmE3974N3107",56
"11225","1kmE3974N3108",129
"11226","1kmE3974N3109",206
"11227","1kmE3974N3110",104
"11228","1kmE3974N3111",165
"11229","1kmE3974N3112",184
"11230","1kmE3974N3113",151
"11231","1kmE3974N3114",119
"11232","1kmE3974N3115",136
"11233","1kmE3974N3116",81
"11234","1kmE3974N3117",67
"11235","1kmE3974N3118",57
"11236","1kmE3974N3119",58
"11237","1kmE3974N3120",6
"11238","1kmE3974N3121",62
"11239","1kmE3974N3122",77
"11240","1kmE3974N3123",16
"11241","1kmE3974N3124",69
"11242","1kmE3974N3125",151
"11243","1kmE3974N3126",143
"11244","1kmE3974N3127",107
"11245","1kmE3974N3128",106
"11246","1kmE3974N3129",157
"11247","1kmE3974N3130",135
"11248","1kmE3974N3131",121
"11249","1kmE3974N3132",75
"11250","1kmE3974N3133",105
"11251","1kmE3974N3134",165
"11252","1kmE3974N3135",138
"11253","1kmE3974N3136",179
"11254","1kmE3974N3137",192
"11255","1kmE3974N3138",171
"11256","1kmE3974N3139",118
"11257","1kmE3974N3140",89
"11258","1kmE3974N3141",119
"11259","1kmE3974N3142",164
"11260","1kmE3974N3143",121
"11261","1kmE3974N3144",68
"11262","1kmE3974N3145",81
"11263","1kmE3974N3146",166
"11264","1kmE3974N3147",143
"11265","1kmE3974N3148",103
"11266","1kmE3974N3149",138
"11267","1kmE3974N3150",193
"11268","1kmE3974N3151",139
"11269","1kmE3974N3152",79
"11270","1kmE3974N3153",15
"11271","1kmE3974N3154",49
"11272","1kmE3974N3155",49
"11273","1kmE3974N3156",5
"11274","1kmE3974N3157",16
"11275","1kmE3974N3158",50
"11276","1kmE3974N3159",24
"11277","1kmE3974N3160",100
"11278","1kmE3974N3161",131
"11279","1kmE3974N3162",53
"11280","1kmE3974N3163",25
"11281","1kmE3975N3077",111
"11282","1kmE3975N3078",172
"11283","1kmE3975N3079",161
"11284","1kmE3975N3080",98
"11285","1kmE3975N3081",76
"11286","1kmE3975N3082",100
"11287","1kmE3975N3083",105
"11288","1kmE3975N3084",62
"11289","1kmE3975N3085",42
"11290","1kmE3975N3086",100
"11291","1kmE3975N3087",117
"11292","1kmE3975N3088",105
"11293","1kmE3975N3089",102
"11294","1kmE3975N3090",135
"11295","1kmE3975N3091",173
"11296","1kmE3975N3092",125
"11297","1kmE3975N3093",89
"11298","1kmE3975N3094",74
"11299","1kmE3975N3095",18
"11300","1kmE3975N3096",19
"11301","1kmE3975N3097",77
"11302","1kmE3975N3098",97
"11303","1kmE3975N3099",71
"11304","1kmE3975N3100",70
"11305","1kmE3975N3101",90
"11306","1kmE3975N3102",117
"11307","1kmE3975N3103",98
"11308","1kmE3975N3104",107
"11309","1kmE3975N3105",121
"11310","1kmE3975N3106",137
"11311","1kmE3975N3107",149
"11312","1kmE3975N3108",163
"11313","1kmE3975N3109",122
"11314","1kmE3975N3110",80
"11315","1kmE3975N3111",153
"11316","1kmE3975N3112",150
"11317","1kmE3975N3113",132
"11318","1kmE3975N3114",135
"11319","1kmE3975N3115",143
"11320","1kmE3975N3116",118
"11321","1kmE3975N3117",73
"11322","1kmE3975N3118",87
"11323","1kmE3975N3119",88
"11324","1kmE3975N3120",11
"11325","1kmE3975N3121",32
"11326","1kmE3975N3122",43
"11327","1kmE3975N3123",14
"11328","1kmE3975N3124",45
"11329","1kmE3975N3125",165
"11330","1kmE3975N3126",203
"11331","1kmE3975N3127",143
"11332","1kmE3975N3128",100
"11333","1kmE3975N3129",158
"11334","1kmE3975N3130",98
"11335","1kmE3975N3131",59
"11336","1kmE3975N3132",90
"11337","1kmE3975N3133",83
"11338","1kmE3975N3134",120
"11339","1kmE3975N3135",120
"11340","1kmE3975N3136",153
"11341","1kmE3975N3137",216
"11342","1kmE3975N3138",179
"11343","1kmE3975N3139",99
"11344","1kmE3975N3140",133
"11345","1kmE3975N3141",90
"11346","1kmE3975N3142",136
"11347","1kmE3975N3143",125
"11348","1kmE3975N3144",59
"11349","1kmE3975N3145",80
"11350","1kmE3975N3146",157
"11351","1kmE3975N3147",142
"11352","1kmE3975N3148",67
"11353","1kmE3975N3149",89
"11354","1kmE3975N3150",124
"11355","1kmE3975N3151",137
"11356","1kmE3975N3152",151
"11357","1kmE3975N3153",32
"11358","1kmE3975N3154",13
"11359","1kmE3975N3155",50
"11360","1kmE3975N3156",9
"11361","1kmE3975N3157",2
"11362","1kmE3975N3158",2
"11363","1kmE3975N3159",4
"11364","1kmE3975N3160",23
"11365","1kmE3975N3161",84
"11366","1kmE3975N3162",54
"11367","1kmE3975N3163",90
"11368","1kmE3975N3164",66
"11369","1kmE3976N3077",100
"11370","1kmE3976N3078",175
"11371","1kmE3976N3079",162
"11372","1kmE3976N3080",121
"11373","1kmE3976N3081",127
"11374","1kmE3976N3082",125
"11375","1kmE3976N3083",88
"11376","1kmE3976N3084",63
"11377","1kmE3976N3085",31
"11378","1kmE3976N3086",54
"11379","1kmE3976N3087",102
"11380","1kmE3976N3088",74
"11381","1kmE3976N3089",94
"11382","1kmE3976N3090",164
"11383","1kmE3976N3091",193
"11384","1kmE3976N3092",166
"11385","1kmE3976N3093",118
"11386","1kmE3976N3094",61
"11387","1kmE3976N3095",112
"11388","1kmE3976N3096",79
"11389","1kmE3976N3097",32
"11390","1kmE3976N3098",47
"11391","1kmE3976N3099",45
"11392","1kmE3976N3100",36
"11393","1kmE3976N3101",54
"11394","1kmE3976N3102",73
"11395","1kmE3976N3103",79
"11396","1kmE3976N3104",101
"11397","1kmE3976N3105",161
"11398","1kmE3976N3106",219
"11399","1kmE3976N3107",237
"11400","1kmE3976N3108",218
"11401","1kmE3976N3109",139
"11402","1kmE3976N3110",73
"11403","1kmE3976N3111",144
"11404","1kmE3976N3112",153
"11405","1kmE3976N3113",124
"11406","1kmE3976N3114",111
"11407","1kmE3976N3115",94
"11408","1kmE3976N3116",81
"11409","1kmE3976N3117",86
"11410","1kmE3976N3118",111
"11411","1kmE3976N3119",79
"11412","1kmE3976N3120",24
"11413","1kmE3976N3121",96
"11414","1kmE3976N3122",137
"11415","1kmE3976N3123",97
"11416","1kmE3976N3124",67
"11417","1kmE3976N3125",86
"11418","1kmE3976N3126",140
"11419","1kmE3976N3127",144
"11420","1kmE3976N3128",141
"11421","1kmE3976N3129",81
"11422","1kmE3976N3130",31
"11423","1kmE3976N3131",39
"11424","1kmE3976N3132",70
"11425","1kmE3976N3133",99
"11426","1kmE3976N3134",95
"11427","1kmE3976N3135",61
"11428","1kmE3976N3136",98
"11429","1kmE3976N3137",171
"11430","1kmE3976N3138",134
"11431","1kmE3976N3139",85
"11432","1kmE3976N3140",115
"11433","1kmE3976N3141",119
"11434","1kmE3976N3142",113
"11435","1kmE3976N3143",105
"11436","1kmE3976N3144",80
"11437","1kmE3976N3145",17
"11438","1kmE3976N3146",34
"11439","1kmE3976N3147",36
"11440","1kmE3976N3148",55
"11441","1kmE3976N3149",78
"11442","1kmE3976N3150",67
"11443","1kmE3976N3151",82
"11444","1kmE3976N3152",107
"11445","1kmE3976N3153",60
"11446","1kmE3976N3154",86
"11447","1kmE3976N3155",91
"11448","1kmE3976N3156",81
"11449","1kmE3976N3157",73
"11450","1kmE3976N3158",24
"11451","1kmE3976N3159",32
"11452","1kmE3976N3160",69
"11453","1kmE3976N3161",29
"11454","1kmE3976N3162",28
"11455","1kmE3976N3163",63
"11456","1kmE3976N3164",93
"11457","1kmE3977N3076",11
"11458","1kmE3977N3077",90
"11459","1kmE3977N3078",128
"11460","1kmE3977N3079",129
"11461","1kmE3977N3080",146
"11462","1kmE3977N3081",130
"11463","1kmE3977N3082",129
"11464","1kmE3977N3083",123
"11465","1kmE3977N3084",117
"11466","1kmE3977N3085",117
"11467","1kmE3977N3086",136
"11468","1kmE3977N3087",97
"11469","1kmE3977N3088",93
"11470","1kmE3977N3089",98
"11471","1kmE3977N3090",125
"11472","1kmE3977N3091",200
"11473","1kmE3977N3092",238
"11474","1kmE3977N3093",223
"11475","1kmE3977N3094",81
"11476","1kmE3977N3095",118
"11477","1kmE3977N3096",129
"11478","1kmE3977N3097",125
"11479","1kmE3977N3098",148
"11480","1kmE3977N3099",111
"11481","1kmE3977N3100",109
"11482","1kmE3977N3101",89
"11483","1kmE3977N3102",30
"11484","1kmE3977N3103",52
"11485","1kmE3977N3104",94
"11486","1kmE3977N3105",135
"11487","1kmE3977N3106",205
"11488","1kmE3977N3107",230
"11489","1kmE3977N3108",224
"11490","1kmE3977N3109",191
"11491","1kmE3977N3110",122
"11492","1kmE3977N3111",119
"11493","1kmE3977N3112",109
"11494","1kmE3977N3113",91
"11495","1kmE3977N3114",65
"11496","1kmE3977N3115",76
"11497","1kmE3977N3116",59
"11498","1kmE3977N3117",86
"11499","1kmE3977N3118",139
"11500","1kmE3977N3119",97
"11501","1kmE3977N3120",55
"11502","1kmE3977N3121",23
"11503","1kmE3977N3122",19
"11504","1kmE3977N3123",21
"11505","1kmE3977N3124",109
"11506","1kmE3977N3125",149
"11507","1kmE3977N3126",106
"11508","1kmE3977N3127",123
"11509","1kmE3977N3128",128
"11510","1kmE3977N3129",53
"11511","1kmE3977N3130",37
"11512","1kmE3977N3131",39
"11513","1kmE3977N3132",50
"11514","1kmE3977N3133",93
"11515","1kmE3977N3134",110
"11516","1kmE3977N3135",67
"11517","1kmE3977N3136",73
"11518","1kmE3977N3137",73
"11519","1kmE3977N3138",36
"11520","1kmE3977N3139",92
"11521","1kmE3977N3140",111
"11522","1kmE3977N3141",100
"11523","1kmE3977N3142",119
"11524","1kmE3977N3143",86
"11525","1kmE3977N3144",65
"11526","1kmE3977N3145",25
"11527","1kmE3977N3146",50
"11528","1kmE3977N3147",25
"11529","1kmE3977N3148",107
"11530","1kmE3977N3149",114
"11531","1kmE3977N3150",68
"11532","1kmE3977N3151",81
"11533","1kmE3977N3152",66
"11534","1kmE3977N3153",79
"11535","1kmE3977N3154",101
"11536","1kmE3977N3155",87
"11537","1kmE3977N3156",69
"11538","1kmE3977N3157",84
"11539","1kmE3977N3158",14
"11540","1kmE3977N3159",92
"11541","1kmE3977N3160",139
"11542","1kmE3977N3161",83
"11543","1kmE3977N3162",47
"11544","1kmE3977N3163",24
"11545","1kmE3978N3076",43
"11546","1kmE3978N3077",138
"11547","1kmE3978N3078",126
"11548","1kmE3978N3079",112
"11549","1kmE3978N3080",163
"11550","1kmE3978N3081",124
"11551","1kmE3978N3082",153
"11552","1kmE3978N3083",125
"11553","1kmE3978N3084",143
"11554","1kmE3978N3085",124
"11555","1kmE3978N3086",123
"11556","1kmE3978N3087",128
"11557","1kmE3978N3088",98
"11558","1kmE3978N3089",120
"11559","1kmE3978N3090",117
"11560","1kmE3978N3091",183
"11561","1kmE3978N3092",271
"11562","1kmE3978N3093",209
"11563","1kmE3978N3094",82
"11564","1kmE3978N3095",60
"11565","1kmE3978N3096",103
"11566","1kmE3978N3097",143
"11567","1kmE3978N3098",145
"11568","1kmE3978N3099",101
"11569","1kmE3978N3100",95
"11570","1kmE3978N3101",88
"11571","1kmE3978N3102",67
"11572","1kmE3978N3103",87
"11573","1kmE3978N3104",153
"11574","1kmE3978N3105",190
"11575","1kmE3978N3106",200
"11576","1kmE3978N3107",116
"11577","1kmE3978N3108",212
"11578","1kmE3978N3109",198
"11579","1kmE3978N3110",107
"11580","1kmE3978N3111",94
"11581","1kmE3978N3112",86
"11582","1kmE3978N3113",196
"11583","1kmE3978N3114",180
"11584","1kmE3978N3115",141
"11585","1kmE3978N3116",121
"11586","1kmE3978N3117",135
"11587","1kmE3978N3118",146
"11588","1kmE3978N3119",111
"11589","1kmE3978N3120",116
"11590","1kmE3978N3121",84
"11591","1kmE3978N3122",78
"11592","1kmE3978N3123",71
"11593","1kmE3978N3124",39
"11594","1kmE3978N3125",147
"11595","1kmE3978N3126",180
"11596","1kmE3978N3127",96
"11597","1kmE3978N3128",62
"11598","1kmE3978N3129",102
"11599","1kmE3978N3130",65
"11600","1kmE3978N3131",51
"11601","1kmE3978N3132",30
"11602","1kmE3978N3133",70
"11603","1kmE3978N3134",169
"11604","1kmE3978N3135",166
"11605","1kmE3978N3136",74
"11606","1kmE3978N3137",74
"11607","1kmE3978N3138",87
"11608","1kmE3978N3139",82
"11609","1kmE3978N3140",89
"11610","1kmE3978N3141",90
"11611","1kmE3978N3142",113
"11612","1kmE3978N3143",108
"11613","1kmE3978N3144",53
"11614","1kmE3978N3145",80
"11615","1kmE3978N3146",112
"11616","1kmE3978N3147",63
"11617","1kmE3978N3148",77
"11618","1kmE3978N3149",73
"11619","1kmE3978N3150",97
"11620","1kmE3978N3151",116
"11621","1kmE3978N3152",52
"11622","1kmE3978N3153",52
"11623","1kmE3978N3154",79
"11624","1kmE3978N3155",44
"11625","1kmE3978N3156",11
"11626","1kmE3978N3157",23
"11627","1kmE3978N3158",5
"11628","1kmE3978N3159",90
"11629","1kmE3978N3160",133
"11630","1kmE3978N3161",90
"11631","1kmE3978N3162",88
"11632","1kmE3979N3076",113
"11633","1kmE3979N3077",145
"11634","1kmE3979N3078",98
"11635","1kmE3979N3079",113
"11636","1kmE3979N3080",134
"11637","1kmE3979N3081",119
"11638","1kmE3979N3082",125
"11639","1kmE3979N3083",101
"11640","1kmE3979N3084",82
"11641","1kmE3979N3085",66
"11642","1kmE3979N3086",90
"11643","1kmE3979N3087",130
"11644","1kmE3979N3088",150
"11645","1kmE3979N3089",194
"11646","1kmE3979N3090",105
"11647","1kmE3979N3091",175
"11648","1kmE3979N3092",252
"11649","1kmE3979N3093",190
"11650","1kmE3979N3094",125
"11651","1kmE3979N3095",85
"11652","1kmE3979N3096",77
"11653","1kmE3979N3097",62
"11654","1kmE3979N3098",106
"11655","1kmE3979N3099",147
"11656","1kmE3979N3100",125
"11657","1kmE3979N3101",86
"11658","1kmE3979N3102",92
"11659","1kmE3979N3103",123
"11660","1kmE3979N3104",208
"11661","1kmE3979N3105",221
"11662","1kmE3979N3106",170
"11663","1kmE3979N3107",137
"11664","1kmE3979N3108",217
"11665","1kmE3979N3109",206
"11666","1kmE3979N3110",124
"11667","1kmE3979N3111",64
"11668","1kmE3979N3112",60
"11669","1kmE3979N3113",164
"11670","1kmE3979N3114",174
"11671","1kmE3979N3115",128
"11672","1kmE3979N3116",129
"11673","1kmE3979N3117",141
"11674","1kmE3979N3118",134
"11675","1kmE3979N3119",98
"11676","1kmE3979N3120",55
"11677","1kmE3979N3121",18
"11678","1kmE3979N3122",72
"11679","1kmE3979N3123",80
"11680","1kmE3979N3124",47
"11681","1kmE3979N3125",171
"11682","1kmE3979N3126",160
"11683","1kmE3979N3127",59
"11684","1kmE3979N3128",20
"11685","1kmE3979N3129",134
"11686","1kmE3979N3130",113
"11687","1kmE3979N3131",72
"11688","1kmE3979N3132",44
"11689","1kmE3979N3133",98
"11690","1kmE3979N3134",163
"11691","1kmE3979N3135",160
"11692","1kmE3979N3136",123
"11693","1kmE3979N3137",17
"11694","1kmE3979N3138",45
"11695","1kmE3979N3139",73
"11696","1kmE3979N3140",65
"11697","1kmE3979N3141",96
"11698","1kmE3979N3142",198
"11699","1kmE3979N3143",181
"11700","1kmE3979N3144",60
"11701","1kmE3979N3145",104
"11702","1kmE3979N3146",161
"11703","1kmE3979N3147",94
"11704","1kmE3979N3148",103
"11705","1kmE3979N3149",111
"11706","1kmE3979N3150",98
"11707","1kmE3979N3151",94
"11708","1kmE3979N3152",47
"11709","1kmE3979N3153",19
"11710","1kmE3979N3155",41
"11711","1kmE3979N3156",10
"11712","1kmE3979N3157",30
"11713","1kmE3979N3158",19
"11714","1kmE3979N3159",36
"11715","1kmE3979N3160",85
"11716","1kmE3979N3161",100
"11717","1kmE3979N3162",42
"11718","1kmE3980N3076",66
"11719","1kmE3980N3077",86
"11720","1kmE3980N3078",27
"11721","1kmE3980N3079",111
"11722","1kmE3980N3080",103
"11723","1kmE3980N3081",118
"11724","1kmE3980N3082",110
"11725","1kmE3980N3083",86
"11726","1kmE3980N3084",93
"11727","1kmE3980N3085",140
"11728","1kmE3980N3086",102
"11729","1kmE3980N3087",147
"11730","1kmE3980N3088",107
"11731","1kmE3980N3089",175
"11732","1kmE3980N3090",144
"11733","1kmE3980N3091",172
"11734","1kmE3980N3092",194
"11735","1kmE3980N3093",194
"11736","1kmE3980N3094",179
"11737","1kmE3980N3095",154
"11738","1kmE3980N3096",161
"11739","1kmE3980N3097",90
"11740","1kmE3980N3098",46
"11741","1kmE3980N3099",63
"11742","1kmE3980N3100",63
"11743","1kmE3980N3101",105
"11744","1kmE3980N3102",118
"11745","1kmE3980N3103",80
"11746","1kmE3980N3104",192
"11747","1kmE3980N3105",257
"11748","1kmE3980N3106",217
"11749","1kmE3980N3107",198
"11750","1kmE3980N3108",208
"11751","1kmE3980N3109",206
"11752","1kmE3980N3110",143
"11753","1kmE3980N3111",86
"11754","1kmE3980N3112",73
"11755","1kmE3980N3113",127
"11756","1kmE3980N3114",102
"11757","1kmE3980N3115",90
"11758","1kmE3980N3116",126
"11759","1kmE3980N3117",102
"11760","1kmE3980N3118",110
"11761","1kmE3980N3119",98
"11762","1kmE3980N3120",129
"11763","1kmE3980N3121",88
"11764","1kmE3980N3122",175
"11765","1kmE3980N3123",96
"11766","1kmE3980N3124",36
"11767","1kmE3980N3125",100
"11768","1kmE3980N3126",197
"11769","1kmE3980N3127",98
"11770","1kmE3980N3128",97
"11771","1kmE3980N3129",116
"11772","1kmE3980N3130",139
"11773","1kmE3980N3131",133
"11774","1kmE3980N3132",45
"11775","1kmE3980N3133",89
"11776","1kmE3980N3134",182
"11777","1kmE3980N3135",171
"11778","1kmE3980N3136",76
"11779","1kmE3980N3137",12
"11780","1kmE3980N3138",32
"11781","1kmE3980N3139",137
"11782","1kmE3980N3140",130
"11783","1kmE3980N3141",110
"11784","1kmE3980N3142",222
"11785","1kmE3980N3143",174
"11786","1kmE3980N3144",109
"11787","1kmE3980N3145",190
"11788","1kmE3980N3146",202
"11789","1kmE3980N3147",150
"11790","1kmE3980N3148",108
"11791","1kmE3980N3149",143
"11792","1kmE3980N3150",104
"11793","1kmE3980N3151",74
"11794","1kmE3980N3156",9
"11795","1kmE3980N3157",36
"11796","1kmE3980N3158",36
"11797","1kmE3980N3159",90
"11798","1kmE3980N3160",105
"11799","1kmE3981N3078",15
"11800","1kmE3981N3079",87
"11801","1kmE3981N3080",119
"11802","1kmE3981N3081",141
"11803","1kmE3981N3082",95
"11804","1kmE3981N3083",137
"11805","1kmE3981N3084",150
"11806","1kmE3981N3085",245
"11807","1kmE3981N3086",166
"11808","1kmE3981N3087",194
"11809","1kmE3981N3088",124
"11810","1kmE3981N3089",140
"11811","1kmE3981N3090",148
"11812","1kmE3981N3091",140
"11813","1kmE3981N3092",138
"11814","1kmE3981N3093",138
"11815","1kmE3981N3094",165
"11816","1kmE3981N3095",136
"11817","1kmE3981N3096",154
"11818","1kmE3981N3097",63
"11819","1kmE3981N3098",11
"11820","1kmE3981N3099",36
"11821","1kmE3981N3100",101
"11822","1kmE3981N3101",109
"11823","1kmE3981N3102",137
"11824","1kmE3981N3103",129
"11825","1kmE3981N3104",153
"11826","1kmE3981N3105",231
"11827","1kmE3981N3106",249
"11828","1kmE3981N3107",227
"11829","1kmE3981N3108",171
"11830","1kmE3981N3109",168
"11831","1kmE3981N3110",185
"11832","1kmE3981N3111",109
"11833","1kmE3981N3112",87
"11834","1kmE3981N3113",92
"11835","1kmE3981N3114",54
"11836","1kmE3981N3115",107
"11837","1kmE3981N3116",147
"11838","1kmE3981N3117",105
"11839","1kmE3981N3118",139
"11840","1kmE3981N3119",95
"11841","1kmE3981N3120",92
"11842","1kmE3981N3121",115
"11843","1kmE3981N3122",143
"11844","1kmE3981N3123",105
"11845","1kmE3981N3124",171
"11846","1kmE3981N3125",127
"11847","1kmE3981N3126",232
"11848","1kmE3981N3127",148
"11849","1kmE3981N3128",76
"11850","1kmE3981N3129",143
"11851","1kmE3981N3130",178
"11852","1kmE3981N3131",180
"11853","1kmE3981N3132",79
"11854","1kmE3981N3133",87
"11855","1kmE3981N3134",115
"11856","1kmE3981N3135",110
"11857","1kmE3981N3136",108
"11858","1kmE3981N3137",72
"11859","1kmE3981N3138",106
"11860","1kmE3981N3139",139
"11861","1kmE3981N3140",74
"11862","1kmE3981N3141",85
"11863","1kmE3981N3142",179
"11864","1kmE3981N3143",190
"11865","1kmE3981N3144",163
"11866","1kmE3981N3145",231
"11867","1kmE3981N3146",189
"11868","1kmE3981N3147",86
"11869","1kmE3981N3148",101
"11870","1kmE3981N3149",112
"11871","1kmE3981N3150",79
"11872","1kmE3982N3078",22
"11873","1kmE3982N3079",86
"11874","1kmE3982N3080",124
"11875","1kmE3982N3081",127
"11876","1kmE3982N3082",78
"11877","1kmE3982N3083",103
"11878","1kmE3982N3084",134
"11879","1kmE3982N3085",144
"11880","1kmE3982N3086",117
"11881","1kmE3982N3087",151
"11882","1kmE3982N3088",98
"11883","1kmE3982N3089",142
"11884","1kmE3982N3090",143
"11885","1kmE3982N3091",118
"11886","1kmE3982N3092",104
"11887","1kmE3982N3093",181
"11888","1kmE3982N3094",158
"11889","1kmE3982N3095",148
"11890","1kmE3982N3096",165
"11891","1kmE3982N3097",99
"11892","1kmE3982N3098",102
"11893","1kmE3982N3099",110
"11894","1kmE3982N3100",100
"11895","1kmE3982N3101",78
"11896","1kmE3982N3102",97
"11897","1kmE3982N3103",148
"11898","1kmE3982N3104",129
"11899","1kmE3982N3105",184
"11900","1kmE3982N3106",231
"11901","1kmE3982N3107",227
"11902","1kmE3982N3108",167
"11903","1kmE3982N3109",184
"11904","1kmE3982N3110",224
"11905","1kmE3982N3111",180
"11906","1kmE3982N3112",157
"11907","1kmE3982N3113",88
"11908","1kmE3982N3114",65
"11909","1kmE3982N3115",117
"11910","1kmE3982N3116",131
"11911","1kmE3982N3117",82
"11912","1kmE3982N3118",159
"11913","1kmE3982N3119",80
"11914","1kmE3982N3120",116
"11915","1kmE3982N3121",91
"11916","1kmE3982N3122",56
"11917","1kmE3982N3123",28
"11918","1kmE3982N3124",40
"11919","1kmE3982N3125",83
"11920","1kmE3982N3126",201
"11921","1kmE3982N3127",120
"11922","1kmE3982N3128",87
"11923","1kmE3982N3129",117
"11924","1kmE3982N3130",168
"11925","1kmE3982N3131",158
"11926","1kmE3982N3132",139
"11927","1kmE3982N3133",206
"11928","1kmE3982N3134",151
"11929","1kmE3982N3135",117
"11930","1kmE3982N3136",102
"11931","1kmE3982N3137",38
"11932","1kmE3982N3138",52
"11933","1kmE3982N3139",171
"11934","1kmE3982N3140",143
"11935","1kmE3982N3141",113
"11936","1kmE3982N3142",171
"11937","1kmE3982N3143",202
"11938","1kmE3982N3144",166
"11939","1kmE3982N3145",55
"11940","1kmE3982N3146",27
"11941","1kmE3982N3147",33
"11942","1kmE3982N3148",61
"11943","1kmE3983N3078",29
"11944","1kmE3983N3079",93
"11945","1kmE3983N3080",71
"11946","1kmE3983N3081",68
"11947","1kmE3983N3082",82
"11948","1kmE3983N3083",95
"11949","1kmE3983N3084",106
"11950","1kmE3983N3085",85
"11951","1kmE3983N3086",138
"11952","1kmE3983N3087",161
"11953","1kmE3983N3088",107
"11954","1kmE3983N3089",151
"11955","1kmE3983N3090",184
"11956","1kmE3983N3091",154
"11957","1kmE3983N3092",159
"11958","1kmE3983N3093",221
"11959","1kmE3983N3094",209
"11960","1kmE3983N3095",231
"11961","1kmE3983N3096",137
"11962","1kmE3983N3097",110
"11963","1kmE3983N3098",94
"11964","1kmE3983N3099",85
"11965","1kmE3983N3100",77
"11966","1kmE3983N3101",124
"11967","1kmE3983N3102",66
"11968","1kmE3983N3103",125
"11969","1kmE3983N3104",127
"11970","1kmE3983N3105",74
"11971","1kmE3983N3106",170
"11972","1kmE3983N3107",204
"11973","1kmE3983N3108",170
"11974","1kmE3983N3109",146
"11975","1kmE3983N3110",181
"11976","1kmE3983N3111",193
"11977","1kmE3983N3112",194
"11978","1kmE3983N3113",149
"11979","1kmE3983N3114",121
"11980","1kmE3983N3115",83
"11981","1kmE3983N3116",131
"11982","1kmE3983N3117",87
"11983","1kmE3983N3118",134
"11984","1kmE3983N3119",76
"11985","1kmE3983N3120",135
"11986","1kmE3983N3121",44
"11987","1kmE3983N3122",32
"11988","1kmE3983N3123",89
"11989","1kmE3983N3124",50
"11990","1kmE3983N3125",139
"11991","1kmE3983N3126",237
"11992","1kmE3983N3127",199
"11993","1kmE3983N3128",152
"11994","1kmE3983N3129",28
"11995","1kmE3983N3130",55
"11996","1kmE3983N3131",117
"11997","1kmE3983N3132",204
"11998","1kmE3983N3133",260
"11999","1kmE3983N3134",165
"12000","1kmE3983N3135",201
"12001","1kmE3983N3136",159
"12002","1kmE3983N3137",136
"12003","1kmE3983N3138",90
"12004","1kmE3983N3139",125
"12005","1kmE3983N3140",147
"12006","1kmE3983N3141",128
"12007","1kmE3983N3142",158
"12008","1kmE3983N3143",80
"12009","1kmE3983N3144",95
"12010","1kmE3984N3078",58
"12011","1kmE3984N3079",106
"12012","1kmE3984N3080",94
"12013","1kmE3984N3081",58
"12014","1kmE3984N3082",60
"12015","1kmE3984N3083",95
"12016","1kmE3984N3084",92
"12017","1kmE3984N3085",94
"12018","1kmE3984N3086",99
"12019","1kmE3984N3087",153
"12020","1kmE3984N3088",120
"12021","1kmE3984N3089",129
"12022","1kmE3984N3090",160
"12023","1kmE3984N3091",189
"12024","1kmE3984N3092",194
"12025","1kmE3984N3093",231
"12026","1kmE3984N3094",224
"12027","1kmE3984N3095",156
"12028","1kmE3984N3096",93
"12029","1kmE3984N3097",109
"12030","1kmE3984N3098",133
"12031","1kmE3984N3099",56
"12032","1kmE3984N3100",96
"12033","1kmE3984N3101",150
"12034","1kmE3984N3102",154
"12035","1kmE3984N3103",150
"12036","1kmE3984N3104",120
"12037","1kmE3984N3105",126
"12038","1kmE3984N3106",185
"12039","1kmE3984N3107",196
"12040","1kmE3984N3108",175
"12041","1kmE3984N3109",117
"12042","1kmE3984N3110",111
"12043","1kmE3984N3111",165
"12044","1kmE3984N3112",192
"12045","1kmE3984N3113",178
"12046","1kmE3984N3114",159
"12047","1kmE3984N3115",115
"12048","1kmE3984N3116",140
"12049","1kmE3984N3117",132
"12050","1kmE3984N3118",160
"12051","1kmE3984N3119",89
"12052","1kmE3984N3120",86
"12053","1kmE3984N3121",98
"12054","1kmE3984N3122",104
"12055","1kmE3984N3123",45
"12056","1kmE3984N3124",16
"12057","1kmE3984N3125",107
"12058","1kmE3984N3126",196
"12059","1kmE3984N3127",228
"12060","1kmE3984N3128",125
"12061","1kmE3984N3129",65
"12062","1kmE3984N3130",52
"12063","1kmE3984N3131",86
"12064","1kmE3984N3132",91
"12065","1kmE3984N3133",181
"12066","1kmE3984N3134",170
"12067","1kmE3984N3135",194
"12068","1kmE3984N3136",151
"12069","1kmE3984N3137",102
"12070","1kmE3984N3138",129
"12071","1kmE3984N3139",61
"12072","1kmE3984N3140",64
"12073","1kmE3984N3141",91
"12074","1kmE3984N3142",102
"12075","1kmE3984N3143",47
"12076","1kmE3984N3144",76
"12077","1kmE3984N3145",28
"12078","1kmE3985N3077",54
"12079","1kmE3985N3078",120
"12080","1kmE3985N3079",136
"12081","1kmE3985N3080",130
"12082","1kmE3985N3081",64
"12083","1kmE3985N3082",81
"12084","1kmE3985N3083",116
"12085","1kmE3985N3084",109
"12086","1kmE3985N3085",74
"12087","1kmE3985N3086",66
"12088","1kmE3985N3087",117
"12089","1kmE3985N3088",134
"12090","1kmE3985N3089",115
"12091","1kmE3985N3090",128
"12092","1kmE3985N3091",164
"12093","1kmE3985N3092",144
"12094","1kmE3985N3093",189
"12095","1kmE3985N3094",188
"12096","1kmE3985N3095",108
"12097","1kmE3985N3096",120
"12098","1kmE3985N3097",205
"12099","1kmE3985N3098",226
"12100","1kmE3985N3099",103
"12101","1kmE3985N3100",60
"12102","1kmE3985N3101",148
"12103","1kmE3985N3102",188
"12104","1kmE3985N3103",162
"12105","1kmE3985N3104",144
"12106","1kmE3985N3105",181
"12107","1kmE3985N3106",206
"12108","1kmE3985N3107",235
"12109","1kmE3985N3108",232
"12110","1kmE3985N3109",207
"12111","1kmE3985N3110",154
"12112","1kmE3985N3111",158
"12113","1kmE3985N3112",184
"12114","1kmE3985N3113",164
"12115","1kmE3985N3114",164
"12116","1kmE3985N3115",119
"12117","1kmE3985N3116",124
"12118","1kmE3985N3117",125
"12119","1kmE3985N3118",106
"12120","1kmE3985N3119",92
"12121","1kmE3985N3120",99
"12122","1kmE3985N3121",106
"12123","1kmE3985N3122",84
"12124","1kmE3985N3123",60
"12125","1kmE3985N3124",31
"12126","1kmE3985N3125",112
"12127","1kmE3985N3126",172
"12128","1kmE3985N3127",144
"12129","1kmE3985N3128",74
"12130","1kmE3985N3129",72
"12131","1kmE3985N3130",65
"12132","1kmE3985N3131",107
"12133","1kmE3985N3132",69
"12134","1kmE3985N3133",59
"12135","1kmE3985N3134",117
"12136","1kmE3985N3135",194
"12137","1kmE3985N3136",239
"12138","1kmE3985N3137",169
"12139","1kmE3985N3138",118
"12140","1kmE3985N3139",121
"12141","1kmE3985N3140",139
"12142","1kmE3985N3141",119
"12143","1kmE3985N3142",105
"12144","1kmE3985N3143",72
"12145","1kmE3985N3144",91
"12146","1kmE3985N3145",16
"12147","1kmE3986N3077",46
"12148","1kmE3986N3078",103
"12149","1kmE3986N3079",118
"12150","1kmE3986N3080",151
"12151","1kmE3986N3081",160
"12152","1kmE3986N3082",183
"12153","1kmE3986N3083",183
"12154","1kmE3986N3084",134
"12155","1kmE3986N3085",87
"12156","1kmE3986N3086",93
"12157","1kmE3986N3087",103
"12158","1kmE3986N3088",122
"12159","1kmE3986N3089",119
"12160","1kmE3986N3090",125
"12161","1kmE3986N3091",83
"12162","1kmE3986N3092",100
"12163","1kmE3986N3093",164
"12164","1kmE3986N3094",184
"12165","1kmE3986N3095",172
"12166","1kmE3986N3096",127
"12167","1kmE3986N3097",123
"12168","1kmE3986N3098",124
"12169","1kmE3986N3099",103
"12170","1kmE3986N3100",149
"12171","1kmE3986N3101",193
"12172","1kmE3986N3102",203
"12173","1kmE3986N3103",196
"12174","1kmE3986N3104",177
"12175","1kmE3986N3105",181
"12176","1kmE3986N3106",194
"12177","1kmE3986N3107",244
"12178","1kmE3986N3108",180
"12179","1kmE3986N3109",149
"12180","1kmE3986N3110",167
"12181","1kmE3986N3111",103
"12182","1kmE3986N3112",133
"12183","1kmE3986N3113",99
"12184","1kmE3986N3114",100
"12185","1kmE3986N3115",128
"12186","1kmE3986N3116",192
"12187","1kmE3986N3117",211
"12188","1kmE3986N3118",189
"12189","1kmE3986N3119",87
"12190","1kmE3986N3120",117
"12191","1kmE3986N3121",175
"12192","1kmE3986N3122",103
"12193","1kmE3986N3123",143
"12194","1kmE3986N3124",98
"12195","1kmE3986N3125",121
"12196","1kmE3986N3126",72
"12197","1kmE3986N3127",81
"12198","1kmE3986N3128",117
"12199","1kmE3986N3129",38
"12200","1kmE3986N3130",114
"12201","1kmE3986N3131",56
"12202","1kmE3986N3132",121
"12203","1kmE3986N3133",64
"12204","1kmE3986N3134",111
"12205","1kmE3986N3135",121
"12206","1kmE3986N3136",163
"12207","1kmE3986N3137",78
"12208","1kmE3986N3138",56
"12209","1kmE3986N3139",73
"12210","1kmE3986N3140",112
"12211","1kmE3986N3141",121
"12212","1kmE3986N3142",79
"12213","1kmE3986N3143",105
"12214","1kmE3986N3144",103
"12215","1kmE3986N3145",38
"12216","1kmE3987N3078",64
"12217","1kmE3987N3079",90
"12218","1kmE3987N3080",102
"12219","1kmE3987N3081",172
"12220","1kmE3987N3082",263
"12221","1kmE3987N3083",270
"12222","1kmE3987N3084",150
"12223","1kmE3987N3085",153
"12224","1kmE3987N3086",118
"12225","1kmE3987N3087",124
"12226","1kmE3987N3088",116
"12227","1kmE3987N3089",124
"12228","1kmE3987N3090",147
"12229","1kmE3987N3091",110
"12230","1kmE3987N3092",114
"12231","1kmE3987N3093",195
"12232","1kmE3987N3094",222
"12233","1kmE3987N3095",131
"12234","1kmE3987N3096",156
"12235","1kmE3987N3097",100
"12236","1kmE3987N3098",56
"12237","1kmE3987N3099",88
"12238","1kmE3987N3100",169
"12239","1kmE3987N3101",202
"12240","1kmE3987N3102",227
"12241","1kmE3987N3103",217
"12242","1kmE3987N3104",162
"12243","1kmE3987N3105",221
"12244","1kmE3987N3106",239
"12245","1kmE3987N3107",195
"12246","1kmE3987N3108",108
"12247","1kmE3987N3109",190
"12248","1kmE3987N3110",192
"12249","1kmE3987N3111",172
"12250","1kmE3987N3112",96
"12251","1kmE3987N3113",34
"12252","1kmE3987N3114",43
"12253","1kmE3987N3115",126
"12254","1kmE3987N3116",185
"12255","1kmE3987N3117",234
"12256","1kmE3987N3118",202
"12257","1kmE3987N3119",72
"12258","1kmE3987N3120",174
"12259","1kmE3987N3121",185
"12260","1kmE3987N3122",88
"12261","1kmE3987N3123",123
"12262","1kmE3987N3124",95
"12263","1kmE3987N3125",127
"12264","1kmE3987N3126",27
"12265","1kmE3987N3127",110
"12266","1kmE3987N3128",142
"12267","1kmE3987N3129",74
"12268","1kmE3987N3130",127
"12269","1kmE3987N3131",52
"12270","1kmE3987N3132",36
"12271","1kmE3987N3133",62
"12272","1kmE3987N3134",80
"12273","1kmE3987N3135",137
"12274","1kmE3987N3136",172
"12275","1kmE3987N3137",61
"12276","1kmE3987N3138",33
"12277","1kmE3987N3139",40
"12278","1kmE3987N3140",28
"12279","1kmE3987N3141",68
"12280","1kmE3987N3142",80
"12281","1kmE3987N3143",88
"12282","1kmE3987N3144",102
"12283","1kmE3987N3145",55
"12284","1kmE3988N3078",26
"12285","1kmE3988N3079",71
"12286","1kmE3988N3080",100
"12287","1kmE3988N3081",118
"12288","1kmE3988N3082",132
"12289","1kmE3988N3083",214
"12290","1kmE3988N3084",226
"12291","1kmE3988N3085",237
"12292","1kmE3988N3086",213
"12293","1kmE3988N3087",144
"12294","1kmE3988N3088",132
"12295","1kmE3988N3089",120
"12296","1kmE3988N3090",134
"12297","1kmE3988N3091",137
"12298","1kmE3988N3092",132
"12299","1kmE3988N3093",103
"12300","1kmE3988N3094",142
"12301","1kmE3988N3095",102
"12302","1kmE3988N3096",56
"12303","1kmE3988N3097",78
"12304","1kmE3988N3098",123
"12305","1kmE3988N3099",134
"12306","1kmE3988N3100",160
"12307","1kmE3988N3101",185
"12308","1kmE3988N3102",225
"12309","1kmE3988N3103",205
"12310","1kmE3988N3104",169
"12311","1kmE3988N3105",243
"12312","1kmE3988N3106",254
"12313","1kmE3988N3107",208
"12314","1kmE3988N3108",131
"12315","1kmE3988N3109",144
"12316","1kmE3988N3110",152
"12317","1kmE3988N3111",159
"12318","1kmE3988N3112",94
"12319","1kmE3988N3113",120
"12320","1kmE3988N3114",144
"12321","1kmE3988N3115",106
"12322","1kmE3988N3116",116
"12323","1kmE3988N3117",132
"12324","1kmE3988N3118",64
"12325","1kmE3988N3119",58
"12326","1kmE3988N3120",81
"12327","1kmE3988N3121",134
"12328","1kmE3988N3122",157
"12329","1kmE3988N3123",65
"12330","1kmE3988N3124",73
"12331","1kmE3988N3125",95
"12332","1kmE3988N3126",84
"12333","1kmE3988N3127",81
"12334","1kmE3988N3128",125
"12335","1kmE3988N3129",68
"12336","1kmE3988N3130",60
"12337","1kmE3988N3131",80
"12338","1kmE3988N3132",34
"12339","1kmE3988N3133",40
"12340","1kmE3988N3134",125
"12341","1kmE3988N3135",139
"12342","1kmE3988N3136",61
"12343","1kmE3988N3137",54
"12344","1kmE3988N3138",19
"12345","1kmE3988N3139",33
"12346","1kmE3988N3140",10
"12347","1kmE3988N3141",28
"12348","1kmE3988N3142",73
"12349","1kmE3988N3143",110
"12350","1kmE3988N3144",124
"12351","1kmE3989N3077",21
"12352","1kmE3989N3078",63
"12353","1kmE3989N3079",93
"12354","1kmE3989N3080",116
"12355","1kmE3989N3081",104
"12356","1kmE3989N3082",108
"12357","1kmE3989N3083",144
"12358","1kmE3989N3084",168
"12359","1kmE3989N3085",197
"12360","1kmE3989N3086",170
"12361","1kmE3989N3087",171
"12362","1kmE3989N3088",125
"12363","1kmE3989N3089",125
"12364","1kmE3989N3090",130
"12365","1kmE3989N3091",112
"12366","1kmE3989N3092",103
"12367","1kmE3989N3093",136
"12368","1kmE3989N3094",141
"12369","1kmE3989N3095",147
"12370","1kmE3989N3096",111
"12371","1kmE3989N3097",164
"12372","1kmE3989N3098",175
"12373","1kmE3989N3099",95
"12374","1kmE3989N3100",122
"12375","1kmE3989N3101",137
"12376","1kmE3989N3102",165
"12377","1kmE3989N3103",173
"12378","1kmE3989N3104",182
"12379","1kmE3989N3105",178
"12380","1kmE3989N3106",120
"12381","1kmE3989N3107",139
"12382","1kmE3989N3108",195
"12383","1kmE3989N3109",216
"12384","1kmE3989N3110",170
"12385","1kmE3989N3111",131
"12386","1kmE3989N3112",101
"12387","1kmE3989N3113",72
"12388","1kmE3989N3114",86
"12389","1kmE3989N3115",70
"12390","1kmE3989N3116",129
"12391","1kmE3989N3117",176
"12392","1kmE3989N3118",144
"12393","1kmE3989N3119",80
"12394","1kmE3989N3120",118
"12395","1kmE3989N3121",85
"12396","1kmE3989N3122",105
"12397","1kmE3989N3123",106
"12398","1kmE3989N3124",98
"12399","1kmE3989N3125",105
"12400","1kmE3989N3126",79
"12401","1kmE3989N3127",120
"12402","1kmE3989N3128",109
"12403","1kmE3989N3129",91
"12404","1kmE3989N3130",31
"12405","1kmE3989N3131",20
"12406","1kmE3989N3132",8
"12407","1kmE3989N3133",33
"12408","1kmE3989N3134",51
"12409","1kmE3989N3135",44
"12410","1kmE3989N3136",63
"12411","1kmE3989N3137",87
"12412","1kmE3989N3138",68
"12413","1kmE3989N3142",81
"12414","1kmE3989N3143",105
"12415","1kmE3990N3078",41
"12416","1kmE3990N3079",65
"12417","1kmE3990N3080",143
"12418","1kmE3990N3081",126
"12419","1kmE3990N3082",95
"12420","1kmE3990N3083",129
"12421","1kmE3990N3084",117
"12422","1kmE3990N3085",134
"12423","1kmE3990N3086",165
"12424","1kmE3990N3087",154
"12425","1kmE3990N3088",146
"12426","1kmE3990N3089",151
"12427","1kmE3990N3090",124
"12428","1kmE3990N3091",131
"12429","1kmE3990N3092",90
"12430","1kmE3990N3093",92
"12431","1kmE3990N3094",67
"12432","1kmE3990N3095",54
"12433","1kmE3990N3096",191
"12434","1kmE3990N3097",208
"12435","1kmE3990N3098",165
"12436","1kmE3990N3099",80
"12437","1kmE3990N3100",76
"12438","1kmE3990N3101",172
"12439","1kmE3990N3102",116
"12440","1kmE3990N3103",122
"12441","1kmE3990N3104",200
"12442","1kmE3990N3105",197
"12443","1kmE3990N3106",230
"12444","1kmE3990N3107",179
"12445","1kmE3990N3108",201
"12446","1kmE3990N3109",254
"12447","1kmE3990N3110",215
"12448","1kmE3990N3111",145
"12449","1kmE3990N3112",106
"12450","1kmE3990N3113",17
"12451","1kmE3990N3114",100
"12452","1kmE3990N3115",93
"12453","1kmE3990N3116",118
"12454","1kmE3990N3117",224
"12455","1kmE3990N3118",226
"12456","1kmE3990N3119",143
"12457","1kmE3990N3120",168
"12458","1kmE3990N3121",133
"12459","1kmE3990N3122",82
"12460","1kmE3990N3123",99
"12461","1kmE3990N3124",86
"12462","1kmE3990N3125",65
"12463","1kmE3990N3126",135
"12464","1kmE3990N3127",129
"12465","1kmE3990N3128",93
"12466","1kmE3990N3129",59
"12467","1kmE3990N3130",43
"12468","1kmE3990N3131",55
"12469","1kmE3990N3132",63
"12470","1kmE3990N3133",38
"12471","1kmE3990N3134",83
"12472","1kmE3990N3135",117
"12473","1kmE3990N3136",87
"12474","1kmE3990N3137",80
"12475","1kmE3990N3138",73
"12476","1kmE3990N3139",41
"12477","1kmE3991N3079",46
"12478","1kmE3991N3080",114
"12479","1kmE3991N3081",112
"12480","1kmE3991N3082",115
"12481","1kmE3991N3083",96
"12482","1kmE3991N3084",109
"12483","1kmE3991N3085",167
"12484","1kmE3991N3086",174
"12485","1kmE3991N3087",154
"12486","1kmE3991N3088",159
"12487","1kmE3991N3089",134
"12488","1kmE3991N3090",168
"12489","1kmE3991N3091",173
"12490","1kmE3991N3092",237
"12491","1kmE3991N3093",152
"12492","1kmE3991N3094",141
"12493","1kmE3991N3095",114
"12494","1kmE3991N3096",237
"12495","1kmE3991N3097",201
"12496","1kmE3991N3098",55
"12497","1kmE3991N3099",30
"12498","1kmE3991N3100",86
"12499","1kmE3991N3101",219
"12500","1kmE3991N3102",193
"12501","1kmE3991N3103",127
"12502","1kmE3991N3104",229
"12503","1kmE3991N3105",207
"12504","1kmE3991N3106",303
"12505","1kmE3991N3107",274
"12506","1kmE3991N3108",257
"12507","1kmE3991N3109",245
"12508","1kmE3991N3110",195
"12509","1kmE3991N3111",150
"12510","1kmE3991N3112",169
"12511","1kmE3991N3113",115
"12512","1kmE3991N3114",108
"12513","1kmE3991N3115",121
"12514","1kmE3991N3116",43
"12515","1kmE3991N3117",221
"12516","1kmE3991N3118",260
"12517","1kmE3991N3119",202
"12518","1kmE3991N3120",139
"12519","1kmE3991N3121",159
"12520","1kmE3991N3122",118
"12521","1kmE3991N3123",75
"12522","1kmE3991N3124",50
"12523","1kmE3991N3125",55
"12524","1kmE3991N3126",136
"12525","1kmE3991N3127",101
"12526","1kmE3991N3128",94
"12527","1kmE3991N3129",59
"12528","1kmE3991N3130",6
"12529","1kmE3991N3131",69
"12530","1kmE3991N3132",113
"12531","1kmE3991N3133",70
"12532","1kmE3991N3134",31
"12533","1kmE3991N3135",39
"12534","1kmE3991N3136",43
"12535","1kmE3991N3137",34
"12536","1kmE3991N3138",37
"12537","1kmE3991N3139",22
"12538","1kmE3992N3079",4
"12539","1kmE3992N3080",100
"12540","1kmE3992N3081",102
"12541","1kmE3992N3082",112
"12542","1kmE3992N3083",110
"12543","1kmE3992N3084",153
"12544","1kmE3992N3085",138
"12545","1kmE3992N3086",151
"12546","1kmE3992N3087",137
"12547","1kmE3992N3088",133
"12548","1kmE3992N3089",111
"12549","1kmE3992N3090",181
"12550","1kmE3992N3091",190
"12551","1kmE3992N3092",249
"12552","1kmE3992N3093",222
"12553","1kmE3992N3094",108
"12554","1kmE3992N3095",41
"12555","1kmE3992N3096",234
"12556","1kmE3992N3097",213
"12557","1kmE3992N3098",118
"12558","1kmE3992N3099",48
"12559","1kmE3992N3100",66
"12560","1kmE3992N3101",204
"12561","1kmE3992N3102",172
"12562","1kmE3992N3103",135
"12563","1kmE3992N3104",213
"12564","1kmE3992N3105",230
"12565","1kmE3992N3106",301
"12566","1kmE3992N3107",311
"12567","1kmE3992N3108",298
"12568","1kmE3992N3109",257
"12569","1kmE3992N3110",222
"12570","1kmE3992N3111",156
"12571","1kmE3992N3112",207
"12572","1kmE3992N3113",174
"12573","1kmE3992N3114",80
"12574","1kmE3992N3115",142
"12575","1kmE3992N3116",97
"12576","1kmE3992N3117",162
"12577","1kmE3992N3118",264
"12578","1kmE3992N3119",256
"12579","1kmE3992N3120",179
"12580","1kmE3992N3121",116
"12581","1kmE3992N3122",141
"12582","1kmE3992N3123",95
"12583","1kmE3992N3124",54
"12584","1kmE3992N3125",74
"12585","1kmE3992N3126",114
"12586","1kmE3992N3127",90
"12587","1kmE3992N3128",62
"12588","1kmE3992N3129",98
"12589","1kmE3992N3130",71
"12590","1kmE3992N3131",73
"12591","1kmE3992N3132",49
"12592","1kmE3992N3133",100
"12593","1kmE3992N3134",60
"12594","1kmE3992N3135",43
"12595","1kmE3992N3136",100
"12596","1kmE3992N3137",114
"12597","1kmE3992N3138",39
"12598","1kmE3993N3080",31
"12599","1kmE3993N3081",77
"12600","1kmE3993N3082",121
"12601","1kmE3993N3083",156
"12602","1kmE3993N3084",175
"12603","1kmE3993N3085",176
"12604","1kmE3993N3086",180
"12605","1kmE3993N3087",169
"12606","1kmE3993N3088",209
"12607","1kmE3993N3089",170
"12608","1kmE3993N3090",108
"12609","1kmE3993N3091",145
"12610","1kmE3993N3092",202
"12611","1kmE3993N3093",153
"12612","1kmE3993N3094",152
"12613","1kmE3993N3095",104
"12614","1kmE3993N3096",209
"12615","1kmE3993N3097",160
"12616","1kmE3993N3098",83
"12617","1kmE3993N3099",148
"12618","1kmE3993N3100",95
"12619","1kmE3993N3101",45
"12620","1kmE3993N3102",60
"12621","1kmE3993N3103",124
"12622","1kmE3993N3104",147
"12623","1kmE3993N3105",236
"12624","1kmE3993N3106",242
"12625","1kmE3993N3107",283
"12626","1kmE3993N3108",262
"12627","1kmE3993N3109",168
"12628","1kmE3993N3110",251
"12629","1kmE3993N3111",187
"12630","1kmE3993N3112",192
"12631","1kmE3993N3113",136
"12632","1kmE3993N3114",101
"12633","1kmE3993N3115",214
"12634","1kmE3993N3116",141
"12635","1kmE3993N3117",99
"12636","1kmE3993N3118",232
"12637","1kmE3993N3119",278
"12638","1kmE3993N3120",212
"12639","1kmE3993N3121",69
"12640","1kmE3993N3122",145
"12641","1kmE3993N3123",101
"12642","1kmE3993N3124",60
"12643","1kmE3993N3125",85
"12644","1kmE3993N3126",115
"12645","1kmE3993N3127",102
"12646","1kmE3993N3128",61
"12647","1kmE3993N3129",106
"12648","1kmE3993N3130",109
"12649","1kmE3993N3131",70
"12650","1kmE3993N3132",107
"12651","1kmE3993N3133",43
"12652","1kmE3993N3134",25
"12653","1kmE3993N3135",17
"12654","1kmE3993N3136",31
"12655","1kmE3993N3137",161
"12656","1kmE3993N3138",78
"12657","1kmE3994N3080",52
"12658","1kmE3994N3081",112
"12659","1kmE3994N3082",53
"12660","1kmE3994N3083",152
"12661","1kmE3994N3084",171
"12662","1kmE3994N3085",154
"12663","1kmE3994N3086",146
"12664","1kmE3994N3087",137
"12665","1kmE3994N3088",201
"12666","1kmE3994N3089",254
"12667","1kmE3994N3090",130
"12668","1kmE3994N3091",128
"12669","1kmE3994N3092",186
"12670","1kmE3994N3093",191
"12671","1kmE3994N3094",149
"12672","1kmE3994N3095",148
"12673","1kmE3994N3096",188
"12674","1kmE3994N3097",118
"12675","1kmE3994N3098",45
"12676","1kmE3994N3099",126
"12677","1kmE3994N3100",86
"12678","1kmE3994N3101",115
"12679","1kmE3994N3102",125
"12680","1kmE3994N3103",36
"12681","1kmE3994N3104",133
"12682","1kmE3994N3105",176
"12683","1kmE3994N3106",194
"12684","1kmE3994N3107",218
"12685","1kmE3994N3108",170
"12686","1kmE3994N3109",185
"12687","1kmE3994N3110",297
"12688","1kmE3994N3111",270
"12689","1kmE3994N3112",203
"12690","1kmE3994N3113",111
"12691","1kmE3994N3114",102
"12692","1kmE3994N3115",167
"12693","1kmE3994N3116",155
"12694","1kmE3994N3117",123
"12695","1kmE3994N3118",150
"12696","1kmE3994N3119",238
"12697","1kmE3994N3120",181
"12698","1kmE3994N3121",98
"12699","1kmE3994N3122",77
"12700","1kmE3994N3123",58
"12701","1kmE3994N3124",55
"12702","1kmE3994N3125",64
"12703","1kmE3994N3126",187
"12704","1kmE3994N3127",132
"12705","1kmE3994N3128",61
"12706","1kmE3994N3129",47
"12707","1kmE3994N3130",29
"12708","1kmE3994N3131",41
"12709","1kmE3994N3132",54
"12710","1kmE3994N3133",56
"12711","1kmE3994N3134",21
"12712","1kmE3994N3135",8
"12713","1kmE3994N3136",28
"12714","1kmE3994N3137",81
"12715","1kmE3994N3138",22
"12716","1kmE3995N3080",92
"12717","1kmE3995N3081",143
"12718","1kmE3995N3082",104
"12719","1kmE3995N3083",116
"12720","1kmE3995N3084",123
"12721","1kmE3995N3085",109
"12722","1kmE3995N3086",112
"12723","1kmE3995N3087",158
"12724","1kmE3995N3088",213
"12725","1kmE3995N3089",250
"12726","1kmE3995N3090",195
"12727","1kmE3995N3091",183
"12728","1kmE3995N3092",153
"12729","1kmE3995N3093",132
"12730","1kmE3995N3094",145
"12731","1kmE3995N3095",234
"12732","1kmE3995N3096",235
"12733","1kmE3995N3097",151
"12734","1kmE3995N3098",95
"12735","1kmE3995N3099",137
"12736","1kmE3995N3100",111
"12737","1kmE3995N3101",133
"12738","1kmE3995N3102",141
"12739","1kmE3995N3103",126
"12740","1kmE3995N3104",239
"12741","1kmE3995N3105",187
"12742","1kmE3995N3106",68
"12743","1kmE3995N3107",61
"12744","1kmE3995N3108",99
"12745","1kmE3995N3109",188
"12746","1kmE3995N3110",291
"12747","1kmE3995N3111",255
"12748","1kmE3995N3112",217
"12749","1kmE3995N3113",143
"12750","1kmE3995N3114",181
"12751","1kmE3995N3115",111
"12752","1kmE3995N3116",136
"12753","1kmE3995N3117",113
"12754","1kmE3995N3118",151
"12755","1kmE3995N3119",245
"12756","1kmE3995N3120",190
"12757","1kmE3995N3121",116
"12758","1kmE3995N3122",44
"12759","1kmE3995N3123",53
"12760","1kmE3995N3124",91
"12761","1kmE3995N3125",96
"12762","1kmE3995N3126",164
"12763","1kmE3995N3127",71
"12764","1kmE3995N3128",34
"12765","1kmE3995N3129",11
"12766","1kmE3995N3130",9
"12767","1kmE3995N3131",50
"12768","1kmE3995N3132",27
"12769","1kmE3995N3133",107
"12770","1kmE3995N3134",24
"12771","1kmE3995N3135",14
"12772","1kmE3995N3136",82
"12773","1kmE3995N3137",114
"12774","1kmE3995N3138",86
"12775","1kmE3996N3078",49
"12776","1kmE3996N3079",106
"12777","1kmE3996N3080",122
"12778","1kmE3996N3081",122
"12779","1kmE3996N3082",156
"12780","1kmE3996N3083",200
"12781","1kmE3996N3084",181
"12782","1kmE3996N3085",167
"12783","1kmE3996N3086",112
"12784","1kmE3996N3087",170
"12785","1kmE3996N3088",240
"12786","1kmE3996N3089",172
"12787","1kmE3996N3090",206
"12788","1kmE3996N3091",211
"12789","1kmE3996N3092",160
"12790","1kmE3996N3093",131
"12791","1kmE3996N3094",183
"12792","1kmE3996N3095",219
"12793","1kmE3996N3096",254
"12794","1kmE3996N3097",153
"12795","1kmE3996N3098",97
"12796","1kmE3996N3099",99
"12797","1kmE3996N3100",183
"12798","1kmE3996N3101",158
"12799","1kmE3996N3102",176
"12800","1kmE3996N3103",211
"12801","1kmE3996N3104",290
"12802","1kmE3996N3105",234
"12803","1kmE3996N3106",157
"12804","1kmE3996N3107",184
"12805","1kmE3996N3108",125
"12806","1kmE3996N3109",150
"12807","1kmE3996N3110",247
"12808","1kmE3996N3111",181
"12809","1kmE3996N3112",149
"12810","1kmE3996N3113",109
"12811","1kmE3996N3114",185
"12812","1kmE3996N3115",128
"12813","1kmE3996N3116",166
"12814","1kmE3996N3117",102
"12815","1kmE3996N3118",166
"12816","1kmE3996N3119",217
"12817","1kmE3996N3120",140
"12818","1kmE3996N3121",157
"12819","1kmE3996N3122",69
"12820","1kmE3996N3123",72
"12821","1kmE3996N3124",133
"12822","1kmE3996N3125",120
"12823","1kmE3996N3126",94
"12824","1kmE3996N3127",80
"12825","1kmE3996N3128",36
"12826","1kmE3996N3129",41
"12827","1kmE3996N3130",89
"12828","1kmE3996N3131",82
"12829","1kmE3996N3132",17
"12830","1kmE3996N3133",17
"12831","1kmE3996N3134",56
"12832","1kmE3996N3135",33
"12833","1kmE3996N3136",110
"12834","1kmE3996N3137",112
"12835","1kmE3996N3138",169
"12836","1kmE3996N3139",97
"12837","1kmE3997N3077",43
"12838","1kmE3997N3078",68
"12839","1kmE3997N3079",101
"12840","1kmE3997N3080",118
"12841","1kmE3997N3081",104
"12842","1kmE3997N3082",126
"12843","1kmE3997N3083",158
"12844","1kmE3997N3084",156
"12845","1kmE3997N3085",204
"12846","1kmE3997N3086",221
"12847","1kmE3997N3087",225
"12848","1kmE3997N3088",226
"12849","1kmE3997N3089",170
"12850","1kmE3997N3090",188
"12851","1kmE3997N3091",167
"12852","1kmE3997N3092",114
"12853","1kmE3997N3093",109
"12854","1kmE3997N3094",150
"12855","1kmE3997N3095",235
"12856","1kmE3997N3096",259
"12857","1kmE3997N3097",111
"12858","1kmE3997N3098",114
"12859","1kmE3997N3099",150
"12860","1kmE3997N3100",175
"12861","1kmE3997N3101",177
"12862","1kmE3997N3102",221
"12863","1kmE3997N3103",240
"12864","1kmE3997N3104",285
"12865","1kmE3997N3105",244
"12866","1kmE3997N3106",215
"12867","1kmE3997N3107",210
"12868","1kmE3997N3108",162
"12869","1kmE3997N3109",157
"12870","1kmE3997N3110",234
"12871","1kmE3997N3111",164
"12872","1kmE3997N3112",137
"12873","1kmE3997N3113",113
"12874","1kmE3997N3114",183
"12875","1kmE3997N3115",105
"12876","1kmE3997N3116",168
"12877","1kmE3997N3117",160
"12878","1kmE3997N3118",146
"12879","1kmE3997N3119",163
"12880","1kmE3997N3120",133
"12881","1kmE3997N3121",101
"12882","1kmE3997N3122",102
"12883","1kmE3997N3123",132
"12884","1kmE3997N3124",122
"12885","1kmE3997N3125",32
"12886","1kmE3997N3126",56
"12887","1kmE3997N3127",48
"12888","1kmE3997N3128",61
"12889","1kmE3997N3129",120
"12890","1kmE3997N3130",144
"12891","1kmE3997N3131",138
"12892","1kmE3997N3132",50
"12893","1kmE3997N3133",13
"12894","1kmE3997N3134",49
"12895","1kmE3997N3135",37
"12896","1kmE3997N3136",57
"12897","1kmE3997N3137",102
"12898","1kmE3997N3138",200
"12899","1kmE3997N3139",96
"12900","1kmE3998N3077",66
"12901","1kmE3998N3078",112
"12902","1kmE3998N3079",94
"12903","1kmE3998N3080",105
"12904","1kmE3998N3081",105
"12905","1kmE3998N3082",117
"12906","1kmE3998N3083",143
"12907","1kmE3998N3084",161
"12908","1kmE3998N3085",227
"12909","1kmE3998N3086",262
"12910","1kmE3998N3087",202
"12911","1kmE3998N3088",215
"12912","1kmE3998N3089",215
"12913","1kmE3998N3090",213
"12914","1kmE3998N3091",176
"12915","1kmE3998N3092",168
"12916","1kmE3998N3093",110
"12917","1kmE3998N3094",179
"12918","1kmE3998N3095",236
"12919","1kmE3998N3096",235
"12920","1kmE3998N3097",106
"12921","1kmE3998N3098",78
"12922","1kmE3998N3099",143
"12923","1kmE3998N3100",128
"12924","1kmE3998N3101",177
"12925","1kmE3998N3102",242
"12926","1kmE3998N3103",253
"12927","1kmE3998N3104",287
"12928","1kmE3998N3105",242
"12929","1kmE3998N3106",215
"12930","1kmE3998N3107",202
"12931","1kmE3998N3108",196
"12932","1kmE3998N3109",173
"12933","1kmE3998N3110",188
"12934","1kmE3998N3111",97
"12935","1kmE3998N3112",96
"12936","1kmE3998N3113",156
"12937","1kmE3998N3114",178
"12938","1kmE3998N3115",50
"12939","1kmE3998N3116",103
"12940","1kmE3998N3117",124
"12941","1kmE3998N3118",112
"12942","1kmE3998N3119",114
"12943","1kmE3998N3120",184
"12944","1kmE3998N3121",152
"12945","1kmE3998N3122",91
"12946","1kmE3998N3123",104
"12947","1kmE3998N3124",147
"12948","1kmE3998N3125",138
"12949","1kmE3998N3126",20
"12950","1kmE3998N3127",56
"12951","1kmE3998N3128",111
"12952","1kmE3998N3129",136
"12953","1kmE3998N3130",87
"12954","1kmE3998N3131",68
"12955","1kmE3998N3132",67
"12956","1kmE3998N3133",30
"12957","1kmE3998N3134",113
"12958","1kmE3998N3135",73
"12959","1kmE3998N3136",65
"12960","1kmE3998N3137",48
"12961","1kmE3998N3138",137
"12962","1kmE3998N3139",75
"12963","1kmE3999N3077",59
"12964","1kmE3999N3078",101
"12965","1kmE3999N3079",94
"12966","1kmE3999N3080",92
"12967","1kmE3999N3081",139
"12968","1kmE3999N3082",157
"12969","1kmE3999N3083",129
"12970","1kmE3999N3084",201
"12971","1kmE3999N3085",258
"12972","1kmE3999N3086",207
"12973","1kmE3999N3087",177
"12974","1kmE3999N3088",193
"12975","1kmE3999N3089",207
"12976","1kmE3999N3090",167
"12977","1kmE3999N3091",143
"12978","1kmE3999N3092",188
"12979","1kmE3999N3093",159
"12980","1kmE3999N3094",169
"12981","1kmE3999N3095",213
"12982","1kmE3999N3096",144
"12983","1kmE3999N3097",113
"12984","1kmE3999N3098",221
"12985","1kmE3999N3099",232
"12986","1kmE3999N3100",153
"12987","1kmE3999N3101",205
"12988","1kmE3999N3102",273
"12989","1kmE3999N3103",232
"12990","1kmE3999N3104",255
"12991","1kmE3999N3105",263
"12992","1kmE3999N3106",190
"12993","1kmE3999N3107",81
"12994","1kmE3999N3108",219
"12995","1kmE3999N3109",192
"12996","1kmE3999N3110",134
"12997","1kmE3999N3111",173
"12998","1kmE3999N3112",147
"12999","1kmE3999N3113",172
"13000","1kmE3999N3114",170
"13001","1kmE3999N3115",118
"13002","1kmE3999N3116",28
"13003","1kmE3999N3117",37
"13004","1kmE3999N3118",21
"13005","1kmE3999N3119",82
"13006","1kmE3999N3120",144
"13007","1kmE3999N3121",97
"13008","1kmE3999N3122",106
"13009","1kmE3999N3123",125
"13010","1kmE3999N3124",150
"13011","1kmE3999N3125",131
"13012","1kmE3999N3126",17
"13013","1kmE3999N3127",53
"13014","1kmE3999N3128",75
"13015","1kmE3999N3129",52
"13016","1kmE3999N3130",46
"13017","1kmE3999N3131",46
"13018","1kmE3999N3132",63
"13019","1kmE3999N3133",10
"13020","1kmE3999N3134",64
"13021","1kmE3999N3135",141
"13022","1kmE3999N3136",150
"13023","1kmE3999N3137",102
"13024","1kmE3999N3138",95
"13025","1kmE4000N3077",16
"13026","1kmE4000N3078",36
"13027","1kmE4000N3079",65
"13028","1kmE4000N3080",83
"13029","1kmE4000N3081",118
"13030","1kmE4000N3082",127
"13031","1kmE4000N3083",160
"13032","1kmE4000N3084",190
"13033","1kmE4000N3085",197
"13034","1kmE4000N3086",175
"13035","1kmE4000N3087",233
"13036","1kmE4000N3088",215
"13037","1kmE4000N3089",165
"13038","1kmE4000N3090",113
"13039","1kmE4000N3091",103
"13040","1kmE4000N3092",100
"13041","1kmE4000N3093",124
"13042","1kmE4000N3094",167
"13043","1kmE4000N3095",207
"13044","1kmE4000N3096",142
"13045","1kmE4000N3097",156
"13046","1kmE4000N3098",229
"13047","1kmE4000N3099",246
"13048","1kmE4000N3100",193
"13049","1kmE4000N3101",230
"13050","1kmE4000N3102",280
"13051","1kmE4000N3103",274
"13052","1kmE4000N3104",238
"13053","1kmE4000N3105",232
"13054","1kmE4000N3106",164
"13055","1kmE4000N3107",79
"13056","1kmE4000N3108",173
"13057","1kmE4000N3109",193
"13058","1kmE4000N3110",124
"13059","1kmE4000N3111",179
"13060","1kmE4000N3112",145
"13061","1kmE4000N3113",144
"13062","1kmE4000N3114",152
"13063","1kmE4000N3115",140
"13064","1kmE4000N3116",95
"13065","1kmE4000N3117",54
"13066","1kmE4000N3118",24
"13067","1kmE4000N3119",30
"13068","1kmE4000N3120",21
"13069","1kmE4000N3121",35
"13070","1kmE4000N3122",28
"13071","1kmE4000N3123",54
"13072","1kmE4000N3124",119
"13073","1kmE4000N3125",220
"13074","1kmE4000N3126",216
"13075","1kmE4000N3127",38
"13076","1kmE4000N3128",59
"13077","1kmE4000N3129",26
"13078","1kmE4000N3130",27
"13079","1kmE4000N3131",45
"13080","1kmE4000N3132",86
"13081","1kmE4000N3133",48
"13082","1kmE4000N3134",85
"13083","1kmE4000N3135",146
"13084","1kmE4000N3136",232
"13085","1kmE4000N3137",225
"13086","1kmE4000N3138",223
"13087","1kmE4001N3077",4
"13088","1kmE4001N3078",41
"13089","1kmE4001N3079",82
"13090","1kmE4001N3080",91
"13091","1kmE4001N3081",109
"13092","1kmE4001N3082",81
"13093","1kmE4001N3083",87
"13094","1kmE4001N3084",121
"13095","1kmE4001N3085",158
"13096","1kmE4001N3086",176
"13097","1kmE4001N3087",223
"13098","1kmE4001N3088",201
"13099","1kmE4001N3089",133
"13100","1kmE4001N3090",151
"13101","1kmE4001N3091",154
"13102","1kmE4001N3092",128
"13103","1kmE4001N3093",117
"13104","1kmE4001N3094",119
"13105","1kmE4001N3095",115
"13106","1kmE4001N3096",97
"13107","1kmE4001N3097",168
"13108","1kmE4001N3098",226
"13109","1kmE4001N3099",240
"13110","1kmE4001N3100",210
"13111","1kmE4001N3101",171
"13112","1kmE4001N3102",284
"13113","1kmE4001N3103",293
"13114","1kmE4001N3104",189
"13115","1kmE4001N3105",89
"13116","1kmE4001N3106",141
"13117","1kmE4001N3107",130
"13118","1kmE4001N3108",126
"13119","1kmE4001N3109",142
"13120","1kmE4001N3110",107
"13121","1kmE4001N3111",168
"13122","1kmE4001N3112",179
"13123","1kmE4001N3113",152
"13124","1kmE4001N3114",128
"13125","1kmE4001N3115",139
"13126","1kmE4001N3116",67
"13127","1kmE4001N3117",39
"13128","1kmE4001N3118",54
"13129","1kmE4001N3119",36
"13130","1kmE4001N3120",6
"13131","1kmE4001N3121",20
"13132","1kmE4001N3122",37
"13133","1kmE4001N3123",139
"13134","1kmE4001N3124",191
"13135","1kmE4001N3125",152
"13136","1kmE4001N3126",178
"13137","1kmE4001N3127",113
"13138","1kmE4001N3128",81
"13139","1kmE4001N3129",90
"13140","1kmE4001N3130",91
"13141","1kmE4001N3131",64
"13142","1kmE4001N3132",62
"13143","1kmE4001N3133",113
"13144","1kmE4001N3134",142
"13145","1kmE4001N3135",123
"13146","1kmE4001N3136",200
"13147","1kmE4001N3137",221
"13148","1kmE4001N3138",225
"13149","1kmE4002N3077",10
"13150","1kmE4002N3078",90
"13151","1kmE4002N3079",124
"13152","1kmE4002N3080",105
"13153","1kmE4002N3081",96
"13154","1kmE4002N3082",110
"13155","1kmE4002N3083",210
"13156","1kmE4002N3084",170
"13157","1kmE4002N3085",150
"13158","1kmE4002N3086",163
"13159","1kmE4002N3087",199
"13160","1kmE4002N3088",178
"13161","1kmE4002N3089",83
"13162","1kmE4002N3090",135
"13163","1kmE4002N3091",138
"13164","1kmE4002N3092",118
"13165","1kmE4002N3093",138
"13166","1kmE4002N3094",147
"13167","1kmE4002N3095",135
"13168","1kmE4002N3096",168
"13169","1kmE4002N3097",220
"13170","1kmE4002N3098",231
"13171","1kmE4002N3099",222
"13172","1kmE4002N3100",208
"13173","1kmE4002N3101",130
"13174","1kmE4002N3102",251
"13175","1kmE4002N3103",285
"13176","1kmE4002N3104",248
"13177","1kmE4002N3105",109
"13178","1kmE4002N3106",143
"13179","1kmE4002N3107",166
"13180","1kmE4002N3108",126
"13181","1kmE4002N3109",129
"13182","1kmE4002N3110",106
"13183","1kmE4002N3111",103
"13184","1kmE4002N3112",192
"13185","1kmE4002N3113",154
"13186","1kmE4002N3114",115
"13187","1kmE4002N3115",118
"13188","1kmE4002N3116",79
"13189","1kmE4002N3117",80
"13190","1kmE4002N3118",88
"13191","1kmE4002N3119",88
"13192","1kmE4002N3120",32
"13193","1kmE4002N3121",111
"13194","1kmE4002N3122",157
"13195","1kmE4002N3123",141
"13196","1kmE4002N3124",76
"13197","1kmE4002N3125",100
"13198","1kmE4002N3126",153
"13199","1kmE4002N3127",111
"13200","1kmE4002N3128",59
"13201","1kmE4002N3129",100
"13202","1kmE4002N3130",111
"13203","1kmE4002N3131",54
"13204","1kmE4002N3132",81
"13205","1kmE4002N3133",136
"13206","1kmE4002N3134",125
"13207","1kmE4002N3135",67
"13208","1kmE4002N3136",88
"13209","1kmE4002N3137",165
"13210","1kmE4002N3138",200
"13211","1kmE4002N3139",143
"13212","1kmE4003N3078",44
"13213","1kmE4003N3079",75
"13214","1kmE4003N3080",81
"13215","1kmE4003N3081",89
"13216","1kmE4003N3082",134
"13217","1kmE4003N3083",223
"13218","1kmE4003N3084",217
"13219","1kmE4003N3085",153
"13220","1kmE4003N3086",152
"13221","1kmE4003N3087",165
"13222","1kmE4003N3088",141
"13223","1kmE4003N3089",106
"13224","1kmE4003N3090",139
"13225","1kmE4003N3091",105
"13226","1kmE4003N3092",96
"13227","1kmE4003N3093",98
"13228","1kmE4003N3094",205
"13229","1kmE4003N3095",181
"13230","1kmE4003N3096",247
"13231","1kmE4003N3097",276
"13232","1kmE4003N3098",247
"13233","1kmE4003N3099",217
"13234","1kmE4003N3100",162
"13235","1kmE4003N3101",85
"13236","1kmE4003N3102",176
"13237","1kmE4003N3103",232
"13238","1kmE4003N3104",238
"13239","1kmE4003N3105",186
"13240","1kmE4003N3106",187
"13241","1kmE4003N3107",206
"13242","1kmE4003N3108",188
"13243","1kmE4003N3109",117
"13244","1kmE4003N3110",70
"13245","1kmE4003N3111",23
"13246","1kmE4003N3112",127
"13247","1kmE4003N3113",108
"13248","1kmE4003N3114",90
"13249","1kmE4003N3115",120
"13250","1kmE4003N3116",97
"13251","1kmE4003N3117",70
"13252","1kmE4003N3118",8
"13253","1kmE4003N3119",56
"13254","1kmE4003N3120",93
"13255","1kmE4003N3121",84
"13256","1kmE4003N3122",76
"13257","1kmE4003N3123",45
"13258","1kmE4003N3124",18
"13259","1kmE4003N3125",44
"13260","1kmE4003N3126",98
"13261","1kmE4003N3127",59
"13262","1kmE4003N3128",85
"13263","1kmE4003N3129",51
"13264","1kmE4003N3130",30
"13265","1kmE4003N3131",28
"13266","1kmE4003N3132",11
"13267","1kmE4003N3133",96
"13268","1kmE4003N3134",186
"13269","1kmE4003N3135",174
"13270","1kmE4003N3136",97
"13271","1kmE4003N3137",102
"13272","1kmE4003N3138",135
"13273","1kmE4003N3139",128
"13274","1kmE4003N3140",54
"13275","1kmE4004N3079",58
"13276","1kmE4004N3080",64
"13277","1kmE4004N3081",144
"13278","1kmE4004N3082",186
"13279","1kmE4004N3083",251
"13280","1kmE4004N3084",214
"13281","1kmE4004N3085",162
"13282","1kmE4004N3086",144
"13283","1kmE4004N3087",123
"13284","1kmE4004N3088",146
"13285","1kmE4004N3089",137
"13286","1kmE4004N3090",173
"13287","1kmE4004N3091",184
"13288","1kmE4004N3092",206
"13289","1kmE4004N3093",155
"13290","1kmE4004N3094",105
"13291","1kmE4004N3095",137
"13292","1kmE4004N3096",197
"13293","1kmE4004N3097",198
"13294","1kmE4004N3098",208
"13295","1kmE4004N3099",176
"13296","1kmE4004N3100",117
"13297","1kmE4004N3101",64
"13298","1kmE4004N3102",123
"13299","1kmE4004N3103",150
"13300","1kmE4004N3104",214
"13301","1kmE4004N3105",231
"13302","1kmE4004N3106",260
"13303","1kmE4004N3107",202
"13304","1kmE4004N3108",116
"13305","1kmE4004N3109",90
"13306","1kmE4004N3110",47
"13307","1kmE4004N3111",15
"13308","1kmE4004N3112",84
"13309","1kmE4004N3113",84
"13310","1kmE4004N3114",61
"13311","1kmE4004N3115",91
"13312","1kmE4004N3116",67
"13313","1kmE4004N3117",33
"13314","1kmE4004N3118",41
"13315","1kmE4004N3119",48
"13316","1kmE4004N3120",99
"13317","1kmE4004N3121",95
"13318","1kmE4004N3122",58
"13319","1kmE4004N3123",80
"13320","1kmE4004N3124",57
"13321","1kmE4004N3125",82
"13322","1kmE4004N3126",98
"13323","1kmE4004N3127",89
"13324","1kmE4004N3128",84
"13325","1kmE4004N3129",59
"13326","1kmE4004N3130",64
"13327","1kmE4004N3131",67
"13328","1kmE4004N3132",21
"13329","1kmE4004N3133",132
"13330","1kmE4004N3134",124
"13331","1kmE4004N3135",132
"13332","1kmE4004N3136",134
"13333","1kmE4004N3137",78
"13334","1kmE4004N3138",110
"13335","1kmE4004N3139",106
"13336","1kmE4004N3140",49
"13337","1kmE4005N3079",4
"13338","1kmE4005N3080",5
"13339","1kmE4005N3081",132
"13340","1kmE4005N3082",165
"13341","1kmE4005N3083",174
"13342","1kmE4005N3084",161
"13343","1kmE4005N3085",120
"13344","1kmE4005N3086",127
"13345","1kmE4005N3087",93
"13346","1kmE4005N3088",226
"13347","1kmE4005N3089",172
"13348","1kmE4005N3090",199
"13349","1kmE4005N3091",191
"13350","1kmE4005N3092",237
"13351","1kmE4005N3093",189
"13352","1kmE4005N3094",80
"13353","1kmE4005N3095",108
"13354","1kmE4005N3096",130
"13355","1kmE4005N3097",118
"13356","1kmE4005N3098",148
"13357","1kmE4005N3099",143
"13358","1kmE4005N3100",143
"13359","1kmE4005N3101",108
"13360","1kmE4005N3102",104
"13361","1kmE4005N3103",98
"13362","1kmE4005N3104",193
"13363","1kmE4005N3105",209
"13364","1kmE4005N3106",230
"13365","1kmE4005N3107",197
"13366","1kmE4005N3108",117
"13367","1kmE4005N3109",71
"13368","1kmE4005N3110",141
"13369","1kmE4005N3111",74
"13370","1kmE4005N3112",77
"13371","1kmE4005N3113",91
"13372","1kmE4005N3114",69
"13373","1kmE4005N3115",65
"13374","1kmE4005N3116",107
"13375","1kmE4005N3117",55
"13376","1kmE4005N3118",48
"13377","1kmE4005N3119",39
"13378","1kmE4005N3120",86
"13379","1kmE4005N3121",113
"13380","1kmE4005N3122",95
"13381","1kmE4005N3123",111
"13382","1kmE4005N3124",178
"13383","1kmE4005N3125",130
"13384","1kmE4005N3126",57
"13385","1kmE4005N3127",69
"13386","1kmE4005N3128",44
"13387","1kmE4005N3129",66
"13388","1kmE4005N3130",126
"13389","1kmE4005N3131",143
"13390","1kmE4005N3132",79
"13391","1kmE4005N3133",90
"13392","1kmE4005N3134",63
"13393","1kmE4005N3135",81
"13394","1kmE4005N3136",89
"13395","1kmE4005N3137",42
"13396","1kmE4005N3138",72
"13397","1kmE4005N3139",52
"13398","1kmE4005N3140",61
"13399","1kmE4005N3141",99
"13400","1kmE4006N3081",105
"13401","1kmE4006N3082",81
"13402","1kmE4006N3083",71
"13403","1kmE4006N3084",35
"13404","1kmE4006N3085",80
"13405","1kmE4006N3086",106
"13406","1kmE4006N3087",75
"13407","1kmE4006N3088",202
"13408","1kmE4006N3089",154
"13409","1kmE4006N3090",169
"13410","1kmE4006N3091",108
"13411","1kmE4006N3092",88
"13412","1kmE4006N3093",110
"13413","1kmE4006N3094",126
"13414","1kmE4006N3095",103
"13415","1kmE4006N3096",148
"13416","1kmE4006N3097",160
"13417","1kmE4006N3098",190
"13418","1kmE4006N3099",155
"13419","1kmE4006N3100",157
"13420","1kmE4006N3101",133
"13421","1kmE4006N3102",125
"13422","1kmE4006N3103",143
"13423","1kmE4006N3104",226
"13424","1kmE4006N3105",128
"13425","1kmE4006N3106",190
"13426","1kmE4006N3107",215
"13427","1kmE4006N3108",116
"13428","1kmE4006N3109",88
"13429","1kmE4006N3110",153
"13430","1kmE4006N3111",58
"13431","1kmE4006N3112",67
"13432","1kmE4006N3113",96
"13433","1kmE4006N3114",142
"13434","1kmE4006N3115",169
"13435","1kmE4006N3116",148
"13436","1kmE4006N3117",91
"13437","1kmE4006N3118",74
"13438","1kmE4006N3119",82
"13439","1kmE4006N3120",125
"13440","1kmE4006N3121",174
"13441","1kmE4006N3122",159
"13442","1kmE4006N3123",88
"13443","1kmE4006N3124",115
"13444","1kmE4006N3125",92
"13445","1kmE4006N3126",66
"13446","1kmE4006N3127",106
"13447","1kmE4006N3128",56
"13448","1kmE4006N3129",89
"13449","1kmE4006N3130",131
"13450","1kmE4006N3131",165
"13451","1kmE4006N3132",135
"13452","1kmE4006N3133",156
"13453","1kmE4006N3134",145
"13454","1kmE4006N3135",231
"13455","1kmE4006N3136",219
"13456","1kmE4006N3137",200
"13457","1kmE4006N3138",155
"13458","1kmE4006N3139",160
"13459","1kmE4006N3140",188
"13460","1kmE4006N3141",201
"13461","1kmE4007N3081",25
"13462","1kmE4007N3082",36
"13463","1kmE4007N3083",65
"13464","1kmE4007N3084",78
"13465","1kmE4007N3085",104
"13466","1kmE4007N3086",92
"13467","1kmE4007N3087",66
"13468","1kmE4007N3088",105
"13469","1kmE4007N3089",157
"13470","1kmE4007N3090",132
"13471","1kmE4007N3091",78
"13472","1kmE4007N3092",90
"13473","1kmE4007N3093",147
"13474","1kmE4007N3094",150
"13475","1kmE4007N3095",164
"13476","1kmE4007N3096",146
"13477","1kmE4007N3097",153
"13478","1kmE4007N3098",162
"13479","1kmE4007N3099",149
"13480","1kmE4007N3100",149
"13481","1kmE4007N3101",118
"13482","1kmE4007N3102",116
"13483","1kmE4007N3103",168
"13484","1kmE4007N3104",188
"13485","1kmE4007N3105",121
"13486","1kmE4007N3106",57
"13487","1kmE4007N3107",212
"13488","1kmE4007N3108",192
"13489","1kmE4007N3109",132
"13490","1kmE4007N3110",76
"13491","1kmE4007N3111",43
"13492","1kmE4007N3112",44
"13493","1kmE4007N3113",104
"13494","1kmE4007N3114",153
"13495","1kmE4007N3115",178
"13496","1kmE4007N3116",106
"13497","1kmE4007N3117",64
"13498","1kmE4007N3118",45
"13499","1kmE4007N3119",105
"13500","1kmE4007N3120",85
"13501","1kmE4007N3121",123
"13502","1kmE4007N3122",149
"13503","1kmE4007N3123",184
"13504","1kmE4007N3124",82
"13505","1kmE4007N3125",40
"13506","1kmE4007N3126",39
"13507","1kmE4007N3127",71
"13508","1kmE4007N3128",35
"13509","1kmE4007N3129",41
"13510","1kmE4007N3130",108
"13511","1kmE4007N3131",149
"13512","1kmE4007N3132",140
"13513","1kmE4007N3133",149
"13514","1kmE4007N3134",121
"13515","1kmE4007N3135",179
"13516","1kmE4007N3136",135
"13517","1kmE4007N3137",141
"13518","1kmE4007N3138",105
"13519","1kmE4007N3139",130
"13520","1kmE4007N3140",215
"13521","1kmE4007N3141",211
"13522","1kmE4008N3081",33
"13523","1kmE4008N3082",41
"13524","1kmE4008N3083",88
"13525","1kmE4008N3084",93
"13526","1kmE4008N3085",62
"13527","1kmE4008N3086",120
"13528","1kmE4008N3087",52
"13529","1kmE4008N3088",115
"13530","1kmE4008N3089",145
"13531","1kmE4008N3090",121
"13532","1kmE4008N3091",68
"13533","1kmE4008N3092",59
"13534","1kmE4008N3093",187
"13535","1kmE4008N3094",214
"13536","1kmE4008N3095",193
"13537","1kmE4008N3096",177
"13538","1kmE4008N3097",176
"13539","1kmE4008N3098",181
"13540","1kmE4008N3099",170
"13541","1kmE4008N3100",130
"13542","1kmE4008N3101",104
"13543","1kmE4008N3102",75
"13544","1kmE4008N3103",137
"13545","1kmE4008N3104",173
"13546","1kmE4008N3105",168
"13547","1kmE4008N3106",107
"13548","1kmE4008N3107",289
"13549","1kmE4008N3108",276
"13550","1kmE4008N3109",216
"13551","1kmE4008N3110",79
"13552","1kmE4008N3111",68
"13553","1kmE4008N3112",29
"13554","1kmE4008N3113",121
"13555","1kmE4008N3114",102
"13556","1kmE4008N3115",75
"13557","1kmE4008N3116",38
"13558","1kmE4008N3117",26
"13559","1kmE4008N3118",11
"13560","1kmE4008N3119",8
"13561","1kmE4008N3120",18
"13562","1kmE4008N3121",86
"13563","1kmE4008N3122",50
"13564","1kmE4008N3123",117
"13565","1kmE4008N3124",244
"13566","1kmE4008N3125",146
"13567","1kmE4008N3126",68
"13568","1kmE4008N3127",50
"13569","1kmE4008N3128",52
"13570","1kmE4008N3129",33
"13571","1kmE4008N3130",134
"13572","1kmE4008N3131",212
"13573","1kmE4008N3132",155
"13574","1kmE4008N3133",66
"13575","1kmE4008N3134",26
"13576","1kmE4008N3135",136
"13577","1kmE4008N3136",64
"13578","1kmE4008N3137",104
"13579","1kmE4008N3138",144
"13580","1kmE4008N3139",97
"13581","1kmE4008N3140",141
"13582","1kmE4008N3141",100
"13583","1kmE4009N3082",16
"13584","1kmE4009N3083",67
"13585","1kmE4009N3084",57
"13586","1kmE4009N3085",18
"13587","1kmE4009N3086",68
"13588","1kmE4009N3087",52
"13589","1kmE4009N3088",128
"13590","1kmE4009N3089",112
"13591","1kmE4009N3090",89
"13592","1kmE4009N3091",84
"13593","1kmE4009N3092",75
"13594","1kmE4009N3093",203
"13595","1kmE4009N3094",237
"13596","1kmE4009N3095",246
"13597","1kmE4009N3096",242
"13598","1kmE4009N3097",141
"13599","1kmE4009N3098",152
"13600","1kmE4009N3099",155
"13601","1kmE4009N3100",140
"13602","1kmE4009N3101",152
"13603","1kmE4009N3102",110
"13604","1kmE4009N3103",112
"13605","1kmE4009N3104",174
"13606","1kmE4009N3105",137
"13607","1kmE4009N3106",41
"13608","1kmE4009N3107",97
"13609","1kmE4009N3108",156
"13610","1kmE4009N3109",143
"13611","1kmE4009N3110",70
"13612","1kmE4009N3111",85
"13613","1kmE4009N3112",41
"13614","1kmE4009N3113",133
"13615","1kmE4009N3114",84
"13616","1kmE4009N3115",73
"13617","1kmE4009N3116",36
"13618","1kmE4009N3117",31
"13619","1kmE4009N3118",27
"13620","1kmE4009N3119",24
"13621","1kmE4009N3120",40
"13622","1kmE4009N3121",25
"13623","1kmE4009N3122",28
"13624","1kmE4009N3123",60
"13625","1kmE4009N3124",230
"13626","1kmE4009N3125",228
"13627","1kmE4009N3126",142
"13628","1kmE4009N3127",60
"13629","1kmE4009N3128",52
"13630","1kmE4009N3129",89
"13631","1kmE4009N3130",205
"13632","1kmE4009N3131",263
"13633","1kmE4009N3132",199
"13634","1kmE4009N3133",80
"13635","1kmE4009N3134",10
"13636","1kmE4009N3135",54
"13637","1kmE4009N3136",13
"13638","1kmE4009N3137",81
"13639","1kmE4009N3138",88
"13640","1kmE4009N3139",75
"13641","1kmE4010N3082",31
"13642","1kmE4010N3083",85
"13643","1kmE4010N3084",34
"13644","1kmE4010N3085",42
"13645","1kmE4010N3086",24
"13646","1kmE4010N3087",16
"13647","1kmE4010N3088",85
"13648","1kmE4010N3089",101
"13649","1kmE4010N3090",61
"13650","1kmE4010N3091",86
"13651","1kmE4010N3092",24
"13652","1kmE4010N3093",135
"13653","1kmE4010N3094",235
"13654","1kmE4010N3095",228
"13655","1kmE4010N3096",223
"13656","1kmE4010N3097",119
"13657","1kmE4010N3098",121
"13658","1kmE4010N3099",91
"13659","1kmE4010N3100",81
"13660","1kmE4010N3101",167
"13661","1kmE4010N3102",129
"13662","1kmE4010N3103",86
"13663","1kmE4010N3104",106
"13664","1kmE4010N3105",99
"13665","1kmE4010N3106",50
"13666","1kmE4010N3107",140
"13667","1kmE4010N3108",196
"13668","1kmE4010N3109",130
"13669","1kmE4010N3110",147
"13670","1kmE4010N3111",102
"13671","1kmE4010N3112",16
"13672","1kmE4010N3113",63
"13673","1kmE4010N3114",61
"13674","1kmE4010N3115",100
"13675","1kmE4010N3116",27
"13676","1kmE4010N3117",19
"13677","1kmE4010N3118",52
"13678","1kmE4010N3119",12
"13679","1kmE4010N3120",27
"13680","1kmE4010N3121",16
"13681","1kmE4010N3122",34
"13682","1kmE4010N3123",25
"13683","1kmE4010N3124",103
"13684","1kmE4010N3125",176
"13685","1kmE4010N3126",87
"13686","1kmE4010N3127",44
"13687","1kmE4010N3128",35
"13688","1kmE4010N3129",135
"13689","1kmE4010N3130",178
"13690","1kmE4010N3131",255
"13691","1kmE4010N3132",192
"13692","1kmE4010N3133",120
"13693","1kmE4010N3134",27
"13694","1kmE4010N3135",105
"13695","1kmE4010N3136",42
"13696","1kmE4010N3137",89
"13697","1kmE4010N3138",90
"13698","1kmE4011N3083",12
"13699","1kmE4011N3084",33
"13700","1kmE4011N3085",38
"13701","1kmE4011N3086",13
"13702","1kmE4011N3087",23
"13703","1kmE4011N3088",21
"13704","1kmE4011N3089",61
"13705","1kmE4011N3090",94
"13706","1kmE4011N3091",104
"13707","1kmE4011N3092",88
"13708","1kmE4011N3093",192
"13709","1kmE4011N3094",263
"13710","1kmE4011N3095",188
"13711","1kmE4011N3096",142
"13712","1kmE4011N3097",97
"13713","1kmE4011N3098",136
"13714","1kmE4011N3099",90
"13715","1kmE4011N3100",38
"13716","1kmE4011N3101",134
"13717","1kmE4011N3102",92
"13718","1kmE4011N3103",83
"13719","1kmE4011N3104",62
"13720","1kmE4011N3105",33
"13721","1kmE4011N3106",20
"13722","1kmE4011N3107",47
"13723","1kmE4011N3108",96
"13724","1kmE4011N3109",99
"13725","1kmE4011N3110",131
"13726","1kmE4011N3111",35
"13727","1kmE4011N3112",26
"13728","1kmE4011N3113",75
"13729","1kmE4011N3114",52
"13730","1kmE4011N3115",124
"13731","1kmE4011N3116",82
"13732","1kmE4011N3117",39
"13733","1kmE4011N3118",25
"13734","1kmE4011N3119",36
"13735","1kmE4011N3120",103
"13736","1kmE4011N3121",27
"13737","1kmE4011N3122",98
"13738","1kmE4011N3123",35
"13739","1kmE4011N3124",72
"13740","1kmE4011N3125",126
"13741","1kmE4011N3126",36
"13742","1kmE4011N3127",20
"13743","1kmE4011N3128",37
"13744","1kmE4011N3129",81
"13745","1kmE4011N3130",45
"13746","1kmE4011N3131",57
"13747","1kmE4011N3132",33
"13748","1kmE4011N3133",8
"13749","1kmE4011N3136",18
"13750","1kmE4011N3137",29
"13751","1kmE4012N3083",16
"13752","1kmE4012N3084",104
"13753","1kmE4012N3085",104
"13754","1kmE4012N3086",23
"13755","1kmE4012N3087",23
"13756","1kmE4012N3088",27
"13757","1kmE4012N3089",65
"13758","1kmE4012N3090",128
"13759","1kmE4012N3091",138
"13760","1kmE4012N3092",123
"13761","1kmE4012N3093",220
"13762","1kmE4012N3094",264
"13763","1kmE4012N3095",175
"13764","1kmE4012N3096",171
"13765","1kmE4012N3097",134
"13766","1kmE4012N3098",175
"13767","1kmE4012N3099",192
"13768","1kmE4012N3100",98
"13769","1kmE4012N3101",101
"13770","1kmE4012N3102",83
"13771","1kmE4012N3103",122
"13772","1kmE4012N3104",87
"13773","1kmE4012N3105",90
"13774","1kmE4012N3106",63
"13775","1kmE4012N3107",42
"13776","1kmE4012N3108",95
"13777","1kmE4012N3109",123
"13778","1kmE4012N3110",158
"13779","1kmE4012N3111",237
"13780","1kmE4012N3112",220
"13781","1kmE4012N3113",59
"13782","1kmE4012N3114",34
"13783","1kmE4012N3115",59
"13784","1kmE4012N3116",76
"13785","1kmE4012N3117",62
"13786","1kmE4012N3118",77
"13787","1kmE4012N3119",93
"13788","1kmE4012N3120",93
"13789","1kmE4012N3121",21
"13790","1kmE4012N3122",59
"13791","1kmE4012N3123",77
"13792","1kmE4012N3124",57
"13793","1kmE4012N3125",78
"13794","1kmE4012N3126",66
"13795","1kmE4012N3127",97
"13796","1kmE4012N3128",74
"13797","1kmE4012N3129",19
"13798","1kmE4012N3130",45
"13799","1kmE4012N3131",56
"13800","1kmE4012N3132",43
"13801","1kmE4013N3083",85
"13802","1kmE4013N3084",131
"13803","1kmE4013N3085",228
"13804","1kmE4013N3086",126
"13805","1kmE4013N3087",24
"13806","1kmE4013N3088",114
"13807","1kmE4013N3089",174
"13808","1kmE4013N3090",203
"13809","1kmE4013N3091",184
"13810","1kmE4013N3092",184
"13811","1kmE4013N3093",221
"13812","1kmE4013N3094",246
"13813","1kmE4013N3095",212
"13814","1kmE4013N3096",180
"13815","1kmE4013N3097",158
"13816","1kmE4013N3098",227
"13817","1kmE4013N3099",235
"13818","1kmE4013N3100",190
"13819","1kmE4013N3101",107
"13820","1kmE4013N3102",119
"13821","1kmE4013N3103",151
"13822","1kmE4013N3104",111
"13823","1kmE4013N3105",117
"13824","1kmE4013N3106",136
"13825","1kmE4013N3107",89
"13826","1kmE4013N3108",23
"13827","1kmE4013N3109",50
"13828","1kmE4013N3110",82
"13829","1kmE4013N3111",158
"13830","1kmE4013N3112",185
"13831","1kmE4013N3113",105
"13832","1kmE4013N3114",36
"13833","1kmE4013N3115",48
"13834","1kmE4013N3116",73
"13835","1kmE4013N3117",61
"13836","1kmE4013N3118",101
"13837","1kmE4013N3119",173
"13838","1kmE4013N3120",116
"13839","1kmE4013N3121",74
"13840","1kmE4013N3122",99
"13841","1kmE4013N3123",65
"13842","1kmE4013N3124",36
"13843","1kmE4013N3125",57
"13844","1kmE4013N3126",116
"13845","1kmE4013N3127",123
"13846","1kmE4013N3128",84
"13847","1kmE4013N3129",66
"13848","1kmE4013N3130",93
"13849","1kmE4013N3131",114
"13850","1kmE4014N3084",210
"13851","1kmE4014N3085",293
"13852","1kmE4014N3086",249
"13853","1kmE4014N3087",123
"13854","1kmE4014N3088",141
"13855","1kmE4014N3089",162
"13856","1kmE4014N3090",209
"13857","1kmE4014N3091",245
"13858","1kmE4014N3092",209
"13859","1kmE4014N3093",230
"13860","1kmE4014N3094",248
"13861","1kmE4014N3095",210
"13862","1kmE4014N3096",200
"13863","1kmE4014N3097",189
"13864","1kmE4014N3098",152
"13865","1kmE4014N3099",200
"13866","1kmE4014N3100",196
"13867","1kmE4014N3101",151
"13868","1kmE4014N3102",138
"13869","1kmE4014N3103",135
"13870","1kmE4014N3104",88
"13871","1kmE4014N3105",96
"13872","1kmE4014N3106",95
"13873","1kmE4014N3107",46
"13874","1kmE4014N3108",43
"13875","1kmE4014N3109",82
"13876","1kmE4014N3110",85
"13877","1kmE4014N3111",70
"13878","1kmE4014N3112",137
"13879","1kmE4014N3113",155
"13880","1kmE4014N3114",133
"13881","1kmE4014N3115",59
"13882","1kmE4014N3116",98
"13883","1kmE4014N3117",93
"13884","1kmE4014N3118",72
"13885","1kmE4014N3119",140
"13886","1kmE4014N3120",158
"13887","1kmE4014N3121",98
"13888","1kmE4014N3122",40
"13889","1kmE4014N3123",64
"13890","1kmE4014N3124",75
"13891","1kmE4014N3125",55
"13892","1kmE4014N3126",122
"13893","1kmE4014N3127",135
"13894","1kmE4014N3128",79
"13895","1kmE4014N3129",88
"13896","1kmE4014N3130",110
"13897","1kmE4014N3131",73
"13898","1kmE4015N3086",301
"13899","1kmE4015N3087",280
"13900","1kmE4015N3088",139
"13901","1kmE4015N3093",131
"13902","1kmE4015N3094",220
"13903","1kmE4015N3095",210
"13904","1kmE4015N3096",224
"13905","1kmE4015N3097",205
"13906","1kmE4015N3098",166
"13907","1kmE4015N3099",237
"13908","1kmE4015N3100",245
"13909","1kmE4015N3101",198
"13910","1kmE4015N3102",146
"13911","1kmE4015N3103",138
"13912","1kmE4015N3104",97
"13913","1kmE4015N3105",79
"13914","1kmE4015N3106",60
"13915","1kmE4015N3107",74
"13916","1kmE4015N3108",101
"13917","1kmE4015N3109",166
"13918","1kmE4015N3110",122
"13919","1kmE4015N3111",54
"13920","1kmE4015N3112",84
"13921","1kmE4015N3113",136
"13922","1kmE4015N3114",150
"13923","1kmE4015N3115",109
"13924","1kmE4015N3116",71
"13925","1kmE4015N3117",102
"13926","1kmE4015N3118",36
"13927","1kmE4015N3119",95
"13928","1kmE4015N3120",179
"13929","1kmE4015N3121",160
"13930","1kmE4015N3122",63
"13931","1kmE4015N3123",33
"13932","1kmE4015N3124",116
"13933","1kmE4015N3125",104
"13934","1kmE4015N3126",76
"13935","1kmE4015N3127",136
"13936","1kmE4015N3128",103
"13937","1kmE4015N3129",139
"13938","1kmE4015N3130",159
"13939","1kmE4015N3131",70
"13940","1kmE4016N3080",190
"13941","1kmE4016N3085",231
"13942","1kmE4016N3086",328
"13943","1kmE4016N3087",301
"13944","1kmE4016N3094",218
"13945","1kmE4016N3095",228
"13946","1kmE4016N3096",211
"13947","1kmE4016N3097",133
"13948","1kmE4016N3098",136
"13949","1kmE4016N3099",237
"13950","1kmE4016N3100",241
"13951","1kmE4016N3101",145
"13952","1kmE4016N3102",110
"13953","1kmE4016N3103",97
"13954","1kmE4016N3104",90
"13955","1kmE4016N3105",80
"13956","1kmE4016N3106",66
"13957","1kmE4016N3107",90
"13958","1kmE4016N3108",79
"13959","1kmE4016N3109",74
"13960","1kmE4016N3110",80
"13961","1kmE4016N3111",42
"13962","1kmE4016N3112",19
"13963","1kmE4016N3113",79
"13964","1kmE4016N3114",166
"13965","1kmE4016N3115",181
"13966","1kmE4016N3116",128
"13967","1kmE4016N3117",51
"13968","1kmE4016N3118",53
"13969","1kmE4016N3119",35
"13970","1kmE4016N3120",85
"13971","1kmE4016N3121",102
"13972","1kmE4016N3122",18
"13973","1kmE4016N3123",39
"13974","1kmE4016N3124",95
"13975","1kmE4016N3125",79
"13976","1kmE4016N3126",87
"13977","1kmE4016N3127",114
"13978","1kmE4016N3128",124
"13979","1kmE4016N3129",209
"13980","1kmE4016N3130",196
"13981","1kmE4017N3079",244
"13982","1kmE4017N3080",236
"13983","1kmE4017N3085",319
"13984","1kmE4017N3086",292
"13985","1kmE4017N3094",236
"13986","1kmE4017N3095",305
"13987","1kmE4017N3096",318
"13988","1kmE4017N3097",224
"13989","1kmE4017N3098",214
"13990","1kmE4017N3099",214
"13991","1kmE4017N3100",136
"13992","1kmE4017N3101",125
"13993","1kmE4017N3102",80
"13994","1kmE4017N3103",48
"13995","1kmE4017N3104",86
"13996","1kmE4017N3105",89
"13997","1kmE4017N3106",105
"13998","1kmE4017N3107",145
"13999","1kmE4017N3108",98
"14000","1kmE4017N3109",55
"14001","1kmE4017N3110",80
"14002","1kmE4017N3111",94
"14003","1kmE4017N3112",34
"14004","1kmE4017N3113",64
"14005","1kmE4017N3114",84
"14006","1kmE4017N3115",166
"14007","1kmE4017N3116",158
"14008","1kmE4017N3117",67
"14009","1kmE4017N3118",29
"14010","1kmE4017N3119",11
"14011","1kmE4017N3120",87
"14012","1kmE4017N3121",92
"14013","1kmE4017N3122",7
"14014","1kmE4017N3123",20
"14015","1kmE4017N3124",71
"14016","1kmE4017N3125",101
"14017","1kmE4017N3126",159
"14018","1kmE4017N3127",179
"14019","1kmE4017N3128",156
"14020","1kmE4017N3129",155
"14021","1kmE4018N3079",195
"14022","1kmE4018N3080",212
"14023","1kmE4018N3081",80
"14024","1kmE4018N3095",284
"14025","1kmE4018N3096",325
"14026","1kmE4018N3097",346
"14027","1kmE4018N3098",268
"14028","1kmE4018N3099",214
"14029","1kmE4018N3100",118
"14030","1kmE4018N3101",153
"14031","1kmE4018N3102",129
"14032","1kmE4018N3103",20
"14033","1kmE4018N3104",103
"14034","1kmE4018N3105",90
"14035","1kmE4018N3106",75
"14036","1kmE4018N3107",149
"14037","1kmE4018N3108",132
"14038","1kmE4018N3109",73
"14039","1kmE4018N3110",74
"14040","1kmE4018N3111",79
"14041","1kmE4018N3112",38
"14042","1kmE4018N3113",60
"14043","1kmE4018N3114",127
"14044","1kmE4018N3115",126
"14045","1kmE4018N3116",160
"14046","1kmE4018N3117",98
"14047","1kmE4018N3118",73
"14048","1kmE4018N3119",29
"14049","1kmE4018N3120",46
"14050","1kmE4018N3121",63
"14051","1kmE4018N3122",28
"14052","1kmE4018N3123",1
"14053","1kmE4018N3124",117
"14054","1kmE4018N3125",168
"14055","1kmE4018N3126",156
"14056","1kmE4018N3127",190
"14057","1kmE4018N3128",143
"14058","1kmE4019N3079",144
"14059","1kmE4019N3080",192
"14060","1kmE4019N3081",100
"14061","1kmE4019N3097",328
"14062","1kmE4019N3098",278
"14063","1kmE4019N3099",272
"14064","1kmE4019N3100",238
"14065","1kmE4019N3101",142
"14066","1kmE4019N3102",174
"14067","1kmE4019N3103",250
"14068","1kmE4019N3104",262
"14069","1kmE4019N3105",130
"14070","1kmE4019N3106",129
"14071","1kmE4019N3107",200
"14072","1kmE4019N3108",86
"14073","1kmE4019N3109",31
"14074","1kmE4019N3110",98
"14075","1kmE4019N3111",49
"14076","1kmE4019N3112",60
"14077","1kmE4019N3113",72
"14078","1kmE4019N3114",164
"14079","1kmE4019N3115",169
"14080","1kmE4019N3116",175
"14081","1kmE4019N3117",65
"14082","1kmE4019N3118",127
"14083","1kmE4019N3119",53
"14084","1kmE4019N3120",113
"14085","1kmE4019N3121",139
"14086","1kmE4019N3122",88
"14087","1kmE4019N3123",8
"14088","1kmE4019N3124",107
"14089","1kmE4019N3125",157
"14090","1kmE4019N3126",161
"14091","1kmE4019N3127",193
"14092","1kmE4019N3128",142
"14093","1kmE4020N3079",97
"14094","1kmE4020N3080",99
"14095","1kmE4020N3081",113
"14096","1kmE4020N3097",279
"14097","1kmE4020N3098",261
"14098","1kmE4020N3099",255
"14099","1kmE4020N3100",211
"14100","1kmE4020N3101",137
"14101","1kmE4020N3102",220
"14102","1kmE4020N3103",284
"14103","1kmE4020N3104",296
"14104","1kmE4020N3105",216
"14105","1kmE4020N3106",127
"14106","1kmE4020N3107",201
"14107","1kmE4020N3108",96
"14108","1kmE4020N3109",198
"14109","1kmE4020N3110",81
"14110","1kmE4020N3111",35
"14111","1kmE4020N3112",91
"14112","1kmE4020N3113",60
"14113","1kmE4020N3114",111
"14114","1kmE4020N3115",117
"14115","1kmE4020N3116",134
"14116","1kmE4020N3117",75
"14117","1kmE4020N3118",120
"14118","1kmE4020N3119",50
"14119","1kmE4020N3120",134
"14120","1kmE4020N3121",204
"14121","1kmE4020N3122",119
"14122","1kmE4020N3123",36
"14123","1kmE4020N3124",69
"14124","1kmE4020N3125",129
"14125","1kmE4020N3126",134
"14126","1kmE4020N3127",179
"14127","1kmE4020N3128",120
"14128","1kmE4021N3079",130
"14129","1kmE4021N3080",166
"14130","1kmE4021N3081",177
"14131","1kmE4021N3082",126
"14132","1kmE4021N3099",179
"14133","1kmE4021N3100",241
"14134","1kmE4021N3101",228
"14135","1kmE4021N3102",253
"14136","1kmE4021N3103",191
"14137","1kmE4021N3104",251
"14138","1kmE4021N3105",258
"14139","1kmE4021N3106",125
"14140","1kmE4021N3107",75
"14141","1kmE4021N3108",85
"14142","1kmE4021N3109",101
"14143","1kmE4021N3110",56
"14144","1kmE4021N3111",98
"14145","1kmE4021N3112",71
"14146","1kmE4021N3113",27
"14147","1kmE4021N3114",91
"14148","1kmE4021N3115",167
"14149","1kmE4021N3116",160
"14150","1kmE4021N3117",127
"14151","1kmE4021N3118",141
"14152","1kmE4021N3119",74
"14153","1kmE4021N3120",99
"14154","1kmE4021N3121",156
"14155","1kmE4021N3122",179
"14156","1kmE4021N3123",59
"14157","1kmE4021N3124",62
"14158","1kmE4021N3125",83
"14159","1kmE4021N3126",57
"14160","1kmE4021N3127",33
"14161","1kmE4021N3128",19
"14162","1kmE4022N3079",135
"14163","1kmE4022N3080",173
"14164","1kmE4022N3081",183
"14165","1kmE4022N3082",189
"14166","1kmE4022N3083",142
"14167","1kmE4022N3100",260
"14168","1kmE4022N3101",286
"14169","1kmE4022N3102",261
"14170","1kmE4022N3103",181
"14171","1kmE4022N3105",257
"14172","1kmE4022N3106",234
"14173","1kmE4022N3107",172
"14174","1kmE4022N3108",211
"14175","1kmE4022N3109",139
"14176","1kmE4022N3110",177
"14177","1kmE4022N3111",228
"14178","1kmE4022N3112",99
"14179","1kmE4022N3113",34
"14180","1kmE4022N3114",92
"14181","1kmE4022N3115",174
"14182","1kmE4022N3116",185
"14183","1kmE4022N3117",173
"14184","1kmE4022N3118",79
"14185","1kmE4022N3119",86
"14186","1kmE4022N3120",131
"14187","1kmE4022N3121",97
"14188","1kmE4022N3122",51
"14189","1kmE4022N3123",30
"14190","1kmE4022N3124",104
"14191","1kmE4022N3125",148
"14192","1kmE4022N3126",40
"14193","1kmE4022N3127",58
"14194","1kmE4022N3128",40
"14195","1kmE4023N3078",81
"14196","1kmE4023N3079",200
"14197","1kmE4023N3080",237
"14198","1kmE4023N3081",232
"14199","1kmE4023N3082",173
"14200","1kmE4023N3083",92
"14201","1kmE4023N3101",231
"14202","1kmE4023N3102",221
"14203","1kmE4023N3106",255
"14204","1kmE4023N3107",226
"14205","1kmE4023N3108",230
"14206","1kmE4023N3109",282
"14207","1kmE4023N3110",253
"14208","1kmE4023N3111",234
"14209","1kmE4023N3112",206
"14210","1kmE4023N3113",111
"14211","1kmE4023N3114",208
"14212","1kmE4023N3115",154
"14213","1kmE4023N3116",155
"14214","1kmE4023N3117",162
"14215","1kmE4023N3118",78
"14216","1kmE4023N3119",64
"14217","1kmE4023N3120",121
"14218","1kmE4023N3121",132
"14219","1kmE4023N3122",46
"14220","1kmE4023N3123",34
"14221","1kmE4023N3124",120
"14222","1kmE4023N3125",146
"14223","1kmE4023N3126",38
"14224","1kmE4023N3127",53
"14225","1kmE4023N3128",55
"14226","1kmE4024N3076",119
"14227","1kmE4024N3077",147
"14228","1kmE4024N3078",145
"14229","1kmE4024N3079",248
"14230","1kmE4024N3080",280
"14231","1kmE4024N3081",186
"14232","1kmE4024N3107",136
"14233","1kmE4024N3108",306
"14234","1kmE4024N3109",338
"14235","1kmE4024N3110",234
"14236","1kmE4024N3111",128
"14237","1kmE4024N3112",201
"14238","1kmE4024N3113",234
"14239","1kmE4024N3114",251
"14240","1kmE4024N3115",186
"14241","1kmE4024N3116",121
"14242","1kmE4024N3117",113
"14243","1kmE4024N3118",127
"14244","1kmE4024N3119",6
"14245","1kmE4024N3120",27
"14246","1kmE4024N3121",25
"14247","1kmE4024N3122",29
"14248","1kmE4024N3123",12
"14249","1kmE4024N3124",66
"14250","1kmE4024N3125",44
"14251","1kmE4024N3126",28
"14252","1kmE4024N3127",45
"14253","1kmE4024N3128",48
"14254","1kmE4025N3075",71
"14255","1kmE4025N3076",166
"14256","1kmE4025N3077",187
"14257","1kmE4025N3078",187
"14258","1kmE4025N3079",246
"14259","1kmE4025N3080",240
"14260","1kmE4025N3113",224
"14261","1kmE4025N3114",282
"14262","1kmE4025N3115",197
"14263","1kmE4025N3116",176
"14264","1kmE4025N3117",126
"14265","1kmE4025N3118",20
"14266","1kmE4025N3119",36
"14267","1kmE4025N3120",25
"14268","1kmE4025N3121",40
"14269","1kmE4025N3122",79
"14270","1kmE4025N3123",33
"14271","1kmE4025N3124",81
"14272","1kmE4025N3125",49
"14273","1kmE4025N3126",108
"14274","1kmE4025N3127",42
"14275","1kmE4026N3075",138
"14276","1kmE4026N3076",141
"14277","1kmE4026N3077",164
"14278","1kmE4026N3078",244
"14279","1kmE4026N3079",237
"14280","1kmE4026N3080",105
"14281","1kmE4026N3113",202
"14282","1kmE4026N3114",264
"14283","1kmE4026N3115",250
"14284","1kmE4026N3116",234
"14285","1kmE4026N3117",212
"14286","1kmE4026N3118",164
"14287","1kmE4026N3119",93
"14288","1kmE4026N3120",86
"14289","1kmE4026N3121",78
"14290","1kmE4026N3122",72
"14291","1kmE4026N3123",50
"14292","1kmE4026N3124",70
"14293","1kmE4026N3126",72
"14294","1kmE4027N3075",117
"14295","1kmE4027N3076",153
"14296","1kmE4027N3077",222
"14297","1kmE4027N3078",280
"14298","1kmE4027N3079",280
"14299","1kmE4027N3080",141
"14300","1kmE4027N3115",205
"14301","1kmE4027N3116",168
"14302","1kmE4027N3117",180
"14303","1kmE4027N3118",214
"14304","1kmE4027N3119",213
"14305","1kmE4027N3120",245
"14306","1kmE4027N3121",80
"14307","1kmE4027N3122",33
"14308","1kmE4027N3123",85
"14309","1kmE4027N3124",111
"14310","1kmE4027N3125",73
"14311","1kmE4028N3075",117
"14312","1kmE4028N3076",171
"14313","1kmE4028N3077",225
"14314","1kmE4028N3078",250
"14315","1kmE4028N3079",237
"14316","1kmE4028N3080",188
"14317","1kmE4028N3117",99
"14318","1kmE4028N3118",175
"14319","1kmE4028N3119",183
"14320","1kmE4028N3120",140
"14321","1kmE4028N3121",203
"14322","1kmE4028N3122",197
"14323","1kmE4028N3123",152
"14324","1kmE4028N3124",216
"14325","1kmE4028N3125",206
"14326","1kmE4029N3074",29
"14327","1kmE4029N3075",111
"14328","1kmE4029N3076",161
"14329","1kmE4029N3077",152
"14330","1kmE4029N3078",144
"14331","1kmE4029N3079",182
"14332","1kmE4029N3080",190
"14333","1kmE4029N3117",118
"14334","1kmE4029N3118",140
"14335","1kmE4029N3119",110
"14336","1kmE4029N3121",116
"14337","1kmE4029N3122",188
"14338","1kmE4029N3123",203
"14339","1kmE4029N3124",239
"14340","1kmE4029N3125",183
"14341","1kmE4030N3074",19
"14342","1kmE4030N3075",105
"14343","1kmE4030N3076",137
"14344","1kmE4030N3077",144
"14345","1kmE4030N3078",223
"14346","1kmE4030N3079",211
"14347","1kmE4030N3080",199
"14348","1kmE4030N3081",169
"14349","1kmE4030N3121",158
"14350","1kmE4030N3122",277
"14351","1kmE4030N3123",266
"14352","1kmE4030N3124",180
"14353","1kmE4031N3075",70
"14354","1kmE4031N3076",151
"14355","1kmE4031N3077",201
"14356","1kmE4031N3078",252
"14357","1kmE4031N3079",257
"14358","1kmE4031N3080",173
"14359","1kmE4031N3081",111
"14360","1kmE4031N3122",186
"14361","1kmE4031N3123",186
"14362","1kmE4032N3076",139
"14363","1kmE4032N3077",160
"14364","1kmE4032N3078",221
