"","eeacellcode","pd"
"1","1kmE1541N3617",205.0163905
"2","1kmE2688N3310",205.01639
"3","1kmE3105N3862",205.0163905
"4","1kmE3490N3250",205.016391
"5","1kmE3550N4181",205.016389
"6","1kmE3741N3778",205.016391
"7","1kmE3743N3164",205.01639
"8","1kmE3770N3370",205.0163915
"9","1kmE3783N3132",205.01639
"10","1kmE3789N3144",205.0163895
"11","1kmE3790N3116",205.0163905
"12","1kmE3791N3139",205.01639
"13","1kmE3791N3142",205.0163895
"14","1kmE3793N3139",205.0163905
"15","1kmE3794N3142",205.01639
"16","1kmE3796N3113",205.01639
"17","1kmE3796N3127",205.0163895
"18","1kmE3798N3130",2530.603666
"19","1kmE3798N3131",6287.289446
"20","1kmE3798N3132",7807.79957
"21","1kmE3798N3133",3742.090121
"22","1kmE3799N3091",205.0163895
"23","1kmE3799N3104",205.01639
"24","1kmE3799N3106",205.01639
"25","1kmE3799N3107",1595.8736875
"26","1kmE3799N3108",1666.545405
"27","1kmE3799N3109",1966.858364
"28","1kmE3799N3110",1873.375888
"29","1kmE3799N3111",850.445899
"30","1kmE3799N3129",2036.0463305
"31","1kmE3799N3130",10325.5718215
"32","1kmE3799N3131",9435.4820925
"33","1kmE3799N3132",10930.601398
"34","1kmE3799N3133",10449.6756955
"35","1kmE3799N3134",4919.758962
"36","1kmE3800N3104",205.01639
"37","1kmE3800N3105",971.4055065
"38","1kmE3800N3106",2117.026516
"39","1kmE3800N3107",2866.619192
"40","1kmE3800N3108",3416.4168475
"41","1kmE3800N3109",2216.9113245
"42","1kmE3800N3110",2780.3431325
"43","1kmE3800N3111",2110.4709285
"44","1kmE3800N3112",1188.3218475
"45","1kmE3800N3115",205.0163905
"46","1kmE3800N3116",205.016391
"47","1kmE3800N3117",1098.325553
"48","1kmE3800N3118",1449.6366925
"49","1kmE3800N3119",1820.5156795
"50","1kmE3800N3120",1461.179219
"51","1kmE3800N3121",466.755399
"52","1kmE3800N3126",205.0163895
"53","1kmE3800N3127",205.016389
"54","1kmE3800N3128",205.01639
"55","1kmE3800N3129",7354.8478315
"56","1kmE3800N3130",9919.313965
"57","1kmE3800N3131",10445.629515
"58","1kmE3800N3132",17335.5054175
"59","1kmE3800N3133",21505.8334935
"60","1kmE3800N3134",20170.8188165
"61","1kmE3800N3135",16531.07456
"62","1kmE3800N3136",8062.935899
"63","1kmE3800N3137",205.0163905
"64","1kmE3800N3139",205.0163905
"65","1kmE3801N3104",403.8964465
"66","1kmE3801N3105",2920.850943
"67","1kmE3801N3106",3754.1032935
"68","1kmE3801N3107",3275.6750575
"69","1kmE3801N3108",4449.762933
"70","1kmE3801N3109",4388.1017555
"71","1kmE3801N3110",2727.222206
"72","1kmE3801N3111",2277.0004545
"73","1kmE3801N3112",3104.6143235
"74","1kmE3801N3113",2145.6740235
"75","1kmE3801N3114",1504.0357225
"76","1kmE3801N3115",3710.5311885
"77","1kmE3801N3116",3982.681975
"78","1kmE3801N3117",1661.004645
"79","1kmE3801N3118",2450.6043375
"80","1kmE3801N3119",2187.468081
"81","1kmE3801N3120",2138.2220665
"82","1kmE3801N3121",2332.009857
"83","1kmE3801N3122",1395.128161
"84","1kmE3801N3123",1237.205135
"85","1kmE3801N3124",1250.4072865
"86","1kmE3801N3125",2780.1424685
"87","1kmE3801N3126",403.896448
"88","1kmE3801N3127",1873.3871365
"89","1kmE3801N3128",726.056527
"90","1kmE3801N3129",8204.37171
"91","1kmE3801N3130",10217.6961985
"92","1kmE3801N3131",11978.119431
"93","1kmE3801N3132",16925.743392
"94","1kmE3801N3133",19691.1623275
"95","1kmE3801N3134",21514.866105
"96","1kmE3801N3135",20305.719973
"97","1kmE3801N3136",10503.4058125
"98","1kmE3801N3137",382.506487
"99","1kmE3801N3154",205.0163905
"100","1kmE3802N3104",1553.527098
"101","1kmE3802N3105",5038.4628335
"102","1kmE3802N3106",3891.2971225
"103","1kmE3802N3107",6541.0471135
"104","1kmE3802N3108",5512.4209275
"105","1kmE3802N3109",5528.00785
"106","1kmE3802N3110",3740.1520825
"107","1kmE3802N3111",2641.551553
"108","1kmE3802N3112",2856.7808935
"109","1kmE3802N3113",3355.9061075
"110","1kmE3802N3114",4732.318121
"111","1kmE3802N3115",8152.716031
"112","1kmE3802N3116",4882.2834905
"113","1kmE3802N3117",3729.64515
"114","1kmE3802N3118",3289.6245445
"115","1kmE3802N3119",2910.119313
"116","1kmE3802N3120",2120.0111575
"117","1kmE3802N3121",3322.634493
"118","1kmE3802N3122",5193.7936705
"119","1kmE3802N3123",4176.671597
"120","1kmE3802N3124",3261.024242
"121","1kmE3802N3125",3588.921166
"122","1kmE3802N3126",6207.212995
"123","1kmE3802N3127",6562.3723215
"124","1kmE3802N3128",4548.4389285
"125","1kmE3802N3129",8017.3554685
"126","1kmE3802N3130",10665.059907
"127","1kmE3802N3131",14163.2367305
"128","1kmE3802N3132",16466.888416
"129","1kmE3802N3133",17463.702357
"130","1kmE3802N3134",19624.618557
"131","1kmE3802N3135",17327.089755
"132","1kmE3802N3136",11432.3392645
"133","1kmE3802N3137",1418.8429485
"134","1kmE3802N3139",205.01639
"135","1kmE3803N3103",205.016391
"136","1kmE3803N3104",1784.143302
"137","1kmE3803N3105",5528.1949815
"138","1kmE3803N3106",4580.188714
"139","1kmE3803N3107",5498.308171
"140","1kmE3803N3108",4320.493658
"141","1kmE3803N3109",3586.7685395
"142","1kmE3803N3110",2958.7481675
"143","1kmE3803N3111",2385.576378
"144","1kmE3803N3112",3388.6696555
"145","1kmE3803N3113",4598.9334195
"146","1kmE3803N3114",3396.6696065
"147","1kmE3803N3115",5789.4000255
"148","1kmE3803N3116",8755.4462925
"149","1kmE3803N3117",4605.292843
"150","1kmE3803N3118",6672.1034865
"151","1kmE3803N3119",2512.6031245
"152","1kmE3803N3120",2433.2450395
"153","1kmE3803N3121",3753.682303
"154","1kmE3803N3122",5513.2005495
"155","1kmE3803N3123",7410.0105525
"156","1kmE3803N3124",3990.648961
"157","1kmE3803N3125",7316.7516455
"158","1kmE3803N3126",10271.526734
"159","1kmE3803N3127",5803.6687325
"160","1kmE3803N3128",5023.4736825
"161","1kmE3803N3129",7241.499305
"162","1kmE3803N3130",10220.0289875
"163","1kmE3803N3131",13493.9646205
"164","1kmE3803N3132",16531.063657
"165","1kmE3803N3133",16467.667538
"166","1kmE3803N3134",19824.6213475
"167","1kmE3803N3135",19920.8998475
"168","1kmE3803N3136",17991.9105745
"169","1kmE3803N3137",13012.603511
"170","1kmE3803N3138",913.198555999999
"171","1kmE3804N3096",205.016391
"172","1kmE3804N3104",1733.1298915
"173","1kmE3804N3105",6319.616758
"174","1kmE3804N3106",9153.1459385
"175","1kmE3804N3107",6797.410107
"176","1kmE3804N3108",7696.2643245
"177","1kmE3804N3109",4705.2607765
"178","1kmE3804N3110",6544.8062455
"179","1kmE3804N3111",3672.7591575
"180","1kmE3804N3112",3353.441143
"181","1kmE3804N3113",4084.9629555
"182","1kmE3804N3114",2558.4353795
"183","1kmE3804N3115",3687.8740345
"184","1kmE3804N3116",6935.9798905
"185","1kmE3804N3117",10777.561015
"186","1kmE3804N3118",4384.9217895
"187","1kmE3804N3119",3118.9765845
"188","1kmE3804N3120",3662.3477245
"189","1kmE3804N3121",4285.804738
"190","1kmE3804N3122",6592.3347455
"191","1kmE3804N3123",9462.078102
"192","1kmE3804N3124",3263.228157
"193","1kmE3804N3125",6800.218492
"194","1kmE3804N3126",5620.9427485
"195","1kmE3804N3127",5743.5619945
"196","1kmE3804N3128",4934.2804045
"197","1kmE3804N3129",8914.439164
"198","1kmE3804N3130",7378.156665
"199","1kmE3804N3131",6694.5083355
"200","1kmE3804N3132",8657.6887365
"201","1kmE3804N3133",16403.6114305
"202","1kmE3804N3134",18411.1592055
"203","1kmE3804N3135",21456.4385335
"204","1kmE3804N3136",17804.8791985
"205","1kmE3804N3137",15950.595178
"206","1kmE3804N3138",8734.716025
"207","1kmE3805N3104",3810.950997
"208","1kmE3805N3105",7450.5229315
"209","1kmE3805N3106",10250.039079
"210","1kmE3805N3107",10199.554233
"211","1kmE3805N3108",8667.992492
"212","1kmE3805N3109",9789.9504445
"213","1kmE3805N3110",11231.5195245
"214","1kmE3805N3111",7419.307382
"215","1kmE3805N3112",8452.23757
"216","1kmE3805N3113",6041.2991375
"217","1kmE3805N3114",3143.2249205
"218","1kmE3805N3115",3020.3652805
"219","1kmE3805N3116",3768.630816
"220","1kmE3805N3117",8966.283216
"221","1kmE3805N3118",8951.1172685
"222","1kmE3805N3119",4163.150935
"223","1kmE3805N3120",5042.8731905
"224","1kmE3805N3121",4275.64888
"225","1kmE3805N3122",6270.892412
"226","1kmE3805N3123",6970.1913735
"227","1kmE3805N3124",2550.9823225
"228","1kmE3805N3125",6909.235569
"229","1kmE3805N3126",8914.1713545
"230","1kmE3805N3127",10255.586623
"231","1kmE3805N3128",7417.1337975
"232","1kmE3805N3129",10202.972731
"233","1kmE3805N3130",7724.156105
"234","1kmE3805N3131",8092.1161415
"235","1kmE3805N3132",7624.271273
"236","1kmE3805N3133",17362.028425
"237","1kmE3805N3134",17559.8649675
"238","1kmE3805N3135",21617.7823665
"239","1kmE3805N3136",19068.6986135
"240","1kmE3805N3137",17124.810143
"241","1kmE3805N3138",12353.7307305
"242","1kmE3806N3104",2199.965545
"243","1kmE3806N3105",5514.6327055
"244","1kmE3806N3106",7582.4582055
"245","1kmE3806N3107",7825.895082
"246","1kmE3806N3108",6005.2899025
"247","1kmE3806N3109",10894.5627295
"248","1kmE3806N3110",9724.544279
"249","1kmE3806N3111",9006.219961
"250","1kmE3806N3112",9405.7332705
"251","1kmE3806N3113",8990.561407
"252","1kmE3806N3114",4093.2582285
"253","1kmE3806N3115",2816.90992
"254","1kmE3806N3116",2753.279768
"255","1kmE3806N3117",4352.088661
"256","1kmE3806N3118",7200.007165
"257","1kmE3806N3119",5692.173562
"258","1kmE3806N3120",5477.101742
"259","1kmE3806N3121",6110.453839
"260","1kmE3806N3122",7782.459841
"261","1kmE3806N3123",8546.1764295
"262","1kmE3806N3124",5190.015852
"263","1kmE3806N3125",7711.108168
"264","1kmE3806N3126",9804.7559205
"265","1kmE3806N3127",6652.837979
"266","1kmE3806N3128",7734.371818
"267","1kmE3806N3129",9521.891267
"268","1kmE3806N3130",10431.4280645
"269","1kmE3806N3131",13400.900865
"270","1kmE3806N3132",12704.787923
"271","1kmE3806N3133",15298.21837
"272","1kmE3806N3134",18388.3104755
"273","1kmE3806N3135",21406.7299115
"274","1kmE3806N3136",21568.3843115
"275","1kmE3806N3137",20414.915766
"276","1kmE3806N3138",12804.433941
"277","1kmE3806N3139",562.3777055
"278","1kmE3807N3099",567.5752705
"279","1kmE3807N3103",205.0163915
"280","1kmE3807N3104",748.1192315
"281","1kmE3807N3105",4646.816402
"282","1kmE3807N3106",4101.3772915
"283","1kmE3807N3107",6187.44255
"284","1kmE3807N3108",7954.149626
"285","1kmE3807N3109",8761.9439475
"286","1kmE3807N3110",10223.9386035
"287","1kmE3807N3111",10729.8061215
"288","1kmE3807N3112",10621.876659
"289","1kmE3807N3113",10329.7386815
"290","1kmE3807N3114",5386.329451
"291","1kmE3807N3115",4008.779156
"292","1kmE3807N3116",3627.136733
"293","1kmE3807N3117",4506.999463
"294","1kmE3807N3118",4662.662615
"295","1kmE3807N3119",4435.29686
"296","1kmE3807N3120",4762.9706375
"297","1kmE3807N3121",6436.0770395
"298","1kmE3807N3122",5635.5905725
"299","1kmE3807N3123",5846.3608485
"300","1kmE3807N3124",6629.6394475
"301","1kmE3807N3125",6428.7338355
"302","1kmE3807N3126",6150.363626
"303","1kmE3807N3127",6844.578368
"304","1kmE3807N3128",7027.5233125
"305","1kmE3807N3129",11503.2130475
"306","1kmE3807N3130",13698.010633
"307","1kmE3807N3131",15598.8804365
"308","1kmE3807N3132",17021.391122
"309","1kmE3807N3133",16743.3516925
"310","1kmE3807N3134",17207.3201825
"311","1kmE3807N3135",17462.3738025
"312","1kmE3807N3136",20747.98221
"313","1kmE3807N3137",22202.369544
"314","1kmE3807N3138",19432.628887
"315","1kmE3807N3139",19315.25231
"316","1kmE3807N3140",17671.9553775
"317","1kmE3807N3141",9569.010053
"318","1kmE3808N3095",571.9797335
"319","1kmE3808N3096",1770.876603
"320","1kmE3808N3097",4896.711948
"321","1kmE3808N3098",7921.033509
"322","1kmE3808N3099",8153.678582
"323","1kmE3808N3100",5876.3110175
"324","1kmE3808N3101",2406.622501
"325","1kmE3808N3102",1941.7201345
"326","1kmE3808N3103",6877.0466855
"327","1kmE3808N3104",5289.136231
"328","1kmE3808N3105",1582.966233
"329","1kmE3808N3106",8572.6680225
"330","1kmE3808N3107",8706.457891
"331","1kmE3808N3108",8727.7401795
"332","1kmE3808N3109",8020.8159815
"333","1kmE3808N3110",10700.576462
"334","1kmE3808N3111",12201.7636465
"335","1kmE3808N3112",9962.150271
"336","1kmE3808N3113",8261.536981
"337","1kmE3808N3114",7516.664427
"338","1kmE3808N3115",6085.5359175
"339","1kmE3808N3116",6322.279091
"340","1kmE3808N3117",6052.2863825
"341","1kmE3808N3118",5619.9182235
"342","1kmE3808N3119",5702.6084645
"343","1kmE3808N3120",8429.6934305
"344","1kmE3808N3121",9203.4516805
"345","1kmE3808N3122",4418.0847495
"346","1kmE3808N3123",6143.9617155
"347","1kmE3808N3124",7637.0343615
"348","1kmE3808N3125",6099.196938
"349","1kmE3808N3126",4410.2044735
"350","1kmE3808N3127",3333.0688185
"351","1kmE3808N3128",8143.7801505
"352","1kmE3808N3129",12523.7504075
"353","1kmE3808N3130",12867.4347795
"354","1kmE3808N3131",12893.9870875
"355","1kmE3808N3132",15710.0798995
"356","1kmE3808N3133",15051.583951
"357","1kmE3808N3134",13420.4937385
"358","1kmE3808N3135",14635.79104
"359","1kmE3808N3136",17776.463168
"360","1kmE3808N3137",21650.2422765
"361","1kmE3808N3138",20407.2431965
"362","1kmE3808N3139",19808.1419715
"363","1kmE3808N3140",18887.170279
"364","1kmE3808N3141",18357.399398
"365","1kmE3808N3142",3114.310018
"366","1kmE3808N3143",205.0163905
"367","1kmE3809N3094",1479.282095
"368","1kmE3809N3095",2875.3219
"369","1kmE3809N3096",6299.923326
"370","1kmE3809N3097",8452.511647
"371","1kmE3809N3098",8150.4654915
"372","1kmE3809N3099",8919.8662295
"373","1kmE3809N3100",9693.8761905
"374","1kmE3809N3101",9059.220808
"375","1kmE3809N3102",3940.8476165
"376","1kmE3809N3103",4753.7085915
"377","1kmE3809N3104",4374.5966935
"378","1kmE3809N3105",3520.6955995
"379","1kmE3809N3106",6148.7679915
"380","1kmE3809N3107",9212.7634375
"381","1kmE3809N3108",5102.3192135
"382","1kmE3809N3109",5972.0255925
"383","1kmE3809N3110",6040.709391
"384","1kmE3809N3111",6766.545846
"385","1kmE3809N3112",7290.38415
"386","1kmE3809N3113",6222.3099815
"387","1kmE3809N3114",2332.1298665
"388","1kmE3809N3115",2227.860164
"389","1kmE3809N3116",2859.655668
"390","1kmE3809N3117",5989.848318
"391","1kmE3809N3118",10639.7156295
"392","1kmE3809N3119",7979.6353585
"393","1kmE3809N3120",9418.888688
"394","1kmE3809N3121",8951.3271145
"395","1kmE3809N3122",4156.503714
"396","1kmE3809N3123",3606.6216335
"397","1kmE3809N3124",4739.2512475
"398","1kmE3809N3125",7199.66946
"399","1kmE3809N3126",6226.70708
"400","1kmE3809N3127",7204.70511
"401","1kmE3809N3128",8269.2043255
"402","1kmE3809N3129",12449.5946335
"403","1kmE3809N3130",12905.4518215
"404","1kmE3809N3131",11433.266944
"405","1kmE3809N3132",13901.672038
"406","1kmE3809N3133",14093.4357915
"407","1kmE3809N3134",11574.7479555
"408","1kmE3809N3135",12408.45341
"409","1kmE3809N3136",19546.3133815
"410","1kmE3809N3137",22384.2953815
"411","1kmE3809N3138",21579.8313295
"412","1kmE3809N3139",20595.3476435
"413","1kmE3809N3140",18272.589201
"414","1kmE3809N3141",18623.3721715
"415","1kmE3809N3142",9668.243713
"416","1kmE3810N3080",205.01639
"417","1kmE3810N3093",382.5064865
"418","1kmE3810N3094",3239.883924
"419","1kmE3810N3095",3558.5545145
"420","1kmE3810N3096",6168.407955
"421","1kmE3810N3097",7949.2059365
"422","1kmE3810N3098",8132.24161
"423","1kmE3810N3099",10681.26898
"424","1kmE3810N3100",11672.520295
"425","1kmE3810N3101",9339.7482685
"426","1kmE3810N3102",5449.230187
"427","1kmE3810N3103",3117.1458735
"428","1kmE3810N3104",3749.4281935
"429","1kmE3810N3105",3697.8690315
"430","1kmE3810N3106",1990.208539
"431","1kmE3810N3107",7006.834942
"432","1kmE3810N3108",7101.729533
"433","1kmE3810N3109",4760.9198555
"434","1kmE3810N3110",5777.332235
"435","1kmE3810N3111",5782.3766165
"436","1kmE3810N3112",4845.3553155
"437","1kmE3810N3113",2320.4730105
"438","1kmE3810N3114",875.393939999999
"439","1kmE3810N3115",993.7651225
"440","1kmE3810N3116",1646.6732955
"441","1kmE3810N3117",6076.339221
"442","1kmE3810N3118",11900.3948795
"443","1kmE3810N3119",9553.81934
"444","1kmE3810N3120",6067.274476
"445","1kmE3810N3121",9009.770772
"446","1kmE3810N3122",6650.3848295
"447","1kmE3810N3123",5512.4974885
"448","1kmE3810N3124",4464.512597
"449","1kmE3810N3125",9309.2750675
"450","1kmE3810N3126",10022.8423755
"451","1kmE3810N3127",9567.178004
"452","1kmE3810N3128",9692.6952815
"453","1kmE3810N3129",13785.089835
"454","1kmE3810N3130",12339.191211
"455","1kmE3810N3131",12850.058648
"456","1kmE3810N3132",12939.829467
"457","1kmE3810N3133",14354.47234
"458","1kmE3810N3134",9970.0336105
"459","1kmE3810N3135",11681.5443695
"460","1kmE3810N3136",21300.073403
"461","1kmE3810N3137",23813.0552365
"462","1kmE3810N3138",24176.2371845
"463","1kmE3810N3139",22140.2060755
"464","1kmE3810N3140",19074.6179715
"465","1kmE3810N3141",19478.1462845
"466","1kmE3810N3142",9698.121303
"467","1kmE3811N3080",205.016389
"468","1kmE3811N3093",2149.4154705
"469","1kmE3811N3094",4726.5785645
"470","1kmE3811N3095",4232.607558
"471","1kmE3811N3096",6369.9194315
"472","1kmE3811N3097",8802.043056
"473","1kmE3811N3098",9735.522222
"474","1kmE3811N3099",10977.772718
"475","1kmE3811N3100",12582.1988455
"476","1kmE3811N3101",11175.337833
"477","1kmE3811N3102",6301.515067
"478","1kmE3811N3103",4239.053145
"479","1kmE3811N3104",3654.2728235
"480","1kmE3811N3105",5071.8484025
"481","1kmE3811N3106",5491.514946
"482","1kmE3811N3107",6482.4754005
"483","1kmE3811N3108",4025.086683
"484","1kmE3811N3109",5515.1714715
"485","1kmE3811N3110",6821.90914
"486","1kmE3811N3111",4731.093405
"487","1kmE3811N3112",3839.635482
"488","1kmE3811N3113",2096.5198285
"489","1kmE3811N3114",3080.2794775
"490","1kmE3811N3115",1610.11849
"491","1kmE3811N3116",2929.19312
"492","1kmE3811N3117",4675.1116175
"493","1kmE3811N3118",7552.368776
"494","1kmE3811N3119",10204.7216725
"495","1kmE3811N3120",7066.312707
"496","1kmE3811N3121",11660.6480375
"497","1kmE3811N3122",6812.763312
"498","1kmE3811N3123",3626.904046
"499","1kmE3811N3124",5099.7999675
"500","1kmE3811N3125",7847.501911
"501","1kmE3811N3126",9475.073882
"502","1kmE3811N3127",8748.091375
"503","1kmE3811N3128",9991.5382455
"504","1kmE3811N3129",14375.4175935
"505","1kmE3811N3130",13985.6440375
"506","1kmE3811N3131",12733.9514905
"507","1kmE3811N3132",12975.817377
"508","1kmE3811N3133",9843.577861
"509","1kmE3811N3134",10946.376375
"510","1kmE3811N3135",11202.17933
"511","1kmE3811N3136",11473.347941
"512","1kmE3811N3137",23496.3451355
"513","1kmE3811N3138",24563.650531
"514","1kmE3811N3139",25559.248358
"515","1kmE3811N3140",21118.8087565
"516","1kmE3811N3141",17332.1896185
"517","1kmE3811N3142",368.695213
"518","1kmE3812N3086",205.0163895
"519","1kmE3812N3092",542.0758775
"520","1kmE3812N3093",4613.9057215
"521","1kmE3812N3094",9267.943971
"522","1kmE3812N3095",7513.7535585
"523","1kmE3812N3096",5989.6268425
"524","1kmE3812N3097",9660.0080475
"525","1kmE3812N3098",11060.393011
"526","1kmE3812N3099",11111.5008595
"527","1kmE3812N3100",11185.310807
"528","1kmE3812N3101",9833.8228055
"529","1kmE3812N3102",8165.6174805
"530","1kmE3812N3103",5126.7381675
"531","1kmE3812N3104",4045.9857405
"532","1kmE3812N3105",3849.854087
"533","1kmE3812N3106",4271.441202
"534","1kmE3812N3107",3936.6636125
"535","1kmE3812N3108",2695.1988805
"536","1kmE3812N3109",2844.2420825
"537","1kmE3812N3110",3256.4337275
"538","1kmE3812N3111",5306.428419
"539","1kmE3812N3112",3450.0610965
"540","1kmE3812N3113",1058.646028
"541","1kmE3812N3114",572.5185015
"542","1kmE3812N3115",869.9655645
"543","1kmE3812N3116",3687.6121015
"544","1kmE3812N3117",6629.6049055
"545","1kmE3812N3118",5656.51215
"546","1kmE3812N3119",9232.5733945
"547","1kmE3812N3120",7461.575631
"548","1kmE3812N3121",9740.3246565
"549","1kmE3812N3122",4667.6868195
"550","1kmE3812N3123",3247.4266265
"551","1kmE3812N3124",5829.6843335
"552","1kmE3812N3125",8640.2290635
"553","1kmE3812N3126",7298.489414
"554","1kmE3812N3127",5565.3523525
"555","1kmE3812N3128",9464.042443
"556","1kmE3812N3129",9323.6433
"557","1kmE3812N3130",6636.1066675
"558","1kmE3812N3131",6018.4640395
"559","1kmE3812N3132",6651.4649895
"560","1kmE3812N3133",7596.913494
"561","1kmE3812N3134",7922.776014
"562","1kmE3812N3135",6753.8785565
"563","1kmE3812N3136",9073.989214
"564","1kmE3812N3137",16245.4406415
"565","1kmE3812N3138",20790.9712515
"566","1kmE3812N3139",21600.6301805
"567","1kmE3812N3140",21783.4010075
"568","1kmE3812N3141",14570.8223905
"569","1kmE3812N3142",205.0163905
"570","1kmE3812N3161",205.01639
"571","1kmE3813N3092",1286.3341855
"572","1kmE3813N3093",3207.805105
"573","1kmE3813N3094",8605.216887
"574","1kmE3813N3095",5448.043903
"575","1kmE3813N3096",6829.7633945
"576","1kmE3813N3097",9064.2104385
"577","1kmE3813N3098",11855.632307
"578","1kmE3813N3099",11307.716425
"579","1kmE3813N3100",11550.755821
"580","1kmE3813N3101",10111.7566485
"581","1kmE3813N3102",6811.083024
"582","1kmE3813N3103",4437.9562875
"583","1kmE3813N3104",8036.352926
"584","1kmE3813N3105",3710.369951
"585","1kmE3813N3106",3580.2661035
"586","1kmE3813N3107",5084.701434
"587","1kmE3813N3108",8683.7949645
"588","1kmE3813N3109",9481.614559
"589","1kmE3813N3110",5336.8233345
"590","1kmE3813N3111",5088.1930765
"591","1kmE3813N3112",4896.514518
"592","1kmE3813N3113",2013.8398255
"593","1kmE3813N3114",3878.358108
"594","1kmE3813N3115",944.779222499999
"595","1kmE3813N3116",3130.1497385
"596","1kmE3813N3117",4542.9551995
"597","1kmE3813N3118",6994.779686
"598","1kmE3813N3119",7670.9168785
"599","1kmE3813N3120",4394.6858715
"600","1kmE3813N3121",7143.075224
"601","1kmE3813N3122",4015.753009
"602","1kmE3813N3123",2935.7189595
"603","1kmE3813N3124",6681.711973
"604","1kmE3813N3125",8960.150343
"605","1kmE3813N3126",10354.699854
"606","1kmE3813N3127",8408.427659
"607","1kmE3813N3128",8254.8527165
"608","1kmE3813N3129",8470.036943
"609","1kmE3813N3130",5647.0879895
"610","1kmE3813N3131",5605.5474885
"611","1kmE3813N3132",6970.9255055
"612","1kmE3813N3133",7365.2851035
"613","1kmE3813N3134",3894.280718
"614","1kmE3813N3135",3548.1560205
"615","1kmE3813N3136",12516.405765
"616","1kmE3813N3137",16361.2403345
"617","1kmE3813N3138",15590.205521
"618","1kmE3813N3139",16840.93215
"619","1kmE3813N3140",19210.5367855
"620","1kmE3813N3141",14986.1327815
"621","1kmE3813N3159",205.01639
"622","1kmE3814N3092",2800.8956005
"623","1kmE3814N3093",3682.7320045
"624","1kmE3814N3094",5457.9014705
"625","1kmE3814N3095",5621.9083645
"626","1kmE3814N3096",7733.394261
"627","1kmE3814N3097",9036.613645
"628","1kmE3814N3098",11279.1473335
"629","1kmE3814N3099",9417.841508
"630","1kmE3814N3100",9044.426491
"631","1kmE3814N3101",11415.3248655
"632","1kmE3814N3102",4928.8624265
"633","1kmE3814N3103",1826.353461
"634","1kmE3814N3104",4654.454305
"635","1kmE3814N3105",2690.9948915
"636","1kmE3814N3106",2606.3698295
"637","1kmE3814N3107",4132.7597965
"638","1kmE3814N3108",9957.5344885
"639","1kmE3814N3109",11319.638716
"640","1kmE3814N3110",4547.3240215
"641","1kmE3814N3111",8350.204153
"642","1kmE3814N3112",3981.328933
"643","1kmE3814N3113",3755.8584445
"644","1kmE3814N3114",7232.3466355
"645","1kmE3814N3115",907.607606
"646","1kmE3814N3116",2579.728315
"647","1kmE3814N3117",5133.9245965
"648","1kmE3814N3118",7719.4102755
"649","1kmE3814N3119",11939.63053
"650","1kmE3814N3120",7519.7228505
"651","1kmE3814N3121",4452.610169
"652","1kmE3814N3122",4014.5544145
"653","1kmE3814N3123",4949.364601
"654","1kmE3814N3124",4855.3708845
"655","1kmE3814N3125",8345.475531
"656","1kmE3814N3126",9097.8901695
"657","1kmE3814N3127",10268.7295965
"658","1kmE3814N3128",8938.5021785
"659","1kmE3814N3129",7440.7485765
"660","1kmE3814N3130",6196.0975935
"661","1kmE3814N3131",6763.898334
"662","1kmE3814N3132",6726.9285315
"663","1kmE3814N3133",7136.419798
"664","1kmE3814N3134",3948.6609115
"665","1kmE3814N3135",4254.8606335
"666","1kmE3814N3136",11541.886115
"667","1kmE3814N3137",15690.107365
"668","1kmE3814N3138",14808.831124
"669","1kmE3814N3139",14549.1112435
"670","1kmE3814N3140",20263.572434
"671","1kmE3814N3141",15923.3474305
"672","1kmE3814N3142",2137.367847
"673","1kmE3814N3145",205.0163905
"674","1kmE3815N3092",3305.2052445
"675","1kmE3815N3093",5198.560373
"676","1kmE3815N3094",5812.1096585
"677","1kmE3815N3095",8269.5485515
"678","1kmE3815N3096",8503.426618
"679","1kmE3815N3097",9222.3965935
"680","1kmE3815N3098",10258.8941065
"681","1kmE3815N3099",11115.491242
"682","1kmE3815N3100",8698.340471
"683","1kmE3815N3101",7133.622584
"684","1kmE3815N3102",3548.811608
"685","1kmE3815N3103",2596.8169705
"686","1kmE3815N3104",3197.7888015
"687","1kmE3815N3105",3097.6811935
"688","1kmE3815N3106",3767.6955545
"689","1kmE3815N3107",6827.0536225
"690","1kmE3815N3108",5961.8154345
"691","1kmE3815N3109",8733.344206
"692","1kmE3815N3110",9506.242964
"693","1kmE3815N3111",10643.265642
"694","1kmE3815N3112",5610.5557015
"695","1kmE3815N3113",3954.694922
"696","1kmE3815N3114",1351.7981105
"697","1kmE3815N3115",205.0163905
"698","1kmE3815N3116",3669.2608685
"699","1kmE3815N3117",4333.5477265
"700","1kmE3815N3118",6020.3016975
"701","1kmE3815N3119",9515.864271
"702","1kmE3815N3120",5495.189932
"703","1kmE3815N3121",3654.999551
"704","1kmE3815N3122",5637.97836
"705","1kmE3815N3123",6302.475381
"706","1kmE3815N3124",4429.0899405
"707","1kmE3815N3125",8431.012208
"708","1kmE3815N3126",9266.250714
"709","1kmE3815N3127",10964.1190325
"710","1kmE3815N3128",6125.1651075
"711","1kmE3815N3129",4902.104779
"712","1kmE3815N3130",7132.354797
"713","1kmE3815N3131",6841.9535665
"714","1kmE3815N3132",5530.8682515
"715","1kmE3815N3133",4234.744655
"716","1kmE3815N3134",3893.102713
"717","1kmE3815N3135",6322.418769
"718","1kmE3815N3136",8573.081763
"719","1kmE3815N3137",15617.37077
"720","1kmE3815N3138",16646.624608
"721","1kmE3815N3139",16530.8312545
"722","1kmE3815N3140",17031.787353
"723","1kmE3815N3141",14752.2533015
"724","1kmE3815N3142",6320.7377355
"725","1kmE3815N3143",3297.6106695
"726","1kmE3815N3144",535.046981
"727","1kmE3816N3090",205.0163895
"728","1kmE3816N3092",2571.245294
"729","1kmE3816N3093",7236.079908
"730","1kmE3816N3094",5068.9008465
"731","1kmE3816N3095",7777.685304
"732","1kmE3816N3096",5868.096892
"733","1kmE3816N3097",7647.413646
"734","1kmE3816N3098",8642.041786
"735","1kmE3816N3099",9891.5440875
"736","1kmE3816N3100",8629.476293
"737","1kmE3816N3101",5597.0787305
"738","1kmE3816N3102",6189.544848
"739","1kmE3816N3103",8165.403045
"740","1kmE3816N3104",2887.3564015
"741","1kmE3816N3105",3874.637822
"742","1kmE3816N3106",6845.893376
"743","1kmE3816N3107",7072.226667
"744","1kmE3816N3108",4226.249548
"745","1kmE3816N3109",6682.392387
"746","1kmE3816N3110",10073.228116
"747","1kmE3816N3111",8625.2723685
"748","1kmE3816N3112",5907.961406
"749","1kmE3816N3113",7474.204933
"750","1kmE3816N3114",546.185308499999
"751","1kmE3816N3115",205.016391
"752","1kmE3816N3116",2329.98927
"753","1kmE3816N3117",4152.165476
"754","1kmE3816N3118",3691.5592545
"755","1kmE3816N3119",6085.745744
"756","1kmE3816N3120",9311.951006
"757","1kmE3816N3121",9310.500015
"758","1kmE3816N3122",4641.560713
"759","1kmE3816N3123",7687.5296395
"760","1kmE3816N3124",7210.532241
"761","1kmE3816N3125",10734.2914805
"762","1kmE3816N3126",5017.1470615
"763","1kmE3816N3127",5612.843278
"764","1kmE3816N3128",4346.4764335
"765","1kmE3816N3129",2677.9790645
"766","1kmE3816N3130",2592.7007475
"767","1kmE3816N3131",2899.747
"768","1kmE3816N3132",3902.820456
"769","1kmE3816N3133",2430.5215165
"770","1kmE3816N3134",2912.048874
"771","1kmE3816N3135",6143.166331
"772","1kmE3816N3136",6429.1922455
"773","1kmE3816N3137",10236.1375
"774","1kmE3816N3138",13952.257112
"775","1kmE3816N3139",14144.0411145
"776","1kmE3816N3140",14365.4608785
"777","1kmE3816N3141",10480.3247785
"778","1kmE3816N3142",6082.2691155
"779","1kmE3816N3143",3398.0486675
"780","1kmE3816N3144",3017.804095
"781","1kmE3816N3145",714.2685935
"782","1kmE3817N3089",205.01639
"783","1kmE3817N3092",1759.11409
"784","1kmE3817N3093",2872.6293995
"785","1kmE3817N3094",550.5897705
"786","1kmE3817N3095",2714.480124
"787","1kmE3817N3096",6582.3572005
"788","1kmE3817N3097",7051.311543
"789","1kmE3817N3098",8447.1596185
"790","1kmE3817N3099",6301.0067345
"791","1kmE3817N3100",6403.4825165
"792","1kmE3817N3101",3912.4990185
"793","1kmE3817N3102",6757.1160775
"794","1kmE3817N3103",9374.104707
"795","1kmE3817N3104",4674.2515355
"796","1kmE3817N3105",6347.6174125
"797","1kmE3817N3106",7839.6873355
"798","1kmE3817N3107",7711.6500925
"799","1kmE3817N3108",9212.914609
"800","1kmE3817N3109",6592.5187555
"801","1kmE3817N3110",6481.4496905
"802","1kmE3817N3111",6534.945123
"803","1kmE3817N3112",5505.3952305
"804","1kmE3817N3113",1891.2475835
"805","1kmE3817N3114",2940.913605
"806","1kmE3817N3115",1491.468307
"807","1kmE3817N3116",3147.263749
"808","1kmE3817N3117",4658.6157445
"809","1kmE3817N3118",4965.906707
"810","1kmE3817N3119",6067.3820245
"811","1kmE3817N3120",7049.692055
"812","1kmE3817N3121",9187.766593
"813","1kmE3817N3122",6476.5163205
"814","1kmE3817N3123",5205.6607655
"815","1kmE3817N3124",7271.746357
"816","1kmE3817N3125",5700.2728255
"817","1kmE3817N3126",3268.3466725
"818","1kmE3817N3127",4726.783772
"819","1kmE3817N3128",4056.338137
"820","1kmE3817N3129",3702.694108
"821","1kmE3817N3130",2057.1043265
"822","1kmE3817N3131",2619.9521215
"823","1kmE3817N3132",4559.1869065
"824","1kmE3817N3133",3087.9953905
"825","1kmE3817N3134",1348.3403705
"826","1kmE3817N3135",1953.8992455
"827","1kmE3817N3136",8510.910999
"828","1kmE3817N3137",10712.571605
"829","1kmE3817N3138",9407.681019
"830","1kmE3817N3139",10763.7321805
"831","1kmE3817N3140",10041.543535
"832","1kmE3817N3141",7020.5937875
"833","1kmE3817N3142",8049.679338
"834","1kmE3817N3143",7829.2356595
"835","1kmE3817N3144",4145.344448
"836","1kmE3817N3145",3024.267327
"837","1kmE3818N3090",704.6665655
"838","1kmE3818N3091",815.7987925
"839","1kmE3818N3092",205.016391
"840","1kmE3818N3095",1455.6842575
"841","1kmE3818N3096",3783.0591595
"842","1kmE3818N3097",5317.213323
"843","1kmE3818N3098",5816.014423
"844","1kmE3818N3099",5402.1382045
"845","1kmE3818N3100",5957.3180445
"846","1kmE3818N3101",4420.32193
"847","1kmE3818N3102",4877.351633
"848","1kmE3818N3103",5287.6863785
"849","1kmE3818N3104",8630.8842725
"850","1kmE3818N3105",9327.542634
"851","1kmE3818N3106",9015.2428495
"852","1kmE3818N3107",7172.620054
"853","1kmE3818N3108",9074.952078
"854","1kmE3818N3109",6897.289516
"855","1kmE3818N3110",3289.3087575
"856","1kmE3818N3111",5246.407353
"857","1kmE3818N3112",2707.2458935
"858","1kmE3818N3113",1286.862537
"859","1kmE3818N3114",2861.030259
"860","1kmE3818N3115",1089.7309765
"861","1kmE3818N3116",1652.616952
"862","1kmE3818N3117",4606.0580135
"863","1kmE3818N3118",7636.644993
"864","1kmE3818N3119",5464.0941115
"865","1kmE3818N3120",5243.422073
"866","1kmE3818N3121",10080.833005
"867","1kmE3818N3122",10575.300888
"868","1kmE3818N3123",10659.525338
"869","1kmE3818N3124",8371.881595
"870","1kmE3818N3125",6037.9807005
"871","1kmE3818N3126",3855.6042425
"872","1kmE3818N3127",4260.7677185
"873","1kmE3818N3128",4938.178545
"874","1kmE3818N3129",6869.794298
"875","1kmE3818N3130",4747.9055555
"876","1kmE3818N3131",6161.8855
"877","1kmE3818N3132",4027.8898635
"878","1kmE3818N3133",3862.954402
"879","1kmE3818N3134",4534.9299335
"880","1kmE3818N3135",2868.6794595
"881","1kmE3818N3136",7906.9678135
"882","1kmE3818N3137",9484.0467855
"883","1kmE3818N3138",8829.753659
"884","1kmE3818N3139",9060.107098
"885","1kmE3818N3140",10711.4077795
"886","1kmE3818N3141",7706.317498
"887","1kmE3818N3142",9726.135828
"888","1kmE3818N3143",10693.64778
"889","1kmE3818N3144",3177.7935925
"890","1kmE3818N3145",2468.7295405
"891","1kmE3819N3093",567.5752685
"892","1kmE3819N3094",1344.3776065
"893","1kmE3819N3095",2326.642691
"894","1kmE3819N3096",5647.2850795
"895","1kmE3819N3097",4476.012843
"896","1kmE3819N3098",4527.835988
"897","1kmE3819N3099",7208.221382
"898","1kmE3819N3100",8084.8679265
"899","1kmE3819N3101",6953.664713
"900","1kmE3819N3102",3929.5591405
"901","1kmE3819N3103",3963.714343
"902","1kmE3819N3104",8598.0098075
"903","1kmE3819N3105",8109.007327
"904","1kmE3819N3106",8486.59278
"905","1kmE3819N3107",5769.584625
"906","1kmE3819N3108",10385.456565
"907","1kmE3819N3109",9976.8826515
"908","1kmE3819N3110",4879.4279245
"909","1kmE3819N3111",5895.1607015
"910","1kmE3819N3112",6809.7010495
"911","1kmE3819N3113",1802.327815
"912","1kmE3819N3114",2573.448969
"913","1kmE3819N3115",1320.281917
"914","1kmE3819N3116",1897.7576335
"915","1kmE3819N3117",4327.4365205
"916","1kmE3819N3118",3845.125067
"917","1kmE3819N3119",4183.304727
"918","1kmE3819N3120",9329.9223665
"919","1kmE3819N3121",10592.5417635
"920","1kmE3819N3122",12411.1376025
"921","1kmE3819N3123",11044.963764
"922","1kmE3819N3124",11966.304127
"923","1kmE3819N3125",6829.1693585
"924","1kmE3819N3126",5020.974676
"925","1kmE3819N3127",4447.9038225
"926","1kmE3819N3128",4710.088761
"927","1kmE3819N3129",4276.232044
"928","1kmE3819N3130",4418.9643725
"929","1kmE3819N3131",8604.6831735
"930","1kmE3819N3132",7339.4415155
"931","1kmE3819N3133",3593.556443
"932","1kmE3819N3134",5741.941366
"933","1kmE3819N3135",2090.933279
"934","1kmE3819N3136",4608.0744885
"935","1kmE3819N3137",6211.983257
"936","1kmE3819N3138",6534.7663435
"937","1kmE3819N3139",6356.4617805
"938","1kmE3819N3140",6490.621293
"939","1kmE3819N3141",6288.035842
"940","1kmE3819N3142",5572.6717745
"941","1kmE3819N3143",7837.4167055
"942","1kmE3819N3144",5754.539542
"943","1kmE3819N3145",1501.04701
"944","1kmE3820N3090",205.01639
"945","1kmE3820N3093",2073.9652
"946","1kmE3820N3094",1217.9468525
"947","1kmE3820N3095",2444.8107155
"948","1kmE3820N3096",6754.5280755
"949","1kmE3820N3097",6389.4903785
"950","1kmE3820N3098",4030.5834635
"951","1kmE3820N3099",5236.437897
"952","1kmE3820N3100",8083.6171065
"953","1kmE3820N3101",9841.890833
"954","1kmE3820N3102",10271.5771055
"955","1kmE3820N3103",10547.526037
"956","1kmE3820N3104",11684.1473885
"957","1kmE3820N3105",11715.789531
"958","1kmE3820N3106",10926.4800545
"959","1kmE3820N3107",8470.53938
"960","1kmE3820N3108",11389.8864145
"961","1kmE3820N3109",9364.055834
"962","1kmE3820N3110",5148.405498
"963","1kmE3820N3111",5804.475599
"964","1kmE3820N3112",1521.248813
"965","1kmE3820N3113",4402.879376
"966","1kmE3820N3114",5658.6420845
"967","1kmE3820N3115",1165.074973
"968","1kmE3820N3116",1837.286214
"969","1kmE3820N3117",1586.9331995
"970","1kmE3820N3118",1561.0066445
"971","1kmE3820N3119",5037.319774
"972","1kmE3820N3120",9626.2749625
"973","1kmE3820N3121",12613.0630905
"974","1kmE3820N3122",12655.183775
"975","1kmE3820N3123",9515.204829
"976","1kmE3820N3124",11921.7429335
"977","1kmE3820N3125",8377.947447
"978","1kmE3820N3126",7213.447358
"979","1kmE3820N3127",6773.326118
"980","1kmE3820N3128",5047.832516
"981","1kmE3820N3129",4072.695772
"982","1kmE3820N3130",4597.699471
"983","1kmE3820N3131",5271.110093
"984","1kmE3820N3132",5006.669024
"985","1kmE3820N3133",1609.354346
"986","1kmE3820N3134",1796.063933
"987","1kmE3820N3135",1736.8980505
"988","1kmE3820N3136",4735.22561
"989","1kmE3820N3137",5996.766033
"990","1kmE3820N3138",3910.906644
"991","1kmE3820N3139",4196.889778
"992","1kmE3820N3140",5165.1058515
"993","1kmE3820N3141",6936.0616605
"994","1kmE3820N3142",6310.104782
"995","1kmE3820N3143",5787.0791195
"996","1kmE3820N3144",7657.379002
"997","1kmE3820N3145",4071.3251845
"998","1kmE3820N3147",205.01639
"999","1kmE3821N3092",581.3865415
"1000","1kmE3821N3093",1647.72434
"1001","1kmE3821N3094",1285.5365695
"1002","1kmE3821N3095",3489.5022115
"1003","1kmE3821N3096",3460.1885795
"1004","1kmE3821N3097",3159.572945
"1005","1kmE3821N3098",2661.1669115
"1006","1kmE3821N3099",4243.656494
"1007","1kmE3821N3100",10756.6640475
"1008","1kmE3821N3101",11173.4474005
"1009","1kmE3821N3102",12403.247038
"1010","1kmE3821N3103",11961.4729535
"1011","1kmE3821N3104",15272.4381195
"1012","1kmE3821N3105",15854.2835965
"1013","1kmE3821N3106",10909.4647725
"1014","1kmE3821N3107",11819.837538
"1015","1kmE3821N3108",8155.4376495
"1016","1kmE3821N3109",2768.66562
"1017","1kmE3821N3110",2047.355679
"1018","1kmE3821N3111",1830.614711
"1019","1kmE3821N3112",1259.375448
"1020","1kmE3821N3113",1476.122722
"1021","1kmE3821N3114",2750.872564
"1022","1kmE3821N3115",1832.4398335
"1023","1kmE3821N3116",2249.554083
"1024","1kmE3821N3117",1161.010604
"1025","1kmE3821N3118",767.289129
"1026","1kmE3821N3119",3413.764536
"1027","1kmE3821N3120",10817.2561165
"1028","1kmE3821N3121",12954.1300915
"1029","1kmE3821N3122",11323.7982135
"1030","1kmE3821N3123",9229.960262
"1031","1kmE3821N3124",11006.313435
"1032","1kmE3821N3125",8308.0359065
"1033","1kmE3821N3126",5919.644781
"1034","1kmE3821N3127",5367.510655
"1035","1kmE3821N3128",5073.5820045
"1036","1kmE3821N3129",3352.5924785
"1037","1kmE3821N3130",3324.754931
"1038","1kmE3821N3131",2765.559607
"1039","1kmE3821N3132",2800.061454
"1040","1kmE3821N3133",1343.951235
"1041","1kmE3821N3134",3321.357981
"1042","1kmE3821N3135",3898.6955305
"1043","1kmE3821N3136",7784.02156
"1044","1kmE3821N3137",6234.9904245
"1045","1kmE3821N3138",1167.460695
"1046","1kmE3821N3139",1841.196689
"1047","1kmE3821N3140",2635.180565
"1048","1kmE3821N3141",2734.485157
"1049","1kmE3821N3142",2162.936764
"1050","1kmE3821N3143",6472.3966515
"1051","1kmE3821N3144",12156.5021305
"1052","1kmE3821N3145",11112.886341
"1053","1kmE3821N3146",581.38654
"1054","1kmE3822N3092",995.273039
"1055","1kmE3822N3093",1017.759757
"1056","1kmE3822N3094",1441.50753
"1057","1kmE3822N3095",913.1486505
"1058","1kmE3822N3096",2447.281791
"1059","1kmE3822N3097",4826.875562
"1060","1kmE3822N3098",3204.3234555
"1061","1kmE3822N3099",6461.7787465
"1062","1kmE3822N3100",10766.690695
"1063","1kmE3822N3101",13858.7716405
"1064","1kmE3822N3102",15762.895422
"1065","1kmE3822N3103",13802.4821805
"1066","1kmE3822N3104",14099.992436
"1067","1kmE3822N3105",8340.859654
"1068","1kmE3822N3106",7100.564772
"1069","1kmE3822N3107",6860.748067
"1070","1kmE3822N3108",6057.564622
"1071","1kmE3822N3109",1411.569981
"1072","1kmE3822N3110",1154.6071825
"1073","1kmE3822N3111",2977.0523565
"1074","1kmE3822N3112",2198.906797
"1075","1kmE3822N3113",1470.7581105
"1076","1kmE3822N3114",6070.8939715
"1077","1kmE3822N3115",3634.263291
"1078","1kmE3822N3116",1004.522692
"1079","1kmE3822N3118",914.3190025
"1080","1kmE3822N3119",906.31537
"1081","1kmE3822N3120",5193.543418
"1082","1kmE3822N3121",7738.988694
"1083","1kmE3822N3122",9433.0721015
"1084","1kmE3822N3123",9044.2388485
"1085","1kmE3822N3124",6190.1375825
"1086","1kmE3822N3125",975.639214
"1087","1kmE3822N3126",5329.1409355
"1088","1kmE3822N3127",6036.668269
"1089","1kmE3822N3128",6611.207955
"1090","1kmE3822N3129",5380.3831075
"1091","1kmE3822N3130",2257.175847
"1092","1kmE3822N3131",3648.257217
"1093","1kmE3822N3132",6149.0379085
"1094","1kmE3822N3133",3357.864278
"1095","1kmE3822N3134",3017.299205
"1096","1kmE3822N3135",2708.064164
"1097","1kmE3822N3136",3481.576336
"1098","1kmE3822N3137",4155.1418965
"1099","1kmE3822N3138",1339.284949
"1100","1kmE3822N3139",1919.385121
"1101","1kmE3822N3140",1777.4146965
"1102","1kmE3822N3141",1920.689103
"1103","1kmE3822N3142",2427.0280455
"1104","1kmE3822N3143",4959.8391705
"1105","1kmE3822N3144",8430.241403
"1106","1kmE3822N3145",13406.172901
"1107","1kmE3822N3146",9362.4553
"1108","1kmE3822N3147",205.01639
"1109","1kmE3823N3092",877.07025
"1110","1kmE3823N3093",1651.5950335
"1111","1kmE3823N3094",719.565974
"1112","1kmE3823N3095",2191.7428455
"1113","1kmE3823N3096",2446.581607
"1114","1kmE3823N3097",6589.2925085
"1115","1kmE3823N3098",4709.931641
"1116","1kmE3823N3099",6919.315589
"1117","1kmE3823N3100",11088.747266
"1118","1kmE3823N3101",14916.803838
"1119","1kmE3823N3102",15669.430751
"1120","1kmE3823N3103",12828.5102985
"1121","1kmE3823N3104",12008.2691005
"1122","1kmE3823N3105",6501.8527645
"1123","1kmE3823N3106",5346.7387315
"1124","1kmE3823N3107",4631.831214
"1125","1kmE3823N3108",7870.961513
"1126","1kmE3823N3109",3010.581222
"1127","1kmE3823N3110",1283.3648605
"1128","1kmE3823N3111",4269.744572
"1129","1kmE3823N3112",3954.129935
"1130","1kmE3823N3113",1827.9833685
"1131","1kmE3823N3114",2979.896256
"1132","1kmE3823N3115",1510.0919825
"1133","1kmE3823N3116",1658.0826365
"1134","1kmE3823N3117",649.4372365
"1135","1kmE3823N3118",885.6788755
"1136","1kmE3823N3119",1206.0438105
"1137","1kmE3823N3120",936.283234
"1138","1kmE3823N3121",3040.03014
"1139","1kmE3823N3122",5270.524436
"1140","1kmE3823N3123",4057.1507405
"1141","1kmE3823N3124",373.099678
"1142","1kmE3823N3125",3032.764417
"1143","1kmE3823N3126",5674.503783
"1144","1kmE3823N3127",5696.992211
"1145","1kmE3823N3128",5298.436334
"1146","1kmE3823N3129",4240.250825
"1147","1kmE3823N3130",5598.750214
"1148","1kmE3823N3131",5382.4040885
"1149","1kmE3823N3132",4013.5437255
"1150","1kmE3823N3133",2820.17725
"1151","1kmE3823N3134",1290.898563
"1152","1kmE3823N3135",4526.952945
"1153","1kmE3823N3136",6141.6588225
"1154","1kmE3823N3137",4522.3786885
"1155","1kmE3823N3138",1498.9069385
"1156","1kmE3823N3139",2622.6771375
"1157","1kmE3823N3140",2057.351143
"1158","1kmE3823N3141",3269.415225
"1159","1kmE3823N3142",4702.044991
"1160","1kmE3823N3143",3317.8119645
"1161","1kmE3823N3144",3525.390881
"1162","1kmE3823N3145",10192.341567
"1163","1kmE3823N3146",10496.134972
"1164","1kmE3823N3147",2524.188874
"1165","1kmE3824N3092",909.5779885
"1166","1kmE3824N3093",1040.1897555
"1167","1kmE3824N3094",771.398556
"1168","1kmE3824N3095",1603.954729
"1169","1kmE3824N3096",1881.3340285
"1170","1kmE3824N3097",1877.8065065
"1171","1kmE3824N3098",1914.670376
"1172","1kmE3824N3099",3419.190923
"1173","1kmE3824N3100",10922.7978695
"1174","1kmE3824N3101",13882.800549
"1175","1kmE3824N3102",13727.7148785
"1176","1kmE3824N3103",12648.680554
"1177","1kmE3824N3104",13321.172678
"1178","1kmE3824N3105",6795.239513
"1179","1kmE3824N3106",6938.0567885
"1180","1kmE3824N3107",8402.775087
"1181","1kmE3824N3108",7579.8904995
"1182","1kmE3824N3109",3016.3721195
"1183","1kmE3824N3110",923.7385555
"1184","1kmE3824N3111",2237.7109455
"1185","1kmE3824N3112",3074.026525
"1186","1kmE3824N3113",1381.255072
"1187","1kmE3824N3114",1106.2546835
"1188","1kmE3824N3115",1881.8321905
"1189","1kmE3824N3116",1922.806717
"1190","1kmE3824N3117",623.0975365
"1191","1kmE3824N3118",846.582967
"1192","1kmE3824N3119",6967.2341865
"1193","1kmE3824N3120",3353.442678
"1194","1kmE3824N3121",1049.357698
"1195","1kmE3824N3122",660.8441685
"1196","1kmE3824N3123",461.043273499999
"1197","1kmE3824N3124",581.386541
"1198","1kmE3824N3125",7334.7563435
"1199","1kmE3824N3126",9869.4155815
"1200","1kmE3824N3127",7049.239435
"1201","1kmE3824N3128",3494.3537145
"1202","1kmE3824N3129",7508.357858
"1203","1kmE3824N3130",6836.516957
"1204","1kmE3824N3131",2019.473035
"1205","1kmE3824N3132",1342.921956
"1206","1kmE3824N3133",1394.1350005
"1207","1kmE3824N3134",1313.6583235
"1208","1kmE3824N3135",4636.12991
"1209","1kmE3824N3136",4024.335903
"1210","1kmE3824N3137",1588.8494395
"1211","1kmE3824N3138",1389.8152815
"1212","1kmE3824N3139",5760.0140315
"1213","1kmE3824N3140",5597.8167385
"1214","1kmE3824N3141",4724.677867
"1215","1kmE3824N3142",8075.909003
"1216","1kmE3824N3143",5164.497592
"1217","1kmE3824N3144",6889.793442
"1218","1kmE3824N3145",7256.9026835
"1219","1kmE3824N3146",11474.590855
"1220","1kmE3824N3147",8270.875588
"1221","1kmE3824N3148",3027.0390485
"1222","1kmE3825N3092",395.0284055
"1223","1kmE3825N3093",1502.14718
"1224","1kmE3825N3094",1637.324924
"1225","1kmE3825N3095",1126.9950645
"1226","1kmE3825N3096",1040.344349
"1227","1kmE3825N3097",1932.99283
"1228","1kmE3825N3098",1718.746034
"1229","1kmE3825N3099",2677.4132505
"1230","1kmE3825N3100",6407.7972355
"1231","1kmE3825N3101",9704.6588825
"1232","1kmE3825N3102",11513.293123
"1233","1kmE3825N3103",11674.8622985
"1234","1kmE3825N3104",10206.1569055
"1235","1kmE3825N3105",7282.6242505
"1236","1kmE3825N3106",7199.3169755
"1237","1kmE3825N3107",11090.438025
"1238","1kmE3825N3108",6660.476076
"1239","1kmE3825N3109",2747.5684685
"1240","1kmE3825N3110",1317.8419325
"1241","1kmE3825N3111",1800.738292
"1242","1kmE3825N3112",1436.0989075
"1243","1kmE3825N3113",1776.75705
"1244","1kmE3825N3114",1792.5435385
"1245","1kmE3825N3115",2590.6798305
"1246","1kmE3825N3116",3108.4937435
"1247","1kmE3825N3117",8266.944071
"1248","1kmE3825N3118",5812.474403
"1249","1kmE3825N3119",5934.258766
"1250","1kmE3825N3120",3539.552928
"1251","1kmE3825N3121",205.01639
"1252","1kmE3825N3122",205.0163895
"1253","1kmE3825N3123",382.506485
"1254","1kmE3825N3124",205.0163905
"1255","1kmE3825N3125",1800.863936
"1256","1kmE3825N3126",5350.4542135
"1257","1kmE3825N3127",3980.256332
"1258","1kmE3825N3128",2033.6472375
"1259","1kmE3825N3129",5311.783444
"1260","1kmE3825N3130",9509.918211
"1261","1kmE3825N3131",5687.450788
"1262","1kmE3825N3132",1646.1004285
"1263","1kmE3825N3133",205.016391
"1264","1kmE3825N3134",205.01639
"1265","1kmE3825N3135",1041.562806
"1266","1kmE3825N3136",885.8421105
"1267","1kmE3825N3137",1402.3164605
"1268","1kmE3825N3138",1482.0594855
"1269","1kmE3825N3139",2915.1790605
"1270","1kmE3825N3140",3669.853874
"1271","1kmE3825N3141",4690.6201505
"1272","1kmE3825N3142",5538.28558
"1273","1kmE3825N3143",11168.5211775
"1274","1kmE3825N3144",10730.4279585
"1275","1kmE3825N3145",7862.155044
"1276","1kmE3825N3146",9484.732191
"1277","1kmE3825N3147",10399.8296095
"1278","1kmE3825N3148",6901.5340655
"1279","1kmE3826N3093",606.593073
"1280","1kmE3826N3094",2038.8098935
"1281","1kmE3826N3095",1139.5820295
"1282","1kmE3826N3096",1026.197609
"1283","1kmE3826N3097",1750.654432
"1284","1kmE3826N3098",1044.92149
"1285","1kmE3826N3099",3114.5245785
"1286","1kmE3826N3100",4193.131031
"1287","1kmE3826N3101",7481.4716115
"1288","1kmE3826N3102",7668.0098655
"1289","1kmE3826N3103",10311.2925445
"1290","1kmE3826N3104",9814.113199
"1291","1kmE3826N3105",6991.1352505
"1292","1kmE3826N3106",6127.68329
"1293","1kmE3826N3107",7405.7474215
"1294","1kmE3826N3108",8419.890166
"1295","1kmE3826N3109",2048.619229
"1296","1kmE3826N3110",2286.613143
"1297","1kmE3826N3111",3822.2458685
"1298","1kmE3826N3112",1673.8917145
"1299","1kmE3826N3113",4096.205554
"1300","1kmE3826N3114",1495.61158
"1301","1kmE3826N3115",9004.7289825
"1302","1kmE3826N3116",12430.320492
"1303","1kmE3826N3117",12765.6787325
"1304","1kmE3826N3118",9028.2717405
"1305","1kmE3826N3119",7526.3217915
"1306","1kmE3826N3120",3909.214758
"1307","1kmE3826N3121",2340.243907
"1308","1kmE3826N3122",495.455628
"1309","1kmE3826N3123",935.077381999999
"1310","1kmE3826N3124",2414.928063
"1311","1kmE3826N3125",3663.9022735
"1312","1kmE3826N3126",3185.3016605
"1313","1kmE3826N3127",1856.181273
"1314","1kmE3826N3128",2303.5176855
"1315","1kmE3826N3129",8328.828587
"1316","1kmE3826N3130",8691.939365
"1317","1kmE3826N3131",3340.9098835
"1318","1kmE3826N3132",382.506485
"1319","1kmE3826N3133",669.5524575
"1320","1kmE3826N3134",382.506486
"1321","1kmE3826N3135",1315.661353
"1322","1kmE3826N3136",1138.190757
"1323","1kmE3826N3137",990.2823775
"1324","1kmE3826N3138",1152.1326565
"1325","1kmE3826N3139",3388.6347475
"1326","1kmE3826N3140",4276.4826335
"1327","1kmE3826N3141",5548.814524
"1328","1kmE3826N3142",7951.38035
"1329","1kmE3826N3143",9138.7626915
"1330","1kmE3826N3144",9959.42661
"1331","1kmE3826N3145",9458.544411
"1332","1kmE3826N3146",9207.9854055
"1333","1kmE3826N3147",11255.837843
"1334","1kmE3826N3148",8215.105854
"1335","1kmE3827N3094",205.01639
"1336","1kmE3827N3095",1102.591491
"1337","1kmE3827N3096",1801.727903
"1338","1kmE3827N3097",2122.263649
"1339","1kmE3827N3098",457.153035
"1340","1kmE3827N3099",2442.4947265
"1341","1kmE3827N3100",3624.0606255
"1342","1kmE3827N3101",7652.575473
"1343","1kmE3827N3102",3490.2485345
"1344","1kmE3827N3103",6226.8652875
"1345","1kmE3827N3104",8563.790687
"1346","1kmE3827N3105",9287.075862
"1347","1kmE3827N3106",10139.384358
"1348","1kmE3827N3107",5946.572852
"1349","1kmE3827N3108",3943.634522
"1350","1kmE3827N3109",736.197325
"1351","1kmE3827N3110",2206.9617475
"1352","1kmE3827N3111",6174.2440675
"1353","1kmE3827N3112",3928.9531765
"1354","1kmE3827N3113",8556.246579
"1355","1kmE3827N3114",2963.4949275
"1356","1kmE3827N3115",4461.8766615
"1357","1kmE3827N3116",8994.5703055
"1358","1kmE3827N3117",12622.4715665
"1359","1kmE3827N3118",8874.8057365
"1360","1kmE3827N3119",10191.990475
"1361","1kmE3827N3120",5717.618225
"1362","1kmE3827N3121",1884.4798045
"1363","1kmE3827N3122",1454.385499
"1364","1kmE3827N3123",5275.3635935
"1365","1kmE3827N3124",3811.774324
"1366","1kmE3827N3125",4643.1288535
"1367","1kmE3827N3126",3053.648192
"1368","1kmE3827N3127",1553.4301885
"1369","1kmE3827N3128",3328.005044
"1370","1kmE3827N3129",8741.978072
"1371","1kmE3827N3130",7059.280086
"1372","1kmE3827N3131",3487.9378645
"1373","1kmE3827N3132",6549.577282
"1374","1kmE3827N3133",2304.8408495
"1375","1kmE3827N3134",1036.4758045
"1376","1kmE3827N3135",791.321786
"1377","1kmE3827N3136",2007.252662
"1378","1kmE3827N3137",2705.2518415
"1379","1kmE3827N3138",2066.675545
"1380","1kmE3827N3139",2096.3729125
"1381","1kmE3827N3140",3623.8614335
"1382","1kmE3827N3141",4862.2941745
"1383","1kmE3827N3142",6845.770546
"1384","1kmE3827N3143",7861.65115
"1385","1kmE3827N3144",10608.31832
"1386","1kmE3827N3145",10818.5934115
"1387","1kmE3827N3146",11487.9314375
"1388","1kmE3827N3147",11935.138219
"1389","1kmE3827N3148",10586.6169435
"1390","1kmE3827N3149",4926.052319
"1391","1kmE3827N3150",2100.7697045
"1392","1kmE3828N3095",395.028406
"1393","1kmE3828N3096",1230.665613
"1394","1kmE3828N3097",1206.90644
"1395","1kmE3828N3098",806.060068000001
"1396","1kmE3828N3099",1809.3410425
"1397","1kmE3828N3100",3505.189705
"1398","1kmE3828N3101",6641.330463
"1399","1kmE3828N3102",3824.4538645
"1400","1kmE3828N3103",9867.2451735
"1401","1kmE3828N3104",5131.9935175
"1402","1kmE3828N3105",8122.894271
"1403","1kmE3828N3106",10219.6108885
"1404","1kmE3828N3107",7216.0965835
"1405","1kmE3828N3108",3632.3015495
"1406","1kmE3828N3109",2045.101214
"1407","1kmE3828N3110",4557.585785
"1408","1kmE3828N3111",2074.652046
"1409","1kmE3828N3112",2388.0401265
"1410","1kmE3828N3113",5670.2388105
"1411","1kmE3828N3114",1077.1290955
"1412","1kmE3828N3115",3814.7086625
"1413","1kmE3828N3116",4939.124251
"1414","1kmE3828N3117",7515.124828
"1415","1kmE3828N3118",7142.006624
"1416","1kmE3828N3119",7668.7274605
"1417","1kmE3828N3120",4242.881541
"1418","1kmE3828N3121",1621.768985
"1419","1kmE3828N3122",1729.594344
"1420","1kmE3828N3123",5694.9700155
"1421","1kmE3828N3124",4857.397405
"1422","1kmE3828N3125",3852.9539415
"1423","1kmE3828N3126",1567.490242
"1424","1kmE3828N3127",3155.7161305
"1425","1kmE3828N3128",2714.2259885
"1426","1kmE3828N3129",5543.63895
"1427","1kmE3828N3130",9977.813069
"1428","1kmE3828N3131",5210.6658155
"1429","1kmE3828N3132",4074.1935445
"1430","1kmE3828N3133",1689.32664
"1431","1kmE3828N3134",2342.1479405
"1432","1kmE3828N3135",4627.0952735
"1433","1kmE3828N3136",2347.9243615
"1434","1kmE3828N3137",1174.961024
"1435","1kmE3828N3138",2429.1450305
"1436","1kmE3828N3139",3637.422721
"1437","1kmE3828N3140",4203.986274
"1438","1kmE3828N3141",6921.816227
"1439","1kmE3828N3142",11313.833827
"1440","1kmE3828N3143",10744.47984
"1441","1kmE3828N3144",12434.7397905
"1442","1kmE3828N3145",13118.636163
"1443","1kmE3828N3146",13784.7942995
"1444","1kmE3828N3147",15240.963233
"1445","1kmE3828N3148",15417.3103785
"1446","1kmE3828N3149",13808.2932005
"1447","1kmE3828N3150",12213.2069975
"1448","1kmE3828N3151",8785.0433365
"1449","1kmE3828N3152",455.779605
"1450","1kmE3829N3090",205.0163885
"1451","1kmE3829N3095",1095.25046
"1452","1kmE3829N3096",1294.964303
"1453","1kmE3829N3097",2873.105565
"1454","1kmE3829N3098",4142.8240735
"1455","1kmE3829N3099",1428.102434
"1456","1kmE3829N3100",1668.989321
"1457","1kmE3829N3101",3883.934515
"1458","1kmE3829N3102",3114.441581
"1459","1kmE3829N3103",3558.6973305
"1460","1kmE3829N3104",3992.673285
"1461","1kmE3829N3105",5417.1248785
"1462","1kmE3829N3106",6719.7463935
"1463","1kmE3829N3107",6495.410917
"1464","1kmE3829N3108",2383.949476
"1465","1kmE3829N3109",3794.0899125
"1466","1kmE3829N3110",6177.9172995
"1467","1kmE3829N3111",1111.979569
"1468","1kmE3829N3112",1619.123564
"1469","1kmE3829N3113",1078.231615
"1470","1kmE3829N3114",1941.458515
"1471","1kmE3829N3115",3528.5849985
"1472","1kmE3829N3116",5320.5612015
"1473","1kmE3829N3117",5391.515561
"1474","1kmE3829N3118",6318.4484455
"1475","1kmE3829N3119",5151.2379825
"1476","1kmE3829N3120",3486.579387
"1477","1kmE3829N3121",2167.665728
"1478","1kmE3829N3122",5092.0980875
"1479","1kmE3829N3123",2086.188569
"1480","1kmE3829N3124",3186.002671
"1481","1kmE3829N3125",3298.6161925
"1482","1kmE3829N3126",1407.5676805
"1483","1kmE3829N3127",2499.835736
"1484","1kmE3829N3128",3639.029782
"1485","1kmE3829N3129",6444.4692965
"1486","1kmE3829N3130",7603.610633
"1487","1kmE3829N3131",7431.8458115
"1488","1kmE3829N3132",4108.6817195
"1489","1kmE3829N3133",1552.4725025
"1490","1kmE3829N3134",1614.6403695
"1491","1kmE3829N3135",5457.2628755
"1492","1kmE3829N3136",2444.656643
"1493","1kmE3829N3137",1713.696597
"1494","1kmE3829N3138",4471.746423
"1495","1kmE3829N3139",6237.1733975
"1496","1kmE3829N3140",4696.4021035
"1497","1kmE3829N3141",4016.144343
"1498","1kmE3829N3142",4959.5713035
"1499","1kmE3829N3143",10832.086436
"1500","1kmE3829N3144",12357.7058995
"1501","1kmE3829N3145",11776.774665
"1502","1kmE3829N3146",13057.841754
"1503","1kmE3829N3147",16842.82939
"1504","1kmE3829N3148",17591.842191
"1505","1kmE3829N3149",14059.1937485
"1506","1kmE3829N3150",12153.40102
"1507","1kmE3829N3151",10704.7600555
"1508","1kmE3829N3152",6721.516789
"1509","1kmE3830N3095",1370.4807625
"1510","1kmE3830N3096",1751.6946405
"1511","1kmE3830N3097",5770.38263
"1512","1kmE3830N3098",6831.3988225
"1513","1kmE3830N3099",1404.627727
"1514","1kmE3830N3100",2293.940403
"1515","1kmE3830N3101",5254.5048855
"1516","1kmE3830N3102",6944.6999765
"1517","1kmE3830N3103",858.9115925
"1518","1kmE3830N3104",1070.757568
"1519","1kmE3830N3105",843.226633
"1520","1kmE3830N3106",2554.0715915
"1521","1kmE3830N3107",3542.171752
"1522","1kmE3830N3108",3321.9900335
"1523","1kmE3830N3109",4641.9788245
"1524","1kmE3830N3110",1425.813762
"1525","1kmE3830N3111",1061.7248535
"1526","1kmE3830N3112",2241.2151965
"1527","1kmE3830N3113",1202.378658
"1528","1kmE3830N3114",2561.170183
"1529","1kmE3830N3115",6134.305819
"1530","1kmE3830N3116",9482.224401
"1531","1kmE3830N3117",4066.80459
"1532","1kmE3830N3118",5367.9685725
"1533","1kmE3830N3119",4411.326351
"1534","1kmE3830N3120",1583.5047975
"1535","1kmE3830N3121",1356.78085
"1536","1kmE3830N3122",3829.8525065
"1537","1kmE3830N3123",2157.301426
"1538","1kmE3830N3124",3935.800329
"1539","1kmE3830N3125",4437.176469
"1540","1kmE3830N3126",4205.559879
"1541","1kmE3830N3127",3727.215552
"1542","1kmE3830N3128",3321.9588965
"1543","1kmE3830N3129",5863.5277605
"1544","1kmE3830N3130",4234.993946
"1545","1kmE3830N3131",4678.683238
"1546","1kmE3830N3132",4296.933155
"1547","1kmE3830N3133",1438.0892915
"1548","1kmE3830N3134",658.6527225
"1549","1kmE3830N3135",1617.217127
"1550","1kmE3830N3136",3515.3723175
"1551","1kmE3830N3137",8578.844605
"1552","1kmE3830N3138",6818.270933
"1553","1kmE3830N3139",5089.1536915
"1554","1kmE3830N3140",5473.702317
"1555","1kmE3830N3141",3599.9923145
"1556","1kmE3830N3142",3714.7472105
"1557","1kmE3830N3143",11391.3639875
"1558","1kmE3830N3144",13581.787553
"1559","1kmE3830N3145",11800.426254
"1560","1kmE3830N3146",11698.475135
"1561","1kmE3830N3147",15866.529476
"1562","1kmE3830N3148",15051.776654
"1563","1kmE3830N3149",14234.463198
"1564","1kmE3830N3150",15019.898853
"1565","1kmE3830N3151",11613.491371
"1566","1kmE3830N3152",8922.296803
"1567","1kmE3831N3093",205.0163895
"1568","1kmE3831N3095",1189.002599
"1569","1kmE3831N3096",1085.9601405
"1570","1kmE3831N3097",3021.4047645
"1571","1kmE3831N3098",2822.8811185
"1572","1kmE3831N3099",3017.0721585
"1573","1kmE3831N3100",2952.8893485
"1574","1kmE3831N3101",1783.153819
"1575","1kmE3831N3102",2153.943603
"1576","1kmE3831N3103",1141.0630645
"1577","1kmE3831N3104",546.1853085
"1578","1kmE3831N3105",2876.2573405
"1579","1kmE3831N3106",5473.770001
"1580","1kmE3831N3107",3814.803303
"1581","1kmE3831N3108",3212.305876
"1582","1kmE3831N3109",4288.3338035
"1583","1kmE3831N3110",706.0847195
"1584","1kmE3831N3111",2429.1892895
"1585","1kmE3831N3112",2535.8350445
"1586","1kmE3831N3113",1024.1626765
"1587","1kmE3831N3114",2191.943998
"1588","1kmE3831N3115",4067.7329075
"1589","1kmE3831N3116",5257.591425
"1590","1kmE3831N3117",4877.529193
"1591","1kmE3831N3118",2419.5178925
"1592","1kmE3831N3119",3292.658114
"1593","1kmE3831N3120",3368.504849
"1594","1kmE3831N3121",6188.957896
"1595","1kmE3831N3122",2474.2110665
"1596","1kmE3831N3123",5347.9709245
"1597","1kmE3831N3124",2656.6683985
"1598","1kmE3831N3125",4050.31539
"1599","1kmE3831N3126",5100.9356125
"1600","1kmE3831N3127",8399.2481945
"1601","1kmE3831N3128",6799.12204
"1602","1kmE3831N3129",5623.8688735
"1603","1kmE3831N3130",7047.8782715
"1604","1kmE3831N3131",9453.021392
"1605","1kmE3831N3132",5933.15488
"1606","1kmE3831N3133",1028.997014
"1607","1kmE3831N3134",2067.1854375
"1608","1kmE3831N3135",1455.3281735
"1609","1kmE3831N3136",7127.4189205
"1610","1kmE3831N3137",10258.3687285
"1611","1kmE3831N3138",8226.896343
"1612","1kmE3831N3139",9149.0116355
"1613","1kmE3831N3140",5269.083889
"1614","1kmE3831N3141",7443.5115055
"1615","1kmE3831N3142",8162.9533475
"1616","1kmE3831N3143",14438.3730705
"1617","1kmE3831N3144",15741.1877415
"1618","1kmE3831N3145",11403.6930095
"1619","1kmE3831N3146",10187.2318225
"1620","1kmE3831N3147",14115.5362295
"1621","1kmE3831N3148",14709.4154105
"1622","1kmE3831N3149",13930.21597
"1623","1kmE3831N3150",16919.5856675
"1624","1kmE3831N3151",9906.0618435
"1625","1kmE3831N3152",8462.134904
"1626","1kmE3831N3153",205.01639
"1627","1kmE3832N3095",1071.6299085
"1628","1kmE3832N3096",1417.7416965
"1629","1kmE3832N3097",3150.790695
"1630","1kmE3832N3098",1657.435192
"1631","1kmE3832N3099",7021.327663
"1632","1kmE3832N3100",5913.3915005
"1633","1kmE3832N3101",1332.0304705
"1634","1kmE3832N3102",1633.1569155
"1635","1kmE3832N3103",4901.4645985
"1636","1kmE3832N3104",5037.703791
"1637","1kmE3832N3105",2937.4967715
"1638","1kmE3832N3106",5888.735518
"1639","1kmE3832N3107",5115.507887
"1640","1kmE3832N3108",3067.987139
"1641","1kmE3832N3109",4482.0910925
"1642","1kmE3832N3110",4220.8465255
"1643","1kmE3832N3111",5620.364734
"1644","1kmE3832N3112",5705.0519155
"1645","1kmE3832N3113",1335.2503395
"1646","1kmE3832N3114",1771.804921
"1647","1kmE3832N3115",2608.893984
"1648","1kmE3832N3116",2130.100349
"1649","1kmE3832N3117",2596.1179055
"1650","1kmE3832N3118",985.39076
"1651","1kmE3832N3119",3967.7203535
"1652","1kmE3832N3120",5073.397298
"1653","1kmE3832N3121",4843.2350395
"1654","1kmE3832N3122",5521.5219765
"1655","1kmE3832N3123",7472.4562335
"1656","1kmE3832N3124",4845.765316
"1657","1kmE3832N3125",3276.962494
"1658","1kmE3832N3126",3709.0933985
"1659","1kmE3832N3127",6016.833426
"1660","1kmE3832N3128",6561.18102
"1661","1kmE3832N3129",6675.116686
"1662","1kmE3832N3130",6893.6304395
"1663","1kmE3832N3131",8769.453435
"1664","1kmE3832N3132",5147.00221
"1665","1kmE3832N3133",2915.8750055
"1666","1kmE3832N3134",707.720435
"1667","1kmE3832N3135",1599.750603
"1668","1kmE3832N3136",1833.84879
"1669","1kmE3832N3137",1494.391305
"1670","1kmE3832N3138",2847.5581
"1671","1kmE3832N3139",5723.2255085
"1672","1kmE3832N3140",7034.362549
"1673","1kmE3832N3141",10210.7166365
"1674","1kmE3832N3142",6676.023055
"1675","1kmE3832N3143",10733.0876625
"1676","1kmE3832N3144",14176.327217
"1677","1kmE3832N3145",13003.10977
"1678","1kmE3832N3146",11228.1951925
"1679","1kmE3832N3147",12621.6383555
"1680","1kmE3832N3148",13145.1324695
"1681","1kmE3832N3149",15507.1274035
"1682","1kmE3832N3150",17847.352448
"1683","1kmE3832N3151",13989.2415135
"1684","1kmE3832N3152",3564.9285745
"1685","1kmE3832N3157",205.0163895
"1686","1kmE3833N3094",205.01639
"1687","1kmE3833N3095",1412.5067795
"1688","1kmE3833N3096",2934.7865685
"1689","1kmE3833N3097",1251.1458675
"1690","1kmE3833N3098",916.680772499999
"1691","1kmE3833N3099",1418.4154315
"1692","1kmE3833N3100",2959.0331445
"1693","1kmE3833N3101",2774.351093
"1694","1kmE3833N3102",1616.3431265
"1695","1kmE3833N3103",3586.7236165
"1696","1kmE3833N3104",2355.8033385
"1697","1kmE3833N3105",3177.191812
"1698","1kmE3833N3106",3550.6621095
"1699","1kmE3833N3107",5738.57871
"1700","1kmE3833N3108",6796.984173
"1701","1kmE3833N3109",5356.090126
"1702","1kmE3833N3110",4594.2888075
"1703","1kmE3833N3111",6119.9567825
"1704","1kmE3833N3112",2604.051301
"1705","1kmE3833N3113",2994.0411725
"1706","1kmE3833N3114",5705.8943835
"1707","1kmE3833N3115",7100.535713
"1708","1kmE3833N3116",5515.5330495
"1709","1kmE3833N3117",2169.7815615
"1710","1kmE3833N3118",809.6302555
"1711","1kmE3833N3119",2778.6885835
"1712","1kmE3833N3120",3118.6501595
"1713","1kmE3833N3121",2567.95972
"1714","1kmE3833N3122",5511.452504
"1715","1kmE3833N3123",4898.9446985
"1716","1kmE3833N3124",5041.739946
"1717","1kmE3833N3125",4481.705739
"1718","1kmE3833N3126",4169.310172
"1719","1kmE3833N3127",5771.014308
"1720","1kmE3833N3128",6815.5831855
"1721","1kmE3833N3129",8263.598158
"1722","1kmE3833N3130",7007.8676945
"1723","1kmE3833N3131",6415.101435
"1724","1kmE3833N3132",2335.243131
"1725","1kmE3833N3133",1734.174257
"1726","1kmE3833N3134",3693.8324625
"1727","1kmE3833N3135",4820.145068
"1728","1kmE3833N3136",3255.2446625
"1729","1kmE3833N3137",2040.394597
"1730","1kmE3833N3138",3176.482533
"1731","1kmE3833N3139",5111.928993
"1732","1kmE3833N3140",4435.8744905
"1733","1kmE3833N3141",5252.424679
"1734","1kmE3833N3142",5816.043425
"1735","1kmE3833N3143",7361.182358
"1736","1kmE3833N3144",7453.8454505
"1737","1kmE3833N3145",7072.626346
"1738","1kmE3833N3146",6546.9624915
"1739","1kmE3833N3147",7256.558105
"1740","1kmE3833N3148",8399.8754175
"1741","1kmE3833N3149",12785.6563415
"1742","1kmE3833N3150",15535.131818
"1743","1kmE3833N3151",14012.249102
"1744","1kmE3833N3152",6877.223416
"1745","1kmE3833N3158",205.016391
"1746","1kmE3833N3167",205.0163895
"1747","1kmE3834N3094",205.01639
"1748","1kmE3834N3095",205.01639
"1749","1kmE3834N3096",1596.193283
"1750","1kmE3834N3097",1388.327744
"1751","1kmE3834N3098",2589.7010685
"1752","1kmE3834N3099",1586.339759
"1753","1kmE3834N3100",6540.2786945
"1754","1kmE3834N3101",6013.4030145
"1755","1kmE3834N3102",1211.613306
"1756","1kmE3834N3103",2172.146561
"1757","1kmE3834N3104",1865.4713355
"1758","1kmE3834N3105",1602.6633205
"1759","1kmE3834N3106",4927.1663785
"1760","1kmE3834N3107",5822.3521075
"1761","1kmE3834N3108",4050.3521675
"1762","1kmE3834N3109",1136.5723145
"1763","1kmE3834N3110",951.4640705
"1764","1kmE3834N3111",6409.6457735
"1765","1kmE3834N3112",7254.1006715
"1766","1kmE3834N3113",2486.2007425
"1767","1kmE3834N3114",3003.9339485
"1768","1kmE3834N3115",3798.9831775
"1769","1kmE3834N3116",5264.3822185
"1770","1kmE3834N3117",3867.935234
"1771","1kmE3834N3118",1619.611548
"1772","1kmE3834N3119",1769.1930465
"1773","1kmE3834N3120",572.5185
"1774","1kmE3834N3121",712.732692
"1775","1kmE3834N3122",2340.2543545
"1776","1kmE3834N3123",3062.8235675
"1777","1kmE3834N3124",3439.705158
"1778","1kmE3834N3125",6762.825344
"1779","1kmE3834N3126",4695.2468675
"1780","1kmE3834N3127",5443.1775825
"1781","1kmE3834N3128",9041.9000645
"1782","1kmE3834N3129",10934.587367
"1783","1kmE3834N3130",10968.124123
"1784","1kmE3834N3131",4914.573364
"1785","1kmE3834N3132",2447.2842155
"1786","1kmE3834N3133",1355.169337
"1787","1kmE3834N3134",4612.462847
"1788","1kmE3834N3135",6521.7985175
"1789","1kmE3834N3136",4020.773259
"1790","1kmE3834N3137",2578.9787225
"1791","1kmE3834N3138",1851.2024205
"1792","1kmE3834N3139",3956.705122
"1793","1kmE3834N3140",5971.376881
"1794","1kmE3834N3141",5157.127151
"1795","1kmE3834N3142",5179.4979645
"1796","1kmE3834N3143",6203.267529
"1797","1kmE3834N3144",7647.5800285
"1798","1kmE3834N3145",5970.7799425
"1799","1kmE3834N3146",5391.568016
"1800","1kmE3834N3147",7762.0626805
"1801","1kmE3834N3148",6169.868581
"1802","1kmE3834N3149",7981.241951
"1803","1kmE3834N3150",8829.222606
"1804","1kmE3834N3151",12109.8084285
"1805","1kmE3834N3152",10202.4860085
"1806","1kmE3834N3153",579.5157695
"1807","1kmE3835N3074",205.01639
"1808","1kmE3835N3094",205.0163905
"1809","1kmE3835N3095",382.506484
"1810","1kmE3835N3096",581.3865405
"1811","1kmE3835N3097",819.114583999999
"1812","1kmE3835N3098",987.0619185
"1813","1kmE3835N3099",2238.1422105
"1814","1kmE3835N3100",2628.6414435
"1815","1kmE3835N3101",2494.0569745
"1816","1kmE3835N3102",1423.774221
"1817","1kmE3835N3103",1088.623711
"1818","1kmE3835N3104",3668.4892925
"1819","1kmE3835N3105",2668.6496385
"1820","1kmE3835N3106",6984.8847975
"1821","1kmE3835N3107",6323.486626
"1822","1kmE3835N3108",3329.843665
"1823","1kmE3835N3109",587.609855
"1824","1kmE3835N3110",1352.2690195
"1825","1kmE3835N3111",1556.9107825
"1826","1kmE3835N3112",2063.578291
"1827","1kmE3835N3113",1715.509029
"1828","1kmE3835N3114",5908.8445335
"1829","1kmE3835N3115",4291.386776
"1830","1kmE3835N3116",3191.3149885
"1831","1kmE3835N3117",3488.9624445
"1832","1kmE3835N3118",1311.7901035
"1833","1kmE3835N3119",2062.5800675
"1834","1kmE3835N3120",679.4050945
"1835","1kmE3835N3121",761.991746
"1836","1kmE3835N3122",1245.010573
"1837","1kmE3835N3123",765.8796275
"1838","1kmE3835N3124",2052.592927
"1839","1kmE3835N3125",5129.5439915
"1840","1kmE3835N3126",4900.986487
"1841","1kmE3835N3127",6912.448577
"1842","1kmE3835N3128",9218.1019105
"1843","1kmE3835N3129",12136.7863235
"1844","1kmE3835N3130",12035.486145
"1845","1kmE3835N3131",7682.068953
"1846","1kmE3835N3132",2187.8720745
"1847","1kmE3835N3133",2112.847945
"1848","1kmE3835N3134",2357.5731865
"1849","1kmE3835N3135",7820.1148675
"1850","1kmE3835N3136",9411.3093345
"1851","1kmE3835N3137",8933.2812475
"1852","1kmE3835N3138",5925.21572
"1853","1kmE3835N3139",5783.1027315
"1854","1kmE3835N3140",10320.942947
"1855","1kmE3835N3141",10701.4891705
"1856","1kmE3835N3142",6108.2102785
"1857","1kmE3835N3143",8147.725703
"1858","1kmE3835N3144",8069.3292835
"1859","1kmE3835N3145",7140.1983735
"1860","1kmE3835N3146",7650.451705
"1861","1kmE3835N3147",7930.4124
"1862","1kmE3835N3148",5813.6147745
"1863","1kmE3835N3149",9229.2285945
"1864","1kmE3835N3150",9669.461743
"1865","1kmE3835N3151",10667.540973
"1866","1kmE3835N3152",9680.488571
"1867","1kmE3835N3153",4184.631732
"1868","1kmE3836N3096",549.717429999999
"1869","1kmE3836N3097",497.886978
"1870","1kmE3836N3098",3396.2819895
"1871","1kmE3836N3099",2589.5785955
"1872","1kmE3836N3100",2719.94894
"1873","1kmE3836N3101",6656.3085285
"1874","1kmE3836N3102",3508.890078
"1875","1kmE3836N3103",3253.303939
"1876","1kmE3836N3104",1905.710892
"1877","1kmE3836N3105",2102.254115
"1878","1kmE3836N3106",3647.1092045
"1879","1kmE3836N3107",4600.7791935
"1880","1kmE3836N3108",2817.4951485
"1881","1kmE3836N3109",1282.315716
"1882","1kmE3836N3110",1452.8040845
"1883","1kmE3836N3111",2145.4414075
"1884","1kmE3836N3112",2277.715021
"1885","1kmE3836N3113",3205.550658
"1886","1kmE3836N3114",5654.415426
"1887","1kmE3836N3115",4734.123025
"1888","1kmE3836N3116",7236.14956
"1889","1kmE3836N3117",3819.823362
"1890","1kmE3836N3118",1418.158973
"1891","1kmE3836N3119",1964.6365125
"1892","1kmE3836N3120",4740.323583
"1893","1kmE3836N3121",5359.2207215
"1894","1kmE3836N3122",1562.207458
"1895","1kmE3836N3123",771.398557
"1896","1kmE3836N3124",897.4473295
"1897","1kmE3836N3125",378.397056
"1898","1kmE3836N3126",3034.7918885
"1899","1kmE3836N3127",6524.721848
"1900","1kmE3836N3128",11667.1918305
"1901","1kmE3836N3129",10630.719117
"1902","1kmE3836N3130",10725.4877405
"1903","1kmE3836N3131",10673.7181815
"1904","1kmE3836N3132",5729.045983
"1905","1kmE3836N3133",1849.779067
"1906","1kmE3836N3134",5848.4431515
"1907","1kmE3836N3135",6483.458373
"1908","1kmE3836N3136",9296.637184
"1909","1kmE3836N3137",8596.1693875
"1910","1kmE3836N3138",7990.121476
"1911","1kmE3836N3139",9524.1830475
"1912","1kmE3836N3140",8546.387759
"1913","1kmE3836N3141",7872.9200985
"1914","1kmE3836N3142",7752.117002
"1915","1kmE3836N3143",7515.7964005
"1916","1kmE3836N3144",8345.535683
"1917","1kmE3836N3145",7927.205206
"1918","1kmE3836N3146",6761.1858125
"1919","1kmE3836N3147",8856.47253
"1920","1kmE3836N3148",6246.8579235
"1921","1kmE3836N3149",7610.6577295
"1922","1kmE3836N3150",5964.7444685
"1923","1kmE3836N3151",6686.760106
"1924","1kmE3836N3152",9984.371457
"1925","1kmE3836N3153",10064.6768525
"1926","1kmE3836N3154",5282.5186615
"1927","1kmE3837N3097",1698.4981885
"1928","1kmE3837N3098",7274.9766855
"1929","1kmE3837N3099",3830.3058945
"1930","1kmE3837N3100",2689.861176
"1931","1kmE3837N3101",2442.0459665
"1932","1kmE3837N3102",7129.2194015
"1933","1kmE3837N3103",10436.1993
"1934","1kmE3837N3104",5269.8913955
"1935","1kmE3837N3105",3797.089286
"1936","1kmE3837N3106",6451.37077
"1937","1kmE3837N3107",4348.606923
"1938","1kmE3837N3108",3090.0957745
"1939","1kmE3837N3109",2806.229221
"1940","1kmE3837N3110",1454.049593
"1941","1kmE3837N3111",5497.8509475
"1942","1kmE3837N3112",6428.3624875
"1943","1kmE3837N3113",8586.945518
"1944","1kmE3837N3114",7075.063547
"1945","1kmE3837N3115",3545.319207
"1946","1kmE3837N3116",5381.9433605
"1947","1kmE3837N3117",3852.482191
"1948","1kmE3837N3118",1672.0448595
"1949","1kmE3837N3119",1647.7846045
"1950","1kmE3837N3120",4398.0699025
"1951","1kmE3837N3121",5808.465181
"1952","1kmE3837N3122",2038.045418
"1953","1kmE3837N3123",4648.1892585
"1954","1kmE3837N3124",3349.988859
"1955","1kmE3837N3125",593.908461
"1956","1kmE3837N3126",4233.713631
"1957","1kmE3837N3127",6248.9088465
"1958","1kmE3837N3128",8058.7357215
"1959","1kmE3837N3129",7531.091844
"1960","1kmE3837N3130",10172.2121155
"1961","1kmE3837N3131",12551.592812
"1962","1kmE3837N3132",7661.7926345
"1963","1kmE3837N3133",1696.6353655
"1964","1kmE3837N3134",8000.8047855
"1965","1kmE3837N3135",10005.3878675
"1966","1kmE3837N3136",7000.819667
"1967","1kmE3837N3137",6580.015753
"1968","1kmE3837N3138",10630.2574305
"1969","1kmE3837N3139",15375.4536205
"1970","1kmE3837N3140",10512.297008
"1971","1kmE3837N3141",5105.917461
"1972","1kmE3837N3142",5119.9434935
"1973","1kmE3837N3143",8146.9508245
"1974","1kmE3837N3144",8254.3951005
"1975","1kmE3837N3145",5390.748472
"1976","1kmE3837N3146",4822.516579
"1977","1kmE3837N3147",6062.0474865
"1978","1kmE3837N3148",4928.4366155
"1979","1kmE3837N3149",5867.1974515
"1980","1kmE3837N3150",5250.420322
"1981","1kmE3837N3151",5622.656059
"1982","1kmE3837N3152",12315.61137
"1983","1kmE3837N3153",17242.0307
"1984","1kmE3837N3154",14135.422031
"1985","1kmE3837N3155",3940.1425075
"1986","1kmE3838N3092",205.0163895
"1987","1kmE3838N3093",577.2771105
"1988","1kmE3838N3094",1600.217107
"1989","1kmE3838N3095",2059.3835935
"1990","1kmE3838N3096",1676.9600585
"1991","1kmE3838N3097",3523.275406
"1992","1kmE3838N3098",10123.155781
"1993","1kmE3838N3099",4777.725473
"1994","1kmE3838N3100",3237.8491075
"1995","1kmE3838N3101",1073.575017
"1996","1kmE3838N3102",3407.942138
"1997","1kmE3838N3103",5693.9952095
"1998","1kmE3838N3104",2162.257669
"1999","1kmE3838N3105",1694.079368
"2000","1kmE3838N3106",4653.2322095
"2001","1kmE3838N3107",3586.080746
"2002","1kmE3838N3108",2814.1098305
"2003","1kmE3838N3109",4787.3999435
"2004","1kmE3838N3110",3732.0182385
"2005","1kmE3838N3111",8702.025886
"2006","1kmE3838N3112",11368.6080835
"2007","1kmE3838N3113",8648.7036565
"2008","1kmE3838N3114",9057.0855695
"2009","1kmE3838N3115",6806.0609025
"2010","1kmE3838N3116",5058.243499
"2011","1kmE3838N3117",4325.129668
"2012","1kmE3838N3118",2552.0630645
"2013","1kmE3838N3119",2054.0275755
"2014","1kmE3838N3120",6057.079372
"2015","1kmE3838N3121",3916.0069875
"2016","1kmE3838N3122",2179.734426
"2017","1kmE3838N3123",8021.3075515
"2018","1kmE3838N3124",4070.7829645
"2019","1kmE3838N3125",1022.890514
"2020","1kmE3838N3126",2811.9966065
"2021","1kmE3838N3127",8224.6222195
"2022","1kmE3838N3128",8813.4156185
"2023","1kmE3838N3129",9411.713203
"2024","1kmE3838N3130",9473.428466
"2025","1kmE3838N3131",8463.8211315
"2026","1kmE3838N3132",4470.854647
"2027","1kmE3838N3133",1469.3915335
"2028","1kmE3838N3134",7079.0117965
"2029","1kmE3838N3135",7183.606101
"2030","1kmE3838N3136",8029.418322
"2031","1kmE3838N3137",13047.289546
"2032","1kmE3838N3138",11469.721118
"2033","1kmE3838N3139",10381.73725
"2034","1kmE3838N3140",5310.9112555
"2035","1kmE3838N3141",5235.136509
"2036","1kmE3838N3142",5686.8007915
"2037","1kmE3838N3143",8998.817282
"2038","1kmE3838N3144",6360.3714015
"2039","1kmE3838N3145",8321.535731
"2040","1kmE3838N3146",4957.388624
"2041","1kmE3838N3147",3276.6815485
"2042","1kmE3838N3148",3807.4290335
"2043","1kmE3838N3149",3357.0414685
"2044","1kmE3838N3150",5235.9695635
"2045","1kmE3838N3151",4196.911708
"2046","1kmE3838N3152",5479.542467
"2047","1kmE3838N3153",15362.163284
"2048","1kmE3838N3154",13473.1936155
"2049","1kmE3838N3155",5554.696718
"2050","1kmE3838N3156",890.7031295
"2051","1kmE3839N3091",382.506486
"2052","1kmE3839N3092",1422.804363
"2053","1kmE3839N3093",403.896444
"2054","1kmE3839N3094",1986.8885385
"2055","1kmE3839N3095",3924.1300725
"2056","1kmE3839N3096",2557.747927
"2057","1kmE3839N3097",4170.5081315
"2058","1kmE3839N3098",8357.619041
"2059","1kmE3839N3099",4617.6991765
"2060","1kmE3839N3100",8690.081425
"2061","1kmE3839N3101",3165.70501
"2062","1kmE3839N3102",2977.342596
"2063","1kmE3839N3103",6465.8582395
"2064","1kmE3839N3104",1214.985069
"2065","1kmE3839N3105",571.9797315
"2066","1kmE3839N3106",205.016391
"2067","1kmE3839N3108",382.5064845
"2068","1kmE3839N3109",5799.3273845
"2069","1kmE3839N3110",5961.999367
"2070","1kmE3839N3111",9180.5916325
"2071","1kmE3839N3112",13499.506012
"2072","1kmE3839N3113",11330.3983695
"2073","1kmE3839N3114",8364.8333695
"2074","1kmE3839N3115",8810.543078
"2075","1kmE3839N3116",11406.667698
"2076","1kmE3839N3117",5617.3907005
"2077","1kmE3839N3118",3705.1861035
"2078","1kmE3839N3119",3172.8698195
"2079","1kmE3839N3120",7740.365254
"2080","1kmE3839N3121",6538.411403
"2081","1kmE3839N3122",2757.606617
"2082","1kmE3839N3123",1701.7128065
"2083","1kmE3839N3124",2103.804656
"2084","1kmE3839N3125",1150.5218345
"2085","1kmE3839N3126",1333.525804
"2086","1kmE3839N3127",5280.1126395
"2087","1kmE3839N3128",6621.567171
"2088","1kmE3839N3129",8397.981544
"2089","1kmE3839N3130",6679.536411
"2090","1kmE3839N3131",3451.466103
"2091","1kmE3839N3132",4302.114241
"2092","1kmE3839N3133",8211.5767305
"2093","1kmE3839N3134",8427.0938725
"2094","1kmE3839N3135",7541.4383445
"2095","1kmE3839N3136",11984.1776895
"2096","1kmE3839N3137",17308.3358935
"2097","1kmE3839N3138",14744.5076015
"2098","1kmE3839N3139",9586.5381835
"2099","1kmE3839N3140",7556.5497525
"2100","1kmE3839N3141",8654.1355335
"2101","1kmE3839N3142",7915.138457
"2102","1kmE3839N3143",8596.717182
"2103","1kmE3839N3144",6683.240237
"2104","1kmE3839N3145",6427.8458895
"2105","1kmE3839N3146",3966.0932375
"2106","1kmE3839N3147",3661.455048
"2107","1kmE3839N3148",2914.0852775
"2108","1kmE3839N3149",4838.9993915
"2109","1kmE3839N3150",4475.3985865
"2110","1kmE3839N3151",5006.4053625
"2111","1kmE3839N3152",6581.3360315
"2112","1kmE3839N3153",8072.655101
"2113","1kmE3839N3154",9016.636218
"2114","1kmE3839N3155",6442.204163
"2115","1kmE3839N3156",205.0163895
"2116","1kmE3840N3091",796.344796
"2117","1kmE3840N3092",1179.543585
"2118","1kmE3840N3093",1306.818965
"2119","1kmE3840N3094",2952.0786225
"2120","1kmE3840N3095",7059.3399285
"2121","1kmE3840N3096",6851.1927175
"2122","1kmE3840N3097",4629.115378
"2123","1kmE3840N3098",5426.8476905
"2124","1kmE3840N3099",6471.6956705
"2125","1kmE3840N3100",6177.0077695
"2126","1kmE3840N3101",6273.6723705
"2127","1kmE3840N3102",8729.1993995
"2128","1kmE3840N3103",6518.0015495
"2129","1kmE3840N3104",4038.853988
"2130","1kmE3840N3105",2990.1171415
"2131","1kmE3840N3106",2313.088903
"2132","1kmE3840N3107",540.9877435
"2133","1kmE3840N3108",581.386543
"2134","1kmE3840N3109",699.731637
"2135","1kmE3840N3110",4299.169137
"2136","1kmE3840N3111",8760.718722
"2137","1kmE3840N3112",6701.018815
"2138","1kmE3840N3113",7421.3754985
"2139","1kmE3840N3114",11037.526411
"2140","1kmE3840N3115",10183.097683
"2141","1kmE3840N3116",6426.3540015
"2142","1kmE3840N3117",3519.1121955
"2143","1kmE3840N3118",8198.782649
"2144","1kmE3840N3119",3559.979464
"2145","1kmE3840N3120",2636.5201195
"2146","1kmE3840N3121",7096.1879115
"2147","1kmE3840N3122",3723.754137
"2148","1kmE3840N3123",2017.2749845
"2149","1kmE3840N3124",3706.8956
"2150","1kmE3840N3125",3980.052646
"2151","1kmE3840N3126",2610.352637
"2152","1kmE3840N3127",4164.0970995
"2153","1kmE3840N3128",4950.7616655
"2154","1kmE3840N3129",4964.0795915
"2155","1kmE3840N3130",6216.303202
"2156","1kmE3840N3131",3399.7127545
"2157","1kmE3840N3132",3893.3598975
"2158","1kmE3840N3133",6743.487154
"2159","1kmE3840N3134",4968.0646855
"2160","1kmE3840N3135",5465.64596
"2161","1kmE3840N3136",9699.944239
"2162","1kmE3840N3137",11125.7069015
"2163","1kmE3840N3138",8293.534574
"2164","1kmE3840N3139",7231.9406015
"2165","1kmE3840N3140",7423.522986
"2166","1kmE3840N3141",11309.512618
"2167","1kmE3840N3142",9609.105728
"2168","1kmE3840N3143",7732.0737025
"2169","1kmE3840N3144",7409.550815
"2170","1kmE3840N3145",6360.031008
"2171","1kmE3840N3146",6895.9366245
"2172","1kmE3840N3147",4084.831115
"2173","1kmE3840N3148",5101.693613
"2174","1kmE3840N3149",4649.18409
"2175","1kmE3840N3150",2100.589354
"2176","1kmE3840N3151",6243.2466915
"2177","1kmE3840N3152",9869.5118065
"2178","1kmE3840N3153",8786.762712
"2179","1kmE3840N3154",12165.898538
"2180","1kmE3840N3155",7864.886376
"2181","1kmE3840N3156",2171.565247
"2182","1kmE3841N3090",572.5185
"2183","1kmE3841N3091",895.622533499999
"2184","1kmE3841N3092",884.300262
"2185","1kmE3841N3093",2570.563192
"2186","1kmE3841N3094",2848.261276
"2187","1kmE3841N3095",6990.203035
"2188","1kmE3841N3096",4280.171125
"2189","1kmE3841N3097",7058.898932
"2190","1kmE3841N3098",8136.0325605
"2191","1kmE3841N3099",9914.5784385
"2192","1kmE3841N3100",7199.1482465
"2193","1kmE3841N3101",7432.8305375
"2194","1kmE3841N3102",12790.5490205
"2195","1kmE3841N3103",11118.581039
"2196","1kmE3841N3104",5095.3031765
"2197","1kmE3841N3105",4936.2530205
"2198","1kmE3841N3106",4233.3018345
"2199","1kmE3841N3107",2843.794785
"2200","1kmE3841N3108",4124.927826
"2201","1kmE3841N3109",1124.861496
"2202","1kmE3841N3110",2832.394522
"2203","1kmE3841N3111",4845.223863
"2204","1kmE3841N3112",6101.2115305
"2205","1kmE3841N3113",6768.034934
"2206","1kmE3841N3114",8416.5285925
"2207","1kmE3841N3115",5640.4455445
"2208","1kmE3841N3116",1587.2043955
"2209","1kmE3841N3117",2763.941216
"2210","1kmE3841N3118",5190.5192215
"2211","1kmE3841N3119",2495.281851
"2212","1kmE3841N3120",3429.651871
"2213","1kmE3841N3121",6247.7544335
"2214","1kmE3841N3122",2805.616368
"2215","1kmE3841N3123",2046.2509705
"2216","1kmE3841N3124",3722.8228945
"2217","1kmE3841N3125",8147.221111
"2218","1kmE3841N3126",3742.071276
"2219","1kmE3841N3127",4133.54555
"2220","1kmE3841N3128",8994.904898
"2221","1kmE3841N3129",8019.9735465
"2222","1kmE3841N3130",4769.9027915
"2223","1kmE3841N3131",3325.5693045
"2224","1kmE3841N3132",3184.961623
"2225","1kmE3841N3133",7213.3791305
"2226","1kmE3841N3134",5070.0714455
"2227","1kmE3841N3135",4579.863936
"2228","1kmE3841N3136",5262.3764145
"2229","1kmE3841N3137",5459.9274145
"2230","1kmE3841N3138",8950.877952
"2231","1kmE3841N3139",11175.016089
"2232","1kmE3841N3140",8365.9904055
"2233","1kmE3841N3141",9451.190862
"2234","1kmE3841N3142",13489.7502295
"2235","1kmE3841N3143",9438.5438425
"2236","1kmE3841N3144",8291.3335665
"2237","1kmE3841N3145",9579.025593
"2238","1kmE3841N3146",7164.909148
"2239","1kmE3841N3147",5305.0496615
"2240","1kmE3841N3148",3616.166449
"2241","1kmE3841N3149",5836.3368645
"2242","1kmE3841N3150",4931.3036335
"2243","1kmE3841N3151",4962.8394515
"2244","1kmE3841N3152",8716.8540995
"2245","1kmE3841N3153",11490.2230665
"2246","1kmE3841N3154",9154.5192075
"2247","1kmE3841N3155",7514.1711745
"2248","1kmE3841N3156",1867.585616
"2249","1kmE3842N3088",205.0163895
"2250","1kmE3842N3090",744.305799
"2251","1kmE3842N3091",1193.1128675
"2252","1kmE3842N3092",1082.820743
"2253","1kmE3842N3093",2169.7815045
"2254","1kmE3842N3094",6814.955906
"2255","1kmE3842N3095",8613.9913905
"2256","1kmE3842N3096",4977.128932
"2257","1kmE3842N3097",6511.1867545
"2258","1kmE3842N3098",10947.8601735
"2259","1kmE3842N3099",11496.584905
"2260","1kmE3842N3100",4705.311323
"2261","1kmE3842N3101",3601.6632135
"2262","1kmE3842N3102",8309.526462
"2263","1kmE3842N3103",8795.0726665
"2264","1kmE3842N3104",5290.561256
"2265","1kmE3842N3105",3932.4593235
"2266","1kmE3842N3106",5199.5850475
"2267","1kmE3842N3107",2895.808924
"2268","1kmE3842N3108",5416.516897
"2269","1kmE3842N3109",1518.621615
"2270","1kmE3842N3110",5855.8590175
"2271","1kmE3842N3111",5017.885552
"2272","1kmE3842N3112",6642.1846375
"2273","1kmE3842N3113",7689.995623
"2274","1kmE3842N3114",10418.833305
"2275","1kmE3842N3115",10074.6811805
"2276","1kmE3842N3116",3990.2076915
"2277","1kmE3842N3117",2843.311859
"2278","1kmE3842N3118",2946.740364
"2279","1kmE3842N3119",2026.9144715
"2280","1kmE3842N3120",1941.9362225
"2281","1kmE3842N3121",2414.255372
"2282","1kmE3842N3122",1984.5673635
"2283","1kmE3842N3123",2365.083791
"2284","1kmE3842N3124",4298.1708455
"2285","1kmE3842N3125",7155.886462
"2286","1kmE3842N3126",2683.046924
"2287","1kmE3842N3127",3556.218735
"2288","1kmE3842N3128",5382.915581
"2289","1kmE3842N3129",5963.436717
"2290","1kmE3842N3130",4556.0344815
"2291","1kmE3842N3131",3563.0514055
"2292","1kmE3842N3132",3488.3254455
"2293","1kmE3842N3133",7836.9392585
"2294","1kmE3842N3134",5302.4397365
"2295","1kmE3842N3135",7346.728718
"2296","1kmE3842N3136",3978.0991525
"2297","1kmE3842N3137",6915.0807135
"2298","1kmE3842N3138",10173.806964
"2299","1kmE3842N3139",14493.61718
"2300","1kmE3842N3140",8755.6635535
"2301","1kmE3842N3141",6812.929281
"2302","1kmE3842N3142",10809.9353315
"2303","1kmE3842N3143",8646.120719
"2304","1kmE3842N3144",9979.847662
"2305","1kmE3842N3145",11579.693876
"2306","1kmE3842N3146",10268.7798745
"2307","1kmE3842N3147",8210.3867675
"2308","1kmE3842N3148",4729.738491
"2309","1kmE3842N3149",7250.5595365
"2310","1kmE3842N3150",4959.7055025
"2311","1kmE3842N3151",5348.4024125
"2312","1kmE3842N3152",6097.9512565
"2313","1kmE3842N3153",7888.4292015
"2314","1kmE3842N3154",6896.943785
"2315","1kmE3842N3155",7791.64714
"2316","1kmE3842N3156",1732.439943
"2317","1kmE3843N3084",403.8964465
"2318","1kmE3843N3090",546.1853075
"2319","1kmE3843N3091",1233.463909
"2320","1kmE3843N3092",1447.064433
"2321","1kmE3843N3093",1325.8687465
"2322","1kmE3843N3094",4538.5113775
"2323","1kmE3843N3095",5054.7345675
"2324","1kmE3843N3096",6248.683867
"2325","1kmE3843N3097",7799.163336
"2326","1kmE3843N3098",7202.6565125
"2327","1kmE3843N3099",8520.871589
"2328","1kmE3843N3100",6372.661986
"2329","1kmE3843N3101",5753.144587
"2330","1kmE3843N3102",7808.6587545
"2331","1kmE3843N3103",7407.247685
"2332","1kmE3843N3104",5956.699837
"2333","1kmE3843N3105",3724.1878615
"2334","1kmE3843N3106",4771.9353445
"2335","1kmE3843N3107",5760.527661
"2336","1kmE3843N3108",320.3968825
"2337","1kmE3843N3109",1823.154315
"2338","1kmE3843N3110",4110.840922
"2339","1kmE3843N3111",6760.820892
"2340","1kmE3843N3112",8089.4185
"2341","1kmE3843N3113",4529.5600935
"2342","1kmE3843N3114",5641.048046
"2343","1kmE3843N3115",5102.6224385
"2344","1kmE3843N3116",3734.32003
"2345","1kmE3843N3117",3063.5955765
"2346","1kmE3843N3118",3354.9455705
"2347","1kmE3843N3119",1558.4908295
"2348","1kmE3843N3120",621.4082745
"2349","1kmE3843N3121",1770.997398
"2350","1kmE3843N3122",1873.229071
"2351","1kmE3843N3123",1382.4412195
"2352","1kmE3843N3124",4286.689677
"2353","1kmE3843N3125",6524.8533005
"2354","1kmE3843N3126",2306.431328
"2355","1kmE3843N3127",3207.586563
"2356","1kmE3843N3128",4402.8141655
"2357","1kmE3843N3129",3852.010501
"2358","1kmE3843N3130",5494.739432
"2359","1kmE3843N3131",5182.2843455
"2360","1kmE3843N3132",5099.929037
"2361","1kmE3843N3133",6009.2673365
"2362","1kmE3843N3134",8087.178973
"2363","1kmE3843N3135",9868.5871945
"2364","1kmE3843N3136",9787.592905
"2365","1kmE3843N3137",9556.0466745
"2366","1kmE3843N3138",11231.424111
"2367","1kmE3843N3139",13747.997931
"2368","1kmE3843N3140",12077.4444295
"2369","1kmE3843N3141",9563.134519
"2370","1kmE3843N3142",9144.7959525
"2371","1kmE3843N3143",7279.3144045
"2372","1kmE3843N3144",11293.1888655
"2373","1kmE3843N3145",12917.7353385
"2374","1kmE3843N3146",9916.182024
"2375","1kmE3843N3147",7747.5567915
"2376","1kmE3843N3148",4891.709268
"2377","1kmE3843N3149",3338.3172435
"2378","1kmE3843N3150",3938.455959
"2379","1kmE3843N3151",4986.734754
"2380","1kmE3843N3152",5235.935784
"2381","1kmE3843N3153",7373.3701215
"2382","1kmE3843N3154",5695.907061
"2383","1kmE3843N3155",6096.074085
"2384","1kmE3843N3156",4830.1717285
"2385","1kmE3843N3157",1535.8256215
"2386","1kmE3844N3090",877.997322999999
"2387","1kmE3844N3091",1264.869103
"2388","1kmE3844N3092",1689.331011
"2389","1kmE3844N3093",1339.217088
"2390","1kmE3844N3094",3967.064958
"2391","1kmE3844N3095",6122.154345
"2392","1kmE3844N3096",6360.884849
"2393","1kmE3844N3097",7133.3820335
"2394","1kmE3844N3098",9257.608178
"2395","1kmE3844N3099",11469.744564
"2396","1kmE3844N3100",13814.657866
"2397","1kmE3844N3101",14092.639461
"2398","1kmE3844N3102",7127.609384
"2399","1kmE3844N3103",7383.319821
"2400","1kmE3844N3104",6067.0452495
"2401","1kmE3844N3105",5125.2349075
"2402","1kmE3844N3106",5014.5002635
"2403","1kmE3844N3107",4868.07574
"2404","1kmE3844N3108",4933.945685
"2405","1kmE3844N3109",906.773801999999
"2406","1kmE3844N3110",4202.154981
"2407","1kmE3844N3111",5814.3212405
"2408","1kmE3844N3112",5458.39084
"2409","1kmE3844N3113",4119.3947765
"2410","1kmE3844N3114",3367.478294
"2411","1kmE3844N3115",4168.8679295
"2412","1kmE3844N3116",2380.8539845
"2413","1kmE3844N3117",2769.1796285
"2414","1kmE3844N3118",4701.461589
"2415","1kmE3844N3119",4423.9024155
"2416","1kmE3844N3120",4567.0368875
"2417","1kmE3844N3121",1233.9277495
"2418","1kmE3844N3122",3157.8396905
"2419","1kmE3844N3123",6049.2574225
"2420","1kmE3844N3124",1724.520146
"2421","1kmE3844N3125",2209.768719
"2422","1kmE3844N3126",3484.01649
"2423","1kmE3844N3127",2449.388159
"2424","1kmE3844N3128",1789.2698045
"2425","1kmE3844N3129",3439.6348155
"2426","1kmE3844N3130",4907.688755
"2427","1kmE3844N3131",4263.252315
"2428","1kmE3844N3132",4290.378303
"2429","1kmE3844N3133",5447.72142
"2430","1kmE3844N3134",10524.8625995
"2431","1kmE3844N3135",10113.662866
"2432","1kmE3844N3136",9757.724095
"2433","1kmE3844N3137",11077.176875
"2434","1kmE3844N3138",13456.342906
"2435","1kmE3844N3139",13162.6141245
"2436","1kmE3844N3140",11554.9542805
"2437","1kmE3844N3141",12429.6535555
"2438","1kmE3844N3142",13255.503237
"2439","1kmE3844N3143",12771.336506
"2440","1kmE3844N3144",13950.110126
"2441","1kmE3844N3145",13670.6626595
"2442","1kmE3844N3146",14006.210552
"2443","1kmE3844N3147",9876.8551625
"2444","1kmE3844N3148",8985.917215
"2445","1kmE3844N3149",10195.8241965
"2446","1kmE3844N3150",9253.250762
"2447","1kmE3844N3151",6649.5679455
"2448","1kmE3844N3152",8287.013643
"2449","1kmE3844N3153",9335.3426415
"2450","1kmE3844N3154",5038.6222675
"2451","1kmE3844N3155",5850.80825
"2452","1kmE3844N3156",11722.1313915
"2453","1kmE3844N3157",7591.163139
"2454","1kmE3844N3158",714.2685935
"2455","1kmE3844N3213",205.016391
"2456","1kmE3845N3090",205.016391
"2457","1kmE3845N3091",395.0284055
"2458","1kmE3845N3092",1456.097797
"2459","1kmE3845N3093",2031.237869
"2460","1kmE3845N3094",4251.9239715
"2461","1kmE3845N3095",5554.564152
"2462","1kmE3845N3096",6598.353697
"2463","1kmE3845N3097",8747.7711635
"2464","1kmE3845N3098",13219.452165
"2465","1kmE3845N3099",12295.372812
"2466","1kmE3845N3100",12717.724581
"2467","1kmE3845N3101",12394.793915
"2468","1kmE3845N3102",9899.0188635
"2469","1kmE3845N3103",5796.0670265
"2470","1kmE3845N3104",5986.119812
"2471","1kmE3845N3105",6318.8554545
"2472","1kmE3845N3106",4139.253618
"2473","1kmE3845N3107",3930.713311
"2474","1kmE3845N3108",4841.03174
"2475","1kmE3845N3109",2367.475915
"2476","1kmE3845N3110",2334.0679575
"2477","1kmE3845N3111",10298.9870845
"2478","1kmE3845N3112",11895.815537
"2479","1kmE3845N3113",8668.757312
"2480","1kmE3845N3114",3496.0742225
"2481","1kmE3845N3115",7122.537182
"2482","1kmE3845N3116",8793.3640295
"2483","1kmE3845N3117",4653.2354125
"2484","1kmE3845N3118",3071.0856095
"2485","1kmE3845N3119",5382.3763165
"2486","1kmE3845N3120",6485.660957
"2487","1kmE3845N3121",1769.94115
"2488","1kmE3845N3122",6453.6376
"2489","1kmE3845N3123",6994.50981
"2490","1kmE3845N3124",3175.4501435
"2491","1kmE3845N3125",2053.441587
"2492","1kmE3845N3126",3517.8548285
"2493","1kmE3845N3127",1504.207616
"2494","1kmE3845N3128",3205.0138
"2495","1kmE3845N3129",3922.246923
"2496","1kmE3845N3130",5311.3351355
"2497","1kmE3845N3131",5181.8104275
"2498","1kmE3845N3132",4615.766522
"2499","1kmE3845N3133",4983.9683765
"2500","1kmE3845N3134",10642.600344
"2501","1kmE3845N3135",10862.490671
"2502","1kmE3845N3136",7721.5306935
"2503","1kmE3845N3137",10144.7526035
"2504","1kmE3845N3138",13608.0916395
"2505","1kmE3845N3139",13166.3131175
"2506","1kmE3845N3140",13306.875513
"2507","1kmE3845N3141",11581.6470095
"2508","1kmE3845N3142",14207.065962
"2509","1kmE3845N3143",14263.18516
"2510","1kmE3845N3144",14071.04217
"2511","1kmE3845N3145",12335.9138315
"2512","1kmE3845N3146",14462.2110625
"2513","1kmE3845N3147",10712.909564
"2514","1kmE3845N3148",9633.550148
"2515","1kmE3845N3149",9187.426293
"2516","1kmE3845N3150",11547.8814465
"2517","1kmE3845N3151",10343.776397
"2518","1kmE3845N3152",11105.4007895
"2519","1kmE3845N3153",11810.7315525
"2520","1kmE3845N3154",9796.258784
"2521","1kmE3845N3155",9695.626208
"2522","1kmE3845N3156",14051.9521015
"2523","1kmE3845N3157",15662.152072
"2524","1kmE3845N3158",6571.393735
"2525","1kmE3845N3159",577.277108499999
"2526","1kmE3846N3081",205.0163905
"2527","1kmE3846N3091",205.0163905
"2528","1kmE3846N3092",589.8592495
"2529","1kmE3846N3093",2532.5997405
"2530","1kmE3846N3094",5342.843294
"2531","1kmE3846N3095",4525.8751315
"2532","1kmE3846N3096",3375.4091795
"2533","1kmE3846N3097",10844.1154485
"2534","1kmE3846N3098",12677.122595
"2535","1kmE3846N3099",10012.9300775
"2536","1kmE3846N3100",9242.5004695
"2537","1kmE3846N3101",10229.6413955
"2538","1kmE3846N3102",9551.0299795
"2539","1kmE3846N3103",6305.1237185
"2540","1kmE3846N3104",6831.4346665
"2541","1kmE3846N3105",6842.9520165
"2542","1kmE3846N3106",4458.809026
"2543","1kmE3846N3107",2110.745981
"2544","1kmE3846N3108",1756.9075125
"2545","1kmE3846N3109",1634.5941155
"2546","1kmE3846N3110",4760.792802
"2547","1kmE3846N3111",9482.162441
"2548","1kmE3846N3112",9939.546097
"2549","1kmE3846N3113",3885.489643
"2550","1kmE3846N3114",6858.833866
"2551","1kmE3846N3115",10402.2131115
"2552","1kmE3846N3116",15247.324038
"2553","1kmE3846N3117",12024.004952
"2554","1kmE3846N3118",6402.787017
"2555","1kmE3846N3119",4211.890086
"2556","1kmE3846N3120",5526.503801
"2557","1kmE3846N3121",3636.4494375
"2558","1kmE3846N3122",3679.679677
"2559","1kmE3846N3123",3049.649476
"2560","1kmE3846N3124",2189.9522435
"2561","1kmE3846N3125",3066.3989195
"2562","1kmE3846N3126",3770.2167535
"2563","1kmE3846N3127",3803.420348
"2564","1kmE3846N3128",5896.254629
"2565","1kmE3846N3129",5275.434833
"2566","1kmE3846N3130",6019.671263
"2567","1kmE3846N3131",5641.3912645
"2568","1kmE3846N3132",6416.7403125
"2569","1kmE3846N3133",6896.1894965
"2570","1kmE3846N3134",12019.1659825
"2571","1kmE3846N3135",10546.333472
"2572","1kmE3846N3136",8802.2300385
"2573","1kmE3846N3137",12100.6809935
"2574","1kmE3846N3138",16483.435975
"2575","1kmE3846N3139",12149.907276
"2576","1kmE3846N3140",12591.3264145
"2577","1kmE3846N3141",10557.4924545
"2578","1kmE3846N3142",14080.5972115
"2579","1kmE3846N3143",12147.758499
"2580","1kmE3846N3144",13033.5139975
"2581","1kmE3846N3145",13906.661572
"2582","1kmE3846N3146",13239.4555645
"2583","1kmE3846N3147",12424.7983355
"2584","1kmE3846N3148",11352.17003
"2585","1kmE3846N3149",13389.2170405
"2586","1kmE3846N3150",12263.8429805
"2587","1kmE3846N3151",10115.4493415
"2588","1kmE3846N3152",7951.346514
"2589","1kmE3846N3153",8777.960114
"2590","1kmE3846N3154",12005.117179
"2591","1kmE3846N3155",9767.905383
"2592","1kmE3846N3156",13480.347817
"2593","1kmE3846N3157",16945.1761915
"2594","1kmE3846N3158",9847.30815
"2595","1kmE3846N3159",4297.138098
"2596","1kmE3847N3091",690.1634445
"2597","1kmE3847N3092",1256.2007075
"2598","1kmE3847N3093",1747.2399795
"2599","1kmE3847N3094",3924.046656
"2600","1kmE3847N3095",5427.052104
"2601","1kmE3847N3096",5572.7288885
"2602","1kmE3847N3097",6218.5579865
"2603","1kmE3847N3098",8682.5452575
"2604","1kmE3847N3099",8504.5267685
"2605","1kmE3847N3100",10089.7613815
"2606","1kmE3847N3101",9472.796371
"2607","1kmE3847N3102",9641.1098025
"2608","1kmE3847N3103",5302.0974975
"2609","1kmE3847N3104",5460.6537915
"2610","1kmE3847N3105",5896.9175845
"2611","1kmE3847N3106",3916.1206165
"2612","1kmE3847N3107",2912.290357
"2613","1kmE3847N3108",682.362611
"2614","1kmE3847N3109",2611.4506475
"2615","1kmE3847N3110",6449.3058875
"2616","1kmE3847N3111",6464.8777885
"2617","1kmE3847N3112",5270.5479135
"2618","1kmE3847N3113",8526.993793
"2619","1kmE3847N3114",8956.6980715
"2620","1kmE3847N3115",7239.562166
"2621","1kmE3847N3116",8296.6209545
"2622","1kmE3847N3117",7996.277374
"2623","1kmE3847N3118",8112.849254
"2624","1kmE3847N3119",5847.2021285
"2625","1kmE3847N3120",5195.659794
"2626","1kmE3847N3121",4347.632521
"2627","1kmE3847N3122",7189.3623075
"2628","1kmE3847N3123",3876.1084565
"2629","1kmE3847N3124",1970.4149985
"2630","1kmE3847N3125",2768.880627
"2631","1kmE3847N3126",4644.4176135
"2632","1kmE3847N3127",5339.002541
"2633","1kmE3847N3128",6347.7727995
"2634","1kmE3847N3129",9491.658146
"2635","1kmE3847N3130",9295.2901725
"2636","1kmE3847N3131",8778.0885505
"2637","1kmE3847N3132",7412.7933035
"2638","1kmE3847N3133",10627.620203
"2639","1kmE3847N3134",13863.1215845
"2640","1kmE3847N3135",14386.9760225
"2641","1kmE3847N3136",12972.3022255
"2642","1kmE3847N3137",12920.9903735
"2643","1kmE3847N3138",13536.7613845
"2644","1kmE3847N3139",14417.149374
"2645","1kmE3847N3140",14835.4172055
"2646","1kmE3847N3141",15107.724847
"2647","1kmE3847N3142",16154.0680385
"2648","1kmE3847N3143",14896.0064825
"2649","1kmE3847N3144",14796.2304545
"2650","1kmE3847N3145",14209.1539665
"2651","1kmE3847N3146",15156.6481995
"2652","1kmE3847N3147",12304.1229815
"2653","1kmE3847N3148",13605.400844
"2654","1kmE3847N3149",14842.3805275
"2655","1kmE3847N3150",14055.8010795
"2656","1kmE3847N3151",11938.379239
"2657","1kmE3847N3152",9030.921188
"2658","1kmE3847N3153",10809.7450945
"2659","1kmE3847N3154",10603.435287
"2660","1kmE3847N3155",9846.0264435
"2661","1kmE3847N3156",12740.9263915
"2662","1kmE3847N3157",15208.7278155
"2663","1kmE3847N3158",9867.160864
"2664","1kmE3847N3159",4677.7828755
"2665","1kmE3847N3161",205.01639
"2666","1kmE3848N3089",597.4465085
"2667","1kmE3848N3090",2452.1472015
"2668","1kmE3848N3091",2698.9973285
"2669","1kmE3848N3092",2068.8552105
"2670","1kmE3848N3093",2540.273421
"2671","1kmE3848N3094",9854.817098
"2672","1kmE3848N3095",8004.060846
"2673","1kmE3848N3096",6200.5835975
"2674","1kmE3848N3097",4804.469156
"2675","1kmE3848N3098",11094.8372685
"2676","1kmE3848N3099",10826.6628855
"2677","1kmE3848N3100",11605.664782
"2678","1kmE3848N3101",13375.50671
"2679","1kmE3848N3102",10572.5861395
"2680","1kmE3848N3103",11526.602687
"2681","1kmE3848N3104",8138.598888
"2682","1kmE3848N3105",8168.7737
"2683","1kmE3848N3106",7464.3646535
"2684","1kmE3848N3107",4999.5679505
"2685","1kmE3848N3108",1452.424191
"2686","1kmE3848N3109",4559.065791
"2687","1kmE3848N3110",8726.8693635
"2688","1kmE3848N3111",7051.20362
"2689","1kmE3848N3112",3963.893975
"2690","1kmE3848N3113",6394.6868155
"2691","1kmE3848N3114",6889.0565645
"2692","1kmE3848N3115",5829.785375
"2693","1kmE3848N3116",5630.724503
"2694","1kmE3848N3117",6513.914725
"2695","1kmE3848N3118",6496.0064505
"2696","1kmE3848N3119",5783.5026935
"2697","1kmE3848N3120",4583.0964095
"2698","1kmE3848N3121",4320.4299885
"2699","1kmE3848N3122",8216.340627
"2700","1kmE3848N3123",5640.089068
"2701","1kmE3848N3124",1044.160135
"2702","1kmE3848N3125",2691.194688
"2703","1kmE3848N3126",4540.267924
"2704","1kmE3848N3127",4550.2081
"2705","1kmE3848N3128",5060.217239
"2706","1kmE3848N3129",6905.0793285
"2707","1kmE3848N3130",9413.0198605
"2708","1kmE3848N3131",6818.3835725
"2709","1kmE3848N3132",4523.761727
"2710","1kmE3848N3133",12384.1123475
"2711","1kmE3848N3134",14155.759883
"2712","1kmE3848N3135",14558.6044225
"2713","1kmE3848N3136",13219.253544
"2714","1kmE3848N3137",14130.6875285
"2715","1kmE3848N3138",15449.3607145
"2716","1kmE3848N3139",13208.2909345
"2717","1kmE3848N3140",17835.1995975
"2718","1kmE3848N3141",15938.798601
"2719","1kmE3848N3142",18841.788457
"2720","1kmE3848N3143",18139.745203
"2721","1kmE3848N3144",18112.003754
"2722","1kmE3848N3145",17708.102993
"2723","1kmE3848N3146",15292.128538
"2724","1kmE3848N3147",14748.1866665
"2725","1kmE3848N3148",15019.4509895
"2726","1kmE3848N3149",13170.6464935
"2727","1kmE3848N3150",13242.1518185
"2728","1kmE3848N3151",12108.1325815
"2729","1kmE3848N3152",9683.9848
"2730","1kmE3848N3153",9941.6653355
"2731","1kmE3848N3154",12086.9354625
"2732","1kmE3848N3155",11763.878252
"2733","1kmE3848N3156",13359.821707
"2734","1kmE3848N3157",13918.417813
"2735","1kmE3848N3158",11397.4652235
"2736","1kmE3848N3159",2043.5225055
"2737","1kmE3849N3089",1184.7987265
"2738","1kmE3849N3090",2200.081978
"2739","1kmE3849N3091",3186.124627
"2740","1kmE3849N3092",2810.573113
"2741","1kmE3849N3093",4585.716912
"2742","1kmE3849N3094",11803.708684
"2743","1kmE3849N3095",8866.4948795
"2744","1kmE3849N3096",4764.446344
"2745","1kmE3849N3097",4911.3569435
"2746","1kmE3849N3098",12201.6841735
"2747","1kmE3849N3099",11157.4309575
"2748","1kmE3849N3100",12365.4534645
"2749","1kmE3849N3101",12095.2509765
"2750","1kmE3849N3102",11782.0489205
"2751","1kmE3849N3103",10260.427512
"2752","1kmE3849N3104",10376.643669
"2753","1kmE3849N3105",9656.2787755
"2754","1kmE3849N3106",9769.293481
"2755","1kmE3849N3107",4995.9748235
"2756","1kmE3849N3108",2787.431184
"2757","1kmE3849N3109",6031.986842
"2758","1kmE3849N3110",10542.6424495
"2759","1kmE3849N3111",9212.1010095
"2760","1kmE3849N3112",3996.727475
"2761","1kmE3849N3113",4246.8016545
"2762","1kmE3849N3114",7254.889173
"2763","1kmE3849N3115",5162.4105635
"2764","1kmE3849N3116",5687.636595
"2765","1kmE3849N3117",6554.9203925
"2766","1kmE3849N3118",6788.8133935
"2767","1kmE3849N3119",5712.0913785
"2768","1kmE3849N3120",5038.3416395
"2769","1kmE3849N3121",4891.684369
"2770","1kmE3849N3122",4318.42098
"2771","1kmE3849N3123",1043.634828
"2772","1kmE3849N3124",2548.5600605
"2773","1kmE3849N3125",2515.8768015
"2774","1kmE3849N3126",5095.9948165
"2775","1kmE3849N3127",3927.733541
"2776","1kmE3849N3128",4342.139024
"2777","1kmE3849N3129",5457.744558
"2778","1kmE3849N3130",7086.0936405
"2779","1kmE3849N3131",5712.8199325
"2780","1kmE3849N3132",5510.6677875
"2781","1kmE3849N3133",9681.1976185
"2782","1kmE3849N3134",13461.408257
"2783","1kmE3849N3135",14289.338111
"2784","1kmE3849N3136",13155.146905
"2785","1kmE3849N3137",17021.0010645
"2786","1kmE3849N3138",17720.2846805
"2787","1kmE3849N3139",17427.1779925
"2788","1kmE3849N3140",16384.9281785
"2789","1kmE3849N3141",17741.967791
"2790","1kmE3849N3142",17664.4451985
"2791","1kmE3849N3143",14039.980022
"2792","1kmE3849N3144",16094.6332425
"2793","1kmE3849N3145",16751.479698
"2794","1kmE3849N3146",15792.344805
"2795","1kmE3849N3147",11728.014879
"2796","1kmE3849N3148",11903.737576
"2797","1kmE3849N3149",9456.3766055
"2798","1kmE3849N3150",8983.572877
"2799","1kmE3849N3151",10516.2214765
"2800","1kmE3849N3152",9946.806179
"2801","1kmE3849N3153",9850.5399645
"2802","1kmE3849N3154",10557.173949
"2803","1kmE3849N3155",12624.8532815
"2804","1kmE3849N3156",13561.2568605
"2805","1kmE3849N3157",16071.177705
"2806","1kmE3849N3158",13887.9320705
"2807","1kmE3849N3159",577.2771115
"2808","1kmE3849N3160",205.01639
"2809","1kmE3850N3089",1905.8865995
"2810","1kmE3850N3090",3936.4076505
"2811","1kmE3850N3091",3036.7059415
"2812","1kmE3850N3092",3679.2475045
"2813","1kmE3850N3093",5215.874201
"2814","1kmE3850N3094",5055.7110795
"2815","1kmE3850N3095",2902.0287815
"2816","1kmE3850N3096",2482.9850425
"2817","1kmE3850N3097",6996.0098565
"2818","1kmE3850N3098",11152.7392945
"2819","1kmE3850N3099",8390.246129
"2820","1kmE3850N3100",8451.4109105
"2821","1kmE3850N3101",13329.763872
"2822","1kmE3850N3102",16355.16751
"2823","1kmE3850N3103",12216.7480655
"2824","1kmE3850N3104",13564.852767
"2825","1kmE3850N3105",8321.9653745
"2826","1kmE3850N3106",11225.875196
"2827","1kmE3850N3107",4543.831007
"2828","1kmE3850N3108",2365.5952595
"2829","1kmE3850N3109",3334.228183
"2830","1kmE3850N3110",3506.798792
"2831","1kmE3850N3111",2797.4065165
"2832","1kmE3850N3112",2913.6633455
"2833","1kmE3850N3113",3736.2407655
"2834","1kmE3850N3114",3690.2200955
"2835","1kmE3850N3115",5796.550298
"2836","1kmE3850N3116",5329.49915
"2837","1kmE3850N3117",4936.774711
"2838","1kmE3850N3118",5264.027735
"2839","1kmE3850N3119",4204.39053
"2840","1kmE3850N3120",5934.304582
"2841","1kmE3850N3121",5726.7947855
"2842","1kmE3850N3122",2377.748281
"2843","1kmE3850N3123",1534.4629985
"2844","1kmE3850N3124",5769.399678
"2845","1kmE3850N3125",2675.605634
"2846","1kmE3850N3126",5066.254054
"2847","1kmE3850N3127",7749.38801
"2848","1kmE3850N3128",6833.4651885
"2849","1kmE3850N3129",5931.983225
"2850","1kmE3850N3130",6525.1807765
"2851","1kmE3850N3131",10014.1045555
"2852","1kmE3850N3132",9694.297957
"2853","1kmE3850N3133",10038.076723
"2854","1kmE3850N3134",12298.2356555
"2855","1kmE3850N3135",10844.7940175
"2856","1kmE3850N3136",12615.5927995
"2857","1kmE3850N3137",16234.1025465
"2858","1kmE3850N3138",17831.6581605
"2859","1kmE3850N3139",14136.6627925
"2860","1kmE3850N3140",13344.3285055
"2861","1kmE3850N3141",15908.9388085
"2862","1kmE3850N3142",18989.591064
"2863","1kmE3850N3143",16571.1915485
"2864","1kmE3850N3144",16676.8831615
"2865","1kmE3850N3145",16322.7739895
"2866","1kmE3850N3146",17480.2754755
"2867","1kmE3850N3147",10838.2300385
"2868","1kmE3850N3148",7873.429711
"2869","1kmE3850N3149",9493.6615475
"2870","1kmE3850N3150",9072.935449
"2871","1kmE3850N3151",4250.309768
"2872","1kmE3850N3152",4167.7195275
"2873","1kmE3850N3153",8392.303081
"2874","1kmE3850N3154",9941.0318615
"2875","1kmE3850N3155",12221.0793515
"2876","1kmE3850N3156",12110.9980525
"2877","1kmE3850N3157",12017.018994
"2878","1kmE3850N3158",12323.368509
"2879","1kmE3850N3159",1927.5276245
"2880","1kmE3851N3088",2593.372715
"2881","1kmE3851N3089",8476.892705
"2882","1kmE3851N3090",4980.5774175
"2883","1kmE3851N3091",8762.8871585
"2884","1kmE3851N3092",7770.7027945
"2885","1kmE3851N3093",4701.915557
"2886","1kmE3851N3094",5637.571623
"2887","1kmE3851N3095",5422.789297
"2888","1kmE3851N3096",4713.2816215
"2889","1kmE3851N3097",7638.0345785
"2890","1kmE3851N3098",11308.598676
"2891","1kmE3851N3099",8696.138131
"2892","1kmE3851N3100",7889.321275
"2893","1kmE3851N3101",13511.740134
"2894","1kmE3851N3102",16658.6200315
"2895","1kmE3851N3103",12171.400917
"2896","1kmE3851N3104",10481.5710655
"2897","1kmE3851N3105",11445.725596
"2898","1kmE3851N3106",13852.604286
"2899","1kmE3851N3107",5496.0407575
"2900","1kmE3851N3108",2698.060528
"2901","1kmE3851N3109",3659.3358105
"2902","1kmE3851N3110",4114.626377
"2903","1kmE3851N3111",1547.353844
"2904","1kmE3851N3112",2137.072785
"2905","1kmE3851N3113",2313.4532475
"2906","1kmE3851N3114",1736.4855635
"2907","1kmE3851N3115",1948.077333
"2908","1kmE3851N3116",1055.7456055
"2909","1kmE3851N3117",3088.2999215
"2910","1kmE3851N3118",3672.9684615
"2911","1kmE3851N3119",3107.6544505
"2912","1kmE3851N3120",8125.9215735
"2913","1kmE3851N3121",5530.0108985
"2914","1kmE3851N3122",5665.8248355
"2915","1kmE3851N3123",1280.2727485
"2916","1kmE3851N3124",5014.2396245
"2917","1kmE3851N3125",4980.360303
"2918","1kmE3851N3126",5420.9572805
"2919","1kmE3851N3127",6272.3668055
"2920","1kmE3851N3128",6215.863391
"2921","1kmE3851N3129",8337.768177
"2922","1kmE3851N3130",12420.529442
"2923","1kmE3851N3131",12933.1264785
"2924","1kmE3851N3132",14566.83863
"2925","1kmE3851N3133",13971.2496595
"2926","1kmE3851N3134",14074.3021535
"2927","1kmE3851N3135",13403.1609245
"2928","1kmE3851N3136",14034.9986505
"2929","1kmE3851N3137",16253.0317895
"2930","1kmE3851N3138",15153.487646
"2931","1kmE3851N3139",12975.193131
"2932","1kmE3851N3140",13324.483741
"2933","1kmE3851N3141",16621.738491
"2934","1kmE3851N3142",18749.2613875
"2935","1kmE3851N3143",17849.74138
"2936","1kmE3851N3144",16941.1332215
"2937","1kmE3851N3145",15087.27929
"2938","1kmE3851N3146",16257.255714
"2939","1kmE3851N3147",9867.113602
"2940","1kmE3851N3148",11873.718699
"2941","1kmE3851N3149",11036.01981
"2942","1kmE3851N3150",9321.6036215
"2943","1kmE3851N3151",6502.929473
"2944","1kmE3851N3152",6953.6246965
"2945","1kmE3851N3153",9348.9115435
"2946","1kmE3851N3154",12159.062023
"2947","1kmE3851N3155",10973.9928225
"2948","1kmE3851N3156",8204.852629
"2949","1kmE3851N3157",9376.5831885
"2950","1kmE3851N3158",11079.4625605
"2951","1kmE3851N3159",2673.2022055
"2952","1kmE3851N3161",205.016391
"2953","1kmE3852N3087",3083.917428
"2954","1kmE3852N3088",9235.314903
"2955","1kmE3852N3089",5478.112077
"2956","1kmE3852N3090",4441.6496825
"2957","1kmE3852N3091",7795.1238555
"2958","1kmE3852N3092",7193.5687705
"2959","1kmE3852N3093",6996.402837
"2960","1kmE3852N3094",10571.7399475
"2961","1kmE3852N3095",11949.41269
"2962","1kmE3852N3096",11938.299311
"2963","1kmE3852N3097",12469.0274725
"2964","1kmE3852N3098",8704.920126
"2965","1kmE3852N3099",10776.466194
"2966","1kmE3852N3100",11930.171168
"2967","1kmE3852N3101",9594.6686325
"2968","1kmE3852N3102",13620.803266
"2969","1kmE3852N3103",11242.611768
"2970","1kmE3852N3104",7404.3532965
"2971","1kmE3852N3105",9923.7544085
"2972","1kmE3852N3106",12776.788209
"2973","1kmE3852N3107",8400.228612
"2974","1kmE3852N3108",8327.3364735
"2975","1kmE3852N3109",3977.9186255
"2976","1kmE3852N3110",3523.218591
"2977","1kmE3852N3111",2337.4351395
"2978","1kmE3852N3112",7378.44535
"2979","1kmE3852N3113",2396.5933675
"2980","1kmE3852N3114",1695.6525195
"2981","1kmE3852N3115",1170.236276
"2982","1kmE3852N3116",1051.5018
"2983","1kmE3852N3117",3577.6671905
"2984","1kmE3852N3118",4092.8538665
"2985","1kmE3852N3119",3931.6426275
"2986","1kmE3852N3120",11079.5850155
"2987","1kmE3852N3121",6384.0805695
"2988","1kmE3852N3122",7445.946982
"2989","1kmE3852N3123",1796.0116775
"2990","1kmE3852N3124",2666.1868015
"2991","1kmE3852N3125",3777.4428915
"2992","1kmE3852N3126",5379.2175455
"2993","1kmE3852N3127",4711.786699
"2994","1kmE3852N3128",5654.7873525
"2995","1kmE3852N3129",9938.4393535
"2996","1kmE3852N3130",11951.8158515
"2997","1kmE3852N3131",14767.987016
"2998","1kmE3852N3132",14588.975478
"2999","1kmE3852N3133",15206.6238835
"3000","1kmE3852N3134",13514.0811155
"3001","1kmE3852N3135",12179.1792705
"3002","1kmE3852N3136",11737.7101275
"3003","1kmE3852N3137",15781.3876525
"3004","1kmE3852N3138",12638.5342105
"3005","1kmE3852N3139",11431.1521065
"3006","1kmE3852N3140",12524.8478095
"3007","1kmE3852N3141",13915.3237365
"3008","1kmE3852N3142",18316.98774
"3009","1kmE3852N3143",17684.9052685
"3010","1kmE3852N3144",16742.683204
"3011","1kmE3852N3145",15261.1237035
"3012","1kmE3852N3146",11772.558776
"3013","1kmE3852N3147",13221.6870335
"3014","1kmE3852N3148",15477.281929
"3015","1kmE3852N3149",13538.7962645
"3016","1kmE3852N3150",9741.7727695
"3017","1kmE3852N3151",11123.4386575
"3018","1kmE3852N3152",8137.8245725
"3019","1kmE3852N3153",7562.6842005
"3020","1kmE3852N3154",9660.7313585
"3021","1kmE3852N3155",7975.5039525
"3022","1kmE3852N3156",8381.232362
"3023","1kmE3852N3157",10423.7016995
"3024","1kmE3852N3158",11931.9673605
"3025","1kmE3852N3159",1670.9850675
"3026","1kmE3853N3088",3769.385896
"3027","1kmE3853N3089",4460.00068
"3028","1kmE3853N3090",3154.4927885
"3029","1kmE3853N3091",7485.901996
"3030","1kmE3853N3092",4270.4132225
"3031","1kmE3853N3093",10308.6378865
"3032","1kmE3853N3094",13918.606684
"3033","1kmE3853N3095",14589.891892
"3034","1kmE3853N3096",12455.8145645
"3035","1kmE3853N3097",11982.936169
"3036","1kmE3853N3098",9998.808229
"3037","1kmE3853N3099",10971.5006725
"3038","1kmE3853N3100",9291.2298845
"3039","1kmE3853N3101",8494.82974
"3040","1kmE3853N3102",10567.8422415
"3041","1kmE3853N3103",10275.9074475
"3042","1kmE3853N3104",9688.4494725
"3043","1kmE3853N3105",9408.159425
"3044","1kmE3853N3106",6356.591696
"3045","1kmE3853N3107",7413.353187
"3046","1kmE3853N3108",10214.7698465
"3047","1kmE3853N3109",4727.773497
"3048","1kmE3853N3110",3512.265056
"3049","1kmE3853N3111",4708.45138
"3050","1kmE3853N3112",3651.1993325
"3051","1kmE3853N3113",3134.5995405
"3052","1kmE3853N3114",2968.8398755
"3053","1kmE3853N3115",3173.850792
"3054","1kmE3853N3116",2641.6451235
"3055","1kmE3853N3117",3447.2763745
"3056","1kmE3853N3118",3950.1403175
"3057","1kmE3853N3119",10533.814416
"3058","1kmE3853N3120",8641.069155
"3059","1kmE3853N3121",4626.977546
"3060","1kmE3853N3122",5121.6226075
"3061","1kmE3853N3123",2659.697435
"3062","1kmE3853N3124",4888.7254715
"3063","1kmE3853N3125",4111.987833
"3064","1kmE3853N3126",4353.281307
"3065","1kmE3853N3127",6356.961643
"3066","1kmE3853N3128",5299.4270335
"3067","1kmE3853N3129",12685.407407
"3068","1kmE3853N3130",15707.6318635
"3069","1kmE3853N3131",15194.699135
"3070","1kmE3853N3132",14700.437347
"3071","1kmE3853N3133",13546.1212795
"3072","1kmE3853N3134",13423.854561
"3073","1kmE3853N3135",12932.424587
"3074","1kmE3853N3136",7395.699062
"3075","1kmE3853N3137",8690.0780465
"3076","1kmE3853N3138",9015.2313675
"3077","1kmE3853N3139",7136.0797975
"3078","1kmE3853N3140",8700.11065
"3079","1kmE3853N3141",14495.911548
"3080","1kmE3853N3142",15215.1077105
"3081","1kmE3853N3143",11484.511732
"3082","1kmE3853N3144",10364.468
"3083","1kmE3853N3145",10768.4734685
"3084","1kmE3853N3146",13276.170929
"3085","1kmE3853N3147",11547.7910705
"3086","1kmE3853N3148",10279.193639
"3087","1kmE3853N3149",12157.5646105
"3088","1kmE3853N3150",13305.704117
"3089","1kmE3853N3151",11115.7308985
"3090","1kmE3853N3152",9281.712719
"3091","1kmE3853N3153",8496.495865
"3092","1kmE3853N3154",9042.495484
"3093","1kmE3853N3155",8596.9301795
"3094","1kmE3853N3156",8459.104836
"3095","1kmE3853N3157",13752.874579
"3096","1kmE3853N3158",9971.1824275
"3097","1kmE3853N3159",5420.944285
"3098","1kmE3853N3160",2320.216471
"3099","1kmE3854N3079",205.0163905
"3100","1kmE3854N3089",2900.2771745
"3101","1kmE3854N3090",2384.9827885
"3102","1kmE3854N3091",6478.474644
"3103","1kmE3854N3092",3245.0869065
"3104","1kmE3854N3093",11402.7565255
"3105","1kmE3854N3094",14662.188562
"3106","1kmE3854N3095",15290.661141
"3107","1kmE3854N3096",13815.941334
"3108","1kmE3854N3097",13298.6876395
"3109","1kmE3854N3098",11419.7772415
"3110","1kmE3854N3099",9491.4545185
"3111","1kmE3854N3100",4288.6653475
"3112","1kmE3854N3101",8970.084291
"3113","1kmE3854N3102",9758.272582
"3114","1kmE3854N3103",7597.915284
"3115","1kmE3854N3104",6517.873615
"3116","1kmE3854N3105",7093.7985935
"3117","1kmE3854N3106",5224.9592915
"3118","1kmE3854N3107",3403.4206435
"3119","1kmE3854N3108",5990.439849
"3120","1kmE3854N3109",8995.8392015
"3121","1kmE3854N3110",3999.6437095
"3122","1kmE3854N3111",4076.497098
"3123","1kmE3854N3112",4510.402014
"3124","1kmE3854N3113",6063.755416
"3125","1kmE3854N3114",3736.3366795
"3126","1kmE3854N3115",3830.92424
"3127","1kmE3854N3116",3214.138583
"3128","1kmE3854N3117",3732.018316
"3129","1kmE3854N3118",5509.440622
"3130","1kmE3854N3119",11318.824343
"3131","1kmE3854N3120",7220.004484
"3132","1kmE3854N3121",3200.585996
"3133","1kmE3854N3122",4604.758201
"3134","1kmE3854N3123",1838.5609665
"3135","1kmE3854N3124",909.5779905
"3136","1kmE3854N3125",3332.136436
"3137","1kmE3854N3126",8269.034034
"3138","1kmE3854N3127",12832.826935
"3139","1kmE3854N3128",12620.0503935
"3140","1kmE3854N3129",11252.583816
"3141","1kmE3854N3130",14135.8417945
"3142","1kmE3854N3131",13800.426207
"3143","1kmE3854N3132",14035.108381
"3144","1kmE3854N3133",14476.371139
"3145","1kmE3854N3134",13118.742744
"3146","1kmE3854N3135",13188.0105865
"3147","1kmE3854N3136",7728.0059305
"3148","1kmE3854N3137",9847.2361275
"3149","1kmE3854N3138",8046.458209
"3150","1kmE3854N3139",8095.804155
"3151","1kmE3854N3140",7386.0802155
"3152","1kmE3854N3141",12404.6380155
"3153","1kmE3854N3142",10950.7076185
"3154","1kmE3854N3143",9894.8742945
"3155","1kmE3854N3144",11700.9744575
"3156","1kmE3854N3145",10467.2459885
"3157","1kmE3854N3146",13063.983464
"3158","1kmE3854N3147",8365.120094
"3159","1kmE3854N3148",6613.7302345
"3160","1kmE3854N3149",11041.9539825
"3161","1kmE3854N3150",15808.846462
"3162","1kmE3854N3151",9781.149847
"3163","1kmE3854N3152",11584.2811585
"3164","1kmE3854N3153",11719.9678485
"3165","1kmE3854N3154",9599.5696015
"3166","1kmE3854N3155",11652.27879
"3167","1kmE3854N3156",11248.4562365
"3168","1kmE3854N3157",10864.7924045
"3169","1kmE3854N3158",9853.6521535
"3170","1kmE3854N3159",10642.1949685
"3171","1kmE3854N3160",8280.1085035
"3172","1kmE3854N3161",6189.096939
"3173","1kmE3854N3162",887.473369
"3174","1kmE3855N3073",205.01639
"3175","1kmE3855N3089",3115.4866005
"3176","1kmE3855N3090",6460.8719175
"3177","1kmE3855N3091",7959.9678345
"3178","1kmE3855N3092",3791.033764
"3179","1kmE3855N3093",11949.309469
"3180","1kmE3855N3094",14302.61085
"3181","1kmE3855N3095",13320.8354215
"3182","1kmE3855N3096",12630.1627965
"3183","1kmE3855N3097",12781.9165725
"3184","1kmE3855N3098",9274.240438
"3185","1kmE3855N3099",5063.116153
"3186","1kmE3855N3100",3698.788661
"3187","1kmE3855N3101",7875.4115555
"3188","1kmE3855N3102",11218.911125
"3189","1kmE3855N3103",12889.868556
"3190","1kmE3855N3104",5046.8587685
"3191","1kmE3855N3105",9634.6606875
"3192","1kmE3855N3106",10648.134238
"3193","1kmE3855N3107",7080.9513895
"3194","1kmE3855N3108",5603.524206
"3195","1kmE3855N3109",10949.1289825
"3196","1kmE3855N3110",5269.262462
"3197","1kmE3855N3111",4761.949817
"3198","1kmE3855N3112",5526.221857
"3199","1kmE3855N3113",8330.127686
"3200","1kmE3855N3114",4665.0950525
"3201","1kmE3855N3115",2885.066451
"3202","1kmE3855N3116",2841.625647
"3203","1kmE3855N3117",3750.6128825
"3204","1kmE3855N3118",3743.259871
"3205","1kmE3855N3119",7785.4665875
"3206","1kmE3855N3120",6438.222345
"3207","1kmE3855N3121",2398.0148295
"3208","1kmE3855N3122",5753.7048665
"3209","1kmE3855N3123",1131.5791965
"3210","1kmE3855N3124",2678.4320835
"3211","1kmE3855N3125",6385.1331435
"3212","1kmE3855N3126",8653.794817
"3213","1kmE3855N3127",13939.141268
"3214","1kmE3855N3128",11341.4343935
"3215","1kmE3855N3129",11539.764834
"3216","1kmE3855N3130",13590.353909
"3217","1kmE3855N3131",13168.13275
"3218","1kmE3855N3132",15503.0427595
"3219","1kmE3855N3133",14448.3074435
"3220","1kmE3855N3134",11668.0676555
"3221","1kmE3855N3135",9656.4526785
"3222","1kmE3855N3136",7940.8814825
"3223","1kmE3855N3137",7713.2025695
"3224","1kmE3855N3138",10590.6307135
"3225","1kmE3855N3139",11881.757993
"3226","1kmE3855N3140",7974.581641
"3227","1kmE3855N3141",8488.533432
"3228","1kmE3855N3142",9539.4126225
"3229","1kmE3855N3143",10745.735456
"3230","1kmE3855N3144",12368.7002605
"3231","1kmE3855N3145",10386.5605425
"3232","1kmE3855N3146",9537.525652
"3233","1kmE3855N3147",7661.746748
"3234","1kmE3855N3148",7994.775471
"3235","1kmE3855N3149",9037.4253575
"3236","1kmE3855N3150",9817.4608555
"3237","1kmE3855N3151",9658.4448805
"3238","1kmE3855N3152",8765.5647675
"3239","1kmE3855N3153",8823.269055
"3240","1kmE3855N3154",10598.851625
"3241","1kmE3855N3155",11281.730124
"3242","1kmE3855N3156",12342.299722
"3243","1kmE3855N3157",13033.789451
"3244","1kmE3855N3158",12233.4938755
"3245","1kmE3855N3159",13942.2546475
"3246","1kmE3855N3160",8301.8813405
"3247","1kmE3855N3161",7499.386428
"3248","1kmE3855N3162",5940.3934695
"3249","1kmE3855N3163",546.1853075
"3250","1kmE3856N3089",2316.8512255
"3251","1kmE3856N3090",8569.113181
"3252","1kmE3856N3091",10104.985304
"3253","1kmE3856N3092",5868.621535
"3254","1kmE3856N3093",9930.7415885
"3255","1kmE3856N3094",12451.031151
"3256","1kmE3856N3095",11843.548085
"3257","1kmE3856N3096",12575.6792725
"3258","1kmE3856N3097",9911.3827455
"3259","1kmE3856N3098",5312.3603655
"3260","1kmE3856N3099",7896.916886
"3261","1kmE3856N3100",6423.7033455
"3262","1kmE3856N3101",10969.7489895
"3263","1kmE3856N3102",7425.3937195
"3264","1kmE3856N3103",8901.8352085
"3265","1kmE3856N3104",9020.7958065
"3266","1kmE3856N3105",8486.1470095
"3267","1kmE3856N3106",9597.1136255
"3268","1kmE3856N3107",10238.0992875
"3269","1kmE3856N3108",3733.3053225
"3270","1kmE3856N3109",7547.1120135
"3271","1kmE3856N3110",6471.747734
"3272","1kmE3856N3111",6731.6780695
"3273","1kmE3856N3112",5070.199599
"3274","1kmE3856N3113",8858.6701295
"3275","1kmE3856N3114",4491.9990735
"3276","1kmE3856N3115",3056.6526465
"3277","1kmE3856N3116",3538.406109
"3278","1kmE3856N3117",4263.518717
"3279","1kmE3856N3118",1632.345342
"3280","1kmE3856N3119",1879.1077975
"3281","1kmE3856N3120",694.7709645
"3282","1kmE3856N3121",805.6029655
"3283","1kmE3856N3122",361.861933
"3284","1kmE3856N3123",3016.098295
"3285","1kmE3856N3124",7341.081622
"3286","1kmE3856N3125",10237.9932
"3287","1kmE3856N3126",7324.8660015
"3288","1kmE3856N3127",10980.7355545
"3289","1kmE3856N3128",13081.2123535
"3290","1kmE3856N3129",13540.8813885
"3291","1kmE3856N3130",12374.7765365
"3292","1kmE3856N3131",13860.239405
"3293","1kmE3856N3132",16980.950883
"3294","1kmE3856N3133",13072.621008
"3295","1kmE3856N3134",13018.500553
"3296","1kmE3856N3135",7214.262681
"3297","1kmE3856N3136",5368.685014
"3298","1kmE3856N3137",8841.2102295
"3299","1kmE3856N3138",9437.8203765
"3300","1kmE3856N3139",6693.3800135
"3301","1kmE3856N3140",6825.0733335
"3302","1kmE3856N3141",5765.967324
"3303","1kmE3856N3142",9876.8999145
"3304","1kmE3856N3143",12488.9614195
"3305","1kmE3856N3144",13651.428946
"3306","1kmE3856N3145",10716.6186795
"3307","1kmE3856N3146",8932.943834
"3308","1kmE3856N3147",10162.3123675
"3309","1kmE3856N3148",10587.7520645
"3310","1kmE3856N3149",9155.637958
"3311","1kmE3856N3150",8538.524597
"3312","1kmE3856N3151",9121.2372375
"3313","1kmE3856N3152",12322.345716
"3314","1kmE3856N3153",10038.4776
"3315","1kmE3856N3154",10600.983234
"3316","1kmE3856N3155",9605.2338685
"3317","1kmE3856N3156",11177.2654335
"3318","1kmE3856N3157",15915.3700475
"3319","1kmE3856N3158",18211.4339475
"3320","1kmE3856N3159",20687.7780685
"3321","1kmE3856N3160",12695.4111715
"3322","1kmE3856N3161",7285.6942195
"3323","1kmE3856N3162",8431.1497955
"3324","1kmE3856N3163",4396.550286
"3325","1kmE3857N3088",455.7796085
"3326","1kmE3857N3089",2104.196263
"3327","1kmE3857N3090",6920.634923
"3328","1kmE3857N3091",8650.420805
"3329","1kmE3857N3092",8784.551478
"3330","1kmE3857N3093",10046.2620005
"3331","1kmE3857N3094",9723.939967
"3332","1kmE3857N3095",10575.1583985
"3333","1kmE3857N3096",10190.114159
"3334","1kmE3857N3097",5537.807516
"3335","1kmE3857N3098",5266.675572
"3336","1kmE3857N3099",3029.320386
"3337","1kmE3857N3100",4390.112906
"3338","1kmE3857N3101",4875.4217715
"3339","1kmE3857N3102",5460.348563
"3340","1kmE3857N3103",6863.0587025
"3341","1kmE3857N3104",7934.7270255
"3342","1kmE3857N3105",5431.592991
"3343","1kmE3857N3106",8146.2585385
"3344","1kmE3857N3107",9210.685283
"3345","1kmE3857N3108",5799.7579585
"3346","1kmE3857N3109",7474.076161
"3347","1kmE3857N3110",4687.8985545
"3348","1kmE3857N3111",5063.790807
"3349","1kmE3857N3112",5231.6821915
"3350","1kmE3857N3113",6795.960342
"3351","1kmE3857N3114",7312.2996845
"3352","1kmE3857N3115",10292.851942
"3353","1kmE3857N3116",3842.8263295
"3354","1kmE3857N3117",3419.4573875
"3355","1kmE3857N3118",2371.6220255
"3356","1kmE3857N3119",988.571510499999
"3357","1kmE3857N3120",2658.6349195
"3358","1kmE3857N3121",3898.252264
"3359","1kmE3857N3122",403.896446
"3360","1kmE3857N3123",1758.293527
"3361","1kmE3857N3124",3191.6089985
"3362","1kmE3857N3125",8950.0315035
"3363","1kmE3857N3126",10126.542465
"3364","1kmE3857N3127",14498.014975
"3365","1kmE3857N3128",15516.3270255
"3366","1kmE3857N3129",12112.776836
"3367","1kmE3857N3130",13002.480631
"3368","1kmE3857N3131",13613.065928
"3369","1kmE3857N3132",15026.456608
"3370","1kmE3857N3133",13440.222634
"3371","1kmE3857N3134",12849.1655265
"3372","1kmE3857N3135",5448.186574
"3373","1kmE3857N3136",3650.2574725
"3374","1kmE3857N3137",4533.1156445
"3375","1kmE3857N3138",4645.2867355
"3376","1kmE3857N3139",3237.934046
"3377","1kmE3857N3140",1228.6772595
"3378","1kmE3857N3141",5314.2637135
"3379","1kmE3857N3142",5821.497214
"3380","1kmE3857N3143",11166.1834865
"3381","1kmE3857N3144",10419.6689855
"3382","1kmE3857N3145",7625.0625315
"3383","1kmE3857N3146",6093.3229005
"3384","1kmE3857N3147",7981.308189
"3385","1kmE3857N3148",10190.2970475
"3386","1kmE3857N3149",9036.2841015
"3387","1kmE3857N3150",8934.069607
"3388","1kmE3857N3151",12708.0020455
"3389","1kmE3857N3152",13516.296894
"3390","1kmE3857N3153",14541.4997585
"3391","1kmE3857N3154",13131.0112885
"3392","1kmE3857N3155",12428.758909
"3393","1kmE3857N3156",13675.2204185
"3394","1kmE3857N3157",15674.1188315
"3395","1kmE3857N3158",19323.4749895
"3396","1kmE3857N3159",21486.859071
"3397","1kmE3857N3160",15764.8933175
"3398","1kmE3857N3161",10801.9463885
"3399","1kmE3857N3162",6459.0912345
"3400","1kmE3857N3163",5689.3934475
"3401","1kmE3858N3088",1138.84112
"3402","1kmE3858N3089",3606.1974325
"3403","1kmE3858N3090",3609.1557215
"3404","1kmE3858N3091",5307.1171685
"3405","1kmE3858N3092",7568.7512025
"3406","1kmE3858N3093",9369.6896375
"3407","1kmE3858N3094",10193.866224
"3408","1kmE3858N3095",9056.677767
"3409","1kmE3858N3096",6436.551324
"3410","1kmE3858N3097",7223.1778295
"3411","1kmE3858N3098",7493.9638665
"3412","1kmE3858N3099",3067.387498
"3413","1kmE3858N3100",5191.1080015
"3414","1kmE3858N3101",8466.2281555
"3415","1kmE3858N3102",4755.149355
"3416","1kmE3858N3103",1070.279311
"3417","1kmE3858N3104",2259.736812
"3418","1kmE3858N3105",5083.037897
"3419","1kmE3858N3106",4533.695358
"3420","1kmE3858N3107",8449.4292065
"3421","1kmE3858N3108",10919.6109565
"3422","1kmE3858N3109",10707.1310675
"3423","1kmE3858N3110",5390.2760415
"3424","1kmE3858N3111",5009.807907
"3425","1kmE3858N3112",8163.7384255
"3426","1kmE3858N3113",9436.155132
"3427","1kmE3858N3114",8798.499005
"3428","1kmE3858N3115",7992.3990235
"3429","1kmE3858N3116",3668.169588
"3430","1kmE3858N3117",3214.7350015
"3431","1kmE3858N3118",3534.1748655
"3432","1kmE3858N3119",5625.1659185
"3433","1kmE3858N3120",4347.7743805
"3434","1kmE3858N3121",5199.52312
"3435","1kmE3858N3122",2083.019254
"3436","1kmE3858N3123",2406.242926
"3437","1kmE3858N3124",5574.539514
"3438","1kmE3858N3125",9750.6186985
"3439","1kmE3858N3126",11096.0843125
"3440","1kmE3858N3127",13101.775129
"3441","1kmE3858N3128",12988.9600235
"3442","1kmE3858N3129",13396.571152
"3443","1kmE3858N3130",10164.751051
"3444","1kmE3858N3131",12463.180569
"3445","1kmE3858N3132",14515.09041
"3446","1kmE3858N3133",11268.4481705
"3447","1kmE3858N3134",6965.1695415
"3448","1kmE3858N3135",5235.4118155
"3449","1kmE3858N3136",5384.8791525
"3450","1kmE3858N3137",5997.10178
"3451","1kmE3858N3138",3117.151286
"3452","1kmE3858N3139",1806.9783
"3453","1kmE3858N3140",2863.219441
"3454","1kmE3858N3141",4578.4292885
"3455","1kmE3858N3142",5304.2769845
"3456","1kmE3858N3143",8364.568932
"3457","1kmE3858N3144",10832.431433
"3458","1kmE3858N3145",10741.5217035
"3459","1kmE3858N3146",6518.334628
"3460","1kmE3858N3147",4798.344587
"3461","1kmE3858N3148",7686.835858
"3462","1kmE3858N3149",10882.3425015
"3463","1kmE3858N3150",11455.687961
"3464","1kmE3858N3151",12265.073129
"3465","1kmE3858N3152",11715.511666
"3466","1kmE3858N3153",14178.080343
"3467","1kmE3858N3154",15191.1989285
"3468","1kmE3858N3155",13309.3977515
"3469","1kmE3858N3156",11835.71802
"3470","1kmE3858N3157",16304.465128
"3471","1kmE3858N3158",17507.7740875
"3472","1kmE3858N3159",19212.6154895
"3473","1kmE3858N3160",17326.3770275
"3474","1kmE3858N3161",11837.473327
"3475","1kmE3858N3162",9312.2682155
"3476","1kmE3858N3163",6647.68333
"3477","1kmE3858N3164",205.01639
"3478","1kmE3859N3071",205.0163895
"3479","1kmE3859N3089",3533.973848
"3480","1kmE3859N3090",3090.447334
"3481","1kmE3859N3091",4028.40497
"3482","1kmE3859N3092",8029.825955
"3483","1kmE3859N3093",10264.9736895
"3484","1kmE3859N3094",10283.443998
"3485","1kmE3859N3095",9412.449191
"3486","1kmE3859N3096",8400.030171
"3487","1kmE3859N3097",6737.675421
"3488","1kmE3859N3098",7124.974509
"3489","1kmE3859N3099",6157.6060175
"3490","1kmE3859N3100",2695.835779
"3491","1kmE3859N3101",3472.924604
"3492","1kmE3859N3102",2055.235708
"3493","1kmE3859N3103",1588.124292
"3494","1kmE3859N3104",2729.5680695
"3495","1kmE3859N3105",7685.2913365
"3496","1kmE3859N3106",8835.514934
"3497","1kmE3859N3107",8857.6773245
"3498","1kmE3859N3108",13986.836237
"3499","1kmE3859N3109",13499.036894
"3500","1kmE3859N3110",7904.047645
"3501","1kmE3859N3111",4940.2646695
"3502","1kmE3859N3112",7021.6242925
"3503","1kmE3859N3113",9517.9419415
"3504","1kmE3859N3114",11015.5886205
"3505","1kmE3859N3115",8793.3696455
"3506","1kmE3859N3116",7018.5329065
"3507","1kmE3859N3117",6578.4947935
"3508","1kmE3859N3118",4497.645962
"3509","1kmE3859N3119",6063.124253
"3510","1kmE3859N3120",4102.319255
"3511","1kmE3859N3121",2272.753954
"3512","1kmE3859N3122",1417.58139
"3513","1kmE3859N3123",1694.31984
"3514","1kmE3859N3124",2368.377435
"3515","1kmE3859N3125",3477.7539565
"3516","1kmE3859N3126",6983.776158
"3517","1kmE3859N3127",9563.715841
"3518","1kmE3859N3128",9730.0992765
"3519","1kmE3859N3129",8539.4229695
"3520","1kmE3859N3130",11319.9189805
"3521","1kmE3859N3131",12267.718179
"3522","1kmE3859N3132",13475.9125835
"3523","1kmE3859N3133",10646.05695
"3524","1kmE3859N3134",9162.7505575
"3525","1kmE3859N3135",8742.12437
"3526","1kmE3859N3136",7506.445306
"3527","1kmE3859N3137",5735.1627225
"3528","1kmE3859N3138",4909.078698
"3529","1kmE3859N3139",8629.5197675
"3530","1kmE3859N3140",7497.944394
"3531","1kmE3859N3141",8591.520394
"3532","1kmE3859N3142",9152.796887
"3533","1kmE3859N3143",9429.0959295
"3534","1kmE3859N3144",9508.758319
"3535","1kmE3859N3145",9734.4897135
"3536","1kmE3859N3146",7766.562302
"3537","1kmE3859N3147",7666.4652825
"3538","1kmE3859N3148",10202.0071125
"3539","1kmE3859N3149",10949.232194
"3540","1kmE3859N3150",11778.7459105
"3541","1kmE3859N3151",11929.005636
"3542","1kmE3859N3152",11269.874351
"3543","1kmE3859N3153",13023.660488
"3544","1kmE3859N3154",15009.8228215
"3545","1kmE3859N3155",13597.459553
"3546","1kmE3859N3156",13852.142538
"3547","1kmE3859N3157",16186.601733
"3548","1kmE3859N3158",15920.994609
"3549","1kmE3859N3159",17453.8617545
"3550","1kmE3859N3160",15503.7297205
"3551","1kmE3859N3161",11443.727868
"3552","1kmE3859N3162",10215.5313355
"3553","1kmE3859N3163",5264.905034
"3554","1kmE3860N3074",205.0163905
"3555","1kmE3860N3086",205.016391
"3556","1kmE3860N3089",1196.53237
"3557","1kmE3860N3090",1723.02593
"3558","1kmE3860N3091",2803.1158255
"3559","1kmE3860N3092",6854.49396
"3560","1kmE3860N3093",11568.385251
"3561","1kmE3860N3094",13405.673391
"3562","1kmE3860N3095",11934.580555
"3563","1kmE3860N3096",11769.14883
"3564","1kmE3860N3097",8926.8248535
"3565","1kmE3860N3098",8477.2359505
"3566","1kmE3860N3099",7027.8034985
"3567","1kmE3860N3100",3047.09263
"3568","1kmE3860N3101",7834.742576
"3569","1kmE3860N3102",5548.151116
"3570","1kmE3860N3103",5813.0681185
"3571","1kmE3860N3104",11182.9786295
"3572","1kmE3860N3105",10885.376869
"3573","1kmE3860N3106",6997.480577
"3574","1kmE3860N3107",6788.383426
"3575","1kmE3860N3108",8482.8273475
"3576","1kmE3860N3109",9303.6187165
"3577","1kmE3860N3110",7341.212388
"3578","1kmE3860N3111",9576.6113025
"3579","1kmE3860N3112",7147.3504745
"3580","1kmE3860N3113",8130.9509525
"3581","1kmE3860N3114",8832.392785
"3582","1kmE3860N3115",8211.41891
"3583","1kmE3860N3116",5838.4006125
"3584","1kmE3860N3117",5294.508392
"3585","1kmE3860N3118",2880.192553
"3586","1kmE3860N3119",3921.6157375
"3587","1kmE3860N3120",3430.7495655
"3588","1kmE3860N3121",1548.7741355
"3589","1kmE3860N3122",1417.4472575
"3590","1kmE3860N3123",1809.673979
"3591","1kmE3860N3124",2803.775961
"3592","1kmE3860N3125",4147.515875
"3593","1kmE3860N3126",3322.6789765
"3594","1kmE3860N3127",2962.921076
"3595","1kmE3860N3128",4292.6610865
"3596","1kmE3860N3129",4550.20957
"3597","1kmE3860N3130",7980.945428
"3598","1kmE3860N3131",9160.093157
"3599","1kmE3860N3132",8649.9438205
"3600","1kmE3860N3133",7762.731303
"3601","1kmE3860N3134",8745.312763
"3602","1kmE3860N3135",9460.97899
"3603","1kmE3860N3136",5825.047566
"3604","1kmE3860N3137",7670.8997195
"3605","1kmE3860N3138",7635.0625045
"3606","1kmE3860N3139",9067.977574
"3607","1kmE3860N3140",7521.59912
"3608","1kmE3860N3141",5684.8579975
"3609","1kmE3860N3142",7161.3855935
"3610","1kmE3860N3143",7448.6065015
"3611","1kmE3860N3144",7569.37416
"3612","1kmE3860N3145",6231.836833
"3613","1kmE3860N3146",9548.869353
"3614","1kmE3860N3147",11673.4387355
"3615","1kmE3860N3148",8864.8512595
"3616","1kmE3860N3149",10622.124041
"3617","1kmE3860N3150",10272.566052
"3618","1kmE3860N3151",8092.979917
"3619","1kmE3860N3152",7628.8175065
"3620","1kmE3860N3153",10105.509529
"3621","1kmE3860N3154",12691.47665
"3622","1kmE3860N3155",12325.8283995
"3623","1kmE3860N3156",12136.3640075
"3624","1kmE3860N3157",15937.7825245
"3625","1kmE3860N3158",15005.463462
"3626","1kmE3860N3159",14220.370565
"3627","1kmE3860N3160",13402.461962
"3628","1kmE3860N3161",11770.4626965
"3629","1kmE3860N3162",9611.0360625
"3630","1kmE3860N3163",3289.460798
"3631","1kmE3861N3092",2696.0946805
"3632","1kmE3861N3093",10031.0603915
"3633","1kmE3861N3094",12354.9958385
"3634","1kmE3861N3095",11189.054645
"3635","1kmE3861N3096",12379.2220225
"3636","1kmE3861N3097",13368.993267
"3637","1kmE3861N3098",10866.639674
"3638","1kmE3861N3099",7227.703059
"3639","1kmE3861N3100",5275.7901885
"3640","1kmE3861N3101",6382.92313
"3641","1kmE3861N3102",4524.419215
"3642","1kmE3861N3103",5666.802761
"3643","1kmE3861N3104",9170.0789015
"3644","1kmE3861N3105",8054.190696
"3645","1kmE3861N3106",4977.278563
"3646","1kmE3861N3107",3465.641484
"3647","1kmE3861N3108",3615.2021665
"3648","1kmE3861N3109",3783.6474245
"3649","1kmE3861N3110",3577.36841
"3650","1kmE3861N3111",9929.85722
"3651","1kmE3861N3112",7731.3745415
"3652","1kmE3861N3113",4666.37036
"3653","1kmE3861N3114",6363.7781985
"3654","1kmE3861N3115",4374.613551
"3655","1kmE3861N3116",7292.5788565
"3656","1kmE3861N3117",10302.442375
"3657","1kmE3861N3118",8862.92464
"3658","1kmE3861N3119",7472.1483455
"3659","1kmE3861N3120",6164.3621035
"3660","1kmE3861N3121",2571.5119615
"3661","1kmE3861N3122",3144.9139035
"3662","1kmE3861N3123",2794.269368
"3663","1kmE3861N3124",5847.1644685
"3664","1kmE3861N3125",6528.634488
"3665","1kmE3861N3126",7282.905347
"3666","1kmE3861N3127",7142.089457
"3667","1kmE3861N3128",3907.0142765
"3668","1kmE3861N3129",11103.1799175
"3669","1kmE3861N3130",8076.8053715
"3670","1kmE3861N3131",5733.787287
"3671","1kmE3861N3132",7336.369577
"3672","1kmE3861N3133",7681.42911
"3673","1kmE3861N3134",7490.033011
"3674","1kmE3861N3135",6084.5941475
"3675","1kmE3861N3136",5885.015136
"3676","1kmE3861N3137",10679.142106
"3677","1kmE3861N3138",10621.5368615
"3678","1kmE3861N3139",8225.6782865
"3679","1kmE3861N3140",5412.347454
"3680","1kmE3861N3141",4456.959021
"3681","1kmE3861N3142",4643.192998
"3682","1kmE3861N3143",5088.0812025
"3683","1kmE3861N3144",5679.3885985
"3684","1kmE3861N3145",5870.879799
"3685","1kmE3861N3146",8157.066741
"3686","1kmE3861N3147",13179.941335
"3687","1kmE3861N3148",12540.4362655
"3688","1kmE3861N3149",9230.5058295
"3689","1kmE3861N3150",7394.977156
"3690","1kmE3861N3151",7622.8498645
"3691","1kmE3861N3152",6073.8184835
"3692","1kmE3861N3153",5506.121224
"3693","1kmE3861N3154",7113.8685865
"3694","1kmE3861N3155",10539.603961
"3695","1kmE3861N3156",11029.383157
"3696","1kmE3861N3157",11994.993294
"3697","1kmE3861N3158",10072.870937
"3698","1kmE3861N3159",11096.2748525
"3699","1kmE3861N3160",13281.067952
"3700","1kmE3861N3161",9856.433392
"3701","1kmE3861N3162",5141.6960245
"3702","1kmE3861N3163",205.01639
"3703","1kmE3862N3091",366.7248265
"3704","1kmE3862N3092",8102.520867
"3705","1kmE3862N3093",8303.8820835
"3706","1kmE3862N3094",11173.731356
"3707","1kmE3862N3095",9706.4693915
"3708","1kmE3862N3096",11666.8848335
"3709","1kmE3862N3097",9165.2964515
"3710","1kmE3862N3098",5444.032714
"3711","1kmE3862N3099",5171.8316665
"3712","1kmE3862N3100",4164.7307805
"3713","1kmE3862N3101",11928.1122935
"3714","1kmE3862N3102",10383.650574
"3715","1kmE3862N3103",5215.186517
"3716","1kmE3862N3104",4439.8963465
"3717","1kmE3862N3105",9185.076671
"3718","1kmE3862N3106",4780.2341485
"3719","1kmE3862N3107",3233.5028965
"3720","1kmE3862N3108",6223.279742
"3721","1kmE3862N3109",7379.213922
"3722","1kmE3862N3110",4449.863793
"3723","1kmE3862N3111",2483.2209695
"3724","1kmE3862N3112",3949.2839925
"3725","1kmE3862N3113",4893.1507555
"3726","1kmE3862N3114",7471.521495
"3727","1kmE3862N3115",6946.5634475
"3728","1kmE3862N3116",7262.286031
"3729","1kmE3862N3117",10274.151968
"3730","1kmE3862N3118",7795.476343
"3731","1kmE3862N3119",9576.951322
"3732","1kmE3862N3120",6387.519763
"3733","1kmE3862N3121",3993.4058625
"3734","1kmE3862N3122",4259.326371
"3735","1kmE3862N3123",5765.280993
"3736","1kmE3862N3124",4976.49656
"3737","1kmE3862N3125",3829.6903845
"3738","1kmE3862N3126",5322.363153
"3739","1kmE3862N3127",7198.809939
"3740","1kmE3862N3128",8028.316869
"3741","1kmE3862N3129",12374.2292195
"3742","1kmE3862N3130",10180.8265095
"3743","1kmE3862N3131",9333.1346055
"3744","1kmE3862N3132",7302.385973
"3745","1kmE3862N3133",7166.5232805
"3746","1kmE3862N3134",7541.7050415
"3747","1kmE3862N3135",9384.524284
"3748","1kmE3862N3136",10933.6774585
"3749","1kmE3862N3137",10014.718973
"3750","1kmE3862N3138",6279.4109995
"3751","1kmE3862N3139",5320.4498475
"3752","1kmE3862N3140",10286.3940495
"3753","1kmE3862N3141",8450.9866855
"3754","1kmE3862N3142",7201.0640175
"3755","1kmE3862N3143",5687.0316735
"3756","1kmE3862N3144",5631.667754
"3757","1kmE3862N3145",7532.347239
"3758","1kmE3862N3146",8433.8052755
"3759","1kmE3862N3147",12435.6936315
"3760","1kmE3862N3148",12616.1954575
"3761","1kmE3862N3149",7351.9195945
"3762","1kmE3862N3150",3927.1552025
"3763","1kmE3862N3151",4604.275315
"3764","1kmE3862N3152",4954.2060285
"3765","1kmE3862N3153",4908.501222
"3766","1kmE3862N3154",5172.7680465
"3767","1kmE3862N3155",5421.2061345
"3768","1kmE3862N3156",6393.9571435
"3769","1kmE3862N3157",6456.9190545
"3770","1kmE3862N3158",7677.4669685
"3771","1kmE3862N3159",8724.960953
"3772","1kmE3862N3160",9272.193054
"3773","1kmE3862N3161",5273.655639
"3774","1kmE3862N3162",722.450423
"3775","1kmE3863N3091",916.091185
"3776","1kmE3863N3092",9994.1911755
"3777","1kmE3863N3093",8574.3342845
"3778","1kmE3863N3094",12076.7617315
"3779","1kmE3863N3095",12040.095327
"3780","1kmE3863N3096",12230.8960945
"3781","1kmE3863N3097",10362.933081
"3782","1kmE3863N3098",2862.568942
"3783","1kmE3863N3099",3145.1883515
"3784","1kmE3863N3100",6129.757996
"3785","1kmE3863N3101",7535.022495
"3786","1kmE3863N3102",5460.9306795
"3787","1kmE3863N3103",9704.2696405
"3788","1kmE3863N3104",5827.4090795
"3789","1kmE3863N3105",6845.5179685
"3790","1kmE3863N3106",5007.7255555
"3791","1kmE3863N3107",3079.4593655
"3792","1kmE3863N3108",8717.7932365
"3793","1kmE3863N3109",8947.2349485
"3794","1kmE3863N3110",4441.785832
"3795","1kmE3863N3111",1799.745607
"3796","1kmE3863N3112",9456.036374
"3797","1kmE3863N3113",5846.853979
"3798","1kmE3863N3114",8307.957765
"3799","1kmE3863N3115",5846.0785325
"3800","1kmE3863N3116",6246.2765485
"3801","1kmE3863N3117",7317.232836
"3802","1kmE3863N3118",10631.8414445
"3803","1kmE3863N3119",12825.140952
"3804","1kmE3863N3120",8052.51984
"3805","1kmE3863N3121",5073.68011
"3806","1kmE3863N3122",907.607605
"3807","1kmE3863N3123",4829.3976725
"3808","1kmE3863N3124",4810.7644475
"3809","1kmE3863N3125",7387.2594385
"3810","1kmE3863N3126",7231.1366295
"3811","1kmE3863N3127",8237.9427945
"3812","1kmE3863N3128",8471.1363415
"3813","1kmE3863N3129",13263.5715705
"3814","1kmE3863N3130",10124.595983
"3815","1kmE3863N3131",10047.2542605
"3816","1kmE3863N3132",9399.521709
"3817","1kmE3863N3133",12175.0910495
"3818","1kmE3863N3134",13775.8535445
"3819","1kmE3863N3135",13947.205728
"3820","1kmE3863N3136",13892.828024
"3821","1kmE3863N3137",11653.525781
"3822","1kmE3863N3138",8797.0937705
"3823","1kmE3863N3139",6395.720989
"3824","1kmE3863N3140",6862.0974835
"3825","1kmE3863N3141",7614.759235
"3826","1kmE3863N3142",6437.746737
"3827","1kmE3863N3143",5824.7644625
"3828","1kmE3863N3144",8093.970647
"3829","1kmE3863N3145",10897.623201
"3830","1kmE3863N3146",8922.6232795
"3831","1kmE3863N3147",5953.1161095
"3832","1kmE3863N3148",5455.498878
"3833","1kmE3863N3149",4549.7935495
"3834","1kmE3863N3150",2562.2451815
"3835","1kmE3863N3151",1764.792996
"3836","1kmE3863N3156",767.289128
"3837","1kmE3863N3157",3231.788966
"3838","1kmE3863N3158",4413.877564
"3839","1kmE3863N3159",3725.048507
"3840","1kmE3863N3160",2596.6651195
"3841","1kmE3864N3073",205.016391
"3842","1kmE3864N3090",205.01639
"3843","1kmE3864N3091",382.506486
"3844","1kmE3864N3092",6911.85043
"3845","1kmE3864N3093",8846.9751115
"3846","1kmE3864N3094",14994.052863
"3847","1kmE3864N3095",16434.759521
"3848","1kmE3864N3096",15478.5819305
"3849","1kmE3864N3097",13655.5658875
"3850","1kmE3864N3098",8709.705283
"3851","1kmE3864N3099",6691.0845845
"3852","1kmE3864N3100",12242.2419375
"3853","1kmE3864N3101",11672.426973
"3854","1kmE3864N3102",6432.9446025
"3855","1kmE3864N3103",6252.6636355
"3856","1kmE3864N3104",3617.6153625
"3857","1kmE3864N3105",4195.51134
"3858","1kmE3864N3106",7067.6763415
"3859","1kmE3864N3107",8947.637434
"3860","1kmE3864N3108",2612.6312955
"3861","1kmE3864N3109",2457.2378025
"3862","1kmE3864N3110",1916.293861
"3863","1kmE3864N3111",6168.0802485
"3864","1kmE3864N3112",4794.454725
"3865","1kmE3864N3113",5026.948098
"3866","1kmE3864N3114",8537.487033
"3867","1kmE3864N3115",4696.707746
"3868","1kmE3864N3116",6661.190977
"3869","1kmE3864N3117",8289.0642385
"3870","1kmE3864N3118",13032.2428805
"3871","1kmE3864N3119",12395.603752
"3872","1kmE3864N3120",10084.3769275
"3873","1kmE3864N3121",5481.5173875
"3874","1kmE3864N3122",3805.330152
"3875","1kmE3864N3123",8051.6767015
"3876","1kmE3864N3124",8201.49486
"3877","1kmE3864N3125",5507.547672
"3878","1kmE3864N3126",9061.113156
"3879","1kmE3864N3127",11076.7403515
"3880","1kmE3864N3128",9528.1182075
"3881","1kmE3864N3129",9817.516472
"3882","1kmE3864N3130",10105.723483
"3883","1kmE3864N3131",9027.2450925
"3884","1kmE3864N3132",10517.6629535
"3885","1kmE3864N3133",13607.0581655
"3886","1kmE3864N3134",13595.112586
"3887","1kmE3864N3135",13825.2837295
"3888","1kmE3864N3136",15322.4300395
"3889","1kmE3864N3137",13991.897572
"3890","1kmE3864N3138",9186.445422
"3891","1kmE3864N3139",6498.3969345
"3892","1kmE3864N3140",5157.9429715
"3893","1kmE3864N3141",5592.1509585
"3894","1kmE3864N3142",3849.5005625
"3895","1kmE3864N3143",4054.0241255
"3896","1kmE3864N3144",5966.2912885
"3897","1kmE3864N3145",11630.958917
"3898","1kmE3864N3146",10770.7028345
"3899","1kmE3864N3147",6755.874063
"3900","1kmE3864N3148",5066.7890535
"3901","1kmE3864N3149",3634.4944045
"3902","1kmE3864N3150",1720.51258
"3903","1kmE3864N3151",589.6577805
"3904","1kmE3865N3089",729.364043
"3905","1kmE3865N3091",589.657780999999
"3906","1kmE3865N3092",7110.505527
"3907","1kmE3865N3093",10018.062643
"3908","1kmE3865N3094",13349.323893
"3909","1kmE3865N3095",15021.0635195
"3910","1kmE3865N3096",13668.0127995
"3911","1kmE3865N3097",11917.776369
"3912","1kmE3865N3098",11532.757326
"3913","1kmE3865N3099",8237.952309
"3914","1kmE3865N3100",13713.7102015
"3915","1kmE3865N3101",8510.752721
"3916","1kmE3865N3102",8514.2787735
"3917","1kmE3865N3103",8608.3080375
"3918","1kmE3865N3104",6915.8321865
"3919","1kmE3865N3105",5066.3030545
"3920","1kmE3865N3106",9443.064704
"3921","1kmE3865N3107",8405.66051
"3922","1kmE3865N3108",8286.6314885
"3923","1kmE3865N3109",6474.5576705
"3924","1kmE3865N3110",2585.2637495
"3925","1kmE3865N3111",5246.2399185
"3926","1kmE3865N3112",4245.3764575
"3927","1kmE3865N3113",12359.8752765
"3928","1kmE3865N3114",9219.0004765
"3929","1kmE3865N3115",6234.409818
"3930","1kmE3865N3116",11153.0138705
"3931","1kmE3865N3117",8912.1097085
"3932","1kmE3865N3118",12732.1460675
"3933","1kmE3865N3119",9601.76774
"3934","1kmE3865N3120",7038.068472
"3935","1kmE3865N3121",5673.1578415
"3936","1kmE3865N3122",7001.60171
"3937","1kmE3865N3123",2145.653906
"3938","1kmE3865N3124",9869.877914
"3939","1kmE3865N3125",8112.3285095
"3940","1kmE3865N3126",6608.3477015
"3941","1kmE3865N3127",11274.6565965
"3942","1kmE3865N3128",9458.326821
"3943","1kmE3865N3129",10584.2536445
"3944","1kmE3865N3130",9979.441664
"3945","1kmE3865N3131",7234.996757
"3946","1kmE3865N3132",11821.565773
"3947","1kmE3865N3133",12978.9431195
"3948","1kmE3865N3134",10787.4800575
"3949","1kmE3865N3135",10917.298301
"3950","1kmE3865N3136",12175.423927
"3951","1kmE3865N3137",12021.924103
"3952","1kmE3865N3138",3663.5074205
"3953","1kmE3865N3139",2390.359725
"3954","1kmE3865N3140",4796.3977175
"3955","1kmE3865N3141",11075.715638
"3956","1kmE3865N3142",5910.0331215
"3957","1kmE3865N3143",1276.5413305
"3958","1kmE3865N3144",2819.5379835
"3959","1kmE3865N3145",9251.353287
"3960","1kmE3865N3146",9453.3841665
"3961","1kmE3865N3147",5512.939603
"3962","1kmE3865N3148",3512.546284
"3963","1kmE3865N3149",1581.1075115
"3964","1kmE3865N3150",205.016388
"3965","1kmE3866N3088",3864.9291135
"3966","1kmE3866N3089",9921.769382
"3967","1kmE3866N3090",9183.0435615
"3968","1kmE3866N3091",3542.4048785
"3969","1kmE3866N3092",8273.484319
"3970","1kmE3866N3093",10451.870944
"3971","1kmE3866N3094",8811.161028
"3972","1kmE3866N3095",6250.7908495
"3973","1kmE3866N3096",10248.610118
"3974","1kmE3866N3097",13387.725419
"3975","1kmE3866N3098",12491.669871
"3976","1kmE3866N3099",10896.030973
"3977","1kmE3866N3100",12040.2407955
"3978","1kmE3866N3101",5507.953673
"3979","1kmE3866N3102",5147.136158
"3980","1kmE3866N3103",7842.491717
"3981","1kmE3866N3104",9931.0986325
"3982","1kmE3866N3105",7949.7106175
"3983","1kmE3866N3106",7041.824196
"3984","1kmE3866N3107",5133.207988
"3985","1kmE3866N3108",8315.5808785
"3986","1kmE3866N3109",9037.3524075
"3987","1kmE3866N3110",4899.523269
"3988","1kmE3866N3111",9184.2145245
"3989","1kmE3866N3112",7765.262675
"3990","1kmE3866N3113",13954.268886
"3991","1kmE3866N3114",8336.905497
"3992","1kmE3866N3115",8251.093738
"3993","1kmE3866N3116",15052.196912
"3994","1kmE3866N3117",12320.1059905
"3995","1kmE3866N3118",9644.136003
"3996","1kmE3866N3119",8152.392702
"3997","1kmE3866N3120",10030.896224
"3998","1kmE3866N3121",4332.207584
"3999","1kmE3866N3122",4604.8282985
"4000","1kmE3866N3123",5575.100639
"4001","1kmE3866N3124",3963.275199
"4002","1kmE3866N3125",8035.1681555
"4003","1kmE3866N3126",7921.901906
"4004","1kmE3866N3127",11531.096104
"4005","1kmE3866N3128",8113.5938825
"4006","1kmE3866N3129",9253.789469
"4007","1kmE3866N3130",8109.1420765
"4008","1kmE3866N3131",7020.7606845
"4009","1kmE3866N3132",12684.3262555
"4010","1kmE3866N3133",12297.569688
"4011","1kmE3866N3134",12519.271963
"4012","1kmE3866N3135",10887.5136525
"4013","1kmE3866N3136",12754.5102115
"4014","1kmE3866N3137",11037.5116405
"4015","1kmE3866N3138",3621.842383
"4016","1kmE3866N3139",3439.2849915
"4017","1kmE3866N3140",3831.5242065
"4018","1kmE3866N3141",7485.8618765
"4019","1kmE3866N3142",3250.2395285
"4020","1kmE3866N3143",3062.0836165
"4021","1kmE3866N3144",7860.60549
"4022","1kmE3866N3145",11220.263329
"4023","1kmE3866N3146",8793.902716
"4024","1kmE3866N3147",2614.793547
"4025","1kmE3867N3088",4903.6925695
"4026","1kmE3867N3089",12688.0395655
"4027","1kmE3867N3090",12331.2247
"4028","1kmE3867N3091",13809.910278
"4029","1kmE3867N3092",15559.0527745
"4030","1kmE3867N3093",7889.1511955
"4031","1kmE3867N3094",6977.9919015
"4032","1kmE3867N3095",8688.7806485
"4033","1kmE3867N3096",10913.7683045
"4034","1kmE3867N3097",8609.918965
"4035","1kmE3867N3098",10744.185229
"4036","1kmE3867N3099",9370.2103585
"4037","1kmE3867N3100",7606.8199345
"4038","1kmE3867N3101",5422.2334635
"4039","1kmE3867N3102",2936.0927265
"4040","1kmE3867N3103",5077.4062445
"4041","1kmE3867N3104",6720.136391
"4042","1kmE3867N3105",6627.384126
"4043","1kmE3867N3106",3773.551705
"4044","1kmE3867N3107",6880.8073865
"4045","1kmE3867N3108",8224.2821715
"4046","1kmE3867N3109",6950.088885
"4047","1kmE3867N3110",3721.614155
"4048","1kmE3867N3111",3102.118158
"4049","1kmE3867N3112",7367.400416
"4050","1kmE3867N3113",14885.5620925
"4051","1kmE3867N3114",12251.7297835
"4052","1kmE3867N3115",7981.8273
"4053","1kmE3867N3116",10968.691329
"4054","1kmE3867N3117",9813.215791
"4055","1kmE3867N3118",9916.227982
"4056","1kmE3867N3119",7030.360346
"4057","1kmE3867N3120",8466.4801325
"4058","1kmE3867N3121",4774.457661
"4059","1kmE3867N3122",4961.3021505
"4060","1kmE3867N3123",7952.1757075
"4061","1kmE3867N3124",4045.3171425
"4062","1kmE3867N3125",7108.296088
"4063","1kmE3867N3126",10353.8768375
"4064","1kmE3867N3127",8285.1020585
"4065","1kmE3867N3128",6588.528564
"4066","1kmE3867N3129",8549.211202
"4067","1kmE3867N3130",6590.0439175
"4068","1kmE3867N3131",6475.334537
"4069","1kmE3867N3132",10515.047048
"4070","1kmE3867N3133",13740.8042315
"4071","1kmE3867N3134",15463.2090035
"4072","1kmE3867N3135",12747.350804
"4073","1kmE3867N3136",10646.4527605
"4074","1kmE3867N3137",8948.5024775
"4075","1kmE3867N3138",7683.0595345
"4076","1kmE3867N3139",7917.61981
"4077","1kmE3867N3140",6411.643551
"4078","1kmE3867N3141",5672.0007735
"4079","1kmE3867N3142",7166.3541535
"4080","1kmE3867N3143",4175.6622265
"4081","1kmE3867N3144",9270.9943625
"4082","1kmE3867N3145",10623.266831
"4083","1kmE3867N3146",9369.950547
"4084","1kmE3867N3147",3253.599597
"4085","1kmE3867N3149",555.887151
"4086","1kmE3868N3088",9433.4285905
"4087","1kmE3868N3089",13446.437274
"4088","1kmE3868N3090",12580.0248365
"4089","1kmE3868N3091",14644.6189065
"4090","1kmE3868N3092",16513.333129
"4091","1kmE3868N3093",10757.0240875
"4092","1kmE3868N3094",11008.719027
"4093","1kmE3868N3095",12070.1921915
"4094","1kmE3868N3096",11031.7518405
"4095","1kmE3868N3097",11372.4242075
"4096","1kmE3868N3098",13551.561638
"4097","1kmE3868N3099",16167.7806645
"4098","1kmE3868N3100",10801.118773
"4099","1kmE3868N3101",10441.9109345
"4100","1kmE3868N3102",9196.147706
"4101","1kmE3868N3103",7789.042445
"4102","1kmE3868N3104",8970.1321205
"4103","1kmE3868N3105",7463.3659925
"4104","1kmE3868N3106",6878.190906
"4105","1kmE3868N3107",8046.9786365
"4106","1kmE3868N3108",7627.0600085
"4107","1kmE3868N3109",5639.6208165
"4108","1kmE3868N3110",8202.933797
"4109","1kmE3868N3111",2272.036111
"4110","1kmE3868N3112",6430.8269235
"4111","1kmE3868N3113",8766.9479185
"4112","1kmE3868N3114",8526.4672225
"4113","1kmE3868N3115",11965.604084
"4114","1kmE3868N3116",14274.5993345
"4115","1kmE3868N3117",8522.240304
"4116","1kmE3868N3118",9189.4018695
"4117","1kmE3868N3119",5320.798634
"4118","1kmE3868N3120",9947.408202
"4119","1kmE3868N3121",6671.6876995
"4120","1kmE3868N3122",4888.7027845
"4121","1kmE3868N3123",3853.360763
"4122","1kmE3868N3124",5265.237909
"4123","1kmE3868N3125",5807.6644625
"4124","1kmE3868N3126",4791.5809075
"4125","1kmE3868N3127",4192.7407025
"4126","1kmE3868N3128",6046.0167725
"4127","1kmE3868N3129",8924.9460635
"4128","1kmE3868N3130",3490.263035
"4129","1kmE3868N3131",6408.0715045
"4130","1kmE3868N3132",8957.752951
"4131","1kmE3868N3133",7935.726853
"4132","1kmE3868N3134",13483.343561
"4133","1kmE3868N3135",9839.798093
"4134","1kmE3868N3136",9986.48933
"4135","1kmE3868N3137",8658.913743
"4136","1kmE3868N3138",9365.7842565
"4137","1kmE3868N3139",9798.8139315
"4138","1kmE3868N3140",9431.580714
"4139","1kmE3868N3141",7867.4668965
"4140","1kmE3868N3142",6468.8415025
"4141","1kmE3868N3143",3970.045555
"4142","1kmE3868N3144",5482.9475695
"4143","1kmE3868N3145",8542.1577745
"4144","1kmE3868N3146",8910.640787
"4145","1kmE3868N3147",5179.1556205
"4146","1kmE3868N3148",2988.0247595
"4147","1kmE3868N3149",2997.807865
"4148","1kmE3868N3150",3455.9621195
"4149","1kmE3868N3151",1071.6798145
"4150","1kmE3868N3152",513.7405555
"4151","1kmE3869N3087",3487.2096125
"4152","1kmE3869N3088",15067.43548
"4153","1kmE3869N3089",15191.0696885
"4154","1kmE3869N3090",12123.204057
"4155","1kmE3869N3091",14708.2134
"4156","1kmE3869N3092",14900.4871975
"4157","1kmE3869N3093",12808.336963
"4158","1kmE3869N3094",12361.676622
"4159","1kmE3869N3095",13133.38353
"4160","1kmE3869N3096",12659.6474085
"4161","1kmE3869N3097",14675.5038105
"4162","1kmE3869N3098",15517.8872045
"4163","1kmE3869N3099",14252.7499505
"4164","1kmE3869N3100",15906.2711025
"4165","1kmE3869N3101",11939.3451775
"4166","1kmE3869N3102",9290.4789305
"4167","1kmE3869N3103",10214.8582645
"4168","1kmE3869N3104",10263.9610265
"4169","1kmE3869N3105",6651.9583565
"4170","1kmE3869N3106",8698.353434
"4171","1kmE3869N3107",8012.60555
"4172","1kmE3869N3108",4761.010153
"4173","1kmE3869N3109",7083.192275
"4174","1kmE3869N3110",11130.418078
"4175","1kmE3869N3111",6367.0489795
"4176","1kmE3869N3112",5608.335972
"4177","1kmE3869N3113",6072.8111465
"4178","1kmE3869N3114",6106.3472205
"4179","1kmE3869N3115",8241.7130815
"4180","1kmE3869N3116",11620.991753
"4181","1kmE3869N3117",11764.1566265
"4182","1kmE3869N3118",7544.666729
"4183","1kmE3869N3119",6391.678388
"4184","1kmE3869N3120",9847.7578555
"4185","1kmE3869N3121",8552.84014
"4186","1kmE3869N3122",7246.6644685
"4187","1kmE3869N3123",7811.2616245
"4188","1kmE3869N3124",9707.01486
"4189","1kmE3869N3125",6220.743809
"4190","1kmE3869N3126",3935.9542385
"4191","1kmE3869N3127",5754.5808975
"4192","1kmE3869N3128",9571.6335085
"4193","1kmE3869N3129",6994.9870325
"4194","1kmE3869N3130",4169.0341765
"4195","1kmE3869N3131",5383.080767
"4196","1kmE3869N3132",11722.146574
"4197","1kmE3869N3133",8926.040001
"4198","1kmE3869N3134",5886.330765
"4199","1kmE3869N3135",6881.443335
"4200","1kmE3869N3136",10898.1056675
"4201","1kmE3869N3137",11225.167294
"4202","1kmE3869N3138",12680.3702615
"4203","1kmE3869N3139",12624.9216095
"4204","1kmE3869N3140",13890.734711
"4205","1kmE3869N3141",7871.985763
"4206","1kmE3869N3142",7134.3005555
"4207","1kmE3869N3143",1460.856911
"4208","1kmE3869N3144",3924.898884
"4209","1kmE3869N3145",8615.3277555
"4210","1kmE3869N3146",11151.6713785
"4211","1kmE3869N3147",5614.3977645
"4212","1kmE3869N3148",5100.225183
"4213","1kmE3869N3149",6544.727022
"4214","1kmE3869N3150",7448.4779535
"4215","1kmE3869N3151",4671.6432915
"4216","1kmE3869N3152",317.965532
"4217","1kmE3869N3153",382.506487
"4218","1kmE3869N3155",205.01639
"4219","1kmE3870N3087",5255.663678
"4220","1kmE3870N3088",13156.882571
"4221","1kmE3870N3089",11801.3201355
"4222","1kmE3870N3090",12793.1589485
"4223","1kmE3870N3091",15492.6696615
"4224","1kmE3870N3092",16262.280097
"4225","1kmE3870N3093",13119.2464795
"4226","1kmE3870N3094",10159.295123
"4227","1kmE3870N3095",11235.0431985
"4228","1kmE3870N3096",14770.616851
"4229","1kmE3870N3097",14565.7354245
"4230","1kmE3870N3098",13032.0918865
"4231","1kmE3870N3099",13219.675183
"4232","1kmE3870N3100",17683.0703685
"4233","1kmE3870N3101",15124.3974525
"4234","1kmE3870N3102",8276.192442
"4235","1kmE3870N3103",9249.9315325
"4236","1kmE3870N3104",10050.6053015
"4237","1kmE3870N3105",6250.230198
"4238","1kmE3870N3106",7964.0944305
"4239","1kmE3870N3107",8388.2828645
"4240","1kmE3870N3108",4673.947039
"4241","1kmE3870N3109",4188.39121
"4242","1kmE3870N3110",8166.536237
"4243","1kmE3870N3111",9837.3242335
"4244","1kmE3870N3112",8739.4791945
"4245","1kmE3870N3113",6993.214853
"4246","1kmE3870N3114",5962.0593845
"4247","1kmE3870N3115",7081.147732
"4248","1kmE3870N3116",11365.1116565
"4249","1kmE3870N3117",14119.890716
"4250","1kmE3870N3118",8840.009991
"4251","1kmE3870N3119",7659.2236235
"4252","1kmE3870N3120",6580.245189
"4253","1kmE3870N3121",6060.580793
"4254","1kmE3870N3122",5173.920571
"4255","1kmE3870N3123",8070.63491
"4256","1kmE3870N3124",12044.454843
"4257","1kmE3870N3125",13627.251182
"4258","1kmE3870N3126",8904.211098
"4259","1kmE3870N3127",8551.319693
"4260","1kmE3870N3128",9570.905519
"4261","1kmE3870N3129",10697.9575615
"4262","1kmE3870N3130",7149.262167
"4263","1kmE3870N3131",7240.7810725
"4264","1kmE3870N3132",8790.3866125
"4265","1kmE3870N3133",9477.2985245
"4266","1kmE3870N3134",9398.3612035
"4267","1kmE3870N3135",11118.6483065
"4268","1kmE3870N3136",15163.03891
"4269","1kmE3870N3137",12796.970597
"4270","1kmE3870N3138",11092.05532
"4271","1kmE3870N3139",10435.41079
"4272","1kmE3870N3140",11915.5561535
"4273","1kmE3870N3141",8444.584548
"4274","1kmE3870N3142",8830.025228
"4275","1kmE3870N3143",1960.1683445
"4276","1kmE3870N3144",4182.4609305
"4277","1kmE3870N3145",10283.961914
"4278","1kmE3870N3146",11633.308957
"4279","1kmE3870N3147",9303.310898
"4280","1kmE3870N3148",8172.596742
"4281","1kmE3870N3149",7173.226902
"4282","1kmE3870N3150",8899.9454935
"4283","1kmE3870N3151",7662.382013
"4284","1kmE3870N3152",2451.0574135
"4285","1kmE3870N3153",2121.481956
"4286","1kmE3871N3087",2694.8213115
"4287","1kmE3871N3088",12536.390325
"4288","1kmE3871N3089",15260.2153735
"4289","1kmE3871N3090",14984.842174
"4290","1kmE3871N3091",16741.2792505
"4291","1kmE3871N3092",16425.35861
"4292","1kmE3871N3093",11437.079744
"4293","1kmE3871N3094",10343.116218
"4294","1kmE3871N3095",9181.151836
"4295","1kmE3871N3096",12807.5565855
"4296","1kmE3871N3097",11502.936768
"4297","1kmE3871N3098",9764.341579
"4298","1kmE3871N3099",11633.126534
"4299","1kmE3871N3100",14440.7013985
"4300","1kmE3871N3101",13419.652501
"4301","1kmE3871N3102",13036.399186
"4302","1kmE3871N3103",12450.826433
"4303","1kmE3871N3104",11633.6604965
"4304","1kmE3871N3105",7008.706444
"4305","1kmE3871N3106",7115.55472
"4306","1kmE3871N3107",7640.6891885
"4307","1kmE3871N3108",5819.2842115
"4308","1kmE3871N3109",6493.7715315
"4309","1kmE3871N3110",8020.139388
"4310","1kmE3871N3111",8483.864011
"4311","1kmE3871N3112",9929.462188
"4312","1kmE3871N3113",9059.5070805
"4313","1kmE3871N3114",3450.9353155
"4314","1kmE3871N3115",2812.915507
"4315","1kmE3871N3116",9153.3816895
"4316","1kmE3871N3117",9634.181712
"4317","1kmE3871N3118",8454.8765795
"4318","1kmE3871N3119",8842.0664045
"4319","1kmE3871N3120",8149.137771
"4320","1kmE3871N3121",7764.374162
"4321","1kmE3871N3122",3954.040397
"4322","1kmE3871N3123",4053.5816345
"4323","1kmE3871N3124",11250.457629
"4324","1kmE3871N3125",13471.929812
"4325","1kmE3871N3126",13042.1449345
"4326","1kmE3871N3127",10594.4932995
"4327","1kmE3871N3128",12916.6247985
"4328","1kmE3871N3129",10202.8703055
"4329","1kmE3871N3130",6833.340823
"4330","1kmE3871N3131",9395.985655
"4331","1kmE3871N3132",9901.356594
"4332","1kmE3871N3133",8785.743262
"4333","1kmE3871N3134",8212.530341
"4334","1kmE3871N3135",12466.470393
"4335","1kmE3871N3136",14494.8378655
"4336","1kmE3871N3137",16189.835631
"4337","1kmE3871N3138",14096.3993685
"4338","1kmE3871N3139",14373.679942
"4339","1kmE3871N3140",8977.0806935
"4340","1kmE3871N3141",4653.7881365
"4341","1kmE3871N3142",4354.303388
"4342","1kmE3871N3143",2130.629447
"4343","1kmE3871N3144",3058.528247
"4344","1kmE3871N3145",5596.3311625
"4345","1kmE3871N3146",9629.1864165
"4346","1kmE3871N3147",12691.6104225
"4347","1kmE3871N3148",10292.1469105
"4348","1kmE3871N3149",8187.107264
"4349","1kmE3871N3150",8300.244639
"4350","1kmE3871N3151",8409.6070165
"4351","1kmE3871N3152",3575.6781755
"4352","1kmE3871N3153",2809.276956
"4353","1kmE3871N3154",3306.027064
"4354","1kmE3871N3155",722.6599905
"4355","1kmE3872N3087",10689.3576905
"4356","1kmE3872N3088",16851.612599
"4357","1kmE3872N3089",15974.55424
"4358","1kmE3872N3090",15748.884358
"4359","1kmE3872N3091",18765.782454
"4360","1kmE3872N3092",16591.079568
"4361","1kmE3872N3093",10637.268253
"4362","1kmE3872N3094",10985.3716475
"4363","1kmE3872N3095",8550.131225
"4364","1kmE3872N3096",10436.5502315
"4365","1kmE3872N3097",11518.190373
"4366","1kmE3872N3098",13794.976218
"4367","1kmE3872N3099",15615.0261435
"4368","1kmE3872N3100",16972.946482
"4369","1kmE3872N3101",17527.590831
"4370","1kmE3872N3102",18654.8310405
"4371","1kmE3872N3103",18146.1290525
"4372","1kmE3872N3104",12515.016384
"4373","1kmE3872N3105",8017.208165
"4374","1kmE3872N3106",7952.3162345
"4375","1kmE3872N3107",6493.7739585
"4376","1kmE3872N3108",5225.066409
"4377","1kmE3872N3109",3488.8831715
"4378","1kmE3872N3110",7311.4864275
"4379","1kmE3872N3111",8858.3337685
"4380","1kmE3872N3112",4096.889619
"4381","1kmE3872N3113",7342.179901
"4382","1kmE3872N3114",10579.247766
"4383","1kmE3872N3115",8711.417854
"4384","1kmE3872N3116",8866.824722
"4385","1kmE3872N3117",5772.1152915
"4386","1kmE3872N3118",10058.0697765
"4387","1kmE3872N3119",10840.3610195
"4388","1kmE3872N3120",10655.3890885
"4389","1kmE3872N3121",9369.263879
"4390","1kmE3872N3122",7828.8247445
"4391","1kmE3872N3123",7821.7104785
"4392","1kmE3872N3124",8050.0201955
"4393","1kmE3872N3125",8226.634685
"4394","1kmE3872N3126",11454.918498
"4395","1kmE3872N3127",12625.2633005
"4396","1kmE3872N3128",14298.83029
"4397","1kmE3872N3129",10445.755246
"4398","1kmE3872N3130",4641.8802265
"4399","1kmE3872N3131",7502.8715705
"4400","1kmE3872N3132",8738.667044
"4401","1kmE3872N3133",6021.280635
"4402","1kmE3872N3134",9366.2909595
"4403","1kmE3872N3135",10007.4585695
"4404","1kmE3872N3136",13863.4666625
"4405","1kmE3872N3137",15398.4757005
"4406","1kmE3872N3138",13210.7200215
"4407","1kmE3872N3139",13160.307875
"4408","1kmE3872N3140",11655.1111745
"4409","1kmE3872N3141",6129.054251
"4410","1kmE3872N3142",5774.929383
"4411","1kmE3872N3143",2911.501771
"4412","1kmE3872N3144",5139.7421895
"4413","1kmE3872N3145",9792.502462
"4414","1kmE3872N3146",11419.7892175
"4415","1kmE3872N3147",12579.3380495
"4416","1kmE3872N3148",11192.6278995
"4417","1kmE3872N3149",7307.56392
"4418","1kmE3872N3150",10565.482049
"4419","1kmE3872N3151",8615.7351835
"4420","1kmE3872N3152",3311.0302305
"4421","1kmE3872N3153",2820.85099
"4422","1kmE3872N3154",2790.751503
"4423","1kmE3872N3155",3095.921008
"4424","1kmE3872N3156",205.0163905
"4425","1kmE3873N3087",11091.6957715
"4426","1kmE3873N3088",13175.7985345
"4427","1kmE3873N3089",14650.5414965
"4428","1kmE3873N3090",13020.3698915
"4429","1kmE3873N3091",15722.9610355
"4430","1kmE3873N3092",16552.138578
"4431","1kmE3873N3093",9173.078517
"4432","1kmE3873N3094",7988.136034
"4433","1kmE3873N3095",7331.792884
"4434","1kmE3873N3096",12145.870682
"4435","1kmE3873N3097",12179.651716
"4436","1kmE3873N3098",11998.730128
"4437","1kmE3873N3099",13908.546656
"4438","1kmE3873N3100",18160.219447
"4439","1kmE3873N3101",17413.670992
"4440","1kmE3873N3102",19467.2707765
"4441","1kmE3873N3103",18977.371165
"4442","1kmE3873N3104",17884.4010855
"4443","1kmE3873N3105",12111.8524155
"4444","1kmE3873N3106",8588.458878
"4445","1kmE3873N3107",8655.711149
"4446","1kmE3873N3108",4844.168504
"4447","1kmE3873N3109",4317.619974
"4448","1kmE3873N3110",5992.0906155
"4449","1kmE3873N3111",4364.8462145
"4450","1kmE3873N3112",3937.2563025
"4451","1kmE3873N3113",4749.7020165
"4452","1kmE3873N3114",5964.599456
"4453","1kmE3873N3115",12947.371317
"4454","1kmE3873N3116",12158.2250135
"4455","1kmE3873N3117",7915.1619465
"4456","1kmE3873N3118",7592.974991
"4457","1kmE3873N3119",11302.689969
"4458","1kmE3873N3120",12999.860021
"4459","1kmE3873N3121",10541.7310695
"4460","1kmE3873N3122",11736.6893615
"4461","1kmE3873N3123",10410.80738
"4462","1kmE3873N3124",10089.575227
"4463","1kmE3873N3125",9385.991585
"4464","1kmE3873N3126",9441.2717495
"4465","1kmE3873N3127",11999.8135705
"4466","1kmE3873N3128",12437.007145
"4467","1kmE3873N3129",8624.051057
"4468","1kmE3873N3130",3532.050506
"4469","1kmE3873N3131",2989.2984545
"4470","1kmE3873N3132",6554.327935
"4471","1kmE3873N3133",6671.663801
"4472","1kmE3873N3134",6606.910258
"4473","1kmE3873N3135",7365.1747475
"4474","1kmE3873N3136",12271.4900305
"4475","1kmE3873N3137",11410.682238
"4476","1kmE3873N3138",11291.601173
"4477","1kmE3873N3139",12233.553198
"4478","1kmE3873N3140",12545.7576845
"4479","1kmE3873N3141",7125.8337285
"4480","1kmE3873N3142",3162.9366345
"4481","1kmE3873N3143",2901.440816
"4482","1kmE3873N3144",5410.0419335
"4483","1kmE3873N3145",6711.37773
"4484","1kmE3873N3146",8153.242994
"4485","1kmE3873N3147",12237.337785
"4486","1kmE3873N3148",12057.286762
"4487","1kmE3873N3149",8935.9955255
"4488","1kmE3873N3150",9431.433724
"4489","1kmE3873N3151",6833.494338
"4490","1kmE3873N3152",4424.3225655
"4491","1kmE3873N3153",2265.560885
"4492","1kmE3873N3154",2327.1663695
"4493","1kmE3873N3155",2560.8841265
"4494","1kmE3873N3156",1560.9885485
"4495","1kmE3874N3085",205.0163915
"4496","1kmE3874N3087",9324.88884
"4497","1kmE3874N3088",11813.7301545
"4498","1kmE3874N3089",11507.0582055
"4499","1kmE3874N3090",14890.4287515
"4500","1kmE3874N3091",16948.6433365
"4501","1kmE3874N3092",16451.424529
"4502","1kmE3874N3093",10505.5395885
"4503","1kmE3874N3094",6098.081145
"4504","1kmE3874N3095",7946.4907905
"4505","1kmE3874N3096",11242.296955
"4506","1kmE3874N3097",12032.475874
"4507","1kmE3874N3098",11107.683049
"4508","1kmE3874N3099",14860.8237035
"4509","1kmE3874N3100",17229.0224455
"4510","1kmE3874N3101",15751.0125635
"4511","1kmE3874N3102",17906.7168415
"4512","1kmE3874N3103",16179.6721885
"4513","1kmE3874N3104",17221.0447715
"4514","1kmE3874N3105",13812.9337685
"4515","1kmE3874N3106",10133.6855315
"4516","1kmE3874N3107",8321.8343095
"4517","1kmE3874N3108",10799.735883
"4518","1kmE3874N3109",6954.87095
"4519","1kmE3874N3110",8924.063569
"4520","1kmE3874N3111",8105.3799535
"4521","1kmE3874N3112",7260.137657
"4522","1kmE3874N3113",11368.463375
"4523","1kmE3874N3114",8640.1021255
"4524","1kmE3874N3115",9309.628478
"4525","1kmE3874N3116",9702.191508
"4526","1kmE3874N3117",8022.8725325
"4527","1kmE3874N3118",9738.250472
"4528","1kmE3874N3119",11827.3650675
"4529","1kmE3874N3120",13858.743982
"4530","1kmE3874N3121",13960.2825375
"4531","1kmE3874N3122",13152.461145
"4532","1kmE3874N3123",8699.3153745
"4533","1kmE3874N3124",12399.40456
"4534","1kmE3874N3125",16802.5506585
"4535","1kmE3874N3126",17357.2912415
"4536","1kmE3874N3127",18304.2842115
"4537","1kmE3874N3128",15839.333232
"4538","1kmE3874N3129",7941.3162865
"4539","1kmE3874N3130",4099.4358315
"4540","1kmE3874N3131",4452.173102
"4541","1kmE3874N3132",5784.8741105
"4542","1kmE3874N3133",7601.0726685
"4543","1kmE3874N3134",5574.1029145
"4544","1kmE3874N3135",7905.337424
"4545","1kmE3874N3136",12500.602177
"4546","1kmE3874N3137",12813.2895155
"4547","1kmE3874N3138",11068.2459965
"4548","1kmE3874N3139",11824.988657
"4549","1kmE3874N3140",10285.934653
"4550","1kmE3874N3141",5458.197482
"4551","1kmE3874N3142",2588.7485535
"4552","1kmE3874N3143",3280.784246
"4553","1kmE3874N3144",4360.45248
"4554","1kmE3874N3145",7105.6304285
"4555","1kmE3874N3146",8312.7442785
"4556","1kmE3874N3147",11329.509509
"4557","1kmE3874N3148",11288.1330715
"4558","1kmE3874N3149",7593.0195345
"4559","1kmE3874N3150",8920.7606785
"4560","1kmE3874N3151",9518.172447
"4561","1kmE3874N3152",7696.763518
"4562","1kmE3874N3153",2942.722617
"4563","1kmE3874N3154",2685.5516185
"4564","1kmE3874N3155",2586.1303675
"4565","1kmE3874N3156",1941.417983
"4566","1kmE3875N3087",6615.1125725
"4567","1kmE3875N3088",12587.239905
"4568","1kmE3875N3089",12012.0512465
"4569","1kmE3875N3090",13413.0570265
"4570","1kmE3875N3091",15770.7273165
"4571","1kmE3875N3092",12793.181484
"4572","1kmE3875N3093",11809.884319
"4573","1kmE3875N3094",10540.637421
"4574","1kmE3875N3095",8945.5028095
"4575","1kmE3875N3096",10078.885391
"4576","1kmE3875N3097",11628.8863765
"4577","1kmE3875N3098",10079.4398525
"4578","1kmE3875N3099",15672.4153235
"4579","1kmE3875N3100",16748.46931
"4580","1kmE3875N3101",15351.057588
"4581","1kmE3875N3102",15962.328789
"4582","1kmE3875N3103",15662.1279505
"4583","1kmE3875N3104",17347.92422
"4584","1kmE3875N3105",14640.7913385
"4585","1kmE3875N3106",10908.351729
"4586","1kmE3875N3107",12087.451391
"4587","1kmE3875N3108",12949.845037
"4588","1kmE3875N3109",14733.1299065
"4589","1kmE3875N3110",13073.5101975
"4590","1kmE3875N3111",9960.1285515
"4591","1kmE3875N3112",14653.1070315
"4592","1kmE3875N3113",10937.1482945
"4593","1kmE3875N3114",5732.3266055
"4594","1kmE3875N3115",4057.425058
"4595","1kmE3875N3116",7233.6080225
"4596","1kmE3875N3117",11658.0893265
"4597","1kmE3875N3118",11257.912525
"4598","1kmE3875N3119",14627.6407845
"4599","1kmE3875N3120",15092.1853785
"4600","1kmE3875N3121",14862.334081
"4601","1kmE3875N3122",13140.0761425
"4602","1kmE3875N3123",12379.757906
"4603","1kmE3875N3124",17077.7062605
"4604","1kmE3875N3125",19857.3787395
"4605","1kmE3875N3126",19936.75264
"4606","1kmE3875N3127",19510.7229965
"4607","1kmE3875N3128",17061.549693
"4608","1kmE3875N3129",6997.889827
"4609","1kmE3875N3130",5668.9660985
"4610","1kmE3875N3131",4286.153941
"4611","1kmE3875N3132",4852.352711
"4612","1kmE3875N3133",7033.315678
"4613","1kmE3875N3134",7255.4689895
"4614","1kmE3875N3135",5454.4816705
"4615","1kmE3875N3136",11933.6729515
"4616","1kmE3875N3137",13782.4009155
"4617","1kmE3875N3138",12861.027422
"4618","1kmE3875N3139",13390.7778475
"4619","1kmE3875N3140",10753.329932
"4620","1kmE3875N3141",2498.6615605
"4621","1kmE3875N3142",3619.278893
"4622","1kmE3875N3143",3646.8271255
"4623","1kmE3875N3144",3779.3340555
"4624","1kmE3875N3145",7437.7126025
"4625","1kmE3875N3146",7393.3910355
"4626","1kmE3875N3147",8740.7800755
"4627","1kmE3875N3148",7094.0006865
"4628","1kmE3875N3149",5665.1820735
"4629","1kmE3875N3150",9100.4523365
"4630","1kmE3875N3151",9084.0319395
"4631","1kmE3875N3152",6987.5714735
"4632","1kmE3875N3153",3562.535111
"4633","1kmE3875N3154",2516.016676
"4634","1kmE3875N3155",3424.854502
"4635","1kmE3875N3156",2486.1836205
"4636","1kmE3876N3088",9370.8518865
"4637","1kmE3876N3089",11821.48114
"4638","1kmE3876N3090",11977.869139
"4639","1kmE3876N3091",11517.6546565
"4640","1kmE3876N3092",11995.8586835
"4641","1kmE3876N3093",14387.317789
"4642","1kmE3876N3094",14514.9239485
"4643","1kmE3876N3095",12031.7517505
"4644","1kmE3876N3096",12878.2309985
"4645","1kmE3876N3097",15326.4379275
"4646","1kmE3876N3098",14217.415144
"4647","1kmE3876N3099",14298.585874
"4648","1kmE3876N3100",15809.960978
"4649","1kmE3876N3101",14697.386853
"4650","1kmE3876N3102",16613.6341925
"4651","1kmE3876N3103",15136.2663005
"4652","1kmE3876N3104",17415.67092
"4653","1kmE3876N3105",13078.652272
"4654","1kmE3876N3106",12821.397412
"4655","1kmE3876N3107",9769.690389
"4656","1kmE3876N3108",12321.114472
"4657","1kmE3876N3109",13956.9632095
"4658","1kmE3876N3110",10096.526841
"4659","1kmE3876N3111",7399.2057335
"4660","1kmE3876N3112",13018.1817695
"4661","1kmE3876N3113",8672.733102
"4662","1kmE3876N3114",4793.747734
"4663","1kmE3876N3115",9917.0721915
"4664","1kmE3876N3116",8512.0808515
"4665","1kmE3876N3117",13631.3119585
"4666","1kmE3876N3118",10764.4011325
"4667","1kmE3876N3119",16574.5611635
"4668","1kmE3876N3120",15966.581666
"4669","1kmE3876N3121",12470.7297245
"4670","1kmE3876N3122",13502.863116
"4671","1kmE3876N3123",17009.1189815
"4672","1kmE3876N3124",19421.900753
"4673","1kmE3876N3125",18780.095099
"4674","1kmE3876N3126",19618.923383
"4675","1kmE3876N3127",20425.326242
"4676","1kmE3876N3128",17555.5813415
"4677","1kmE3876N3129",7385.0804605
"4678","1kmE3876N3130",4234.781364
"4679","1kmE3876N3131",7714.706292
"4680","1kmE3876N3132",4060.211537
"4681","1kmE3876N3133",3861.317785
"4682","1kmE3876N3134",3140.882827
"4683","1kmE3876N3135",5507.1555065
"4684","1kmE3876N3136",9385.087272
"4685","1kmE3876N3137",13175.768293
"4686","1kmE3876N3138",12917.7995075
"4687","1kmE3876N3139",10041.377699
"4688","1kmE3876N3140",6382.7087895
"4689","1kmE3876N3141",3718.055068
"4690","1kmE3876N3142",3409.0807925
"4691","1kmE3876N3143",2209.063853
"4692","1kmE3876N3144",5840.25214
"4693","1kmE3876N3145",8959.007952
"4694","1kmE3876N3146",7853.3605575
"4695","1kmE3876N3147",9246.0381925
"4696","1kmE3876N3148",7565.8485175
"4697","1kmE3876N3149",7183.5106235
"4698","1kmE3876N3150",9220.0287855
"4699","1kmE3876N3151",7270.293778
"4700","1kmE3876N3152",4270.492975
"4701","1kmE3876N3153",2775.077539
"4702","1kmE3876N3154",3375.641044
"4703","1kmE3876N3155",2005.364268
"4704","1kmE3876N3156",2238.124403
"4705","1kmE3876N3166",205.01639
"4706","1kmE3877N3089",317.965532
"4707","1kmE3877N3090",1132.8420005
"4708","1kmE3877N3091",6567.2867535
"4709","1kmE3877N3092",12079.2054155
"4710","1kmE3877N3093",11276.977571
"4711","1kmE3877N3094",10228.570117
"4712","1kmE3877N3095",11820.9827005
"4713","1kmE3877N3096",14515.1068345
"4714","1kmE3877N3097",11891.2262235
"4715","1kmE3877N3098",11997.4621415
"4716","1kmE3877N3099",10327.4388785
"4717","1kmE3877N3100",13029.2584475
"4718","1kmE3877N3101",15153.9617395
"4719","1kmE3877N3102",16545.0539235
"4720","1kmE3877N3103",16263.5092505
"4721","1kmE3877N3104",12582.841322
"4722","1kmE3877N3105",15762.679852
"4723","1kmE3877N3106",14656.221612
"4724","1kmE3877N3107",14811.7667705
"4725","1kmE3877N3108",11264.32768
"4726","1kmE3877N3109",7292.691967
"4727","1kmE3877N3110",11064.310652
"4728","1kmE3877N3111",9005.944368
"4729","1kmE3877N3112",14150.9842115
"4730","1kmE3877N3113",13579.454003
"4731","1kmE3877N3114",12413.6550015
"4732","1kmE3877N3115",9036.1365355
"4733","1kmE3877N3116",11077.6515205
"4734","1kmE3877N3117",11112.5059345
"4735","1kmE3877N3118",13616.556981
"4736","1kmE3877N3119",14836.322098
"4737","1kmE3877N3120",16030.113916
"4738","1kmE3877N3121",15337.8586855
"4739","1kmE3877N3122",15171.9369945
"4740","1kmE3877N3123",18803.1614025
"4741","1kmE3877N3124",19300.050852
"4742","1kmE3877N3125",20170.402338
"4743","1kmE3877N3126",19925.074808
"4744","1kmE3877N3127",19626.4295325
"4745","1kmE3877N3128",17234.3006975
"4746","1kmE3877N3129",5154.278544
"4747","1kmE3877N3130",6781.4685705
"4748","1kmE3877N3131",10350.2793505
"4749","1kmE3877N3132",6161.715674
"4750","1kmE3877N3133",3979.0766735
"4751","1kmE3877N3134",6828.623137
"4752","1kmE3877N3135",7996.560931
"4753","1kmE3877N3136",7365.389855
"4754","1kmE3877N3137",8062.661684
"4755","1kmE3877N3138",7181.160738
"4756","1kmE3877N3139",6081.991926
"4757","1kmE3877N3140",6756.70484
"4758","1kmE3877N3141",805.071152
"4759","1kmE3877N3142",2068.66673
"4760","1kmE3877N3143",6808.821533
"4761","1kmE3877N3144",6973.2815565
"4762","1kmE3877N3145",9408.403398
"4763","1kmE3877N3146",11780.767686
"4764","1kmE3877N3147",10806.015256
"4765","1kmE3877N3148",8691.163991
"4766","1kmE3877N3149",6358.620924
"4767","1kmE3877N3150",10903.916048
"4768","1kmE3877N3151",8274.034586
"4769","1kmE3877N3152",2529.370473
"4770","1kmE3877N3153",3298.3433085
"4771","1kmE3877N3154",2528.6672035
"4772","1kmE3877N3155",2081.129663
"4773","1kmE3877N3156",672.768258
"4774","1kmE3877N3165",205.0163905
"4775","1kmE3878N3091",8852.2440845
"4776","1kmE3878N3092",12754.367053
"4777","1kmE3878N3093",12720.605284
"4778","1kmE3878N3094",9861.426974
"4779","1kmE3878N3095",10984.540433
"4780","1kmE3878N3096",13490.1795275
"4781","1kmE3878N3097",12932.9939795
"4782","1kmE3878N3098",7202.5938155
"4783","1kmE3878N3099",8490.5444195
"4784","1kmE3878N3100",8657.1208505
"4785","1kmE3878N3101",9871.9328025
"4786","1kmE3878N3102",7370.89897
"4787","1kmE3878N3103",13597.4910295
"4788","1kmE3878N3104",9595.9312975
"4789","1kmE3878N3105",12033.3797655
"4790","1kmE3878N3106",10881.982634
"4791","1kmE3878N3107",14323.2680125
"4792","1kmE3878N3108",9062.779902
"4793","1kmE3878N3109",8185.566669
"4794","1kmE3878N3110",9973.537273
"4795","1kmE3878N3111",11619.759484
"4796","1kmE3878N3112",11840.46206
"4797","1kmE3878N3113",15168.2730595
"4798","1kmE3878N3114",15332.8438575
"4799","1kmE3878N3115",14244.993363
"4800","1kmE3878N3116",11071.472165
"4801","1kmE3878N3117",12733.064082
"4802","1kmE3878N3118",12989.6300785
"4803","1kmE3878N3119",15244.9971445
"4804","1kmE3878N3120",16352.393876
"4805","1kmE3878N3121",18598.511883
"4806","1kmE3878N3122",21503.099343
"4807","1kmE3878N3123",20891.4478005
"4808","1kmE3878N3124",22023.3638845
"4809","1kmE3878N3125",22090.7909105
"4810","1kmE3878N3126",21048.0993545
"4811","1kmE3878N3127",20371.28295
"4812","1kmE3878N3128",15614.0189605
"4813","1kmE3878N3129",8587.3823185
"4814","1kmE3878N3130",6484.0363695
"4815","1kmE3878N3131",9091.7043785
"4816","1kmE3878N3132",6711.856214
"4817","1kmE3878N3133",3948.232237
"4818","1kmE3878N3134",7699.094569
"4819","1kmE3878N3135",8387.6077295
"4820","1kmE3878N3136",8703.9790335
"4821","1kmE3878N3137",7240.2680695
"4822","1kmE3878N3138",5814.316705
"4823","1kmE3878N3139",6788.3245815
"4824","1kmE3878N3140",6182.408105
"4825","1kmE3878N3141",1600.698632
"4826","1kmE3878N3142",4993.154452
"4827","1kmE3878N3143",5811.1911595
"4828","1kmE3878N3144",9213.4538885
"4829","1kmE3878N3145",8951.651466
"4830","1kmE3878N3146",11816.1857305
"4831","1kmE3878N3147",13095.5680445
"4832","1kmE3878N3148",11320.155233
"4833","1kmE3878N3149",6354.5840225
"4834","1kmE3878N3150",6473.8874935
"4835","1kmE3878N3151",4053.1412135
"4836","1kmE3878N3152",3960.275043
"4837","1kmE3878N3153",2439.1084905
"4838","1kmE3878N3154",3881.1264575
"4839","1kmE3878N3155",1804.065912
"4840","1kmE3879N3077",205.01639
"4841","1kmE3879N3088",1425.2579725
"4842","1kmE3879N3089",2820.371258
"4843","1kmE3879N3090",2571.348735
"4844","1kmE3879N3091",7349.296538
"4845","1kmE3879N3092",12572.8932475
"4846","1kmE3879N3093",14417.842921
"4847","1kmE3879N3094",12153.6791695
"4848","1kmE3879N3095",11373.004461
"4849","1kmE3879N3096",10756.4668185
"4850","1kmE3879N3097",13336.9237125
"4851","1kmE3879N3098",7470.8721
"4852","1kmE3879N3099",8093.6767625
"4853","1kmE3879N3100",6877.767408
"4854","1kmE3879N3101",9711.2217915
"4855","1kmE3879N3102",11051.5380565
"4856","1kmE3879N3103",9718.1568755
"4857","1kmE3879N3104",9970.1948685
"4858","1kmE3879N3105",11638.7497305
"4859","1kmE3879N3106",11205.590995
"4860","1kmE3879N3107",12579.4239425
"4861","1kmE3879N3108",10236.76015
"4862","1kmE3879N3109",10937.457195
"4863","1kmE3879N3110",7430.6419995
"4864","1kmE3879N3111",14936.3978865
"4865","1kmE3879N3112",12035.932042
"4866","1kmE3879N3113",11787.1089665
"4867","1kmE3879N3114",14621.671695
"4868","1kmE3879N3115",15863.259197
"4869","1kmE3879N3116",11903.4920685
"4870","1kmE3879N3117",11698.618847
"4871","1kmE3879N3118",13641.8658875
"4872","1kmE3879N3119",18169.469817
"4873","1kmE3879N3120",18724.3319365
"4874","1kmE3879N3121",19078.825013
"4875","1kmE3879N3122",19664.2998495
"4876","1kmE3879N3123",19895.813066
"4877","1kmE3879N3124",21896.2296815
"4878","1kmE3879N3125",21832.947992
"4879","1kmE3879N3126",19899.269408
"4880","1kmE3879N3127",19335.843839
"4881","1kmE3879N3128",15745.971751
"4882","1kmE3879N3129",10803.375668
"4883","1kmE3879N3130",5412.133451
"4884","1kmE3879N3131",5183.532144
"4885","1kmE3879N3132",4898.3643215
"4886","1kmE3879N3133",5223.565047
"4887","1kmE3879N3134",4736.3309395
"4888","1kmE3879N3135",4519.329341
"4889","1kmE3879N3136",9530.8301275
"4890","1kmE3879N3137",10111.6985645
"4891","1kmE3879N3138",8601.7047075
"4892","1kmE3879N3139",7033.300606
"4893","1kmE3879N3140",5476.479647
"4894","1kmE3879N3141",4702.785163
"4895","1kmE3879N3142",5456.2320735
"4896","1kmE3879N3143",9304.651252
"4897","1kmE3879N3144",8781.460147
"4898","1kmE3879N3145",7815.656808
"4899","1kmE3879N3146",9867.2821995
"4900","1kmE3879N3147",13080.5704945
"4901","1kmE3879N3148",9351.6648465
"4902","1kmE3879N3149",8163.906814
"4903","1kmE3879N3150",5056.9602655
"4904","1kmE3879N3151",3907.4613725
"4905","1kmE3879N3152",3715.9793175
"4906","1kmE3879N3153",3015.5492705
"4907","1kmE3879N3154",1443.870607
"4908","1kmE3880N3087",1719.726438
"4909","1kmE3880N3088",2366.887081
"4910","1kmE3880N3089",3250.2466115
"4911","1kmE3880N3090",3013.2334205
"4912","1kmE3880N3091",7675.7480065
"4913","1kmE3880N3092",11061.3712245
"4914","1kmE3880N3093",13329.0195425
"4915","1kmE3880N3094",10871.523589
"4916","1kmE3880N3095",12183.0300275
"4917","1kmE3880N3096",13268.943776
"4918","1kmE3880N3097",14812.571734
"4919","1kmE3880N3098",11397.347648
"4920","1kmE3880N3099",11675.2539195
"4921","1kmE3880N3100",8552.657678
"4922","1kmE3880N3101",11749.5888245
"4923","1kmE3880N3102",11490.039913
"4924","1kmE3880N3103",11877.7205455
"4925","1kmE3880N3104",9663.800096
"4926","1kmE3880N3105",12591.676451
"4927","1kmE3880N3106",12309.852749
"4928","1kmE3880N3107",15015.417968
"4929","1kmE3880N3108",11522.000063
"4930","1kmE3880N3109",11566.9488575
"4931","1kmE3880N3110",9991.472283
"4932","1kmE3880N3111",15510.090334
"4933","1kmE3880N3112",14647.1892185
"4934","1kmE3880N3113",9639.616879
"4935","1kmE3880N3114",11497.4321025
"4936","1kmE3880N3115",17636.6358615
"4937","1kmE3880N3116",16029.469802
"4938","1kmE3880N3117",14406.9062105
"4939","1kmE3880N3118",15321.9257175
"4940","1kmE3880N3119",17616.5169245
"4941","1kmE3880N3120",19268.254974
"4942","1kmE3880N3121",18560.3668785
"4943","1kmE3880N3122",18409.164411
"4944","1kmE3880N3123",19075.1946605
"4945","1kmE3880N3124",19539.703826
"4946","1kmE3880N3125",17360.5466265
"4947","1kmE3880N3126",16072.596847
"4948","1kmE3880N3127",16394.262148
"4949","1kmE3880N3128",15784.312035
"4950","1kmE3880N3129",9118.4362785
"4951","1kmE3880N3130",4100.3111415
"4952","1kmE3880N3131",7147.2648525
"4953","1kmE3880N3132",4875.505262
"4954","1kmE3880N3133",4197.1652355
"4955","1kmE3880N3134",2896.5390735
"4956","1kmE3880N3135",3305.9520355
"4957","1kmE3880N3136",6142.1583075
"4958","1kmE3880N3137",8048.729585
"4959","1kmE3880N3138",11497.25552
"4960","1kmE3880N3139",7015.967783
"4961","1kmE3880N3140",4672.5131285
"4962","1kmE3880N3141",5644.9320325
"4963","1kmE3880N3142",5328.0745085
"4964","1kmE3880N3143",9253.078303
"4965","1kmE3880N3144",8025.8516835
"4966","1kmE3880N3145",9523.170097
"4967","1kmE3880N3146",11026.435377
"4968","1kmE3880N3147",13190.302964
"4969","1kmE3880N3148",9700.9023295
"4970","1kmE3880N3149",9444.6227005
"4971","1kmE3880N3150",5544.6606155
"4972","1kmE3880N3151",1576.940793
"4973","1kmE3880N3152",1220.754335
"4974","1kmE3881N3086",205.0163915
"4975","1kmE3881N3087",3126.6579515
"4976","1kmE3881N3088",2992.0386975
"4977","1kmE3881N3089",3762.574702
"4978","1kmE3881N3090",5499.6754115
"4979","1kmE3881N3091",8897.687855
"4980","1kmE3881N3092",12231.300338
"4981","1kmE3881N3093",13141.5297755
"4982","1kmE3881N3094",9854.819168
"4983","1kmE3881N3095",12503.1688905
"4984","1kmE3881N3096",12044.782944
"4985","1kmE3881N3097",11519.1728605
"4986","1kmE3881N3098",13459.032735
"4987","1kmE3881N3099",14164.3992635
"4988","1kmE3881N3100",10725.3971125
"4989","1kmE3881N3101",9421.025684
"4990","1kmE3881N3102",10770.0303895
"4991","1kmE3881N3103",10231.945225
"4992","1kmE3881N3104",10757.500325
"4993","1kmE3881N3105",11930.700164
"4994","1kmE3881N3106",10845.376374
"4995","1kmE3881N3107",14710.3358125
"4996","1kmE3881N3108",12403.6023245
"4997","1kmE3881N3109",10221.1333395
"4998","1kmE3881N3110",12086.9050375
"4999","1kmE3881N3111",14451.1787845
"5000","1kmE3881N3112",16641.0627435
"5001","1kmE3881N3113",13660.491243
"5002","1kmE3881N3114",12778.306331
"5003","1kmE3881N3115",14918.8510955
"5004","1kmE3881N3116",14254.800164
"5005","1kmE3881N3117",13664.168308
"5006","1kmE3881N3118",13248.6080635
"5007","1kmE3881N3119",15624.935174
"5008","1kmE3881N3120",17634.1946805
"5009","1kmE3881N3121",19107.8319555
"5010","1kmE3881N3122",19533.128959
"5011","1kmE3881N3123",19073.1194405
"5012","1kmE3881N3124",18707.2435345
"5013","1kmE3881N3125",18840.0772675
"5014","1kmE3881N3126",18123.9029015
"5015","1kmE3881N3127",16987.818388
"5016","1kmE3881N3128",12588.2443805
"5017","1kmE3881N3129",9462.003608
"5018","1kmE3881N3130",4133.11806
"5019","1kmE3881N3131",6622.662572
"5020","1kmE3881N3132",6614.533687
"5021","1kmE3881N3133",4532.950191
"5022","1kmE3881N3134",4051.5902825
"5023","1kmE3881N3135",6131.5157995
"5024","1kmE3881N3136",4448.521509
"5025","1kmE3881N3137",7474.830138
"5026","1kmE3881N3138",3830.833681
"5027","1kmE3881N3139",4081.0417705
"5028","1kmE3881N3140",5152.9551575
"5029","1kmE3881N3141",6599.699759
"5030","1kmE3881N3142",8629.594222
"5031","1kmE3881N3143",9182.088665
"5032","1kmE3881N3144",8728.993206
"5033","1kmE3881N3145",10975.96646
"5034","1kmE3881N3146",10578.164954
"5035","1kmE3881N3147",13228.4932925
"5036","1kmE3881N3148",10424.088032
"5037","1kmE3881N3149",8708.5293105
"5038","1kmE3881N3150",4686.933813
"5039","1kmE3881N3151",403.8964475
"5040","1kmE3881N3152",205.01639
"5041","1kmE3881N3153",205.0163895
"5042","1kmE3882N3086",901.665563
"5043","1kmE3882N3087",2377.859715
"5044","1kmE3882N3088",2768.7773445
"5045","1kmE3882N3089",6129.15873
"5046","1kmE3882N3090",10492.106228
"5047","1kmE3882N3091",9640.379683
"5048","1kmE3882N3092",12492.89665
"5049","1kmE3882N3093",13115.878545
"5050","1kmE3882N3094",8609.727222
"5051","1kmE3882N3095",12566.825683
"5052","1kmE3882N3096",12029.946128
"5053","1kmE3882N3097",12815.8991715
"5054","1kmE3882N3098",12581.092985
"5055","1kmE3882N3099",13613.6101825
"5056","1kmE3882N3100",12430.2256935
"5057","1kmE3882N3101",10783.328615
"5058","1kmE3882N3102",12265.583473
"5059","1kmE3882N3103",11606.855297
"5060","1kmE3882N3104",12218.7230515
"5061","1kmE3882N3105",11922.359969
"5062","1kmE3882N3106",10182.8719865
"5063","1kmE3882N3107",10724.3109595
"5064","1kmE3882N3108",9590.7329655
"5065","1kmE3882N3109",9130.998883
"5066","1kmE3882N3110",10933.8707905
"5067","1kmE3882N3111",12393.604223
"5068","1kmE3882N3112",13895.5578865
"5069","1kmE3882N3113",15404.770711
"5070","1kmE3882N3114",15385.0296435
"5071","1kmE3882N3115",15959.4496285
"5072","1kmE3882N3116",10855.904936
"5073","1kmE3882N3117",13309.375828
"5074","1kmE3882N3118",11268.4386505
"5075","1kmE3882N3119",16023.080763
"5076","1kmE3882N3120",18994.3083805
"5077","1kmE3882N3121",20097.5491785
"5078","1kmE3882N3122",19285.172377
"5079","1kmE3882N3123",19899.873752
"5080","1kmE3882N3124",18876.4678915
"5081","1kmE3882N3125",20170.1229545
"5082","1kmE3882N3126",18176.4294255
"5083","1kmE3882N3127",16159.6666575
"5084","1kmE3882N3128",7781.1930705
"5085","1kmE3882N3129",9099.7158725
"5086","1kmE3882N3130",6548.0457525
"5087","1kmE3882N3131",4665.752015
"5088","1kmE3882N3132",7657.050412
"5089","1kmE3882N3133",3279.1693585
"5090","1kmE3882N3134",4274.748125
"5091","1kmE3882N3135",3352.3013835
"5092","1kmE3882N3136",6336.0296935
"5093","1kmE3882N3137",7531.0138455
"5094","1kmE3882N3138",4500.4723225
"5095","1kmE3882N3139",4077.104968
"5096","1kmE3882N3140",5318.631894
"5097","1kmE3882N3141",7721.468984
"5098","1kmE3882N3142",9968.3556305
"5099","1kmE3882N3143",9904.0809525
"5100","1kmE3882N3144",9028.732068
"5101","1kmE3882N3145",9954.5560265
"5102","1kmE3882N3146",8144.5794485
"5103","1kmE3882N3147",11806.5043995
"5104","1kmE3882N3148",10806.42895
"5105","1kmE3882N3149",7082.722224
"5106","1kmE3882N3150",1841.1138055
"5107","1kmE3883N3087",3583.40038
"5108","1kmE3883N3088",3492.5922885
"5109","1kmE3883N3089",5138.1673975
"5110","1kmE3883N3090",6874.83504
"5111","1kmE3883N3091",8343.155522
"5112","1kmE3883N3092",12908.6451845
"5113","1kmE3883N3093",12340.4613395
"5114","1kmE3883N3094",10207.0204615
"5115","1kmE3883N3095",12107.356256
"5116","1kmE3883N3096",12317.0752225
"5117","1kmE3883N3097",12712.85497
"5118","1kmE3883N3098",11763.81991
"5119","1kmE3883N3099",14795.673518
"5120","1kmE3883N3100",13881.53434
"5121","1kmE3883N3101",9589.5357375
"5122","1kmE3883N3102",9421.4459025
"5123","1kmE3883N3103",10981.9843025
"5124","1kmE3883N3104",12508.228611
"5125","1kmE3883N3105",10757.1012435
"5126","1kmE3883N3106",11298.5155605
"5127","1kmE3883N3107",12287.6789625
"5128","1kmE3883N3108",9410.9036285
"5129","1kmE3883N3109",10164.55157
"5130","1kmE3883N3110",11651.4507285
"5131","1kmE3883N3111",13860.1381935
"5132","1kmE3883N3112",15723.175975
"5133","1kmE3883N3113",14701.169499
"5134","1kmE3883N3114",11398.4419835
"5135","1kmE3883N3115",14420.998979
"5136","1kmE3883N3116",14872.102412
"5137","1kmE3883N3117",14181.0634185
"5138","1kmE3883N3118",13999.1147905
"5139","1kmE3883N3119",17483.329671
"5140","1kmE3883N3120",18587.9892815
"5141","1kmE3883N3121",16869.583157
"5142","1kmE3883N3122",18372.356389
"5143","1kmE3883N3123",21217.282218
"5144","1kmE3883N3124",19136.967165
"5145","1kmE3883N3125",19983.7804665
"5146","1kmE3883N3126",15483.529049
"5147","1kmE3883N3127",14101.20135
"5148","1kmE3883N3128",9379.711269
"5149","1kmE3883N3129",7910.1220705
"5150","1kmE3883N3130",7782.0638035
"5151","1kmE3883N3131",5648.8668265
"5152","1kmE3883N3132",5493.056979
"5153","1kmE3883N3133",5266.6520475
"5154","1kmE3883N3134",7266.4490575
"5155","1kmE3883N3135",8625.8132505
"5156","1kmE3883N3136",7323.3850705
"5157","1kmE3883N3137",9410.3156155
"5158","1kmE3883N3138",9017.6862735
"5159","1kmE3883N3139",7800.942179
"5160","1kmE3883N3140",8611.3153445
"5161","1kmE3883N3141",9301.756076
"5162","1kmE3883N3142",9255.9896145
"5163","1kmE3883N3143",10514.179556
"5164","1kmE3883N3144",8954.756038
"5165","1kmE3883N3145",10349.5537495
"5166","1kmE3883N3146",10315.3504685
"5167","1kmE3883N3147",9199.7377555
"5168","1kmE3883N3148",7754.165822
"5169","1kmE3883N3149",6883.49159
"5170","1kmE3883N3150",1618.8630515
"5171","1kmE3883N3152",205.01639
"5172","1kmE3884N3087",2239.7253905
"5173","1kmE3884N3088",4943.1893
"5174","1kmE3884N3089",3919.143898
"5175","1kmE3884N3090",6166.0768875
"5176","1kmE3884N3091",6979.211633
"5177","1kmE3884N3092",11718.1894035
"5178","1kmE3884N3093",13174.1657015
"5179","1kmE3884N3094",8787.0129785
"5180","1kmE3884N3095",11556.7776325
"5181","1kmE3884N3096",15076.218819
"5182","1kmE3884N3097",15842.554441
"5183","1kmE3884N3098",13816.519737
"5184","1kmE3884N3099",13612.165892
"5185","1kmE3884N3100",11006.465802
"5186","1kmE3884N3101",10123.204003
"5187","1kmE3884N3102",12844.2111535
"5188","1kmE3884N3103",12598.06333
"5189","1kmE3884N3104",11496.4867265
"5190","1kmE3884N3105",9261.121818
"5191","1kmE3884N3106",8731.3327095
"5192","1kmE3884N3107",11192.457825
"5193","1kmE3884N3108",8995.1970555
"5194","1kmE3884N3109",7891.9080185
"5195","1kmE3884N3110",9842.4543345
"5196","1kmE3884N3111",13978.111899
"5197","1kmE3884N3112",15126.340769
"5198","1kmE3884N3113",14302.8369695
"5199","1kmE3884N3114",14372.4093285
"5200","1kmE3884N3115",14933.778453
"5201","1kmE3884N3116",14580.811956
"5202","1kmE3884N3117",10688.4026605
"5203","1kmE3884N3118",13035.646836
"5204","1kmE3884N3119",17214.0540175
"5205","1kmE3884N3120",16478.484635
"5206","1kmE3884N3121",18185.201275
"5207","1kmE3884N3122",18747.1890315
"5208","1kmE3884N3123",19818.089364
"5209","1kmE3884N3124",19325.545347
"5210","1kmE3884N3125",15498.159698
"5211","1kmE3884N3126",15025.392668
"5212","1kmE3884N3127",12756.0901265
"5213","1kmE3884N3128",10335.246707
"5214","1kmE3884N3129",7935.7962825
"5215","1kmE3884N3130",7609.4970245
"5216","1kmE3884N3131",9464.2468395
"5217","1kmE3884N3132",8962.7672325
"5218","1kmE3884N3133",5051.093338
"5219","1kmE3884N3134",6136.485003
"5220","1kmE3884N3135",9770.4712685
"5221","1kmE3884N3136",12312.551361
"5222","1kmE3884N3137",15336.774499
"5223","1kmE3884N3138",13201.0335435
"5224","1kmE3884N3139",10143.43559
"5225","1kmE3884N3140",11261.3612295
"5226","1kmE3884N3141",12785.7407415
"5227","1kmE3884N3142",12395.584102
"5228","1kmE3884N3143",13092.9841815
"5229","1kmE3884N3144",13361.5437875
"5230","1kmE3884N3145",13037.577875
"5231","1kmE3884N3146",12479.37741
"5232","1kmE3884N3147",10146.900937
"5233","1kmE3884N3148",7664.7233895
"5234","1kmE3884N3149",6772.256633
"5235","1kmE3884N3150",669.6133525
"5236","1kmE3884N3151",205.0163895
"5237","1kmE3884N3158",205.016391
"5238","1kmE3885N3086",1166.1763135
"5239","1kmE3885N3087",2095.7050335
"5240","1kmE3885N3088",4055.31524
"5241","1kmE3885N3089",2989.14802
"5242","1kmE3885N3090",10606.40163
"5243","1kmE3885N3091",9802.262666
"5244","1kmE3885N3092",7684.3644275
"5245","1kmE3885N3093",9872.516403
"5246","1kmE3885N3094",11244.9505505
"5247","1kmE3885N3095",13927.378368
"5248","1kmE3885N3096",13339.7140755
"5249","1kmE3885N3097",14982.0037605
"5250","1kmE3885N3098",14294.898595
"5251","1kmE3885N3099",15296.6358815
"5252","1kmE3885N3100",13535.511117
"5253","1kmE3885N3101",10050.596351
"5254","1kmE3885N3102",13551.4392715
"5255","1kmE3885N3103",14253.594556
"5256","1kmE3885N3104",8539.0425155
"5257","1kmE3885N3105",7310.568484
"5258","1kmE3885N3106",7775.8206855
"5259","1kmE3885N3107",9175.721908
"5260","1kmE3885N3108",10009.0275575
"5261","1kmE3885N3109",10932.792724
"5262","1kmE3885N3110",11369.9771825
"5263","1kmE3885N3111",12188.692003
"5264","1kmE3885N3112",10765.7055035
"5265","1kmE3885N3113",12288.432642
"5266","1kmE3885N3114",14125.689222
"5267","1kmE3885N3115",13472.164523
"5268","1kmE3885N3116",10938.893005
"5269","1kmE3885N3117",12323.8320875
"5270","1kmE3885N3118",13567.116285
"5271","1kmE3885N3119",16528.7475325
"5272","1kmE3885N3120",17745.821811
"5273","1kmE3885N3121",18834.0039085
"5274","1kmE3885N3122",17284.4639985
"5275","1kmE3885N3123",17759.542449
"5276","1kmE3885N3124",16535.419547
"5277","1kmE3885N3125",16379.6948435
"5278","1kmE3885N3126",13834.7656545
"5279","1kmE3885N3127",10901.7011555
"5280","1kmE3885N3128",12554.1668955
"5281","1kmE3885N3129",12238.4173125
"5282","1kmE3885N3130",9122.8527995
"5283","1kmE3885N3131",9193.1586755
"5284","1kmE3885N3132",9435.958535
"5285","1kmE3885N3133",9359.4653065
"5286","1kmE3885N3134",9291.1904835
"5287","1kmE3885N3135",9370.525987
"5288","1kmE3885N3136",10557.711255
"5289","1kmE3885N3137",11345.4997555
"5290","1kmE3885N3138",10116.696866
"5291","1kmE3885N3139",9318.811848
"5292","1kmE3885N3140",9375.91415
"5293","1kmE3885N3141",11781.960374
"5294","1kmE3885N3142",12747.587204
"5295","1kmE3885N3143",13589.717865
"5296","1kmE3885N3144",13153.5274505
"5297","1kmE3885N3145",13658.728267
"5298","1kmE3885N3146",12519.632824
"5299","1kmE3885N3147",11302.5718655
"5300","1kmE3885N3148",8257.7041885
"5301","1kmE3885N3149",4871.101215
"5302","1kmE3885N3150",1345.6057575
"5303","1kmE3885N3153",205.0163895
"5304","1kmE3886N3086",1751.023614
"5305","1kmE3886N3087",3101.8488855
"5306","1kmE3886N3088",8524.0641395
"5307","1kmE3886N3089",5746.569773
"5308","1kmE3886N3090",8157.20316
"5309","1kmE3886N3091",8142.501322
"5310","1kmE3886N3092",4635.228874
"5311","1kmE3886N3093",5384.300029
"5312","1kmE3886N3094",12195.9455475
"5313","1kmE3886N3095",14323.603815
"5314","1kmE3886N3096",14389.8989105
"5315","1kmE3886N3097",13411.320457
"5316","1kmE3886N3098",15296.5554795
"5317","1kmE3886N3099",15598.9963705
"5318","1kmE3886N3100",11562.657571
"5319","1kmE3886N3101",12226.9423935
"5320","1kmE3886N3102",12632.022385
"5321","1kmE3886N3103",10515.779966
"5322","1kmE3886N3104",6642.6738375
"5323","1kmE3886N3105",6105.7652905
"5324","1kmE3886N3106",6853.7543935
"5325","1kmE3886N3107",8712.7115895
"5326","1kmE3886N3108",10094.6473575
"5327","1kmE3886N3109",9296.369896
"5328","1kmE3886N3110",8104.210173
"5329","1kmE3886N3111",9595.533042
"5330","1kmE3886N3112",9354.5471095
"5331","1kmE3886N3113",12361.045731
"5332","1kmE3886N3114",15165.5184965
"5333","1kmE3886N3115",13163.05026
"5334","1kmE3886N3116",12170.173751
"5335","1kmE3886N3117",14390.420177
"5336","1kmE3886N3118",13829.8030645
"5337","1kmE3886N3119",14929.7099165
"5338","1kmE3886N3120",18620.6624955
"5339","1kmE3886N3121",19042.028241
"5340","1kmE3886N3122",17766.2029205
"5341","1kmE3886N3123",16926.958423
"5342","1kmE3886N3124",15145.12678
"5343","1kmE3886N3125",13393.1726175
"5344","1kmE3886N3126",10781.9343225
"5345","1kmE3886N3127",14482.814315
"5346","1kmE3886N3128",16070.491442
"5347","1kmE3886N3129",13755.403715
"5348","1kmE3886N3130",14136.496671
"5349","1kmE3886N3131",14182.1803515
"5350","1kmE3886N3132",11214.7020605
"5351","1kmE3886N3133",10942.6046105
"5352","1kmE3886N3134",9909.8978475
"5353","1kmE3886N3135",11321.844786
"5354","1kmE3886N3136",12679.7993375
"5355","1kmE3886N3137",14841.6316695
"5356","1kmE3886N3138",14749.101164
"5357","1kmE3886N3139",10763.747758
"5358","1kmE3886N3140",12560.8237775
"5359","1kmE3886N3141",11650.5565385
"5360","1kmE3886N3142",11248.218291
"5361","1kmE3886N3143",14086.2826435
"5362","1kmE3886N3144",11841.507817
"5363","1kmE3886N3145",14105.6689885
"5364","1kmE3886N3146",13103.7072835
"5365","1kmE3886N3147",10189.6058835
"5366","1kmE3886N3148",6837.014631
"5367","1kmE3886N3149",5402.982895
"5368","1kmE3886N3150",985.642838
"5369","1kmE3886N3152",205.01639
"5370","1kmE3886N3154",205.0163915
"5371","1kmE3886N3155",205.016391
"5372","1kmE3887N3084",205.01639
"5373","1kmE3887N3085",555.8871495
"5374","1kmE3887N3086",712.298207999999
"5375","1kmE3887N3087",4176.2199195
"5376","1kmE3887N3088",6671.497961
"5377","1kmE3887N3089",13445.100416
"5378","1kmE3887N3090",9138.994794
"5379","1kmE3887N3091",5869.2526275
"5380","1kmE3887N3092",5737.0296375
"5381","1kmE3887N3093",9559.492557
"5382","1kmE3887N3094",10338.5585255
"5383","1kmE3887N3095",15253.2821595
"5384","1kmE3887N3096",14571.3407855
"5385","1kmE3887N3097",13812.788411
"5386","1kmE3887N3098",13446.470751
"5387","1kmE3887N3099",14375.8902615
"5388","1kmE3887N3100",11184.9006465
"5389","1kmE3887N3101",12428.599021
"5390","1kmE3887N3102",10563.687114
"5391","1kmE3887N3103",7299.5495665
"5392","1kmE3887N3104",8673.697952
"5393","1kmE3887N3105",7258.5238545
"5394","1kmE3887N3106",7639.0440125
"5395","1kmE3887N3107",9191.2621795
"5396","1kmE3887N3108",7405.946262
"5397","1kmE3887N3109",8948.631597
"5398","1kmE3887N3110",9128.804748
"5399","1kmE3887N3111",13811.605193
"5400","1kmE3887N3112",10864.127264
"5401","1kmE3887N3113",6919.9886805
"5402","1kmE3887N3114",9254.1447735
"5403","1kmE3887N3115",12951.952447
"5404","1kmE3887N3116",10776.1581835
"5405","1kmE3887N3117",9162.786415
"5406","1kmE3887N3118",11874.498405
"5407","1kmE3887N3119",16098.8331215
"5408","1kmE3887N3120",16311.467807
"5409","1kmE3887N3121",16609.3354095
"5410","1kmE3887N3122",17854.591509
"5411","1kmE3887N3123",15459.7876525
"5412","1kmE3887N3124",12465.111219
"5413","1kmE3887N3125",10945.89108
"5414","1kmE3887N3126",7847.0811865
"5415","1kmE3887N3127",10740.233334
"5416","1kmE3887N3128",11107.388891
"5417","1kmE3887N3129",8569.6217265
"5418","1kmE3887N3130",10707.214007
"5419","1kmE3887N3131",13977.047988
"5420","1kmE3887N3132",13073.898229
"5421","1kmE3887N3133",10232.8760015
"5422","1kmE3887N3134",9192.7154175
"5423","1kmE3887N3135",10242.6564415
"5424","1kmE3887N3136",12224.4077725
"5425","1kmE3887N3137",13824.254296
"5426","1kmE3887N3138",14262.9619745
"5427","1kmE3887N3139",12906.811965
"5428","1kmE3887N3140",11026.30887
"5429","1kmE3887N3141",11633.687028
"5430","1kmE3887N3142",10585.5209015
"5431","1kmE3887N3143",11709.0820635
"5432","1kmE3887N3144",11258.156764
"5433","1kmE3887N3145",12476.4930845
"5434","1kmE3887N3146",12486.7459485
"5435","1kmE3887N3147",7715.9101155
"5436","1kmE3887N3148",4607.234454
"5437","1kmE3887N3149",4025.157379
"5438","1kmE3888N3084",378.3970555
"5439","1kmE3888N3085",205.0163905
"5440","1kmE3888N3086",1570.657496
"5441","1kmE3888N3087",5300.025131
"5442","1kmE3888N3088",7546.0867075
"5443","1kmE3888N3089",11933.006457
"5444","1kmE3888N3090",9484.33705
"5445","1kmE3888N3091",9231.243978
"5446","1kmE3888N3092",7739.770406
"5447","1kmE3888N3093",10616.1142765
"5448","1kmE3888N3094",8840.929275
"5449","1kmE3888N3095",14824.7380195
"5450","1kmE3888N3096",15416.873904
"5451","1kmE3888N3097",15091.7290065
"5452","1kmE3888N3098",13620.401639
"5453","1kmE3888N3099",13495.647585
"5454","1kmE3888N3100",8749.391007
"5455","1kmE3888N3101",12468.5575015
"5456","1kmE3888N3102",9309.9560635
"5457","1kmE3888N3103",7020.571379
"5458","1kmE3888N3104",8939.8847635
"5459","1kmE3888N3105",7641.4964625
"5460","1kmE3888N3106",9374.203603
"5461","1kmE3888N3107",9598.1625205
"5462","1kmE3888N3108",6828.788982
"5463","1kmE3888N3109",9381.4293635
"5464","1kmE3888N3110",8834.435951
"5465","1kmE3888N3111",12918.281267
"5466","1kmE3888N3112",8558.4943955
"5467","1kmE3888N3113",6491.202418
"5468","1kmE3888N3114",10752.593265
"5469","1kmE3888N3115",11037.1856675
"5470","1kmE3888N3116",11601.322011
"5471","1kmE3888N3117",11563.289499
"5472","1kmE3888N3118",14141.999643
"5473","1kmE3888N3119",12625.1036315
"5474","1kmE3888N3120",13311.1676875
"5475","1kmE3888N3121",14081.138152
"5476","1kmE3888N3122",16755.5521705
"5477","1kmE3888N3123",16747.522489
"5478","1kmE3888N3124",8243.147869
"5479","1kmE3888N3125",3529.305984
"5480","1kmE3888N3126",4387.793745
"5481","1kmE3888N3127",9379.288681
"5482","1kmE3888N3128",6001.0896705
"5483","1kmE3888N3129",2913.928396
"5484","1kmE3888N3130",2902.747412
"5485","1kmE3888N3131",9223.4071295
"5486","1kmE3888N3132",12860.585565
"5487","1kmE3888N3133",11678.083234
"5488","1kmE3888N3134",8351.344624
"5489","1kmE3888N3135",10646.856296
"5490","1kmE3888N3136",12181.663474
"5491","1kmE3888N3137",12916.299088
"5492","1kmE3888N3138",14200.227558
"5493","1kmE3888N3139",14453.9779335
"5494","1kmE3888N3140",11266.6411715
"5495","1kmE3888N3141",11922.719231
"5496","1kmE3888N3142",11478.3921955
"5497","1kmE3888N3143",10990.1683165
"5498","1kmE3888N3144",10719.3805985
"5499","1kmE3888N3145",10772.119421
"5500","1kmE3888N3146",10705.795904
"5501","1kmE3888N3147",7218.339577
"5502","1kmE3888N3148",4472.1427565
"5503","1kmE3888N3149",382.5064875
"5504","1kmE3889N3083",205.01639
"5505","1kmE3889N3084",2925.426516
"5506","1kmE3889N3085",3197.5853975
"5507","1kmE3889N3086",3182.00223
"5508","1kmE3889N3087",6743.5427365
"5509","1kmE3889N3088",8966.8072225
"5510","1kmE3889N3089",9597.7649695
"5511","1kmE3889N3090",12082.3899545
"5512","1kmE3889N3091",12015.0435765
"5513","1kmE3889N3092",11107.278613
"5514","1kmE3889N3093",10443.3092275
"5515","1kmE3889N3094",10080.097802
"5516","1kmE3889N3095",10634.300395
"5517","1kmE3889N3096",11450.7519365
"5518","1kmE3889N3097",14115.184703
"5519","1kmE3889N3098",11737.314227
"5520","1kmE3889N3099",7898.4972875
"5521","1kmE3889N3100",7196.8217745
"5522","1kmE3889N3101",9191.71858
"5523","1kmE3889N3102",6389.296827
"5524","1kmE3889N3103",5019.193183
"5525","1kmE3889N3104",10690.8846855
"5526","1kmE3889N3105",8177.15108
"5527","1kmE3889N3106",10546.384444
"5528","1kmE3889N3107",11963.609231
"5529","1kmE3889N3108",8827.5777975
"5530","1kmE3889N3109",9749.4960825
"5531","1kmE3889N3110",7755.6499185
"5532","1kmE3889N3111",8490.750022
"5533","1kmE3889N3112",5102.208192
"5534","1kmE3889N3113",11900.9065685
"5535","1kmE3889N3114",9247.5929605
"5536","1kmE3889N3115",7128.3694545
"5537","1kmE3889N3116",12823.925149
"5538","1kmE3889N3117",11205.920864
"5539","1kmE3889N3118",12266.898874
"5540","1kmE3889N3119",15071.393807
"5541","1kmE3889N3120",12679.09203
"5542","1kmE3889N3121",10503.5904645
"5543","1kmE3889N3122",16033.5318365
"5544","1kmE3889N3123",14531.999824
"5545","1kmE3889N3124",6680.343195
"5546","1kmE3889N3125",4536.0569495
"5547","1kmE3889N3126",4104.771644
"5548","1kmE3889N3127",5860.370883
"5549","1kmE3889N3128",2887.77496
"5550","1kmE3889N3129",2277.8042345
"5551","1kmE3889N3130",4662.2992175
"5552","1kmE3889N3131",4888.089956
"5553","1kmE3889N3132",10860.2262235
"5554","1kmE3889N3133",9828.0682495
"5555","1kmE3889N3134",10630.7521125
"5556","1kmE3889N3135",11758.2401885
"5557","1kmE3889N3136",14197.7713875
"5558","1kmE3889N3137",13781.6812815
"5559","1kmE3889N3138",13377.9111365
"5560","1kmE3889N3139",13155.8854185
"5561","1kmE3889N3140",11399.3101255
"5562","1kmE3889N3141",9823.300618
"5563","1kmE3889N3142",10925.818821
"5564","1kmE3889N3143",8801.100866
"5565","1kmE3889N3144",6175.3876595
"5566","1kmE3889N3145",6614.867966
"5567","1kmE3889N3146",5969.050606
"5568","1kmE3889N3147",4051.1833555
"5569","1kmE3889N3148",1069.994192
"5570","1kmE3889N3153",205.0163905
"5571","1kmE3890N3082",205.01639
"5572","1kmE3890N3083",750.6401785
"5573","1kmE3890N3084",5156.534418
"5574","1kmE3890N3085",5001.9448445
"5575","1kmE3890N3086",7244.138795
"5576","1kmE3890N3087",9272.157612
"5577","1kmE3890N3088",9996.860766
"5578","1kmE3890N3089",9865.194361
"5579","1kmE3890N3090",11145.629067
"5580","1kmE3890N3091",12748.1834885
"5581","1kmE3890N3092",13612.8119365
"5582","1kmE3890N3093",12797.115833
"5583","1kmE3890N3094",11530.8543905
"5584","1kmE3890N3095",12310.0859585
"5585","1kmE3890N3096",9479.738466
"5586","1kmE3890N3097",13514.50152
"5587","1kmE3890N3098",10647.093542
"5588","1kmE3890N3099",7863.7291765
"5589","1kmE3890N3100",2434.915637
"5590","1kmE3890N3101",3247.339434
"5591","1kmE3890N3102",2341.690962
"5592","1kmE3890N3103",3400.867881
"5593","1kmE3890N3104",7303.969545
"5594","1kmE3890N3105",5068.804191
"5595","1kmE3890N3106",8899.6138605
"5596","1kmE3890N3107",7522.6538125
"5597","1kmE3890N3108",4989.0520955
"5598","1kmE3890N3109",3947.237661
"5599","1kmE3890N3110",7158.5396695
"5600","1kmE3890N3111",3781.9068645
"5601","1kmE3890N3112",6317.7698195
"5602","1kmE3890N3113",10304.4136495
"5603","1kmE3890N3114",7669.415144
"5604","1kmE3890N3115",8623.816206
"5605","1kmE3890N3116",13545.0094905
"5606","1kmE3890N3117",14241.8686575
"5607","1kmE3890N3118",12475.26936
"5608","1kmE3890N3119",12987.7801055
"5609","1kmE3890N3120",13490.2850125
"5610","1kmE3890N3121",10277.232769
"5611","1kmE3890N3122",11658.512251
"5612","1kmE3890N3123",7066.454418
"5613","1kmE3890N3124",6779.229778
"5614","1kmE3890N3125",4031.671948
"5615","1kmE3890N3126",4570.4548715
"5616","1kmE3890N3127",3266.5610335
"5617","1kmE3890N3128",2493.164424
"5618","1kmE3890N3129",5721.174225
"5619","1kmE3890N3130",4450.898045
"5620","1kmE3890N3131",3770.8071435
"5621","1kmE3890N3132",10192.1919765
"5622","1kmE3890N3133",7068.987603
"5623","1kmE3890N3134",10964.024428
"5624","1kmE3890N3135",12596.3885655
"5625","1kmE3890N3136",14305.5806015
"5626","1kmE3890N3137",14021.4836265
"5627","1kmE3890N3138",13936.8961355
"5628","1kmE3890N3139",13456.890218
"5629","1kmE3890N3140",11278.266575
"5630","1kmE3890N3141",8977.3730505
"5631","1kmE3890N3142",9682.759929
"5632","1kmE3890N3143",9303.126914
"5633","1kmE3890N3144",1199.236534
"5634","1kmE3890N3145",1569.2784175
"5635","1kmE3890N3146",205.0163905
"5636","1kmE3891N3081",555.887152
"5637","1kmE3891N3082",403.896448
"5638","1kmE3891N3083",2411.8462085
"5639","1kmE3891N3084",2149.826845
"5640","1kmE3891N3085",4152.5634735
"5641","1kmE3891N3086",4803.771478
"5642","1kmE3891N3087",7928.2234545
"5643","1kmE3891N3088",8662.139148
"5644","1kmE3891N3089",7266.26026
"5645","1kmE3891N3090",7512.1488575
"5646","1kmE3891N3091",9821.3158245
"5647","1kmE3891N3092",12847.5734235
"5648","1kmE3891N3093",13276.670628
"5649","1kmE3891N3094",12454.9488675
"5650","1kmE3891N3095",11952.038544
"5651","1kmE3891N3096",10549.6969955
"5652","1kmE3891N3097",8495.7550795
"5653","1kmE3891N3098",10013.666226
"5654","1kmE3891N3099",8559.0008865
"5655","1kmE3891N3100",4832.6433225
"5656","1kmE3891N3101",2804.560007
"5657","1kmE3891N3102",3010.0245455
"5658","1kmE3891N3103",3417.629133
"5659","1kmE3891N3104",6571.9167815
"5660","1kmE3891N3105",2530.6537285
"5661","1kmE3891N3106",5752.1543095
"5662","1kmE3891N3107",5722.0622555
"5663","1kmE3891N3108",4830.5376895
"5664","1kmE3891N3109",4579.2452455
"5665","1kmE3891N3110",6803.216118
"5666","1kmE3891N3111",4716.751458
"5667","1kmE3891N3112",9683.5559235
"5668","1kmE3891N3113",4588.6286705
"5669","1kmE3891N3114",7359.605951
"5670","1kmE3891N3115",9026.241351
"5671","1kmE3891N3116",11787.561885
"5672","1kmE3891N3117",13729.357383
"5673","1kmE3891N3118",11327.4218685
"5674","1kmE3891N3119",8677.3042075
"5675","1kmE3891N3120",8743.9929235
"5676","1kmE3891N3121",7184.4840465
"5677","1kmE3891N3122",8809.2307975
"5678","1kmE3891N3123",4652.939303
"5679","1kmE3891N3124",3102.203947
"5680","1kmE3891N3125",4501.681505
"5681","1kmE3891N3126",3348.4047455
"5682","1kmE3891N3127",3440.8563205
"5683","1kmE3891N3128",2704.4707065
"5684","1kmE3891N3129",3784.8945435
"5685","1kmE3891N3130",3664.938921
"5686","1kmE3891N3131",9333.693995
"5687","1kmE3891N3132",10933.511637
"5688","1kmE3891N3133",12179.499933
"5689","1kmE3891N3134",15364.907322
"5690","1kmE3891N3135",13953.8355275
"5691","1kmE3891N3136",15759.107171
"5692","1kmE3891N3137",17251.4373635
"5693","1kmE3891N3138",17300.5826245
"5694","1kmE3891N3139",14587.893859
"5695","1kmE3891N3140",9131.136601
"5696","1kmE3891N3141",10414.758437
"5697","1kmE3891N3142",9204.7622335
"5698","1kmE3891N3143",6687.9595125
"5699","1kmE3891N3144",749.469828
"5700","1kmE3892N3082",2462.478128
"5701","1kmE3892N3083",962.2517155
"5702","1kmE3892N3084",2257.9257065
"5703","1kmE3892N3085",1928.2023645
"5704","1kmE3892N3086",3670.661536
"5705","1kmE3892N3087",5589.7560885
"5706","1kmE3892N3088",9705.5948875
"5707","1kmE3892N3089",9415.071572
"5708","1kmE3892N3090",11325.0803925
"5709","1kmE3892N3091",12635.0224625
"5710","1kmE3892N3092",11312.9303855
"5711","1kmE3892N3093",12562.662474
"5712","1kmE3892N3094",12895.6329055
"5713","1kmE3892N3095",10907.3202845
"5714","1kmE3892N3096",9365.155167
"5715","1kmE3892N3097",7776.2751615
"5716","1kmE3892N3098",8167.0897585
"5717","1kmE3892N3099",8963.1508865
"5718","1kmE3892N3100",8357.730063
"5719","1kmE3892N3101",5588.9268475
"5720","1kmE3892N3102",1693.14083
"5721","1kmE3892N3103",4239.875626
"5722","1kmE3892N3104",6059.0257695
"5723","1kmE3892N3105",7898.280244
"5724","1kmE3892N3106",5273.364906
"5725","1kmE3892N3107",4990.076658
"5726","1kmE3892N3108",7972.9145745
"5727","1kmE3892N3109",6863.462582
"5728","1kmE3892N3110",6721.7500945
"5729","1kmE3892N3111",8247.2641365
"5730","1kmE3892N3112",3677.1998995
"5731","1kmE3892N3113",2946.9935215
"5732","1kmE3892N3114",10917.3421105
"5733","1kmE3892N3115",14754.7140945
"5734","1kmE3892N3116",11560.7809485
"5735","1kmE3892N3117",13328.576956
"5736","1kmE3892N3118",12790.613741
"5737","1kmE3892N3119",10713.679052
"5738","1kmE3892N3120",7474.8071335
"5739","1kmE3892N3121",2840.839904
"5740","1kmE3892N3122",5626.0314645
"5741","1kmE3892N3123",2939.0793895
"5742","1kmE3892N3124",3638.265545
"5743","1kmE3892N3125",2946.315809
"5744","1kmE3892N3126",5940.310451
"5745","1kmE3892N3127",2982.879877
"5746","1kmE3892N3128",7911.356567
"5747","1kmE3892N3129",2595.146759
"5748","1kmE3892N3130",8281.2110295
"5749","1kmE3892N3131",9791.1171535
"5750","1kmE3892N3132",11569.6486015
"5751","1kmE3892N3133",13400.441596
"5752","1kmE3892N3134",14261.7521805
"5753","1kmE3892N3135",14969.75486
"5754","1kmE3892N3136",11563.7343075
"5755","1kmE3892N3137",14061.544666
"5756","1kmE3892N3138",15368.2885555
"5757","1kmE3892N3139",15306.454701
"5758","1kmE3892N3140",13909.2941225
"5759","1kmE3892N3141",8514.9943535
"5760","1kmE3892N3142",5883.068021
"5761","1kmE3892N3143",6497.338831
"5762","1kmE3892N3144",205.0163905
"5763","1kmE3892N3145",205.01639
"5764","1kmE3893N3081",570.6291385
"5765","1kmE3893N3082",4845.759225
"5766","1kmE3893N3083",2597.208107
"5767","1kmE3893N3084",6065.3753685
"5768","1kmE3893N3085",1462.782805
"5769","1kmE3893N3086",4382.4343155
"5770","1kmE3893N3087",9035.954007
"5771","1kmE3893N3088",12746.438264
"5772","1kmE3893N3089",13322.832996
"5773","1kmE3893N3090",14787.1821735
"5774","1kmE3893N3091",13643.5940945
"5775","1kmE3893N3092",12603.1488055
"5776","1kmE3893N3093",11762.149582
"5777","1kmE3893N3094",12200.6406885
"5778","1kmE3893N3095",8718.227729
"5779","1kmE3893N3096",7053.525764
"5780","1kmE3893N3097",7595.9764375
"5781","1kmE3893N3098",8429.75087
"5782","1kmE3893N3099",12709.2157585
"5783","1kmE3893N3100",10803.1128355
"5784","1kmE3893N3101",11019.803746
"5785","1kmE3893N3102",8352.434666
"5786","1kmE3893N3103",12149.3019915
"5787","1kmE3893N3104",8820.3155765
"5788","1kmE3893N3105",9191.711796
"5789","1kmE3893N3106",8336.593973
"5790","1kmE3893N3107",6545.742072
"5791","1kmE3893N3108",10462.7794955
"5792","1kmE3893N3109",10664.4858355
"5793","1kmE3893N3110",9883.701771
"5794","1kmE3893N3111",14083.417807
"5795","1kmE3893N3112",6804.431527
"5796","1kmE3893N3113",9069.043802
"5797","1kmE3893N3114",14080.3535855
"5798","1kmE3893N3115",17871.5426535
"5799","1kmE3893N3116",14029.5787515
"5800","1kmE3893N3117",16575.394102
"5801","1kmE3893N3118",14740.247538
"5802","1kmE3893N3119",12000.261493
"5803","1kmE3893N3120",8087.1484385
"5804","1kmE3893N3121",3465.3748125
"5805","1kmE3893N3122",7669.1372675
"5806","1kmE3893N3123",3382.5375035
"5807","1kmE3893N3124",7126.9184095
"5808","1kmE3893N3125",2014.6137465
"5809","1kmE3893N3126",1974.179596
"5810","1kmE3893N3127",3720.377305
"5811","1kmE3893N3128",8235.578859
"5812","1kmE3893N3129",2313.0911245
"5813","1kmE3893N3130",9742.676945
"5814","1kmE3893N3131",10684.1657905
"5815","1kmE3893N3132",12147.771769
"5816","1kmE3893N3133",13263.3183965
"5817","1kmE3893N3134",13602.4461275
"5818","1kmE3893N3135",15072.2694585
"5819","1kmE3893N3136",11748.4923825
"5820","1kmE3893N3137",10974.1090765
"5821","1kmE3893N3138",12351.500866
"5822","1kmE3893N3139",12832.0644205
"5823","1kmE3893N3140",8299.285096
"5824","1kmE3893N3141",5722.681707
"5825","1kmE3893N3142",5670.834002
"5826","1kmE3893N3143",4769.9366195
"5827","1kmE3893N3144",205.016391
"5828","1kmE3893N3167",205.01639
"5829","1kmE3894N3081",4786.187978
"5830","1kmE3894N3082",10147.0753135
"5831","1kmE3894N3083",8113.2429105
"5832","1kmE3894N3084",771.3985575
"5833","1kmE3894N3085",871.40027
"5834","1kmE3894N3086",3193.1970995
"5835","1kmE3894N3087",7171.8166385
"5836","1kmE3894N3088",10861.9415935
"5837","1kmE3894N3089",11874.5759805
"5838","1kmE3894N3090",12653.8658985
"5839","1kmE3894N3091",12826.4727345
"5840","1kmE3894N3092",10746.102004
"5841","1kmE3894N3093",11996.8857535
"5842","1kmE3894N3094",12959.002615
"5843","1kmE3894N3095",8612.3561235
"5844","1kmE3894N3096",3479.926442
"5845","1kmE3894N3097",5485.904801
"5846","1kmE3894N3098",9217.5387495
"5847","1kmE3894N3099",10696.8505605
"5848","1kmE3894N3100",9464.151922
"5849","1kmE3894N3101",12151.005386
"5850","1kmE3894N3102",12672.116547
"5851","1kmE3894N3103",13767.8435625
"5852","1kmE3894N3104",12078.1849985
"5853","1kmE3894N3105",8103.486819
"5854","1kmE3894N3106",8492.8903005
"5855","1kmE3894N3107",8180.392179
"5856","1kmE3894N3108",8539.685645
"5857","1kmE3894N3109",7528.700375
"5858","1kmE3894N3110",8862.600847
"5859","1kmE3894N3111",8237.572472
"5860","1kmE3894N3112",9046.111645
"5861","1kmE3894N3113",15349.6940895
"5862","1kmE3894N3114",17915.3941645
"5863","1kmE3894N3115",15819.715209
"5864","1kmE3894N3116",13750.584027
"5865","1kmE3894N3117",17174.2240315
"5866","1kmE3894N3118",17052.2613015
"5867","1kmE3894N3119",15545.8891345
"5868","1kmE3894N3120",13844.673008
"5869","1kmE3894N3121",11381.1868815
"5870","1kmE3894N3122",8754.4956325
"5871","1kmE3894N3123",3076.4180335
"5872","1kmE3894N3124",3443.051815
"5873","1kmE3894N3125",2277.2533435
"5874","1kmE3894N3126",3935.712317
"5875","1kmE3894N3127",5629.621204
"5876","1kmE3894N3128",8849.3358125
"5877","1kmE3894N3129",3267.756285
"5878","1kmE3894N3130",9833.372662
"5879","1kmE3894N3131",12616.3827625
"5880","1kmE3894N3132",12968.5632505
"5881","1kmE3894N3133",13394.9448385
"5882","1kmE3894N3134",11866.230314
"5883","1kmE3894N3135",13946.3461715
"5884","1kmE3894N3136",14771.202209
"5885","1kmE3894N3137",14208.8733095
"5886","1kmE3894N3138",13709.5984365
"5887","1kmE3894N3139",13269.9004745
"5888","1kmE3894N3140",9527.557724
"5889","1kmE3894N3141",7709.402131
"5890","1kmE3894N3142",6245.0872055
"5891","1kmE3894N3143",2638.043602
"5892","1kmE3895N3080",382.506485
"5893","1kmE3895N3081",8360.4762395
"5894","1kmE3895N3082",11090.02544
"5895","1kmE3895N3083",2312.880887
"5896","1kmE3895N3084",2885.832716
"5897","1kmE3895N3085",4653.6078655
"5898","1kmE3895N3086",4193.6260825
"5899","1kmE3895N3087",5835.927496
"5900","1kmE3895N3088",8571.2235945
"5901","1kmE3895N3089",5696.5442245
"5902","1kmE3895N3090",9685.260396
"5903","1kmE3895N3091",9798.5064425
"5904","1kmE3895N3092",8069.9398875
"5905","1kmE3895N3093",10463.537324
"5906","1kmE3895N3094",12509.927627
"5907","1kmE3895N3095",7349.1543065
"5908","1kmE3895N3096",3674.3868635
"5909","1kmE3895N3097",3722.8397875
"5910","1kmE3895N3098",7833.1545795
"5911","1kmE3895N3099",5647.171107
"5912","1kmE3895N3100",4683.836867
"5913","1kmE3895N3101",7152.788923
"5914","1kmE3895N3102",12326.896307
"5915","1kmE3895N3103",14144.3533705
"5916","1kmE3895N3104",14678.2323745
"5917","1kmE3895N3105",10476.7289965
"5918","1kmE3895N3106",13546.9216235
"5919","1kmE3895N3107",10908.526308
"5920","1kmE3895N3108",12247.8620345
"5921","1kmE3895N3109",8688.205427
"5922","1kmE3895N3110",10341.470657
"5923","1kmE3895N3111",9230.5695195
"5924","1kmE3895N3112",10204.6824435
"5925","1kmE3895N3113",14290.273302
"5926","1kmE3895N3114",18143.380882
"5927","1kmE3895N3115",17015.8353375
"5928","1kmE3895N3116",11841.1139825
"5929","1kmE3895N3117",15057.073206
"5930","1kmE3895N3118",18670.1217275
"5931","1kmE3895N3119",15749.2811365
"5932","1kmE3895N3120",15770.949716
"5933","1kmE3895N3121",12024.286362
"5934","1kmE3895N3122",12427.6504745
"5935","1kmE3895N3123",5572.0769875
"5936","1kmE3895N3124",5655.9103065
"5937","1kmE3895N3125",5998.9133075
"5938","1kmE3895N3126",10480.4534115
"5939","1kmE3895N3127",9898.720898
"5940","1kmE3895N3128",7869.9675935
"5941","1kmE3895N3129",9283.9080915
"5942","1kmE3895N3130",7673.009447
"5943","1kmE3895N3131",14449.9797195
"5944","1kmE3895N3132",15221.9873265
"5945","1kmE3895N3133",13859.5040115
"5946","1kmE3895N3134",12599.95111
"5947","1kmE3895N3135",13180.795757
"5948","1kmE3895N3136",15613.7929735
"5949","1kmE3895N3137",14904.608122
"5950","1kmE3895N3138",14191.1338505
"5951","1kmE3895N3139",11678.528601
"5952","1kmE3895N3140",9841.7016545
"5953","1kmE3895N3141",9268.5830375
"5954","1kmE3895N3142",5295.527346
"5955","1kmE3895N3159",205.0163905
"5956","1kmE3896N3080",205.0163905
"5957","1kmE3896N3081",5506.0221885
"5958","1kmE3896N3082",6865.8354425
"5959","1kmE3896N3083",1386.9100145
"5960","1kmE3896N3084",8186.923031
"5961","1kmE3896N3085",8098.71409
"5962","1kmE3896N3086",3690.3009605
"5963","1kmE3896N3087",4201.3593675
"5964","1kmE3896N3088",5120.728759
"5965","1kmE3896N3089",4805.2542335
"5966","1kmE3896N3090",6787.1511265
"5967","1kmE3896N3091",8988.606165
"5968","1kmE3896N3092",9509.964289
"5969","1kmE3896N3093",11550.804875
"5970","1kmE3896N3094",10855.952165
"5971","1kmE3896N3095",9966.9455515
"5972","1kmE3896N3096",7237.278642
"5973","1kmE3896N3097",7396.018775
"5974","1kmE3896N3098",8331.532911
"5975","1kmE3896N3099",5827.6541325
"5976","1kmE3896N3100",4036.61242
"5977","1kmE3896N3101",3724.609881
"5978","1kmE3896N3102",13582.4280775
"5979","1kmE3896N3103",15107.56742
"5980","1kmE3896N3104",14794.756822
"5981","1kmE3896N3105",14575.18733
"5982","1kmE3896N3106",15203.3734375
"5983","1kmE3896N3107",10628.062557
"5984","1kmE3896N3108",10862.883443
"5985","1kmE3896N3109",7297.556158
"5986","1kmE3896N3110",10843.0100195
"5987","1kmE3896N3111",10328.003629
"5988","1kmE3896N3112",12718.397646
"5989","1kmE3896N3113",15538.065342
"5990","1kmE3896N3114",14538.8281225
"5991","1kmE3896N3115",15436.3462805
"5992","1kmE3896N3116",12778.692021
"5993","1kmE3896N3117",18702.4065595
"5994","1kmE3896N3118",20868.1079625
"5995","1kmE3896N3119",16606.858039
"5996","1kmE3896N3120",15117.891714
"5997","1kmE3896N3121",12398.726488
"5998","1kmE3896N3122",11761.6546445
"5999","1kmE3896N3123",8471.1358965
"6000","1kmE3896N3124",5638.66341
"6001","1kmE3896N3125",2163.172411
"6002","1kmE3896N3126",7548.32649
"6003","1kmE3896N3127",9785.1924145
"6004","1kmE3896N3128",4858.293953
"6005","1kmE3896N3129",7886.131334
"6006","1kmE3896N3130",10694.9912115
"6007","1kmE3896N3131",10961.8104
"6008","1kmE3896N3132",13116.9402655
"6009","1kmE3896N3133",13703.423374
"6010","1kmE3896N3134",14714.5158775
"6011","1kmE3896N3135",13502.8818005
"6012","1kmE3896N3136",14581.90138
"6013","1kmE3896N3137",15873.6914895
"6014","1kmE3896N3138",16687.355501
"6015","1kmE3896N3139",14631.5116315
"6016","1kmE3896N3140",9324.578882
"6017","1kmE3896N3141",6496.216459
"6018","1kmE3896N3142",5723.9080785
"6019","1kmE3896N3143",550.589772
"6020","1kmE3896N3149",205.0163895
"6021","1kmE3896N3153",205.0163895
"6022","1kmE3897N3081",403.8964455
"6023","1kmE3897N3082",1774.440534
"6024","1kmE3897N3083",3594.9519085
"6025","1kmE3897N3084",2234.1746335
"6026","1kmE3897N3085",2235.5297605
"6027","1kmE3897N3086",3185.3260005
"6028","1kmE3897N3087",5119.111989
"6029","1kmE3897N3088",3801.800984
"6030","1kmE3897N3089",3742.4324475
"6031","1kmE3897N3090",6034.1421715
"6032","1kmE3897N3091",6054.048429
"6033","1kmE3897N3092",8516.503266
"6034","1kmE3897N3093",9695.500075
"6035","1kmE3897N3094",10793.493796
"6036","1kmE3897N3095",11547.284326
"6037","1kmE3897N3096",10537.5377875
"6038","1kmE3897N3097",8578.672404
"6039","1kmE3897N3098",9269.544005
"6040","1kmE3897N3099",6312.639676
"6041","1kmE3897N3100",5286.462797
"6042","1kmE3897N3101",5255.149809
"6043","1kmE3897N3102",7449.0811685
"6044","1kmE3897N3103",12271.047735
"6045","1kmE3897N3104",13082.1884935
"6046","1kmE3897N3105",14393.967758
"6047","1kmE3897N3106",13059.052974
"6048","1kmE3897N3107",8714.2915115
"6049","1kmE3897N3108",9454.447985
"6050","1kmE3897N3109",8060.1280855
"6051","1kmE3897N3110",10395.808123
"6052","1kmE3897N3111",13530.970488
"6053","1kmE3897N3112",16503.738509
"6054","1kmE3897N3113",15441.4465705
"6055","1kmE3897N3114",14815.2286785
"6056","1kmE3897N3115",10516.807151
"6057","1kmE3897N3116",12565.596183
"6058","1kmE3897N3117",17112.4538925
"6059","1kmE3897N3118",19517.2457545
"6060","1kmE3897N3119",17717.786527
"6061","1kmE3897N3120",16696.0896185
"6062","1kmE3897N3121",13396.491663
"6063","1kmE3897N3122",10336.920587
"6064","1kmE3897N3123",8062.6591535
"6065","1kmE3897N3124",6655.2842965
"6066","1kmE3897N3125",3135.938819
"6067","1kmE3897N3126",8926.876197
"6068","1kmE3897N3127",11743.668493
"6069","1kmE3897N3128",4265.0662955
"6070","1kmE3897N3129",7622.0692035
"6071","1kmE3897N3130",12515.6253705
"6072","1kmE3897N3131",9272.754328
"6073","1kmE3897N3132",10739.0427735
"6074","1kmE3897N3133",14815.731278
"6075","1kmE3897N3134",16943.6286175
"6076","1kmE3897N3135",13959.604917
"6077","1kmE3897N3136",11959.60031
"6078","1kmE3897N3137",12616.581797
"6079","1kmE3897N3138",14888.14734
"6080","1kmE3897N3139",12864.040178
"6081","1kmE3897N3140",8585.4944565
"6082","1kmE3897N3141",5547.5081
"6083","1kmE3897N3142",6720.3396775
"6084","1kmE3897N3143",2463.725245
"6085","1kmE3898N3080",205.01639
"6086","1kmE3898N3081",1777.075897
"6087","1kmE3898N3082",4137.5880945
"6088","1kmE3898N3083",2511.9877065
"6089","1kmE3898N3084",2666.20163
"6090","1kmE3898N3085",4493.235306
"6091","1kmE3898N3086",4544.798658
"6092","1kmE3898N3087",4693.5485205
"6093","1kmE3898N3088",3527.8033895
"6094","1kmE3898N3089",8258.7649345
"6095","1kmE3898N3090",9744.6041055
"6096","1kmE3898N3091",7565.3000855
"6097","1kmE3898N3092",3796.564684
"6098","1kmE3898N3093",5918.4404395
"6099","1kmE3898N3094",8776.1637515
"6100","1kmE3898N3095",12387.9153235
"6101","1kmE3898N3096",12364.6408305
"6102","1kmE3898N3097",11097.7938465
"6103","1kmE3898N3098",9237.1585015
"6104","1kmE3898N3099",6675.846131
"6105","1kmE3898N3100",4057.680286
"6106","1kmE3898N3101",4099.222126
"6107","1kmE3898N3102",4616.129769
"6108","1kmE3898N3103",4236.9385215
"6109","1kmE3898N3104",5038.95165
"6110","1kmE3898N3105",3323.208258
"6111","1kmE3898N3106",6208.1738735
"6112","1kmE3898N3107",7971.5555625
"6113","1kmE3898N3108",7697.8588555
"6114","1kmE3898N3109",8136.7256965
"6115","1kmE3898N3110",11254.142148
"6116","1kmE3898N3111",11387.721361
"6117","1kmE3898N3112",10915.1709125
"6118","1kmE3898N3113",8746.039387
"6119","1kmE3898N3114",10176.195483
"6120","1kmE3898N3115",11398.614878
"6121","1kmE3898N3116",12364.338767
"6122","1kmE3898N3117",16290.9919935
"6123","1kmE3898N3118",18470.721371
"6124","1kmE3898N3119",17828.0187215
"6125","1kmE3898N3120",18647.8945255
"6126","1kmE3898N3121",14928.0303625
"6127","1kmE3898N3122",11282.978012
"6128","1kmE3898N3123",4236.0505695
"6129","1kmE3898N3124",3446.4680285
"6130","1kmE3898N3125",2262.8730275
"6131","1kmE3898N3126",6622.082231
"6132","1kmE3898N3127",10380.4115185
"6133","1kmE3898N3128",11799.7147785
"6134","1kmE3898N3129",10815.719078
"6135","1kmE3898N3130",12035.123238
"6136","1kmE3898N3131",12093.9841575
"6137","1kmE3898N3132",12947.4892865
"6138","1kmE3898N3133",13781.522958
"6139","1kmE3898N3134",14995.7593955
"6140","1kmE3898N3135",14440.4773285
"6141","1kmE3898N3136",12231.150453
"6142","1kmE3898N3137",13362.0747875
"6143","1kmE3898N3138",12401.522567
"6144","1kmE3898N3139",11726.877881
"6145","1kmE3898N3140",8393.6617005
"6146","1kmE3898N3141",7883.3742615
"6147","1kmE3898N3142",6344.1174835
"6148","1kmE3898N3143",3342.245982
"6149","1kmE3899N3080",332.212086
"6150","1kmE3899N3081",2076.3863585
"6151","1kmE3899N3082",3206.948333
"6152","1kmE3899N3083",5596.206415
"6153","1kmE3899N3084",5172.074098
"6154","1kmE3899N3085",8203.922838
"6155","1kmE3899N3086",9357.140062
"6156","1kmE3899N3087",5082.5402205
"6157","1kmE3899N3088",4465.188306
"6158","1kmE3899N3089",5496.9289465
"6159","1kmE3899N3090",8720.077026
"6160","1kmE3899N3091",6544.408883
"6161","1kmE3899N3092",4544.217752
"6162","1kmE3899N3093",5703.2110895
"6163","1kmE3899N3094",7390.110017
"6164","1kmE3899N3095",7498.1899705
"6165","1kmE3899N3096",10292.1566325
"6166","1kmE3899N3097",12692.4318305
"6167","1kmE3899N3098",9861.2683415
"6168","1kmE3899N3099",11957.8659475
"6169","1kmE3899N3100",12356.4571785
"6170","1kmE3899N3101",8192.135897
"6171","1kmE3899N3102",4779.4540335
"6172","1kmE3899N3103",4692.311184
"6173","1kmE3899N3104",4184.4587775
"6174","1kmE3899N3105",4914.633914
"6175","1kmE3899N3106",5526.209234
"6176","1kmE3899N3107",8279.3252145
"6177","1kmE3899N3108",7772.3546115
"6178","1kmE3899N3109",10763.3547015
"6179","1kmE3899N3110",16700.8876275
"6180","1kmE3899N3111",15356.9350935
"6181","1kmE3899N3112",12480.7731365
"6182","1kmE3899N3113",11382.7189745
"6183","1kmE3899N3114",9981.508003
"6184","1kmE3899N3115",6750.403489
"6185","1kmE3899N3116",13354.240534
"6186","1kmE3899N3117",16731.3332545
"6187","1kmE3899N3118",17979.098434
"6188","1kmE3899N3119",16965.4168205
"6189","1kmE3899N3120",17364.7721795
"6190","1kmE3899N3121",15987.6212805
"6191","1kmE3899N3122",9321.151024
"6192","1kmE3899N3123",6413.6759375
"6193","1kmE3899N3124",6487.0655955
"6194","1kmE3899N3125",5107.524393
"6195","1kmE3899N3126",12686.960647
"6196","1kmE3899N3127",14710.2994395
"6197","1kmE3899N3128",15675.3478215
"6198","1kmE3899N3129",15096.674109
"6199","1kmE3899N3130",16200.4580955
"6200","1kmE3899N3131",14830.083248
"6201","1kmE3899N3132",12573.121876
"6202","1kmE3899N3133",13414.5392945
"6203","1kmE3899N3134",16367.1506855
"6204","1kmE3899N3135",14568.005475
"6205","1kmE3899N3136",14637.572609
"6206","1kmE3899N3137",14131.3559565
"6207","1kmE3899N3138",12001.6661955
"6208","1kmE3899N3139",14152.7521685
"6209","1kmE3899N3140",13596.9202295
"6210","1kmE3899N3141",9009.1330685
"6211","1kmE3899N3142",7276.756337
"6212","1kmE3899N3143",2831.995363
"6213","1kmE3900N3081",581.3865415
"6214","1kmE3900N3082",3684.23475
"6215","1kmE3900N3083",3800.467796
"6216","1kmE3900N3084",3329.8145185
"6217","1kmE3900N3085",4171.0530385
"6218","1kmE3900N3086",5544.390162
"6219","1kmE3900N3087",8993.032507
"6220","1kmE3900N3088",6266.185758
"6221","1kmE3900N3089",5327.6927275
"6222","1kmE3900N3090",10232.427195
"6223","1kmE3900N3091",8450.265246
"6224","1kmE3900N3092",4762.7402805
"6225","1kmE3900N3093",5446.293549
"6226","1kmE3900N3094",8624.126297
"6227","1kmE3900N3095",11242.4086225
"6228","1kmE3900N3096",10533.301386
"6229","1kmE3900N3097",10919.527727
"6230","1kmE3900N3098",9063.151484
"6231","1kmE3900N3099",7351.3652235
"6232","1kmE3900N3100",6852.2775575
"6233","1kmE3900N3101",6454.2269245
"6234","1kmE3900N3102",4632.246111
"6235","1kmE3900N3103",6460.347056
"6236","1kmE3900N3104",6763.656789
"6237","1kmE3900N3105",7476.979583
"6238","1kmE3900N3106",9407.875587
"6239","1kmE3900N3107",7316.374788
"6240","1kmE3900N3108",7671.7136755
"6241","1kmE3900N3109",14606.0953605
"6242","1kmE3900N3110",17557.023802
"6243","1kmE3900N3111",16414.7299965
"6244","1kmE3900N3112",11360.5063665
"6245","1kmE3900N3113",12734.9068175
"6246","1kmE3900N3114",11484.0781705
"6247","1kmE3900N3115",7684.354191
"6248","1kmE3900N3116",12185.0051035
"6249","1kmE3900N3117",14377.173562
"6250","1kmE3900N3118",15934.911002
"6251","1kmE3900N3119",14548.782912
"6252","1kmE3900N3120",15441.9558675
"6253","1kmE3900N3121",13085.7710655
"6254","1kmE3900N3122",11432.9497845
"6255","1kmE3900N3123",2973.9468345
"6256","1kmE3900N3124",8848.148619
"6257","1kmE3900N3125",13001.5919955
"6258","1kmE3900N3126",13630.119052
"6259","1kmE3900N3127",15302.5057825
"6260","1kmE3900N3128",17072.931536
"6261","1kmE3900N3129",16584.4337465
"6262","1kmE3900N3130",15262.643135
"6263","1kmE3900N3131",11408.371595
"6264","1kmE3900N3132",8609.7602865
"6265","1kmE3900N3133",12652.3601815
"6266","1kmE3900N3134",15529.8159595
"6267","1kmE3900N3135",13352.679479
"6268","1kmE3900N3136",14201.745982
"6269","1kmE3900N3137",15265.6495205
"6270","1kmE3900N3138",15591.808279
"6271","1kmE3900N3139",13963.5563985
"6272","1kmE3900N3140",14187.867737
"6273","1kmE3900N3141",12860.817236
"6274","1kmE3900N3142",9324.214194
"6275","1kmE3900N3143",1550.124688
"6276","1kmE3901N3081",1885.354979
"6277","1kmE3901N3082",1698.559331
"6278","1kmE3901N3083",1666.2209485
"6279","1kmE3901N3084",2158.1888625
"6280","1kmE3901N3085",3132.952354
"6281","1kmE3901N3086",4126.0226155
"6282","1kmE3901N3087",4763.8374935
"6283","1kmE3901N3088",3102.003429
"6284","1kmE3901N3089",3762.111027
"6285","1kmE3901N3090",6802.107011
"6286","1kmE3901N3091",4318.2000845
"6287","1kmE3901N3092",3292.150707
"6288","1kmE3901N3093",6689.08368
"6289","1kmE3901N3094",11299.7098795
"6290","1kmE3901N3095",12844.523233
"6291","1kmE3901N3096",10654.687106
"6292","1kmE3901N3097",10094.3021795
"6293","1kmE3901N3098",9061.706202
"6294","1kmE3901N3099",5970.147922
"6295","1kmE3901N3100",4659.43526
"6296","1kmE3901N3101",6548.5090865
"6297","1kmE3901N3102",8922.3311285
"6298","1kmE3901N3103",8006.299778
"6299","1kmE3901N3104",8067.614273
"6300","1kmE3901N3105",10292.1927225
"6301","1kmE3901N3106",11691.3274215
"6302","1kmE3901N3107",11828.8408105
"6303","1kmE3901N3108",10644.3226435
"6304","1kmE3901N3109",12663.1483575
"6305","1kmE3901N3110",15186.051014
"6306","1kmE3901N3111",13988.603629
"6307","1kmE3901N3112",11509.390811
"6308","1kmE3901N3113",10642.94785
"6309","1kmE3901N3114",10531.283196
"6310","1kmE3901N3115",10431.2891855
"6311","1kmE3901N3116",9166.8039985
"6312","1kmE3901N3117",8069.1747445
"6313","1kmE3901N3118",13642.766368
"6314","1kmE3901N3119",14035.7844375
"6315","1kmE3901N3120",14151.093034
"6316","1kmE3901N3121",11598.023208
"6317","1kmE3901N3122",10281.152605
"6318","1kmE3901N3123",1560.0682385
"6319","1kmE3901N3124",2261.9045265
"6320","1kmE3901N3125",11137.3179075
"6321","1kmE3901N3126",14793.458758
"6322","1kmE3901N3127",16587.2792265
"6323","1kmE3901N3128",15921.4056995
"6324","1kmE3901N3129",14981.385534
"6325","1kmE3901N3130",14460.7224655
"6326","1kmE3901N3131",7766.2477605
"6327","1kmE3901N3132",6079.9716275
"6328","1kmE3901N3133",11964.8323505
"6329","1kmE3901N3134",15280.867747
"6330","1kmE3901N3135",15685.273703
"6331","1kmE3901N3136",13939.506731
"6332","1kmE3901N3137",13092.2232345
"6333","1kmE3901N3138",15936.396989
"6334","1kmE3901N3139",11872.2923505
"6335","1kmE3901N3140",11632.6096675
"6336","1kmE3901N3141",13748.422545
"6337","1kmE3901N3142",12193.750871
"6338","1kmE3901N3143",1561.123146
"6339","1kmE3902N3079",205.01639
"6340","1kmE3902N3080",205.016391
"6341","1kmE3902N3081",1112.8625115
"6342","1kmE3902N3082",2020.937329
"6343","1kmE3902N3083",5147.2703415
"6344","1kmE3902N3084",5068.4490345
"6345","1kmE3902N3085",3906.285939
"6346","1kmE3902N3086",2795.910243
"6347","1kmE3902N3087",1952.826649
"6348","1kmE3902N3088",2072.814803
"6349","1kmE3902N3089",3795.3671035
"6350","1kmE3902N3090",9097.9277345
"6351","1kmE3902N3091",2636.9569435
"6352","1kmE3902N3092",2035.4274775
"6353","1kmE3902N3093",9257.0649915
"6354","1kmE3902N3094",15413.0269055
"6355","1kmE3902N3095",16442.0269665
"6356","1kmE3902N3096",10416.3974525
"6357","1kmE3902N3097",9634.7635295
"6358","1kmE3902N3098",10664.8061055
"6359","1kmE3902N3099",7052.4797715
"6360","1kmE3902N3100",7145.3052575
"6361","1kmE3902N3101",9599.3587345
"6362","1kmE3902N3102",8176.7735865
"6363","1kmE3902N3103",7919.3613705
"6364","1kmE3902N3104",8718.690032
"6365","1kmE3902N3105",8702.6002435
"6366","1kmE3902N3106",13689.3123625
"6367","1kmE3902N3107",17088.634018
"6368","1kmE3902N3108",16204.577994
"6369","1kmE3902N3109",16149.1865965
"6370","1kmE3902N3110",11417.7633715
"6371","1kmE3902N3111",8569.9877175
"6372","1kmE3902N3112",10717.6461395
"6373","1kmE3902N3113",9643.7709315
"6374","1kmE3902N3114",8752.4635805
"6375","1kmE3902N3115",8693.6191955
"6376","1kmE3902N3116",9292.0615105
"6377","1kmE3902N3117",9456.768135
"6378","1kmE3902N3118",10210.7370115
"6379","1kmE3902N3119",13368.9255615
"6380","1kmE3902N3120",11580.804911
"6381","1kmE3902N3121",9932.1271875
"6382","1kmE3902N3122",6475.4099215
"6383","1kmE3902N3123",2159.781087
"6384","1kmE3902N3124",2065.956512
"6385","1kmE3902N3125",6174.7497385
"6386","1kmE3902N3126",13768.338116
"6387","1kmE3902N3127",16613.811343
"6388","1kmE3902N3128",15774.5796205
"6389","1kmE3902N3129",14330.9987495
"6390","1kmE3902N3130",11187.7703755
"6391","1kmE3902N3131",6550.792514
"6392","1kmE3902N3132",7109.2962255
"6393","1kmE3902N3133",12001.468591
"6394","1kmE3902N3134",15614.13702
"6395","1kmE3902N3135",15553.704209
"6396","1kmE3902N3136",16431.5805845
"6397","1kmE3902N3137",15254.3109225
"6398","1kmE3902N3138",15435.2740775
"6399","1kmE3902N3139",11018.7289485
"6400","1kmE3902N3140",11616.6927055
"6401","1kmE3902N3141",12465.085268
"6402","1kmE3902N3142",12894.794472
"6403","1kmE3902N3143",5358.1116415
"6404","1kmE3903N3081",571.979733
"6405","1kmE3903N3082",2274.314145
"6406","1kmE3903N3083",8522.471108
"6407","1kmE3903N3084",10153.343273
"6408","1kmE3903N3085",5890.3206995
"6409","1kmE3903N3086",2145.2533025
"6410","1kmE3903N3087",1642.9300245
"6411","1kmE3903N3088",1993.3072445
"6412","1kmE3903N3089",6665.326761
"6413","1kmE3903N3090",6880.38399
"6414","1kmE3903N3091",4431.671322
"6415","1kmE3903N3092",3342.1992145
"6416","1kmE3903N3093",10561.9467395
"6417","1kmE3903N3094",15056.773234
"6418","1kmE3903N3095",15073.2412165
"6419","1kmE3903N3096",11240.0600185
"6420","1kmE3903N3097",8689.4089865
"6421","1kmE3903N3098",9238.5269035
"6422","1kmE3903N3099",8493.0427325
"6423","1kmE3903N3100",8997.339551
"6424","1kmE3903N3101",10231.8415505
"6425","1kmE3903N3102",9499.3626095
"6426","1kmE3903N3103",9804.1822315
"6427","1kmE3903N3104",16593.854721
"6428","1kmE3903N3105",18300.5626905
"6429","1kmE3903N3106",14465.3761295
"6430","1kmE3903N3107",17349.592992
"6431","1kmE3903N3108",17560.389809
"6432","1kmE3903N3109",12811.3816735
"6433","1kmE3903N3110",9284.4410555
"6434","1kmE3903N3111",7157.390024
"6435","1kmE3903N3112",11038.4177855
"6436","1kmE3903N3113",8287.4377825
"6437","1kmE3903N3114",7842.2818015
"6438","1kmE3903N3115",5794.3879595
"6439","1kmE3903N3116",4146.1611465
"6440","1kmE3903N3117",10158.640195
"6441","1kmE3903N3118",9852.6051505
"6442","1kmE3903N3119",11856.4903915
"6443","1kmE3903N3120",10568.7403825
"6444","1kmE3903N3121",8839.0305725
"6445","1kmE3903N3122",5933.2905165
"6446","1kmE3903N3123",1966.013578
"6447","1kmE3903N3124",2154.743174
"6448","1kmE3903N3125",5124.3868115
"6449","1kmE3903N3126",13879.6213475
"6450","1kmE3903N3127",15735.3159235
"6451","1kmE3903N3128",12833.4763985
"6452","1kmE3903N3129",14272.0764005
"6453","1kmE3903N3130",9956.7257835
"6454","1kmE3903N3131",6966.222929
"6455","1kmE3903N3132",6499.3764275
"6456","1kmE3903N3133",8645.0299635
"6457","1kmE3903N3134",13393.722015
"6458","1kmE3903N3135",14078.53049
"6459","1kmE3903N3136",13691.7694365
"6460","1kmE3903N3137",12195.2845615
"6461","1kmE3903N3138",16072.700866
"6462","1kmE3903N3139",12267.3326995
"6463","1kmE3903N3140",10407.159877
"6464","1kmE3903N3141",13032.641555
"6465","1kmE3903N3142",11747.332043
"6466","1kmE3903N3143",3613.202838
"6467","1kmE3904N3082",2422.605856
"6468","1kmE3904N3083",5618.4944685
"6469","1kmE3904N3084",5788.896964
"6470","1kmE3904N3085",3922.4577025
"6471","1kmE3904N3086",2934.074131
"6472","1kmE3904N3087",2539.337949
"6473","1kmE3904N3088",2590.2896555
"6474","1kmE3904N3089",5507.0467445
"6475","1kmE3904N3090",8970.545361
"6476","1kmE3904N3091",9992.656331
"6477","1kmE3904N3092",6886.7616895
"6478","1kmE3904N3093",10921.8853275
"6479","1kmE3904N3094",14113.4328965
"6480","1kmE3904N3095",14781.68124
"6481","1kmE3904N3096",11200.580317
"6482","1kmE3904N3097",8296.257475
"6483","1kmE3904N3098",9128.273243
"6484","1kmE3904N3099",7847.152153
"6485","1kmE3904N3100",10458.5374625
"6486","1kmE3904N3101",9510.5306785
"6487","1kmE3904N3102",11623.710967
"6488","1kmE3904N3103",14249.5760865
"6489","1kmE3904N3104",18962.8708775
"6490","1kmE3904N3105",19204.854267
"6491","1kmE3904N3106",16120.1672165
"6492","1kmE3904N3107",13374.156435
"6493","1kmE3904N3108",15094.720466
"6494","1kmE3904N3109",16128.509638
"6495","1kmE3904N3110",11940.2272285
"6496","1kmE3904N3111",7858.9718525
"6497","1kmE3904N3112",12057.49351
"6498","1kmE3904N3113",14156.122605
"6499","1kmE3904N3114",13728.4613235
"6500","1kmE3904N3115",6658.797437
"6501","1kmE3904N3116",5895.8411095
"6502","1kmE3904N3117",8180.554551
"6503","1kmE3904N3118",10150.4806425
"6504","1kmE3904N3119",7900.145553
"6505","1kmE3904N3120",9905.5903805
"6506","1kmE3904N3121",6521.767391
"6507","1kmE3904N3122",6395.2743635
"6508","1kmE3904N3123",1627.889329
"6509","1kmE3904N3124",540.987746
"6510","1kmE3904N3125",5613.018181
"6511","1kmE3904N3126",14038.6219545
"6512","1kmE3904N3127",9276.4005305
"6513","1kmE3904N3128",7041.1429625
"6514","1kmE3904N3129",11551.422323
"6515","1kmE3904N3130",7737.1427825
"6516","1kmE3904N3131",4175.1891855
"6517","1kmE3904N3132",4814.217387
"6518","1kmE3904N3133",8551.974321
"6519","1kmE3904N3134",7990.8126345
"6520","1kmE3904N3135",9408.287996
"6521","1kmE3904N3136",10015.1308555
"6522","1kmE3904N3137",9895.7342355
"6523","1kmE3904N3138",11547.460978
"6524","1kmE3904N3139",11023.485258
"6525","1kmE3904N3140",9648.323427
"6526","1kmE3904N3141",15448.3385325
"6527","1kmE3904N3142",12856.3021845
"6528","1kmE3904N3143",9797.058242
"6529","1kmE3904N3144",2544.9977415
"6530","1kmE3905N3082",1425.5626985
"6531","1kmE3905N3083",2317.196517
"6532","1kmE3905N3084",768.435266
"6533","1kmE3905N3085",5006.602048
"6534","1kmE3905N3086",6888.8230215
"6535","1kmE3905N3087",1042.316799
"6536","1kmE3905N3088",998.165934499999
"6537","1kmE3905N3089",10074.165716
"6538","1kmE3905N3090",14942.177357
"6539","1kmE3905N3091",13006.7225425
"6540","1kmE3905N3092",8361.2944365
"6541","1kmE3905N3093",5258.941913
"6542","1kmE3905N3094",8826.4534925
"6543","1kmE3905N3095",6534.081472
"6544","1kmE3905N3096",5986.201205
"6545","1kmE3905N3097",9430.6066095
"6546","1kmE3905N3098",8651.660038
"6547","1kmE3905N3099",9129.197013
"6548","1kmE3905N3100",13194.114558
"6549","1kmE3905N3101",11359.433033
"6550","1kmE3905N3102",14971.8478235
"6551","1kmE3905N3103",12053.936834
"6552","1kmE3905N3104",15702.0277165
"6553","1kmE3905N3105",17823.130239
"6554","1kmE3905N3106",16105.619953
"6555","1kmE3905N3107",17424.342152
"6556","1kmE3905N3108",15341.5879095
"6557","1kmE3905N3109",14019.1860805
"6558","1kmE3905N3110",11745.881915
"6559","1kmE3905N3111",12125.304362
"6560","1kmE3905N3112",10970.4534115
"6561","1kmE3905N3113",12014.9467585
"6562","1kmE3905N3114",11246.5859785
"6563","1kmE3905N3115",11301.3647905
"6564","1kmE3905N3116",7473.174662
"6565","1kmE3905N3117",11276.7210425
"6566","1kmE3905N3118",14254.835263
"6567","1kmE3905N3119",8717.958341
"6568","1kmE3905N3120",10064.739361
"6569","1kmE3905N3121",7127.7884475
"6570","1kmE3905N3122",5114.038557
"6571","1kmE3905N3123",1184.7686455
"6572","1kmE3905N3124",373.0996775
"6573","1kmE3905N3125",7610.1181925
"6574","1kmE3905N3126",12102.547147
"6575","1kmE3905N3127",11390.1210275
"6576","1kmE3905N3128",6898.4662795
"6577","1kmE3905N3129",9528.3184415
"6578","1kmE3905N3130",6744.752407
"6579","1kmE3905N3131",4965.108026
"6580","1kmE3905N3132",5374.2122055
"6581","1kmE3905N3133",5681.836213
"6582","1kmE3905N3134",9478.195059
"6583","1kmE3905N3135",8368.3942495
"6584","1kmE3905N3136",5570.4456445
"6585","1kmE3905N3137",10199.7504865
"6586","1kmE3905N3138",14589.505539
"6587","1kmE3905N3139",11020.724701
"6588","1kmE3905N3140",10343.2624525
"6589","1kmE3905N3141",12968.7766405
"6590","1kmE3905N3142",14451.6000805
"6591","1kmE3905N3143",11290.7505365
"6592","1kmE3905N3144",6620.2687215
"6593","1kmE3905N3145",4648.4246385
"6594","1kmE3905N3146",1696.0709135
"6595","1kmE3906N3072",205.01639
"6596","1kmE3906N3083",205.016391
"6597","1kmE3906N3084",2507.277488
"6598","1kmE3906N3085",6069.6870985
"6599","1kmE3906N3086",3873.0037015
"6600","1kmE3906N3087",1724.1545795
"6601","1kmE3906N3088",1198.377219
"6602","1kmE3906N3089",8033.3986445
"6603","1kmE3906N3090",13421.1207825
"6604","1kmE3906N3091",11285.678848
"6605","1kmE3906N3092",7961.6406615
"6606","1kmE3906N3093",5899.553382
"6607","1kmE3906N3094",4766.4046545
"6608","1kmE3906N3095",3549.4639215
"6609","1kmE3906N3096",8938.7177435
"6610","1kmE3906N3097",15223.4294465
"6611","1kmE3906N3098",10126.201068
"6612","1kmE3906N3099",10350.0561065
"6613","1kmE3906N3100",15802.3944175
"6614","1kmE3906N3101",14447.0379965
"6615","1kmE3906N3102",11557.5308255
"6616","1kmE3906N3103",8185.6014465
"6617","1kmE3906N3104",14251.087052
"6618","1kmE3906N3105",12626.618541
"6619","1kmE3906N3106",13088.5443885
"6620","1kmE3906N3107",17597.6706785
"6621","1kmE3906N3108",16374.019529
"6622","1kmE3906N3109",14953.788968
"6623","1kmE3906N3110",15180.5188055
"6624","1kmE3906N3111",15846.197892
"6625","1kmE3906N3112",13694.97515
"6626","1kmE3906N3113",9535.724491
"6627","1kmE3906N3114",13386.247673
"6628","1kmE3906N3115",9505.6104535
"6629","1kmE3906N3116",10117.3013015
"6630","1kmE3906N3117",10905.7036855
"6631","1kmE3906N3118",16239.01604
"6632","1kmE3906N3119",13820.028397
"6633","1kmE3906N3120",14881.2721825
"6634","1kmE3906N3121",7910.4007685
"6635","1kmE3906N3122",3452.227383
"6636","1kmE3906N3123",6078.5293835
"6637","1kmE3906N3124",2996.473756
"6638","1kmE3906N3125",8270.1041365
"6639","1kmE3906N3126",11006.8234995
"6640","1kmE3906N3127",9996.42076
"6641","1kmE3906N3128",9157.401805
"6642","1kmE3906N3129",8894.242504
"6643","1kmE3906N3130",7715.2143075
"6644","1kmE3906N3131",6946.861335
"6645","1kmE3906N3132",5148.891728
"6646","1kmE3906N3133",6729.403067
"6647","1kmE3906N3134",10469.797441
"6648","1kmE3906N3135",10166.3933765
"6649","1kmE3906N3136",6150.938705
"6650","1kmE3906N3137",9733.717041
"6651","1kmE3906N3138",10740.86901
"6652","1kmE3906N3139",10404.340058
"6653","1kmE3906N3140",11551.775644
"6654","1kmE3906N3141",14232.288939
"6655","1kmE3906N3142",18495.3445315
"6656","1kmE3906N3143",16126.3663695
"6657","1kmE3906N3144",6046.098725
"6658","1kmE3906N3145",5074.4298375
"6659","1kmE3906N3146",5891.800045
"6660","1kmE3906N3147",1990.222887
"6661","1kmE3907N3076",205.016391
"6662","1kmE3907N3084",403.896445
"6663","1kmE3907N3085",3390.663675
"6664","1kmE3907N3086",4960.4285805
"6665","1kmE3907N3087",2381.4668205
"6666","1kmE3907N3088",3074.1136255
"6667","1kmE3907N3089",5867.3414375
"6668","1kmE3907N3090",8551.572014
"6669","1kmE3907N3091",10839.353983
"6670","1kmE3907N3092",6072.9065345
"6671","1kmE3907N3093",6109.2501595
"6672","1kmE3907N3094",4540.647022
"6673","1kmE3907N3095",5071.685632
"6674","1kmE3907N3096",8263.315593
"6675","1kmE3907N3097",14070.8787995
"6676","1kmE3907N3098",12732.609014
"6677","1kmE3907N3099",10765.803785
"6678","1kmE3907N3100",14447.8596675
"6679","1kmE3907N3101",15875.4597385
"6680","1kmE3907N3102",7805.2349885
"6681","1kmE3907N3103",9953.1710745
"6682","1kmE3907N3104",13373.0052955
"6683","1kmE3907N3105",7813.875417
"6684","1kmE3907N3106",12031.7630605
"6685","1kmE3907N3107",13537.571432
"6686","1kmE3907N3108",13190.3208115
"6687","1kmE3907N3109",10668.353348
"6688","1kmE3907N3110",9735.6809835
"6689","1kmE3907N3111",12474.782099
"6690","1kmE3907N3112",7481.7717485
"6691","1kmE3907N3113",5384.379083
"6692","1kmE3907N3114",8375.693041
"6693","1kmE3907N3115",5686.1018075
"6694","1kmE3907N3116",8716.070606
"6695","1kmE3907N3117",13522.332203
"6696","1kmE3907N3118",18326.8199975
"6697","1kmE3907N3119",14214.579531
"6698","1kmE3907N3120",12689.6329745
"6699","1kmE3907N3121",7192.187701
"6700","1kmE3907N3122",6935.7066235
"6701","1kmE3907N3123",11193.9286555
"6702","1kmE3907N3124",2041.5406295
"6703","1kmE3907N3125",6316.728358
"6704","1kmE3907N3126",7800.4593295
"6705","1kmE3907N3127",11334.13933
"6706","1kmE3907N3128",9674.3587675
"6707","1kmE3907N3129",11437.3593035
"6708","1kmE3907N3130",10956.876106
"6709","1kmE3907N3131",9813.7364005
"6710","1kmE3907N3132",10118.590879
"6711","1kmE3907N3133",6483.427876
"6712","1kmE3907N3134",5633.0403065
"6713","1kmE3907N3135",4646.453541
"6714","1kmE3907N3136",6526.391122
"6715","1kmE3907N3137",6235.735882
"6716","1kmE3907N3138",9290.281874
"6717","1kmE3907N3139",10409.337734
"6718","1kmE3907N3140",10207.281844
"6719","1kmE3907N3141",13534.8556555
"6720","1kmE3907N3142",19322.288635
"6721","1kmE3907N3143",17137.86869
"6722","1kmE3907N3144",9031.2193425
"6723","1kmE3907N3145",5231.484918
"6724","1kmE3907N3146",4562.8423685
"6725","1kmE3907N3147",4056.737665
"6726","1kmE3908N3074",205.01639
"6727","1kmE3908N3083",1531.8838845
"6728","1kmE3908N3084",3294.4332125
"6729","1kmE3908N3085",4680.1943335
"6730","1kmE3908N3086",5875.3750225
"6731","1kmE3908N3087",3517.2496505
"6732","1kmE3908N3088",6134.738488
"6733","1kmE3908N3089",7698.011234
"6734","1kmE3908N3090",8624.8978665
"6735","1kmE3908N3091",10124.4241595
"6736","1kmE3908N3092",8742.50078
"6737","1kmE3908N3093",8713.7956895
"6738","1kmE3908N3094",7403.3934695
"6739","1kmE3908N3095",7522.785069
"6740","1kmE3908N3096",6308.75822
"6741","1kmE3908N3097",6875.163282
"6742","1kmE3908N3098",10015.352733
"6743","1kmE3908N3099",7954.2698355
"6744","1kmE3908N3100",10566.142373
"6745","1kmE3908N3101",12486.3209115
"6746","1kmE3908N3102",8251.8536205
"6747","1kmE3908N3103",7467.2096685
"6748","1kmE3908N3104",9374.6854255
"6749","1kmE3908N3105",8944.8737185
"6750","1kmE3908N3106",12717.329192
"6751","1kmE3908N3107",12349.7160855
"6752","1kmE3908N3108",11285.2158365
"6753","1kmE3908N3109",10930.1043265
"6754","1kmE3908N3110",6584.0878155
"6755","1kmE3908N3111",4581.2619395
"6756","1kmE3908N3112",2244.6156065
"6757","1kmE3908N3113",6060.8074025
"6758","1kmE3908N3114",6288.1214735
"6759","1kmE3908N3115",4649.456819
"6760","1kmE3908N3116",6887.258983
"6761","1kmE3908N3117",12864.8349015
"6762","1kmE3908N3118",15267.0310335
"6763","1kmE3908N3119",13479.208863
"6764","1kmE3908N3120",11322.4993625
"6765","1kmE3908N3121",8945.731006
"6766","1kmE3908N3122",5767.745501
"6767","1kmE3908N3123",2459.943442
"6768","1kmE3908N3124",4926.8540435
"6769","1kmE3908N3125",5236.8669125
"6770","1kmE3908N3126",6993.1918645
"6771","1kmE3908N3127",8596.2589275
"6772","1kmE3908N3128",8524.100184
"6773","1kmE3908N3129",10861.102498
"6774","1kmE3908N3130",10997.984617
"6775","1kmE3908N3131",7511.4326995
"6776","1kmE3908N3132",8992.2495825
"6777","1kmE3908N3133",6521.74859
"6778","1kmE3908N3134",6841.675671
"6779","1kmE3908N3135",6573.8246685
"6780","1kmE3908N3136",12529.9205995
"6781","1kmE3908N3137",5844.988726
"6782","1kmE3908N3138",9517.711042
"6783","1kmE3908N3139",12688.5811795
"6784","1kmE3908N3140",11273.827227
"6785","1kmE3908N3141",16902.8340715
"6786","1kmE3908N3142",14777.1171295
"6787","1kmE3908N3143",14046.472216
"6788","1kmE3908N3144",12402.237864
"6789","1kmE3908N3145",8736.711285
"6790","1kmE3908N3146",5373.6371235
"6791","1kmE3908N3147",5603.10498
"6792","1kmE3908N3148",378.3970565
"6793","1kmE3909N3082",2454.665805
"6794","1kmE3909N3083",6144.978186
"6795","1kmE3909N3084",7287.0941095
"6796","1kmE3909N3085",7917.3297045
"6797","1kmE3909N3086",7859.8790975
"6798","1kmE3909N3087",2850.5842785
"6799","1kmE3909N3088",5609.058404
"6800","1kmE3909N3089",7398.505845
"6801","1kmE3909N3090",7597.253671
"6802","1kmE3909N3091",6870.1460545
"6803","1kmE3909N3092",8540.7793185
"6804","1kmE3909N3093",10693.5273015
"6805","1kmE3909N3094",8462.510315
"6806","1kmE3909N3095",6948.804751
"6807","1kmE3909N3096",3499.2394485
"6808","1kmE3909N3097",5704.9109035
"6809","1kmE3909N3098",7051.6057225
"6810","1kmE3909N3099",11411.465712
"6811","1kmE3909N3100",11078.7856085
"6812","1kmE3909N3101",11204.418506
"6813","1kmE3909N3102",9741.3140665
"6814","1kmE3909N3103",8690.9540015
"6815","1kmE3909N3104",6637.069834
"6816","1kmE3909N3105",9618.678535
"6817","1kmE3909N3106",14193.128706
"6818","1kmE3909N3107",16052.8106185
"6819","1kmE3909N3108",14481.1627335
"6820","1kmE3909N3109",6036.3532625
"6821","1kmE3909N3110",4797.936716
"6822","1kmE3909N3111",2688.3733425
"6823","1kmE3909N3112",3035.914297
"6824","1kmE3909N3113",4086.1348265
"6825","1kmE3909N3114",4938.479466
"6826","1kmE3909N3115",4631.6454825
"6827","1kmE3909N3116",5402.672407
"6828","1kmE3909N3117",11747.9267925
"6829","1kmE3909N3118",12315.3203405
"6830","1kmE3909N3119",12911.2726635
"6831","1kmE3909N3120",14249.2823025
"6832","1kmE3909N3121",12456.418337
"6833","1kmE3909N3122",7609.0943335
"6834","1kmE3909N3123",6881.9605935
"6835","1kmE3909N3124",9957.0723335
"6836","1kmE3909N3125",8550.867958
"6837","1kmE3909N3126",12438.8813535
"6838","1kmE3909N3127",10802.632107
"6839","1kmE3909N3128",9860.4300905
"6840","1kmE3909N3129",9484.5301185
"6841","1kmE3909N3130",9285.152763
"6842","1kmE3909N3131",4877.1386425
"6843","1kmE3909N3132",6843.394906
"6844","1kmE3909N3133",8335.8915365
"6845","1kmE3909N3134",5547.009834
"6846","1kmE3909N3135",4919.263983
"6847","1kmE3909N3136",5532.358254
"6848","1kmE3909N3137",6192.456176
"6849","1kmE3909N3138",9412.0307515
"6850","1kmE3909N3139",8494.577309
"6851","1kmE3909N3140",9830.077643
"6852","1kmE3909N3141",11751.009343
"6853","1kmE3909N3142",13288.602048
"6854","1kmE3909N3143",12700.184334
"6855","1kmE3909N3144",12214.6818315
"6856","1kmE3909N3145",9530.584476
"6857","1kmE3909N3146",7211.352762
"6858","1kmE3909N3147",5061.347867
"6859","1kmE3909N3148",1639.1119825
"6860","1kmE3910N3081",205.0163905
"6861","1kmE3910N3082",5452.8392
"6862","1kmE3910N3083",6056.219994
"6863","1kmE3910N3084",2098.5329365
"6864","1kmE3910N3085",7119.626769
"6865","1kmE3910N3086",6263.796667
"6866","1kmE3910N3087",2857.7129535
"6867","1kmE3910N3088",6095.3507665
"6868","1kmE3910N3089",10058.172799
"6869","1kmE3910N3090",10564.304936
"6870","1kmE3910N3091",8158.328791
"6871","1kmE3910N3092",8696.714216
"6872","1kmE3910N3093",11367.244387
"6873","1kmE3910N3094",8603.16437
"6874","1kmE3910N3095",3080.5868945
"6875","1kmE3910N3096",4222.575908
"6876","1kmE3910N3097",8656.2968675
"6877","1kmE3910N3098",7754.611426
"6878","1kmE3910N3099",8793.595684
"6879","1kmE3910N3100",9204.6250175
"6880","1kmE3910N3101",10828.055004
"6881","1kmE3910N3102",8491.270599
"6882","1kmE3910N3103",5195.655677
"6883","1kmE3910N3104",5282.929357
"6884","1kmE3910N3105",8486.82776
"6885","1kmE3910N3106",13512.223095
"6886","1kmE3910N3107",17162.359315
"6887","1kmE3910N3108",13176.8379545
"6888","1kmE3910N3109",6445.557014
"6889","1kmE3910N3110",2662.6628175
"6890","1kmE3910N3111",3261.462945
"6891","1kmE3910N3112",1813.318621
"6892","1kmE3910N3113",7366.0796975
"6893","1kmE3910N3114",9527.820763
"6894","1kmE3910N3115",6417.3089875
"6895","1kmE3910N3116",7918.230434
"6896","1kmE3910N3117",11798.277949
"6897","1kmE3910N3118",13361.000379
"6898","1kmE3910N3119",15074.868791
"6899","1kmE3910N3120",15725.8758415
"6900","1kmE3910N3121",13586.2644325
"6901","1kmE3910N3122",11039.575961
"6902","1kmE3910N3123",5323.704873
"6903","1kmE3910N3124",6198.991887
"6904","1kmE3910N3125",8577.616878
"6905","1kmE3910N3126",10637.703665
"6906","1kmE3910N3127",11412.1661825
"6907","1kmE3910N3128",9370.044437
"6908","1kmE3910N3129",8289.811328
"6909","1kmE3910N3130",7112.989686
"6910","1kmE3910N3131",6851.522766
"6911","1kmE3910N3132",5973.577193
"6912","1kmE3910N3133",9796.647185
"6913","1kmE3910N3134",6760.8287115
"6914","1kmE3910N3135",4086.1091025
"6915","1kmE3910N3136",4387.3995405
"6916","1kmE3910N3137",8143.1589675
"6917","1kmE3910N3138",9825.4602965
"6918","1kmE3910N3139",8662.161175
"6919","1kmE3910N3140",8696.731612
"6920","1kmE3910N3141",10680.070423
"6921","1kmE3910N3142",11586.2064995
"6922","1kmE3910N3143",13182.1412685
"6923","1kmE3910N3144",12287.9035115
"6924","1kmE3910N3145",11871.1920835
"6925","1kmE3910N3146",8682.5689395
"6926","1kmE3910N3147",5935.016917
"6927","1kmE3910N3148",744.0098025
"6928","1kmE3911N3080",205.01639
"6929","1kmE3911N3081",2129.908494
"6930","1kmE3911N3082",6128.4230255
"6931","1kmE3911N3083",5889.3743985
"6932","1kmE3911N3084",6116.0061605
"6933","1kmE3911N3085",4396.088417
"6934","1kmE3911N3086",3739.2258345
"6935","1kmE3911N3087",9845.4646965
"6936","1kmE3911N3088",9119.3927985
"6937","1kmE3911N3089",8875.92449
"6938","1kmE3911N3090",11703.5355575
"6939","1kmE3911N3091",14637.403659
"6940","1kmE3911N3092",13808.9196125
"6941","1kmE3911N3093",11421.703133
"6942","1kmE3911N3094",7301.882517
"6943","1kmE3911N3095",4519.604757
"6944","1kmE3911N3096",6259.525057
"6945","1kmE3911N3097",6387.60358
"6946","1kmE3911N3098",8768.917397
"6947","1kmE3911N3099",8435.436859
"6948","1kmE3911N3100",10235.8240785
"6949","1kmE3911N3101",10166.204546
"6950","1kmE3911N3102",5720.3165335
"6951","1kmE3911N3103",6028.731482
"6952","1kmE3911N3104",8683.752714
"6953","1kmE3911N3105",10363.698908
"6954","1kmE3911N3106",10125.3462365
"6955","1kmE3911N3107",13445.199037
"6956","1kmE3911N3108",11329.037591
"6957","1kmE3911N3109",5047.01537
"6958","1kmE3911N3110",5907.577475
"6959","1kmE3911N3111",4072.9431295
"6960","1kmE3911N3112",3195.755094
"6961","1kmE3911N3113",11415.9069705
"6962","1kmE3911N3114",11410.497022
"6963","1kmE3911N3115",4544.164055
"6964","1kmE3911N3116",5823.111714
"6965","1kmE3911N3117",11037.9540295
"6966","1kmE3911N3118",12514.635263
"6967","1kmE3911N3119",12845.4796345
"6968","1kmE3911N3120",13844.1608795
"6969","1kmE3911N3121",11882.279321
"6970","1kmE3911N3122",10927.6695345
"6971","1kmE3911N3123",6835.544127
"6972","1kmE3911N3124",6581.1452055
"6973","1kmE3911N3125",9849.1394925
"6974","1kmE3911N3126",12597.400949
"6975","1kmE3911N3127",13040.337914
"6976","1kmE3911N3128",8285.054115
"6977","1kmE3911N3129",9306.275254
"6978","1kmE3911N3130",7741.047651
"6979","1kmE3911N3131",7707.7173855
"6980","1kmE3911N3132",8292.5117905
"6981","1kmE3911N3133",9548.448363
"6982","1kmE3911N3134",9132.1056045
"6983","1kmE3911N3135",7349.721228
"6984","1kmE3911N3136",4812.5527495
"6985","1kmE3911N3137",4582.099792
"6986","1kmE3911N3138",5833.1683075
"6987","1kmE3911N3139",8824.483702
"6988","1kmE3911N3140",10521.3439465
"6989","1kmE3911N3141",14042.882995
"6990","1kmE3911N3142",15328.0740145
"6991","1kmE3911N3143",13607.0784295
"6992","1kmE3911N3144",11787.2950665
"6993","1kmE3911N3145",12916.1169835
"6994","1kmE3911N3146",10565.218371
"6995","1kmE3911N3147",5906.3906815
"6996","1kmE3912N3079",403.896445
"6997","1kmE3912N3080",733.688169
"6998","1kmE3912N3081",5787.2891295
"6999","1kmE3912N3082",12707.015327
"7000","1kmE3912N3083",12444.5048225
"7001","1kmE3912N3084",10142.631459
"7002","1kmE3912N3085",8209.4476955
"7003","1kmE3912N3086",9306.0674685
"7004","1kmE3912N3087",7488.0899955
"7005","1kmE3912N3088",8325.497213
"7006","1kmE3912N3089",11798.9286445
"7007","1kmE3912N3090",14840.231398
"7008","1kmE3912N3091",16125.4110285
"7009","1kmE3912N3092",16131.1610285
"7010","1kmE3912N3093",12153.88821
"7011","1kmE3912N3094",9452.583472
"7012","1kmE3912N3095",6769.7508935
"7013","1kmE3912N3096",9489.0733445
"7014","1kmE3912N3097",9731.488936
"7015","1kmE3912N3098",7821.739122
"7016","1kmE3912N3099",9097.716337
"7017","1kmE3912N3100",8012.7411285
"7018","1kmE3912N3101",8505.026312
"7019","1kmE3912N3102",5728.1993595
"7020","1kmE3912N3103",6309.6895115
"7021","1kmE3912N3104",8321.224143
"7022","1kmE3912N3105",9963.4614105
"7023","1kmE3912N3106",6675.787227
"7024","1kmE3912N3107",6683.7030475
"7025","1kmE3912N3108",5327.102024
"7026","1kmE3912N3109",5710.512943
"7027","1kmE3912N3110",6735.8483155
"7028","1kmE3912N3111",6579.275679
"7029","1kmE3912N3112",3881.234137
"7030","1kmE3912N3113",6136.188668
"7031","1kmE3912N3114",6735.3917685
"7032","1kmE3912N3115",4350.7794315
"7033","1kmE3912N3116",5700.7737465
"7034","1kmE3912N3117",10103.210876
"7035","1kmE3912N3118",10610.6494385
"7036","1kmE3912N3119",9629.742499
"7037","1kmE3912N3120",10187.320814
"7038","1kmE3912N3121",12564.7302925
"7039","1kmE3912N3122",10426.57331
"7040","1kmE3912N3123",12680.162351
"7041","1kmE3912N3124",11696.0120635
"7042","1kmE3912N3125",9635.915246
"7043","1kmE3912N3126",11120.2901765
"7044","1kmE3912N3127",12980.193399
"7045","1kmE3912N3128",10984.347394
"7046","1kmE3912N3129",10868.1470825
"7047","1kmE3912N3130",8258.820805
"7048","1kmE3912N3131",8146.913596
"7049","1kmE3912N3132",7632.288069
"7050","1kmE3912N3133",8747.609033
"7051","1kmE3912N3134",5564.3729615
"7052","1kmE3912N3135",5258.563516
"7053","1kmE3912N3136",3615.124039
"7054","1kmE3912N3137",4440.3250995
"7055","1kmE3912N3138",4778.8118265
"7056","1kmE3912N3139",6525.0892625
"7057","1kmE3912N3140",7827.9753215
"7058","1kmE3912N3141",12975.5896075
"7059","1kmE3912N3142",14721.1325985
"7060","1kmE3912N3143",11649.5244015
"7061","1kmE3912N3144",12983.7868405
"7062","1kmE3912N3145",12754.6842775
"7063","1kmE3912N3146",9655.870041
"7064","1kmE3912N3147",5116.479277
"7065","1kmE3912N3148",3154.1197495
"7066","1kmE3912N3149",2277.7800205
"7067","1kmE3912N3150",967.3587455
"7068","1kmE3912N3151",403.8964455
"7069","1kmE3913N3080",4798.8753505
"7070","1kmE3913N3081",11707.507164
"7071","1kmE3913N3082",16671.7136255
"7072","1kmE3913N3083",14328.246458
"7073","1kmE3913N3084",11494.623908
"7074","1kmE3913N3085",11888.791838
"7075","1kmE3913N3086",11447.4647165
"7076","1kmE3913N3087",9597.965303
"7077","1kmE3913N3088",5719.3950365
"7078","1kmE3913N3089",9147.7833265
"7079","1kmE3913N3090",13779.826466
"7080","1kmE3913N3091",12254.670801
"7081","1kmE3913N3092",12672.632424
"7082","1kmE3913N3093",13907.794798
"7083","1kmE3913N3094",9789.902663
"7084","1kmE3913N3095",9902.515927
"7085","1kmE3913N3096",9793.247324
"7086","1kmE3913N3097",8740.861886
"7087","1kmE3913N3098",8928.217527
"7088","1kmE3913N3099",9334.7833725
"7089","1kmE3913N3100",7682.23148
"7090","1kmE3913N3101",7362.580672
"7091","1kmE3913N3102",4936.278384
"7092","1kmE3913N3103",6318.7298615
"7093","1kmE3913N3104",8437.8325135
"7094","1kmE3913N3105",7544.741793
"7095","1kmE3913N3106",6969.026012
"7096","1kmE3913N3107",9394.294451
"7097","1kmE3913N3108",7634.397345
"7098","1kmE3913N3109",4600.816597
"7099","1kmE3913N3110",3785.8834915
"7100","1kmE3913N3111",4248.822498
"7101","1kmE3913N3112",3001.7575225
"7102","1kmE3913N3113",4917.1307225
"7103","1kmE3913N3114",4749.9690865
"7104","1kmE3913N3115",6039.1118755
"7105","1kmE3913N3116",5413.199513
"7106","1kmE3913N3117",8091.8068105
"7107","1kmE3913N3118",8353.4842535
"7108","1kmE3913N3119",8767.457125
"7109","1kmE3913N3120",10565.1678185
"7110","1kmE3913N3121",10389.58815
"7111","1kmE3913N3122",12761.937264
"7112","1kmE3913N3123",11781.992618
"7113","1kmE3913N3124",11172.2328455
"7114","1kmE3913N3125",11441.274179
"7115","1kmE3913N3126",10358.753472
"7116","1kmE3913N3127",10718.2932835
"7117","1kmE3913N3128",10239.7168585
"7118","1kmE3913N3129",8841.9674445
"7119","1kmE3913N3130",9483.419803
"7120","1kmE3913N3131",8036.712565
"7121","1kmE3913N3132",6956.5336015
"7122","1kmE3913N3133",6632.12297
"7123","1kmE3913N3134",6500.9922
"7124","1kmE3913N3135",5105.190477
"7125","1kmE3913N3136",5669.1266515
"7126","1kmE3913N3137",4976.960576
"7127","1kmE3913N3138",3626.5477345
"7128","1kmE3913N3139",2737.3420205
"7129","1kmE3913N3140",10713.354774
"7130","1kmE3913N3141",12066.29286
"7131","1kmE3913N3142",11098.2584975
"7132","1kmE3913N3143",8895.910088
"7133","1kmE3913N3144",10074.855249
"7134","1kmE3913N3145",12499.9928195
"7135","1kmE3913N3146",9975.808327
"7136","1kmE3913N3147",4291.6870115
"7137","1kmE3913N3148",3204.9365825
"7138","1kmE3913N3149",3525.4585155
"7139","1kmE3913N3150",1788.9429035
"7140","1kmE3913N3151",2071.217702
"7141","1kmE3914N3077",205.0163895
"7142","1kmE3914N3079",379.473369
"7143","1kmE3914N3080",6908.194211
"7144","1kmE3914N3081",11776.589074
"7145","1kmE3914N3082",16771.5416905
"7146","1kmE3914N3083",16251.3301005
"7147","1kmE3914N3084",12173.668528
"7148","1kmE3914N3085",11158.217497
"7149","1kmE3914N3086",11418.835416
"7150","1kmE3914N3087",9509.1915455
"7151","1kmE3914N3088",7153.7043065
"7152","1kmE3914N3089",8189.7497545
"7153","1kmE3914N3090",12527.003996
"7154","1kmE3914N3091",11564.7827925
"7155","1kmE3914N3092",11797.977895
"7156","1kmE3914N3093",9464.4220165
"7157","1kmE3914N3094",8358.1010535
"7158","1kmE3914N3095",13460.6023315
"7159","1kmE3914N3096",11611.975083
"7160","1kmE3914N3097",10346.0827515
"7161","1kmE3914N3098",10998.359236
"7162","1kmE3914N3099",11085.451122
"7163","1kmE3914N3100",7644.7983525
"7164","1kmE3914N3101",6349.2652805
"7165","1kmE3914N3102",2297.2320685
"7166","1kmE3914N3103",3045.3023065
"7167","1kmE3914N3104",7042.1078715
"7168","1kmE3914N3105",7769.4541405
"7169","1kmE3914N3106",5481.8777115
"7170","1kmE3914N3107",10603.5531265
"7171","1kmE3914N3108",6278.4726235
"7172","1kmE3914N3109",2958.6181305
"7173","1kmE3914N3110",2772.6534415
"7174","1kmE3914N3111",6912.8184955
"7175","1kmE3914N3112",4539.363612
"7176","1kmE3914N3113",4190.440232
"7177","1kmE3914N3114",7659.238479
"7178","1kmE3914N3115",7360.114668
"7179","1kmE3914N3116",7076.93465
"7180","1kmE3914N3117",8580.4316665
"7181","1kmE3914N3118",8650.1053485
"7182","1kmE3914N3119",10118.4944685
"7183","1kmE3914N3120",11721.304606
"7184","1kmE3914N3121",12409.613763
"7185","1kmE3914N3122",13274.9639025
"7186","1kmE3914N3123",14394.7136745
"7187","1kmE3914N3124",15209.297241
"7188","1kmE3914N3125",15399.756493
"7189","1kmE3914N3126",12733.600526
"7190","1kmE3914N3127",10332.980118
"7191","1kmE3914N3128",10160.4304115
"7192","1kmE3914N3129",8460.801992
"7193","1kmE3914N3130",10856.6899525
"7194","1kmE3914N3131",8772.89218
"7195","1kmE3914N3132",6480.879103
"7196","1kmE3914N3133",6909.2131085
"7197","1kmE3914N3134",4000.8350165
"7198","1kmE3914N3135",7740.494005
"7199","1kmE3914N3136",9217.3296445
"7200","1kmE3914N3137",6281.869694
"7201","1kmE3914N3138",5435.365839
"7202","1kmE3914N3139",2600.7615235
"7203","1kmE3914N3140",5204.889793
"7204","1kmE3914N3141",8878.9293505
"7205","1kmE3914N3142",6776.70965
"7206","1kmE3914N3143",7213.4733315
"7207","1kmE3914N3144",7274.584889
"7208","1kmE3914N3145",10498.540734
"7209","1kmE3914N3146",10835.7486775
"7210","1kmE3914N3147",7299.2208025
"7211","1kmE3914N3148",5052.4815765
"7212","1kmE3914N3149",4074.1832625
"7213","1kmE3914N3150",2715.7694065
"7214","1kmE3914N3151",2395.0016975
"7215","1kmE3914N3152",1068.059247
"7216","1kmE3915N3077",205.0163905
"7217","1kmE3915N3079",490.844744499999
"7218","1kmE3915N3080",7311.2934285
"7219","1kmE3915N3081",15309.7437485
"7220","1kmE3915N3082",18927.095073
"7221","1kmE3915N3083",18992.9718545
"7222","1kmE3915N3084",15689.7721075
"7223","1kmE3915N3085",17394.6979025
"7224","1kmE3915N3086",13182.589201
"7225","1kmE3915N3087",13097.218284
"7226","1kmE3915N3088",10929.4753085
"7227","1kmE3915N3089",8877.580956
"7228","1kmE3915N3090",11910.714619
"7229","1kmE3915N3091",10988.545454
"7230","1kmE3915N3092",9067.237416
"7231","1kmE3915N3093",7509.6227005
"7232","1kmE3915N3094",8739.2157315
"7233","1kmE3915N3095",9735.1088625
"7234","1kmE3915N3096",6441.9728065
"7235","1kmE3915N3097",8771.0429025
"7236","1kmE3915N3098",9964.45524
"7237","1kmE3915N3099",5725.5160115
"7238","1kmE3915N3100",6011.8816645
"7239","1kmE3915N3101",6841.064555
"7240","1kmE3915N3102",9018.130954
"7241","1kmE3915N3103",4886.993733
"7242","1kmE3915N3104",10760.734512
"7243","1kmE3915N3105",7666.7249405
"7244","1kmE3915N3106",7037.042872
"7245","1kmE3915N3107",5944.32372
"7246","1kmE3915N3108",3930.588184
"7247","1kmE3915N3109",4044.86524
"7248","1kmE3915N3110",4818.201338
"7249","1kmE3915N3111",3161.9037935
"7250","1kmE3915N3112",2374.145638
"7251","1kmE3915N3113",6307.198128
"7252","1kmE3915N3114",9009.688136
"7253","1kmE3915N3115",9764.44558
"7254","1kmE3915N3116",10686.1214785
"7255","1kmE3915N3117",12288.730146
"7256","1kmE3915N3118",8161.6737675
"7257","1kmE3915N3119",7618.78429
"7258","1kmE3915N3120",8693.429791
"7259","1kmE3915N3121",11581.38063
"7260","1kmE3915N3122",12373.75455
"7261","1kmE3915N3123",13763.9922085
"7262","1kmE3915N3124",14307.522295
"7263","1kmE3915N3125",14720.373322
"7264","1kmE3915N3126",13453.459617
"7265","1kmE3915N3127",10934.079838
"7266","1kmE3915N3128",10509.453366
"7267","1kmE3915N3129",9150.1224
"7268","1kmE3915N3130",8481.3145105
"7269","1kmE3915N3131",9100.474285
"7270","1kmE3915N3132",8320.187847
"7271","1kmE3915N3133",6746.542829
"7272","1kmE3915N3134",7351.0148915
"7273","1kmE3915N3135",9665.5546085
"7274","1kmE3915N3136",8004.7548275
"7275","1kmE3915N3137",3419.368338
"7276","1kmE3915N3138",6812.93424
"7277","1kmE3915N3139",4673.8383885
"7278","1kmE3915N3140",4734.536348
"7279","1kmE3915N3141",7510.719034
"7280","1kmE3915N3142",11737.906486
"7281","1kmE3915N3143",12032.6150235
"7282","1kmE3915N3144",12533.003947
"7283","1kmE3915N3145",9588.1041855
"7284","1kmE3915N3146",11434.4106055
"7285","1kmE3915N3147",11203.0317905
"7286","1kmE3915N3148",4981.3341125
"7287","1kmE3915N3149",5365.5678825
"7288","1kmE3915N3150",2145.1033015
"7289","1kmE3915N3151",2023.0601725
"7290","1kmE3915N3152",1799.225564
"7291","1kmE3915N3153",205.0163895
"7292","1kmE3915N3162",205.01639
"7293","1kmE3916N3077",205.01639
"7294","1kmE3916N3079",738.232082
"7295","1kmE3916N3080",10812.1638305
"7296","1kmE3916N3081",15273.8637615
"7297","1kmE3916N3082",17291.675613
"7298","1kmE3916N3083",17158.4256895
"7299","1kmE3916N3084",18916.12558
"7300","1kmE3916N3085",16870.92467
"7301","1kmE3916N3086",13621.27837
"7302","1kmE3916N3087",13102.8539255
"7303","1kmE3916N3088",12680.975858
"7304","1kmE3916N3089",8455.495688
"7305","1kmE3916N3090",11751.9819485
"7306","1kmE3916N3091",13870.1129555
"7307","1kmE3916N3092",8527.59592
"7308","1kmE3916N3093",9628.209178
"7309","1kmE3916N3094",9347.3752675
"7310","1kmE3916N3095",12609.056049
"7311","1kmE3916N3096",9578.3348375
"7312","1kmE3916N3097",9202.176052
"7313","1kmE3916N3098",13594.4405085
"7314","1kmE3916N3099",13600.521461
"7315","1kmE3916N3100",8598.534869
"7316","1kmE3916N3101",6845.9692295
"7317","1kmE3916N3102",8807.5162655
"7318","1kmE3916N3103",7970.166776
"7319","1kmE3916N3104",8039.3722585
"7320","1kmE3916N3105",7048.1054105
"7321","1kmE3916N3106",7374.728426
"7322","1kmE3916N3107",8296.969868
"7323","1kmE3916N3108",5688.7333585
"7324","1kmE3916N3109",8293.809988
"7325","1kmE3916N3110",5707.900216
"7326","1kmE3916N3111",2488.6216925
"7327","1kmE3916N3112",3634.3629775
"7328","1kmE3916N3113",4913.663582
"7329","1kmE3916N3114",6170.835109
"7330","1kmE3916N3115",6550.7984105
"7331","1kmE3916N3116",8755.861525
"7332","1kmE3916N3117",11099.9710385
"7333","1kmE3916N3118",9670.2905645
"7334","1kmE3916N3119",7436.271114
"7335","1kmE3916N3120",10123.3221795
"7336","1kmE3916N3121",10500.2572715
"7337","1kmE3916N3122",14066.492295
"7338","1kmE3916N3123",13569.4728265
"7339","1kmE3916N3124",13252.033447
"7340","1kmE3916N3125",14312.770584
"7341","1kmE3916N3126",13290.8976285
"7342","1kmE3916N3127",10538.3342415
"7343","1kmE3916N3128",9618.8409255
"7344","1kmE3916N3129",11069.6656025
"7345","1kmE3916N3130",6068.5899655
"7346","1kmE3916N3131",6734.975817
"7347","1kmE3916N3132",5763.077206
"7348","1kmE3916N3133",5774.8312915
"7349","1kmE3916N3134",6560.9260015
"7350","1kmE3916N3135",7071.74369
"7351","1kmE3916N3136",9152.5048785
"7352","1kmE3916N3137",5518.439466
"7353","1kmE3916N3138",2377.588749
"7354","1kmE3916N3139",4329.412066
"7355","1kmE3916N3140",8546.255583
"7356","1kmE3916N3141",14087.183792
"7357","1kmE3916N3142",15258.8711855
"7358","1kmE3916N3143",17036.982245
"7359","1kmE3916N3144",17223.1807785
"7360","1kmE3916N3145",16155.603007
"7361","1kmE3916N3146",13876.362272
"7362","1kmE3916N3147",14224.9815485
"7363","1kmE3916N3148",13018.5827355
"7364","1kmE3916N3149",9674.733969
"7365","1kmE3916N3150",6200.6096915
"7366","1kmE3916N3151",6812.223211
"7367","1kmE3916N3152",4734.8969035
"7368","1kmE3916N3153",2982.471218
"7369","1kmE3916N3154",2460.394805
"7370","1kmE3916N3155",2039.231654
"7371","1kmE3916N3156",628.8704085
"7372","1kmE3917N3068",205.016391
"7373","1kmE3917N3078",205.0163915
"7374","1kmE3917N3080",12751.76554
"7375","1kmE3917N3081",13741.4450185
"7376","1kmE3917N3082",17134.7207695
"7377","1kmE3917N3083",17867.3481715
"7378","1kmE3917N3084",18892.672356
"7379","1kmE3917N3085",17209.3223035
"7380","1kmE3917N3086",14567.335494
"7381","1kmE3917N3087",14334.8197295
"7382","1kmE3917N3088",10600.3117715
"7383","1kmE3917N3089",10770.850196
"7384","1kmE3917N3090",8009.6396865
"7385","1kmE3917N3091",11716.038725
"7386","1kmE3917N3092",10967.904754
"7387","1kmE3917N3093",14682.461348
"7388","1kmE3917N3094",8143.0958195
"7389","1kmE3917N3095",12161.1571455
"7390","1kmE3917N3096",10443.516759
"7391","1kmE3917N3097",12475.521275
"7392","1kmE3917N3098",11385.995757
"7393","1kmE3917N3099",9359.617434
"7394","1kmE3917N3100",10329.8688655
"7395","1kmE3917N3101",10183.546714
"7396","1kmE3917N3102",11153.110802
"7397","1kmE3917N3103",10680.9676295
"7398","1kmE3917N3104",10796.5582005
"7399","1kmE3917N3105",4868.0612055
"7400","1kmE3917N3106",6554.270893
"7401","1kmE3917N3107",8445.314502
"7402","1kmE3917N3108",7398.0783845
"7403","1kmE3917N3109",11121.705342
"7404","1kmE3917N3110",7097.8036515
"7405","1kmE3917N3111",4874.772617
"7406","1kmE3917N3112",4462.4851075
"7407","1kmE3917N3113",4559.924288
"7408","1kmE3917N3114",4037.5566035
"7409","1kmE3917N3115",5968.105772
"7410","1kmE3917N3116",11987.346862
"7411","1kmE3917N3117",11489.9504395
"7412","1kmE3917N3118",12077.4060095
"7413","1kmE3917N3119",11574.4901175
"7414","1kmE3917N3120",10957.1923285
"7415","1kmE3917N3121",10995.0152125
"7416","1kmE3917N3122",8735.8220855
"7417","1kmE3917N3123",10119.8849645
"7418","1kmE3917N3124",13016.2857685
"7419","1kmE3917N3125",13244.000508
"7420","1kmE3917N3126",10510.1166615
"7421","1kmE3917N3127",11457.24622
"7422","1kmE3917N3128",13717.4942435
"7423","1kmE3917N3129",12294.9194725
"7424","1kmE3917N3130",3246.809932
"7425","1kmE3917N3131",2739.1836855
"7426","1kmE3917N3132",3926.3069715
"7427","1kmE3917N3133",5489.2973195
"7428","1kmE3917N3134",6310.063959
"7429","1kmE3917N3135",5348.135743
"7430","1kmE3917N3136",4216.497118
"7431","1kmE3917N3137",4797.0062725
"7432","1kmE3917N3138",1226.5974425
"7433","1kmE3917N3139",1761.594204
"7434","1kmE3917N3140",12278.1066635
"7435","1kmE3917N3141",14128.8789705
"7436","1kmE3917N3142",13860.3426775
"7437","1kmE3917N3143",16176.1120525
"7438","1kmE3917N3144",16705.520709
"7439","1kmE3917N3145",15178.558072
"7440","1kmE3917N3146",14668.103543
"7441","1kmE3917N3147",13991.4454875
"7442","1kmE3917N3148",13525.446321
"7443","1kmE3917N3149",12978.3278825
"7444","1kmE3917N3150",11018.0987255
"7445","1kmE3917N3151",7966.882622
"7446","1kmE3917N3152",7873.5061535
"7447","1kmE3917N3153",4866.0494195
"7448","1kmE3917N3154",3557.28875
"7449","1kmE3917N3155",3805.091475
"7450","1kmE3917N3156",4501.3688875
"7451","1kmE3917N3157",1205.199297
"7452","1kmE3918N3080",11853.916249
"7453","1kmE3918N3081",14389.1585535
"7454","1kmE3918N3082",17069.7559855
"7455","1kmE3918N3083",18198.933224
"7456","1kmE3918N3084",18681.202609
"7457","1kmE3918N3085",16559.843727
"7458","1kmE3918N3086",14997.1724055
"7459","1kmE3918N3087",12227.2033725
"7460","1kmE3918N3088",11737.665078
"7461","1kmE3918N3089",10136.1601465
"7462","1kmE3918N3090",7194.296099
"7463","1kmE3918N3091",9021.974169
"7464","1kmE3918N3092",13743.6720005
"7465","1kmE3918N3093",16748.4780245
"7466","1kmE3918N3094",11807.9742815
"7467","1kmE3918N3095",12565.523829
"7468","1kmE3918N3096",9988.817756
"7469","1kmE3918N3097",9864.415413
"7470","1kmE3918N3098",11023.1727915
"7471","1kmE3918N3099",7766.8972705
"7472","1kmE3918N3100",10450.136721
"7473","1kmE3918N3101",11062.152798
"7474","1kmE3918N3102",11761.3707665
"7475","1kmE3918N3103",11297.7925185
"7476","1kmE3918N3104",11748.8443705
"7477","1kmE3918N3105",10054.72284
"7478","1kmE3918N3106",5540.416375
"7479","1kmE3918N3107",7147.224075
"7480","1kmE3918N3108",6698.5280915
"7481","1kmE3918N3109",7367.6358825
"7482","1kmE3918N3110",7545.035574
"7483","1kmE3918N3111",6650.016712
"7484","1kmE3918N3112",7930.4894485
"7485","1kmE3918N3113",6141.617154
"7486","1kmE3918N3114",5010.4078995
"7487","1kmE3918N3115",6395.448063
"7488","1kmE3918N3116",11586.248873
"7489","1kmE3918N3117",14228.0120545
"7490","1kmE3918N3118",14607.0337845
"7491","1kmE3918N3119",14690.8117105
"7492","1kmE3918N3120",13001.531685
"7493","1kmE3918N3121",12761.57018
"7494","1kmE3918N3122",13043.608582
"7495","1kmE3918N3123",13688.273024
"7496","1kmE3918N3124",13871.976149
"7497","1kmE3918N3125",13122.6365685
"7498","1kmE3918N3126",14272.1938395
"7499","1kmE3918N3127",15893.2814735
"7500","1kmE3918N3128",14359.802133
"7501","1kmE3918N3129",9518.1306855
"7502","1kmE3918N3130",6825.492568
"7503","1kmE3918N3131",4832.065837
"7504","1kmE3918N3132",9211.1260605
"7505","1kmE3918N3133",7076.0450395
"7506","1kmE3918N3134",6990.498004
"7507","1kmE3918N3135",5921.30527
"7508","1kmE3918N3136",9024.9446985
"7509","1kmE3918N3137",6458.672874
"7510","1kmE3918N3138",2406.8581785
"7511","1kmE3918N3139",1426.6697105
"7512","1kmE3918N3140",12023.10671
"7513","1kmE3918N3141",13099.00087
"7514","1kmE3918N3142",13877.526645
"7515","1kmE3918N3143",13475.2412715
"7516","1kmE3918N3144",16486.145529
"7517","1kmE3918N3145",15250.7378835
"7518","1kmE3918N3146",13415.2501865
"7519","1kmE3918N3147",12829.8021125
"7520","1kmE3918N3148",12099.609052
"7521","1kmE3918N3149",13914.7439025
"7522","1kmE3918N3150",10432.8204225
"7523","1kmE3918N3151",10160.0026025
"7524","1kmE3918N3152",8842.6470675
"7525","1kmE3918N3153",6130.102969
"7526","1kmE3918N3154",2011.909139
"7527","1kmE3918N3155",4030.381007
"7528","1kmE3918N3156",4217.5266185
"7529","1kmE3918N3157",3622.937923
"7530","1kmE3919N3077",205.016388
"7531","1kmE3919N3078",205.016388
"7532","1kmE3919N3080",9520.136335
"7533","1kmE3919N3081",14504.63349
"7534","1kmE3919N3082",15754.4212935
"7535","1kmE3919N3083",16854.9357805
"7536","1kmE3919N3084",16812.447517
"7537","1kmE3919N3085",14363.893245
"7538","1kmE3919N3086",16514.509207
"7539","1kmE3919N3087",14789.09943
"7540","1kmE3919N3088",14643.970833
"7541","1kmE3919N3089",12908.0438595
"7542","1kmE3919N3090",10553.4253115
"7543","1kmE3919N3091",8720.563514
"7544","1kmE3919N3092",10582.7575145
"7545","1kmE3919N3093",12288.724493
"7546","1kmE3919N3094",8648.8549835
"7547","1kmE3919N3095",8342.3189905
"7548","1kmE3919N3096",9558.3027125
"7549","1kmE3919N3097",10702.7673095
"7550","1kmE3919N3098",11000.0812085
"7551","1kmE3919N3099",8738.725228
"7552","1kmE3919N3100",12406.4796005
"7553","1kmE3919N3101",11852.8565545
"7554","1kmE3919N3102",9641.72764
"7555","1kmE3919N3103",9836.8689385
"7556","1kmE3919N3104",11748.8104975
"7557","1kmE3919N3105",10853.096407
"7558","1kmE3919N3106",7966.641622
"7559","1kmE3919N3107",8284.3711055
"7560","1kmE3919N3108",6132.733107
"7561","1kmE3919N3109",7006.538023
"7562","1kmE3919N3110",8178.354003
"7563","1kmE3919N3111",5796.4034715
"7564","1kmE3919N3112",7333.6139895
"7565","1kmE3919N3113",6617.1358545
"7566","1kmE3919N3114",4498.563777
"7567","1kmE3919N3115",6497.684641
"7568","1kmE3919N3116",12239.2710855
"7569","1kmE3919N3117",14494.709333
"7570","1kmE3919N3118",13869.677106
"7571","1kmE3919N3119",12244.679064
"7572","1kmE3919N3120",14122.337643
"7573","1kmE3919N3121",14462.2246305
"7574","1kmE3919N3122",13746.504297
"7575","1kmE3919N3123",14306.229072
"7576","1kmE3919N3124",14179.45274
"7577","1kmE3919N3125",14268.130067
"7578","1kmE3919N3126",15401.6085655
"7579","1kmE3919N3127",17582.6532195
"7580","1kmE3919N3128",16948.00579
"7581","1kmE3919N3129",15306.900318
"7582","1kmE3919N3130",9770.61603
"7583","1kmE3919N3131",8332.175854
"7584","1kmE3919N3132",13069.8291995
"7585","1kmE3919N3133",5721.023514
"7586","1kmE3919N3134",4218.5467785
"7587","1kmE3919N3135",5440.4555855
"7588","1kmE3919N3136",9571.2957365
"7589","1kmE3919N3137",10308.6232865
"7590","1kmE3919N3138",4806.2134035
"7591","1kmE3919N3139",5957.3298185
"7592","1kmE3919N3140",12714.150489
"7593","1kmE3919N3141",14663.6223235
"7594","1kmE3919N3142",14632.2189835
"7595","1kmE3919N3143",13120.8753175
"7596","1kmE3919N3144",14703.4429345
"7597","1kmE3919N3145",15508.7719195
"7598","1kmE3919N3146",12850.0747015
"7599","1kmE3919N3147",13203.1932385
"7600","1kmE3919N3148",12744.3387235
"7601","1kmE3919N3149",12544.6942475
"7602","1kmE3919N3150",11046.086078
"7603","1kmE3919N3151",12812.1124125
"7604","1kmE3919N3152",12023.680521
"7605","1kmE3919N3153",8698.1855675
"7606","1kmE3919N3154",4162.7759035
"7607","1kmE3919N3155",3506.2271515
"7608","1kmE3919N3156",3494.7010115
"7609","1kmE3919N3157",2700.201629
"7610","1kmE3919N3158",577.2771105
"7611","1kmE3920N3079",205.0163885
"7612","1kmE3920N3080",205.0163895
"7613","1kmE3920N3081",5281.313667
"7614","1kmE3920N3082",13945.7855835
"7615","1kmE3920N3083",17632.4765125
"7616","1kmE3920N3084",14719.3873635
"7617","1kmE3920N3085",13876.9831425
"7618","1kmE3920N3086",13210.4855585
"7619","1kmE3920N3087",12432.426481
"7620","1kmE3920N3088",15197.125083
"7621","1kmE3920N3089",12129.625946
"7622","1kmE3920N3090",11336.689691
"7623","1kmE3920N3091",10156.5881465
"7624","1kmE3920N3092",8991.1470575
"7625","1kmE3920N3093",8616.533358
"7626","1kmE3920N3094",10534.0347615
"7627","1kmE3920N3095",10176.097634
"7628","1kmE3920N3096",10861.395755
"7629","1kmE3920N3097",8827.9268545
"7630","1kmE3920N3098",10247.4527225
"7631","1kmE3920N3099",12279.6406755
"7632","1kmE3920N3100",13650.8442495
"7633","1kmE3920N3101",14706.7657385
"7634","1kmE3920N3102",14080.0032785
"7635","1kmE3920N3103",12327.488629
"7636","1kmE3920N3104",11821.733144
"7637","1kmE3920N3105",9036.532622
"7638","1kmE3920N3106",9411.2672675
"7639","1kmE3920N3107",8773.864364
"7640","1kmE3920N3108",7084.7025515
"7641","1kmE3920N3109",7601.5135875
"7642","1kmE3920N3110",10130.755176
"7643","1kmE3920N3111",4293.570433
"7644","1kmE3920N3112",7192.5866275
"7645","1kmE3920N3113",7041.391495
"7646","1kmE3920N3114",6731.4111635
"7647","1kmE3920N3115",9705.6165785
"7648","1kmE3920N3116",13082.268546
"7649","1kmE3920N3117",14688.385825
"7650","1kmE3920N3118",13323.3992205
"7651","1kmE3920N3119",11186.5855435
"7652","1kmE3920N3120",15459.26178
"7653","1kmE3920N3121",16527.20752
"7654","1kmE3920N3122",12024.264451
"7655","1kmE3920N3123",14403.085301
"7656","1kmE3920N3124",16502.151642
"7657","1kmE3920N3125",16069.787866
"7658","1kmE3920N3126",13214.040188
"7659","1kmE3920N3127",13699.3050525
"7660","1kmE3920N3128",15252.0039535
"7661","1kmE3920N3129",14316.3158015
"7662","1kmE3920N3130",6950.2200155
"7663","1kmE3920N3131",6939.0236165
"7664","1kmE3920N3132",10645.0700855
"7665","1kmE3920N3133",3645.013345
"7666","1kmE3920N3134",3161.9094065
"7667","1kmE3920N3135",2924.9668545
"7668","1kmE3920N3136",4180.015771
"7669","1kmE3920N3137",6332.005248
"7670","1kmE3920N3138",5976.9498205
"7671","1kmE3920N3139",7165.7071795
"7672","1kmE3920N3140",11858.931844
"7673","1kmE3920N3141",15304.256522
"7674","1kmE3920N3142",15346.4492085
"7675","1kmE3920N3143",15027.7675295
"7676","1kmE3920N3144",14318.104357
"7677","1kmE3920N3145",14288.7277795
"7678","1kmE3920N3146",13656.3001765
"7679","1kmE3920N3147",12786.9695325
"7680","1kmE3920N3148",14397.735869
"7681","1kmE3920N3149",13855.88395
"7682","1kmE3920N3150",12640.763202
"7683","1kmE3920N3151",14503.492943
"7684","1kmE3920N3152",12020.316007
"7685","1kmE3920N3153",7572.2592295
"7686","1kmE3920N3154",5949.4704295
"7687","1kmE3920N3155",9029.878985
"7688","1kmE3920N3156",4953.4917585
"7689","1kmE3920N3157",3408.438173
"7690","1kmE3920N3158",1033.9883275
"7691","1kmE3921N3077",205.01639
"7692","1kmE3921N3079",382.506487
"7693","1kmE3921N3082",669.4068765
"7694","1kmE3921N3083",3946.311135
"7695","1kmE3921N3084",13917.721042
"7696","1kmE3921N3085",14912.986115
"7697","1kmE3921N3086",10760.494558
"7698","1kmE3921N3087",14955.501816
"7699","1kmE3921N3088",15180.6389725
"7700","1kmE3921N3089",12149.278891
"7701","1kmE3921N3090",12456.1019745
"7702","1kmE3921N3091",10027.3661385
"7703","1kmE3921N3092",9567.2771975
"7704","1kmE3921N3093",12095.152265
"7705","1kmE3921N3094",11326.131981
"7706","1kmE3921N3095",9972.675528
"7707","1kmE3921N3096",7753.017902
"7708","1kmE3921N3097",8871.6878995
"7709","1kmE3921N3098",9476.4793365
"7710","1kmE3921N3099",11071.193147
"7711","1kmE3921N3100",14268.82642
"7712","1kmE3921N3101",16648.3805135
"7713","1kmE3921N3102",14915.021596
"7714","1kmE3921N3103",15925.858107
"7715","1kmE3921N3104",15541.8231325
"7716","1kmE3921N3105",9904.862256
"7717","1kmE3921N3106",11880.3989785
"7718","1kmE3921N3107",9920.7996755
"7719","1kmE3921N3108",9231.6231505
"7720","1kmE3921N3109",12908.09413
"7721","1kmE3921N3110",15330.0548265
"7722","1kmE3921N3111",10328.2393775
"7723","1kmE3921N3112",10036.768244
"7724","1kmE3921N3113",10304.303579
"7725","1kmE3921N3114",7369.025613
"7726","1kmE3921N3115",7838.9166685
"7727","1kmE3921N3116",12580.133948
"7728","1kmE3921N3117",13801.4588865
"7729","1kmE3921N3118",10774.8910135
"7730","1kmE3921N3119",12089.601405
"7731","1kmE3921N3120",15989.0043585
"7732","1kmE3921N3121",15504.2794415
"7733","1kmE3921N3122",14165.1505815
"7734","1kmE3921N3123",13743.515863
"7735","1kmE3921N3124",16550.9377405
"7736","1kmE3921N3125",15051.1079265
"7737","1kmE3921N3126",12753.3641805
"7738","1kmE3921N3127",11052.593793
"7739","1kmE3921N3128",13900.335081
"7740","1kmE3921N3129",10420.3201165
"7741","1kmE3921N3130",6632.1861785
"7742","1kmE3921N3131",6498.347044
"7743","1kmE3921N3132",5551.7977555
"7744","1kmE3921N3133",4509.442891
"7745","1kmE3921N3134",1404.9857295
"7746","1kmE3921N3135",719.5659715
"7747","1kmE3921N3136",4036.8863525
"7748","1kmE3921N3137",5088.751808
"7749","1kmE3921N3138",6073.1838005
"7750","1kmE3921N3139",5790.20098
"7751","1kmE3921N3140",12128.0350705
"7752","1kmE3921N3141",13134.5955605
"7753","1kmE3921N3142",12944.939604
"7754","1kmE3921N3143",13465.0460405
"7755","1kmE3921N3144",10394.321489
"7756","1kmE3921N3145",11358.081575
"7757","1kmE3921N3146",11577.6044945
"7758","1kmE3921N3147",12023.0054085
"7759","1kmE3921N3148",12436.6105675
"7760","1kmE3921N3149",12930.1047085
"7761","1kmE3921N3150",11814.00999
"7762","1kmE3921N3151",12009.8652485
"7763","1kmE3921N3152",10931.8067245
"7764","1kmE3921N3153",7764.328491
"7765","1kmE3921N3154",6903.1772625
"7766","1kmE3921N3155",9034.7625865
"7767","1kmE3921N3156",7099.2033005
"7768","1kmE3921N3157",3116.6957355
"7769","1kmE3921N3158",1094.8613805
"7770","1kmE3922N3067",205.0163905
"7771","1kmE3922N3077",205.01639
"7772","1kmE3922N3081",707.893747
"7773","1kmE3922N3082",1328.159624
"7774","1kmE3922N3083",4873.254605
"7775","1kmE3922N3084",13650.990334
"7776","1kmE3922N3085",14311.56494
"7777","1kmE3922N3086",12208.75509
"7778","1kmE3922N3087",14371.236967
"7779","1kmE3922N3088",14668.4970855
"7780","1kmE3922N3089",12268.8798645
"7781","1kmE3922N3090",11255.035411
"7782","1kmE3922N3091",8418.3734245
"7783","1kmE3922N3092",9583.893221
"7784","1kmE3922N3093",11924.1566585
"7785","1kmE3922N3094",11243.2611965
"7786","1kmE3922N3095",9643.097813
"7787","1kmE3922N3096",9144.622544
"7788","1kmE3922N3097",7841.7581975
"7789","1kmE3922N3098",6826.521696
"7790","1kmE3922N3099",9672.0434005
"7791","1kmE3922N3100",13342.966544
"7792","1kmE3922N3101",12869.375322
"7793","1kmE3922N3102",12034.3120795
"7794","1kmE3922N3103",12528.1822705
"7795","1kmE3922N3104",14970.928026
"7796","1kmE3922N3105",17177.5022065
"7797","1kmE3922N3106",19075.576351
"7798","1kmE3922N3107",10182.7213495
"7799","1kmE3922N3108",8864.9161975
"7800","1kmE3922N3109",10390.108097
"7801","1kmE3922N3110",13712.26448
"7802","1kmE3922N3111",14258.305926
"7803","1kmE3922N3112",8135.047448
"7804","1kmE3922N3113",7172.4310595
"7805","1kmE3922N3114",3783.3967225
"7806","1kmE3922N3115",5144.8889805
"7807","1kmE3922N3116",8178.546263
"7808","1kmE3922N3117",13119.1382515
"7809","1kmE3922N3118",10496.851357
"7810","1kmE3922N3119",10483.737835
"7811","1kmE3922N3120",12846.518677
"7812","1kmE3922N3121",16282.04944
"7813","1kmE3922N3122",14587.13188
"7814","1kmE3922N3123",14457.33975
"7815","1kmE3922N3124",17815.1363515
"7816","1kmE3922N3125",16776.722096
"7817","1kmE3922N3126",19100.936055
"7818","1kmE3922N3127",18984.392136
"7819","1kmE3922N3128",17326.04293
"7820","1kmE3922N3129",12067.683226
"7821","1kmE3922N3130",11715.6096475
"7822","1kmE3922N3131",10348.2856415
"7823","1kmE3922N3132",6541.7293575
"7824","1kmE3922N3133",3709.2006595
"7825","1kmE3922N3134",4352.8187215
"7826","1kmE3922N3135",1858.35163
"7827","1kmE3922N3136",3260.2228515
"7828","1kmE3922N3137",5122.2742695
"7829","1kmE3922N3138",6038.949837
"7830","1kmE3922N3139",6714.7138595
"7831","1kmE3922N3140",12338.387266
"7832","1kmE3922N3141",12356.4146785
"7833","1kmE3922N3142",13051.5552315
"7834","1kmE3922N3143",12388.2768645
"7835","1kmE3922N3144",11313.7409975
"7836","1kmE3922N3145",9390.2988705
"7837","1kmE3922N3146",7323.155673
"7838","1kmE3922N3147",7461.174747
"7839","1kmE3922N3148",10840.563114
"7840","1kmE3922N3149",11199.210528
"7841","1kmE3922N3150",9182.7410085
"7842","1kmE3922N3151",10208.752856
"7843","1kmE3922N3152",11125.005304
"7844","1kmE3922N3153",10374.172852
"7845","1kmE3922N3154",5230.865223
"7846","1kmE3922N3155",6153.275335
"7847","1kmE3922N3156",5950.1857935
"7848","1kmE3922N3157",4821.7860575
"7849","1kmE3922N3158",205.0163895
"7850","1kmE3923N3078",382.5064845
"7851","1kmE3923N3081",911.8382035
"7852","1kmE3923N3082",2343.8262935
"7853","1kmE3923N3083",4256.28013
"7854","1kmE3923N3084",13651.484328
"7855","1kmE3923N3085",13005.016261
"7856","1kmE3923N3086",10103.698159
"7857","1kmE3923N3087",8584.8071835
"7858","1kmE3923N3088",10609.8667065
"7859","1kmE3923N3089",10429.257131
"7860","1kmE3923N3090",13590.3501445
"7861","1kmE3923N3091",11617.646329
"7862","1kmE3923N3092",10656.0693845
"7863","1kmE3923N3093",9623.5895765
"7864","1kmE3923N3094",10915.752303
"7865","1kmE3923N3095",10850.6801195
"7866","1kmE3923N3096",11159.424998
"7867","1kmE3923N3097",10888.936192
"7868","1kmE3923N3098",9026.0291815
"7869","1kmE3923N3099",12166.235681
"7870","1kmE3923N3100",14767.8255505
"7871","1kmE3923N3101",13110.408941
"7872","1kmE3923N3102",13399.71078
"7873","1kmE3923N3103",13212.18642
"7874","1kmE3923N3104",14658.1550625
"7875","1kmE3923N3105",16113.728665
"7876","1kmE3923N3106",14788.132024
"7877","1kmE3923N3107",9578.2980625
"7878","1kmE3923N3108",8182.275801
"7879","1kmE3923N3109",11766.1419135
"7880","1kmE3923N3110",13426.927248
"7881","1kmE3923N3111",11295.1232725
"7882","1kmE3923N3112",7114.1337895
"7883","1kmE3923N3113",4603.6463095
"7884","1kmE3923N3114",2420.3785915
"7885","1kmE3923N3115",4500.541405
"7886","1kmE3923N3116",8527.210874
"7887","1kmE3923N3117",10995.8008955
"7888","1kmE3923N3118",9191.013104
"7889","1kmE3923N3119",8468.6592285
"7890","1kmE3923N3120",11481.3305415
"7891","1kmE3923N3121",11455.8258215
"7892","1kmE3923N3122",13557.56232
"7893","1kmE3923N3123",12365.1421045
"7894","1kmE3923N3124",14035.6589095
"7895","1kmE3923N3125",15351.473363
"7896","1kmE3923N3126",18125.9457475
"7897","1kmE3923N3127",17303.9065775
"7898","1kmE3923N3128",15946.3332115
"7899","1kmE3923N3129",14598.870934
"7900","1kmE3923N3130",13905.652711
"7901","1kmE3923N3131",12991.8429575
"7902","1kmE3923N3132",13369.262826
"7903","1kmE3923N3133",14571.117522
"7904","1kmE3923N3134",14938.153953
"7905","1kmE3923N3135",12291.416808
"7906","1kmE3923N3136",8393.1902235
"7907","1kmE3923N3137",9986.474652
"7908","1kmE3923N3138",11700.280693
"7909","1kmE3923N3139",12350.749163
"7910","1kmE3923N3140",14581.0535995
"7911","1kmE3923N3141",14326.121136
"7912","1kmE3923N3142",14105.0524415
"7913","1kmE3923N3143",8990.074191
"7914","1kmE3923N3144",11605.07384
"7915","1kmE3923N3145",10145.746971
"7916","1kmE3923N3146",11492.902101
"7917","1kmE3923N3147",9875.5900085
"7918","1kmE3923N3148",10872.267841
"7919","1kmE3923N3149",12262.820572
"7920","1kmE3923N3150",10232.733673
"7921","1kmE3923N3151",10023.4792955
"7922","1kmE3923N3152",11752.2558125
"7923","1kmE3923N3153",10403.6907955
"7924","1kmE3923N3154",6602.8399
"7925","1kmE3923N3155",6574.863942
"7926","1kmE3923N3156",5723.0314145
"7927","1kmE3923N3157",3501.297328
"7928","1kmE3923N3158",755.242030499999
"7929","1kmE3924N3080",205.016391
"7930","1kmE3924N3083",7371.7161325
"7931","1kmE3924N3084",10881.9098975
"7932","1kmE3924N3085",11896.167709
"7933","1kmE3924N3086",11284.302396
"7934","1kmE3924N3087",8542.6505825
"7935","1kmE3924N3088",9516.0889635
"7936","1kmE3924N3089",8919.2771415
"7937","1kmE3924N3090",13003.894761
"7938","1kmE3924N3091",11950.936263
"7939","1kmE3924N3092",11515.6591525
"7940","1kmE3924N3093",11204.768258
"7941","1kmE3924N3094",9851.4885675
"7942","1kmE3924N3095",10538.6492175
"7943","1kmE3924N3096",10071.6469055
"7944","1kmE3924N3097",10494.818524
"7945","1kmE3924N3098",11898.1540305
"7946","1kmE3924N3099",11945.978528
"7947","1kmE3924N3100",13189.905725
"7948","1kmE3924N3101",12858.002771
"7949","1kmE3924N3102",13897.9720755
"7950","1kmE3924N3103",13392.3882805
"7951","1kmE3924N3104",14039.323984
"7952","1kmE3924N3105",9093.052625
"7953","1kmE3924N3106",10692.0517675
"7954","1kmE3924N3107",8881.5815095
"7955","1kmE3924N3108",7960.194465
"7956","1kmE3924N3109",9395.1417955
"7957","1kmE3924N3110",10715.2864245
"7958","1kmE3924N3111",9304.7423715
"7959","1kmE3924N3112",8070.4699115
"7960","1kmE3924N3113",2425.7517835
"7961","1kmE3924N3114",2628.874542
"7962","1kmE3924N3115",5021.51672
"7963","1kmE3924N3116",7480.6842905
"7964","1kmE3924N3117",6630.15136
"7965","1kmE3924N3118",6095.913859
"7966","1kmE3924N3119",9036.445758
"7967","1kmE3924N3120",12918.350197
"7968","1kmE3924N3121",10399.664428
"7969","1kmE3924N3122",12493.762904
"7970","1kmE3924N3123",12615.281157
"7971","1kmE3924N3124",13402.267275
"7972","1kmE3924N3125",12975.3986165
"7973","1kmE3924N3126",10095.44839
"7974","1kmE3924N3127",11334.175944
"7975","1kmE3924N3128",15547.8640885
"7976","1kmE3924N3129",13505.411785
"7977","1kmE3924N3130",13350.676248
"7978","1kmE3924N3131",12563.304992
"7979","1kmE3924N3132",16136.989745
"7980","1kmE3924N3133",15617.49305
"7981","1kmE3924N3134",15752.072179
"7982","1kmE3924N3135",13926.1823665
"7983","1kmE3924N3136",16750.688069
"7984","1kmE3924N3137",11753.0521495
"7985","1kmE3924N3138",10970.14788
"7986","1kmE3924N3139",12307.930802
"7987","1kmE3924N3140",12799.41592
"7988","1kmE3924N3141",13298.42648
"7989","1kmE3924N3142",12484.8488435
"7990","1kmE3924N3143",11750.382383
"7991","1kmE3924N3144",13442.8080915
"7992","1kmE3924N3145",14559.5073235
"7993","1kmE3924N3146",14788.073787
"7994","1kmE3924N3147",13854.050356
"7995","1kmE3924N3148",13804.999041
"7996","1kmE3924N3149",10745.6204885
"7997","1kmE3924N3150",11915.341522
"7998","1kmE3924N3151",12598.536986
"7999","1kmE3924N3152",11922.2593985
"8000","1kmE3924N3153",11157.266489
"8001","1kmE3924N3154",8861.5893935
"8002","1kmE3924N3155",7380.5292225
"8003","1kmE3924N3156",5938.125767
"8004","1kmE3924N3157",2532.232727
"8005","1kmE3924N3158",403.896446
"8006","1kmE3925N3071",205.01639
"8007","1kmE3925N3080",205.01639
"8008","1kmE3925N3082",403.896448
"8009","1kmE3925N3083",1159.609018
"8010","1kmE3925N3084",5158.5184675
"8011","1kmE3925N3085",10069.423904
"8012","1kmE3925N3086",10629.7310305
"8013","1kmE3925N3087",8300.3624335
"8014","1kmE3925N3088",9370.102752
"8015","1kmE3925N3089",8225.793374
"8016","1kmE3925N3090",8794.029561
"8017","1kmE3925N3091",10803.062545
"8018","1kmE3925N3092",14043.5072875
"8019","1kmE3925N3093",11944.3709075
"8020","1kmE3925N3094",8984.6054785
"8021","1kmE3925N3095",11147.6141585
"8022","1kmE3925N3096",11098.5101685
"8023","1kmE3925N3097",8791.1731885
"8024","1kmE3925N3098",8909.236526
"8025","1kmE3925N3099",8251.9758425
"8026","1kmE3925N3100",12158.1406475
"8027","1kmE3925N3101",15324.1796605
"8028","1kmE3925N3102",15179.0324465
"8029","1kmE3925N3103",13767.2219975
"8030","1kmE3925N3104",12328.8862505
"8031","1kmE3925N3105",13363.5317705
"8032","1kmE3925N3106",15079.1142585
"8033","1kmE3925N3107",12064.882793
"8034","1kmE3925N3108",9162.4390095
"8035","1kmE3925N3109",8928.7912435
"8036","1kmE3925N3110",8772.0312805
"8037","1kmE3925N3111",10372.1990815
"8038","1kmE3925N3112",9318.9752135
"8039","1kmE3925N3113",9103.8486525
"8040","1kmE3925N3114",11016.3646285
"8041","1kmE3925N3115",6898.2972345
"8042","1kmE3925N3116",3856.1658205
"8043","1kmE3925N3117",5509.7551865
"8044","1kmE3925N3118",8492.6801745
"8045","1kmE3925N3119",9088.6520455
"8046","1kmE3925N3120",11018.1067165
"8047","1kmE3925N3121",9736.8481775
"8048","1kmE3925N3122",11141.2369725
"8049","1kmE3925N3123",11399.6141615
"8050","1kmE3925N3124",15203.6710485
"8051","1kmE3925N3125",15649.535042
"8052","1kmE3925N3126",12702.1727815
"8053","1kmE3925N3127",10132.8041205
"8054","1kmE3925N3128",14251.263902
"8055","1kmE3925N3129",12945.366667
"8056","1kmE3925N3130",11958.7539335
"8057","1kmE3925N3131",13641.4951145
"8058","1kmE3925N3132",17854.702686
"8059","1kmE3925N3133",14487.714277
"8060","1kmE3925N3134",14726.0973145
"8061","1kmE3925N3135",15692.922529
"8062","1kmE3925N3136",17596.9597395
"8063","1kmE3925N3137",12781.012893
"8064","1kmE3925N3138",11422.196858
"8065","1kmE3925N3139",11167.4848165
"8066","1kmE3925N3140",11840.995509
"8067","1kmE3925N3141",9766.7736845
"8068","1kmE3925N3142",7290.270262
"8069","1kmE3925N3143",10390.6754295
"8070","1kmE3925N3144",14892.01499
"8071","1kmE3925N3145",14577.3686435
"8072","1kmE3925N3146",14722.5620345
"8073","1kmE3925N3147",14143.9576305
"8074","1kmE3925N3148",15615.984523
"8075","1kmE3925N3149",12272.6825615
"8076","1kmE3925N3150",14097.720853
"8077","1kmE3925N3151",13219.800394
"8078","1kmE3925N3152",9513.7172605
"8079","1kmE3925N3153",8283.937558
"8080","1kmE3925N3154",8696.4448985
"8081","1kmE3925N3155",7061.295817
"8082","1kmE3925N3156",5685.591684
"8083","1kmE3925N3157",4122.075678
"8084","1kmE3925N3158",205.01639
"8085","1kmE3926N3082",205.0163905
"8086","1kmE3926N3083",1841.293308
"8087","1kmE3926N3084",3030.1963295
"8088","1kmE3926N3085",6007.0186345
"8089","1kmE3926N3086",5859.7188555
"8090","1kmE3926N3087",7006.867912
"8091","1kmE3926N3088",8082.767044
"8092","1kmE3926N3089",7970.882394
"8093","1kmE3926N3090",9666.27491
"8094","1kmE3926N3091",12964.765023
"8095","1kmE3926N3092",13025.1455085
"8096","1kmE3926N3093",14496.6993095
"8097","1kmE3926N3094",9864.9413575
"8098","1kmE3926N3095",9294.799141
"8099","1kmE3926N3096",10487.5584945
"8100","1kmE3926N3097",8057.974847
"8101","1kmE3926N3098",9684.214414
"8102","1kmE3926N3099",10195.3299005
"8103","1kmE3926N3100",13441.2323225
"8104","1kmE3926N3101",11096.5101925
"8105","1kmE3926N3102",12525.432436
"8106","1kmE3926N3103",13547.0732105
"8107","1kmE3926N3104",15774.814461
"8108","1kmE3926N3105",12629.6903655
"8109","1kmE3926N3106",13208.12743
"8110","1kmE3926N3107",12519.285004
"8111","1kmE3926N3108",11145.690882
"8112","1kmE3926N3109",7664.7055085
"8113","1kmE3926N3110",9238.9761455
"8114","1kmE3926N3111",12381.6449825
"8115","1kmE3926N3112",15370.538071
"8116","1kmE3926N3113",14184.562954
"8117","1kmE3926N3114",13529.8202335
"8118","1kmE3926N3115",12960.019007
"8119","1kmE3926N3116",8601.159383
"8120","1kmE3926N3117",5661.1959745
"8121","1kmE3926N3118",5746.06766
"8122","1kmE3926N3119",5439.9580345
"8123","1kmE3926N3120",14538.9215015
"8124","1kmE3926N3121",15236.183642
"8125","1kmE3926N3122",16770.229541
"8126","1kmE3926N3123",14936.035027
"8127","1kmE3926N3124",13653.626496
"8128","1kmE3926N3125",12641.708213
"8129","1kmE3926N3126",12500.477548
"8130","1kmE3926N3127",10344.6432605
"8131","1kmE3926N3128",15303.0871335
"8132","1kmE3926N3129",15624.682429
"8133","1kmE3926N3130",16754.393731
"8134","1kmE3926N3131",14968.8889745
"8135","1kmE3926N3132",19142.2344915
"8136","1kmE3926N3133",15546.6205185
"8137","1kmE3926N3134",15773.7354675
"8138","1kmE3926N3135",17042.4107375
"8139","1kmE3926N3136",17885.6716125
"8140","1kmE3926N3137",13581.858117
"8141","1kmE3926N3138",12920.4410125
"8142","1kmE3926N3139",14807.8773665
"8143","1kmE3926N3140",12666.091164
"8144","1kmE3926N3141",8003.006328
"8145","1kmE3926N3142",2386.5732545
"8146","1kmE3926N3143",10301.0712365
"8147","1kmE3926N3144",14560.2134645
"8148","1kmE3926N3145",13947.665948
"8149","1kmE3926N3146",14624.2129595
"8150","1kmE3926N3147",14608.6666375
"8151","1kmE3926N3148",16230.544406
"8152","1kmE3926N3149",14033.2855
"8153","1kmE3926N3150",8321.506756
"8154","1kmE3926N3151",9832.0614405
"8155","1kmE3926N3152",9302.6414355
"8156","1kmE3926N3153",8276.4610035
"8157","1kmE3926N3154",8942.01147
"8158","1kmE3926N3155",7425.0775805
"8159","1kmE3926N3156",5504.9399725
"8160","1kmE3926N3157",3402.843714
"8161","1kmE3927N3079",205.0163915
"8162","1kmE3927N3082",205.0163895
"8163","1kmE3927N3083",704.1805265
"8164","1kmE3927N3084",7583.964954
"8165","1kmE3927N3085",10593.3046515
"8166","1kmE3927N3086",10340.638979
"8167","1kmE3927N3087",11685.772242
"8168","1kmE3927N3088",8981.8746035
"8169","1kmE3927N3089",8761.125201
"8170","1kmE3927N3090",15360.7034485
"8171","1kmE3927N3091",14306.5866535
"8172","1kmE3927N3092",12403.9107305
"8173","1kmE3927N3093",10558.653346
"8174","1kmE3927N3094",9480.4949325
"8175","1kmE3927N3095",9259.408137
"8176","1kmE3927N3096",9809.130631
"8177","1kmE3927N3097",6301.7073945
"8178","1kmE3927N3098",7530.599223
"8179","1kmE3927N3099",11800.278601
"8180","1kmE3927N3100",12274.878037
"8181","1kmE3927N3101",10239.945506
"8182","1kmE3927N3102",11674.3564105
"8183","1kmE3927N3103",14005.825875
"8184","1kmE3927N3104",15234.054431
"8185","1kmE3927N3105",11398.3869045
"8186","1kmE3927N3106",11075.4294585
"8187","1kmE3927N3107",11147.723167
"8188","1kmE3927N3108",11442.116393
"8189","1kmE3927N3109",7561.561481
"8190","1kmE3927N3110",7230.3831905
"8191","1kmE3927N3111",12300.503123
"8192","1kmE3927N3112",16726.166263
"8193","1kmE3927N3113",15753.842812
"8194","1kmE3927N3114",12634.442023
"8195","1kmE3927N3115",12152.521937
"8196","1kmE3927N3116",12647.9171395
"8197","1kmE3927N3117",7330.2088125
"8198","1kmE3927N3118",4977.579967
"8199","1kmE3927N3119",10989.7747695
"8200","1kmE3927N3120",16024.62378
"8201","1kmE3927N3121",16600.2611005
"8202","1kmE3927N3122",15774.3175425
"8203","1kmE3927N3123",13510.0683865
"8204","1kmE3927N3124",12986.1554835
"8205","1kmE3927N3125",10656.8698725
"8206","1kmE3927N3126",9864.7915855
"8207","1kmE3927N3127",10346.7440855
"8208","1kmE3927N3128",17379.3715215
"8209","1kmE3927N3129",18334.5846845
"8210","1kmE3927N3130",18678.2423985
"8211","1kmE3927N3131",18916.259732
"8212","1kmE3927N3132",19424.292554
"8213","1kmE3927N3133",19823.6543795
"8214","1kmE3927N3134",19259.532518
"8215","1kmE3927N3135",18430.8657775
"8216","1kmE3927N3136",18527.4056875
"8217","1kmE3927N3137",16235.905179
"8218","1kmE3927N3138",16737.6615125
"8219","1kmE3927N3139",17075.1637295
"8220","1kmE3927N3140",12068.6764855
"8221","1kmE3927N3141",6753.2272815
"8222","1kmE3927N3142",6389.228927
"8223","1kmE3927N3143",11053.5748415
"8224","1kmE3927N3144",13927.475909
"8225","1kmE3927N3145",13945.373886
"8226","1kmE3927N3146",15886.4878285
"8227","1kmE3927N3147",16643.151482
"8228","1kmE3927N3148",16348.262986
"8229","1kmE3927N3149",13279.8226635
"8230","1kmE3927N3150",9057.5424205
"8231","1kmE3927N3151",8974.464581
"8232","1kmE3927N3152",10341.031932
"8233","1kmE3927N3153",9164.044518
"8234","1kmE3927N3154",7724.1948235
"8235","1kmE3927N3155",6076.655894
"8236","1kmE3927N3156",5644.0380855
"8237","1kmE3927N3157",3476.5413825
"8238","1kmE3927N3161",382.5064855
"8239","1kmE3927N3162",1664.652619
"8240","1kmE3927N3163",1647.667056
"8241","1kmE3927N3164",1432.08025
"8242","1kmE3927N3165",1254.8547735
"8243","1kmE3927N3166",205.016391
"8244","1kmE3928N3075",205.016389
"8245","1kmE3928N3082",205.01639
"8246","1kmE3928N3083",4525.799579
"8247","1kmE3928N3084",10804.6709855
"8248","1kmE3928N3085",11362.5656505
"8249","1kmE3928N3086",13433.5293225
"8250","1kmE3928N3087",17508.520934
"8251","1kmE3928N3088",13034.8934035
"8252","1kmE3928N3089",8000.2614555
"8253","1kmE3928N3090",10879.2127795
"8254","1kmE3928N3091",12348.812974
"8255","1kmE3928N3092",13298.1173905
"8256","1kmE3928N3093",13227.073069
"8257","1kmE3928N3094",13308.1553155
"8258","1kmE3928N3095",12670.2072225
"8259","1kmE3928N3096",9643.4592045
"8260","1kmE3928N3097",10100.3761565
"8261","1kmE3928N3098",8485.2848015
"8262","1kmE3928N3099",11566.568289
"8263","1kmE3928N3100",11464.3113495
"8264","1kmE3928N3101",11268.617049
"8265","1kmE3928N3102",10831.4148365
"8266","1kmE3928N3103",12452.4387815
"8267","1kmE3928N3104",14111.204918
"8268","1kmE3928N3105",11982.0184015
"8269","1kmE3928N3106",10960.926038
"8270","1kmE3928N3107",11683.618513
"8271","1kmE3928N3108",11292.338823
"8272","1kmE3928N3109",7238.8832195
"8273","1kmE3928N3110",7503.516859
"8274","1kmE3928N3111",12643.2560965
"8275","1kmE3928N3112",17023.562631
"8276","1kmE3928N3113",15166.461362
"8277","1kmE3928N3114",13000.4325945
"8278","1kmE3928N3115",12070.6112165
"8279","1kmE3928N3116",12751.563885
"8280","1kmE3928N3117",5319.71773
"8281","1kmE3928N3118",5338.935782
"8282","1kmE3928N3119",12574.806858
"8283","1kmE3928N3120",14952.439606
"8284","1kmE3928N3121",14379.3324485
"8285","1kmE3928N3122",13349.440393
"8286","1kmE3928N3123",12059.9881875
"8287","1kmE3928N3124",13981.880614
"8288","1kmE3928N3125",9233.0006635
"8289","1kmE3928N3126",6945.4374035
"8290","1kmE3928N3127",14070.9321665
"8291","1kmE3928N3128",17154.184802
"8292","1kmE3928N3129",17510.2377595
"8293","1kmE3928N3130",17279.358012
"8294","1kmE3928N3131",18896.862316
"8295","1kmE3928N3132",20006.488938
"8296","1kmE3928N3133",17249.6817795
"8297","1kmE3928N3134",18406.095057
"8298","1kmE3928N3135",18273.3432385
"8299","1kmE3928N3136",17443.68974
"8300","1kmE3928N3137",13001.4606215
"8301","1kmE3928N3138",14712.311752
"8302","1kmE3928N3139",14343.37888
"8303","1kmE3928N3140",14996.1534495
"8304","1kmE3928N3141",10365.85209
"8305","1kmE3928N3142",9907.9344245
"8306","1kmE3928N3143",12776.788714
"8307","1kmE3928N3144",15364.0269505
"8308","1kmE3928N3145",16158.9945855
"8309","1kmE3928N3146",17701.3164475
"8310","1kmE3928N3147",17239.548491
"8311","1kmE3928N3148",15807.8466545
"8312","1kmE3928N3149",9735.175861
"8313","1kmE3928N3150",9249.833549
"8314","1kmE3928N3151",13051.365995
"8315","1kmE3928N3152",9938.4325085
"8316","1kmE3928N3153",6709.680712
"8317","1kmE3928N3154",5653.568011
"8318","1kmE3928N3155",4235.382219
"8319","1kmE3928N3156",3923.56278
"8320","1kmE3928N3157",2750.176925
"8321","1kmE3928N3159",205.01639
"8322","1kmE3928N3160",1082.4080665
"8323","1kmE3928N3161",1886.6592425
"8324","1kmE3928N3162",1548.903691
"8325","1kmE3928N3163",2639.547954
"8326","1kmE3928N3164",2246.0558725
"8327","1kmE3928N3165",1638.026004
"8328","1kmE3928N3166",1810.256458
"8329","1kmE3928N3167",267.276679
"8330","1kmE3929N3081",205.01639
"8331","1kmE3929N3083",7789.1072175
"8332","1kmE3929N3084",8811.3961195
"8333","1kmE3929N3085",8392.5090795
"8334","1kmE3929N3086",11432.614739
"8335","1kmE3929N3087",17940.9955675
"8336","1kmE3929N3088",14593.9999255
"8337","1kmE3929N3089",7800.1551365
"8338","1kmE3929N3090",6440.072165
"8339","1kmE3929N3091",11286.2504845
"8340","1kmE3929N3092",19879.8195395
"8341","1kmE3929N3093",13188.097598
"8342","1kmE3929N3094",14040.359852
"8343","1kmE3929N3095",14335.713661
"8344","1kmE3929N3096",14238.0675255
"8345","1kmE3929N3097",10155.535856
"8346","1kmE3929N3098",8477.720924
"8347","1kmE3929N3099",8581.936954
"8348","1kmE3929N3100",9338.046816
"8349","1kmE3929N3101",13668.1619395
"8350","1kmE3929N3102",13962.7780065
"8351","1kmE3929N3103",11595.577499
"8352","1kmE3929N3104",12395.821962
"8353","1kmE3929N3105",13272.8545975
"8354","1kmE3929N3106",12168.142293
"8355","1kmE3929N3107",13191.2261755
"8356","1kmE3929N3108",11420.6393885
"8357","1kmE3929N3109",9480.1777415
"8358","1kmE3929N3110",9230.256119
"8359","1kmE3929N3111",11584.115435
"8360","1kmE3929N3112",15787.376588
"8361","1kmE3929N3113",14823.806495
"8362","1kmE3929N3114",13738.5116135
"8363","1kmE3929N3115",12930.0628705
"8364","1kmE3929N3116",11846.426609
"8365","1kmE3929N3117",7326.023395
"8366","1kmE3929N3118",7360.4946895
"8367","1kmE3929N3119",11184.956484
"8368","1kmE3929N3120",14928.203982
"8369","1kmE3929N3121",12536.4119835
"8370","1kmE3929N3122",12277.657463
"8371","1kmE3929N3123",11091.5917755
"8372","1kmE3929N3124",13046.2349585
"8373","1kmE3929N3125",8714.7389295
"8374","1kmE3929N3126",7408.672813
"8375","1kmE3929N3127",14923.686203
"8376","1kmE3929N3128",16572.763166
"8377","1kmE3929N3129",16789.4712715
"8378","1kmE3929N3130",16502.4796655
"8379","1kmE3929N3131",19818.3203665
"8380","1kmE3929N3132",20080.817002
"8381","1kmE3929N3133",15751.7054665
"8382","1kmE3929N3134",15729.877769
"8383","1kmE3929N3135",19212.0431895
"8384","1kmE3929N3136",19894.3438605
"8385","1kmE3929N3137",10482.373911
"8386","1kmE3929N3138",13568.9900955
"8387","1kmE3929N3139",16901.491679
"8388","1kmE3929N3140",15620.3926715
"8389","1kmE3929N3141",9734.2411
"8390","1kmE3929N3142",8824.9359615
"8391","1kmE3929N3143",12922.3285675
"8392","1kmE3929N3144",15253.156525
"8393","1kmE3929N3145",16120.7024115
"8394","1kmE3929N3146",16568.1868085
"8395","1kmE3929N3147",16838.2594175
"8396","1kmE3929N3148",14820.216441
"8397","1kmE3929N3149",7945.6503205
"8398","1kmE3929N3150",8018.3049015
"8399","1kmE3929N3151",9658.2128015
"8400","1kmE3929N3152",7461.493959
"8401","1kmE3929N3153",5589.4379095
"8402","1kmE3929N3154",4973.157376
"8403","1kmE3929N3155",3964.139399
"8404","1kmE3929N3156",3775.3056605
"8405","1kmE3929N3157",1789.7894275
"8406","1kmE3929N3159",1370.135441
"8407","1kmE3929N3160",1984.6810365
"8408","1kmE3929N3161",2961.5322135
"8409","1kmE3929N3162",2609.4081425
"8410","1kmE3929N3163",1985.955054
"8411","1kmE3929N3164",2311.100151
"8412","1kmE3929N3165",1922.47996
"8413","1kmE3929N3166",1941.2363705
"8414","1kmE3929N3167",1436.019225
"8415","1kmE3930N3077",205.01639
"8416","1kmE3930N3083",7728.494478
"8417","1kmE3930N3084",7970.8161715
"8418","1kmE3930N3085",8081.338674
"8419","1kmE3930N3086",11932.1613985
"8420","1kmE3930N3087",15088.8761115
"8421","1kmE3930N3088",13088.2448265
"8422","1kmE3930N3089",5768.802056
"8423","1kmE3930N3090",6480.3758145
"8424","1kmE3930N3091",13015.424857
"8425","1kmE3930N3092",16074.6822885
"8426","1kmE3930N3093",11726.671013
"8427","1kmE3930N3094",10544.437743
"8428","1kmE3930N3095",13864.0489115
"8429","1kmE3930N3096",14609.137477
"8430","1kmE3930N3097",11442.927907
"8431","1kmE3930N3098",7775.908154
"8432","1kmE3930N3099",8734.3190055
"8433","1kmE3930N3100",8757.8112555
"8434","1kmE3930N3101",8973.9666535
"8435","1kmE3930N3102",9204.597935
"8436","1kmE3930N3103",9140.312594
"8437","1kmE3930N3104",11958.6980415
"8438","1kmE3930N3105",10482.0693325
"8439","1kmE3930N3106",14178.2172495
"8440","1kmE3930N3107",13991.9291425
"8441","1kmE3930N3108",13013.521068
"8442","1kmE3930N3109",8560.4753415
"8443","1kmE3930N3110",10091.044856
"8444","1kmE3930N3111",11022.043178
"8445","1kmE3930N3112",12424.1443515
"8446","1kmE3930N3113",13543.567868
"8447","1kmE3930N3114",14461.719136
"8448","1kmE3930N3115",14385.797957
"8449","1kmE3930N3116",10735.1539645
"8450","1kmE3930N3117",10793.9828435
"8451","1kmE3930N3118",10463.22491
"8452","1kmE3930N3119",11170.1972445
"8453","1kmE3930N3120",16195.319613
"8454","1kmE3930N3121",15555.987367
"8455","1kmE3930N3122",15398.6306445
"8456","1kmE3930N3123",12033.7274155
"8457","1kmE3930N3124",10342.5241075
"8458","1kmE3930N3125",8294.8711055
"8459","1kmE3930N3126",7322.543404
"8460","1kmE3930N3127",13562.1517295
"8461","1kmE3930N3128",16537.018408
"8462","1kmE3930N3129",18548.7026645
"8463","1kmE3930N3130",18061.873104
"8464","1kmE3930N3131",19158.725375
"8465","1kmE3930N3132",19563.2132745
"8466","1kmE3930N3133",17342.847856
"8467","1kmE3930N3134",16937.3694985
"8468","1kmE3930N3135",17109.2515565
"8469","1kmE3930N3136",18178.5315735
"8470","1kmE3930N3137",13493.9293715
"8471","1kmE3930N3138",14583.8890715
"8472","1kmE3930N3139",14766.560963
"8473","1kmE3930N3140",16530.0830965
"8474","1kmE3930N3141",11181.575021
"8475","1kmE3930N3142",10964.115558
"8476","1kmE3930N3143",13130.794392
"8477","1kmE3930N3144",15733.705814
"8478","1kmE3930N3145",15512.5525875
"8479","1kmE3930N3146",15241.428362
"8480","1kmE3930N3147",12696.9564995
"8481","1kmE3930N3148",15003.38164
"8482","1kmE3930N3149",7867.334164
"8483","1kmE3930N3150",7304.4491665
"8484","1kmE3930N3151",10121.9113895
"8485","1kmE3930N3152",10876.7127785
"8486","1kmE3930N3153",7692.5886625
"8487","1kmE3930N3154",3637.087485
"8488","1kmE3930N3155",3402.4290545
"8489","1kmE3930N3156",3329.29711
"8490","1kmE3930N3157",1408.137164
"8491","1kmE3930N3158",403.8964475
"8492","1kmE3930N3159",2445.0731115
"8493","1kmE3930N3160",2331.474593
"8494","1kmE3930N3161",2675.9571355
"8495","1kmE3930N3162",3406.2509085
"8496","1kmE3930N3163",4084.2487245
"8497","1kmE3930N3164",2723.731532
"8498","1kmE3930N3165",2383.4601425
"8499","1kmE3930N3166",1300.940896
"8500","1kmE3930N3167",2336.709036
"8501","1kmE3930N3168",1021.2115995
"8502","1kmE3931N3078",205.0163905
"8503","1kmE3931N3083",6197.618631
"8504","1kmE3931N3084",7914.440487
"8505","1kmE3931N3085",9131.744148
"8506","1kmE3931N3086",10138.299219
"8507","1kmE3931N3087",12445.786952
"8508","1kmE3931N3088",9670.6393555
"8509","1kmE3931N3089",8290.725874
"8510","1kmE3931N3090",8822.573731
"8511","1kmE3931N3091",11125.6650125
"8512","1kmE3931N3092",11327.3530255
"8513","1kmE3931N3093",10978.051585
"8514","1kmE3931N3094",10683.085423
"8515","1kmE3931N3095",12524.4375525
"8516","1kmE3931N3096",14491.7813255
"8517","1kmE3931N3097",8913.877822
"8518","1kmE3931N3098",9608.364945
"8519","1kmE3931N3099",9747.120629
"8520","1kmE3931N3100",8781.144865
"8521","1kmE3931N3101",9262.9991075
"8522","1kmE3931N3102",3635.5467755
"8523","1kmE3931N3103",10854.7114205
"8524","1kmE3931N3104",13223.69664
"8525","1kmE3931N3105",10646.852634
"8526","1kmE3931N3106",13145.8987815
"8527","1kmE3931N3107",11771.5578185
"8528","1kmE3931N3108",12216.56804
"8529","1kmE3931N3109",9739.032182
"8530","1kmE3931N3110",9411.55606
"8531","1kmE3931N3111",11358.079293
"8532","1kmE3931N3112",9778.7500245
"8533","1kmE3931N3113",8428.306589
"8534","1kmE3931N3114",9866.991409
"8535","1kmE3931N3115",12697.579323
"8536","1kmE3931N3116",12814.235143
"8537","1kmE3931N3117",11113.69684
"8538","1kmE3931N3118",11923.1522685
"8539","1kmE3931N3119",12214.0049945
"8540","1kmE3931N3120",13635.6053155
"8541","1kmE3931N3121",12979.993802
"8542","1kmE3931N3122",12934.0062375
"8543","1kmE3931N3123",10962.49077
"8544","1kmE3931N3124",9820.2979515
"8545","1kmE3931N3125",10377.283917
"8546","1kmE3931N3126",7565.814194
"8547","1kmE3931N3127",11603.7078045
"8548","1kmE3931N3128",18131.7266495
"8549","1kmE3931N3129",19136.5791745
"8550","1kmE3931N3130",19481.658605
"8551","1kmE3931N3131",20283.9905765
"8552","1kmE3931N3132",20132.0352005
"8553","1kmE3931N3133",20682.984758
"8554","1kmE3931N3134",20915.190811
"8555","1kmE3931N3135",19709.1939385
"8556","1kmE3931N3136",16221.052171
"8557","1kmE3931N3137",16139.82366
"8558","1kmE3931N3138",14345.7724565
"8559","1kmE3931N3139",14457.518461
"8560","1kmE3931N3140",14181.841898
"8561","1kmE3931N3141",11020.137894
"8562","1kmE3931N3142",11513.5564235
"8563","1kmE3931N3143",13354.3791025
"8564","1kmE3931N3144",15889.856082
"8565","1kmE3931N3145",15222.984733
"8566","1kmE3931N3146",13723.4312965
"8567","1kmE3931N3147",11563.9960315
"8568","1kmE3931N3148",12136.857995
"8569","1kmE3931N3149",5616.412682
"8570","1kmE3931N3150",5413.8936785
"8571","1kmE3931N3151",8179.3115255
"8572","1kmE3931N3152",8757.1108865
"8573","1kmE3931N3153",7096.267091
"8574","1kmE3931N3154",2857.686863
"8575","1kmE3931N3155",3622.8845865
"8576","1kmE3931N3156",2365.1126865
"8577","1kmE3931N3157",2544.5086455
"8578","1kmE3931N3158",6536.8572125
"8579","1kmE3931N3159",8179.274234
"8580","1kmE3931N3160",5089.9564075
"8581","1kmE3931N3161",6181.2260315
"8582","1kmE3931N3162",6135.1449445
"8583","1kmE3931N3163",4665.737023
"8584","1kmE3931N3164",3871.062205
"8585","1kmE3931N3165",3729.290723
"8586","1kmE3931N3166",2702.47
"8587","1kmE3931N3167",1979.867119
"8588","1kmE3931N3168",572.5185015
"8589","1kmE3932N3082",205.016391
"8590","1kmE3932N3083",2034.492733
"8591","1kmE3932N3084",7206.259844
"8592","1kmE3932N3085",9326.0156275
"8593","1kmE3932N3086",10118.045626
"8594","1kmE3932N3087",12954.5343235
"8595","1kmE3932N3088",10835.6732955
"8596","1kmE3932N3089",11136.647757
"8597","1kmE3932N3090",11497.338037
"8598","1kmE3932N3091",13124.597903
"8599","1kmE3932N3092",13711.324453
"8600","1kmE3932N3093",13124.2495655
"8601","1kmE3932N3094",11307.1981345
"8602","1kmE3932N3095",11042.8993325
"8603","1kmE3932N3096",10066.466221
"8604","1kmE3932N3097",11371.0088055
"8605","1kmE3932N3098",11501.830268
"8606","1kmE3932N3099",8808.201819
"8607","1kmE3932N3100",8653.4186445
"8608","1kmE3932N3101",6698.5784885
"8609","1kmE3932N3102",7379.106414
"8610","1kmE3932N3103",11721.68626
"8611","1kmE3932N3104",12222.892133
"8612","1kmE3932N3105",11309.0833975
"8613","1kmE3932N3106",10470.6220555
"8614","1kmE3932N3107",11780.531682
"8615","1kmE3932N3108",11256.499477
"8616","1kmE3932N3109",11927.911899
"8617","1kmE3932N3110",13782.0413845
"8618","1kmE3932N3111",10534.237574
"8619","1kmE3932N3112",9541.144655
"8620","1kmE3932N3113",8807.2013975
"8621","1kmE3932N3114",12139.4740525
"8622","1kmE3932N3115",17129.21967
"8623","1kmE3932N3116",15386.7756275
"8624","1kmE3932N3117",9449.2386865
"8625","1kmE3932N3118",10710.5318695
"8626","1kmE3932N3119",13465.143177
"8627","1kmE3932N3120",11393.037824
"8628","1kmE3932N3121",10394.250598
"8629","1kmE3932N3122",10139.4340025
"8630","1kmE3932N3123",9102.209487
"8631","1kmE3932N3124",7675.464241
"8632","1kmE3932N3125",5653.417754
"8633","1kmE3932N3126",5412.5140725
"8634","1kmE3932N3127",15246.180999
"8635","1kmE3932N3128",15364.403996
"8636","1kmE3932N3129",16472.179088
"8637","1kmE3932N3130",17074.416606
"8638","1kmE3932N3131",18745.816909
"8639","1kmE3932N3132",20337.186624
"8640","1kmE3932N3133",18791.9669795
"8641","1kmE3932N3134",18716.6103805
"8642","1kmE3932N3135",19549.4567805
"8643","1kmE3932N3136",16973.690755
"8644","1kmE3932N3137",14918.5009485
"8645","1kmE3932N3138",14642.1318035
"8646","1kmE3932N3139",14728.176668
"8647","1kmE3932N3140",13101.416603
"8648","1kmE3932N3141",12069.6345945
"8649","1kmE3932N3142",13465.4024385
"8650","1kmE3932N3143",15812.556748
"8651","1kmE3932N3144",17078.4516005
"8652","1kmE3932N3145",15445.9197405
"8653","1kmE3932N3146",15654.6263665
"8654","1kmE3932N3147",13501.637127
"8655","1kmE3932N3148",11119.1524535
"8656","1kmE3932N3149",7741.605276
"8657","1kmE3932N3150",6304.9583885
"8658","1kmE3932N3151",9477.3836115
"8659","1kmE3932N3152",13686.687957
"8660","1kmE3932N3153",8729.529885
"8661","1kmE3932N3154",5146.1508815
"8662","1kmE3932N3155",2303.5657685
"8663","1kmE3932N3156",4073.326714
"8664","1kmE3932N3157",6435.711819
"8665","1kmE3932N3158",9377.051304
"8666","1kmE3932N3159",13420.996454
"8667","1kmE3932N3160",10342.3115075
"8668","1kmE3932N3161",4879.0904795
"8669","1kmE3932N3162",5503.7878
"8670","1kmE3932N3163",6345.0887195
"8671","1kmE3932N3164",6496.389391
"8672","1kmE3932N3165",4471.409252
"8673","1kmE3932N3166",3558.8628895
"8674","1kmE3932N3167",2206.455361
"8675","1kmE3932N3168",1031.268624
"8676","1kmE3933N3080",205.0163895
"8677","1kmE3933N3082",455.7796075
"8678","1kmE3933N3083",6581.8827855
"8679","1kmE3933N3084",7086.7063695
"8680","1kmE3933N3085",8199.5990845
"8681","1kmE3933N3086",8057.68364
"8682","1kmE3933N3087",16068.039597
"8683","1kmE3933N3088",12249.297367
"8684","1kmE3933N3089",7911.3482685
"8685","1kmE3933N3090",9410.3239115
"8686","1kmE3933N3091",13520.570663
"8687","1kmE3933N3092",11610.981735
"8688","1kmE3933N3093",12068.3684815
"8689","1kmE3933N3094",10976.7488125
"8690","1kmE3933N3095",11504.4577465
"8691","1kmE3933N3096",9061.45319
"8692","1kmE3933N3097",9875.1488965
"8693","1kmE3933N3098",8323.230922
"8694","1kmE3933N3099",7072.4547495
"8695","1kmE3933N3100",6051.1082605
"8696","1kmE3933N3101",6763.5824345
"8697","1kmE3933N3102",7756.595423
"8698","1kmE3933N3103",11868.8841975
"8699","1kmE3933N3104",14148.2029335
"8700","1kmE3933N3105",14124.7536025
"8701","1kmE3933N3106",13439.3766015
"8702","1kmE3933N3107",12676.201301
"8703","1kmE3933N3108",8836.163995
"8704","1kmE3933N3109",9392.85743
"8705","1kmE3933N3110",9860.1528095
"8706","1kmE3933N3111",10204.0106815
"8707","1kmE3933N3112",11983.927778
"8708","1kmE3933N3113",15928.7045315
"8709","1kmE3933N3114",11370.1360145
"8710","1kmE3933N3115",13685.900667
"8711","1kmE3933N3116",13371.898811
"8712","1kmE3933N3117",10344.2536765
"8713","1kmE3933N3118",10210.968372
"8714","1kmE3933N3119",10657.7778555
"8715","1kmE3933N3120",12261.3685015
"8716","1kmE3933N3121",10617.631213
"8717","1kmE3933N3122",12047.926668
"8718","1kmE3933N3123",9420.2792195
"8719","1kmE3933N3124",8608.753538
"8720","1kmE3933N3125",6942.1682845
"8721","1kmE3933N3126",9826.12554
"8722","1kmE3933N3127",15124.3983285
"8723","1kmE3933N3128",16050.5674645
"8724","1kmE3933N3129",15705.3697445
"8725","1kmE3933N3130",15190.680433
"8726","1kmE3933N3131",19221.0858985
"8727","1kmE3933N3132",19087.320067
"8728","1kmE3933N3133",16740.391524
"8729","1kmE3933N3134",16503.6436655
"8730","1kmE3933N3135",18621.8115535
"8731","1kmE3933N3136",17833.0774245
"8732","1kmE3933N3137",12997.685876
"8733","1kmE3933N3138",13257.9901115
"8734","1kmE3933N3139",14984.4387605
"8735","1kmE3933N3140",14026.179684
"8736","1kmE3933N3141",10455.3204775
"8737","1kmE3933N3142",8676.1697325
"8738","1kmE3933N3143",13257.1599965
"8739","1kmE3933N3144",14564.6357875
"8740","1kmE3933N3145",12836.6608395
"8741","1kmE3933N3146",13971.2616955
"8742","1kmE3933N3147",9845.1414745
"8743","1kmE3933N3148",8807.535135
"8744","1kmE3933N3149",8865.0434785
"8745","1kmE3933N3150",7078.0204185
"8746","1kmE3933N3151",11192.1491785
"8747","1kmE3933N3152",13377.818217
"8748","1kmE3933N3153",7872.829841
"8749","1kmE3933N3154",6972.742788
"8750","1kmE3933N3155",9037.7023315
"8751","1kmE3933N3156",9733.7092605
"8752","1kmE3933N3157",9905.8155565
"8753","1kmE3933N3158",12030.1715725
"8754","1kmE3933N3159",15389.852407
"8755","1kmE3933N3160",15101.081674
"8756","1kmE3933N3161",9301.793296
"8757","1kmE3933N3162",9617.649593
"8758","1kmE3933N3163",8478.373828
"8759","1kmE3933N3164",9959.21145
"8760","1kmE3933N3165",8391.745006
"8761","1kmE3933N3166",7660.5854915
"8762","1kmE3933N3167",4671.3330355
"8763","1kmE3933N3168",857.367801
"8764","1kmE3934N3082",1608.7734605
"8765","1kmE3934N3083",6490.995927
"8766","1kmE3934N3084",1346.75639
"8767","1kmE3934N3085",3916.78269
"8768","1kmE3934N3086",8919.1011515
"8769","1kmE3934N3087",12567.003771
"8770","1kmE3934N3088",10458.3991025
"8771","1kmE3934N3089",9406.038009
"8772","1kmE3934N3090",9584.4535425
"8773","1kmE3934N3091",12758.575306
"8774","1kmE3934N3092",11776.708619
"8775","1kmE3934N3093",11572.324054
"8776","1kmE3934N3094",11407.38757
"8777","1kmE3934N3095",11389.2367185
"8778","1kmE3934N3096",8522.0868985
"8779","1kmE3934N3097",6118.0970985
"8780","1kmE3934N3098",7796.11715
"8781","1kmE3934N3099",6077.423479
"8782","1kmE3934N3100",7339.4328115
"8783","1kmE3934N3101",3799.1589745
"8784","1kmE3934N3102",5866.6398125
"8785","1kmE3934N3103",11429.695056
"8786","1kmE3934N3104",11261.2134555
"8787","1kmE3934N3105",11098.205487
"8788","1kmE3934N3106",10507.2015645
"8789","1kmE3934N3107",9986.097871
"8790","1kmE3934N3108",10817.5625985
"8791","1kmE3934N3109",8272.184159
"8792","1kmE3934N3110",9857.10133
"8793","1kmE3934N3111",11629.218752
"8794","1kmE3934N3112",13032.0891645
"8795","1kmE3934N3113",13166.5813875
"8796","1kmE3934N3114",12570.3251405
"8797","1kmE3934N3115",13830.1931855
"8798","1kmE3934N3116",14565.9867025
"8799","1kmE3934N3117",13398.629203
"8800","1kmE3934N3118",12910.581376
"8801","1kmE3934N3119",13011.0440985
"8802","1kmE3934N3120",12548.7353525
"8803","1kmE3934N3121",12126.712919
"8804","1kmE3934N3122",10609.014877
"8805","1kmE3934N3123",9461.761634
"8806","1kmE3934N3124",9005.7453925
"8807","1kmE3934N3125",7550.464897
"8808","1kmE3934N3126",10243.256442
"8809","1kmE3934N3127",15755.456283
"8810","1kmE3934N3128",16909.1372605
"8811","1kmE3934N3129",18118.5240015
"8812","1kmE3934N3130",16703.196925
"8813","1kmE3934N3131",19817.044003
"8814","1kmE3934N3132",18783.374004
"8815","1kmE3934N3133",16411.308652
"8816","1kmE3934N3134",16505.3390905
"8817","1kmE3934N3135",19693.1093425
"8818","1kmE3934N3136",16069.166353
"8819","1kmE3934N3137",13895.516053
"8820","1kmE3934N3138",12446.2557655
"8821","1kmE3934N3139",13925.032227
"8822","1kmE3934N3140",14326.716037
"8823","1kmE3934N3141",10534.995905
"8824","1kmE3934N3142",11498.892516
"8825","1kmE3934N3143",13042.0613335
"8826","1kmE3934N3144",10822.2961305
"8827","1kmE3934N3145",6597.9990225
"8828","1kmE3934N3146",8129.8063375
"8829","1kmE3934N3147",9500.789586
"8830","1kmE3934N3148",10448.15152
"8831","1kmE3934N3149",10227.698794
"8832","1kmE3934N3150",9308.320049
"8833","1kmE3934N3151",13035.5405235
"8834","1kmE3934N3152",10736.770257
"8835","1kmE3934N3153",11217.5657765
"8836","1kmE3934N3154",10238.465061
"8837","1kmE3934N3155",14516.054369
"8838","1kmE3934N3156",12162.549583
"8839","1kmE3934N3157",11851.605427
"8840","1kmE3934N3158",13275.2238155
"8841","1kmE3934N3159",15963.4979635
"8842","1kmE3934N3160",17348.609979
"8843","1kmE3934N3161",13176.0374285
"8844","1kmE3934N3162",10863.949218
"8845","1kmE3934N3163",12577.9522925
"8846","1kmE3934N3164",13884.114494
"8847","1kmE3934N3165",10830.780212
"8848","1kmE3934N3166",8291.297682
"8849","1kmE3934N3167",7657.572747
"8850","1kmE3934N3168",2245.150929
"8851","1kmE3935N3082",205.0163895
"8852","1kmE3935N3083",2835.611833
"8853","1kmE3935N3084",5056.1217185
"8854","1kmE3935N3085",5419.5423405
"8855","1kmE3935N3086",5628.8443625
"8856","1kmE3935N3087",11036.7577795
"8857","1kmE3935N3088",11485.3843045
"8858","1kmE3935N3089",9580.7330415
"8859","1kmE3935N3090",9035.472514
"8860","1kmE3935N3091",12489.965215
"8861","1kmE3935N3092",11547.040304
"8862","1kmE3935N3093",12601.0618015
"8863","1kmE3935N3094",14158.7823055
"8864","1kmE3935N3095",13270.916336
"8865","1kmE3935N3096",5856.6248265
"8866","1kmE3935N3097",4973.460559
"8867","1kmE3935N3098",5064.0793725
"8868","1kmE3935N3099",5421.1866755
"8869","1kmE3935N3100",6034.1299555
"8870","1kmE3935N3101",4693.0359045
"8871","1kmE3935N3102",10309.396942
"8872","1kmE3935N3103",14748.2630025
"8873","1kmE3935N3104",9905.017022
"8874","1kmE3935N3105",9727.921412
"8875","1kmE3935N3106",9338.313732
"8876","1kmE3935N3107",11509.256515
"8877","1kmE3935N3108",9286.0669565
"8878","1kmE3935N3109",7233.204443
"8879","1kmE3935N3110",7873.027756
"8880","1kmE3935N3111",10759.9520235
"8881","1kmE3935N3112",11866.062923
"8882","1kmE3935N3113",11938.595516
"8883","1kmE3935N3114",12362.091028
"8884","1kmE3935N3115",16872.472031
"8885","1kmE3935N3116",13817.938526
"8886","1kmE3935N3117",12523.7438415
"8887","1kmE3935N3118",10838.762313
"8888","1kmE3935N3119",10833.133788
"8889","1kmE3935N3120",11913.1568405
"8890","1kmE3935N3121",14506.5051345
"8891","1kmE3935N3122",8324.7893885
"8892","1kmE3935N3123",12548.7394735
"8893","1kmE3935N3124",13039.1791815
"8894","1kmE3935N3125",9818.904142
"8895","1kmE3935N3126",9788.405472
"8896","1kmE3935N3127",12965.988073
"8897","1kmE3935N3128",16777.0449505
"8898","1kmE3935N3129",17177.61569
"8899","1kmE3935N3130",18280.879173
"8900","1kmE3935N3131",18217.049136
"8901","1kmE3935N3132",17108.388411
"8902","1kmE3935N3133",17147.7716855
"8903","1kmE3935N3134",17421.906796
"8904","1kmE3935N3135",17397.000154
"8905","1kmE3935N3136",15884.3966695
"8906","1kmE3935N3137",16763.0448235
"8907","1kmE3935N3138",14223.138572
"8908","1kmE3935N3139",13910.8811545
"8909","1kmE3935N3140",12632.649794
"8910","1kmE3935N3141",13515.3664415
"8911","1kmE3935N3142",13420.175818
"8912","1kmE3935N3143",12975.024521
"8913","1kmE3935N3144",11394.770397
"8914","1kmE3935N3145",6562.0020965
"8915","1kmE3935N3146",7601.752261
"8916","1kmE3935N3147",10769.557247
"8917","1kmE3935N3148",9811.55798
"8918","1kmE3935N3149",7656.051307
"8919","1kmE3935N3150",9107.7166705
"8920","1kmE3935N3151",10628.253262
"8921","1kmE3935N3152",8541.9176685
"8922","1kmE3935N3153",10625.2579735
"8923","1kmE3935N3154",11433.7692855
"8924","1kmE3935N3155",15101.8811695
"8925","1kmE3935N3156",15562.1557565
"8926","1kmE3935N3157",17367.6974485
"8927","1kmE3935N3158",15200.5507455
"8928","1kmE3935N3159",14503.9992945
"8929","1kmE3935N3160",14104.0265025
"8930","1kmE3935N3161",11326.582365
"8931","1kmE3935N3162",12425.5647515
"8932","1kmE3935N3163",14546.4636055
"8933","1kmE3935N3164",15193.878073
"8934","1kmE3935N3165",13861.950146
"8935","1kmE3935N3166",8903.7495765
"8936","1kmE3935N3167",7482.9459975
"8937","1kmE3935N3168",3808.735605
"8938","1kmE3936N3077",205.016391
"8939","1kmE3936N3082",1297.2732505
"8940","1kmE3936N3083",4136.8504045
"8941","1kmE3936N3084",8374.549704
"8942","1kmE3936N3085",7976.495822
"8943","1kmE3936N3086",7372.210109
"8944","1kmE3936N3087",10043.3227245
"8945","1kmE3936N3088",11167.752326
"8946","1kmE3936N3089",10919.447336
"8947","1kmE3936N3090",11144.8458165
"8948","1kmE3936N3091",10374.948389
"8949","1kmE3936N3092",11805.159471
"8950","1kmE3936N3093",14868.706362
"8951","1kmE3936N3094",15605.0621575
"8952","1kmE3936N3095",11844.89052
"8953","1kmE3936N3096",8816.045715
"8954","1kmE3936N3097",10054.550556
"8955","1kmE3936N3098",10084.7989915
"8956","1kmE3936N3099",8234.8701245
"8957","1kmE3936N3100",9382.007985
"8958","1kmE3936N3101",10410.0300665
"8959","1kmE3936N3102",10554.167752
"8960","1kmE3936N3103",13439.108189
"8961","1kmE3936N3104",15530.617865
"8962","1kmE3936N3105",15195.307512
"8963","1kmE3936N3106",11458.0822745
"8964","1kmE3936N3107",10955.893193
"8965","1kmE3936N3108",7572.418241
"8966","1kmE3936N3109",7346.7123685
"8967","1kmE3936N3110",8461.811281
"8968","1kmE3936N3111",11779.6179875
"8969","1kmE3936N3112",13063.308871
"8970","1kmE3936N3113",14106.163312
"8971","1kmE3936N3114",15920.239125
"8972","1kmE3936N3115",18014.104119
"8973","1kmE3936N3116",15452.107962
"8974","1kmE3936N3117",12508.455822
"8975","1kmE3936N3118",9717.077293
"8976","1kmE3936N3119",10498.185074
"8977","1kmE3936N3120",7749.7863495
"8978","1kmE3936N3121",7422.1681395
"8979","1kmE3936N3122",8938.763988
"8980","1kmE3936N3123",12064.402501
"8981","1kmE3936N3124",10229.4915725
"8982","1kmE3936N3125",8394.439733
"8983","1kmE3936N3126",10019.6175135
"8984","1kmE3936N3127",13258.7780595
"8985","1kmE3936N3128",12283.9775585
"8986","1kmE3936N3129",11000.0752565
"8987","1kmE3936N3130",11239.490322
"8988","1kmE3936N3131",13169.9531685
"8989","1kmE3936N3132",13578.0808635
"8990","1kmE3936N3133",15022.549344
"8991","1kmE3936N3134",14941.4463915
"8992","1kmE3936N3135",10770.8266595
"8993","1kmE3936N3136",13302.850977
"8994","1kmE3936N3137",14371.7561035
"8995","1kmE3936N3138",13426.408508
"8996","1kmE3936N3139",14884.8551015
"8997","1kmE3936N3140",15004.378474
"8998","1kmE3936N3141",17147.2807245
"8999","1kmE3936N3142",17132.019761
"9000","1kmE3936N3143",14198.339858
"9001","1kmE3936N3144",11541.360291
"9002","1kmE3936N3145",10950.538344
"9003","1kmE3936N3146",9957.3485425
"9004","1kmE3936N3147",10960.7021875
"9005","1kmE3936N3148",9214.240886
"9006","1kmE3936N3149",12800.2376025
"9007","1kmE3936N3150",13612.7280375
"9008","1kmE3936N3151",10154.825307
"9009","1kmE3936N3152",10923.326299
"9010","1kmE3936N3153",10406.07264
"9011","1kmE3936N3154",14710.1026115
"9012","1kmE3936N3155",18078.312528
"9013","1kmE3936N3156",18834.6220055
"9014","1kmE3936N3157",17941.8219535
"9015","1kmE3936N3158",14952.160816
"9016","1kmE3936N3159",14491.477234
"9017","1kmE3936N3160",13879.9148495
"9018","1kmE3936N3161",12378.258323
"9019","1kmE3936N3162",11539.8250175
"9020","1kmE3936N3163",13389.391904
"9021","1kmE3936N3164",15042.717507
"9022","1kmE3936N3165",14173.420564
"9023","1kmE3936N3166",8446.0076355
"9024","1kmE3936N3167",8788.879541
"9025","1kmE3936N3168",5574.6715315
"9026","1kmE3937N3082",2469.784757
"9027","1kmE3937N3083",5093.9880875
"9028","1kmE3937N3084",5643.9218845
"9029","1kmE3937N3085",10159.575672
"9030","1kmE3937N3086",9426.458842
"9031","1kmE3937N3087",9967.5511555
"9032","1kmE3937N3088",9582.219798
"9033","1kmE3937N3089",10951.797355
"9034","1kmE3937N3090",10522.393194
"9035","1kmE3937N3091",9877.948338
"9036","1kmE3937N3092",7094.726038
"9037","1kmE3937N3093",12429.5630475
"9038","1kmE3937N3094",14893.4690155
"9039","1kmE3937N3095",11043.152488
"9040","1kmE3937N3096",9054.7012655
"9041","1kmE3937N3097",9161.657306
"9042","1kmE3937N3098",8214.793953
"9043","1kmE3937N3099",12433.4566085
"9044","1kmE3937N3100",12586.5716025
"9045","1kmE3937N3101",13201.062788
"9046","1kmE3937N3102",12571.1702225
"9047","1kmE3937N3103",16480.7254245
"9048","1kmE3937N3104",21026.7454795
"9049","1kmE3937N3105",20531.975768
"9050","1kmE3937N3106",16705.8908285
"9051","1kmE3937N3107",16486.3391425
"9052","1kmE3937N3108",11555.1512355
"9053","1kmE3937N3109",10231.7659205
"9054","1kmE3937N3110",9388.940351
"9055","1kmE3937N3111",12753.1101565
"9056","1kmE3937N3112",16176.2918555
"9057","1kmE3937N3113",17695.4728025
"9058","1kmE3937N3114",16804.6219425
"9059","1kmE3937N3115",16355.889351
"9060","1kmE3937N3116",14530.297733
"9061","1kmE3937N3117",11266.165262
"9062","1kmE3937N3118",9982.579082
"9063","1kmE3937N3119",12051.154751
"9064","1kmE3937N3120",8433.3774455
"9065","1kmE3937N3121",5679.1588105
"9066","1kmE3937N3122",7835.246367
"9067","1kmE3937N3123",11021.048625
"9068","1kmE3937N3124",9271.458851
"9069","1kmE3937N3125",9094.751452
"9070","1kmE3937N3126",10327.4265795
"9071","1kmE3937N3127",13105.1015175
"9072","1kmE3937N3128",12601.802046
"9073","1kmE3937N3129",9170.9318175
"9074","1kmE3937N3130",10854.0685805
"9075","1kmE3937N3131",11834.924216
"9076","1kmE3937N3132",10631.384211
"9077","1kmE3937N3133",6502.644181
"9078","1kmE3937N3134",6230.5955335
"9079","1kmE3937N3135",9963.0092275
"9080","1kmE3937N3136",7608.037251
"9081","1kmE3937N3137",8385.1527285
"9082","1kmE3937N3138",8624.124937
"9083","1kmE3937N3139",14510.440801
"9084","1kmE3937N3140",14421.749148
"9085","1kmE3937N3141",13774.135309
"9086","1kmE3937N3142",13946.4404495
"9087","1kmE3937N3143",14245.976929
"9088","1kmE3937N3144",13659.891595
"9089","1kmE3937N3145",10377.186435
"9090","1kmE3937N3146",8755.9058785
"9091","1kmE3937N3147",14993.4455525
"9092","1kmE3937N3148",11317.312076
"9093","1kmE3937N3149",13424.870475
"9094","1kmE3937N3150",13080.8443295
"9095","1kmE3937N3151",12808.479099
"9096","1kmE3937N3152",12760.164639
"9097","1kmE3937N3153",13672.8110685
"9098","1kmE3937N3154",15283.526768
"9099","1kmE3937N3155",14276.684814
"9100","1kmE3937N3156",15033.760132
"9101","1kmE3937N3157",14689.70371
"9102","1kmE3937N3158",10214.3234675
"9103","1kmE3937N3159",11498.8157755
"9104","1kmE3937N3160",13266.9454095
"9105","1kmE3937N3161",12806.8075615
"9106","1kmE3937N3162",9109.034743
"9107","1kmE3937N3163",11139.3171045
"9108","1kmE3937N3164",14437.9011355
"9109","1kmE3937N3165",15084.3626355
"9110","1kmE3937N3166",12461.326776
"9111","1kmE3937N3167",9288.5884895
"9112","1kmE3937N3168",2816.783451
"9113","1kmE3938N3066",205.0163905
"9114","1kmE3938N3082",2721.0016665
"9115","1kmE3938N3083",4349.1229905
"9116","1kmE3938N3084",4894.2312075
"9117","1kmE3938N3085",11902.415658
"9118","1kmE3938N3086",12031.313792
"9119","1kmE3938N3087",11719.977946
"9120","1kmE3938N3088",12732.758872
"9121","1kmE3938N3089",14600.640828
"9122","1kmE3938N3090",10886.670281
"9123","1kmE3938N3091",11506.3207645
"9124","1kmE3938N3092",8775.878953
"9125","1kmE3938N3093",6266.684105
"9126","1kmE3938N3094",11147.963554
"9127","1kmE3938N3095",8671.6596585
"9128","1kmE3938N3096",5620.1658815
"9129","1kmE3938N3097",8829.23065
"9130","1kmE3938N3098",12219.5437815
"9131","1kmE3938N3099",13360.0539915
"9132","1kmE3938N3100",12456.6881065
"9133","1kmE3938N3101",10426.944328
"9134","1kmE3938N3102",13690.9523835
"9135","1kmE3938N3103",16737.942861
"9136","1kmE3938N3104",19720.5497015
"9137","1kmE3938N3105",18330.5857815
"9138","1kmE3938N3106",16462.3433715
"9139","1kmE3938N3107",18581.4687505
"9140","1kmE3938N3108",11621.2868215
"9141","1kmE3938N3109",10122.1509835
"9142","1kmE3938N3110",10592.155286
"9143","1kmE3938N3111",15739.924228
"9144","1kmE3938N3112",15379.434264
"9145","1kmE3938N3113",17200.0400505
"9146","1kmE3938N3114",17706.1043745
"9147","1kmE3938N3115",14511.491594
"9148","1kmE3938N3116",11561.64398
"9149","1kmE3938N3117",12864.1924805
"9150","1kmE3938N3118",12779.4232675
"9151","1kmE3938N3119",10436.0022435
"9152","1kmE3938N3120",12050.8983715
"9153","1kmE3938N3121",9926.0528975
"9154","1kmE3938N3122",11463.6781345
"9155","1kmE3938N3123",13006.4824565
"9156","1kmE3938N3124",12741.3633685
"9157","1kmE3938N3125",14164.4400045
"9158","1kmE3938N3126",10682.3415025
"9159","1kmE3938N3127",12652.996277
"9160","1kmE3938N3128",12401.2806215
"9161","1kmE3938N3129",12688.4014275
"9162","1kmE3938N3130",9336.734219
"9163","1kmE3938N3131",9656.366092
"9164","1kmE3938N3132",5766.8156315
"9165","1kmE3938N3133",6960.2527725
"9166","1kmE3938N3134",7667.8271095
"9167","1kmE3938N3135",9110.718584
"9168","1kmE3938N3136",8343.2959705
"9169","1kmE3938N3137",11381.1929005
"9170","1kmE3938N3138",10487.1201515
"9171","1kmE3938N3139",14293.222819
"9172","1kmE3938N3140",13804.9703495
"9173","1kmE3938N3141",12116.347298
"9174","1kmE3938N3142",14284.114954
"9175","1kmE3938N3143",13701.8208525
"9176","1kmE3938N3144",12177.3936495
"9177","1kmE3938N3145",11904.302002
"9178","1kmE3938N3146",10253.588775
"9179","1kmE3938N3147",13990.1067475
"9180","1kmE3938N3148",13694.7780765
"9181","1kmE3938N3149",12284.5913665
"9182","1kmE3938N3150",12384.711699
"9183","1kmE3938N3151",14755.792723
"9184","1kmE3938N3152",12610.1348855
"9185","1kmE3938N3153",12079.620498
"9186","1kmE3938N3154",12710.718028
"9187","1kmE3938N3155",11055.935307
"9188","1kmE3938N3156",8405.155934
"9189","1kmE3938N3157",10024.2913865
"9190","1kmE3938N3158",8128.9730355
"9191","1kmE3938N3159",9173.4928535
"9192","1kmE3938N3160",11743.100069
"9193","1kmE3938N3161",11683.315795
"9194","1kmE3938N3162",9846.4545615
"9195","1kmE3938N3163",11752.5993155
"9196","1kmE3938N3164",12350.061003
"9197","1kmE3938N3165",11892.279188
"9198","1kmE3938N3166",11417.078559
"9199","1kmE3938N3167",6365.69801
"9200","1kmE3939N3082",570.6291385
"9201","1kmE3939N3083",5284.941679
"9202","1kmE3939N3084",6444.6190455
"9203","1kmE3939N3085",8576.045961
"9204","1kmE3939N3086",12442.971861
"9205","1kmE3939N3087",11607.338629
"9206","1kmE3939N3088",13581.07978
"9207","1kmE3939N3089",15103.912119
"9208","1kmE3939N3090",9408.6940125
"9209","1kmE3939N3091",9916.946889
"9210","1kmE3939N3092",9222.1213435
"9211","1kmE3939N3093",10475.0036775
"9212","1kmE3939N3094",12851.804927
"9213","1kmE3939N3095",13046.1100475
"9214","1kmE3939N3096",7448.3198465
"9215","1kmE3939N3097",6262.324169
"9216","1kmE3939N3098",13627.199194
"9217","1kmE3939N3099",15932.0337535
"9218","1kmE3939N3100",12499.2955855
"9219","1kmE3939N3101",10520.275997
"9220","1kmE3939N3102",16483.4380325
"9221","1kmE3939N3103",18433.2772615
"9222","1kmE3939N3104",16826.847883
"9223","1kmE3939N3105",16178.9535675
"9224","1kmE3939N3106",16523.5876525
"9225","1kmE3939N3107",17440.671376
"9226","1kmE3939N3108",10113.665571
"9227","1kmE3939N3109",8820.259232
"9228","1kmE3939N3110",14759.340021
"9229","1kmE3939N3111",17205.5111125
"9230","1kmE3939N3112",16545.533559
"9231","1kmE3939N3113",16375.653086
"9232","1kmE3939N3114",17242.3487965
"9233","1kmE3939N3115",13283.899783
"9234","1kmE3939N3116",8042.685015
"9235","1kmE3939N3117",8738.644727
"9236","1kmE3939N3118",7348.0576775
"9237","1kmE3939N3119",9470.937483
"9238","1kmE3939N3120",10122.378235
"9239","1kmE3939N3121",10392.943562
"9240","1kmE3939N3122",9734.8300615
"9241","1kmE3939N3123",12357.7366045
"9242","1kmE3939N3124",11137.638511
"9243","1kmE3939N3125",12184.604487
"9244","1kmE3939N3126",13826.4335305
"9245","1kmE3939N3127",13285.9371755
"9246","1kmE3939N3128",15031.820331
"9247","1kmE3939N3129",13866.674651
"9248","1kmE3939N3130",12547.315035
"9249","1kmE3939N3131",10733.834063
"9250","1kmE3939N3132",10324.185892
"9251","1kmE3939N3133",11133.3315415
"9252","1kmE3939N3134",10828.3985075
"9253","1kmE3939N3135",10300.606266
"9254","1kmE3939N3136",10467.8164005
"9255","1kmE3939N3137",13742.64278
"9256","1kmE3939N3138",15008.2245585
"9257","1kmE3939N3139",13301.523962
"9258","1kmE3939N3140",11321.212183
"9259","1kmE3939N3141",12068.933996
"9260","1kmE3939N3142",13139.936139
"9261","1kmE3939N3143",14011.080167
"9262","1kmE3939N3144",9178.1636675
"9263","1kmE3939N3145",5868.975566
"9264","1kmE3939N3146",11643.057009
"9265","1kmE3939N3147",15820.6163615
"9266","1kmE3939N3148",13642.7202505
"9267","1kmE3939N3149",12394.6593735
"9268","1kmE3939N3150",11978.1917865
"9269","1kmE3939N3151",14411.7711525
"9270","1kmE3939N3152",12051.675153
"9271","1kmE3939N3153",9349.279617
"9272","1kmE3939N3154",10046.6350735
"9273","1kmE3939N3155",10532.16335
"9274","1kmE3939N3156",8651.7238625
"9275","1kmE3939N3157",9152.039912
"9276","1kmE3939N3158",8362.3129725
"9277","1kmE3939N3159",10710.8548355
"9278","1kmE3939N3160",10732.816522
"9279","1kmE3939N3161",6610.2590435
"9280","1kmE3939N3162",10665.880743
"9281","1kmE3939N3163",13712.1522605
"9282","1kmE3939N3164",9281.7866915
"9283","1kmE3939N3165",6526.9516235
"9284","1kmE3939N3166",8516.831984
"9285","1kmE3939N3167",3895.613992
"9286","1kmE3939N3168",1363.578889
"9287","1kmE3940N3078",205.016391
"9288","1kmE3940N3082",2432.1989735
"9289","1kmE3940N3083",6852.8545715
"9290","1kmE3940N3084",7776.784904
"9291","1kmE3940N3085",7794.142568
"9292","1kmE3940N3086",12426.59798
"9293","1kmE3940N3087",18177.3366525
"9294","1kmE3940N3088",16126.268796
"9295","1kmE3940N3089",15439.558614
"9296","1kmE3940N3090",15111.5822665
"9297","1kmE3940N3091",16371.0945305
"9298","1kmE3940N3092",15486.3206115
"9299","1kmE3940N3093",17728.8733145
"9300","1kmE3940N3094",18818.164382
"9301","1kmE3940N3095",16499.6224385
"9302","1kmE3940N3096",11283.23628
"9303","1kmE3940N3097",10196.895613
"9304","1kmE3940N3098",11531.995015
"9305","1kmE3940N3099",14113.3036875
"9306","1kmE3940N3100",17912.3887
"9307","1kmE3940N3101",15953.2848625
"9308","1kmE3940N3102",16919.629398
"9309","1kmE3940N3103",18458.068144
"9310","1kmE3940N3104",17974.448269
"9311","1kmE3940N3105",16979.9900155
"9312","1kmE3940N3106",16143.510711
"9313","1kmE3940N3107",15247.4456405
"9314","1kmE3940N3108",8598.1675415
"9315","1kmE3940N3109",10910.3191065
"9316","1kmE3940N3110",18041.162375
"9317","1kmE3940N3111",19139.0342725
"9318","1kmE3940N3112",17592.493958
"9319","1kmE3940N3113",18197.493459
"9320","1kmE3940N3114",18207.8867015
"9321","1kmE3940N3115",14865.32437
"9322","1kmE3940N3116",6210.887233
"9323","1kmE3940N3117",7511.524103
"9324","1kmE3940N3118",10072.347305
"9325","1kmE3940N3119",9993.3045125
"9326","1kmE3940N3120",8325.8312805
"9327","1kmE3940N3121",10660.963
"9328","1kmE3940N3122",10853.956265
"9329","1kmE3940N3123",10783.5129305
"9330","1kmE3940N3124",8660.864396
"9331","1kmE3940N3125",7946.8833335
"9332","1kmE3940N3126",14694.507329
"9333","1kmE3940N3127",15660.330915
"9334","1kmE3940N3128",13248.020007
"9335","1kmE3940N3129",9963.0486955
"9336","1kmE3940N3130",10776.4107455
"9337","1kmE3940N3131",13802.446035
"9338","1kmE3940N3132",8598.230605
"9339","1kmE3940N3133",9573.1341355
"9340","1kmE3940N3134",11022.680622
"9341","1kmE3940N3135",13533.7043475
"9342","1kmE3940N3136",12098.239068
"9343","1kmE3940N3137",12552.60363
"9344","1kmE3940N3138",12347.7950125
"9345","1kmE3940N3139",12802.844078
"9346","1kmE3940N3140",14150.0135335
"9347","1kmE3940N3141",14859.715581
"9348","1kmE3940N3142",13102.1692155
"9349","1kmE3940N3143",10222.847292
"9350","1kmE3940N3144",9383.8033815
"9351","1kmE3940N3145",9134.3050795
"9352","1kmE3940N3146",13934.145075
"9353","1kmE3940N3147",14662.2702425
"9354","1kmE3940N3148",12057.3480365
"9355","1kmE3940N3149",13575.430885
"9356","1kmE3940N3150",12199.084904
"9357","1kmE3940N3151",13744.437495
"9358","1kmE3940N3152",11432.8379585
"9359","1kmE3940N3153",10863.079393
"9360","1kmE3940N3154",10269.740329
"9361","1kmE3940N3155",11400.167416
"9362","1kmE3940N3156",7981.880724
"9363","1kmE3940N3157",10029.0314685
"9364","1kmE3940N3158",9325.605337
"9365","1kmE3940N3159",8001.772819
"9366","1kmE3940N3160",9174.5485195
"9367","1kmE3940N3161",8434.295448
"9368","1kmE3940N3162",5449.165654
"9369","1kmE3940N3163",11721.2144085
"9370","1kmE3940N3164",11009.2774025
"9371","1kmE3940N3165",8712.371396
"9372","1kmE3940N3166",5554.8362785
"9373","1kmE3940N3167",5508.0988385
"9374","1kmE3940N3168",1798.7225475
"9375","1kmE3941N3082",4903.9203575
"9376","1kmE3941N3083",5433.568706
"9377","1kmE3941N3084",5754.0987795
"9378","1kmE3941N3085",9135.5204385
"9379","1kmE3941N3086",15293.595358
"9380","1kmE3941N3087",16720.3137565
"9381","1kmE3941N3088",15518.43179
"9382","1kmE3941N3089",15450.042082
"9383","1kmE3941N3090",16945.0685345
"9384","1kmE3941N3091",19335.6099795
"9385","1kmE3941N3092",15634.89048
"9386","1kmE3941N3093",16735.1214855
"9387","1kmE3941N3094",17185.762483
"9388","1kmE3941N3095",17287.4308315
"9389","1kmE3941N3096",13356.8948965
"9390","1kmE3941N3097",10719.542546
"9391","1kmE3941N3098",14161.9309605
"9392","1kmE3941N3099",16248.110338
"9393","1kmE3941N3100",17079.0070665
"9394","1kmE3941N3101",17598.6016755
"9395","1kmE3941N3102",16751.5307375
"9396","1kmE3941N3103",18354.554498
"9397","1kmE3941N3104",17846.295473
"9398","1kmE3941N3105",19006.361302
"9399","1kmE3941N3106",17572.294491
"9400","1kmE3941N3107",15021.3583835
"9401","1kmE3941N3108",12060.5600115
"9402","1kmE3941N3109",15218.557396
"9403","1kmE3941N3110",18775.44017
"9404","1kmE3941N3111",19286.636264
"9405","1kmE3941N3112",17022.5695835
"9406","1kmE3941N3113",19366.9441165
"9407","1kmE3941N3114",18621.406934
"9408","1kmE3941N3115",16465.09363
"9409","1kmE3941N3116",7339.8184115
"9410","1kmE3941N3117",7280.623158
"9411","1kmE3941N3118",9420.278317
"9412","1kmE3941N3119",9788.140742
"9413","1kmE3941N3120",7884.1405655
"9414","1kmE3941N3121",8479.0473065
"9415","1kmE3941N3122",10139.9978315
"9416","1kmE3941N3123",10381.3798205
"9417","1kmE3941N3124",7935.6466175
"9418","1kmE3941N3125",6314.2872045
"9419","1kmE3941N3126",12828.6006275
"9420","1kmE3941N3127",14133.353364
"9421","1kmE3941N3128",12326.6242035
"9422","1kmE3941N3129",11159.779115
"9423","1kmE3941N3130",12345.3177545
"9424","1kmE3941N3131",12808.4797865
"9425","1kmE3941N3132",8557.9940545
"9426","1kmE3941N3133",9557.3559025
"9427","1kmE3941N3134",12241.7485925
"9428","1kmE3941N3135",13145.200196
"9429","1kmE3941N3136",13283.7039335
"9430","1kmE3941N3137",13083.081132
"9431","1kmE3941N3138",10513.516401
"9432","1kmE3941N3139",11794.4986635
"9433","1kmE3941N3140",7609.13389
"9434","1kmE3941N3141",8801.0242805
"9435","1kmE3941N3142",8317.1324765
"9436","1kmE3941N3143",9694.848389
"9437","1kmE3941N3144",7834.861778
"9438","1kmE3941N3145",8971.060594
"9439","1kmE3941N3146",12375.5114955
"9440","1kmE3941N3147",11403.412523
"9441","1kmE3941N3148",8939.487582
"9442","1kmE3941N3149",10749.5296685
"9443","1kmE3941N3150",10777.397173
"9444","1kmE3941N3151",11570.947857
"9445","1kmE3941N3152",11410.9105865
"9446","1kmE3941N3153",12791.897739
"9447","1kmE3941N3154",12333.521884
"9448","1kmE3941N3155",10889.7263495
"9449","1kmE3941N3156",6940.3465745
"9450","1kmE3941N3157",8878.120594
"9451","1kmE3941N3158",7613.3212335
"9452","1kmE3941N3159",9810.0796165
"9453","1kmE3941N3160",10715.0093315
"9454","1kmE3941N3161",7513.880028
"9455","1kmE3941N3162",3340.4321345
"9456","1kmE3941N3163",10278.3145695
"9457","1kmE3941N3164",8031.852873
"9458","1kmE3941N3165",11288.538587
"9459","1kmE3941N3166",9254.992544
"9460","1kmE3941N3167",5043.270776
"9461","1kmE3942N3071",205.016391
"9462","1kmE3942N3077",205.0163905
"9463","1kmE3942N3082",4448.939866
"9464","1kmE3942N3083",4954.399687
"9465","1kmE3942N3084",6717.126272
"9466","1kmE3942N3085",8105.204314
"9467","1kmE3942N3086",14298.5939785
"9468","1kmE3942N3087",14889.7981665
"9469","1kmE3942N3088",16759.567957
"9470","1kmE3942N3089",16590.368272
"9471","1kmE3942N3090",18401.194719
"9472","1kmE3942N3091",19755.766695
"9473","1kmE3942N3092",16411.1362005
"9474","1kmE3942N3093",15290.8253775
"9475","1kmE3942N3094",17286.8173705
"9476","1kmE3942N3095",16587.8596305
"9477","1kmE3942N3096",11016.372889
"9478","1kmE3942N3097",14054.729219
"9479","1kmE3942N3098",17604.875539
"9480","1kmE3942N3099",16394.5239635
"9481","1kmE3942N3100",16731.123641
"9482","1kmE3942N3101",16543.6259895
"9483","1kmE3942N3102",16306.4925395
"9484","1kmE3942N3103",17080.576482
"9485","1kmE3942N3104",15746.1893335
"9486","1kmE3942N3105",14149.3523575
"9487","1kmE3942N3106",14324.084787
"9488","1kmE3942N3107",12671.0506255
"9489","1kmE3942N3108",13731.8533555
"9490","1kmE3942N3109",16249.1151015
"9491","1kmE3942N3110",15447.6494195
"9492","1kmE3942N3111",16357.226575
"9493","1kmE3942N3112",15407.7955175
"9494","1kmE3942N3113",18018.4644365
"9495","1kmE3942N3114",16650.641011
"9496","1kmE3942N3115",11448.5046465
"9497","1kmE3942N3116",7272.9068545
"9498","1kmE3942N3117",4878.1834235
"9499","1kmE3942N3118",4405.075514
"9500","1kmE3942N3119",9164.766248
"9501","1kmE3942N3120",9182.589261
"9502","1kmE3942N3121",8469.4791755
"9503","1kmE3942N3122",10552.4336225
"9504","1kmE3942N3123",10083.406687
"9505","1kmE3942N3124",9278.861283
"9506","1kmE3942N3125",7177.7046605
"9507","1kmE3942N3126",9882.825615
"9508","1kmE3942N3127",12895.330274
"9509","1kmE3942N3128",13735.9405275
"9510","1kmE3942N3129",14182.2561625
"9511","1kmE3942N3130",12794.7610115
"9512","1kmE3942N3131",14231.47133
"9513","1kmE3942N3132",10724.854012
"9514","1kmE3942N3133",10893.6883655
"9515","1kmE3942N3134",12253.998233
"9516","1kmE3942N3135",13989.301766
"9517","1kmE3942N3136",11898.883439
"9518","1kmE3942N3137",12650.530059
"9519","1kmE3942N3138",10954.027392
"9520","1kmE3942N3139",11720.371493
"9521","1kmE3942N3140",9606.7505545
"9522","1kmE3942N3141",6312.3051385
"9523","1kmE3942N3142",12045.732147
"9524","1kmE3942N3143",12488.5004355
"9525","1kmE3942N3144",8224.123418
"9526","1kmE3942N3145",7119.824768
"9527","1kmE3942N3146",8517.7784005
"9528","1kmE3942N3147",9045.104837
"9529","1kmE3942N3148",6122.095056
"9530","1kmE3942N3149",5858.8055545
"9531","1kmE3942N3150",10640.7317845
"9532","1kmE3942N3151",11054.629989
"9533","1kmE3942N3152",10027.2198535
"9534","1kmE3942N3153",10139.090409
"9535","1kmE3942N3154",8896.477655
"9536","1kmE3942N3155",9167.4164305
"9537","1kmE3942N3156",6805.9042095
"9538","1kmE3942N3157",6677.1031845
"9539","1kmE3942N3158",6935.132938
"9540","1kmE3942N3159",6543.5809435
"9541","1kmE3942N3160",4471.729546
"9542","1kmE3942N3161",2524.9089485
"9543","1kmE3942N3162",2339.223366
"9544","1kmE3942N3163",2320.8091365
"9545","1kmE3942N3164",5022.2826375
"9546","1kmE3942N3165",6383.707371
"9547","1kmE3942N3166",4848.600686
"9548","1kmE3942N3167",529.9452185
"9549","1kmE3943N3081",205.0163895
"9550","1kmE3943N3082",3253.5689245
"9551","1kmE3943N3083",5563.7075325
"9552","1kmE3943N3084",7379.262093
"9553","1kmE3943N3085",13023.655896
"9554","1kmE3943N3086",12679.727785
"9555","1kmE3943N3087",12198.1875125
"9556","1kmE3943N3088",14197.274428
"9557","1kmE3943N3089",15420.2787065
"9558","1kmE3943N3090",18242.253539
"9559","1kmE3943N3091",19822.610815
"9560","1kmE3943N3092",20130.6779215
"9561","1kmE3943N3093",17938.511736
"9562","1kmE3943N3094",17742.5916925
"9563","1kmE3943N3095",16336.0079075
"9564","1kmE3943N3096",9940.911517
"9565","1kmE3943N3097",10468.2588285
"9566","1kmE3943N3098",16791.438289
"9567","1kmE3943N3099",17019.914504
"9568","1kmE3943N3100",15827.279813
"9569","1kmE3943N3101",17267.1878315
"9570","1kmE3943N3102",17664.636475
"9571","1kmE3943N3103",15786.384299
"9572","1kmE3943N3104",12435.415457
"9573","1kmE3943N3105",13916.0534255
"9574","1kmE3943N3106",12946.4922255
"9575","1kmE3943N3107",14684.9358115
"9576","1kmE3943N3108",15253.6110965
"9577","1kmE3943N3109",15731.030975
"9578","1kmE3943N3110",12869.3814035
"9579","1kmE3943N3111",11980.872764
"9580","1kmE3943N3112",9476.0987835
"9581","1kmE3943N3113",10017.392648
"9582","1kmE3943N3114",10340.5524925
"9583","1kmE3943N3115",5505.3625105
"9584","1kmE3943N3116",3536.3568465
"9585","1kmE3943N3117",4105.585003
"9586","1kmE3943N3118",8228.525066
"9587","1kmE3943N3119",5017.320331
"9588","1kmE3943N3120",6661.3979355
"9589","1kmE3943N3121",7754.3337865
"9590","1kmE3943N3122",7890.237996
"9591","1kmE3943N3123",7304.4569695
"9592","1kmE3943N3124",11044.089585
"9593","1kmE3943N3125",9552.082103
"9594","1kmE3943N3126",10375.5880475
"9595","1kmE3943N3127",16277.960462
"9596","1kmE3943N3128",15232.9212675
"9597","1kmE3943N3129",19667.2984275
"9598","1kmE3943N3130",17412.1714005
"9599","1kmE3943N3131",16093.4169985
"9600","1kmE3943N3132",16159.94001
"9601","1kmE3943N3133",16546.458244
"9602","1kmE3943N3134",15346.7558405
"9603","1kmE3943N3135",15295.1717885
"9604","1kmE3943N3136",15443.0295015
"9605","1kmE3943N3137",16411.898233
"9606","1kmE3943N3138",13137.330334
"9607","1kmE3943N3139",10714.4544685
"9608","1kmE3943N3140",9030.7654015
"9609","1kmE3943N3141",9994.5134335
"9610","1kmE3943N3142",10788.7085055
"9611","1kmE3943N3143",8350.2715465
"9612","1kmE3943N3144",6262.7169395
"9613","1kmE3943N3145",8217.1009575
"9614","1kmE3943N3146",8118.3332365
"9615","1kmE3943N3147",8049.6283285
"9616","1kmE3943N3148",7277.6497315
"9617","1kmE3943N3149",6999.041859
"9618","1kmE3943N3150",8381.2006845
"9619","1kmE3943N3151",11012.5280705
"9620","1kmE3943N3152",10766.9188965
"9621","1kmE3943N3153",10906.085851
"9622","1kmE3943N3154",8993.108949
"9623","1kmE3943N3155",8906.5296985
"9624","1kmE3943N3156",7392.5037745
"9625","1kmE3943N3157",7823.447931
"9626","1kmE3943N3158",4366.488008
"9627","1kmE3943N3159",3422.182485
"9628","1kmE3943N3160",1898.24856
"9629","1kmE3943N3161",1263.518507
"9630","1kmE3943N3162",700.557137
"9631","1kmE3943N3163",205.016391
"9632","1kmE3943N3164",205.01639
"9633","1kmE3943N3165",351.6414825
"9634","1kmE3944N3083",3071.324783
"9635","1kmE3944N3084",5133.6012455
"9636","1kmE3944N3085",6707.21115
"9637","1kmE3944N3086",4773.078616
"9638","1kmE3944N3087",9608.6460185
"9639","1kmE3944N3088",11963.6997635
"9640","1kmE3944N3089",14337.7888065
"9641","1kmE3944N3090",17490.0669525
"9642","1kmE3944N3091",20422.4042615
"9643","1kmE3944N3092",20606.4764175
"9644","1kmE3944N3093",20127.256257
"9645","1kmE3944N3094",20089.3429805
"9646","1kmE3944N3095",18617.454232
"9647","1kmE3944N3096",17490.4093015
"9648","1kmE3944N3097",17860.053897
"9649","1kmE3944N3098",18047.871765
"9650","1kmE3944N3099",17368.8929655
"9651","1kmE3944N3100",16839.5344975
"9652","1kmE3944N3101",16660.977129
"9653","1kmE3944N3102",16417.850981
"9654","1kmE3944N3103",14996.4283295
"9655","1kmE3944N3104",13320.245098
"9656","1kmE3944N3105",14594.8677375
"9657","1kmE3944N3106",14392.11461
"9658","1kmE3944N3107",15542.915422
"9659","1kmE3944N3108",16203.331643
"9660","1kmE3944N3109",13728.514335
"9661","1kmE3944N3110",11623.2829505
"9662","1kmE3944N3111",8239.735178
"9663","1kmE3944N3112",8255.516983
"9664","1kmE3944N3113",12853.7625705
"9665","1kmE3944N3114",11639.4085585
"9666","1kmE3944N3115",6050.5229225
"9667","1kmE3944N3116",3141.894411
"9668","1kmE3944N3117",2549.979861
"9669","1kmE3944N3118",8132.199848
"9670","1kmE3944N3119",4943.4955785
"9671","1kmE3944N3120",3433.3823515
"9672","1kmE3944N3121",5036.155059
"9673","1kmE3944N3122",6918.098783
"9674","1kmE3944N3123",4823.3523665
"9675","1kmE3944N3124",2893.2053375
"9676","1kmE3944N3125",1950.4411665
"9677","1kmE3944N3126",11561.994877
"9678","1kmE3944N3127",14583.104253
"9679","1kmE3944N3128",14687.9246325
"9680","1kmE3944N3129",17158.938825
"9681","1kmE3944N3130",17956.802766
"9682","1kmE3944N3131",16274.065475
"9683","1kmE3944N3132",14645.3254485
"9684","1kmE3944N3133",15102.320783
"9685","1kmE3944N3134",15776.85759
"9686","1kmE3944N3135",18437.125861
"9687","1kmE3944N3136",15801.2076755
"9688","1kmE3944N3137",21590.376202
"9689","1kmE3944N3138",16926.8804155
"9690","1kmE3944N3139",14901.340296
"9691","1kmE3944N3140",10343.4678175
"9692","1kmE3944N3141",10168.0529315
"9693","1kmE3944N3142",8630.0502165
"9694","1kmE3944N3143",8106.468436
"9695","1kmE3944N3144",11258.3198355
"9696","1kmE3944N3145",10112.2619445
"9697","1kmE3944N3146",8448.0236065
"9698","1kmE3944N3147",8165.281762
"9699","1kmE3944N3148",7959.239155
"9700","1kmE3944N3149",7863.3427715
"9701","1kmE3944N3150",8217.041493
"9702","1kmE3944N3151",12712.1287445
"9703","1kmE3944N3152",13942.8820455
"9704","1kmE3944N3153",13730.2735525
"9705","1kmE3944N3154",11699.354714
"9706","1kmE3944N3155",10228.584965
"9707","1kmE3944N3156",7203.578792
"9708","1kmE3944N3157",6424.739407
"9709","1kmE3944N3158",4548.4875855
"9710","1kmE3944N3159",3074.6493925
"9711","1kmE3944N3160",1241.4044695
"9712","1kmE3944N3161",1101.979879
"9713","1kmE3945N3073",205.016388
"9714","1kmE3945N3088",5050.8329195
"9715","1kmE3945N3089",8655.668146
"9716","1kmE3945N3090",16346.6029055
"9717","1kmE3945N3091",17959.500618
"9718","1kmE3945N3092",17347.419515
"9719","1kmE3945N3093",16933.608882
"9720","1kmE3945N3094",19038.4986485
"9721","1kmE3945N3095",19221.8954295
"9722","1kmE3945N3096",18039.8579815
"9723","1kmE3945N3097",18610.2288315
"9724","1kmE3945N3098",17673.786664
"9725","1kmE3945N3099",16621.8713615
"9726","1kmE3945N3100",16817.5019675
"9727","1kmE3945N3101",17044.6901955
"9728","1kmE3945N3102",16136.565715
"9729","1kmE3945N3103",15150.0930455
"9730","1kmE3945N3104",16165.115348
"9731","1kmE3945N3105",15134.0037225
"9732","1kmE3945N3106",13505.804505
"9733","1kmE3945N3107",12298.588522
"9734","1kmE3945N3108",14812.900507
"9735","1kmE3945N3109",15189.2862995
"9736","1kmE3945N3110",13172.1278605
"9737","1kmE3945N3111",11971.953434
"9738","1kmE3945N3112",9333.011742
"9739","1kmE3945N3113",9883.383462
"9740","1kmE3945N3114",10145.4364235
"9741","1kmE3945N3115",8644.7071705
"9742","1kmE3945N3116",4812.9327945
"9743","1kmE3945N3117",6173.7907105
"9744","1kmE3945N3118",7606.421655
"9745","1kmE3945N3119",5180.1856175
"9746","1kmE3945N3120",5445.935096
"9747","1kmE3945N3121",7183.321794
"9748","1kmE3945N3122",4156.0592485
"9749","1kmE3945N3123",3738.4395535
"9750","1kmE3945N3124",3443.410763
"9751","1kmE3945N3125",4578.12964
"9752","1kmE3945N3126",16066.4224105
"9753","1kmE3945N3127",17009.7180835
"9754","1kmE3945N3128",14196.36539
"9755","1kmE3945N3129",16337.852544
"9756","1kmE3945N3130",17657.7252435
"9757","1kmE3945N3131",18269.502443
"9758","1kmE3945N3132",14723.2520915
"9759","1kmE3945N3133",14611.2857895
"9760","1kmE3945N3134",16829.4195805
"9761","1kmE3945N3135",18492.9624105
"9762","1kmE3945N3136",14662.0822785
"9763","1kmE3945N3137",14611.0741395
"9764","1kmE3945N3138",13116.4205835
"9765","1kmE3945N3139",14430.8736125
"9766","1kmE3945N3140",8191.5602635
"9767","1kmE3945N3141",7844.9496815
"9768","1kmE3945N3142",6938.8102875
"9769","1kmE3945N3143",6811.733933
"9770","1kmE3945N3144",9504.593741
"9771","1kmE3945N3145",10532.450329
"9772","1kmE3945N3146",7378.4527455
"9773","1kmE3945N3147",6665.5971205
"9774","1kmE3945N3148",6778.332678
"9775","1kmE3945N3149",7061.4008485
"9776","1kmE3945N3150",8269.0372655
"9777","1kmE3945N3151",13003.972984
"9778","1kmE3945N3152",15729.6280035
"9779","1kmE3945N3153",16118.5166555
"9780","1kmE3945N3154",15990.4162175
"9781","1kmE3945N3155",11328.866108
"9782","1kmE3945N3156",6508.99337
"9783","1kmE3945N3157",5731.772942
"9784","1kmE3945N3158",4821.3337765
"9785","1kmE3945N3159",3059.210553
"9786","1kmE3945N3160",1760.563501
"9787","1kmE3945N3161",403.896445
"9788","1kmE3946N3078",205.01639
"9789","1kmE3946N3088",6604.9663805
"9790","1kmE3946N3089",9856.3175175
"9791","1kmE3946N3090",15414.5377795
"9792","1kmE3946N3091",18317.0704145
"9793","1kmE3946N3092",15035.5666825
"9794","1kmE3946N3093",14596.245813
"9795","1kmE3946N3094",17143.885346
"9796","1kmE3946N3095",18450.0141245
"9797","1kmE3946N3096",17772.973543
"9798","1kmE3946N3097",17724.2793585
"9799","1kmE3946N3098",17519.8885395
"9800","1kmE3946N3099",15739.0431015
"9801","1kmE3946N3100",11048.823106
"9802","1kmE3946N3101",11094.671442
"9803","1kmE3946N3102",13562.4155885
"9804","1kmE3946N3103",12495.8842935
"9805","1kmE3946N3104",13880.7337725
"9806","1kmE3946N3105",12237.1814275
"9807","1kmE3946N3106",11161.5056275
"9808","1kmE3946N3107",11490.398398
"9809","1kmE3946N3108",15293.864742
"9810","1kmE3946N3109",13593.162792
"9811","1kmE3946N3110",12952.027946
"9812","1kmE3946N3111",13009.3324825
"9813","1kmE3946N3112",13216.9904915
"9814","1kmE3946N3113",9699.012955
"9815","1kmE3946N3114",8839.5665945
"9816","1kmE3946N3115",7482.404446
"9817","1kmE3946N3116",5394.500701
"9818","1kmE3946N3117",6434.622217
"9819","1kmE3946N3118",8203.25873
"9820","1kmE3946N3119",5922.2203395
"9821","1kmE3946N3120",9144.274
"9822","1kmE3946N3121",10603.115727
"9823","1kmE3946N3122",6019.8378535
"9824","1kmE3946N3123",3525.964568
"9825","1kmE3946N3124",3156.0061065
"9826","1kmE3946N3125",4672.5341775
"9827","1kmE3946N3126",13049.2716375
"9828","1kmE3946N3127",13025.377181
"9829","1kmE3946N3128",13767.7144575
"9830","1kmE3946N3129",15143.923885
"9831","1kmE3946N3130",16636.151041
"9832","1kmE3946N3131",16364.889599
"9833","1kmE3946N3132",16709.357706
"9834","1kmE3946N3133",14287.9974225
"9835","1kmE3946N3134",18938.3554225
"9836","1kmE3946N3135",18636.3311985
"9837","1kmE3946N3136",14341.6061085
"9838","1kmE3946N3137",12808.910341
"9839","1kmE3946N3138",16400.2767115
"9840","1kmE3946N3139",13703.2674065
"9841","1kmE3946N3140",9818.185149
"9842","1kmE3946N3141",6279.209842
"9843","1kmE3946N3142",8624.664243
"9844","1kmE3946N3143",8506.6353785
"9845","1kmE3946N3144",9122.323046
"9846","1kmE3946N3145",8858.887159
"9847","1kmE3946N3146",6278.1399255
"9848","1kmE3946N3147",6962.3553475
"9849","1kmE3946N3148",4110.325827
"9850","1kmE3946N3149",4744.5730615
"9851","1kmE3946N3150",8460.033354
"9852","1kmE3946N3151",10497.247968
"9853","1kmE3946N3152",13001.7501475
"9854","1kmE3946N3153",15928.492951
"9855","1kmE3946N3154",16585.807276
"9856","1kmE3946N3155",13415.297638
"9857","1kmE3946N3156",7436.337327
"9858","1kmE3946N3157",6922.1115735
"9859","1kmE3946N3158",4394.5879765
"9860","1kmE3946N3159",4054.0721235
"9861","1kmE3946N3160",1349.784164
"9862","1kmE3946N3161",719.565974999999
"9863","1kmE3947N3082",205.0163895
"9864","1kmE3947N3088",6899.1330085
"9865","1kmE3947N3089",9425.019653
"9866","1kmE3947N3090",14324.887333
"9867","1kmE3947N3091",15102.011408
"9868","1kmE3947N3092",13491.4304435
"9869","1kmE3947N3093",12378.18493
"9870","1kmE3947N3094",17691.412141
"9871","1kmE3947N3095",17686.427134
"9872","1kmE3947N3096",18420.512185
"9873","1kmE3947N3097",18368.3293385
"9874","1kmE3947N3098",18566.706044
"9875","1kmE3947N3099",17472.214903
"9876","1kmE3947N3100",12980.3969275
"9877","1kmE3947N3101",11515.744293
"9878","1kmE3947N3102",13312.9426945
"9879","1kmE3947N3103",11477.3040575
"9880","1kmE3947N3104",9983.54024
"9881","1kmE3947N3105",8685.2172025
"9882","1kmE3947N3106",10110.185482
"9883","1kmE3947N3107",10197.87804
"9884","1kmE3947N3108",7524.5970765
"9885","1kmE3947N3109",7116.5265805
"9886","1kmE3947N3110",13322.880853
"9887","1kmE3947N3111",12850.018953
"9888","1kmE3947N3112",9922.0252125
"9889","1kmE3947N3113",8661.3152925
"9890","1kmE3947N3114",9000.980105
"9891","1kmE3947N3115",7959.662954
"9892","1kmE3947N3116",4102.3563165
"9893","1kmE3947N3117",3509.69136
"9894","1kmE3947N3118",7573.973238
"9895","1kmE3947N3119",8020.2747365
"9896","1kmE3947N3120",7027.4943175
"9897","1kmE3947N3121",6133.0673555
"9898","1kmE3947N3122",6435.466859
"9899","1kmE3947N3123",3728.2475755
"9900","1kmE3947N3124",4627.7085345
"9901","1kmE3947N3125",4563.208864
"9902","1kmE3947N3126",6782.1452185
"9903","1kmE3947N3127",12808.069973
"9904","1kmE3947N3128",13248.315732
"9905","1kmE3947N3129",14297.4058805
"9906","1kmE3947N3130",13730.3079125
"9907","1kmE3947N3131",14540.0735075
"9908","1kmE3947N3132",15547.8984905
"9909","1kmE3947N3133",14780.404745
"9910","1kmE3947N3134",15667.5205155
"9911","1kmE3947N3135",14051.0290975
"9912","1kmE3947N3136",14351.6739345
"9913","1kmE3947N3137",13845.405201
"9914","1kmE3947N3138",15153.4458545
"9915","1kmE3947N3139",13425.9707165
"9916","1kmE3947N3140",14386.7505975
"9917","1kmE3947N3141",13638.6175015
"9918","1kmE3947N3142",8886.503098
"9919","1kmE3947N3143",8088.5567055
"9920","1kmE3947N3144",7825.7791815
"9921","1kmE3947N3145",9252.2625235
"9922","1kmE3947N3146",5207.358772
"9923","1kmE3947N3147",6202.7887925
"9924","1kmE3947N3148",4999.552895
"9925","1kmE3947N3149",4407.6000685
"9926","1kmE3947N3150",11370.469141
"9927","1kmE3947N3151",13368.0422985
"9928","1kmE3947N3152",10212.3590285
"9929","1kmE3947N3153",11896.0001235
"9930","1kmE3947N3154",15163.148365
"9931","1kmE3947N3155",13445.314352
"9932","1kmE3947N3156",4742.052074
"9933","1kmE3947N3157",5414.715196
"9934","1kmE3947N3158",5249.8711295
"9935","1kmE3947N3159",3692.5751655
"9936","1kmE3947N3160",2083.162435
"9937","1kmE3947N3161",945.359022
"9938","1kmE3948N3088",5222.5710505
"9939","1kmE3948N3089",8160.402468
"9940","1kmE3948N3090",11850.346391
"9941","1kmE3948N3091",14410.99193
"9942","1kmE3948N3092",14778.5714535
"9943","1kmE3948N3093",15244.8924105
"9944","1kmE3948N3094",19099.7818735
"9945","1kmE3948N3095",19243.25046
"9946","1kmE3948N3096",20104.7004255
"9947","1kmE3948N3097",20976.953506
"9948","1kmE3948N3098",19523.0301785
"9949","1kmE3948N3099",18448.7980125
"9950","1kmE3948N3100",18203.908032
"9951","1kmE3948N3101",15313.5748965
"9952","1kmE3948N3102",15809.4580065
"9953","1kmE3948N3103",15018.280883
"9954","1kmE3948N3104",15680.4343575
"9955","1kmE3948N3105",14162.518533
"9956","1kmE3948N3106",13192.6990165
"9957","1kmE3948N3107",11800.758338
"9958","1kmE3948N3108",13174.8523365
"9959","1kmE3948N3109",10109.3772915
"9960","1kmE3948N3110",10493.818065
"9961","1kmE3948N3111",9471.401182
"9962","1kmE3948N3112",6666.7129945
"9963","1kmE3948N3113",7995.159024
"9964","1kmE3948N3114",7558.9304895
"9965","1kmE3948N3115",5946.2637685
"9966","1kmE3948N3116",2693.6652695
"9967","1kmE3948N3117",4343.1641555
"9968","1kmE3948N3118",6858.6982255
"9969","1kmE3948N3119",6620.2512995
"9970","1kmE3948N3120",4368.202895
"9971","1kmE3948N3121",7932.1009715
"9972","1kmE3948N3122",9596.0129905
"9973","1kmE3948N3123",4172.233735
"9974","1kmE3948N3124",2616.962675
"9975","1kmE3948N3125",3593.437114
"9976","1kmE3948N3126",4336.739889
"9977","1kmE3948N3127",6299.7762255
"9978","1kmE3948N3128",9566.654545
"9979","1kmE3948N3129",7311.4099505
"9980","1kmE3948N3130",7677.717078
"9981","1kmE3948N3131",8165.1337565
"9982","1kmE3948N3132",11928.806201
"9983","1kmE3948N3133",13528.9485175
"9984","1kmE3948N3134",13474.5910115
"9985","1kmE3948N3135",13298.942828
"9986","1kmE3948N3136",14736.644863
"9987","1kmE3948N3137",13028.3491265
"9988","1kmE3948N3138",14528.513966
"9989","1kmE3948N3139",15136.1339325
"9990","1kmE3948N3140",15460.330205
"9991","1kmE3948N3141",16526.983702
"9992","1kmE3948N3142",13799.053537
"9993","1kmE3948N3143",6017.231223
"9994","1kmE3948N3144",6416.4371385
"9995","1kmE3948N3145",6307.174065
"9996","1kmE3948N3146",5170.987775
"9997","1kmE3948N3147",6279.2557265
"9998","1kmE3948N3148",7768.5510755
"9999","1kmE3948N3149",9395.788719
"10000","1kmE3948N3150",9625.5067925
"10001","1kmE3948N3151",10773.8876075
"10002","1kmE3948N3152",9232.483875
"10003","1kmE3948N3153",10618.4304315
"10004","1kmE3948N3154",11061.8089335
"10005","1kmE3948N3155",8681.7470135
"10006","1kmE3948N3156",5453.602103
"10007","1kmE3948N3157",6031.7115355
"10008","1kmE3948N3158",5927.0224835
"10009","1kmE3948N3159",4608.543622
"10010","1kmE3948N3160",2252.237385
"10011","1kmE3948N3161",2289.0725175
"10012","1kmE3948N3162",1244.1072205
"10013","1kmE3948N3163",1446.802945
"10014","1kmE3948N3164",874.441131
"10015","1kmE3949N3083",205.01639
"10016","1kmE3949N3086",205.0163905
"10017","1kmE3949N3088",1699.5129995
"10018","1kmE3949N3089",7598.14592
"10019","1kmE3949N3090",10450.0456955
"10020","1kmE3949N3091",11733.028049
"10021","1kmE3949N3092",11815.802005
"10022","1kmE3949N3093",12920.483438
"10023","1kmE3949N3094",15750.969987
"10024","1kmE3949N3095",17504.428763
"10025","1kmE3949N3096",20223.0992385
"10026","1kmE3949N3097",21632.233066
"10027","1kmE3949N3098",20300.998288
"10028","1kmE3949N3099",20076.1084635
"10029","1kmE3949N3100",21062.0764025
"10030","1kmE3949N3101",19115.5041475
"10031","1kmE3949N3102",20002.1246315
"10032","1kmE3949N3103",17778.017975
"10033","1kmE3949N3104",18965.6919445
"10034","1kmE3949N3105",19339.538281
"10035","1kmE3949N3106",17161.180572
"10036","1kmE3949N3107",14439.074817
"10037","1kmE3949N3108",16397.3957565
"10038","1kmE3949N3109",13598.420727
"10039","1kmE3949N3110",10902.8032965
"10040","1kmE3949N3111",9035.5763195
"10041","1kmE3949N3112",9254.118084
"10042","1kmE3949N3113",9325.9556655
"10043","1kmE3949N3114",8383.7297515
"10044","1kmE3949N3115",5436.0642485
"10045","1kmE3949N3116",3458.5322475
"10046","1kmE3949N3117",3002.3826665
"10047","1kmE3949N3118",4627.276915
"10048","1kmE3949N3119",3739.310164
"10049","1kmE3949N3120",6000.525999
"10050","1kmE3949N3121",6295.6442265
"10051","1kmE3949N3122",8290.8698155
"10052","1kmE3949N3123",3533.373808
"10053","1kmE3949N3124",3250.16472
"10054","1kmE3949N3125",3705.388131
"10055","1kmE3949N3126",5992.8822015
"10056","1kmE3949N3127",6080.8419825
"10057","1kmE3949N3128",6281.3427595
"10058","1kmE3949N3129",5478.2401255
"10059","1kmE3949N3130",8613.0207395
"10060","1kmE3949N3131",5441.558976
"10061","1kmE3949N3132",8068.476453
"10062","1kmE3949N3133",10177.2227915
"10063","1kmE3949N3134",12011.553391
"10064","1kmE3949N3135",14005.9746755
"10065","1kmE3949N3136",14533.246133
"10066","1kmE3949N3137",11488.773315
"10067","1kmE3949N3138",15691.564809
"10068","1kmE3949N3139",16735.7597945
"10069","1kmE3949N3140",18263.8578975
"10070","1kmE3949N3141",15917.9852485
"10071","1kmE3949N3142",14156.635468
"10072","1kmE3949N3143",8092.808037
"10073","1kmE3949N3144",6034.1770875
"10074","1kmE3949N3145",5980.792089
"10075","1kmE3949N3146",4029.2144665
"10076","1kmE3949N3147",7832.590793
"10077","1kmE3949N3148",11425.7924975
"10078","1kmE3949N3149",10377.8737115
"10079","1kmE3949N3150",5360.0189375
"10080","1kmE3949N3151",7233.535714
"10081","1kmE3949N3152",9253.19761
"10082","1kmE3949N3153",9151.2062535
"10083","1kmE3949N3154",6431.503457
"10084","1kmE3949N3155",6307.0833295
"10085","1kmE3949N3156",7018.9882425
"10086","1kmE3949N3157",6684.8812005
"10087","1kmE3949N3158",7058.714742
"10088","1kmE3949N3159",6422.9583745
"10089","1kmE3949N3160",3078.997498
"10090","1kmE3949N3161",1608.7425845
"10091","1kmE3949N3162",2019.19724
"10092","1kmE3949N3163",909.0447615
"10093","1kmE3949N3164",2477.176135
"10094","1kmE3949N3165",939.2084845
"10095","1kmE3949N3166",205.01639
"10096","1kmE3950N3089",6942.8831875
"10097","1kmE3950N3090",10858.057567
"10098","1kmE3950N3091",11073.245026
"10099","1kmE3950N3092",10794.5142825
"10100","1kmE3950N3093",14237.357628
"10101","1kmE3950N3094",16081.1495365
"10102","1kmE3950N3095",15681.934546
"10103","1kmE3950N3096",16259.3989335
"10104","1kmE3950N3097",18926.9579935
"10105","1kmE3950N3098",18725.3418475
"10106","1kmE3950N3099",18847.236119
"10107","1kmE3950N3100",20482.8780885
"10108","1kmE3950N3101",18918.290821
"10109","1kmE3950N3102",21230.349721
"10110","1kmE3950N3103",18502.361876
"10111","1kmE3950N3104",17146.050096
"10112","1kmE3950N3105",18972.8680175
"10113","1kmE3950N3106",17268.485169
"10114","1kmE3950N3107",15864.7662295
"10115","1kmE3950N3108",17687.3572935
"10116","1kmE3950N3109",15537.971991
"10117","1kmE3950N3110",13802.437077
"10118","1kmE3950N3111",10151.9342225
"10119","1kmE3950N3112",10842.5921185
"10120","1kmE3950N3113",10854.507116
"10121","1kmE3950N3114",9738.440687
"10122","1kmE3950N3115",5216.384619
"10123","1kmE3950N3116",7900.8354075
"10124","1kmE3950N3117",7060.2182775
"10125","1kmE3950N3118",7480.9986245
"10126","1kmE3950N3119",9882.4621695
"10127","1kmE3950N3120",10718.6803315
"10128","1kmE3950N3121",10784.6693545
"10129","1kmE3950N3122",11835.788389
"10130","1kmE3950N3123",8786.7092595
"10131","1kmE3950N3124",4905.9097705
"10132","1kmE3950N3125",5774.8915945
"10133","1kmE3950N3126",8941.521259
"10134","1kmE3950N3127",8502.6024195
"10135","1kmE3950N3128",4158.660738
"10136","1kmE3950N3129",6836.06961
"10137","1kmE3950N3130",7102.4729675
"10138","1kmE3950N3131",6868.855198
"10139","1kmE3950N3132",7695.6775275
"10140","1kmE3950N3133",7710.224786
"10141","1kmE3950N3134",10238.123284
"10142","1kmE3950N3135",11360.3726225
"10143","1kmE3950N3136",10270.307817
"10144","1kmE3950N3137",13485.357507
"10145","1kmE3950N3138",16571.328419
"10146","1kmE3950N3139",16366.971923
"10147","1kmE3950N3140",16778.0119635
"10148","1kmE3950N3141",16524.2719415
"10149","1kmE3950N3142",14748.8596985
"10150","1kmE3950N3143",9007.839532
"10151","1kmE3950N3144",2851.906146
"10152","1kmE3950N3145",2261.702735
"10153","1kmE3950N3146",4735.461861
"10154","1kmE3950N3147",3929.9494125
"10155","1kmE3950N3148",4880.710116
"10156","1kmE3950N3149",5190.971311
"10157","1kmE3950N3150",3643.569916
"10158","1kmE3950N3151",5006.330415
"10159","1kmE3950N3152",5394.21171
"10160","1kmE3950N3153",1516.336392
"10161","1kmE3950N3154",5380.1713565
"10162","1kmE3950N3155",5769.9244015
"10163","1kmE3950N3156",4207.112718
"10164","1kmE3950N3157",4274.0702335
"10165","1kmE3950N3158",6385.977161
"10166","1kmE3950N3159",7779.551165
"10167","1kmE3950N3160",2390.1041205
"10168","1kmE3950N3161",1798.7041215
"10169","1kmE3950N3162",1256.7141675
"10170","1kmE3950N3163",2060.8597965
"10171","1kmE3950N3164",1557.884838
"10172","1kmE3950N3165",1744.201032
"10173","1kmE3950N3166",1167.762992
"10174","1kmE3951N3071",205.0163905
"10175","1kmE3951N3089",4037.818299
"10176","1kmE3951N3090",10154.542717
"10177","1kmE3951N3091",13232.437489
"10178","1kmE3951N3092",13138.5437645
"10179","1kmE3951N3093",14518.1029605
"10180","1kmE3951N3094",16408.0420825
"10181","1kmE3951N3095",16010.3766255
"10182","1kmE3951N3096",16414.706107
"10183","1kmE3951N3097",17754.477107
"10184","1kmE3951N3098",19820.3708875
"10185","1kmE3951N3099",16341.630717
"10186","1kmE3951N3100",16878.0925565
"10187","1kmE3951N3101",19163.880889
"10188","1kmE3951N3102",21299.471649
"10189","1kmE3951N3103",20528.848539
"10190","1kmE3951N3104",19017.336323
"10191","1kmE3951N3105",18142.3714285
"10192","1kmE3951N3106",16651.4161915
"10193","1kmE3951N3107",15641.0174245
"10194","1kmE3951N3108",14749.6850175
"10195","1kmE3951N3109",15252.5606575
"10196","1kmE3951N3110",12736.509101
"10197","1kmE3951N3111",9132.9713755
"10198","1kmE3951N3112",7679.542489
"10199","1kmE3951N3113",9323.4565245
"10200","1kmE3951N3114",10368.235467
"10201","1kmE3951N3115",5362.0700905
"10202","1kmE3951N3116",5728.416615
"10203","1kmE3951N3117",7589.793659
"10204","1kmE3951N3118",9352.1813435
"10205","1kmE3951N3119",11819.6221125
"10206","1kmE3951N3120",11225.82623
"10207","1kmE3951N3121",11062.819148
"10208","1kmE3951N3122",12323.546169
"10209","1kmE3951N3123",6732.7886715
"10210","1kmE3951N3124",5717.0087705
"10211","1kmE3951N3125",6925.9995635
"10212","1kmE3951N3126",11110.9999465
"10213","1kmE3951N3127",8821.3316175
"10214","1kmE3951N3128",5214.4930255
"10215","1kmE3951N3129",5456.6052855
"10216","1kmE3951N3130",10019.746505
"10217","1kmE3951N3131",13072.700985
"10218","1kmE3951N3132",10809.756156
"10219","1kmE3951N3133",10914.4616325
"10220","1kmE3951N3134",11078.6205645
"10221","1kmE3951N3135",14327.79124
"10222","1kmE3951N3136",15702.1209965
"10223","1kmE3951N3137",14200.732877
"10224","1kmE3951N3138",15659.066892
"10225","1kmE3951N3139",16331.402786
"10226","1kmE3951N3140",16040.0248835
"10227","1kmE3951N3141",14206.219077
"10228","1kmE3951N3142",13904.016148
"10229","1kmE3951N3143",6920.8360125
"10230","1kmE3951N3144",3614.0287865
"10231","1kmE3951N3145",3626.245747
"10232","1kmE3951N3146",7067.2378375
"10233","1kmE3951N3147",8054.3609395
"10234","1kmE3951N3148",8666.431033
"10235","1kmE3951N3149",4871.2757605
"10236","1kmE3951N3150",4311.82502
"10237","1kmE3951N3151",5104.1282035
"10238","1kmE3951N3152",5734.410623
"10239","1kmE3951N3153",1805.9876875
"10240","1kmE3951N3154",5709.7710355
"10241","1kmE3951N3155",6238.9396985
"10242","1kmE3951N3156",3774.779803
"10243","1kmE3951N3157",3877.3155115
"10244","1kmE3951N3158",4777.222902
"10245","1kmE3951N3159",4384.1990465
"10246","1kmE3951N3160",4785.816767
"10247","1kmE3951N3161",3171.5214085
"10248","1kmE3951N3162",3212.8139015
"10249","1kmE3951N3163",1695.222444
"10250","1kmE3951N3164",1694.7039905
"10251","1kmE3951N3165",2294.02444
"10252","1kmE3951N3166",1540.513217
"10253","1kmE3951N3167",205.01639
"10254","1kmE3951N3172",205.016391
"10255","1kmE3952N3089",668.866635
"10256","1kmE3952N3090",11907.0962115
"10257","1kmE3952N3091",14690.8522395
"10258","1kmE3952N3092",13341.093632
"10259","1kmE3952N3093",15746.430043
"10260","1kmE3952N3094",18994.102894
"10261","1kmE3952N3095",18992.6188135
"10262","1kmE3952N3096",19650.6906765
"10263","1kmE3952N3097",17587.592166
"10264","1kmE3952N3098",19482.1397935
"10265","1kmE3952N3099",16466.2747215
"10266","1kmE3952N3100",15877.0147285
"10267","1kmE3952N3101",17110.64122
"10268","1kmE3952N3102",20651.155894
"10269","1kmE3952N3103",20895.2524615
"10270","1kmE3952N3104",21224.89478
"10271","1kmE3952N3105",20241.1259585
"10272","1kmE3952N3106",18325.0213225
"10273","1kmE3952N3107",12253.3513015
"10274","1kmE3952N3108",14967.6237355
"10275","1kmE3952N3109",16932.86426
"10276","1kmE3952N3110",14054.927413
"10277","1kmE3952N3111",7971.74604
"10278","1kmE3952N3112",7442.941043
"10279","1kmE3952N3113",8704.4780725
"10280","1kmE3952N3114",9314.332742
"10281","1kmE3952N3115",7067.011836
"10282","1kmE3952N3116",4528.57891
"10283","1kmE3952N3117",9309.190793
"10284","1kmE3952N3118",9687.4038715
"10285","1kmE3952N3119",12031.7351105
"10286","1kmE3952N3120",12423.592153
"10287","1kmE3952N3121",10163.562152
"10288","1kmE3952N3122",12862.2911935
"10289","1kmE3952N3123",6864.536153
"10290","1kmE3952N3124",4844.9357605
"10291","1kmE3952N3125",5319.608184
"10292","1kmE3952N3126",8424.9798075
"10293","1kmE3952N3127",7833.477303
"10294","1kmE3952N3128",5495.4844775
"10295","1kmE3952N3129",6898.6742785
"10296","1kmE3952N3130",11629.3742785
"10297","1kmE3952N3131",10834.88383
"10298","1kmE3952N3132",11804.7186315
"10299","1kmE3952N3133",12147.0708945
"10300","1kmE3952N3134",13404.3790085
"10301","1kmE3952N3135",13973.8454095
"10302","1kmE3952N3136",18939.476077
"10303","1kmE3952N3137",16099.4275025
"10304","1kmE3952N3138",14562.2068505
"10305","1kmE3952N3139",16993.496005
"10306","1kmE3952N3140",16751.5883275
"10307","1kmE3952N3141",16393.606418
"10308","1kmE3952N3142",12826.4684335
"10309","1kmE3952N3143",7644.718065
"10310","1kmE3952N3144",6593.1826255
"10311","1kmE3952N3145",8628.585348
"10312","1kmE3952N3146",11217.023601
"10313","1kmE3952N3147",12484.6601865
"10314","1kmE3952N3148",9950.995039
"10315","1kmE3952N3149",6170.600435
"10316","1kmE3952N3150",5909.019923
"10317","1kmE3952N3151",3287.02817
"10318","1kmE3952N3152",2737.41592
"10319","1kmE3952N3153",6387.022477
"10320","1kmE3952N3154",7756.8333645
"10321","1kmE3952N3155",6560.545554
"10322","1kmE3952N3156",6441.997274
"10323","1kmE3952N3157",8428.2165855
"10324","1kmE3952N3158",8136.1828645
"10325","1kmE3952N3159",7479.6008935
"10326","1kmE3952N3160",7037.5353705
"10327","1kmE3952N3161",7342.16647
"10328","1kmE3952N3162",4490.1786885
"10329","1kmE3952N3163",2164.33599
"10330","1kmE3952N3164",2029.1702075
"10331","1kmE3952N3165",1794.4862845
"10332","1kmE3952N3166",2169.5408715
"10333","1kmE3952N3167",205.0163895
"10334","1kmE3953N3077",205.0163905
"10335","1kmE3953N3089",3609.9647235
"10336","1kmE3953N3090",7960.665307
"10337","1kmE3953N3091",7593.7261425
"10338","1kmE3953N3092",8923.3325135
"10339","1kmE3953N3093",12262.0875095
"10340","1kmE3953N3094",16412.785668
"10341","1kmE3953N3095",19360.1429685
"10342","1kmE3953N3096",18736.329053
"10343","1kmE3953N3097",17607.346981
"10344","1kmE3953N3098",17083.5992895
"10345","1kmE3953N3099",15975.0469235
"10346","1kmE3953N3100",16835.7969045
"10347","1kmE3953N3101",17427.9142975
"10348","1kmE3953N3102",19222.108751
"10349","1kmE3953N3103",21330.41082
"10350","1kmE3953N3104",21911.1215755
"10351","1kmE3953N3105",21638.8883635
"10352","1kmE3953N3106",20764.044631
"10353","1kmE3953N3107",19088.0281125
"10354","1kmE3953N3108",20791.9466225
"10355","1kmE3953N3109",20382.7441775
"10356","1kmE3953N3110",16057.1448975
"10357","1kmE3953N3111",11014.140237
"10358","1kmE3953N3112",11044.477025
"10359","1kmE3953N3113",13186.262586
"10360","1kmE3953N3114",10139.50287
"10361","1kmE3953N3115",6578.838492
"10362","1kmE3953N3116",6263.4767625
"10363","1kmE3953N3117",7485.368075
"10364","1kmE3953N3118",10728.7288565
"10365","1kmE3953N3119",9244.13037
"10366","1kmE3953N3120",12037.0349285
"10367","1kmE3953N3121",10527.485975
"10368","1kmE3953N3122",10897.0522715
"10369","1kmE3953N3123",8736.638949
"10370","1kmE3953N3124",6487.8736275
"10371","1kmE3953N3125",5304.2545675
"10372","1kmE3953N3126",10746.9123785
"10373","1kmE3953N3127",11109.560398
"10374","1kmE3953N3128",6267.220071
"10375","1kmE3953N3129",7265.7620455
"10376","1kmE3953N3130",11015.977598
"10377","1kmE3953N3131",11945.2436095
"10378","1kmE3953N3132",10863.866041
"10379","1kmE3953N3133",12263.1680685
"10380","1kmE3953N3134",14029.529636
"10381","1kmE3953N3135",13995.333923
"10382","1kmE3953N3136",17200.494016
"10383","1kmE3953N3137",17953.4467585
"10384","1kmE3953N3138",17876.507342
"10385","1kmE3953N3139",14987.729993
"10386","1kmE3953N3140",13104.819244
"10387","1kmE3953N3141",12353.9035155
"10388","1kmE3953N3142",13307.8256035
"10389","1kmE3953N3143",9788.2464685
"10390","1kmE3953N3144",10030.2065155
"10391","1kmE3953N3145",9290.0107825
"10392","1kmE3953N3146",9161.999319
"10393","1kmE3953N3147",7373.188825
"10394","1kmE3953N3148",8702.732068
"10395","1kmE3953N3149",8460.399286
"10396","1kmE3953N3150",9247.6378555
"10397","1kmE3953N3151",5676.4775755
"10398","1kmE3953N3152",4349.2833825
"10399","1kmE3953N3153",4920.206942
"10400","1kmE3953N3154",6182.6073665
"10401","1kmE3953N3155",5011.808352
"10402","1kmE3953N3156",5456.662729
"10403","1kmE3953N3157",7672.4122635
"10404","1kmE3953N3158",8537.319466
"10405","1kmE3953N3159",9789.011872
"10406","1kmE3953N3160",5816.859956
"10407","1kmE3953N3161",3145.869921
"10408","1kmE3953N3162",3752.6734285
"10409","1kmE3953N3163",4392.853822
"10410","1kmE3953N3164",4977.0034195
"10411","1kmE3953N3165",3568.673843
"10412","1kmE3953N3166",1242.3445825
"10413","1kmE3953N3167",572.5185015
"10414","1kmE3954N3079",205.0163905
"10415","1kmE3954N3087",205.01639
"10416","1kmE3954N3088",1690.133441
"10417","1kmE3954N3089",9037.385121
"10418","1kmE3954N3090",8806.1145455
"10419","1kmE3954N3091",7351.2058445
"10420","1kmE3954N3092",5655.4805745
"10421","1kmE3954N3093",14721.801339
"10422","1kmE3954N3094",17160.244877
"10423","1kmE3954N3095",16524.9872495
"10424","1kmE3954N3096",15342.288092
"10425","1kmE3954N3097",17603.7143885
"10426","1kmE3954N3098",16862.3245
"10427","1kmE3954N3099",10813.8717815
"10428","1kmE3954N3100",11199.2427765
"10429","1kmE3954N3101",17255.922893
"10430","1kmE3954N3102",18249.6787075
"10431","1kmE3954N3103",19112.222772
"10432","1kmE3954N3104",20310.621439
"10433","1kmE3954N3105",22108.560159
"10434","1kmE3954N3106",21209.447749
"10435","1kmE3954N3107",19268.8306355
"10436","1kmE3954N3108",21135.9988425
"10437","1kmE3954N3109",21585.195556
"10438","1kmE3954N3110",19555.655916
"10439","1kmE3954N3111",12046.1464775
"10440","1kmE3954N3112",13550.6663185
"10441","1kmE3954N3113",12429.814043
"10442","1kmE3954N3114",9041.1633255
"10443","1kmE3954N3115",5600.177231
"10444","1kmE3954N3116",6550.597988
"10445","1kmE3954N3117",6298.9174575
"10446","1kmE3954N3118",9535.5789775
"10447","1kmE3954N3119",11248.52993
"10448","1kmE3954N3120",12399.028849
"10449","1kmE3954N3121",10001.791385
"10450","1kmE3954N3122",8040.0224965
"10451","1kmE3954N3123",5500.2274885
"10452","1kmE3954N3124",4332.4633985
"10453","1kmE3954N3125",7305.333472
"10454","1kmE3954N3126",7851.805263
"10455","1kmE3954N3127",4770.2904945
"10456","1kmE3954N3128",3005.587242
"10457","1kmE3954N3129",7183.398662
"10458","1kmE3954N3130",11031.756305
"10459","1kmE3954N3131",13212.4447365
"10460","1kmE3954N3132",13750.2466925
"10461","1kmE3954N3133",15239.66897
"10462","1kmE3954N3134",15490.4826345
"10463","1kmE3954N3135",11011.7075425
"10464","1kmE3954N3136",16956.6069605
"10465","1kmE3954N3137",16506.4993665
"10466","1kmE3954N3138",17843.3053395
"10467","1kmE3954N3139",14617.887469
"10468","1kmE3954N3140",11868.4693595
"10469","1kmE3954N3141",12496.4393275
"10470","1kmE3954N3142",12931.486808
"10471","1kmE3954N3143",11026.0845
"10472","1kmE3954N3144",10616.8799695
"10473","1kmE3954N3145",12111.5555235
"10474","1kmE3954N3146",9422.11647
"10475","1kmE3954N3147",6640.7087035
"10476","1kmE3954N3148",7646.790271
"10477","1kmE3954N3149",7251.5064735
"10478","1kmE3954N3150",7840.2320965
"10479","1kmE3954N3151",4464.139723
"10480","1kmE3954N3152",3868.166814
"10481","1kmE3954N3153",3698.437533
"10482","1kmE3954N3154",6181.7226975
"10483","1kmE3954N3155",7616.4426555
"10484","1kmE3954N3156",7590.0626255
"10485","1kmE3954N3157",7188.4739335
"10486","1kmE3954N3158",4806.394906
"10487","1kmE3954N3159",6537.2776485
"10488","1kmE3954N3160",6104.850761
"10489","1kmE3954N3161",4032.748801
"10490","1kmE3954N3162",5629.7737475
"10491","1kmE3954N3163",7240.356698
"10492","1kmE3954N3164",6047.635209
"10493","1kmE3954N3165",4389.768157
"10494","1kmE3954N3166",4168.477773
"10495","1kmE3955N3086",5548.9244545
"10496","1kmE3955N3087",10889.9045995
"10497","1kmE3955N3088",9519.784297
"10498","1kmE3955N3089",9385.131631
"10499","1kmE3955N3090",8609.2520955
"10500","1kmE3955N3091",10119.1875815
"10501","1kmE3955N3092",9842.666443
"10502","1kmE3955N3093",15605.229903
"10503","1kmE3955N3094",17119.498087
"10504","1kmE3955N3095",17063.805134
"10505","1kmE3955N3096",16902.0128215
"10506","1kmE3955N3097",17125.42222
"10507","1kmE3955N3098",15779.3998905
"10508","1kmE3955N3099",9171.207402
"10509","1kmE3955N3100",9944.6153655
"10510","1kmE3955N3101",16250.6508775
"10511","1kmE3955N3102",18872.2720915
"10512","1kmE3955N3103",18417.330052
"10513","1kmE3955N3104",18680.012084
"10514","1kmE3955N3105",22323.881745
"10515","1kmE3955N3106",23046.676911
"10516","1kmE3955N3107",20082.364013
"10517","1kmE3955N3108",22679.0969955
"10518","1kmE3955N3109",22536.949166
"10519","1kmE3955N3110",19535.024491
"10520","1kmE3955N3111",10697.062912
"10521","1kmE3955N3112",13349.0935155
"10522","1kmE3955N3113",13008.6623415
"10523","1kmE3955N3114",10169.386227
"10524","1kmE3955N3115",4275.025795
"10525","1kmE3955N3116",9706.0181905
"10526","1kmE3955N3117",7203.0548545
"10527","1kmE3955N3118",8586.164567
"10528","1kmE3955N3119",7914.048862
"10529","1kmE3955N3120",8019.562675
"10530","1kmE3955N3121",8308.322268
"10531","1kmE3955N3122",3810.671243
"10532","1kmE3955N3123",4511.5686955
"10533","1kmE3955N3124",5755.9638155
"10534","1kmE3955N3125",3454.937539
"10535","1kmE3955N3126",2902.7936775
"10536","1kmE3955N3127",7759.3838095
"10537","1kmE3955N3128",4205.487102
"10538","1kmE3955N3129",6334.904852
"10539","1kmE3955N3130",14579.5246935
"10540","1kmE3955N3131",15786.466959
"10541","1kmE3955N3132",16445.2276165
"10542","1kmE3955N3133",17850.0423805
"10543","1kmE3955N3134",14304.086591
"10544","1kmE3955N3135",9956.350234
"10545","1kmE3955N3136",10677.2343145
"10546","1kmE3955N3137",10804.682696
"10547","1kmE3955N3138",19054.4017885
"10548","1kmE3955N3139",19098.27692
"10549","1kmE3955N3140",15438.619883
"10550","1kmE3955N3141",14321.3697005
"10551","1kmE3955N3142",12523.8179575
"10552","1kmE3955N3143",9652.568074
"10553","1kmE3955N3144",7932.1322525
"10554","1kmE3955N3145",9347.470819
"10555","1kmE3955N3146",10560.8982955
"10556","1kmE3955N3147",6261.736673
"10557","1kmE3955N3148",8403.4276395
"10558","1kmE3955N3149",7296.3095275
"10559","1kmE3955N3150",7788.032745
"10560","1kmE3955N3151",7791.522907
"10561","1kmE3955N3152",6395.805043
"10562","1kmE3955N3153",9209.633902
"10563","1kmE3955N3154",10843.6759995
"10564","1kmE3955N3155",12271.225921
"10565","1kmE3955N3156",12169.246671
"10566","1kmE3955N3157",11149.319927
"10567","1kmE3955N3158",10431.9937475
"10568","1kmE3955N3159",7462.262778
"10569","1kmE3955N3160",6476.941895
"10570","1kmE3955N3161",9592.447434
"10571","1kmE3955N3162",7306.8070115
"10572","1kmE3955N3163",11822.9097865
"10573","1kmE3955N3164",10733.9121225
"10574","1kmE3955N3165",8479.5425075
"10575","1kmE3955N3166",3676.5152155
"10576","1kmE3955N3167",464.9280295
"10577","1kmE3956N3085",7056.3660415
"10578","1kmE3956N3086",11112.3937975
"10579","1kmE3956N3087",13323.674065
"10580","1kmE3956N3088",13269.6718255
"10581","1kmE3956N3089",11384.387426
"10582","1kmE3956N3090",10880.263408
"10583","1kmE3956N3091",11796.029119
"10584","1kmE3956N3092",12315.6612625
"10585","1kmE3956N3093",16105.109714
"10586","1kmE3956N3094",17033.753464
"10587","1kmE3956N3095",17764.4743805
"10588","1kmE3956N3096",16052.711047
"10589","1kmE3956N3097",17542.364859
"10590","1kmE3956N3098",16714.2812665
"10591","1kmE3956N3099",16329.2080965
"10592","1kmE3956N3100",14850.6183345
"10593","1kmE3956N3101",16606.8300015
"10594","1kmE3956N3102",17414.718924
"10595","1kmE3956N3103",19358.609379
"10596","1kmE3956N3104",19817.838854
"10597","1kmE3956N3105",22328.330581
"10598","1kmE3956N3106",22561.434715
"10599","1kmE3956N3107",19183.124227
"10600","1kmE3956N3108",20652.134438
"10601","1kmE3956N3109",21341.369183
"10602","1kmE3956N3110",19555.2375955
"10603","1kmE3956N3111",14421.7390995
"10604","1kmE3956N3112",12926.678995
"10605","1kmE3956N3113",12075.4350765
"10606","1kmE3956N3114",11516.978015
"10607","1kmE3956N3115",4918.066006
"10608","1kmE3956N3116",9363.9976555
"10609","1kmE3956N3117",5653.7183
"10610","1kmE3956N3118",7935.873705
"10611","1kmE3956N3119",5096.7593115
"10612","1kmE3956N3120",6599.335268
"10613","1kmE3956N3121",7265.684067
"10614","1kmE3956N3122",5813.337461
"10615","1kmE3956N3123",1840.046606
"10616","1kmE3956N3124",2161.615559
"10617","1kmE3956N3125",4973.1738025
"10618","1kmE3956N3126",3556.806198
"10619","1kmE3956N3127",3295.5507165
"10620","1kmE3956N3128",3065.845014
"10621","1kmE3956N3129",8730.122928
"10622","1kmE3956N3130",13070.4381445
"10623","1kmE3956N3131",14020.7360925
"10624","1kmE3956N3132",15590.717166
"10625","1kmE3956N3133",15114.479376
"10626","1kmE3956N3134",13731.4811845
"10627","1kmE3956N3135",10380.2709815
"10628","1kmE3956N3136",12104.3590855
"10629","1kmE3956N3137",14614.457083
"10630","1kmE3956N3138",18019.57982
"10631","1kmE3956N3139",17703.592017
"10632","1kmE3956N3140",17038.0954275
"10633","1kmE3956N3141",19347.779651
"10634","1kmE3956N3142",13987.957452
"10635","1kmE3956N3143",12329.4418465
"10636","1kmE3956N3144",10786.6432705
"10637","1kmE3956N3145",10394.2601865
"10638","1kmE3956N3146",12062.4374365
"10639","1kmE3956N3147",9730.026419
"10640","1kmE3956N3148",15269.4302015
"10641","1kmE3956N3149",10480.2078265
"10642","1kmE3956N3150",6765.606363
"10643","1kmE3956N3151",5532.101242
"10644","1kmE3956N3152",10542.5212315
"10645","1kmE3956N3153",11627.528037
"10646","1kmE3956N3154",11126.1633925
"10647","1kmE3956N3155",12521.408976
"10648","1kmE3956N3156",13823.729245
"10649","1kmE3956N3157",12140.8010275
"10650","1kmE3956N3158",12841.243319
"10651","1kmE3956N3159",13785.0986465
"10652","1kmE3956N3160",10867.4726675
"10653","1kmE3956N3161",10088.355569
"10654","1kmE3956N3162",8994.125547
"10655","1kmE3956N3163",10201.27859
"10656","1kmE3956N3164",13462.148057
"10657","1kmE3956N3165",10094.8244535
"10658","1kmE3956N3166",4385.0753595
"10659","1kmE3956N3167",3011.366657
"10660","1kmE3957N3084",2807.9486515
"10661","1kmE3957N3085",12724.3027965
"10662","1kmE3957N3086",13053.157526
"10663","1kmE3957N3087",14534.687655
"10664","1kmE3957N3088",13700.8612625
"10665","1kmE3957N3089",14804.88079
"10666","1kmE3957N3090",12558.149083
"10667","1kmE3957N3091",10350.354615
"10668","1kmE3957N3092",14929.170824
"10669","1kmE3957N3093",17965.7320875
"10670","1kmE3957N3094",16783.2160495
"10671","1kmE3957N3095",18114.6196975
"10672","1kmE3957N3096",16856.6211065
"10673","1kmE3957N3097",14451.6197805
"10674","1kmE3957N3098",15674.4201035
"10675","1kmE3957N3099",17392.606926
"10676","1kmE3957N3100",16061.9024635
"10677","1kmE3957N3101",17336.8173605
"10678","1kmE3957N3102",18516.6815525
"10679","1kmE3957N3103",20743.8551345
"10680","1kmE3957N3104",21953.1903175
"10681","1kmE3957N3105",22154.9212825
"10682","1kmE3957N3106",20736.429753
"10683","1kmE3957N3107",21156.637402
"10684","1kmE3957N3108",19705.8376425
"10685","1kmE3957N3109",20290.6693335
"10686","1kmE3957N3110",19450.8705785
"10687","1kmE3957N3111",15735.238778
"10688","1kmE3957N3112",13321.7787145
"10689","1kmE3957N3113",11414.870303
"10690","1kmE3957N3114",10546.123526
"10691","1kmE3957N3115",14124.2024155
"10692","1kmE3957N3116",11069.124196
"10693","1kmE3957N3117",9114.5995385
"10694","1kmE3957N3118",8227.4878375
"10695","1kmE3957N3119",4784.1502215
"10696","1kmE3957N3120",4674.8124295
"10697","1kmE3957N3121",5084.890417
"10698","1kmE3957N3122",5137.1706395
"10699","1kmE3957N3123",3231.7473285
"10700","1kmE3957N3124",11239.718202
"10701","1kmE3957N3125",2358.5835215
"10702","1kmE3957N3126",848.32877
"10703","1kmE3957N3127",1227.2921465
"10704","1kmE3957N3128",3807.9487855
"10705","1kmE3957N3129",9899.209229
"10706","1kmE3957N3130",10372.5208425
"10707","1kmE3957N3131",13153.2696855
"10708","1kmE3957N3132",11514.4871495
"10709","1kmE3957N3133",11410.484393
"10710","1kmE3957N3134",12843.386863
"10711","1kmE3957N3135",6536.565653
"10712","1kmE3957N3136",8516.869698
"10713","1kmE3957N3137",15432.9198365
"10714","1kmE3957N3138",16515.3714555
"10715","1kmE3957N3139",15814.694966
"10716","1kmE3957N3140",14830.451738
"10717","1kmE3957N3141",16088.855402
"10718","1kmE3957N3142",16129.8898405
"10719","1kmE3957N3143",10945.6818915
"10720","1kmE3957N3144",10588.945432
"10721","1kmE3957N3145",10076.4275575
"10722","1kmE3957N3146",10497.5855065
"10723","1kmE3957N3147",12170.730454
"10724","1kmE3957N3148",10626.027008
"10725","1kmE3957N3149",8286.5235495
"10726","1kmE3957N3150",5681.0679725
"10727","1kmE3957N3151",9663.70666
"10728","1kmE3957N3152",13332.818612
"10729","1kmE3957N3153",12938.287879
"10730","1kmE3957N3154",12051.7986925
"10731","1kmE3957N3155",12462.849621
"10732","1kmE3957N3156",14779.7307355
"10733","1kmE3957N3157",15689.7526815
"10734","1kmE3957N3158",15355.917513
"10735","1kmE3957N3159",14564.8258525
"10736","1kmE3957N3160",15607.8870795
"10737","1kmE3957N3161",9271.095215
"10738","1kmE3957N3162",8007.673154
"10739","1kmE3957N3163",8308.539185
"10740","1kmE3957N3164",11251.296664
"10741","1kmE3957N3165",12209.298703
"10742","1kmE3957N3166",6864.798817
"10743","1kmE3957N3167",2741.855653
"10744","1kmE3958N3079",205.0163895
"10745","1kmE3958N3082",748.0565965
"10746","1kmE3958N3083",1524.7284
"10747","1kmE3958N3084",5766.705445
"10748","1kmE3958N3085",16814.28836
"10749","1kmE3958N3086",17835.5950015
"10750","1kmE3958N3087",11169.320816
"10751","1kmE3958N3088",14120.634537
"10752","1kmE3958N3089",16486.242271
"10753","1kmE3958N3090",14419.1284315
"10754","1kmE3958N3091",9518.774544
"10755","1kmE3958N3092",13156.1841545
"10756","1kmE3958N3093",18667.901255
"10757","1kmE3958N3094",15426.278805
"10758","1kmE3958N3095",13382.006189
"10759","1kmE3958N3096",9250.714559
"10760","1kmE3958N3097",15793.399252
"10761","1kmE3958N3098",16312.5970315
"10762","1kmE3958N3099",17205.0942405
"10763","1kmE3958N3100",18116.493256
"10764","1kmE3958N3101",19878.956777
"10765","1kmE3958N3102",19408.535666
"10766","1kmE3958N3103",18947.258564
"10767","1kmE3958N3104",20531.198468
"10768","1kmE3958N3105",20191.657577
"10769","1kmE3958N3106",19392.875108
"10770","1kmE3958N3107",16488.246242
"10771","1kmE3958N3108",18370.537386
"10772","1kmE3958N3109",17041.839079
"10773","1kmE3958N3110",14175.7626965
"10774","1kmE3958N3111",16181.0962785
"10775","1kmE3958N3112",14096.0798885
"10776","1kmE3958N3113",14931.815542
"10777","1kmE3958N3114",14349.9970815
"10778","1kmE3958N3115",15342.9163665
"10779","1kmE3958N3116",13931.1806435
"10780","1kmE3958N3117",12970.646202
"10781","1kmE3958N3118",10103.597364
"10782","1kmE3958N3119",9864.72793
"10783","1kmE3958N3120",8688.21147
"10784","1kmE3958N3121",7396.0383425
"10785","1kmE3958N3122",2142.131692
"10786","1kmE3958N3123",576.599508
"10787","1kmE3958N3124",2842.760869
"10788","1kmE3958N3125",1822.873579
"10789","1kmE3958N3126",1494.705789
"10790","1kmE3958N3127",2503.4948625
"10791","1kmE3958N3128",2496.3165945
"10792","1kmE3958N3129",8659.0096695
"10793","1kmE3958N3130",11978.1096035
"10794","1kmE3958N3131",12565.57595
"10795","1kmE3958N3132",11002.646692
"10796","1kmE3958N3133",11875.1227685
"10797","1kmE3958N3134",12252.4887355
"10798","1kmE3958N3135",5429.410919
"10799","1kmE3958N3136",7201.742787
"10800","1kmE3958N3137",15222.4297905
"10801","1kmE3958N3138",15313.8721715
"10802","1kmE3958N3139",19513.7320135
"10803","1kmE3958N3140",16357.661226
"10804","1kmE3958N3141",15855.976895
"10805","1kmE3958N3142",16879.1419265
"10806","1kmE3958N3143",11385.6401675
"10807","1kmE3958N3144",10739.715669
"10808","1kmE3958N3145",13034.50738
"10809","1kmE3958N3146",11459.2831435
"10810","1kmE3958N3147",9398.5983605
"10811","1kmE3958N3148",11476.034282
"10812","1kmE3958N3149",9035.168479
"10813","1kmE3958N3150",7548.115858
"10814","1kmE3958N3151",8398.9762575
"10815","1kmE3958N3152",10612.914212
"10816","1kmE3958N3153",13692.1864435
"10817","1kmE3958N3154",17137.5047995
"10818","1kmE3958N3155",16594.3152025
"10819","1kmE3958N3156",15793.960787
"10820","1kmE3958N3157",17500.9734835
"10821","1kmE3958N3158",14998.524292
"10822","1kmE3958N3159",14758.009035
"10823","1kmE3958N3160",14017.1669025
"10824","1kmE3958N3161",10373.0100965
"10825","1kmE3958N3162",8836.508327
"10826","1kmE3958N3163",8651.3601175
"10827","1kmE3958N3164",11760.644554
"10828","1kmE3958N3165",14097.039293
"10829","1kmE3958N3166",14088.35764
"10830","1kmE3958N3167",10402.950355
"10831","1kmE3958N3168",361.861931
"10832","1kmE3959N3082",2765.0219655
"10833","1kmE3959N3083",5741.6777465
"10834","1kmE3959N3084",7747.8200795
"10835","1kmE3959N3085",15172.5194035
"10836","1kmE3959N3086",14819.48378
"10837","1kmE3959N3087",13297.2111745
"10838","1kmE3959N3088",13375.4811665
"10839","1kmE3959N3089",16281.0642025
"10840","1kmE3959N3090",13012.286833
"10841","1kmE3959N3091",10683.7890045
"10842","1kmE3959N3092",12017.917785
"10843","1kmE3959N3093",16534.1678705
"10844","1kmE3959N3094",15388.5990755
"10845","1kmE3959N3095",14261.408932
"10846","1kmE3959N3096",10540.755916
"10847","1kmE3959N3097",15125.279837
"10848","1kmE3959N3098",15647.7149465
"10849","1kmE3959N3099",15714.0761
"10850","1kmE3959N3100",15621.372632
"10851","1kmE3959N3101",19849.5226925
"10852","1kmE3959N3102",19632.551666
"10853","1kmE3959N3103",19573.9203315
"10854","1kmE3959N3104",18192.500076
"10855","1kmE3959N3105",20241.5331135
"10856","1kmE3959N3106",19148.0855955
"10857","1kmE3959N3107",10203.9515655
"10858","1kmE3959N3108",11736.129722
"10859","1kmE3959N3109",15916.438311
"10860","1kmE3959N3110",16160.4494155
"10861","1kmE3959N3111",12335.399696
"10862","1kmE3959N3112",12161.5766205
"10863","1kmE3959N3113",16766.26727
"10864","1kmE3959N3114",15442.1470955
"10865","1kmE3959N3115",13088.7090225
"10866","1kmE3959N3116",14152.387039
"10867","1kmE3959N3117",14516.8886085
"10868","1kmE3959N3118",12956.4419215
"10869","1kmE3959N3119",8139.792641
"10870","1kmE3959N3120",8559.04896
"10871","1kmE3959N3121",8108.2683195
"10872","1kmE3959N3122",4268.8241615
"10873","1kmE3959N3123",887.64926
"10874","1kmE3959N3124",1187.5432675
"10875","1kmE3959N3125",2847.6744885
"10876","1kmE3959N3126",4164.77479
"10877","1kmE3959N3127",5034.193648
"10878","1kmE3959N3128",4594.9517745
"10879","1kmE3959N3129",7888.1860795
"10880","1kmE3959N3130",13186.6578955
"10881","1kmE3959N3131",14739.529535
"10882","1kmE3959N3132",16132.435871
"10883","1kmE3959N3133",12801.248264
"10884","1kmE3959N3134",10316.7040325
"10885","1kmE3959N3135",10853.7558815
"10886","1kmE3959N3136",11809.456443
"10887","1kmE3959N3137",12539.7000245
"10888","1kmE3959N3138",14546.1137395
"10889","1kmE3959N3139",16957.901411
"10890","1kmE3959N3140",16503.4359515
"10891","1kmE3959N3141",18746.724425
"10892","1kmE3959N3142",15736.9784595
"10893","1kmE3959N3143",15403.150439
"10894","1kmE3959N3144",12691.5417475
"10895","1kmE3959N3145",9524.364448
"10896","1kmE3959N3146",10753.125075
"10897","1kmE3959N3147",7945.326349
"10898","1kmE3959N3148",13636.9626125
"10899","1kmE3959N3149",11254.899776
"10900","1kmE3959N3150",6177.0281395
"10901","1kmE3959N3151",9390.005006
"10902","1kmE3959N3152",12984.909487
"10903","1kmE3959N3153",15208.357985
"10904","1kmE3959N3154",16886.0832445
"10905","1kmE3959N3155",17057.9786405
"10906","1kmE3959N3156",17798.9542265
"10907","1kmE3959N3157",17387.331171
"10908","1kmE3959N3158",16592.1960775
"10909","1kmE3959N3159",15594.3758235
"10910","1kmE3959N3160",15475.2301775
"10911","1kmE3959N3161",11341.1376265
"10912","1kmE3959N3162",10630.104334
"10913","1kmE3959N3163",6778.1974525
"10914","1kmE3959N3164",6954.3580075
"10915","1kmE3959N3165",9522.049544
"10916","1kmE3959N3166",11498.908196
"10917","1kmE3959N3167",7601.383155
"10918","1kmE3959N3168",205.0163905
"10919","1kmE3960N3081",2646.800062
"10920","1kmE3960N3082",1788.9472305
"10921","1kmE3960N3083",3188.050872
"10922","1kmE3960N3084",7967.4341915
"10923","1kmE3960N3085",13077.369016
"10924","1kmE3960N3086",16002.1130535
"10925","1kmE3960N3087",13868.846236
"10926","1kmE3960N3088",13506.6485555
"10927","1kmE3960N3089",15580.550804
"10928","1kmE3960N3090",13098.365239
"10929","1kmE3960N3091",13020.53846
"10930","1kmE3960N3092",13922.4287995
"10931","1kmE3960N3093",15300.09925
"10932","1kmE3960N3094",15958.007666
"10933","1kmE3960N3095",15734.992063
"10934","1kmE3960N3096",13115.381545
"10935","1kmE3960N3097",15612.048872
"10936","1kmE3960N3098",15048.119896
"10937","1kmE3960N3099",14581.5651305
"10938","1kmE3960N3100",15989.8356765
"10939","1kmE3960N3101",19844.671022
"10940","1kmE3960N3102",19186.1303055
"10941","1kmE3960N3103",20201.4204125
"10942","1kmE3960N3104",20058.7213825
"10943","1kmE3960N3105",19951.1506945
"10944","1kmE3960N3106",17927.425797
"10945","1kmE3960N3107",12438.2118185
"10946","1kmE3960N3108",14466.859252
"10947","1kmE3960N3109",17712.3341585
"10948","1kmE3960N3110",16309.3573185
"10949","1kmE3960N3111",14967.4014465
"10950","1kmE3960N3112",14475.9764105
"10951","1kmE3960N3113",17129.401804
"10952","1kmE3960N3114",17734.3489845
"10953","1kmE3960N3115",13269.841981
"10954","1kmE3960N3116",14015.4533235
"10955","1kmE3960N3117",16813.0015565
"10956","1kmE3960N3118",14139.979332
"10957","1kmE3960N3119",7828.6543145
"10958","1kmE3960N3120",8381.161335
"10959","1kmE3960N3121",9537.9425975
"10960","1kmE3960N3122",7900.4263935
"10961","1kmE3960N3123",509.702179
"10962","1kmE3960N3124",729.254454
"10963","1kmE3960N3125",3360.882754
"10964","1kmE3960N3126",3861.3758825
"10965","1kmE3960N3127",3757.463573
"10966","1kmE3960N3128",3181.9026655
"10967","1kmE3960N3129",9492.184022
"10968","1kmE3960N3130",12419.415138
"10969","1kmE3960N3131",14581.397513
"10970","1kmE3960N3132",13399.4188355
"10971","1kmE3960N3133",10725.139749
"10972","1kmE3960N3134",12848.3160115
"10973","1kmE3960N3135",14329.88599
"10974","1kmE3960N3136",10630.2669675
"10975","1kmE3960N3137",7987.491192
"10976","1kmE3960N3138",12439.9434105
"10977","1kmE3960N3139",13851.284351
"10978","1kmE3960N3140",14305.658763
"10979","1kmE3960N3141",16405.7988265
"10980","1kmE3960N3142",14081.8707675
"10981","1kmE3960N3143",16216.079676
"10982","1kmE3960N3144",16089.8185795
"10983","1kmE3960N3145",10363.1682825
"10984","1kmE3960N3146",10083.545279
"10985","1kmE3960N3147",7707.1780645
"10986","1kmE3960N3148",9013.164356
"10987","1kmE3960N3149",8295.499951
"10988","1kmE3960N3150",5984.422245
"10989","1kmE3960N3151",11502.1104035
"10990","1kmE3960N3152",14900.2037175
"10991","1kmE3960N3153",15511.08659
"10992","1kmE3960N3154",16824.262982
"10993","1kmE3960N3155",16447.7572735
"10994","1kmE3960N3156",16074.5018465
"10995","1kmE3960N3157",16776.9796415
"10996","1kmE3960N3158",16598.614995
"10997","1kmE3960N3159",17209.5062225
"10998","1kmE3960N3160",14468.3963865
"10999","1kmE3960N3161",10584.6681535
"11000","1kmE3960N3162",10016.9515945
"11001","1kmE3960N3163",10704.621782
"11002","1kmE3960N3164",8524.7558065
"11003","1kmE3960N3165",12399.22886
"11004","1kmE3960N3166",11021.970483
"11005","1kmE3960N3167",3969.982756
"11006","1kmE3961N3080",205.0163895
"11007","1kmE3961N3081",2013.4599695
"11008","1kmE3961N3082",2095.3343295
"11009","1kmE3961N3083",2229.2631915
"11010","1kmE3961N3084",5726.6188895
"11011","1kmE3961N3085",11030.17476
"11012","1kmE3961N3086",11919.3700285
"11013","1kmE3961N3087",11356.6238535
"11014","1kmE3961N3088",10930.4106335
"11015","1kmE3961N3089",14505.6025725
"11016","1kmE3961N3090",14754.0291365
"11017","1kmE3961N3091",14527.1112985
"11018","1kmE3961N3092",12660.2260815
"11019","1kmE3961N3093",13964.18825
"11020","1kmE3961N3094",13150.3457215
"11021","1kmE3961N3095",12401.277431
"11022","1kmE3961N3096",10127.019892
"11023","1kmE3961N3097",11889.032137
"11024","1kmE3961N3098",15221.294234
"11025","1kmE3961N3099",15445.967929
"11026","1kmE3961N3100",15331.0665735
"11027","1kmE3961N3101",17088.455103
"11028","1kmE3961N3102",19214.102053
"11029","1kmE3961N3103",20765.6936635
"11030","1kmE3961N3104",20686.199626
"11031","1kmE3961N3105",19225.277506
"11032","1kmE3961N3106",17258.38066
"11033","1kmE3961N3107",15085.6643395
"11034","1kmE3961N3108",14550.9496765
"11035","1kmE3961N3109",17886.9414275
"11036","1kmE3961N3110",19392.981954
"11037","1kmE3961N3111",18227.904357
"11038","1kmE3961N3112",14792.909063
"11039","1kmE3961N3113",16181.7731925
"11040","1kmE3961N3114",16481.6528405
"11041","1kmE3961N3115",15475.4571515
"11042","1kmE3961N3116",15797.5755065
"11043","1kmE3961N3117",16459.365025
"11044","1kmE3961N3118",15623.4540785
"11045","1kmE3961N3119",11858.802353
"11046","1kmE3961N3120",9869.3419365
"11047","1kmE3961N3121",7575.38199
"11048","1kmE3961N3122",4645.2470805
"11049","1kmE3961N3123",1428.8528695
"11050","1kmE3961N3124",2136.995438
"11051","1kmE3961N3125",3787.809526
"11052","1kmE3961N3126",3912.216354
"11053","1kmE3961N3127",3193.6493165
"11054","1kmE3961N3128",4974.0884995
"11055","1kmE3961N3129",8424.7206625
"11056","1kmE3961N3130",11550.4359755
"11057","1kmE3961N3131",15276.662415
"11058","1kmE3961N3132",16550.5490885
"11059","1kmE3961N3133",12508.3136235
"11060","1kmE3961N3134",11131.8058075
"11061","1kmE3961N3135",11979.7320785
"11062","1kmE3961N3136",12899.8908735
"11063","1kmE3961N3137",8696.74444
"11064","1kmE3961N3138",6526.04842
"11065","1kmE3961N3139",5527.4912255
"11066","1kmE3961N3140",4871.640362
"11067","1kmE3961N3141",10590.983466
"11068","1kmE3961N3142",8783.0610905
"11069","1kmE3961N3143",11216.1203135
"11070","1kmE3961N3144",13663.774108
"11071","1kmE3961N3145",10910.789317
"11072","1kmE3961N3146",11412.0164065
"11073","1kmE3961N3147",7788.271804
"11074","1kmE3961N3148",9292.784527
"11075","1kmE3961N3149",7608.2195485
"11076","1kmE3961N3150",6814.961597
"11077","1kmE3961N3151",12549.242714
"11078","1kmE3961N3152",15342.63471
"11079","1kmE3961N3153",17407.413867
"11080","1kmE3961N3154",20257.6031595
"11081","1kmE3961N3155",16309.5425875
"11082","1kmE3961N3156",16510.1785205
"11083","1kmE3961N3157",15491.655099
"11084","1kmE3961N3158",16590.5904095
"11085","1kmE3961N3159",16491.192567
"11086","1kmE3961N3160",14915.55166
"11087","1kmE3961N3161",10818.86625
"11088","1kmE3961N3162",7852.573078
"11089","1kmE3961N3163",7415.47855
"11090","1kmE3961N3164",9031.302534
"11091","1kmE3961N3165",12373.049126
"11092","1kmE3961N3166",8347.221578
"11093","1kmE3961N3167",205.0163895
"11094","1kmE3961N3168",205.01639
"11095","1kmE3962N3080",698.78515
"11096","1kmE3962N3081",2368.2463125
"11097","1kmE3962N3082",5105.3880605
"11098","1kmE3962N3083",6311.9189805
"11099","1kmE3962N3084",8830.461045
"11100","1kmE3962N3085",12252.232627
"11101","1kmE3962N3086",12366.4573335
"11102","1kmE3962N3087",14608.8543615
"11103","1kmE3962N3088",13034.1002965
"11104","1kmE3962N3089",17041.233509
"11105","1kmE3962N3090",17936.3475255
"11106","1kmE3962N3091",15415.7837485
"11107","1kmE3962N3092",14167.2972285
"11108","1kmE3962N3093",13481.5816275
"11109","1kmE3962N3094",13700.6263965
"11110","1kmE3962N3095",12639.548849
"11111","1kmE3962N3096",10287.464407
"11112","1kmE3962N3097",13765.819796
"11113","1kmE3962N3098",14012.335418
"11114","1kmE3962N3099",11438.685835
"11115","1kmE3962N3100",10746.663449
"11116","1kmE3962N3101",15193.5072575
"11117","1kmE3962N3102",16337.924205
"11118","1kmE3962N3103",18666.8868445
"11119","1kmE3962N3104",18097.151405
"11120","1kmE3962N3105",18299.7666485
"11121","1kmE3962N3106",16513.7985985
"11122","1kmE3962N3107",15424.7695365
"11123","1kmE3962N3108",15755.7072505
"11124","1kmE3962N3109",18702.250748
"11125","1kmE3962N3110",19525.150487
"11126","1kmE3962N3111",17760.739457
"11127","1kmE3962N3112",17054.7506955
"11128","1kmE3962N3113",16332.818589
"11129","1kmE3962N3114",13791.4837705
"11130","1kmE3962N3115",13399.3469265
"11131","1kmE3962N3116",13740.474679
"11132","1kmE3962N3117",15129.75569
"11133","1kmE3962N3118",16376.720366
"11134","1kmE3962N3119",16957.594369
"11135","1kmE3962N3120",16216.4537745
"11136","1kmE3962N3121",10138.314226
"11137","1kmE3962N3122",2790.479273
"11138","1kmE3962N3123",3599.6394745
"11139","1kmE3962N3124",3491.200669
"11140","1kmE3962N3125",3538.1797925
"11141","1kmE3962N3126",3603.392173
"11142","1kmE3962N3127",4816.0109485
"11143","1kmE3962N3128",4238.555056
"11144","1kmE3962N3129",9855.4856075
"11145","1kmE3962N3130",12306.5032445
"11146","1kmE3962N3131",16238.9168185
"11147","1kmE3962N3132",15484.349098
"11148","1kmE3962N3133",13887.4755125
"11149","1kmE3962N3134",11223.844958
"11150","1kmE3962N3135",8423.202649
"11151","1kmE3962N3136",9870.829489
"11152","1kmE3962N3137",7777.4000805
"11153","1kmE3962N3138",5521.1481055
"11154","1kmE3962N3139",5463.073507
"11155","1kmE3962N3140",8701.338543
"11156","1kmE3962N3141",10169.878558
"11157","1kmE3962N3142",8931.9470635
"11158","1kmE3962N3143",9763.3614295
"11159","1kmE3962N3144",10647.3503745
"11160","1kmE3962N3145",10990.880811
"11161","1kmE3962N3146",8004.193037
"11162","1kmE3962N3147",7392.3051315
"11163","1kmE3962N3148",9000.0896895
"11164","1kmE3962N3149",4767.770339
"11165","1kmE3962N3150",5185.925295
"11166","1kmE3962N3151",11054.12394
"11167","1kmE3962N3152",14214.722353
"11168","1kmE3962N3153",17622.844248
"11169","1kmE3962N3154",18297.4362405
"11170","1kmE3962N3155",17808.0181485
"11171","1kmE3962N3156",18029.2478585
"11172","1kmE3962N3157",15681.830601
"11173","1kmE3962N3158",16502.2733725
"11174","1kmE3962N3159",14885.9787035
"11175","1kmE3962N3160",12320.917556
"11176","1kmE3962N3161",6361.110353
"11177","1kmE3962N3162",6727.3048075
"11178","1kmE3962N3163",5261.6480695
"11179","1kmE3962N3164",6599.607235
"11180","1kmE3962N3165",8979.319734
"11181","1kmE3962N3166",1215.8345625
"11182","1kmE3963N3077",205.01639
"11183","1kmE3963N3081",1943.789169
"11184","1kmE3963N3082",8075.530022
"11185","1kmE3963N3083",7943.1288355
"11186","1kmE3963N3084",7266.6340645
"11187","1kmE3963N3085",10313.7816175
"11188","1kmE3963N3086",9562.167093
"11189","1kmE3963N3087",11364.994207
"11190","1kmE3963N3088",12156.9979425
"11191","1kmE3963N3089",17161.1174165
"11192","1kmE3963N3090",17321.46943
"11193","1kmE3963N3091",13846.3186655
"11194","1kmE3963N3092",12577.8262865
"11195","1kmE3963N3093",14901.6681245
"11196","1kmE3963N3094",12154.429191
"11197","1kmE3963N3095",13631.2291715
"11198","1kmE3963N3096",12487.7090285
"11199","1kmE3963N3097",15107.6160895
"11200","1kmE3963N3098",14945.9830195
"11201","1kmE3963N3099",11670.067724
"11202","1kmE3963N3100",14417.922829
"11203","1kmE3963N3101",16182.835564
"11204","1kmE3963N3102",15442.462208
"11205","1kmE3963N3103",17754.5788225
"11206","1kmE3963N3104",17709.631581
"11207","1kmE3963N3105",18055.968686
"11208","1kmE3963N3106",16542.19379
"11209","1kmE3963N3107",15026.76691
"11210","1kmE3963N3108",15423.620736
"11211","1kmE3963N3109",18425.343461
"11212","1kmE3963N3110",18872.102644
"11213","1kmE3963N3111",17825.624262
"11214","1kmE3963N3112",17627.0236775
"11215","1kmE3963N3113",16448.6838885
"11216","1kmE3963N3114",10734.5963455
"11217","1kmE3963N3115",10680.7777055
"11218","1kmE3963N3116",8645.069735
"11219","1kmE3963N3117",13438.9645545
"11220","1kmE3963N3118",13693.1100055
"11221","1kmE3963N3119",14160.6996885
"11222","1kmE3963N3120",14239.565036
"11223","1kmE3963N3121",11846.347728
"11224","1kmE3963N3122",6578.4839
"11225","1kmE3963N3123",3791.75915
"11226","1kmE3963N3124",3086.255064
"11227","1kmE3963N3125",4120.1477965
"11228","1kmE3963N3126",3760.505325
"11229","1kmE3963N3127",4169.8664975
"11230","1kmE3963N3128",4016.1796515
"11231","1kmE3963N3129",11106.106233
"11232","1kmE3963N3130",15833.1372775
"11233","1kmE3963N3131",14969.659499
"11234","1kmE3963N3132",16432.3111245
"11235","1kmE3963N3133",15679.9911105
"11236","1kmE3963N3134",10689.1589935
"11237","1kmE3963N3135",9929.895749
"11238","1kmE3963N3136",8669.75305
"11239","1kmE3963N3137",9834.253572
"11240","1kmE3963N3138",10931.6118415
"11241","1kmE3963N3139",9985.026585
"11242","1kmE3963N3140",9688.474162
"11243","1kmE3963N3141",9477.336926
"11244","1kmE3963N3142",12058.98754
"11245","1kmE3963N3143",13664.7831305
"11246","1kmE3963N3144",13352.483854
"11247","1kmE3963N3145",11670.4133145
"11248","1kmE3963N3146",9889.2010515
"11249","1kmE3963N3147",6453.554342
"11250","1kmE3963N3148",6377.6635075
"11251","1kmE3963N3149",5389.995764
"11252","1kmE3963N3150",4743.562275
"11253","1kmE3963N3151",11350.1212915
"11254","1kmE3963N3152",13969.3587735
"11255","1kmE3963N3153",16187.3677895
"11256","1kmE3963N3154",17155.683881
"11257","1kmE3963N3155",16823.972316
"11258","1kmE3963N3156",16956.384571
"11259","1kmE3963N3157",17609.7226515
"11260","1kmE3963N3158",17033.758548
"11261","1kmE3963N3159",12186.869656
"11262","1kmE3963N3160",9739.210517
"11263","1kmE3963N3161",3635.819045
"11264","1kmE3963N3162",3945.9401705
"11265","1kmE3963N3163",3533.410142
"11266","1kmE3963N3164",3582.377368
"11267","1kmE3963N3165",556.496284999999
"11268","1kmE3964N3078",205.016391
"11269","1kmE3964N3079",205.0163895
"11270","1kmE3964N3080",205.0163885
"11271","1kmE3964N3082",1813.4198005
"11272","1kmE3964N3083",4650.5869655
"11273","1kmE3964N3084",5754.05395
"11274","1kmE3964N3085",4768.498885
"11275","1kmE3964N3086",9028.8394695
"11276","1kmE3964N3087",9080.785926
"11277","1kmE3964N3088",9965.0720655
"11278","1kmE3964N3089",12937.1555935
"11279","1kmE3964N3090",13379.8874185
"11280","1kmE3964N3091",11817.090214
"11281","1kmE3964N3092",11891.976032
"11282","1kmE3964N3093",13081.118867
"11283","1kmE3964N3094",12750.3291555
"11284","1kmE3964N3095",11031.746736
"11285","1kmE3964N3096",11281.350562
"11286","1kmE3964N3097",12831.7285355
"11287","1kmE3964N3098",11531.255615
"11288","1kmE3964N3099",10961.825329
"11289","1kmE3964N3100",12191.6142765
"11290","1kmE3964N3101",16540.532053
"11291","1kmE3964N3102",15449.002239
"11292","1kmE3964N3103",17584.284884
"11293","1kmE3964N3104",17411.625702
"11294","1kmE3964N3105",18556.3475485
"11295","1kmE3964N3106",15287.033339
"11296","1kmE3964N3107",13856.387912
"11297","1kmE3964N3108",15323.210193
"11298","1kmE3964N3109",15954.145764
"11299","1kmE3964N3110",18102.976894
"11300","1kmE3964N3111",18953.617733
"11301","1kmE3964N3112",17929.606817
"11302","1kmE3964N3113",15928.235896
"11303","1kmE3964N3114",10616.876731
"11304","1kmE3964N3115",5174.315575
"11305","1kmE3964N3116",8268.9012435
"11306","1kmE3964N3117",12688.180974
"11307","1kmE3964N3118",12793.6727805
"11308","1kmE3964N3119",14572.0325615
"11309","1kmE3964N3120",14648.760943
"11310","1kmE3964N3121",13304.4784325
"11311","1kmE3964N3122",7263.7483005
"11312","1kmE3964N3123",4116.8756945
"11313","1kmE3964N3124",4050.2817135
"11314","1kmE3964N3125",5251.3705585
"11315","1kmE3964N3126",3163.713994
"11316","1kmE3964N3127",2483.193814
"11317","1kmE3964N3128",6214.526038
"11318","1kmE3964N3129",12692.623929
"11319","1kmE3964N3130",13473.047693
"11320","1kmE3964N3131",14180.1715945
"11321","1kmE3964N3132",15083.5344575
"11322","1kmE3964N3133",15312.818239
"11323","1kmE3964N3134",10754.2094045
"11324","1kmE3964N3135",10249.9744605
"11325","1kmE3964N3136",7561.7183
"11326","1kmE3964N3137",12126.7816175
"11327","1kmE3964N3138",12051.47716
"11328","1kmE3964N3139",12362.97107
"11329","1kmE3964N3140",13505.445067
"11330","1kmE3964N3141",14992.8526905
"11331","1kmE3964N3142",16579.6843525
"11332","1kmE3964N3143",16689.9513465
"11333","1kmE3964N3144",14907.772477
"11334","1kmE3964N3145",13866.960321
"11335","1kmE3964N3146",11714.110066
"11336","1kmE3964N3147",7845.1863465
"11337","1kmE3964N3148",8322.607987
"11338","1kmE3964N3149",9518.542593
"11339","1kmE3964N3150",11647.884088
"11340","1kmE3964N3151",15226.7018515
"11341","1kmE3964N3152",16915.367544
"11342","1kmE3964N3153",17040.610304
"11343","1kmE3964N3154",16541.5158245
"11344","1kmE3964N3155",17025.091584
"11345","1kmE3964N3156",17892.5923175
"11346","1kmE3964N3157",18400.7366785
"11347","1kmE3964N3158",12295.701885
"11348","1kmE3964N3159",11822.9100225
"11349","1kmE3964N3160",7864.8740765
"11350","1kmE3964N3161",3360.7432075
"11351","1kmE3964N3162",3922.421358
"11352","1kmE3964N3163",1708.687265
"11353","1kmE3964N3164",205.0163905
"11354","1kmE3965N3081",205.01639
"11355","1kmE3965N3083",2414.328203
"11356","1kmE3965N3084",3977.0874855
"11357","1kmE3965N3085",5610.523137
"11358","1kmE3965N3086",5354.656197
"11359","1kmE3965N3087",4160.7094385
"11360","1kmE3965N3088",7334.6410885
"11361","1kmE3965N3089",14175.748199
"11362","1kmE3965N3090",12324.98408
"11363","1kmE3965N3091",9097.3303415
"11364","1kmE3965N3092",11505.867758
"11365","1kmE3965N3093",11538.1679795
"11366","1kmE3965N3094",11504.3171115
"11367","1kmE3965N3095",12336.5574605
"11368","1kmE3965N3096",11017.226121
"11369","1kmE3965N3097",10475.0914575
"11370","1kmE3965N3098",12927.548749
"11371","1kmE3965N3099",11800.273417
"11372","1kmE3965N3100",10143.4225155
"11373","1kmE3965N3101",15028.56165
"11374","1kmE3965N3102",16663.2946095
"11375","1kmE3965N3103",17028.649717
"11376","1kmE3965N3104",17782.7351
"11377","1kmE3965N3105",17438.381396
"11378","1kmE3965N3106",13988.3684755
"11379","1kmE3965N3107",11521.656673
"11380","1kmE3965N3108",12428.6864005
"11381","1kmE3965N3109",17647.9429375
"11382","1kmE3965N3110",19339.9530605
"11383","1kmE3965N3111",19988.5627935
"11384","1kmE3965N3112",18589.874594
"11385","1kmE3965N3113",15155.1197635
"11386","1kmE3965N3114",11523.9084225
"11387","1kmE3965N3115",11906.8213805
"11388","1kmE3965N3116",10186.7462585
"11389","1kmE3965N3117",13178.5095595
"11390","1kmE3965N3118",12320.391707
"11391","1kmE3965N3119",15099.960723
"11392","1kmE3965N3120",15058.6392275
"11393","1kmE3965N3121",13294.6397075
"11394","1kmE3965N3122",7648.78472
"11395","1kmE3965N3123",4052.139994
"11396","1kmE3965N3124",3284.5203275
"11397","1kmE3965N3125",3181.570769
"11398","1kmE3965N3126",2972.1818135
"11399","1kmE3965N3127",1916.83439
"11400","1kmE3965N3128",8915.4071195
"11401","1kmE3965N3129",12224.439379
"11402","1kmE3965N3130",12632.6585065
"11403","1kmE3965N3131",14537.4057785
"11404","1kmE3965N3132",14138.890237
"11405","1kmE3965N3133",13407.4737755
"11406","1kmE3965N3134",13036.2821735
"11407","1kmE3965N3135",10367.842418
"11408","1kmE3965N3136",12190.389888
"11409","1kmE3965N3137",12887.5693115
"11410","1kmE3965N3138",12084.782429
"11411","1kmE3965N3139",12992.61175
"11412","1kmE3965N3140",15607.403016
"11413","1kmE3965N3141",17465.735456
"11414","1kmE3965N3142",15587.3452775
"11415","1kmE3965N3143",14713.08395
"11416","1kmE3965N3144",12304.084242
"11417","1kmE3965N3145",13119.7160435
"11418","1kmE3965N3146",7179.6172435
"11419","1kmE3965N3147",7268.9373285
"11420","1kmE3965N3148",8755.1132045
"11421","1kmE3965N3149",13905.66963
"11422","1kmE3965N3150",13227.9869885
"11423","1kmE3965N3151",14773.005509
"11424","1kmE3965N3152",16308.3613885
"11425","1kmE3965N3153",18168.483835
"11426","1kmE3965N3154",18093.0130375
"11427","1kmE3965N3155",17857.329948
"11428","1kmE3965N3156",19053.5174175
"11429","1kmE3965N3157",16741.601456
"11430","1kmE3965N3158",12496.5820025
"11431","1kmE3965N3159",11692.0724615
"11432","1kmE3965N3160",6722.304457
"11433","1kmE3965N3161",4096.0513815
"11434","1kmE3965N3162",3196.712648
"11435","1kmE3965N3163",367.9082845
"11436","1kmE3965N3165",205.016391
"11437","1kmE3966N3084",4061.208647
"11438","1kmE3966N3085",8619.6060145
"11439","1kmE3966N3086",8239.7785225
"11440","1kmE3966N3087",5997.0431925
"11441","1kmE3966N3088",8026.527038
"11442","1kmE3966N3089",13679.371499
"11443","1kmE3966N3090",12427.56184
"11444","1kmE3966N3091",9403.766314
"11445","1kmE3966N3092",9911.362015
"11446","1kmE3966N3093",10247.288955
"11447","1kmE3966N3094",8584.3247715
"11448","1kmE3966N3095",13458.3829575
"11449","1kmE3966N3096",12491.7307495
"11450","1kmE3966N3097",9987.191918
"11451","1kmE3966N3098",8071.9664005
"11452","1kmE3966N3099",6820.869796
"11453","1kmE3966N3100",12768.366594
"11454","1kmE3966N3101",10552.021004
"11455","1kmE3966N3102",11788.8691655
"11456","1kmE3966N3103",12095.7982895
"11457","1kmE3966N3104",14213.3122725
"11458","1kmE3966N3105",13756.406662
"11459","1kmE3966N3106",10725.7597665
"11460","1kmE3966N3107",11594.5985595
"11461","1kmE3966N3108",13335.9622125
"11462","1kmE3966N3109",17930.0565195
"11463","1kmE3966N3110",18705.5978655
"11464","1kmE3966N3111",19647.51073
"11465","1kmE3966N3112",18577.4823785
"11466","1kmE3966N3113",18553.7882215
"11467","1kmE3966N3114",15261.0875915
"11468","1kmE3966N3115",15697.001608
"11469","1kmE3966N3116",14956.3560195
"11470","1kmE3966N3117",14453.2772985
"11471","1kmE3966N3118",16124.6013755
"11472","1kmE3966N3119",18025.22339
"11473","1kmE3966N3120",18005.1063145
"11474","1kmE3966N3121",15870.372492
"11475","1kmE3966N3122",12488.16933
"11476","1kmE3966N3123",10828.0211945
"11477","1kmE3966N3124",8696.8079725
"11478","1kmE3966N3125",5026.262851
"11479","1kmE3966N3126",3438.915373
"11480","1kmE3966N3127",3250.912938
"11481","1kmE3966N3128",6457.021972
"11482","1kmE3966N3129",12638.5233595
"11483","1kmE3966N3130",13761.3044585
"11484","1kmE3966N3131",16443.1840245
"11485","1kmE3966N3132",15980.5573985
"11486","1kmE3966N3133",14187.1704545
"11487","1kmE3966N3134",6630.008005
"11488","1kmE3966N3135",7598.569089
"11489","1kmE3966N3136",10270.767397
"11490","1kmE3966N3137",14905.6511375
"11491","1kmE3966N3138",15394.49444
"11492","1kmE3966N3139",18783.4625305
"11493","1kmE3966N3140",17920.0613325
"11494","1kmE3966N3141",16893.192675
"11495","1kmE3966N3142",14577.2264625
"11496","1kmE3966N3143",16322.509771
"11497","1kmE3966N3144",14383.43827
"11498","1kmE3966N3145",14501.4318355
"11499","1kmE3966N3146",8242.1694645
"11500","1kmE3966N3147",9908.230268
"11501","1kmE3966N3148",11682.257147
"11502","1kmE3966N3149",11380.7581485
"11503","1kmE3966N3150",11231.7041905
"11504","1kmE3966N3151",13421.3601575
"11505","1kmE3966N3152",17148.153537
"11506","1kmE3966N3153",19318.078064
"11507","1kmE3966N3154",18690.255812
"11508","1kmE3966N3155",18813.1603695
"11509","1kmE3966N3156",17616.817858
"11510","1kmE3966N3157",16717.247462
"11511","1kmE3966N3158",12402.142247
"11512","1kmE3966N3159",9709.2975155
"11513","1kmE3966N3160",6752.871087
"11514","1kmE3966N3161",4880.228219
"11515","1kmE3966N3162",5114.8835365
"11516","1kmE3966N3163",5423.812166
"11517","1kmE3966N3164",1685.0707405
"11518","1kmE3967N3083",205.0163905
"11519","1kmE3967N3084",2499.486694
"11520","1kmE3967N3085",8193.606739
"11521","1kmE3967N3086",8896.616253
"11522","1kmE3967N3087",8959.5862145
"11523","1kmE3967N3088",7365.6110545
"11524","1kmE3967N3089",12381.539589
"11525","1kmE3967N3090",13539.9924635
"11526","1kmE3967N3091",10273.385194
"11527","1kmE3967N3092",11377.151762
"11528","1kmE3967N3093",11798.246745
"11529","1kmE3967N3094",8032.478798
"11530","1kmE3967N3095",11768.1681375
"11531","1kmE3967N3096",13161.846348
"11532","1kmE3967N3097",12104.828841
"11533","1kmE3967N3098",7087.045093
"11534","1kmE3967N3099",6440.0619395
"11535","1kmE3967N3100",11045.1269925
"11536","1kmE3967N3101",9382.1222845
"11537","1kmE3967N3102",8218.606762
"11538","1kmE3967N3103",7245.337923
"11539","1kmE3967N3104",8003.052241
"11540","1kmE3967N3105",8343.558655
"11541","1kmE3967N3106",6188.8415505
"11542","1kmE3967N3107",6410.7987065
"11543","1kmE3967N3108",13523.082667
"11544","1kmE3967N3109",16850.417548
"11545","1kmE3967N3110",15921.5702175
"11546","1kmE3967N3111",18347.560972
"11547","1kmE3967N3112",20168.9457875
"11548","1kmE3967N3113",18464.2267365
"11549","1kmE3967N3114",16119.265716
"11550","1kmE3967N3115",15573.071222
"11551","1kmE3967N3116",16652.2365765
"11552","1kmE3967N3117",16238.9960275
"11553","1kmE3967N3118",14010.589245
"11554","1kmE3967N3119",14934.439985
"11555","1kmE3967N3120",17148.9807945
"11556","1kmE3967N3121",16379.7012885
"11557","1kmE3967N3122",11643.2341295
"11558","1kmE3967N3123",13399.644459
"11559","1kmE3967N3124",12294.1824105
"11560","1kmE3967N3125",10541.3191665
"11561","1kmE3967N3126",5690.9909815
"11562","1kmE3967N3127",5557.161338
"11563","1kmE3967N3128",5943.954782
"11564","1kmE3967N3129",12303.6285735
"11565","1kmE3967N3130",12882.359357
"11566","1kmE3967N3131",15262.2220085
"11567","1kmE3967N3132",16631.0881045
"11568","1kmE3967N3133",14161.583169
"11569","1kmE3967N3134",7174.1569635
"11570","1kmE3967N3135",10457.092308
"11571","1kmE3967N3136",10670.666362
"11572","1kmE3967N3137",15888.1189605
"11573","1kmE3967N3138",13918.354318
"11574","1kmE3967N3139",15682.906627
"11575","1kmE3967N3140",16822.6838215
"11576","1kmE3967N3141",15336.7393155
"11577","1kmE3967N3142",14415.9062125
"11578","1kmE3967N3143",15831.5721185
"11579","1kmE3967N3144",13394.6780865
"11580","1kmE3967N3145",14049.0094835
"11581","1kmE3967N3146",8660.862764
"11582","1kmE3967N3147",9438.322375
"11583","1kmE3967N3148",9675.023243
"11584","1kmE3967N3149",11355.410013
"11585","1kmE3967N3150",14512.667044
"11586","1kmE3967N3151",15428.9672025
"11587","1kmE3967N3152",16486.75761
"11588","1kmE3967N3153",17439.937695
"11589","1kmE3967N3154",15891.176896
"11590","1kmE3967N3155",17263.4169745
"11591","1kmE3967N3156",16328.3641215
"11592","1kmE3967N3157",15361.852597
"11593","1kmE3967N3158",10578.79399
"11594","1kmE3967N3159",9054.0890065
"11595","1kmE3967N3160",6592.493192
"11596","1kmE3967N3161",5565.3332385
"11597","1kmE3967N3162",4698.9370635
"11598","1kmE3967N3163",4815.6531185
"11599","1kmE3967N3164",4019.9524695
"11600","1kmE3967N3165",1080.154466
"11601","1kmE3967N3171",205.016391
"11602","1kmE3968N3083",1571.110376
"11603","1kmE3968N3084",7914.568121
"11604","1kmE3968N3085",10084.434509
"11605","1kmE3968N3086",7147.3601975
"11606","1kmE3968N3087",5650.537759
"11607","1kmE3968N3088",6737.709408
"11608","1kmE3968N3089",12664.1031165
"11609","1kmE3968N3090",13524.690373
"11610","1kmE3968N3091",12753.1537115
"11611","1kmE3968N3092",12881.111729
"11612","1kmE3968N3093",11274.9392095
"11613","1kmE3968N3094",11620.418433
"11614","1kmE3968N3095",15185.0075965
"11615","1kmE3968N3096",15630.7536855
"11616","1kmE3968N3097",13018.136282
"11617","1kmE3968N3098",6944.5959315
"11618","1kmE3968N3099",7054.7041945
"11619","1kmE3968N3100",8972.8746195
"11620","1kmE3968N3101",8297.7211425
"11621","1kmE3968N3102",8197.859489
"11622","1kmE3968N3103",7832.3540255
"11623","1kmE3968N3104",8373.693737
"11624","1kmE3968N3105",8687.331518
"11625","1kmE3968N3106",5698.2107365
"11626","1kmE3968N3107",5484.5173175
"11627","1kmE3968N3108",12921.25127
"11628","1kmE3968N3109",15349.6495395
"11629","1kmE3968N3110",16233.289304
"11630","1kmE3968N3111",18296.8969405
"11631","1kmE3968N3112",20227.126057
"11632","1kmE3968N3113",19808.191819
"11633","1kmE3968N3114",16265.911929
"11634","1kmE3968N3115",15112.913123
"11635","1kmE3968N3116",16851.5637655
"11636","1kmE3968N3117",17201.0126285
"11637","1kmE3968N3118",11320.9276735
"11638","1kmE3968N3119",13999.94127
"11639","1kmE3968N3120",16397.520734
"11640","1kmE3968N3121",17622.4988395
"11641","1kmE3968N3122",13046.5597255
"11642","1kmE3968N3123",13574.001971
"11643","1kmE3968N3124",12350.576169
"11644","1kmE3968N3125",10507.6892875
"11645","1kmE3968N3126",5844.354191
"11646","1kmE3968N3127",8692.178856
"11647","1kmE3968N3128",9205.981439
"11648","1kmE3968N3129",8225.0875175
"11649","1kmE3968N3130",9416.3178145
"11650","1kmE3968N3131",12513.98798
"11651","1kmE3968N3132",13960.3892105
"11652","1kmE3968N3133",11580.1959585
"11653","1kmE3968N3134",8548.2395975
"11654","1kmE3968N3135",4556.6695085
"11655","1kmE3968N3136",9166.8179065
"11656","1kmE3968N3137",14267.768639
"11657","1kmE3968N3138",13017.132557
"11658","1kmE3968N3139",12800.397902
"11659","1kmE3968N3140",13329.226014
"11660","1kmE3968N3141",16495.716841
"11661","1kmE3968N3142",16643.8765885
"11662","1kmE3968N3143",14214.859051
"11663","1kmE3968N3144",15158.06141
"11664","1kmE3968N3145",12611.5950035
"11665","1kmE3968N3146",11880.56306
"11666","1kmE3968N3147",15242.96019
"11667","1kmE3968N3148",13226.7829355
"11668","1kmE3968N3149",12385.8783395
"11669","1kmE3968N3150",14072.525811
"11670","1kmE3968N3151",18028.8155565
"11671","1kmE3968N3152",17099.3942555
"11672","1kmE3968N3153",16629.3401385
"11673","1kmE3968N3154",14136.712553
"11674","1kmE3968N3155",13739.62175
"11675","1kmE3968N3156",14225.590117
"11676","1kmE3968N3157",14917.6143475
"11677","1kmE3968N3158",9860.130759
"11678","1kmE3968N3159",8208.141708
"11679","1kmE3968N3160",6561.7025175
"11680","1kmE3968N3161",4754.3331645
"11681","1kmE3968N3162",4558.9095945
"11682","1kmE3968N3163",4698.509705
"11683","1kmE3968N3164",5118.4345905
"11684","1kmE3968N3165",4287.437491
"11685","1kmE3969N3079",205.016389
"11686","1kmE3969N3082",878.0656305
"11687","1kmE3969N3083",5093.0848165
"11688","1kmE3969N3084",10211.8951355
"11689","1kmE3969N3085",10729.251072
"11690","1kmE3969N3086",6313.941162
"11691","1kmE3969N3087",2629.6526755
"11692","1kmE3969N3088",8303.632388
"11693","1kmE3969N3089",10799.50294
"11694","1kmE3969N3090",12127.599685
"11695","1kmE3969N3091",11537.4008465
"11696","1kmE3969N3092",13376.365027
"11697","1kmE3969N3093",12650.6885025
"11698","1kmE3969N3094",8092.0061695
"11699","1kmE3969N3095",9350.361213
"11700","1kmE3969N3096",11378.538673
"11701","1kmE3969N3097",12748.4476935
"11702","1kmE3969N3098",10199.1348085
"11703","1kmE3969N3099",8514.298642
"11704","1kmE3969N3100",9085.4593615
"11705","1kmE3969N3101",8440.290088
"11706","1kmE3969N3102",8136.6604965
"11707","1kmE3969N3103",8896.252507
"11708","1kmE3969N3104",9578.503676
"11709","1kmE3969N3105",10342.452007
"11710","1kmE3969N3106",11371.067827
"11711","1kmE3969N3107",11366.362108
"11712","1kmE3969N3108",12869.1049605
"11713","1kmE3969N3109",18511.2480865
"11714","1kmE3969N3110",19870.545352
"11715","1kmE3969N3111",20841.9279285
"11716","1kmE3969N3112",20717.2443925
"11717","1kmE3969N3113",20130.9917195
"11718","1kmE3969N3114",17838.971482
"11719","1kmE3969N3115",15072.7782715
"11720","1kmE3969N3116",18154.504298
"11721","1kmE3969N3117",15719.3510735
"11722","1kmE3969N3118",12095.617984
"11723","1kmE3969N3119",13777.0014525
"11724","1kmE3969N3120",14426.8226
"11725","1kmE3969N3121",15123.1736645
"11726","1kmE3969N3122",12083.3556835
"11727","1kmE3969N3123",12142.229058
"11728","1kmE3969N3124",15143.7187875
"11729","1kmE3969N3125",11678.572127
"11730","1kmE3969N3126",6028.5403185
"11731","1kmE3969N3127",7034.7602415
"11732","1kmE3969N3128",8270.954903
"11733","1kmE3969N3129",9091.276696
"11734","1kmE3969N3130",10043.883692
"11735","1kmE3969N3131",8644.120897
"11736","1kmE3969N3132",9916.417633
"11737","1kmE3969N3133",8634.69759
"11738","1kmE3969N3134",3326.953122
"11739","1kmE3969N3135",6939.379048
"11740","1kmE3969N3136",11061.0009175
"11741","1kmE3969N3137",10023.891502
"11742","1kmE3969N3138",4526.6880295
"11743","1kmE3969N3139",4230.660058
"11744","1kmE3969N3140",11620.7087875
"11745","1kmE3969N3141",12030.228843
"11746","1kmE3969N3142",11887.9589755
"11747","1kmE3969N3143",13621.1316275
"11748","1kmE3969N3144",11688.564803
"11749","1kmE3969N3145",13727.1636895
"11750","1kmE3969N3146",11751.341317
"11751","1kmE3969N3147",11629.1057295
"11752","1kmE3969N3148",13316.937992
"11753","1kmE3969N3149",13701.9533005
"11754","1kmE3969N3150",13426.2651195
"11755","1kmE3969N3151",15957.742005
"11756","1kmE3969N3152",16703.667985
"11757","1kmE3969N3153",14335.193717
"11758","1kmE3969N3154",14857.600164
"11759","1kmE3969N3155",14473.041635
"11760","1kmE3969N3156",13233.370941
"11761","1kmE3969N3157",11461.841098
"11762","1kmE3969N3158",9115.8782625
"11763","1kmE3969N3159",8392.5410815
"11764","1kmE3969N3160",8098.527119
"11765","1kmE3969N3161",6065.0886095
"11766","1kmE3969N3162",3831.380545
"11767","1kmE3969N3163",5484.6767325
"11768","1kmE3969N3164",4952.3388775
"11769","1kmE3969N3165",4098.8272345
"11770","1kmE3970N3078",205.0163895
"11771","1kmE3970N3081",205.016391
"11772","1kmE3970N3082",3046.5839495
"11773","1kmE3970N3083",6947.15352
"11774","1kmE3970N3084",8864.294816
"11775","1kmE3970N3085",6764.545158
"11776","1kmE3970N3086",5563.3761745
"11777","1kmE3970N3087",3970.2878575
"11778","1kmE3970N3088",8812.0557035
"11779","1kmE3970N3089",9671.47528
"11780","1kmE3970N3090",12419.462343
"11781","1kmE3970N3091",9356.3277055
"11782","1kmE3970N3092",12806.2486595
"11783","1kmE3970N3093",10684.495296
"11784","1kmE3970N3094",7551.3432535
"11785","1kmE3970N3095",9083.096265
"11786","1kmE3970N3096",10504.5426345
"11787","1kmE3970N3097",12747.3123535
"11788","1kmE3970N3098",11696.7990705
"11789","1kmE3970N3099",7316.9774115
"11790","1kmE3970N3100",7397.495341
"11791","1kmE3970N3101",9335.8724235
"11792","1kmE3970N3102",10558.8985185
"11793","1kmE3970N3103",7128.127708
"11794","1kmE3970N3104",11655.376996
"11795","1kmE3970N3105",13152.6211755
"11796","1kmE3970N3106",11616.6779045
"11797","1kmE3970N3107",11754.4578475
"11798","1kmE3970N3108",16418.049719
"11799","1kmE3970N3109",20053.9111555
"11800","1kmE3970N3110",20760.5711855
"11801","1kmE3970N3111",19605.41316
"11802","1kmE3970N3112",19529.547987
"11803","1kmE3970N3113",17694.954305
"11804","1kmE3970N3114",16461.299199
"11805","1kmE3970N3115",16744.66112
"11806","1kmE3970N3116",16836.141076
"11807","1kmE3970N3117",13477.7958885
"11808","1kmE3970N3118",11923.0761925
"11809","1kmE3970N3119",10951.8376415
"11810","1kmE3970N3120",12410.07885
"11811","1kmE3970N3121",13483.067057
"11812","1kmE3970N3122",13108.4844485
"11813","1kmE3970N3123",12806.854004
"11814","1kmE3970N3124",13923.562949
"11815","1kmE3970N3125",11989.053451
"11816","1kmE3970N3126",9206.328813
"11817","1kmE3970N3127",10299.254518
"11818","1kmE3970N3128",9606.844115
"11819","1kmE3970N3129",10428.658568
"11820","1kmE3970N3130",10456.654341
"11821","1kmE3970N3131",9271.417856
"11822","1kmE3970N3132",9482.818576
"11823","1kmE3970N3133",8595.9033035
"11824","1kmE3970N3134",7913.8014915
"11825","1kmE3970N3135",11678.1762585
"11826","1kmE3970N3136",9637.3189005
"11827","1kmE3970N3137",5735.0346405
"11828","1kmE3970N3138",9735.736058
"11829","1kmE3970N3139",3491.6512745
"11830","1kmE3970N3140",10190.120188
"11831","1kmE3970N3141",9221.892949
"11832","1kmE3970N3142",8810.224885
"11833","1kmE3970N3143",10875.2481375
"11834","1kmE3970N3144",12864.5029355
"11835","1kmE3970N3145",12600.4443865
"11836","1kmE3970N3146",10602.9149795
"11837","1kmE3970N3147",10679.3449965
"11838","1kmE3970N3148",17453.9780295
"11839","1kmE3970N3149",15596.256569
"11840","1kmE3970N3150",15913.224245
"11841","1kmE3970N3151",13583.3588105
"11842","1kmE3970N3152",13928.686967
"11843","1kmE3970N3153",13614.0104625
"11844","1kmE3970N3154",11726.4561135
"11845","1kmE3970N3155",12199.2752295
"11846","1kmE3970N3156",13172.2606625
"11847","1kmE3970N3157",10082.689537
"11848","1kmE3970N3158",7768.782175
"11849","1kmE3970N3159",5709.1076245
"11850","1kmE3970N3160",7420.4513685
"11851","1kmE3970N3161",6872.138633
"11852","1kmE3970N3162",4646.306089
"11853","1kmE3970N3163",3980.2720785
"11854","1kmE3970N3164",4947.39496
"11855","1kmE3970N3165",5496.871787
"11856","1kmE3971N3076",205.01639
"11857","1kmE3971N3077",382.506484
"11858","1kmE3971N3078",540.987744
"11859","1kmE3971N3079",539.3520265
"11860","1kmE3971N3080",1759.259568
"11861","1kmE3971N3081",6598.9817255
"11862","1kmE3971N3082",10122.283195
"11863","1kmE3971N3083",9743.488252
"11864","1kmE3971N3084",7145.9923605
"11865","1kmE3971N3085",4581.728074
"11866","1kmE3971N3086",5983.118795
"11867","1kmE3971N3087",3465.368543
"11868","1kmE3971N3088",9101.658452
"11869","1kmE3971N3089",13187.9691005
"11870","1kmE3971N3090",14636.467001
"11871","1kmE3971N3091",11620.088399
"11872","1kmE3971N3092",12945.9741055
"11873","1kmE3971N3093",9701.523069
"11874","1kmE3971N3094",7221.724605
"11875","1kmE3971N3095",6721.851447
"11876","1kmE3971N3096",9988.608445
"11877","1kmE3971N3097",9062.7233645
"11878","1kmE3971N3098",8883.08139
"11879","1kmE3971N3099",6890.608779
"11880","1kmE3971N3100",9984.1436725
"11881","1kmE3971N3101",7645.3659035
"11882","1kmE3971N3102",9686.626549
"11883","1kmE3971N3103",6198.618028
"11884","1kmE3971N3104",13634.393479
"11885","1kmE3971N3105",11970.401801
"11886","1kmE3971N3106",12750.2481645
"11887","1kmE3971N3107",13011.5501485
"11888","1kmE3971N3108",19056.748185
"11889","1kmE3971N3109",18472.2924535
"11890","1kmE3971N3110",16019.605739
"11891","1kmE3971N3111",15333.5148395
"11892","1kmE3971N3112",17071.17074
"11893","1kmE3971N3113",15656.108013
"11894","1kmE3971N3114",13467.8612745
"11895","1kmE3971N3115",15964.0192395
"11896","1kmE3971N3116",13898.708623
"11897","1kmE3971N3117",9883.817419
"11898","1kmE3971N3118",9656.381403
"11899","1kmE3971N3119",10092.5187865
"11900","1kmE3971N3120",7805.34931
"11901","1kmE3971N3121",9125.7718645
"11902","1kmE3971N3122",11753.230383
"11903","1kmE3971N3123",12613.8633115
"11904","1kmE3971N3124",11132.323359
"11905","1kmE3971N3125",10885.7610345
"11906","1kmE3971N3126",12318.353127
"11907","1kmE3971N3127",13362.7208755
"11908","1kmE3971N3128",13994.698729
"11909","1kmE3971N3129",10683.9360685
"11910","1kmE3971N3130",11535.393876
"11911","1kmE3971N3131",10494.499985
"11912","1kmE3971N3132",9464.2250675
"11913","1kmE3971N3133",7672.2313485
"11914","1kmE3971N3134",12179.010073
"11915","1kmE3971N3135",8592.3673955
"11916","1kmE3971N3136",7659.561134
"11917","1kmE3971N3137",3749.1063735
"11918","1kmE3971N3138",7201.2994445
"11919","1kmE3971N3139",7294.479246
"11920","1kmE3971N3140",12595.2423545
"11921","1kmE3971N3141",11611.8644335
"11922","1kmE3971N3142",8926.511036
"11923","1kmE3971N3143",9350.8065175
"11924","1kmE3971N3144",10675.2046635
"11925","1kmE3971N3145",12299.688062
"11926","1kmE3971N3146",13062.1010175
"11927","1kmE3971N3147",10797.0004675
"11928","1kmE3971N3148",14014.6426925
"11929","1kmE3971N3149",13074.41568
"11930","1kmE3971N3150",12121.5312455
"11931","1kmE3971N3151",10523.097341
"11932","1kmE3971N3152",12796.063676
"11933","1kmE3971N3153",12398.3467695
"11934","1kmE3971N3154",11555.0562775
"11935","1kmE3971N3155",9113.2398065
"11936","1kmE3971N3156",12085.9539475
"11937","1kmE3971N3157",8825.0244895
"11938","1kmE3971N3158",6360.7286865
"11939","1kmE3971N3159",6439.195402
"11940","1kmE3971N3160",5628.7436125
"11941","1kmE3971N3161",4460.804882
"11942","1kmE3971N3162",5354.1425495
"11943","1kmE3971N3163",4631.660915
"11944","1kmE3971N3164",5982.1771675
"11945","1kmE3971N3165",4463.492532
"11946","1kmE3972N3077",593.480747
"11947","1kmE3972N3078",3320.160437
"11948","1kmE3972N3079",4600.1123385
"11949","1kmE3972N3080",6835.284108
"11950","1kmE3972N3081",10152.9935575
"11951","1kmE3972N3082",10955.0133045
"11952","1kmE3972N3083",6727.022975
"11953","1kmE3972N3084",6753.5476085
"11954","1kmE3972N3085",3174.190021
"11955","1kmE3972N3086",4135.210807
"11956","1kmE3972N3087",3201.0420695
"11957","1kmE3972N3088",5664.243585
"11958","1kmE3972N3089",10414.358732
"11959","1kmE3972N3090",12170.5722855
"11960","1kmE3972N3091",10495.204047
"11961","1kmE3972N3092",13770.5456265
"11962","1kmE3972N3093",11470.590216
"11963","1kmE3972N3094",10919.542787
"11964","1kmE3972N3095",10221.4575705
"11965","1kmE3972N3096",11768.5131275
"11966","1kmE3972N3097",9453.8674095
"11967","1kmE3972N3098",8213.2201905
"11968","1kmE3972N3099",5853.3892095
"11969","1kmE3972N3100",10515.155783
"11970","1kmE3972N3101",10303.763757
"11971","1kmE3972N3102",7817.814249
"11972","1kmE3972N3103",4886.2161155
"11973","1kmE3972N3104",11529.2433345
"11974","1kmE3972N3105",12728.4427685
"11975","1kmE3972N3106",12218.938116
"11976","1kmE3972N3107",11855.504092
"11977","1kmE3972N3108",17879.3462005
"11978","1kmE3972N3109",17058.4662425
"11979","1kmE3972N3110",13834.869789
"11980","1kmE3972N3111",12424.4425985
"11981","1kmE3972N3112",16501.804641
"11982","1kmE3972N3113",15700.7079535
"11983","1kmE3972N3114",13461.0052285
"11984","1kmE3972N3115",13820.8032525
"11985","1kmE3972N3116",13330.658907
"11986","1kmE3972N3117",11842.738571
"11987","1kmE3972N3118",3237.098127
"11988","1kmE3972N3119",5761.996861
"11989","1kmE3972N3120",10418.2276645
"11990","1kmE3972N3121",5740.097628
"11991","1kmE3972N3122",5412.825513
"11992","1kmE3972N3123",5396.519305
"11993","1kmE3972N3124",9073.448355
"11994","1kmE3972N3125",10543.350314
"11995","1kmE3972N3126",12135.319009
"11996","1kmE3972N3127",9080.1008225
"11997","1kmE3972N3128",11790.6912925
"11998","1kmE3972N3129",9482.360934
"11999","1kmE3972N3130",9132.168332
"12000","1kmE3972N3131",10184.051532
"12001","1kmE3972N3132",8278.3750125
"12002","1kmE3972N3133",9615.9835565
"12003","1kmE3972N3134",6654.7995005
"12004","1kmE3972N3135",4883.613261
"12005","1kmE3972N3136",7575.6721665
"12006","1kmE3972N3137",8523.923143
"12007","1kmE3972N3138",6255.2290135
"12008","1kmE3972N3139",5019.7914745
"12009","1kmE3972N3140",8029.033253
"12010","1kmE3972N3141",12011.240412
"12011","1kmE3972N3142",11196.611782
"12012","1kmE3972N3143",9949.350785
"12013","1kmE3972N3144",12118.208149
"12014","1kmE3972N3145",15409.2978605
"12015","1kmE3972N3146",17625.666259
"12016","1kmE3972N3147",19819.935484
"12017","1kmE3972N3148",17120.786742
"12018","1kmE3972N3149",13149.1672835
"12019","1kmE3972N3150",16795.25849
"12020","1kmE3972N3151",11566.140413
"12021","1kmE3972N3152",12436.463474
"12022","1kmE3972N3153",10303.334773
"12023","1kmE3972N3154",8989.943068
"12024","1kmE3972N3155",8060.2194775
"12025","1kmE3972N3156",9603.495928
"12026","1kmE3972N3157",7883.492734
"12027","1kmE3972N3158",7128.8884225
"12028","1kmE3972N3159",8588.519982
"12029","1kmE3972N3160",6506.6185795
"12030","1kmE3972N3161",7687.665293
"12031","1kmE3972N3162",5997.130815
"12032","1kmE3972N3163",5304.5744375
"12033","1kmE3972N3164",4625.222243
"12034","1kmE3972N3165",3587.65653
"12035","1kmE3973N3076",205.01639
"12036","1kmE3973N3077",4441.222511
"12037","1kmE3973N3078",8851.738137
"12038","1kmE3973N3079",8379.291084
"12039","1kmE3973N3080",8124.6254025
"12040","1kmE3973N3081",9295.022146
"12041","1kmE3973N3082",9938.9724005
"12042","1kmE3973N3083",7693.3094535
"12043","1kmE3973N3084",6998.600128
"12044","1kmE3973N3085",5808.9304205
"12045","1kmE3973N3086",4201.5461115
"12046","1kmE3973N3087",5894.591898
"12047","1kmE3973N3088",7532.1115345
"12048","1kmE3973N3089",6554.2149595
"12049","1kmE3973N3090",7743.584484
"12050","1kmE3973N3091",9722.8515795
"12051","1kmE3973N3092",11456.1947675
"12052","1kmE3973N3093",11922.056072
"12053","1kmE3973N3094",9141.865838
"12054","1kmE3973N3095",8615.340673
"12055","1kmE3973N3096",11912.822297
"12056","1kmE3973N3097",11610.7327915
"12057","1kmE3973N3098",7071.364056
"12058","1kmE3973N3099",7306.4682945
"12059","1kmE3973N3100",10070.6581575
"12060","1kmE3973N3101",11430.8275135
"12061","1kmE3973N3102",9029.211315
"12062","1kmE3973N3103",7821.4092365
"12063","1kmE3973N3104",11092.1085285
"12064","1kmE3973N3105",15814.4542355
"12065","1kmE3973N3106",16110.551218
"12066","1kmE3973N3107",15472.8658495
"12067","1kmE3973N3108",16760.619138
"12068","1kmE3973N3109",17940.435381
"12069","1kmE3973N3110",15941.727141
"12070","1kmE3973N3111",18852.5058685
"12071","1kmE3973N3112",19139.598878
"12072","1kmE3973N3113",13800.300097
"12073","1kmE3973N3114",14466.1775955
"12074","1kmE3973N3115",13882.062112
"12075","1kmE3973N3116",13338.302368
"12076","1kmE3973N3117",9646.1781255
"12077","1kmE3973N3118",4189.5858695
"12078","1kmE3973N3119",6387.226035
"12079","1kmE3973N3120",9617.0795575
"12080","1kmE3973N3121",7455.632935
"12081","1kmE3973N3122",5943.535958
"12082","1kmE3973N3123",4751.970627
"12083","1kmE3973N3124",8581.1255635
"12084","1kmE3973N3125",9687.340373
"12085","1kmE3973N3126",12413.3807535
"12086","1kmE3973N3127",11559.5171455
"12087","1kmE3973N3128",12584.766352
"12088","1kmE3973N3129",11810.9654955
"12089","1kmE3973N3130",8976.554393
"12090","1kmE3973N3131",11152.7080125
"12091","1kmE3973N3132",9689.426648
"12092","1kmE3973N3133",12543.8401075
"12093","1kmE3973N3134",6368.289034
"12094","1kmE3973N3135",7767.2659185
"12095","1kmE3973N3136",10997.890601
"12096","1kmE3973N3137",9072.8737645
"12097","1kmE3973N3138",6825.987502
"12098","1kmE3973N3139",11170.0571
"12099","1kmE3973N3140",8422.6955895
"12100","1kmE3973N3141",7092.5564235
"12101","1kmE3973N3142",10215.407882
"12102","1kmE3973N3143",8215.0371115
"12103","1kmE3973N3144",13450.31137
"12104","1kmE3973N3145",14442.247703
"12105","1kmE3973N3146",15788.4285405
"12106","1kmE3973N3147",16812.9212485
"12107","1kmE3973N3148",16615.647216
"12108","1kmE3973N3149",13260.1488125
"12109","1kmE3973N3150",16618.1816365
"12110","1kmE3973N3151",12587.034312
"12111","1kmE3973N3152",8861.529717
"12112","1kmE3973N3153",6317.1325155
"12113","1kmE3973N3154",5493.4837675
"12114","1kmE3973N3155",6337.450608
"12115","1kmE3973N3156",7261.028315
"12116","1kmE3973N3157",8676.716818
"12117","1kmE3973N3158",9093.772395
"12118","1kmE3973N3159",9730.069095
"12119","1kmE3973N3160",8479.7604305
"12120","1kmE3973N3161",8575.996428
"12121","1kmE3973N3162",8784.746704
"12122","1kmE3973N3163",8017.449984
"12123","1kmE3973N3164",4184.057102
"12124","1kmE3974N3076",982.593964
"12125","1kmE3974N3077",8298.1311945
"12126","1kmE3974N3078",11901.1344865
"12127","1kmE3974N3079",11275.4591915
"12128","1kmE3974N3080",8921.020025
"12129","1kmE3974N3081",9301.1918265
"12130","1kmE3974N3082",9017.709949
"12131","1kmE3974N3083",10194.235966
"12132","1kmE3974N3084",10435.852397
"12133","1kmE3974N3085",6748.663533
"12134","1kmE3974N3086",7600.855137
"12135","1kmE3974N3087",8085.3296685
"12136","1kmE3974N3088",6692.682463
"12137","1kmE3974N3089",8424.1092825
"12138","1kmE3974N3090",8878.364645
"12139","1kmE3974N3091",9038.067929
"12140","1kmE3974N3092",11700.3289
"12141","1kmE3974N3093",8158.093501
"12142","1kmE3974N3094",8518.1948955
"12143","1kmE3974N3095",6580.185415
"12144","1kmE3974N3096",7171.6459865
"12145","1kmE3974N3097",6386.263268
"12146","1kmE3974N3098",7200.621954
"12147","1kmE3974N3099",9388.4567285
"12148","1kmE3974N3100",10339.4214395
"12149","1kmE3974N3101",9901.5741505
"12150","1kmE3974N3102",10011.3076945
"12151","1kmE3974N3103",8351.743174
"12152","1kmE3974N3104",12929.7639715
"12153","1kmE3974N3105",15849.327262
"12154","1kmE3974N3106",13267.2254085
"12155","1kmE3974N3107",15027.800142
"12156","1kmE3974N3108",16907.6335225
"12157","1kmE3974N3109",18170.290038
"12158","1kmE3974N3110",15728.785787
"12159","1kmE3974N3111",17933.4569065
"12160","1kmE3974N3112",16359.0252895
"12161","1kmE3974N3113",14133.028242
"12162","1kmE3974N3114",14445.5967605
"12163","1kmE3974N3115",13363.587416
"12164","1kmE3974N3116",11049.4066625
"12165","1kmE3974N3117",3667.010631
"12166","1kmE3974N3118",3780.268876
"12167","1kmE3974N3119",4022.66158
"12168","1kmE3974N3120",3648.195726
"12169","1kmE3974N3121",4687.500244
"12170","1kmE3974N3122",4457.8460345
"12171","1kmE3974N3123",5238.036784
"12172","1kmE3974N3124",8816.0121605
"12173","1kmE3974N3125",13446.2158355
"12174","1kmE3974N3126",13939.3356175
"12175","1kmE3974N3127",12689.707404
"12176","1kmE3974N3128",12222.0364715
"12177","1kmE3974N3129",10957.4826945
"12178","1kmE3974N3130",9734.66731
"12179","1kmE3974N3131",10884.461586
"12180","1kmE3974N3132",9859.318691
"12181","1kmE3974N3133",11008.0424175
"12182","1kmE3974N3134",9936.88121
"12183","1kmE3974N3135",6364.490993
"12184","1kmE3974N3136",8016.553463
"12185","1kmE3974N3137",6763.2559875
"12186","1kmE3974N3138",8227.05093
"12187","1kmE3974N3139",9478.4655345
"12188","1kmE3974N3140",6937.559725
"12189","1kmE3974N3141",5957.912104
"12190","1kmE3974N3142",11842.009485
"12191","1kmE3974N3143",9686.124704
"12192","1kmE3974N3144",13952.570721
"12193","1kmE3974N3145",15504.346577
"12194","1kmE3974N3146",15701.668979
"12195","1kmE3974N3147",16804.356775
"12196","1kmE3974N3148",15482.824185
"12197","1kmE3974N3149",12694.5684525
"12198","1kmE3974N3150",12273.30252
"12199","1kmE3974N3151",12626.1838805
"12200","1kmE3974N3152",6263.83193
"12201","1kmE3974N3153",6033.1078445
"12202","1kmE3974N3154",4787.459036
"12203","1kmE3974N3155",3775.47359
"12204","1kmE3974N3156",7092.0111295
"12205","1kmE3974N3157",6777.616962
"12206","1kmE3974N3158",8253.036089
"12207","1kmE3974N3159",9306.3714505
"12208","1kmE3974N3160",9281.331378
"12209","1kmE3974N3161",9010.459456
"12210","1kmE3974N3162",9063.7851915
"12211","1kmE3974N3163",9138.910814
"12212","1kmE3974N3164",4185.588588
"12213","1kmE3974N3165",205.0163895
"12214","1kmE3975N3076",1192.577227
"12215","1kmE3975N3077",6667.066571
"12216","1kmE3975N3078",12399.244545
"12217","1kmE3975N3079",13053.3600085
"12218","1kmE3975N3080",10097.2224045
"12219","1kmE3975N3081",7187.3029345
"12220","1kmE3975N3082",6654.604129
"12221","1kmE3975N3083",8917.173502
"12222","1kmE3975N3084",6949.474332
"12223","1kmE3975N3085",5006.9435575
"12224","1kmE3975N3086",8789.38813
"12225","1kmE3975N3087",9660.0371345
"12226","1kmE3975N3088",8735.287979
"12227","1kmE3975N3089",8869.2826605
"12228","1kmE3975N3090",10674.813713
"12229","1kmE3975N3091",12437.230588
"12230","1kmE3975N3092",12306.7764015
"12231","1kmE3975N3093",10711.4544955
"12232","1kmE3975N3094",6879.8569875
"12233","1kmE3975N3095",6371.393272
"12234","1kmE3975N3096",8536.3138735
"12235","1kmE3975N3097",9962.239522
"12236","1kmE3975N3098",8543.958433
"12237","1kmE3975N3099",6921.979716
"12238","1kmE3975N3100",6824.6293415
"12239","1kmE3975N3101",9029.5583555
"12240","1kmE3975N3102",10208.824254
"12241","1kmE3975N3103",10885.347713
"12242","1kmE3975N3104",12541.828818
"12243","1kmE3975N3105",14566.763003
"12244","1kmE3975N3106",14019.73208
"12245","1kmE3975N3107",15829.2807025
"12246","1kmE3975N3108",18292.3504765
"12247","1kmE3975N3109",15244.6668845
"12248","1kmE3975N3110",11016.096412
"12249","1kmE3975N3111",11475.5339375
"12250","1kmE3975N3112",14752.4148005
"12251","1kmE3975N3113",11474.10647
"12252","1kmE3975N3114",11021.0704035
"12253","1kmE3975N3115",10914.4927535
"12254","1kmE3975N3116",9134.9089765
"12255","1kmE3975N3117",3566.482716
"12256","1kmE3975N3118",2996.180942
"12257","1kmE3975N3119",4610.6215685
"12258","1kmE3975N3120",2796.604873
"12259","1kmE3975N3121",3430.6295955
"12260","1kmE3975N3122",3761.798998
"12261","1kmE3975N3123",3922.7699405
"12262","1kmE3975N3124",8200.0679335
"12263","1kmE3975N3125",12952.895068
"12264","1kmE3975N3126",16178.8383445
"12265","1kmE3975N3127",13381.5537495
"12266","1kmE3975N3128",11065.268958
"12267","1kmE3975N3129",9521.343332
"12268","1kmE3975N3130",8309.610481
"12269","1kmE3975N3131",9319.2344605
"12270","1kmE3975N3132",10620.465294
"12271","1kmE3975N3133",8533.230013
"12272","1kmE3975N3134",7735.6412055
"12273","1kmE3975N3135",6495.9699915
"12274","1kmE3975N3136",7679.2683105
"12275","1kmE3975N3137",13626.8153665
"12276","1kmE3975N3138",12992.06853
"12277","1kmE3975N3139",8431.2346705
"12278","1kmE3975N3140",9396.674396
"12279","1kmE3975N3141",3824.5264895
"12280","1kmE3975N3142",7549.1050105
"12281","1kmE3975N3143",6836.8139405
"12282","1kmE3975N3144",13567.6822525
"12283","1kmE3975N3145",15299.6367555
"12284","1kmE3975N3146",16800.4317185
"12285","1kmE3975N3147",14437.0912365
"12286","1kmE3975N3148",15891.486617
"12287","1kmE3975N3149",12746.6499015
"12288","1kmE3975N3150",9448.581539
"12289","1kmE3975N3151",11523.0923315
"12290","1kmE3975N3152",12464.6632335
"12291","1kmE3975N3153",4964.420135
"12292","1kmE3975N3154",2513.1308505
"12293","1kmE3975N3155",3633.488601
"12294","1kmE3975N3156",7655.179603
"12295","1kmE3975N3157",7850.098898
"12296","1kmE3975N3158",7560.371527
"12297","1kmE3975N3159",6642.5793315
"12298","1kmE3975N3160",9526.423083
"12299","1kmE3975N3161",10737.229014
"12300","1kmE3975N3162",7237.3911105
"12301","1kmE3975N3163",6845.37217
"12302","1kmE3975N3164",6185.782405
"12303","1kmE3975N3165",901.576238999999
"12304","1kmE3976N3075",542.0758785
"12305","1kmE3976N3076",1879.9168755
"12306","1kmE3976N3077",2133.644243
"12307","1kmE3976N3078",11347.4300785
"12308","1kmE3976N3079",13252.1634535
"12309","1kmE3976N3080",10301.0936095
"12310","1kmE3976N3081",7824.1636615
"12311","1kmE3976N3082",7951.5635935
"12312","1kmE3976N3083",8459.2070465
"12313","1kmE3976N3084",7862.2587885
"12314","1kmE3976N3085",6479.776375
"12315","1kmE3976N3086",7268.792939
"12316","1kmE3976N3087",9281.6643245
"12317","1kmE3976N3088",9854.5261095
"12318","1kmE3976N3089",11228.910459
"12319","1kmE3976N3090",12957.6948335
"12320","1kmE3976N3091",14914.03571
"12321","1kmE3976N3092",15579.234032
"12322","1kmE3976N3093",14607.4271195
"12323","1kmE3976N3094",12580.930602
"12324","1kmE3976N3095",11736.463485
"12325","1kmE3976N3096",10508.852129
"12326","1kmE3976N3097",9523.6158405
"12327","1kmE3976N3098",11036.4206035
"12328","1kmE3976N3099",8346.829478
"12329","1kmE3976N3100",5992.452676
"12330","1kmE3976N3101",4942.8742185
"12331","1kmE3976N3102",6831.1573885
"12332","1kmE3976N3103",6720.744322
"12333","1kmE3976N3104",13695.8094925
"12334","1kmE3976N3105",16823.6070185
"12335","1kmE3976N3106",19035.5471845
"12336","1kmE3976N3107",18255.1209525
"12337","1kmE3976N3108",18209.291405
"12338","1kmE3976N3109",14901.6776665
"12339","1kmE3976N3110",11888.739362
"12340","1kmE3976N3111",13272.331522
"12341","1kmE3976N3112",14815.7786755
"12342","1kmE3976N3113",10789.6578645
"12343","1kmE3976N3114",9469.9587305
"12344","1kmE3976N3115",8804.6287305
"12345","1kmE3976N3116",8076.8655
"12346","1kmE3976N3117",4930.712798
"12347","1kmE3976N3118",4959.382546
"12348","1kmE3976N3119",4100.005659
"12349","1kmE3976N3120",2922.5254585
"12350","1kmE3976N3121",5557.8519715
"12351","1kmE3976N3122",4020.100754
"12352","1kmE3976N3123",3502.63127
"12353","1kmE3976N3124",9224.6976355
"12354","1kmE3976N3125",11549.1324655
"12355","1kmE3976N3126",11959.1541865
"12356","1kmE3976N3127",12859.576996
"12357","1kmE3976N3128",13157.4057515
"12358","1kmE3976N3129",7668.6237215
"12359","1kmE3976N3130",5024.455516
"12360","1kmE3976N3131",6704.797327
"12361","1kmE3976N3132",7693.8283335
"12362","1kmE3976N3133",9906.5160635
"12363","1kmE3976N3134",8036.8485905
"12364","1kmE3976N3135",4609.01327
"12365","1kmE3976N3136",9355.016611
"12366","1kmE3976N3137",13267.422016
"12367","1kmE3976N3138",12511.624161
"12368","1kmE3976N3139",8045.5667225
"12369","1kmE3976N3140",8197.709346
"12370","1kmE3976N3141",7594.1256535
"12371","1kmE3976N3142",5218.440047
"12372","1kmE3976N3143",5679.8027465
"12373","1kmE3976N3144",12487.276845
"12374","1kmE3976N3145",14171.6428415
"12375","1kmE3976N3146",14949.9352005
"12376","1kmE3976N3147",14699.767229
"12377","1kmE3976N3148",13744.1410065
"12378","1kmE3976N3149",9578.7529
"12379","1kmE3976N3150",8089.033412
"12380","1kmE3976N3151",10350.368735
"12381","1kmE3976N3152",9234.737901
"12382","1kmE3976N3153",6707.094275
"12383","1kmE3976N3154",7175.6854085
"12384","1kmE3976N3155",9449.6290935
"12385","1kmE3976N3156",9017.960721
"12386","1kmE3976N3157",8955.937828
"12387","1kmE3976N3158",7910.9139815
"12388","1kmE3976N3159",7834.03288
"12389","1kmE3976N3160",10143.995116
"12390","1kmE3976N3161",7904.895709
"12391","1kmE3976N3162",5554.642867
"12392","1kmE3976N3163",6989.4674185
"12393","1kmE3976N3164",6557.7562685
"12394","1kmE3976N3165",2900.4231375
"12395","1kmE3977N3075",1746.8325025
"12396","1kmE3977N3076",2331.855858
"12397","1kmE3977N3077",6224.1922995
"12398","1kmE3977N3078",8955.659041
"12399","1kmE3977N3079",11010.013763
"12400","1kmE3977N3080",11666.872717
"12401","1kmE3977N3081",10363.450282
"12402","1kmE3977N3082",8404.1190275
"12403","1kmE3977N3083",9766.9096915
"12404","1kmE3977N3084",11142.784663
"12405","1kmE3977N3085",10583.6930785
"12406","1kmE3977N3086",10309.378297
"12407","1kmE3977N3087",9694.733193
"12408","1kmE3977N3088",11602.3618165
"12409","1kmE3977N3089",10753.5466625
"12410","1kmE3977N3090",12660.340552
"12411","1kmE3977N3091",15459.3640145
"12412","1kmE3977N3092",17745.11155
"12413","1kmE3977N3093",16287.745069
"12414","1kmE3977N3094",11869.038648
"12415","1kmE3977N3095",14282.4900545
"12416","1kmE3977N3096",15301.284704
"12417","1kmE3977N3097",13389.312585
"12418","1kmE3977N3098",13576.441296
"12419","1kmE3977N3099",11835.495984
"12420","1kmE3977N3100",12027.4749265
"12421","1kmE3977N3101",7440.8003525
"12422","1kmE3977N3102",5598.0332255
"12423","1kmE3977N3103",6938.513028
"12424","1kmE3977N3104",14740.244365
"12425","1kmE3977N3105",17890.8554175
"12426","1kmE3977N3106",18765.9973295
"12427","1kmE3977N3107",17690.475855
"12428","1kmE3977N3108",18375.491078
"12429","1kmE3977N3109",17475.009769
"12430","1kmE3977N3110",13608.1144255
"12431","1kmE3977N3111",11989.2197855
"12432","1kmE3977N3112",13671.408253
"12433","1kmE3977N3113",11016.1972465
"12434","1kmE3977N3114",9213.1542165
"12435","1kmE3977N3115",8655.8249555
"12436","1kmE3977N3116",6444.413285
"12437","1kmE3977N3117",3055.022829
"12438","1kmE3977N3118",4420.593896
"12439","1kmE3977N3119",5349.4191015
"12440","1kmE3977N3120",3806.9164095
"12441","1kmE3977N3121",2101.9008575
"12442","1kmE3977N3122",1355.715046
"12443","1kmE3977N3123",4593.3677665
"12444","1kmE3977N3124",10021.550689
"12445","1kmE3977N3125",11423.3210885
"12446","1kmE3977N3126",11585.9899775
"12447","1kmE3977N3127",12668.776249
"12448","1kmE3977N3128",12150.3529435
"12449","1kmE3977N3129",6470.2254435
"12450","1kmE3977N3130",4277.0398015
"12451","1kmE3977N3131",5997.26148
"12452","1kmE3977N3132",6969.829783
"12453","1kmE3977N3133",9728.2063535
"12454","1kmE3977N3134",5910.9829835
"12455","1kmE3977N3135",4846.876751
"12456","1kmE3977N3136",8076.3063355
"12457","1kmE3977N3137",8756.283426
"12458","1kmE3977N3138",6948.0980635
"12459","1kmE3977N3139",5711.148171
"12460","1kmE3977N3140",6581.580225
"12461","1kmE3977N3141",4724.097593
"12462","1kmE3977N3142",6913.401742
"12463","1kmE3977N3143",6643.2614805
"12464","1kmE3977N3144",7603.7778385
"12465","1kmE3977N3145",11126.922451
"12466","1kmE3977N3146",14215.3483745
"12467","1kmE3977N3147",12504.2675805
"12468","1kmE3977N3148",7935.2345695
"12469","1kmE3977N3149",7380.434406
"12470","1kmE3977N3150",7845.242318
"12471","1kmE3977N3151",8601.1624215
"12472","1kmE3977N3152",8238.324628
"12473","1kmE3977N3153",6543.016349
"12474","1kmE3977N3154",5811.5408595
"12475","1kmE3977N3155",8700.2945925
"12476","1kmE3977N3156",9001.1806215
"12477","1kmE3977N3157",9214.2239815
"12478","1kmE3977N3158",7927.1408835
"12479","1kmE3977N3159",9325.75069
"12480","1kmE3977N3160",11277.3441025
"12481","1kmE3977N3161",8466.4478515
"12482","1kmE3977N3162",5567.0491175
"12483","1kmE3977N3163",6377.687223
"12484","1kmE3977N3164",5904.604189
"12485","1kmE3977N3165",3300.353164
"12486","1kmE3978N3075",1587.5775015
"12487","1kmE3978N3076",5211.0349105
"12488","1kmE3978N3077",9824.6837585
"12489","1kmE3978N3078",10047.630962
"12490","1kmE3978N3079",10870.412688
"12491","1kmE3978N3080",13138.9201595
"12492","1kmE3978N3081",10132.725209
"12493","1kmE3978N3082",10025.506916
"12494","1kmE3978N3083",10263.0391705
"12495","1kmE3978N3084",11084.9823245
"12496","1kmE3978N3085",10695.692262
"12497","1kmE3978N3086",9515.28884
"12498","1kmE3978N3087",11616.7828975
"12499","1kmE3978N3088",12391.385046
"12500","1kmE3978N3089",12815.542001
"12501","1kmE3978N3090",10827.701327
"12502","1kmE3978N3091",15651.4326805
"12503","1kmE3978N3092",18394.358824
"12504","1kmE3978N3093",15404.612953
"12505","1kmE3978N3094",11224.5138745
"12506","1kmE3978N3095",12196.495858
"12507","1kmE3978N3096",12601.3225245
"12508","1kmE3978N3097",13820.5239905
"12509","1kmE3978N3098",12395.110071
"12510","1kmE3978N3099",11835.260081
"12511","1kmE3978N3100",10960.1001905
"12512","1kmE3978N3101",4527.935323
"12513","1kmE3978N3102",7731.9967485
"12514","1kmE3978N3103",11520.609363
"12515","1kmE3978N3104",14358.6225615
"12516","1kmE3978N3105",16945.930889
"12517","1kmE3978N3106",17060.6807855
"12518","1kmE3978N3107",14609.30493
"12519","1kmE3978N3108",18452.2459185
"12520","1kmE3978N3109",16768.7923315
"12521","1kmE3978N3110",12659.521913
"12522","1kmE3978N3111",11811.7772245
"12523","1kmE3978N3112",12115.851877
"12524","1kmE3978N3113",13799.6260085
"12525","1kmE3978N3114",12524.0185715
"12526","1kmE3978N3115",12666.2889285
"12527","1kmE3978N3116",6586.1594665
"12528","1kmE3978N3117",2489.5922825
"12529","1kmE3978N3118",1684.844647
"12530","1kmE3978N3119",4239.707767
"12531","1kmE3978N3120",6289.658893
"12532","1kmE3978N3121",5421.3372815
"12533","1kmE3978N3122",3868.9008605
"12534","1kmE3978N3123",4308.5742495
"12535","1kmE3978N3124",10025.3030855
"12536","1kmE3978N3125",12666.7576315
"12537","1kmE3978N3126",14317.570261
"12538","1kmE3978N3127",12263.3694075
"12539","1kmE3978N3128",9595.4079995
"12540","1kmE3978N3129",6896.3094955
"12541","1kmE3978N3130",5607.2638665
"12542","1kmE3978N3131",6055.567028
"12543","1kmE3978N3132",7454.00223
"12544","1kmE3978N3133",6710.7941125
"12545","1kmE3978N3134",7305.185219
"12546","1kmE3978N3135",10054.1892305
"12547","1kmE3978N3136",9482.808364
"12548","1kmE3978N3137",3728.6423735
"12549","1kmE3978N3138",7052.8094685
"12550","1kmE3978N3139",4682.938717
"12551","1kmE3978N3140",6601.12137
"12552","1kmE3978N3141",5517.2058605
"12553","1kmE3978N3142",8892.528253
"12554","1kmE3978N3143",8337.991442
"12555","1kmE3978N3144",7975.7145965
"12556","1kmE3978N3145",7487.1957375
"12557","1kmE3978N3146",9892.615196
"12558","1kmE3978N3147",8269.3729075
"12559","1kmE3978N3148",7346.6089025
"12560","1kmE3978N3149",6026.577271
"12561","1kmE3978N3150",9400.657248
"12562","1kmE3978N3151",8930.374698
"12563","1kmE3978N3152",5076.7863565
"12564","1kmE3978N3153",5259.7120575
"12565","1kmE3978N3154",3561.432391
"12566","1kmE3978N3155",4431.291131
"12567","1kmE3978N3156",6116.5304575
"12568","1kmE3978N3157",6660.8354305
"12569","1kmE3978N3158",6353.665536
"12570","1kmE3978N3159",10022.711334
"12571","1kmE3978N3160",12539.1795945
"12572","1kmE3978N3161",8047.1251815
"12573","1kmE3978N3162",6682.592874
"12574","1kmE3978N3163",6120.3480925
"12575","1kmE3978N3164",5423.0869325
"12576","1kmE3978N3165",2015.912889
"12577","1kmE3979N3075",403.896446
"12578","1kmE3979N3076",9926.124406
"12579","1kmE3979N3077",11960.48476
"12580","1kmE3979N3078",8384.494927
"12581","1kmE3979N3079",9736.6565965
"12582","1kmE3979N3080",11287.398041
"12583","1kmE3979N3081",8577.7478405
"12584","1kmE3979N3082",11533.483842
"12585","1kmE3979N3083",9264.3509335
"12586","1kmE3979N3084",9005.1119855
"12587","1kmE3979N3085",7010.714519
"12588","1kmE3979N3086",7953.6165895
"12589","1kmE3979N3087",12747.607387
"12590","1kmE3979N3088",13576.7902475
"12591","1kmE3979N3089",12708.4026665
"12592","1kmE3979N3090",11310.053451
"12593","1kmE3979N3091",14857.97454
"12594","1kmE3979N3092",17991.407842
"12595","1kmE3979N3093",14642.3153155
"12596","1kmE3979N3094",13455.6773775
"12597","1kmE3979N3095",13418.1229685
"12598","1kmE3979N3096",13882.3134025
"12599","1kmE3979N3097",9894.3557745
"12600","1kmE3979N3098",11821.66658
"12601","1kmE3979N3099",13035.314454
"12602","1kmE3979N3100",11230.3857225
"12603","1kmE3979N3101",6337.5480875
"12604","1kmE3979N3102",9857.0833215
"12605","1kmE3979N3103",11656.771299
"12606","1kmE3979N3104",14996.87107
"12607","1kmE3979N3105",16053.188156
"12608","1kmE3979N3106",16241.6383585
"12609","1kmE3979N3107",16252.2005435
"12610","1kmE3979N3108",17207.025864
"12611","1kmE3979N3109",14224.6591875
"12612","1kmE3979N3110",9702.2494115
"12613","1kmE3979N3111",10429.383897
"12614","1kmE3979N3112",11349.084283
"12615","1kmE3979N3113",11133.7672545
"12616","1kmE3979N3114",11355.0876445
"12617","1kmE3979N3115",10265.0576365
"12618","1kmE3979N3116",7954.917038
"12619","1kmE3979N3117",2152.37895
"12620","1kmE3979N3118",1716.2824665
"12621","1kmE3979N3119",4591.2517165
"12622","1kmE3979N3120",4649.1637055
"12623","1kmE3979N3121",4023.4802815
"12624","1kmE3979N3122",5328.105783
"12625","1kmE3979N3123",5720.648155
"12626","1kmE3979N3124",10023.417693
"12627","1kmE3979N3125",11977.045542
"12628","1kmE3979N3126",13223.4108485
"12629","1kmE3979N3127",12044.806565
"12630","1kmE3979N3128",8920.8332585
"12631","1kmE3979N3129",8264.4731565
"12632","1kmE3979N3130",9054.5521985
"12633","1kmE3979N3131",7974.9841595
"12634","1kmE3979N3132",8892.5818615
"12635","1kmE3979N3133",8925.8602985
"12636","1kmE3979N3134",9447.341469
"12637","1kmE3979N3135",13817.3296945
"12638","1kmE3979N3136",11166.4081815
"12639","1kmE3979N3137",4838.714331
"12640","1kmE3979N3138",5883.6612535
"12641","1kmE3979N3139",7998.173022
"12642","1kmE3979N3140",7803.7586215
"12643","1kmE3979N3141",7249.314729
"12644","1kmE3979N3142",7034.0799465
"12645","1kmE3979N3143",6899.2130765
"12646","1kmE3979N3144",8565.6237145
"12647","1kmE3979N3145",7576.4377605
"12648","1kmE3979N3146",7997.0359115
"12649","1kmE3979N3147",5682.8128165
"12650","1kmE3979N3148",9428.503424
"12651","1kmE3979N3149",9436.3345895
"12652","1kmE3979N3150",9318.2411205
"12653","1kmE3979N3151",9407.2258055
"12654","1kmE3979N3152",4712.7111935
"12655","1kmE3979N3153",5063.2230915
"12656","1kmE3979N3154",1313.3181685
"12657","1kmE3979N3155",1094.976789
"12658","1kmE3979N3156",5226.6159935
"12659","1kmE3979N3157",6593.7035975
"12660","1kmE3979N3158",5837.832645
"12661","1kmE3979N3159",5446.1203715
"12662","1kmE3979N3160",8035.835201
"12663","1kmE3979N3161",9629.664498
"12664","1kmE3979N3162",6312.7596355
"12665","1kmE3979N3163",4851.966956
"12666","1kmE3979N3164",4991.968189
"12667","1kmE3979N3165",205.0163905
"12668","1kmE3980N3067",205.0163915
"12669","1kmE3980N3075",604.0792415
"12670","1kmE3980N3076",8009.2279775
"12671","1kmE3980N3077",6851.5558845
"12672","1kmE3980N3078",4470.198401
"12673","1kmE3980N3079",8776.638974
"12674","1kmE3980N3080",8261.9718365
"12675","1kmE3980N3081",9754.5433075
"12676","1kmE3980N3082",9826.084619
"12677","1kmE3980N3083",8895.012175
"12678","1kmE3980N3084",10104.10873
"12679","1kmE3980N3085",11938.490734
"12680","1kmE3980N3086",10360.8990625
"12681","1kmE3980N3087",12111.6660935
"12682","1kmE3980N3088",13214.88335
"12683","1kmE3980N3089",14458.547607
"12684","1kmE3980N3090",13531.3288455
"12685","1kmE3980N3091",13357.0613685
"12686","1kmE3980N3092",16916.766241
"12687","1kmE3980N3093",17652.9344165
"12688","1kmE3980N3094",17268.942943
"12689","1kmE3980N3095",16208.2790365
"12690","1kmE3980N3096",14914.6463405
"12691","1kmE3980N3097",10954.3471315
"12692","1kmE3980N3098",10629.6392415
"12693","1kmE3980N3099",11293.416791
"12694","1kmE3980N3100",8040.796579
"12695","1kmE3980N3101",7084.64517
"12696","1kmE3980N3102",10495.6738325
"12697","1kmE3980N3103",9910.1771295
"12698","1kmE3980N3104",12923.3687425
"12699","1kmE3980N3105",17427.6438165
"12700","1kmE3980N3106",16723.6387315
"12701","1kmE3980N3107",17453.1107415
"12702","1kmE3980N3108",17585.9572005
"12703","1kmE3980N3109",15418.845518
"12704","1kmE3980N3110",12176.673607
"12705","1kmE3980N3111",10945.8610565
"12706","1kmE3980N3112",11457.453768
"12707","1kmE3980N3113",9942.989347
"12708","1kmE3980N3114",9594.1167525
"12709","1kmE3980N3115",9952.898807
"12710","1kmE3980N3116",9097.4776625
"12711","1kmE3980N3117",2878.734358
"12712","1kmE3980N3118",2473.4339045
"12713","1kmE3980N3119",3170.0773105
"12714","1kmE3980N3120",4242.9455275
"12715","1kmE3980N3121",6574.841044
"12716","1kmE3980N3122",8835.3640655
"12717","1kmE3980N3123",8529.820811
"12718","1kmE3980N3124",9759.243558
"12719","1kmE3980N3125",9343.5970535
"12720","1kmE3980N3126",10725.7747315
"12721","1kmE3980N3127",10988.3516985
"12722","1kmE3980N3128",10134.263632
"12723","1kmE3980N3129",7659.7747615
"12724","1kmE3980N3130",11290.675947
"12725","1kmE3980N3131",11484.2680325
"12726","1kmE3980N3132",11188.203974
"12727","1kmE3980N3133",8707.0827105
"12728","1kmE3980N3134",7787.0267485
"12729","1kmE3980N3135",9536.9551695
"12730","1kmE3980N3136",8051.577114
"12731","1kmE3980N3137",5860.3345775
"12732","1kmE3980N3138",6671.725756
"12733","1kmE3980N3139",8940.9381715
"12734","1kmE3980N3140",9618.00276
"12735","1kmE3980N3141",7472.744756
"12736","1kmE3980N3142",10262.0119815
"12737","1kmE3980N3143",9522.680296
"12738","1kmE3980N3144",9052.3105845
"12739","1kmE3980N3145",7875.2370305
"12740","1kmE3980N3146",9467.80996
"12741","1kmE3980N3147",6935.4001775
"12742","1kmE3980N3148",9131.402525
"12743","1kmE3980N3149",12431.035241
"12744","1kmE3980N3150",9343.09281
"12745","1kmE3980N3151",6351.076718
"12746","1kmE3980N3152",3641.282261
"12747","1kmE3980N3153",3098.557613
"12748","1kmE3980N3154",842.2411305
"12749","1kmE3980N3155",738.232083
"12750","1kmE3980N3156",3313.6635435
"12751","1kmE3980N3157",8821.823582
"12752","1kmE3980N3158",7442.7015045
"12753","1kmE3980N3159",4806.3297305
"12754","1kmE3980N3160",7277.1076155
"12755","1kmE3980N3161",7172.109507
"12756","1kmE3980N3162",5106.70653
"12757","1kmE3980N3163",4197.263596
"12758","1kmE3980N3164",2520.6868555
"12759","1kmE3981N3078",1908.508578
"12760","1kmE3981N3079",7096.0810085
"12761","1kmE3981N3080",7582.463092
"12762","1kmE3981N3081",11035.7853685
"12763","1kmE3981N3082",8088.2105075
"12764","1kmE3981N3083",11007.924892
"12765","1kmE3981N3084",12969.578721
"12766","1kmE3981N3085",16801.226227
"12767","1kmE3981N3086",11013.593402
"12768","1kmE3981N3087",15925.134
"12769","1kmE3981N3088",8556.3231435
"12770","1kmE3981N3089",13391.056311
"12771","1kmE3981N3090",9629.5728345
"12772","1kmE3981N3091",12893.238979
"12773","1kmE3981N3092",15162.743959
"12774","1kmE3981N3093",12810.845744
"12775","1kmE3981N3094",14939.2751725
"12776","1kmE3981N3095",15851.013506
"12777","1kmE3981N3096",14269.940413
"12778","1kmE3981N3097",11388.4628685
"12779","1kmE3981N3098",9269.259379
"12780","1kmE3981N3099",8490.758255
"12781","1kmE3981N3100",8087.471158
"12782","1kmE3981N3101",8694.4765255
"12783","1kmE3981N3102",12472.389696
"12784","1kmE3981N3103",12365.9424235
"12785","1kmE3981N3104",14573.6855735
"12786","1kmE3981N3105",14734.7802955
"12787","1kmE3981N3106",17297.140298
"12788","1kmE3981N3107",18556.7741395
"12789","1kmE3981N3108",15181.6676695
"12790","1kmE3981N3109",12431.7729465
"12791","1kmE3981N3110",12126.92695
"12792","1kmE3981N3111",10530.116658
"12793","1kmE3981N3112",10254.6081935
"12794","1kmE3981N3113",8757.6028165
"12795","1kmE3981N3114",8498.1831385
"12796","1kmE3981N3115",9125.687423
"12797","1kmE3981N3116",9821.86781
"12798","1kmE3981N3117",2683.362916
"12799","1kmE3981N3118",7957.5592975
"12800","1kmE3981N3119",3606.370867
"12801","1kmE3981N3120",5641.358404
"12802","1kmE3981N3121",4039.0423985
"12803","1kmE3981N3122",4395.2234955
"12804","1kmE3981N3123",5988.5412605
"12805","1kmE3981N3124",13594.197307
"12806","1kmE3981N3125",13416.2317905
"12807","1kmE3981N3126",12693.8098095
"12808","1kmE3981N3127",9346.016653
"12809","1kmE3981N3128",10380.1348375
"12810","1kmE3981N3129",9024.5239195
"12811","1kmE3981N3130",13678.003962
"12812","1kmE3981N3131",14084.9911575
"12813","1kmE3981N3132",12234.371977
"12814","1kmE3981N3133",9586.905125
"12815","1kmE3981N3134",9210.9443925
"12816","1kmE3981N3135",9154.959855
"12817","1kmE3981N3136",8416.6460045
"12818","1kmE3981N3137",3069.6830295
"12819","1kmE3981N3138",5658.413623
"12820","1kmE3981N3139",6921.1031915
"12821","1kmE3981N3140",7746.788881
"12822","1kmE3981N3141",7579.0210075
"12823","1kmE3981N3142",10135.729148
"12824","1kmE3981N3143",11829.30526
"12825","1kmE3981N3144",8406.668887
"12826","1kmE3981N3145",9758.9983445
"12827","1kmE3981N3146",9563.452638
"12828","1kmE3981N3147",7204.329108
"12829","1kmE3981N3148",8431.309869
"12830","1kmE3981N3149",10218.500339
"12831","1kmE3981N3150",7202.836129
"12832","1kmE3981N3151",3738.1499625
"12833","1kmE3981N3152",3586.89278
"12834","1kmE3981N3153",2305.0184555
"12835","1kmE3981N3154",570.6291365
"12836","1kmE3981N3155",906.974100999999
"12837","1kmE3981N3156",382.5064855
"12838","1kmE3981N3157",2170.076534
"12839","1kmE3981N3158",5252.480125
"12840","1kmE3981N3159",5525.1376295
"12841","1kmE3981N3160",6781.6210875
"12842","1kmE3981N3161",5190.3868445
"12843","1kmE3981N3162",4833.802885
"12844","1kmE3981N3163",1856.526272
"12845","1kmE3982N3078",1595.00979
"12846","1kmE3982N3079",5499.302253
"12847","1kmE3982N3080",8320.139626
"12848","1kmE3982N3081",8523.789043
"12849","1kmE3982N3082",5888.1333025
"12850","1kmE3982N3083",7784.4135045
"12851","1kmE3982N3084",9976.16596
"12852","1kmE3982N3085",12316.959902
"12853","1kmE3982N3086",10652.8163415
"12854","1kmE3982N3087",12376.5650725
"12855","1kmE3982N3088",10866.2965045
"12856","1kmE3982N3089",12035.652075
"12857","1kmE3982N3090",12015.4623585
"12858","1kmE3982N3091",12324.493323
"12859","1kmE3982N3092",11630.660645
"12860","1kmE3982N3093",14036.9243305
"12861","1kmE3982N3094",12889.381879
"12862","1kmE3982N3095",14250.2020535
"12863","1kmE3982N3096",14682.2680575
"12864","1kmE3982N3097",6428.7988045
"12865","1kmE3982N3098",6979.100045
"12866","1kmE3982N3099",4696.88456
"12867","1kmE3982N3100",7573.8435685
"12868","1kmE3982N3101",7484.849889
"12869","1kmE3982N3102",8586.2984575
"12870","1kmE3982N3103",12695.340256
"12871","1kmE3982N3104",12821.571482
"12872","1kmE3982N3105",14579.5472985
"12873","1kmE3982N3106",16267.8932995
"12874","1kmE3982N3107",17152.735107
"12875","1kmE3982N3108",13216.6896325
"12876","1kmE3982N3109",12683.600806
"12877","1kmE3982N3110",12306.9561685
"12878","1kmE3982N3111",12619.710538
"12879","1kmE3982N3112",12052.0281355
"12880","1kmE3982N3113",8735.414247
"12881","1kmE3982N3114",9154.7165685
"12882","1kmE3982N3115",8986.74565
"12883","1kmE3982N3116",6838.554707
"12884","1kmE3982N3117",4055.6324665
"12885","1kmE3982N3118",9363.318893
"12886","1kmE3982N3119",5853.1779155
"12887","1kmE3982N3120",8815.8547515
"12888","1kmE3982N3121",5658.2191175
"12889","1kmE3982N3122",3694.9578025
"12890","1kmE3982N3123",6220.5762495
"12891","1kmE3982N3124",10066.003176
"12892","1kmE3982N3125",11745.6407675
"12893","1kmE3982N3126",14071.384273
"12894","1kmE3982N3127",10013.5152465
"12895","1kmE3982N3128",8863.1274015
"12896","1kmE3982N3129",9098.2331775
"12897","1kmE3982N3130",12107.4201675
"12898","1kmE3982N3131",13220.2371355
"12899","1kmE3982N3132",11848.6141905
"12900","1kmE3982N3133",11628.421555
"12901","1kmE3982N3134",9110.661131
"12902","1kmE3982N3135",9778.2535545
"12903","1kmE3982N3136",9229.4339655
"12904","1kmE3982N3137",4540.406444
"12905","1kmE3982N3138",5000.719795
"12906","1kmE3982N3139",14318.4162245
"12907","1kmE3982N3140",9963.6349965
"12908","1kmE3982N3141",11120.233814
"12909","1kmE3982N3142",14440.383299
"12910","1kmE3982N3143",13408.8039635
"12911","1kmE3982N3144",13236.0880945
"12912","1kmE3982N3145",7293.003586
"12913","1kmE3982N3146",5846.8638575
"12914","1kmE3982N3147",4961.707814
"12915","1kmE3982N3148",4415.5047505
"12916","1kmE3982N3149",4226.731434
"12917","1kmE3982N3150",2860.7456805
"12918","1kmE3982N3151",2101.1751045
"12919","1kmE3982N3152",3092.5806745
"12920","1kmE3982N3153",1275.940331
"12921","1kmE3982N3157",205.0163905
"12922","1kmE3982N3158",546.185309
"12923","1kmE3982N3159",1252.024153
"12924","1kmE3982N3160",1574.454401
"12925","1kmE3982N3161",803.7865375
"12926","1kmE3983N3078",703.629551
"12927","1kmE3983N3079",5201.6259005
"12928","1kmE3983N3080",8693.36524
"12929","1kmE3983N3081",7702.672036
"12930","1kmE3983N3082",7990.982435
"12931","1kmE3983N3083",7799.599188
"12932","1kmE3983N3084",9984.520687
"12933","1kmE3983N3085",9799.996903
"12934","1kmE3983N3086",11176.417297
"12935","1kmE3983N3087",10669.65516
"12936","1kmE3983N3088",10733.195524
"12937","1kmE3983N3089",10377.8031845
"12938","1kmE3983N3090",13880.7008855
"12939","1kmE3983N3091",14724.36773
"12940","1kmE3983N3092",15389.1096805
"12941","1kmE3983N3093",16907.321418
"12942","1kmE3983N3094",16523.81127
"12943","1kmE3983N3095",17701.121721
"12944","1kmE3983N3096",11205.1843095
"12945","1kmE3983N3097",3351.694726
"12946","1kmE3983N3098",4953.2964545
"12947","1kmE3983N3099",8364.813656
"12948","1kmE3983N3100",8543.776069
"12949","1kmE3983N3101",11555.478198
"12950","1kmE3983N3102",7304.0504795
"12951","1kmE3983N3103",12156.202106
"12952","1kmE3983N3104",12555.680299
"12953","1kmE3983N3105",10853.798222
"12954","1kmE3983N3106",13847.9277385
"12955","1kmE3983N3107",15263.640079
"12956","1kmE3983N3108",14395.7834185
"12957","1kmE3983N3109",11297.816227
"12958","1kmE3983N3110",11032.038646
"12959","1kmE3983N3111",14128.511689
"12960","1kmE3983N3112",11459.9713095
"12961","1kmE3983N3113",8690.9778625
"12962","1kmE3983N3114",6609.6228345
"12963","1kmE3983N3115",2887.4291565
"12964","1kmE3983N3116",2922.2110735
"12965","1kmE3983N3117",3057.3104325
"12966","1kmE3983N3118",7798.928938
"12967","1kmE3983N3119",6023.5136385
"12968","1kmE3983N3120",3303.4451735
"12969","1kmE3983N3121",4677.3273645
"12970","1kmE3983N3122",3299.607504
"12971","1kmE3983N3123",5391.385345
"12972","1kmE3983N3124",9644.590536
"12973","1kmE3983N3125",13913.2424385
"12974","1kmE3983N3126",15498.027354
"12975","1kmE3983N3127",11141.865407
"12976","1kmE3983N3128",7070.15905
"12977","1kmE3983N3129",7269.7695145
"12978","1kmE3983N3130",9404.7294075
"12979","1kmE3983N3131",8943.450749
"12980","1kmE3983N3132",14584.7156215
"12981","1kmE3983N3133",17453.419712
"12982","1kmE3983N3134",15573.1933925
"12983","1kmE3983N3135",11951.5178
"12984","1kmE3983N3136",8442.0448125
"12985","1kmE3983N3137",7402.3151075
"12986","1kmE3983N3138",8505.9917615
"12987","1kmE3983N3139",11219.910046
"12988","1kmE3983N3140",10608.9674445
"12989","1kmE3983N3141",10719.2103045
"12990","1kmE3983N3142",13824.648888
"12991","1kmE3983N3143",10748.62777
"12992","1kmE3983N3144",11070.094573
"12993","1kmE3983N3145",8724.1707025
"12994","1kmE3983N3146",7361.430173
"12995","1kmE3983N3147",4799.6269215
"12996","1kmE3983N3148",3099.400312
"12997","1kmE3983N3149",2063.458104
"12998","1kmE3983N3150",2574.621614
"12999","1kmE3983N3151",2626.251832
"13000","1kmE3983N3152",2549.1559435
"13001","1kmE3984N3078",2435.2658515
"13002","1kmE3984N3079",10347.9968605
"13003","1kmE3984N3080",11408.939566
"13004","1kmE3984N3081",9812.745089
"13005","1kmE3984N3082",7641.0174895
"13006","1kmE3984N3083",9469.332867
"13007","1kmE3984N3084",10230.380834
"13008","1kmE3984N3085",7598.8352265
"13009","1kmE3984N3086",9061.4228805
"13010","1kmE3984N3087",10829.535184
"13011","1kmE3984N3088",11715.1304285
"13012","1kmE3984N3089",10900.73737
"13013","1kmE3984N3090",11773.6041655
"13014","1kmE3984N3091",14224.7346275
"13015","1kmE3984N3092",17531.78704
"13016","1kmE3984N3093",18475.011501
"13017","1kmE3984N3094",16578.465859
"13018","1kmE3984N3095",13807.829084
"13019","1kmE3984N3096",10160.803866
"13020","1kmE3984N3097",6943.6219875
"13021","1kmE3984N3098",10377.8818085
"13022","1kmE3984N3099",7622.660206
"13023","1kmE3984N3100",10456.1134515
"13024","1kmE3984N3101",12765.8573085
"13025","1kmE3984N3102",12873.6816525
"13026","1kmE3984N3103",13410.120648
"13027","1kmE3984N3104",13549.3562635
"13028","1kmE3984N3105",13198.8692195
"13029","1kmE3984N3106",15547.164828
"13030","1kmE3984N3107",16264.0907685
"13031","1kmE3984N3108",15817.7642465
"13032","1kmE3984N3109",8780.350642
"13033","1kmE3984N3110",8708.467549
"13034","1kmE3984N3111",12035.5307795
"13035","1kmE3984N3112",12047.1588485
"13036","1kmE3984N3113",11820.8422125
"13037","1kmE3984N3114",8900.8797015
"13038","1kmE3984N3115",4985.6268155
"13039","1kmE3984N3116",3749.868844
"13040","1kmE3984N3117",3209.3850715
"13041","1kmE3984N3118",2798.9788885
"13042","1kmE3984N3119",3942.5790915
"13043","1kmE3984N3120",3522.329248
"13044","1kmE3984N3121",4659.905037
"13045","1kmE3984N3122",4965.4223505
"13046","1kmE3984N3123",9177.1318805
"13047","1kmE3984N3124",8523.8450565
"13048","1kmE3984N3125",10413.2625975
"13049","1kmE3984N3126",13529.972356
"13050","1kmE3984N3127",11758.4597665
"13051","1kmE3984N3128",9008.3403785
"13052","1kmE3984N3129",5846.897351
"13053","1kmE3984N3130",8211.586524
"13054","1kmE3984N3131",11353.0539175
"13055","1kmE3984N3132",13740.857696
"13056","1kmE3984N3133",18897.822396
"13057","1kmE3984N3134",17836.462411
"13058","1kmE3984N3135",15541.5420525
"13059","1kmE3984N3136",11461.7353935
"13060","1kmE3984N3137",8908.6433425
"13061","1kmE3984N3138",10060.8345355
"13062","1kmE3984N3139",10779.597793
"13063","1kmE3984N3140",11275.1788035
"13064","1kmE3984N3141",9992.8523695
"13065","1kmE3984N3142",12437.270493
"13066","1kmE3984N3143",9139.2981745
"13067","1kmE3984N3144",7904.837436
"13068","1kmE3984N3145",5449.5029535
"13069","1kmE3984N3146",5273.6597315
"13070","1kmE3984N3147",5317.300938
"13071","1kmE3984N3148",3093.7053585
"13072","1kmE3984N3149",3094.845763
"13073","1kmE3984N3150",2874.912558
"13074","1kmE3984N3151",901.3922985
"13075","1kmE3984N3166",205.01639
"13076","1kmE3985N3077",1441.838057
"13077","1kmE3985N3078",5793.586541
"13078","1kmE3985N3079",11978.199865
"13079","1kmE3985N3080",12115.053162
"13080","1kmE3985N3081",8803.2885675
"13081","1kmE3985N3082",9968.836586
"13082","1kmE3985N3083",11237.969694
"13083","1kmE3985N3084",12306.281925
"13084","1kmE3985N3085",6283.201183
"13085","1kmE3985N3086",5581.453188
"13086","1kmE3985N3087",9144.7617355
"13087","1kmE3985N3088",11459.231163
"13088","1kmE3985N3089",10591.8617195
"13089","1kmE3985N3090",8433.159484
"13090","1kmE3985N3091",12732.861259
"13091","1kmE3985N3092",13868.2652325
"13092","1kmE3985N3093",15557.1503405
"13093","1kmE3985N3094",15163.896825
"13094","1kmE3985N3095",12455.3379515
"13095","1kmE3985N3096",10351.701068
"13096","1kmE3985N3097",13406.6865245
"13097","1kmE3985N3098",15569.7158405
"13098","1kmE3985N3099",13074.1559845
"13099","1kmE3985N3100",10311.0568025
"13100","1kmE3985N3101",14142.903943
"13101","1kmE3985N3102",16092.3177595
"13102","1kmE3985N3103",14566.5460515
"13103","1kmE3985N3104",14841.157845
"13104","1kmE3985N3105",17089.373696
"13105","1kmE3985N3106",17025.5232445
"13106","1kmE3985N3107",18491.7091585
"13107","1kmE3985N3108",18018.919916
"13108","1kmE3985N3109",12155.7891075
"13109","1kmE3985N3110",9091.8340625
"13110","1kmE3985N3111",9863.20564
"13111","1kmE3985N3112",10680.477643
"13112","1kmE3985N3113",10587.3016185
"13113","1kmE3985N3114",8992.5744055
"13114","1kmE3985N3115",5767.2443455
"13115","1kmE3985N3116",5680.9661305
"13116","1kmE3985N3117",4751.388228
"13117","1kmE3985N3118",4653.508254
"13118","1kmE3985N3119",4513.034752
"13119","1kmE3985N3120",6999.1979685
"13120","1kmE3985N3121",8577.751995
"13121","1kmE3985N3122",8179.115211
"13122","1kmE3985N3123",10346.47273
"13123","1kmE3985N3124",10153.405681
"13124","1kmE3985N3125",10492.6482165
"13125","1kmE3985N3126",10197.8296715
"13126","1kmE3985N3127",10237.9409955
"13127","1kmE3985N3128",9260.236247
"13128","1kmE3985N3129",4655.472224
"13129","1kmE3985N3130",4125.285604
"13130","1kmE3985N3131",13854.9794555
"13131","1kmE3985N3132",11978.062118
"13132","1kmE3985N3133",13309.8825315
"13133","1kmE3985N3134",14092.5907185
"13134","1kmE3985N3135",15697.0308415
"13135","1kmE3985N3136",14366.5786185
"13136","1kmE3985N3137",8738.705828
"13137","1kmE3985N3138",9496.9251955
"13138","1kmE3985N3139",10857.795137
"13139","1kmE3985N3140",11172.9505075
"13140","1kmE3985N3141",11901.420338
"13141","1kmE3985N3142",10263.5333305
"13142","1kmE3985N3143",9651.96122
"13143","1kmE3985N3144",7801.0037145
"13144","1kmE3985N3145",5209.107761
"13145","1kmE3985N3146",4135.627444
"13146","1kmE3985N3147",4641.925652
"13147","1kmE3986N3077",2260.776841
"13148","1kmE3986N3078",5915.0682785
"13149","1kmE3986N3079",10394.3952255
"13150","1kmE3986N3080",13300.026819
"13151","1kmE3986N3081",13530.0088095
"13152","1kmE3986N3082",15541.9765335
"13153","1kmE3986N3083",14191.977918
"13154","1kmE3986N3084",11130.896884
"13155","1kmE3986N3085",8311.0704065
"13156","1kmE3986N3086",9192.4085345
"13157","1kmE3986N3087",9980.0758705
"13158","1kmE3986N3088",10516.8576845
"13159","1kmE3986N3089",9261.740921
"13160","1kmE3986N3090",11317.2784505
"13161","1kmE3986N3091",11286.410651
"13162","1kmE3986N3092",10434.199807
"13163","1kmE3986N3093",12801.44617
"13164","1kmE3986N3094",12277.0092525
"13165","1kmE3986N3095",11644.5683345
"13166","1kmE3986N3096",11834.9501115
"13167","1kmE3986N3097",10355.9678335
"13168","1kmE3986N3098",10091.504953
"13169","1kmE3986N3099",13274.8403265
"13170","1kmE3986N3100",14775.802393
"13171","1kmE3986N3101",15005.548745
"13172","1kmE3986N3102",15868.5176505
"13173","1kmE3986N3103",16292.501234
"13174","1kmE3986N3104",15652.471591
"13175","1kmE3986N3105",15925.2731695
"13176","1kmE3986N3106",15429.216581
"13177","1kmE3986N3107",17959.4955875
"13178","1kmE3986N3108",16224.7962825
"13179","1kmE3986N3109",12997.8639985
"13180","1kmE3986N3110",14056.198334
"13181","1kmE3986N3111",11127.1185275
"13182","1kmE3986N3112",9727.063875
"13183","1kmE3986N3113",6959.897409
"13184","1kmE3986N3114",7546.561564
"13185","1kmE3986N3115",9036.151158
"13186","1kmE3986N3116",12338.400697
"13187","1kmE3986N3117",14755.604228
"13188","1kmE3986N3118",11724.2757145
"13189","1kmE3986N3119",9546.152705
"13190","1kmE3986N3120",7321.179183
"13191","1kmE3986N3121",8772.916794
"13192","1kmE3986N3122",8529.3307255
"13193","1kmE3986N3123",10935.203761
"13194","1kmE3986N3124",10829.7891555
"13195","1kmE3986N3125",9013.8519435
"13196","1kmE3986N3126",9003.1290655
"13197","1kmE3986N3127",10567.8992525
"13198","1kmE3986N3128",9389.009215
"13199","1kmE3986N3129",6196.7234595
"13200","1kmE3986N3130",5911.137177
"13201","1kmE3986N3131",12086.3304885
"13202","1kmE3986N3132",13958.1503685
"13203","1kmE3986N3133",12325.6844245
"13204","1kmE3986N3134",12053.751633
"13205","1kmE3986N3135",14655.4537605
"13206","1kmE3986N3136",13678.3981335
"13207","1kmE3986N3137",8293.8205905
"13208","1kmE3986N3138",8182.564848
"13209","1kmE3986N3139",8376.012978
"13210","1kmE3986N3140",10359.4594545
"13211","1kmE3986N3141",9388.8719935
"13212","1kmE3986N3142",8487.2481955
"13213","1kmE3986N3143",10902.3024535
"13214","1kmE3986N3144",8809.452985
"13215","1kmE3986N3145",7148.690867
"13216","1kmE3986N3146",5738.442363
"13217","1kmE3986N3147",4655.32184
"13218","1kmE3986N3148",382.506487
"13219","1kmE3987N3077",205.0163895
"13220","1kmE3987N3078",5432.2052295
"13221","1kmE3987N3079",8389.579223
"13222","1kmE3987N3080",8861.567586
"13223","1kmE3987N3081",14450.398073
"13224","1kmE3987N3082",18258.197426
"13225","1kmE3987N3083",17898.7892015
"13226","1kmE3987N3084",14040.793788
"13227","1kmE3987N3085",12264.7417055
"13228","1kmE3987N3086",10501.2344685
"13229","1kmE3987N3087",11219.707393
"13230","1kmE3987N3088",10483.118583
"13231","1kmE3987N3089",10701.8296845
"13232","1kmE3987N3090",12399.687254
"13233","1kmE3987N3091",10796.1240615
"13234","1kmE3987N3092",10045.744085
"13235","1kmE3987N3093",14438.392663
"13236","1kmE3987N3094",16121.222303
"13237","1kmE3987N3095",13162.2821555
"13238","1kmE3987N3096",12875.7629525
"13239","1kmE3987N3097",9660.9784255
"13240","1kmE3987N3098",7641.8146625
"13241","1kmE3987N3099",11562.762757
"13242","1kmE3987N3100",14555.410661
"13243","1kmE3987N3101",16113.6942955
"13244","1kmE3987N3102",17108.4863135
"13245","1kmE3987N3103",16940.7275065
"13246","1kmE3987N3104",14162.5045225
"13247","1kmE3987N3105",15600.888898
"13248","1kmE3987N3106",17792.451167
"13249","1kmE3987N3107",16413.2571725
"13250","1kmE3987N3108",11365.0747975
"13251","1kmE3987N3109",16173.431228
"13252","1kmE3987N3110",15594.148996
"13253","1kmE3987N3111",13933.1662965
"13254","1kmE3987N3112",6716.745239
"13255","1kmE3987N3113",2133.1131135
"13256","1kmE3987N3114",3946.4813385
"13257","1kmE3987N3115",10730.053051
"13258","1kmE3987N3116",13875.1566185
"13259","1kmE3987N3117",14782.4280205
"13260","1kmE3987N3118",11686.5353875
"13261","1kmE3987N3119",7971.1781505
"13262","1kmE3987N3120",7488.993198
"13263","1kmE3987N3121",10882.901365
"13264","1kmE3987N3122",8827.159248
"13265","1kmE3987N3123",8911.145464
"13266","1kmE3987N3124",8447.2408595
"13267","1kmE3987N3125",8044.21101
"13268","1kmE3987N3126",7208.230245
"13269","1kmE3987N3127",10340.391999
"13270","1kmE3987N3128",11119.7342735
"13271","1kmE3987N3129",8782.985583
"13272","1kmE3987N3130",9339.0148865
"13273","1kmE3987N3131",11445.177498
"13274","1kmE3987N3132",12886.436227
"13275","1kmE3987N3133",12993.151039
"13276","1kmE3987N3134",14163.634432
"13277","1kmE3987N3135",17929.8078065
"13278","1kmE3987N3136",15180.7417585
"13279","1kmE3987N3137",7509.7839975
"13280","1kmE3987N3138",8158.669259
"13281","1kmE3987N3139",9269.812778
"13282","1kmE3987N3140",7864.3185475
"13283","1kmE3987N3141",5180.2960105
"13284","1kmE3987N3142",7351.4731935
"13285","1kmE3987N3143",10623.2908355
"13286","1kmE3987N3144",9967.351001
"13287","1kmE3987N3145",6130.411032
"13288","1kmE3987N3146",3099.6496605
"13289","1kmE3987N3147",3503.061007
"13290","1kmE3987N3148",510.1227415
"13291","1kmE3988N3078",3556.758662
"13292","1kmE3988N3079",4677.826115
"13293","1kmE3988N3080",8882.3453805
"13294","1kmE3988N3081",8852.1224005
"13295","1kmE3988N3082",8174.718285
"13296","1kmE3988N3083",14628.080413
"13297","1kmE3988N3084",16174.6446855
"13298","1kmE3988N3085",17802.285337
"13299","1kmE3988N3086",15675.2278845
"13300","1kmE3988N3087",12505.5339865
"13301","1kmE3988N3088",11533.095166
"13302","1kmE3988N3089",12158.1264625
"13303","1kmE3988N3090",13486.7481885
"13304","1kmE3988N3091",13812.3221775
"13305","1kmE3988N3092",13593.5633815
"13306","1kmE3988N3093",12618.2578345
"13307","1kmE3988N3094",12689.8398525
"13308","1kmE3988N3095",11272.896841
"13309","1kmE3988N3096",11630.0780525
"13310","1kmE3988N3097",11550.95032
"13311","1kmE3988N3098",11585.935893
"13312","1kmE3988N3099",13208.6090705
"13313","1kmE3988N3100",15369.860867
"13314","1kmE3988N3101",15585.6620645
"13315","1kmE3988N3102",17167.351189
"13316","1kmE3988N3103",16810.073996
"13317","1kmE3988N3104",16357.70009
"13318","1kmE3988N3105",17854.406044
"13319","1kmE3988N3106",17727.145159
"13320","1kmE3988N3107",17395.970852
"13321","1kmE3988N3108",12550.0659445
"13322","1kmE3988N3109",12789.4192875
"13323","1kmE3988N3110",12793.6706505
"13324","1kmE3988N3111",13615.6530325
"13325","1kmE3988N3112",8905.967256
"13326","1kmE3988N3113",4234.1382795
"13327","1kmE3988N3114",7650.229017
"13328","1kmE3988N3115",9599.321275
"13329","1kmE3988N3116",10086.659097
"13330","1kmE3988N3117",11578.485743
"13331","1kmE3988N3118",8723.521221
"13332","1kmE3988N3119",8448.036404
"13333","1kmE3988N3120",7336.5598325
"13334","1kmE3988N3121",11377.4345725
"13335","1kmE3988N3122",11445.2717965
"13336","1kmE3988N3123",7357.799652
"13337","1kmE3988N3124",3827.8931075
"13338","1kmE3988N3125",4018.1782395
"13339","1kmE3988N3126",3930.8776195
"13340","1kmE3988N3127",8880.112681
"13341","1kmE3988N3128",11564.042611
"13342","1kmE3988N3129",8239.0161915
"13343","1kmE3988N3130",7959.818007
"13344","1kmE3988N3131",8208.52137
"13345","1kmE3988N3132",9174.0861825
"13346","1kmE3988N3133",12178.137119
"13347","1kmE3988N3134",13601.4457355
"13348","1kmE3988N3135",13581.7268585
"13349","1kmE3988N3136",9997.5804555
"13350","1kmE3988N3137",8931.271695
"13351","1kmE3988N3138",9094.002406
"13352","1kmE3988N3139",8921.7512695
"13353","1kmE3988N3140",5605.153771
"13354","1kmE3988N3141",4897.474579
"13355","1kmE3988N3142",5793.7120225
"13356","1kmE3988N3143",8287.6177505
"13357","1kmE3988N3144",8566.7448745
"13358","1kmE3988N3145",3244.007931
"13359","1kmE3988N3146",3038.811318
"13360","1kmE3988N3147",2452.801823
"13361","1kmE3989N3078",5240.414459
"13362","1kmE3989N3079",6982.242737
"13363","1kmE3989N3080",5960.058187
"13364","1kmE3989N3081",2800.760344
"13365","1kmE3989N3082",4175.912202
"13366","1kmE3989N3083",9210.8499055
"13367","1kmE3989N3084",12562.9940425
"13368","1kmE3989N3085",15879.692511
"13369","1kmE3989N3086",13298.8785535
"13370","1kmE3989N3087",14334.296644
"13371","1kmE3989N3088",12273.771386
"13372","1kmE3989N3089",10698.698397
"13373","1kmE3989N3090",11859.5447185
"13374","1kmE3989N3091",13520.507904
"13375","1kmE3989N3092",11317.6643595
"13376","1kmE3989N3093",11458.742776
"13377","1kmE3989N3094",12087.8997435
"13378","1kmE3989N3095",14052.6774955
"13379","1kmE3989N3096",12316.343623
"13380","1kmE3989N3097",14317.569399
"13381","1kmE3989N3098",15537.938907
"13382","1kmE3989N3099",13089.2338845
"13383","1kmE3989N3100",13100.8477485
"13384","1kmE3989N3101",15461.6377675
"13385","1kmE3989N3102",14980.5590035
"13386","1kmE3989N3103",18548.874455
"13387","1kmE3989N3104",21042.397991
"13388","1kmE3989N3105",19608.713107
"13389","1kmE3989N3106",16978.478875
"13390","1kmE3989N3107",16343.3722175
"13391","1kmE3989N3108",19435.239702
"13392","1kmE3989N3109",19318.6208705
"13393","1kmE3989N3110",16843.9946135
"13394","1kmE3989N3111",14082.560952
"13395","1kmE3989N3112",11183.3611
"13396","1kmE3989N3113",6212.1358425
"13397","1kmE3989N3114",6152.8934195
"13398","1kmE3989N3115",6410.461985
"13399","1kmE3989N3116",10270.209652
"13400","1kmE3989N3117",12527.832447
"13401","1kmE3989N3118",11021.989525
"13402","1kmE3989N3119",9719.5276755
"13403","1kmE3989N3120",8828.726488
"13404","1kmE3989N3121",8567.682284
"13405","1kmE3989N3122",6208.222321
"13406","1kmE3989N3123",7878.0929695
"13407","1kmE3989N3124",8999.761712
"13408","1kmE3989N3125",8894.0373195
"13409","1kmE3989N3126",8404.446628
"13410","1kmE3989N3127",12341.771215
"13411","1kmE3989N3128",8643.8212065
"13412","1kmE3989N3129",8867.936797
"13413","1kmE3989N3130",7529.4145475
"13414","1kmE3989N3131",8142.465155
"13415","1kmE3989N3132",6600.0185715
"13416","1kmE3989N3133",6794.0896915
"13417","1kmE3989N3134",8074.6993545
"13418","1kmE3989N3135",7768.5962715
"13419","1kmE3989N3136",7879.2154835
"13420","1kmE3989N3137",8115.773894
"13421","1kmE3989N3138",4879.4717355
"13422","1kmE3989N3139",5852.3510605
"13423","1kmE3989N3140",5461.804244
"13424","1kmE3989N3141",5501.4329445
"13425","1kmE3989N3142",4943.758788
"13426","1kmE3989N3143",5738.06996
"13427","1kmE3989N3144",4000.485706
"13428","1kmE3989N3145",2803.4761625
"13429","1kmE3989N3146",2987.6869695
"13430","1kmE3989N3147",403.896446
"13431","1kmE3990N3078",3196.873019
"13432","1kmE3990N3079",3961.9762585
"13433","1kmE3990N3080",7444.2721975
"13434","1kmE3990N3081",5303.1484775
"13435","1kmE3990N3082",3319.8390745
"13436","1kmE3990N3083",8479.8615175
"13437","1kmE3990N3084",9522.05456
"13438","1kmE3990N3085",12270.022479
"13439","1kmE3990N3086",12951.0798575
"13440","1kmE3990N3087",13860.715455
"13441","1kmE3990N3088",13129.7136995
"13442","1kmE3990N3089",12077.505759
"13443","1kmE3990N3090",12807.108545
"13444","1kmE3990N3091",15575.51266
"13445","1kmE3990N3092",11675.0690485
"13446","1kmE3990N3093",10110.963295
"13447","1kmE3990N3094",10686.8217445
"13448","1kmE3990N3095",13190.4705265
"13449","1kmE3990N3096",16231.4390895
"13450","1kmE3990N3097",16929.5917275
"13451","1kmE3990N3098",14332.103032
"13452","1kmE3990N3099",12620.2159425
"13453","1kmE3990N3100",10052.983694
"13454","1kmE3990N3101",14160.642327
"13455","1kmE3990N3102",14280.039466
"13456","1kmE3990N3103",18649.810101
"13457","1kmE3990N3104",19437.543852
"13458","1kmE3990N3105",18460.739912
"13459","1kmE3990N3106",18562.701245
"13460","1kmE3990N3107",19428.8672595
"13461","1kmE3990N3108",18912.9296945
"13462","1kmE3990N3109",20860.933115
"13463","1kmE3990N3110",18721.9510035
"13464","1kmE3990N3111",17545.7590445
"13465","1kmE3990N3112",10961.25838
"13466","1kmE3990N3113",7602.356326
"13467","1kmE3990N3114",10393.4294345
"13468","1kmE3990N3115",13513.149276
"13469","1kmE3990N3116",13523.0104895
"13470","1kmE3990N3117",14447.651163
"13471","1kmE3990N3118",15142.4774335
"13472","1kmE3990N3119",13213.559437
"13473","1kmE3990N3120",12219.554362
"13474","1kmE3990N3121",12137.017281
"13475","1kmE3990N3122",8467.265645
"13476","1kmE3990N3123",7091.6033775
"13477","1kmE3990N3124",9391.754369
"13478","1kmE3990N3125",9357.425526
"13479","1kmE3990N3126",11456.2772665
"13480","1kmE3990N3127",11271.395165
"13481","1kmE3990N3128",9877.918903
"13482","1kmE3990N3129",7737.6507805
"13483","1kmE3990N3130",6755.234783
"13484","1kmE3990N3131",10109.638067
"13485","1kmE3990N3132",6594.6227685
"13486","1kmE3990N3133",6199.420902
"13487","1kmE3990N3134",6318.22161
"13488","1kmE3990N3135",7832.219856
"13489","1kmE3990N3136",6901.067207
"13490","1kmE3990N3137",7339.9068645
"13491","1kmE3990N3138",6045.5925165
"13492","1kmE3990N3139",6639.8856265
"13493","1kmE3990N3140",5685.7653145
"13494","1kmE3990N3141",4228.410582
"13495","1kmE3990N3142",3760.785219
"13496","1kmE3990N3143",4290.3138355
"13497","1kmE3990N3144",3199.37787
"13498","1kmE3990N3145",2779.0050355
"13499","1kmE3990N3146",1085.1787205
"13500","1kmE3991N3079",5892.062171
"13501","1kmE3991N3080",7829.847967
"13502","1kmE3991N3081",4033.3313535
"13503","1kmE3991N3082",3503.5229845
"13504","1kmE3991N3083",6778.18301
"13505","1kmE3991N3084",9655.7747325
"13506","1kmE3991N3085",14343.2000355
"13507","1kmE3991N3086",14173.9360885
"13508","1kmE3991N3087",14205.1666545
"13509","1kmE3991N3088",13915.2976685
"13510","1kmE3991N3089",11480.3023825
"13511","1kmE3991N3090",15012.8403345
"13512","1kmE3991N3091",15877.1430055
"13513","1kmE3991N3092",16821.725204
"13514","1kmE3991N3093",13345.137446
"13515","1kmE3991N3094",15364.9614205
"13516","1kmE3991N3095",15106.097893
"13517","1kmE3991N3096",16651.5605455
"13518","1kmE3991N3097",16035.612709
"13519","1kmE3991N3098",12417.9717945
"13520","1kmE3991N3099",11501.0152125
"13521","1kmE3991N3100",9939.006994
"13522","1kmE3991N3101",15751.7866865
"13523","1kmE3991N3102",19288.160619
"13524","1kmE3991N3103",18042.3618005
"13525","1kmE3991N3104",20179.4497355
"13526","1kmE3991N3105",19490.5818735
"13527","1kmE3991N3106",22067.038035
"13528","1kmE3991N3107",21386.193823
"13529","1kmE3991N3108",19870.9521045
"13530","1kmE3991N3109",19416.427538
"13531","1kmE3991N3110",18184.3606765
"13532","1kmE3991N3111",17518.95998
"13533","1kmE3991N3112",12666.2675225
"13534","1kmE3991N3113",12457.419937
"13535","1kmE3991N3114",12865.047143
"13536","1kmE3991N3115",14355.4797245
"13537","1kmE3991N3116",10685.856398
"13538","1kmE3991N3117",13226.1253205
"13539","1kmE3991N3118",15949.5666255
"13540","1kmE3991N3119",14761.4597315
"13541","1kmE3991N3120",13659.805819
"13542","1kmE3991N3121",12367.4233635
"13543","1kmE3991N3122",11229.6904055
"13544","1kmE3991N3123",10620.355601
"13545","1kmE3991N3124",8835.8808195
"13546","1kmE3991N3125",8164.135719
"13547","1kmE3991N3126",12421.834436
"13548","1kmE3991N3127",10955.176391
"13549","1kmE3991N3128",10590.761171
"13550","1kmE3991N3129",8824.460538
"13551","1kmE3991N3130",8012.7851965
"13552","1kmE3991N3131",10026.9315425
"13553","1kmE3991N3132",7861.037719
"13554","1kmE3991N3133",7900.6196585
"13555","1kmE3991N3134",6895.382746
"13556","1kmE3991N3135",7366.8157465
"13557","1kmE3991N3136",7079.7644225
"13558","1kmE3991N3137",7379.6070605
"13559","1kmE3991N3138",5440.560937
"13560","1kmE3991N3139",5786.8435285
"13561","1kmE3991N3140",1931.878159
"13562","1kmE3991N3141",2127.3805975
"13563","1kmE3991N3142",1763.9114485
"13564","1kmE3991N3143",2385.850373
"13565","1kmE3991N3144",2227.2494735
"13566","1kmE3991N3145",205.0163895
"13567","1kmE3992N3078",669.2715735
"13568","1kmE3992N3079",1284.9758225
"13569","1kmE3992N3080",7078.1941695
"13570","1kmE3992N3081",3706.4687645
"13571","1kmE3992N3082",3708.1902685
"13572","1kmE3992N3083",8237.0299065
"13573","1kmE3992N3084",13084.8732255
"13574","1kmE3992N3085",11730.860205
"13575","1kmE3992N3086",13248.9241395
"13576","1kmE3992N3087",14559.7370915
"13577","1kmE3992N3088",13030.540721
"13578","1kmE3992N3089",13017.854597
"13579","1kmE3992N3090",16102.9813045
"13580","1kmE3992N3091",16628.916634
"13581","1kmE3992N3092",17440.6049225
"13582","1kmE3992N3093",16503.5147755
"13583","1kmE3992N3094",12695.3714815
"13584","1kmE3992N3095",12141.113664
"13585","1kmE3992N3096",18387.448589
"13586","1kmE3992N3097",17014.592838
"13587","1kmE3992N3098",13751.3158015
"13588","1kmE3992N3099",12390.1600045
"13589","1kmE3992N3100",10818.350956
"13590","1kmE3992N3101",16793.888923
"13591","1kmE3992N3102",17194.4440155
"13592","1kmE3992N3103",19295.4452775
"13593","1kmE3992N3104",20129.9309645
"13594","1kmE3992N3105",20169.8825205
"13595","1kmE3992N3106",21705.325702
"13596","1kmE3992N3107",21451.6675285
"13597","1kmE3992N3108",20455.791652
"13598","1kmE3992N3109",19541.375669
"13599","1kmE3992N3110",19736.862425
"13600","1kmE3992N3111",18091.3964355
"13601","1kmE3992N3112",16151.974123
"13602","1kmE3992N3113",13106.0582375
"13603","1kmE3992N3114",13391.287421
"13604","1kmE3992N3115",14277.5097795
"13605","1kmE3992N3116",12191.574522
"13606","1kmE3992N3117",11891.5329745
"13607","1kmE3992N3118",17406.88811
"13608","1kmE3992N3119",16588.159072
"13609","1kmE3992N3120",12011.41548
"13610","1kmE3992N3121",11183.1973635
"13611","1kmE3992N3122",12969.1023435
"13612","1kmE3992N3123",11451.9975815
"13613","1kmE3992N3124",8012.6423105
"13614","1kmE3992N3125",8457.5699875
"13615","1kmE3992N3126",10604.74981
"13616","1kmE3992N3127",10201.8218805
"13617","1kmE3992N3128",5857.3113495
"13618","1kmE3992N3129",9855.488209
"13619","1kmE3992N3130",6953.050264
"13620","1kmE3992N3131",8015.301845
"13621","1kmE3992N3132",7234.3904255
"13622","1kmE3992N3133",7201.695401
"13623","1kmE3992N3134",7201.4744125
"13624","1kmE3992N3135",7668.584576
"13625","1kmE3992N3136",9700.4065565
"13626","1kmE3992N3137",9273.368407
"13627","1kmE3992N3138",8709.4135525
"13628","1kmE3992N3139",5689.4793905
"13629","1kmE3992N3140",1969.243744
"13630","1kmE3992N3141",1289.957973
"13631","1kmE3993N3078",562.377704
"13632","1kmE3993N3079",1702.436727
"13633","1kmE3993N3080",2670.5554855
"13634","1kmE3993N3081",3291.074533
"13635","1kmE3993N3082",5312.25315
"13636","1kmE3993N3083",11130.194671
"13637","1kmE3993N3084",11607.8279995
"13638","1kmE3993N3085",12946.5033995
"13639","1kmE3993N3086",14660.4423595
"13640","1kmE3993N3087",14294.188135
"13641","1kmE3993N3088",16949.8340955
"13642","1kmE3993N3089",14014.528393
"13643","1kmE3993N3090",12679.868625
"13644","1kmE3993N3091",14923.625112
"13645","1kmE3993N3092",15025.75937
"13646","1kmE3993N3093",15139.861416
"13647","1kmE3993N3094",14361.155698
"13648","1kmE3993N3095",13954.1509765
"13649","1kmE3993N3096",18301.999983
"13650","1kmE3993N3097",16481.342408
"13651","1kmE3993N3098",12521.0452415
"13652","1kmE3993N3099",15644.5069065
"13653","1kmE3993N3100",14397.1490905
"13654","1kmE3993N3101",12295.093419
"13655","1kmE3993N3102",14389.9320685
"13656","1kmE3993N3103",20549.4781905
"13657","1kmE3993N3104",19865.2793735
"13658","1kmE3993N3105",21795.054004
"13659","1kmE3993N3106",21685.391215
"13660","1kmE3993N3107",21630.436843
"13661","1kmE3993N3108",20514.2058575
"13662","1kmE3993N3109",19674.3028525
"13663","1kmE3993N3110",21332.9594845
"13664","1kmE3993N3111",19706.985488
"13665","1kmE3993N3112",14196.9553555
"13666","1kmE3993N3113",12357.061079
"13667","1kmE3993N3114",14628.1341865
"13668","1kmE3993N3115",17560.8942225
"13669","1kmE3993N3116",13622.377506
"13670","1kmE3993N3117",13242.247375
"13671","1kmE3993N3118",18090.0991935
"13672","1kmE3993N3119",18375.8693735
"13673","1kmE3993N3120",13309.212718
"13674","1kmE3993N3121",9059.4641965
"13675","1kmE3993N3122",12221.3224635
"13676","1kmE3993N3123",11392.4535705
"13677","1kmE3993N3124",5966.613109
"13678","1kmE3993N3125",6403.0470065
"13679","1kmE3993N3126",10990.339328
"13680","1kmE3993N3127",10140.074481
"13681","1kmE3993N3128",6054.059311
"13682","1kmE3993N3129",10465.5340475
"13683","1kmE3993N3130",7251.1560645
"13684","1kmE3993N3131",6068.3931205
"13685","1kmE3993N3132",4234.760498
"13686","1kmE3993N3133",6179.4281325
"13687","1kmE3993N3134",6833.0497725
"13688","1kmE3993N3135",7250.490762
"13689","1kmE3993N3136",7652.4223235
"13690","1kmE3993N3137",9962.8771435
"13691","1kmE3993N3138",6512.0723155
"13692","1kmE3993N3139",5397.386113
"13693","1kmE3993N3140",2285.29126
"13694","1kmE3993N3141",907.957258
"13695","1kmE3994N3078",689.014379
"13696","1kmE3994N3079",855.3916035
"13697","1kmE3994N3080",5087.566991
"13698","1kmE3994N3081",8012.7801675
"13699","1kmE3994N3082",6804.3603475
"13700","1kmE3994N3083",9261.1190535
"13701","1kmE3994N3084",12489.4776155
"13702","1kmE3994N3085",13533.438617
"13703","1kmE3994N3086",14415.2730695
"13704","1kmE3994N3087",14197.1190665
"13705","1kmE3994N3088",17011.530184
"13706","1kmE3994N3089",17497.550839
"13707","1kmE3994N3090",13928.6373515
"13708","1kmE3994N3091",14223.900729
"13709","1kmE3994N3092",12828.2431935
"13710","1kmE3994N3093",13989.3454955
"13711","1kmE3994N3094",12551.371864
"13712","1kmE3994N3095",14474.4997
"13713","1kmE3994N3096",16337.8281345
"13714","1kmE3994N3097",13707.736308
"13715","1kmE3994N3098",13222.2754795
"13716","1kmE3994N3099",15464.2491095
"13717","1kmE3994N3100",12790.293083
"13718","1kmE3994N3101",14197.0444865
"13719","1kmE3994N3102",17647.2048925
"13720","1kmE3994N3103",17342.8864495
"13721","1kmE3994N3104",18275.673553
"13722","1kmE3994N3105",19998.1192865
"13723","1kmE3994N3106",18664.308081
"13724","1kmE3994N3107",19821.6616645
"13725","1kmE3994N3108",19477.182608
"13726","1kmE3994N3109",20118.8688475
"13727","1kmE3994N3110",22168.6889845
"13728","1kmE3994N3111",20100.390924
"13729","1kmE3994N3112",14790.002067
"13730","1kmE3994N3113",13520.3772295
"13731","1kmE3994N3114",14150.5713635
"13732","1kmE3994N3115",16955.098451
"13733","1kmE3994N3116",16398.9823025
"13734","1kmE3994N3117",14928.661375
"13735","1kmE3994N3118",14228.4964565
"13736","1kmE3994N3119",16590.834033
"13737","1kmE3994N3120",14838.9506865
"13738","1kmE3994N3121",13334.618106
"13739","1kmE3994N3122",11330.1518
"13740","1kmE3994N3123",10470.144287
"13741","1kmE3994N3124",9077.862692
"13742","1kmE3994N3125",8463.886534
"13743","1kmE3994N3126",14960.709588
"13744","1kmE3994N3127",11028.5466845
"13745","1kmE3994N3128",7058.8157985
"13746","1kmE3994N3129",6648.6828695
"13747","1kmE3994N3130",5434.798011
"13748","1kmE3994N3131",5106.413575
"13749","1kmE3994N3132",3860.762429
"13750","1kmE3994N3133",5000.500175
"13751","1kmE3994N3134",7703.419443
"13752","1kmE3994N3135",6979.967186
"13753","1kmE3994N3136",6565.7846875
"13754","1kmE3994N3137",8872.0355185
"13755","1kmE3994N3138",5359.0008895
"13756","1kmE3994N3139",4558.3453885
"13757","1kmE3994N3140",1975.682615
"13758","1kmE3994N3141",1434.1729535
"13759","1kmE3995N3078",373.099677
"13760","1kmE3995N3079",1732.175011
"13761","1kmE3995N3080",7711.802944
"13762","1kmE3995N3081",10411.850688
"13763","1kmE3995N3082",9447.0508815
"13764","1kmE3995N3083",11204.3061935
"13765","1kmE3995N3084",13151.323654
"13766","1kmE3995N3085",12102.8397425
"13767","1kmE3995N3086",12455.8661695
"13768","1kmE3995N3087",14422.600915
"13769","1kmE3995N3088",16327.672145
"13770","1kmE3995N3089",17177.776769
"13771","1kmE3995N3090",16439.405371
"13772","1kmE3995N3091",15925.705422
"13773","1kmE3995N3092",12465.1154565
"13774","1kmE3995N3093",12580.817651
"13775","1kmE3995N3094",15646.3188065
"13776","1kmE3995N3095",17773.460409
"13777","1kmE3995N3096",17287.033393
"13778","1kmE3995N3097",13147.202479
"13779","1kmE3995N3098",14527.8817955
"13780","1kmE3995N3099",15161.614446
"13781","1kmE3995N3100",10393.957058
"13782","1kmE3995N3101",12583.3556285
"13783","1kmE3995N3102",19647.5637575
"13784","1kmE3995N3103",17750.305571
"13785","1kmE3995N3104",19055.565591
"13786","1kmE3995N3105",17798.824738
"13787","1kmE3995N3106",17073.608758
"13788","1kmE3995N3107",17358.8560075
"13789","1kmE3995N3108",14572.626342
"13790","1kmE3995N3109",16703.934024
"13791","1kmE3995N3110",21656.3408165
"13792","1kmE3995N3111",18849.95595
"13793","1kmE3995N3112",17039.8526295
"13794","1kmE3995N3113",12166.0634285
"13795","1kmE3995N3114",14454.6604735
"13796","1kmE3995N3115",13778.615985
"13797","1kmE3995N3116",13406.827598
"13798","1kmE3995N3117",12879.7188285
"13799","1kmE3995N3118",12911.247753
"13800","1kmE3995N3119",15970.126262
"13801","1kmE3995N3120",14212.9454635
"13802","1kmE3995N3121",14217.8460865
"13803","1kmE3995N3122",11791.409241
"13804","1kmE3995N3123",8926.1570495
"13805","1kmE3995N3124",9780.2648135
"13806","1kmE3995N3125",10315.104701
"13807","1kmE3995N3126",12753.0390035
"13808","1kmE3995N3127",8887.744223
"13809","1kmE3995N3128",6849.6367375
"13810","1kmE3995N3129",4818.5348985
"13811","1kmE3995N3130",5897.4968585
"13812","1kmE3995N3131",5552.4628895
"13813","1kmE3995N3132",6549.6445825
"13814","1kmE3995N3133",6720.2474445
"13815","1kmE3995N3134",11025.833877
"13816","1kmE3995N3135",13377.6337645
"13817","1kmE3995N3136",14131.6654135
"13818","1kmE3995N3137",13414.9365805
"13819","1kmE3995N3138",12067.604936
"13820","1kmE3995N3139",5256.5687765
"13821","1kmE3995N3140",2211.1205775
"13822","1kmE3995N3141",1622.465991
"13823","1kmE3996N3077",899.04372
"13824","1kmE3996N3078",3632.375842
"13825","1kmE3996N3079",2885.189779
"13826","1kmE3996N3080",6322.5889625
"13827","1kmE3996N3081",10718.949007
"13828","1kmE3996N3082",13211.9983065
"13829","1kmE3996N3083",15231.386246
"13830","1kmE3996N3084",13708.3850925
"13831","1kmE3996N3085",15355.704569
"13832","1kmE3996N3086",11272.62709
"13833","1kmE3996N3087",16532.516119
"13834","1kmE3996N3088",17921.003472
"13835","1kmE3996N3089",16680.8703405
"13836","1kmE3996N3090",16415.9236365
"13837","1kmE3996N3091",16111.1151955
"13838","1kmE3996N3092",13371.0262615
"13839","1kmE3996N3093",11090.397911
"13840","1kmE3996N3094",14713.0559825
"13841","1kmE3996N3095",16659.986327
"13842","1kmE3996N3096",17701.5572825
"13843","1kmE3996N3097",15277.078987
"13844","1kmE3996N3098",13086.6036785
"13845","1kmE3996N3099",13543.288613
"13846","1kmE3996N3100",17503.7215915
"13847","1kmE3996N3101",15015.0445615
"13848","1kmE3996N3102",18961.1789075
"13849","1kmE3996N3103",20380.897636
"13850","1kmE3996N3104",22014.1059025
"13851","1kmE3996N3105",19386.7841195
"13852","1kmE3996N3106",20157.7504395
"13853","1kmE3996N3107",20068.4471305
"13854","1kmE3996N3108",13133.463293
"13855","1kmE3996N3109",15975.3008855
"13856","1kmE3996N3110",19380.594405
"13857","1kmE3996N3111",16834.877516
"13858","1kmE3996N3112",13989.5229015
"13859","1kmE3996N3113",11677.4053855
"13860","1kmE3996N3114",15844.167735
"13861","1kmE3996N3115",14764.9294495
"13862","1kmE3996N3116",14379.229938
"13863","1kmE3996N3117",10928.139649
"13864","1kmE3996N3118",14401.368827
"13865","1kmE3996N3119",17301.0614245
"13866","1kmE3996N3120",14468.4962085
"13867","1kmE3996N3121",15343.4638245
"13868","1kmE3996N3122",12686.2173245
"13869","1kmE3996N3123",9510.229859
"13870","1kmE3996N3124",8930.0685775
"13871","1kmE3996N3125",8997.588963
"13872","1kmE3996N3126",10129.6686605
"13873","1kmE3996N3127",7710.1669235
"13874","1kmE3996N3128",4973.2275205
"13875","1kmE3996N3129",6093.4075895
"13876","1kmE3996N3130",7043.0798445
"13877","1kmE3996N3131",6816.3552395
"13878","1kmE3996N3132",7125.144468
"13879","1kmE3996N3133",10815.2641795
"13880","1kmE3996N3134",12719.3779375
"13881","1kmE3996N3135",14552.5537
"13882","1kmE3996N3136",15629.901425
"13883","1kmE3996N3137",15789.017508
"13884","1kmE3996N3138",17289.347752
"13885","1kmE3996N3139",12310.0375275
"13886","1kmE3996N3140",4773.3607545
"13887","1kmE3996N3141",1729.5371315
"13888","1kmE3997N3077",1597.418237
"13889","1kmE3997N3078",5597.9902835
"13890","1kmE3997N3079",6500.6971155
"13891","1kmE3997N3080",7360.7736215
"13892","1kmE3997N3081",10296.9965915
"13893","1kmE3997N3082",12182.954008
"13894","1kmE3997N3083",12913.945981
"13895","1kmE3997N3084",12767.1151915
"13896","1kmE3997N3085",14321.8538115
"13897","1kmE3997N3086",16596.591515
"13898","1kmE3997N3087",16966.652482
"13899","1kmE3997N3088",17201.8437975
"13900","1kmE3997N3089",14501.1698895
"13901","1kmE3997N3090",14951.323539
"13902","1kmE3997N3091",12445.581829
"13903","1kmE3997N3092",9059.7693235
"13904","1kmE3997N3093",6519.4468775
"13905","1kmE3997N3094",10968.091331
"13906","1kmE3997N3095",17276.722916
"13907","1kmE3997N3096",18924.285394
"13908","1kmE3997N3097",13115.470666
"13909","1kmE3997N3098",12403.6114535
"13910","1kmE3997N3099",14724.3005765
"13911","1kmE3997N3100",17040.7136745
"13912","1kmE3997N3101",18450.6059965
"13913","1kmE3997N3102",19363.8448465
"13914","1kmE3997N3103",21392.6313425
"13915","1kmE3997N3104",22651.638793
"13916","1kmE3997N3105",21896.803013
"13917","1kmE3997N3106",20644.6865965
"13918","1kmE3997N3107",19878.2850875
"13919","1kmE3997N3108",19415.278116
"13920","1kmE3997N3109",19247.3811485
"13921","1kmE3997N3110",20424.409519
"13922","1kmE3997N3111",16568.751811
"13923","1kmE3997N3112",12314.888609
"13924","1kmE3997N3113",12698.221575
"13925","1kmE3997N3114",15901.393674
"13926","1kmE3997N3115",13272.456581
"13927","1kmE3997N3116",13152.6122385
"13928","1kmE3997N3117",13363.8349315
"13929","1kmE3997N3118",13695.9132365
"13930","1kmE3997N3119",14557.6427975
"13931","1kmE3997N3120",12725.783886
"13932","1kmE3997N3121",10689.0879655
"13933","1kmE3997N3122",10924.355995
"13934","1kmE3997N3123",11180.7129145
"13935","1kmE3997N3124",7422.991659
"13936","1kmE3997N3125",4630.1400405
"13937","1kmE3997N3126",6169.7459015
"13938","1kmE3997N3127",5954.044514
"13939","1kmE3997N3128",6189.388197
"13940","1kmE3997N3129",8906.270095
"13941","1kmE3997N3130",8764.3234835
"13942","1kmE3997N3131",7602.3715615
"13943","1kmE3997N3132",10744.21645
"13944","1kmE3997N3133",11087.843974
"13945","1kmE3997N3134",12487.4936945
"13946","1kmE3997N3135",14552.92001
"13947","1kmE3997N3136",13926.740113
"13948","1kmE3997N3137",15726.1045645
"13949","1kmE3997N3138",17415.572382
"13950","1kmE3997N3139",13299.7687295
"13951","1kmE3997N3140",9779.796381
"13952","1kmE3997N3141",2184.768794
"13953","1kmE3998N3077",3226.362962
"13954","1kmE3998N3078",7224.6315545
"13955","1kmE3998N3079",8054.417741
"13956","1kmE3998N3080",7247.62342
"13957","1kmE3998N3081",5469.580616
"13958","1kmE3998N3082",10720.361452
"13959","1kmE3998N3083",11950.3406855
"13960","1kmE3998N3084",12332.79891
"13961","1kmE3998N3085",15912.1931085
"13962","1kmE3998N3086",19155.532076
"13963","1kmE3998N3087",15862.696728
"13964","1kmE3998N3088",15607.8786635
"13965","1kmE3998N3089",15564.306302
"13966","1kmE3998N3090",17145.4481305
"13967","1kmE3998N3091",14847.6356735
"13968","1kmE3998N3092",10060.495514
"13969","1kmE3998N3093",8950.1351115
"13970","1kmE3998N3094",13734.3665075
"13971","1kmE3998N3095",16448.312278
"13972","1kmE3998N3096",17449.322023
"13973","1kmE3998N3097",9786.8225725
"13974","1kmE3998N3098",15309.2699655
"13975","1kmE3998N3099",14478.86355
"13976","1kmE3998N3100",15348.967721
"13977","1kmE3998N3101",17661.1124305
"13978","1kmE3998N3102",22603.822824
"13979","1kmE3998N3103",20437.2544975
"13980","1kmE3998N3104",23784.204171
"13981","1kmE3998N3105",22627.0179235
"13982","1kmE3998N3106",20784.6601525
"13983","1kmE3998N3107",19488.293727
"13984","1kmE3998N3108",19788.54753
"13985","1kmE3998N3109",19409.471666
"13986","1kmE3998N3110",18712.2209615
"13987","1kmE3998N3111",14495.190645
"13988","1kmE3998N3112",14342.395311
"13989","1kmE3998N3113",14262.6525105
"13990","1kmE3998N3114",15348.989385
"13991","1kmE3998N3115",8988.9842075
"13992","1kmE3998N3116",7471.4081675
"13993","1kmE3998N3117",11092.9764035
"13994","1kmE3998N3118",9863.01389
"13995","1kmE3998N3119",11228.19344
"13996","1kmE3998N3120",14170.0309845
"13997","1kmE3998N3121",12749.248291
"13998","1kmE3998N3122",11950.17424
"13999","1kmE3998N3123",12030.1803555
"14000","1kmE3998N3124",13808.382652
"14001","1kmE3998N3125",12538.3195405
"14002","1kmE3998N3126",7081.0270935
"14003","1kmE3998N3127",8478.2417225
"14004","1kmE3998N3128",10940.291949
"14005","1kmE3998N3129",10525.0098705
"14006","1kmE3998N3130",9047.430566
"14007","1kmE3998N3131",8197.057783
"14008","1kmE3998N3132",13231.9672855
"14009","1kmE3998N3133",11169.084086
"14010","1kmE3998N3134",14060.501245
"14011","1kmE3998N3135",15462.5143915
"14012","1kmE3998N3136",14781.880008
"14013","1kmE3998N3137",13621.5560145
"14014","1kmE3998N3138",15332.4582305
"14015","1kmE3998N3139",12014.953735
"14016","1kmE3998N3140",9996.338953
"14017","1kmE3998N3141",4398.5112225
"14018","1kmE3999N3068",205.01639
"14019","1kmE3999N3075",205.0163895
"14020","1kmE3999N3077",2585.5600045
"14021","1kmE3999N3078",4971.450313
"14022","1kmE3999N3079",8386.7449485
"14023","1kmE3999N3080",7443.9756505
"14024","1kmE3999N3081",7602.16169
"14025","1kmE3999N3082",13233.1422715
"14026","1kmE3999N3083",14066.1234675
"14027","1kmE3999N3084",16848.3409675
"14028","1kmE3999N3085",18848.2908275
"14029","1kmE3999N3086",16785.4073315
"14030","1kmE3999N3087",13887.9932015
"14031","1kmE3999N3088",15574.6634215
"14032","1kmE3999N3089",16875.9408625
"14033","1kmE3999N3090",13356.9776535
"14034","1kmE3999N3091",11690.5971665
"14035","1kmE3999N3092",13255.726164
"14036","1kmE3999N3093",12457.5525405
"14037","1kmE3999N3094",13521.984732
"14038","1kmE3999N3095",14568.742598
"14039","1kmE3999N3096",11557.427478
"14040","1kmE3999N3097",11896.497182
"14041","1kmE3999N3098",19370.709093
"14042","1kmE3999N3099",19138.7947755
"14043","1kmE3999N3100",15155.350814
"14044","1kmE3999N3101",20075.245557
"14045","1kmE3999N3102",22318.111287
"14046","1kmE3999N3103",20285.7558505
"14047","1kmE3999N3104",19313.792518
"14048","1kmE3999N3105",21291.3558105
"14049","1kmE3999N3106",19115.294984
"14050","1kmE3999N3107",17375.837335
"14051","1kmE3999N3108",17508.807574
"14052","1kmE3999N3109",17781.547266
"14053","1kmE3999N3110",16783.213307
"14054","1kmE3999N3111",15013.098487
"14055","1kmE3999N3112",12790.917198
"14056","1kmE3999N3113",14925.074126
"14057","1kmE3999N3114",14187.8612245
"14058","1kmE3999N3115",12154.2437185
"14059","1kmE3999N3116",4741.344101
"14060","1kmE3999N3117",4723.335362
"14061","1kmE3999N3118",5643.5059805
"14062","1kmE3999N3119",8782.495284
"14063","1kmE3999N3120",9521.43524
"14064","1kmE3999N3121",8914.0988305
"14065","1kmE3999N3122",10903.779137
"14066","1kmE3999N3123",12137.8903245
"14067","1kmE3999N3124",13700.1594995
"14068","1kmE3999N3125",12724.612109
"14069","1kmE3999N3126",10786.139881
"14070","1kmE3999N3127",9084.409406
"14071","1kmE3999N3128",9805.2949735
"14072","1kmE3999N3129",8396.6798945
"14073","1kmE3999N3130",7510.736752
"14074","1kmE3999N3131",9816.654283
"14075","1kmE3999N3132",12376.854357
"14076","1kmE3999N3133",11901.723139
"14077","1kmE3999N3134",15813.9463035
"14078","1kmE3999N3135",19556.634824
"14079","1kmE3999N3136",19924.5147075
"14080","1kmE3999N3137",19599.9977705
"14081","1kmE3999N3138",15037.691686
"14082","1kmE3999N3139",12936.131492
"14083","1kmE3999N3140",8546.6385355
"14084","1kmE3999N3141",7188.7028215
"14085","1kmE3999N3147",205.0163895
"14086","1kmE4000N3077",700.163662
"14087","1kmE4000N3078",4567.025599
"14088","1kmE4000N3079",6693.562699
"14089","1kmE4000N3080",10037.919278
"14090","1kmE4000N3081",11774.8956525
"14091","1kmE4000N3082",12790.9985065
"14092","1kmE4000N3083",14604.9496955
"14093","1kmE4000N3084",16711.016295
"14094","1kmE4000N3085",16884.642599
"14095","1kmE4000N3086",14329.537326
"14096","1kmE4000N3087",15887.330049
"14097","1kmE4000N3088",16743.2833935
"14098","1kmE4000N3089",15374.098299
"14099","1kmE4000N3090",13496.4046395
"14100","1kmE4000N3091",9062.3451145
"14101","1kmE4000N3092",7382.709483
"14102","1kmE4000N3093",7658.3495435
"14103","1kmE4000N3094",12733.7095185
"14104","1kmE4000N3095",14962.288775
"14105","1kmE4000N3096",11840.9806015
"14106","1kmE4000N3097",9076.646334
"14107","1kmE4000N3098",18011.188332
"14108","1kmE4000N3099",20177.676189
"14109","1kmE4000N3100",16992.787973
"14110","1kmE4000N3101",19243.1139895
"14111","1kmE4000N3102",22910.7802755
"14112","1kmE4000N3103",21346.3864215
"14113","1kmE4000N3104",19559.7854575
"14114","1kmE4000N3105",20564.6219625
"14115","1kmE4000N3106",20758.2095105
"14116","1kmE4000N3107",17547.357165
"14117","1kmE4000N3108",17746.9355225
"14118","1kmE4000N3109",18107.4435745
"14119","1kmE4000N3110",16412.1132265
"14120","1kmE4000N3111",15902.9492045
"14121","1kmE4000N3112",14015.4930195
"14122","1kmE4000N3113",13876.528071
"14123","1kmE4000N3114",14858.8284975
"14124","1kmE4000N3115",12903.3676665
"14125","1kmE4000N3116",3843.9877615
"14126","1kmE4000N3117",3966.3095745
"14127","1kmE4000N3118",6030.320369
"14128","1kmE4000N3119",5297.527087
"14129","1kmE4000N3120",4106.11116
"14130","1kmE4000N3121",5222.6453115
"14131","1kmE4000N3122",9739.1175545
"14132","1kmE4000N3123",10545.18944
"14133","1kmE4000N3124",12714.3348255
"14134","1kmE4000N3125",15694.4221175
"14135","1kmE4000N3126",15326.9313025
"14136","1kmE4000N3127",9369.3705405
"14137","1kmE4000N3128",9222.436926
"14138","1kmE4000N3129",7854.1939215
"14139","1kmE4000N3130",8052.066934
"14140","1kmE4000N3131",9239.4332625
"14141","1kmE4000N3132",14366.503328
"14142","1kmE4000N3133",12152.5693525
"14143","1kmE4000N3134",17568.577995
"14144","1kmE4000N3135",19987.4742375
"14145","1kmE4000N3136",22089.516178
"14146","1kmE4000N3137",20031.9459215
"14147","1kmE4000N3138",17891.8399855
"14148","1kmE4000N3139",10348.582192
"14149","1kmE4000N3140",9244.4559145
"14150","1kmE4000N3141",6453.4255115
"14151","1kmE4001N3077",1170.2325025
"14152","1kmE4001N3078",5604.37227
"14153","1kmE4001N3079",6674.334422
"14154","1kmE4001N3080",8964.431589
"14155","1kmE4001N3081",10857.3849175
"14156","1kmE4001N3082",12295.572157
"14157","1kmE4001N3083",12151.981844
"14158","1kmE4001N3084",12889.8322535
"14159","1kmE4001N3085",13581.8653815
"14160","1kmE4001N3086",16160.049763
"14161","1kmE4001N3087",16502.553025
"14162","1kmE4001N3088",15291.231269
"14163","1kmE4001N3089",12132.6307635
"14164","1kmE4001N3090",13958.093564
"14165","1kmE4001N3091",13282.2083645
"14166","1kmE4001N3092",9277.0183615
"14167","1kmE4001N3093",9308.013427
"14168","1kmE4001N3094",8604.096542
"14169","1kmE4001N3095",9216.338785
"14170","1kmE4001N3096",10364.4214885
"14171","1kmE4001N3097",12185.891254
"14172","1kmE4001N3098",17474.585111
"14173","1kmE4001N3099",20133.6820755
"14174","1kmE4001N3100",20427.1927215
"14175","1kmE4001N3101",17233.6631035
"14176","1kmE4001N3102",22152.1756885
"14177","1kmE4001N3103",21695.346834
"14178","1kmE4001N3104",19304.2682355
"14179","1kmE4001N3105",17259.997669
"14180","1kmE4001N3106",18491.08334
"14181","1kmE4001N3107",17077.139684
"14182","1kmE4001N3108",18143.111329
"14183","1kmE4001N3109",16426.0889875
"14184","1kmE4001N3110",15687.024319
"14185","1kmE4001N3111",13526.1346915
"14186","1kmE4001N3112",14629.3045155
"14187","1kmE4001N3113",13705.646153
"14188","1kmE4001N3114",13663.6920475
"14189","1kmE4001N3115",10598.6366225
"14190","1kmE4001N3116",5258.760905
"14191","1kmE4001N3117",5032.283117
"14192","1kmE4001N3118",5494.0790925
"14193","1kmE4001N3119",4119.4186035
"14194","1kmE4001N3120",2581.87146
"14195","1kmE4001N3121",4840.0054245
"14196","1kmE4001N3122",10940.159887
"14197","1kmE4001N3123",12778.583829
"14198","1kmE4001N3124",14807.0563605
"14199","1kmE4001N3125",13309.5417915
"14200","1kmE4001N3126",14572.473954
"14201","1kmE4001N3127",11648.494826
"14202","1kmE4001N3128",9252.227184
"14203","1kmE4001N3129",10553.003831
"14204","1kmE4001N3130",12807.0090245
"14205","1kmE4001N3131",9799.9011145
"14206","1kmE4001N3132",13252.2760925
"14207","1kmE4001N3133",14570.4691305
"14208","1kmE4001N3134",19843.8693555
"14209","1kmE4001N3135",19433.6406825
"14210","1kmE4001N3136",19649.2216765
"14211","1kmE4001N3137",19158.786228
"14212","1kmE4001N3138",16589.965747
"14213","1kmE4001N3139",13621.040999
"14214","1kmE4001N3140",9157.0746505
"14215","1kmE4001N3141",5618.224602
"14216","1kmE4002N3077",1948.910979
"14217","1kmE4002N3078",8864.1196705
"14218","1kmE4002N3079",8340.18108
"14219","1kmE4002N3080",6926.798553
"14220","1kmE4002N3081",9432.276134
"14221","1kmE4002N3082",11486.5213145
"14222","1kmE4002N3083",13942.989638
"14223","1kmE4002N3084",14830.6049145
"14224","1kmE4002N3085",15198.0239145
"14225","1kmE4002N3086",15665.3230015
"14226","1kmE4002N3087",15061.454035
"14227","1kmE4002N3088",14271.2601075
"14228","1kmE4002N3089",10077.8943615
"14229","1kmE4002N3090",12767.3665095
"14230","1kmE4002N3091",12157.3615815
"14231","1kmE4002N3092",9975.284622
"14232","1kmE4002N3093",11419.6763495
"14233","1kmE4002N3094",13230.463491
"14234","1kmE4002N3095",9684.930049
"14235","1kmE4002N3096",11352.401244
"14236","1kmE4002N3097",14659.221443
"14237","1kmE4002N3098",18419.156429
"14238","1kmE4002N3099",17759.1599505
"14239","1kmE4002N3100",17217.2193835
"14240","1kmE4002N3101",10701.3782685
"14241","1kmE4002N3102",19656.5641385
"14242","1kmE4002N3103",20568.9293655
"14243","1kmE4002N3104",20141.265504
"14244","1kmE4002N3105",15369.604562
"14245","1kmE4002N3106",18009.9484975
"14246","1kmE4002N3107",17739.7633505
"14247","1kmE4002N3108",17557.732825
"14248","1kmE4002N3109",17077.8382965
"14249","1kmE4002N3110",14463.963723
"14250","1kmE4002N3111",11402.3172735
"14251","1kmE4002N3112",15407.8109735
"14252","1kmE4002N3113",14230.3379855
"14253","1kmE4002N3114",11935.8032025
"14254","1kmE4002N3115",11043.791437
"14255","1kmE4002N3116",7610.690473
"14256","1kmE4002N3117",8729.3976845
"14257","1kmE4002N3118",8106.5801135
"14258","1kmE4002N3119",6828.236681
"14259","1kmE4002N3120",6971.7071655
"14260","1kmE4002N3121",5919.152816
"14261","1kmE4002N3122",10050.5175225
"14262","1kmE4002N3123",12383.1192905
"14263","1kmE4002N3124",11520.509261
"14264","1kmE4002N3125",12983.411348
"14265","1kmE4002N3126",14613.4439565
"14266","1kmE4002N3127",10958.3979135
"14267","1kmE4002N3128",8032.878848
"14268","1kmE4002N3129",10571.7835715
"14269","1kmE4002N3130",11340.769324
"14270","1kmE4002N3131",6598.6061705
"14271","1kmE4002N3132",12278.229197
"14272","1kmE4002N3133",16411.126418
"14273","1kmE4002N3134",18622.786861
"14274","1kmE4002N3135",17917.441637
"14275","1kmE4002N3136",16142.335349
"14276","1kmE4002N3137",18393.6261
"14277","1kmE4002N3138",16598.1300955
"14278","1kmE4002N3139",13197.9457235
"14279","1kmE4002N3140",8593.084545
"14280","1kmE4002N3141",1654.336688
"14281","1kmE4003N3078",5868.3048685
"14282","1kmE4003N3079",4532.950969
"14283","1kmE4003N3080",5423.532676
"14284","1kmE4003N3081",6554.6451395
"14285","1kmE4003N3082",13370.374842
"14286","1kmE4003N3083",16196.403432
"14287","1kmE4003N3084",15386.231415
"14288","1kmE4003N3085",14058.9790305
"14289","1kmE4003N3086",14506.6487645
"14290","1kmE4003N3087",14172.42126
"14291","1kmE4003N3088",12199.984558
"14292","1kmE4003N3089",9406.8713085
"14293","1kmE4003N3090",12899.5121685
"14294","1kmE4003N3091",9850.082973
"14295","1kmE4003N3092",8231.9406675
"14296","1kmE4003N3093",6782.567985
"14297","1kmE4003N3094",13378.475321
"14298","1kmE4003N3095",11460.987787
"14299","1kmE4003N3096",15180.5329715
"14300","1kmE4003N3097",17231.1756875
"14301","1kmE4003N3098",18901.322154
"14302","1kmE4003N3099",15692.079126
"14303","1kmE4003N3100",12845.0187535
"14304","1kmE4003N3101",11335.658961
"14305","1kmE4003N3102",13684.9938465
"14306","1kmE4003N3103",17784.101064
"14307","1kmE4003N3104",19520.9771685
"14308","1kmE4003N3105",18352.446824
"14309","1kmE4003N3106",19182.115258
"14310","1kmE4003N3107",16727.9995755
"14311","1kmE4003N3108",12947.620204
"14312","1kmE4003N3109",13331.49402
"14313","1kmE4003N3110",11624.801876
"14314","1kmE4003N3111",6077.083076
"14315","1kmE4003N3112",10899.5385005
"14316","1kmE4003N3113",9654.341794
"14317","1kmE4003N3114",10481.977688
"14318","1kmE4003N3115",11114.75148
"14319","1kmE4003N3116",8018.2624645
"14320","1kmE4003N3117",7161.4773545
"14321","1kmE4003N3118",7711.75275
"14322","1kmE4003N3119",6365.8644885
"14323","1kmE4003N3120",7575.8927625
"14324","1kmE4003N3121",9825.691067
"14325","1kmE4003N3122",9186.609435
"14326","1kmE4003N3123",9401.8125105
"14327","1kmE4003N3124",10722.6358745
"14328","1kmE4003N3125",11137.1906305
"14329","1kmE4003N3126",11204.6867975
"14330","1kmE4003N3127",7668.80778
"14331","1kmE4003N3128",8801.4299835
"14332","1kmE4003N3129",8052.241428
"14333","1kmE4003N3130",7693.3936515
"14334","1kmE4003N3131",6604.2333055
"14335","1kmE4003N3132",9590.539221
"14336","1kmE4003N3133",16077.851409
"14337","1kmE4003N3134",19665.882323
"14338","1kmE4003N3135",20481.2756625
"14339","1kmE4003N3136",18387.9378485
"14340","1kmE4003N3137",18306.729212
"14341","1kmE4003N3138",16197.326872
"14342","1kmE4003N3139",12552.0362145
"14343","1kmE4003N3140",8322.6213755
"14344","1kmE4003N3141",3075.24287
"14345","1kmE4004N3078",581.386543
"14346","1kmE4004N3079",1666.058953
"14347","1kmE4004N3080",5933.71933
"14348","1kmE4004N3081",11365.8353425
"14349","1kmE4004N3082",13775.475886
"14350","1kmE4004N3083",16175.466989
"14351","1kmE4004N3084",15433.651056
"14352","1kmE4004N3085",14800.978979
"14353","1kmE4004N3086",13611.414442
"14354","1kmE4004N3087",12901.2327025
"14355","1kmE4004N3088",14523.2057535
"14356","1kmE4004N3089",12740.6090205
"14357","1kmE4004N3090",14038.1909115
"14358","1kmE4004N3091",15134.5569945
"14359","1kmE4004N3092",14880.254189
"14360","1kmE4004N3093",10185.7632045
"14361","1kmE4004N3094",6084.764047
"14362","1kmE4004N3095",8645.0365365
"14363","1kmE4004N3096",12426.2347665
"14364","1kmE4004N3097",13975.506075
"14365","1kmE4004N3098",17547.5583385
"14366","1kmE4004N3099",15166.329019
"14367","1kmE4004N3100",9063.9848175
"14368","1kmE4004N3101",10546.0941465
"14369","1kmE4004N3102",13234.93334
"14370","1kmE4004N3103",14866.173478
"14371","1kmE4004N3104",18424.8663765
"14372","1kmE4004N3105",19726.066722
"14373","1kmE4004N3106",20293.1662455
"14374","1kmE4004N3107",17515.180773
"14375","1kmE4004N3108",12419.05245
"14376","1kmE4004N3109",11528.9776855
"14377","1kmE4004N3110",12410.4212675
"14378","1kmE4004N3111",5743.352405
"14379","1kmE4004N3112",8824.0360665
"14380","1kmE4004N3113",9332.0029035
"14381","1kmE4004N3114",8991.569904
"14382","1kmE4004N3115",8439.141337
"14383","1kmE4004N3116",6013.9182485
"14384","1kmE4004N3117",5888.078517
"14385","1kmE4004N3118",8942.3218745
"14386","1kmE4004N3119",6570.4550065
"14387","1kmE4004N3120",8081.427894
"14388","1kmE4004N3121",9696.85277
"14389","1kmE4004N3122",8978.3069105
"14390","1kmE4004N3123",5641.832096
"14391","1kmE4004N3124",3658.19374
"14392","1kmE4004N3125",5624.3000725
"14393","1kmE4004N3126",5664.8307985
"14394","1kmE4004N3127",7019.6995765
"14395","1kmE4004N3128",8996.838455
"14396","1kmE4004N3129",6742.3072515
"14397","1kmE4004N3130",9613.6178745
"14398","1kmE4004N3131",9565.636536
"14399","1kmE4004N3132",9097.469128
"14400","1kmE4004N3133",13169.6516555
"14401","1kmE4004N3134",17784.2277065
"14402","1kmE4004N3135",19046.484789
"14403","1kmE4004N3136",19448.0248835
"14404","1kmE4004N3137",17307.521969
"14405","1kmE4004N3138",17779.3473695
"14406","1kmE4004N3139",13941.9532645
"14407","1kmE4004N3140",9069.6496815
"14408","1kmE4004N3141",9328.7155065
"14409","1kmE4004N3142",4102.1258055
"14410","1kmE4005N3077",205.016389
"14411","1kmE4005N3078",893.0428645
"14412","1kmE4005N3079",933.920716999999
"14413","1kmE4005N3080",1296.7093605
"14414","1kmE4005N3081",10362.9284495
"14415","1kmE4005N3082",12866.593957
"14416","1kmE4005N3083",11815.209975
"14417","1kmE4005N3084",13024.091076
"14418","1kmE4005N3085",10945.6059965
"14419","1kmE4005N3086",10909.3791405
"14420","1kmE4005N3087",9538.017564
"14421","1kmE4005N3088",15820.4618715
"14422","1kmE4005N3089",13643.4741635
"14423","1kmE4005N3090",15682.127538
"14424","1kmE4005N3091",14782.9558175
"14425","1kmE4005N3092",15278.4918115
"14426","1kmE4005N3093",12261.5110965
"14427","1kmE4005N3094",10333.3335085
"14428","1kmE4005N3095",8488.6025405
"14429","1kmE4005N3096",9054.4870385
"14430","1kmE4005N3097",8857.3359915
"14431","1kmE4005N3098",13955.5375875
"14432","1kmE4005N3099",13816.076082
"14433","1kmE4005N3100",13181.9284435
"14434","1kmE4005N3101",11285.259198
"14435","1kmE4005N3102",13459.72833
"14436","1kmE4005N3103",14290.0394925
"14437","1kmE4005N3104",16345.491647
"14438","1kmE4005N3105",19126.7529405
"14439","1kmE4005N3106",19898.5879855
"14440","1kmE4005N3107",18854.4104575
"14441","1kmE4005N3108",16893.5838175
"14442","1kmE4005N3109",15086.2157335
"14443","1kmE4005N3110",13599.901461
"14444","1kmE4005N3111",9626.2339025
"14445","1kmE4005N3112",7845.233874
"14446","1kmE4005N3113",8614.4606435
"14447","1kmE4005N3114",9218.3279425
"14448","1kmE4005N3115",8602.93255
"14449","1kmE4005N3116",10244.069015
"14450","1kmE4005N3117",8453.1770965
"14451","1kmE4005N3118",8257.572917
"14452","1kmE4005N3119",6455.0648925
"14453","1kmE4005N3120",7738.3482965
"14454","1kmE4005N3121",9370.459256
"14455","1kmE4005N3122",9036.423942
"14456","1kmE4005N3123",5267.1378935
"14457","1kmE4005N3124",11628.49546
"14458","1kmE4005N3125",7086.931178
"14459","1kmE4005N3126",4608.393514
"14460","1kmE4005N3127",7256.7836215
"14461","1kmE4005N3128",5766.025157
"14462","1kmE4005N3129",8914.921104
"14463","1kmE4005N3130",12416.2388
"14464","1kmE4005N3131",11879.5349305
"14465","1kmE4005N3132",8263.209185
"14466","1kmE4005N3133",10377.111629
"14467","1kmE4005N3134",12749.0859635
"14468","1kmE4005N3135",12548.398637
"14469","1kmE4005N3136",11822.8516
"14470","1kmE4005N3137",13185.844946
"14471","1kmE4005N3138",14576.1013235
"14472","1kmE4005N3139",10923.63878
"14473","1kmE4005N3140",9631.5351035
"14474","1kmE4005N3141",9085.054701
"14475","1kmE4005N3142",8716.271436
"14476","1kmE4005N3143",403.8964465
"14477","1kmE4006N3077",205.01639
"14478","1kmE4006N3078",695.6222065
"14479","1kmE4006N3079",382.5064855
"14480","1kmE4006N3080",1415.4486955
"14481","1kmE4006N3081",7695.555044
"14482","1kmE4006N3082",9198.888985
"14483","1kmE4006N3083",7922.1611335
"14484","1kmE4006N3084",5961.0479915
"14485","1kmE4006N3085",10011.0230765
"14486","1kmE4006N3086",11429.8359525
"14487","1kmE4006N3087",8544.4416735
"14488","1kmE4006N3088",13262.7478835
"14489","1kmE4006N3089",12778.688962
"14490","1kmE4006N3090",13404.973531
"14491","1kmE4006N3091",10751.078698
"14492","1kmE4006N3092",11555.5935355
"14493","1kmE4006N3093",10010.2956075
"14494","1kmE4006N3094",13162.941047
"14495","1kmE4006N3095",10354.3624815
"14496","1kmE4006N3096",8646.042133
"14497","1kmE4006N3097",13449.9684835
"14498","1kmE4006N3098",15077.988825
"14499","1kmE4006N3099",10948.4996675
"14500","1kmE4006N3100",12883.8201255
"14501","1kmE4006N3101",11030.3222805
"14502","1kmE4006N3102",11489.352612
"14503","1kmE4006N3103",12614.265001
"14504","1kmE4006N3104",17191.495593
"14505","1kmE4006N3105",14921.132075
"14506","1kmE4006N3106",18158.359566
"14507","1kmE4006N3107",17688.091111
"14508","1kmE4006N3108",16448.4316725
"14509","1kmE4006N3109",14730.6418665
"14510","1kmE4006N3110",14794.12827
"14511","1kmE4006N3111",10067.97421
"14512","1kmE4006N3112",8066.5085165
"14513","1kmE4006N3113",10004.708668
"14514","1kmE4006N3114",12867.112491
"14515","1kmE4006N3115",14316.659676
"14516","1kmE4006N3116",14226.806049
"14517","1kmE4006N3117",10989.240388
"14518","1kmE4006N3118",8361.453488
"14519","1kmE4006N3119",8685.886907
"14520","1kmE4006N3120",9119.252374
"14521","1kmE4006N3121",10927.2089945
"14522","1kmE4006N3122",11519.658753
"14523","1kmE4006N3123",10487.38374
"14524","1kmE4006N3124",12103.767708
"14525","1kmE4006N3125",7205.101358
"14526","1kmE4006N3126",4263.7378105
"14527","1kmE4006N3127",8158.6141705
"14528","1kmE4006N3128",7848.969255
"14529","1kmE4006N3129",10627.144149
"14530","1kmE4006N3130",13728.858549
"14531","1kmE4006N3131",14078.6380465
"14532","1kmE4006N3132",10557.9337795
"14533","1kmE4006N3133",13135.3966005
"14534","1kmE4006N3134",14525.201423
"14535","1kmE4006N3135",17970.9302755
"14536","1kmE4006N3136",16371.7765865
"14537","1kmE4006N3137",16599.4363945
"14538","1kmE4006N3138",16227.8800425
"14539","1kmE4006N3139",12947.823752
"14540","1kmE4006N3140",13398.884441
"14541","1kmE4006N3141",11366.752388
"14542","1kmE4006N3142",8395.130385
"14543","1kmE4006N3143",1907.026369
"14544","1kmE4007N3078",205.0163895
"14545","1kmE4007N3080",628.87041
"14546","1kmE4007N3081",2143.237557
"14547","1kmE4007N3082",6084.05661
"14548","1kmE4007N3083",8092.1130975
"14549","1kmE4007N3084",8329.0958675
"14550","1kmE4007N3085",8367.2085195
"14551","1kmE4007N3086",11436.274536
"14552","1kmE4007N3087",9643.2154125
"14553","1kmE4007N3088",9045.297585
"14554","1kmE4007N3089",10261.261354
"14555","1kmE4007N3090",10031.450162
"14556","1kmE4007N3091",8242.5360565
"14557","1kmE4007N3092",10546.466286
"14558","1kmE4007N3093",14591.404
"14559","1kmE4007N3094",14457.7368085
"14560","1kmE4007N3095",12322.5347765
"14561","1kmE4007N3096",11434.916473
"14562","1kmE4007N3097",13670.846525
"14563","1kmE4007N3098",14008.8718025
"14564","1kmE4007N3099",10479.3114775
"14565","1kmE4007N3100",10835.3921075
"14566","1kmE4007N3101",13209.3189955
"14567","1kmE4007N3102",13644.0287085
"14568","1kmE4007N3103",11613.2244
"14569","1kmE4007N3104",14964.7088445
"14570","1kmE4007N3105",14557.9913065
"14571","1kmE4007N3106",15374.0817355
"14572","1kmE4007N3107",17085.692425
"14573","1kmE4007N3108",18356.3164305
"14574","1kmE4007N3109",13564.6671995
"14575","1kmE4007N3110",14501.558894
"14576","1kmE4007N3111",5985.226217
"14577","1kmE4007N3112",5496.469582
"14578","1kmE4007N3113",12704.344174
"14579","1kmE4007N3114",13979.833644
"14580","1kmE4007N3115",14510.707107
"14581","1kmE4007N3116",12175.181942
"14582","1kmE4007N3117",10002.4947145
"14583","1kmE4007N3118",9033.5805135
"14584","1kmE4007N3119",10187.1654985
"14585","1kmE4007N3120",7547.0226595
"14586","1kmE4007N3121",8970.200152
"14587","1kmE4007N3122",13851.518491
"14588","1kmE4007N3123",12424.267365
"14589","1kmE4007N3124",12177.4098845
"14590","1kmE4007N3125",11608.5868725
"14591","1kmE4007N3126",9111.122231
"14592","1kmE4007N3127",7230.8628715
"14593","1kmE4007N3128",7348.278198
"14594","1kmE4007N3129",9317.7948365
"14595","1kmE4007N3130",11679.921774
"14596","1kmE4007N3131",15850.675298
"14597","1kmE4007N3132",14987.365134
"14598","1kmE4007N3133",12453.077225
"14599","1kmE4007N3134",14205.7201445
"14600","1kmE4007N3135",15889.3385685
"14601","1kmE4007N3136",14880.4272555
"14602","1kmE4007N3137",15813.776607
"14603","1kmE4007N3138",16475.0753125
"14604","1kmE4007N3139",13526.75069
"14605","1kmE4007N3140",15696.233485
"14606","1kmE4007N3141",11861.656231
"14607","1kmE4007N3142",7776.9023025
"14608","1kmE4007N3143",205.01639
"14609","1kmE4008N3081",1274.701513
"14610","1kmE4008N3082",4867.835467
"14611","1kmE4008N3083",6581.76821
"14612","1kmE4008N3084",6952.2533475
"14613","1kmE4008N3085",5792.878819
"14614","1kmE4008N3086",12320.0233225
"14615","1kmE4008N3087",8137.2995965
"14616","1kmE4008N3088",9464.153424
"14617","1kmE4008N3089",9074.003125
"14618","1kmE4008N3090",11128.3241535
"14619","1kmE4008N3091",9570.49972
"14620","1kmE4008N3092",8492.6572825
"14621","1kmE4008N3093",16615.141474
"14622","1kmE4008N3094",18188.5433455
"14623","1kmE4008N3095",14644.380219
"14624","1kmE4008N3096",16772.0834475
"14625","1kmE4008N3097",15236.953518
"14626","1kmE4008N3098",13760.038315
"14627","1kmE4008N3099",16911.6590525
"14628","1kmE4008N3100",13271.095949
"14629","1kmE4008N3101",10404.124071
"14630","1kmE4008N3102",10554.878555
"14631","1kmE4008N3103",10051.455318
"14632","1kmE4008N3104",12020.191321
"14633","1kmE4008N3105",14030.2894305
"14634","1kmE4008N3106",15325.0156905
"14635","1kmE4008N3107",19733.223029
"14636","1kmE4008N3108",20463.3264905
"14637","1kmE4008N3109",18402.9203435
"14638","1kmE4008N3110",12955.7795275
"14639","1kmE4008N3111",8129.5086065
"14640","1kmE4008N3112",5696.629519
"14641","1kmE4008N3113",12980.920305
"14642","1kmE4008N3114",10613.299908
"14643","1kmE4008N3115",9568.965855
"14644","1kmE4008N3116",8937.721665
"14645","1kmE4008N3117",9336.386505
"14646","1kmE4008N3118",9762.7722255
"14647","1kmE4008N3119",4667.686021
"14648","1kmE4008N3120",3711.224026
"14649","1kmE4008N3121",9505.270325
"14650","1kmE4008N3122",11288.323524
"14651","1kmE4008N3123",11953.7100745
"14652","1kmE4008N3124",16664.1767395
"14653","1kmE4008N3125",12370.5276435
"14654","1kmE4008N3126",10002.591175
"14655","1kmE4008N3127",3750.963236
"14656","1kmE4008N3128",7141.4437015
"14657","1kmE4008N3129",9187.335914
"14658","1kmE4008N3130",14161.2991395
"14659","1kmE4008N3131",16728.5555065
"14660","1kmE4008N3132",13990.126252
"14661","1kmE4008N3133",10149.136093
"14662","1kmE4008N3134",7481.7459015
"14663","1kmE4008N3135",13707.862823
"14664","1kmE4008N3136",12200.8446365
"14665","1kmE4008N3137",13937.1455435
"14666","1kmE4008N3138",11636.241472
"14667","1kmE4008N3139",10893.5152845
"14668","1kmE4008N3140",13452.9070345
"14669","1kmE4008N3141",9802.794964
"14670","1kmE4008N3142",2867.7220295
"14671","1kmE4009N3081",823.1084085
"14672","1kmE4009N3082",3399.127512
"14673","1kmE4009N3083",9010.794736
"14674","1kmE4009N3084",15303.9000535
"14675","1kmE4009N3085",16954.9364135
"14676","1kmE4009N3086",16391.162576
"14677","1kmE4009N3087",11876.9544335
"14678","1kmE4009N3088",9789.88661
"14679","1kmE4009N3089",7867.009651
"14680","1kmE4009N3090",7124.4399365
"14681","1kmE4009N3091",8687.479653
"14682","1kmE4009N3092",8106.58354
"14683","1kmE4009N3093",15497.345764
"14684","1kmE4009N3094",17414.8223625
"14685","1kmE4009N3095",18272.0413965
"14686","1kmE4009N3096",16864.735635
"14687","1kmE4009N3097",13172.305334
"14688","1kmE4009N3098",12696.9436155
"14689","1kmE4009N3099",14102.7183765
"14690","1kmE4009N3100",13095.458261
"14691","1kmE4009N3101",12534.6833735
"14692","1kmE4009N3102",11147.6596265
"14693","1kmE4009N3103",11458.9120175
"14694","1kmE4009N3104",13495.7791665
"14695","1kmE4009N3105",14491.9435045
"14696","1kmE4009N3106",13617.7979695
"14697","1kmE4009N3107",14913.0088035
"14698","1kmE4009N3108",16962.3407145
"14699","1kmE4009N3109",14825.985515
"14700","1kmE4009N3110",13086.8779685
"14701","1kmE4009N3111",13427.2127725
"14702","1kmE4009N3112",11584.610087
"14703","1kmE4009N3113",14441.4866915
"14704","1kmE4009N3114",10516.2649585
"14705","1kmE4009N3115",9471.7021135
"14706","1kmE4009N3116",8922.4735985
"14707","1kmE4009N3117",9494.220456
"14708","1kmE4009N3118",7680.039908
"14709","1kmE4009N3119",4751.16146
"14710","1kmE4009N3120",5888.3539205
"14711","1kmE4009N3121",10368.5064515
"14712","1kmE4009N3122",10106.6627685
"14713","1kmE4009N3123",10316.172958
"14714","1kmE4009N3124",14491.788952
"14715","1kmE4009N3125",15065.240517
"14716","1kmE4009N3126",11505.370987
"14717","1kmE4009N3127",6383.369488
"14718","1kmE4009N3128",9797.0437195
"14719","1kmE4009N3129",11075.5772675
"14720","1kmE4009N3130",17075.6292635
"14721","1kmE4009N3131",19709.2001115
"14722","1kmE4009N3132",17308.6629955
"14723","1kmE4009N3133",11481.5039885
"14724","1kmE4009N3134",7675.0857655
"14725","1kmE4009N3135",6245.0613175
"14726","1kmE4009N3136",4917.970294
"14727","1kmE4009N3137",5962.8339695
"14728","1kmE4009N3138",4046.9869715
"14729","1kmE4009N3139",7374.872435
"14730","1kmE4009N3140",4799.632943
"14731","1kmE4009N3141",917.769148499999
"14732","1kmE4010N3081",1110.126325
"14733","1kmE4010N3082",15355.7514095
"14734","1kmE4010N3083",21476.131916
"14735","1kmE4010N3084",20422.4044955
"14736","1kmE4010N3085",21085.423179
"14737","1kmE4010N3086",20804.409413
"14738","1kmE4010N3087",20058.1247345
"14739","1kmE4010N3088",18497.8230775
"14740","1kmE4010N3089",8212.031554
"14741","1kmE4010N3090",5033.1733485
"14742","1kmE4010N3091",7611.6166885
"14743","1kmE4010N3092",3656.870237
"14744","1kmE4010N3093",11031.166539
"14745","1kmE4010N3094",16576.593743
"14746","1kmE4010N3095",16024.160543
"14747","1kmE4010N3096",13827.248073
"14748","1kmE4010N3097",9906.0667275
"14749","1kmE4010N3098",11065.845284
"14750","1kmE4010N3099",7742.938643
"14751","1kmE4010N3100",8315.5807605
"14752","1kmE4010N3101",11699.2997565
"14753","1kmE4010N3102",11270.090093
"14754","1kmE4010N3103",8643.947162
"14755","1kmE4010N3104",9296.211019
"14756","1kmE4010N3105",10253.1686135
"14757","1kmE4010N3106",9557.805063
"14758","1kmE4010N3107",14614.791708
"14759","1kmE4010N3108",16097.742519
"14760","1kmE4010N3109",14838.647485
"14761","1kmE4010N3110",15358.5098865
"14762","1kmE4010N3111",14691.306216
"14763","1kmE4010N3112",12506.850507
"14764","1kmE4010N3113",12370.7068535
"14765","1kmE4010N3114",10023.0465365
"14766","1kmE4010N3115",10692.4073055
"14767","1kmE4010N3116",10514.3082485
"14768","1kmE4010N3117",8793.216117
"14769","1kmE4010N3118",8007.971179
"14770","1kmE4010N3119",6637.683089
"14771","1kmE4010N3120",7084.6506005
"14772","1kmE4010N3121",8549.2768425
"14773","1kmE4010N3122",11201.486793
"14774","1kmE4010N3123",10041.743772
"14775","1kmE4010N3124",11616.874119
"14776","1kmE4010N3125",12828.0494885
"14777","1kmE4010N3126",12325.707386
"14778","1kmE4010N3127",9634.107414
"14779","1kmE4010N3128",9449.308823
"14780","1kmE4010N3129",12162.1775275
"14781","1kmE4010N3130",15851.7076395
"14782","1kmE4010N3131",18964.975418
"14783","1kmE4010N3132",17804.664973
"14784","1kmE4010N3133",14836.944263
"14785","1kmE4010N3134",6837.807874
"14786","1kmE4010N3135",6400.445377
"14787","1kmE4010N3136",5604.9849085
"14788","1kmE4010N3137",4019.4580615
"14789","1kmE4010N3138",3979.8227665
"14790","1kmE4010N3139",2579.0999885
"14791","1kmE4010N3140",2336.95796
"14792","1kmE4011N3081",14454.91834
"14793","1kmE4011N3082",21236.193399
"14794","1kmE4011N3083",20656.1120315
"14795","1kmE4011N3084",20670.7271805
"14796","1kmE4011N3085",21728.149255
"14797","1kmE4011N3086",21291.5707805
"14798","1kmE4011N3087",21412.174704
"14799","1kmE4011N3088",21351.9988965
"14800","1kmE4011N3089",18642.352465
"14801","1kmE4011N3090",5772.5542005
"14802","1kmE4011N3091",6253.66216
"14803","1kmE4011N3092",4983.8581175
"14804","1kmE4011N3093",13998.6783705
"14805","1kmE4011N3094",17131.209542
"14806","1kmE4011N3095",11674.3969445
"14807","1kmE4011N3096",8724.2610565
"14808","1kmE4011N3097",9227.281211
"14809","1kmE4011N3098",9840.7175555
"14810","1kmE4011N3099",7022.5360355
"14811","1kmE4011N3100",5546.864445
"14812","1kmE4011N3101",9080.663107
"14813","1kmE4011N3102",9711.776674
"14814","1kmE4011N3103",7259.7533985
"14815","1kmE4011N3104",6213.058195
"14816","1kmE4011N3105",5388.466646
"14817","1kmE4011N3106",4867.1623715
"14818","1kmE4011N3107",5427.8245415
"14819","1kmE4011N3108",8077.4195565
"14820","1kmE4011N3109",12934.044706
"14821","1kmE4011N3110",14235.6413
"14822","1kmE4011N3111",12765.523082
"14823","1kmE4011N3112",11676.3881505
"14824","1kmE4011N3113",14383.4400935
"14825","1kmE4011N3114",9069.29437
"14826","1kmE4011N3115",8431.4402505
"14827","1kmE4011N3116",9359.4615805
"14828","1kmE4011N3117",7716.034648
"14829","1kmE4011N3118",6439.353931
"14830","1kmE4011N3119",7069.6116395
"14831","1kmE4011N3120",7287.1262475
"14832","1kmE4011N3121",6955.5389635
"14833","1kmE4011N3122",8942.9462905
"14834","1kmE4011N3123",11641.2374555
"14835","1kmE4011N3124",11532.3540355
"14836","1kmE4011N3125",11979.7155795
"14837","1kmE4011N3126",11270.4416265
"14838","1kmE4011N3127",10863.459663
"14839","1kmE4011N3128",11395.9394245
"14840","1kmE4011N3129",10359.2282015
"14841","1kmE4011N3130",12310.9843065
"14842","1kmE4011N3131",12974.598584
"14843","1kmE4011N3132",11030.056301
"14844","1kmE4011N3133",9996.6074795
"14845","1kmE4011N3134",7441.9077825
"14846","1kmE4011N3135",4408.641906
"14847","1kmE4011N3136",3091.000859
"14848","1kmE4011N3137",2987.681131
"14849","1kmE4011N3138",2384.9719315
"14850","1kmE4011N3139",1947.4329535
"14851","1kmE4011N3140",2293.184377
"14852","1kmE4012N3078",4444.8783155
"14853","1kmE4012N3079",9253.0834845
"14854","1kmE4012N3080",9902.1064545
"14855","1kmE4012N3081",20951.683903
"14856","1kmE4012N3082",20630.6256005
"14857","1kmE4012N3083",20877.892373
"14858","1kmE4012N3084",20825.6751725
"14859","1kmE4012N3085",22738.933215
"14860","1kmE4012N3086",20944.343468
"14861","1kmE4012N3087",21349.5826295
"14862","1kmE4012N3088",21726.05013
"14863","1kmE4012N3089",21654.9448855
"14864","1kmE4012N3090",13951.4707805
"14865","1kmE4012N3091",7432.392792
"14866","1kmE4012N3092",5335.752108
"14867","1kmE4012N3093",15169.8446355
"14868","1kmE4012N3094",17772.6626255
"14869","1kmE4012N3095",13072.7008475
"14870","1kmE4012N3096",12053.7090825
"14871","1kmE4012N3097",8818.3766335
"14872","1kmE4012N3098",10172.428685
"14873","1kmE4012N3099",12770.8596465
"14874","1kmE4012N3100",7571.942358
"14875","1kmE4012N3101",7018.677721
"14876","1kmE4012N3102",8076.78393
"14877","1kmE4012N3103",9078.246118
"14878","1kmE4012N3104",6921.3553865
"14879","1kmE4012N3105",8542.0629385
"14880","1kmE4012N3106",6510.0351545
"14881","1kmE4012N3107",6078.567069
"14882","1kmE4012N3108",7959.323277
"14883","1kmE4012N3109",11929.4580885
"14884","1kmE4012N3110",14795.3916905
"14885","1kmE4012N3111",16102.10952
"14886","1kmE4012N3112",17815.9263885
"14887","1kmE4012N3113",14351.913521
"14888","1kmE4012N3114",10441.574582
"14889","1kmE4012N3115",6849.931096
"14890","1kmE4012N3116",7431.836933
"14891","1kmE4012N3117",8664.9712505
"14892","1kmE4012N3118",7395.626389
"14893","1kmE4012N3119",8420.0434755
"14894","1kmE4012N3120",7641.3821675
"14895","1kmE4012N3121",7938.646948
"14896","1kmE4012N3122",9174.0046415
"14897","1kmE4012N3123",10545.1439915
"14898","1kmE4012N3124",8485.1731265
"14899","1kmE4012N3125",12025.1039375
"14900","1kmE4012N3126",12193.163737
"14901","1kmE4012N3127",14675.671039
"14902","1kmE4012N3128",13146.0924135
"14903","1kmE4012N3129",12036.606171
"14904","1kmE4012N3130",13111.7281175
"14905","1kmE4012N3131",12071.185576
"14906","1kmE4012N3132",10248.79367
"14907","1kmE4012N3133",9407.275815
"14908","1kmE4012N3134",7474.1979255
"14909","1kmE4012N3135",3837.38288
"14910","1kmE4012N3136",3035.472468
"14911","1kmE4012N3137",1852.8243295
"14912","1kmE4012N3138",1990.9621495
"14913","1kmE4012N3139",859.9758105
"14914","1kmE4012N3140",1070.0266925
"14915","1kmE4013N3076",5375.1526935
"14916","1kmE4013N3077",12995.3685405
"14917","1kmE4013N3078",14844.873612
"14918","1kmE4013N3079",15051.3316135
"14919","1kmE4013N3080",19283.0007335
"14920","1kmE4013N3081",23636.6108485
"14921","1kmE4013N3082",21836.9676695
"14922","1kmE4013N3083",21809.755175
"14923","1kmE4013N3084",21293.745612
"14924","1kmE4013N3085",22815.998515
"14925","1kmE4013N3086",23267.23052
"14926","1kmE4013N3087",21538.099203
"14927","1kmE4013N3088",21733.3932265
"14928","1kmE4013N3089",22928.98535
"14929","1kmE4013N3090",19695.1271855
"14930","1kmE4013N3091",10847.1370035
"14931","1kmE4013N3092",8167.881062
"14932","1kmE4013N3093",11150.1315705
"14933","1kmE4013N3094",12774.55103
"14934","1kmE4013N3095",11621.8191735
"14935","1kmE4013N3096",10335.720012
"14936","1kmE4013N3097",10317.725715
"14937","1kmE4013N3098",14115.0666595
"14938","1kmE4013N3099",16505.167032
"14939","1kmE4013N3100",14311.8052285
"14940","1kmE4013N3101",9086.190184
"14941","1kmE4013N3102",10378.230273
"14942","1kmE4013N3103",12282.5032
"14943","1kmE4013N3104",9443.5057305
"14944","1kmE4013N3105",9140.158676
"14945","1kmE4013N3106",10142.117524
"14946","1kmE4013N3107",9756.240195
"14947","1kmE4013N3108",5426.7930985
"14948","1kmE4013N3109",10846.1532965
"14949","1kmE4013N3110",12456.0613455
"14950","1kmE4013N3111",14469.7542675
"14951","1kmE4013N3112",16736.5330425
"14952","1kmE4013N3113",13492.6243375
"14953","1kmE4013N3114",9556.358466
"14954","1kmE4013N3115",7114.29357
"14955","1kmE4013N3116",8440.5437515
"14956","1kmE4013N3117",8262.4611725
"14957","1kmE4013N3118",10345.196143
"14958","1kmE4013N3119",12053.3417635
"14959","1kmE4013N3120",8971.684471
"14960","1kmE4013N3121",8158.6533295
"14961","1kmE4013N3122",8293.715737
"14962","1kmE4013N3123",8597.1935395
"14963","1kmE4013N3124",7602.238152
"14964","1kmE4013N3125",10537.9253595
"14965","1kmE4013N3126",16360.50379
"14966","1kmE4013N3127",17207.871316
"14967","1kmE4013N3128",13971.860145
"14968","1kmE4013N3129",15031.891656
"14969","1kmE4013N3130",14744.983525
"14970","1kmE4013N3131",12358.398624
"14971","1kmE4013N3132",11865.275538
"14972","1kmE4013N3133",9822.9887295
"14973","1kmE4013N3134",7825.746831
"14974","1kmE4013N3135",4855.4937305
"14975","1kmE4013N3136",2637.6650305
"14976","1kmE4013N3137",2203.364823
"14977","1kmE4013N3138",1991.520805
"14978","1kmE4013N3139",1044.022059
"14979","1kmE4013N3140",205.01639
"14980","1kmE4014N3075",4955.0941445
"14981","1kmE4014N3076",13545.463868
"14982","1kmE4014N3077",15481.420629
"14983","1kmE4014N3078",15365.171236
"14984","1kmE4014N3079",14407.1731585
"14985","1kmE4014N3080",19716.641399
"14986","1kmE4014N3081",23283.4860505
"14987","1kmE4014N3082",22503.462447
"14988","1kmE4014N3083",22900.7882975
"14989","1kmE4014N3084",22570.812754
"14990","1kmE4014N3085",24272.561085
"14991","1kmE4014N3086",23779.832545
"14992","1kmE4014N3087",21932.28607
"14993","1kmE4014N3088",22274.0174755
"14994","1kmE4014N3089",22456.5715115
"14995","1kmE4014N3090",20114.091003
"14996","1kmE4014N3091",6561.765397
"14997","1kmE4014N3092",9651.1806535
"14998","1kmE4014N3093",12843.6131265
"14999","1kmE4014N3094",14592.8333495
"15000","1kmE4014N3095",12007.1842425
"15001","1kmE4014N3096",16396.33562
"15002","1kmE4014N3097",13818.7530375
"15003","1kmE4014N3098",9865.8162675
"15004","1kmE4014N3099",14432.4781005
"15005","1kmE4014N3100",16215.0077765
"15006","1kmE4014N3101",13815.7927355
"15007","1kmE4014N3102",15536.6868575
"15008","1kmE4014N3103",15191.7840585
"15009","1kmE4014N3104",10337.4274425
"15010","1kmE4014N3105",11212.815105
"15011","1kmE4014N3106",10581.6428045
"15012","1kmE4014N3107",7559.017394
"15013","1kmE4014N3108",5620.340215
"15014","1kmE4014N3109",9520.0369885
"15015","1kmE4014N3110",11373.0775665
"15016","1kmE4014N3111",12862.646952
"15017","1kmE4014N3112",14249.2312395
"15018","1kmE4014N3113",14223.184731
"15019","1kmE4014N3114",12686.232274
"15020","1kmE4014N3115",10573.0051935
"15021","1kmE4014N3116",11674.743439
"15022","1kmE4014N3117",9521.7993245
"15023","1kmE4014N3118",7238.0367745
"15024","1kmE4014N3119",8439.0036085
"15025","1kmE4014N3120",10779.6488825
"15026","1kmE4014N3121",10348.0172595
"15027","1kmE4014N3122",6950.95415
"15028","1kmE4014N3123",9001.117451
"15029","1kmE4014N3124",7289.1378255
"15030","1kmE4014N3125",11826.3370605
"15031","1kmE4014N3126",15694.484072
"15032","1kmE4014N3127",17466.738365
"15033","1kmE4014N3128",15539.398472
"15034","1kmE4014N3129",13369.940125
"15035","1kmE4014N3130",13500.5974
"15036","1kmE4014N3131",12199.163225
"15037","1kmE4014N3132",11320.5239395
"15038","1kmE4014N3133",11629.4264745
"15039","1kmE4014N3134",9528.11201
"15040","1kmE4014N3135",3099.990836
"15041","1kmE4014N3136",1726.109598
"15042","1kmE4014N3137",1602.573972
"15043","1kmE4014N3138",1782.033142
"15044","1kmE4014N3139",972.1642665
"15045","1kmE4015N3063",205.01639
"15046","1kmE4015N3075",12747.6454935
"15047","1kmE4015N3076",16146.9338105
"15048","1kmE4015N3077",15076.7541125
"15049","1kmE4015N3078",15638.6725535
"15050","1kmE4015N3079",15166.419458
"15051","1kmE4015N3080",19244.7856325
"15052","1kmE4015N3081",22978.149998
"15053","1kmE4015N3082",23134.2774855
"15054","1kmE4015N3083",23224.121998
"15055","1kmE4015N3084",22722.720689
"15056","1kmE4015N3085",24442.135945
"15057","1kmE4015N3086",23787.151837
"15058","1kmE4015N3087",23112.8385885
"15059","1kmE4015N3088",22039.4880175
"15060","1kmE4015N3089",22134.5490835
"15061","1kmE4015N3090",18081.459137
"15062","1kmE4015N3091",3878.3302065
"15063","1kmE4015N3092",5591.6672485
"15064","1kmE4015N3093",6967.843376
"15065","1kmE4015N3094",6251.7665775
"15066","1kmE4015N3095",7661.1314715
"15067","1kmE4015N3096",16120.001628
"15068","1kmE4015N3097",14694.171481
"15069","1kmE4015N3098",11524.613974
"15070","1kmE4015N3099",17391.8662665
"15071","1kmE4015N3100",19732.5595185
"15072","1kmE4015N3101",18470.5813835
"15073","1kmE4015N3102",15933.8436985
"15074","1kmE4015N3103",14744.373966
"15075","1kmE4015N3104",13386.3935395
"15076","1kmE4015N3105",12275.254687
"15077","1kmE4015N3106",7684.4408995
"15078","1kmE4015N3107",7994.1666815
"15079","1kmE4015N3108",8868.2871075
"15080","1kmE4015N3109",12692.4055235
"15081","1kmE4015N3110",11354.2907105
"15082","1kmE4015N3111",7877.14492
"15083","1kmE4015N3112",9156.3721885
"15084","1kmE4015N3113",11634.534623
"15085","1kmE4015N3114",13802.2858815
"15086","1kmE4015N3115",12181.822646
"15087","1kmE4015N3116",10016.203655
"15088","1kmE4015N3117",11335.558166
"15089","1kmE4015N3118",7185.577198
"15090","1kmE4015N3119",7947.7032105
"15091","1kmE4015N3120",12825.8747585
"15092","1kmE4015N3121",11033.803957
"15093","1kmE4015N3122",5456.735975
"15094","1kmE4015N3123",7050.4824085
"15095","1kmE4015N3124",10223.289424
"15096","1kmE4015N3125",16166.73946
"15097","1kmE4015N3126",18424.3508635
"15098","1kmE4015N3127",18998.592294
"15099","1kmE4015N3128",18479.2731985
"15100","1kmE4015N3129",15875.9273125
"15101","1kmE4015N3130",15008.54592
"15102","1kmE4015N3131",10972.8692605
"15103","1kmE4015N3132",12229.3591385
"15104","1kmE4015N3133",12006.5317055
"15105","1kmE4015N3134",11230.668889
"15106","1kmE4015N3135",1072.3724815
"15107","1kmE4015N3136",914.3247775
"15108","1kmE4015N3137",825.8671435
"15109","1kmE4016N3074",1740.218748
"15110","1kmE4016N3075",15625.5901545
"15111","1kmE4016N3076",15910.184884
"15112","1kmE4016N3077",14960.1730935
"15113","1kmE4016N3078",16221.1301635
"15114","1kmE4016N3079",16800.477893
"15115","1kmE4016N3080",17499.3474175
"15116","1kmE4016N3081",23157.6501705
"15117","1kmE4016N3082",21956.926117
"15118","1kmE4016N3083",23450.956031
"15119","1kmE4016N3084",22687.5405265
"15120","1kmE4016N3085",21372.3988785
"15121","1kmE4016N3086",24157.297617
"15122","1kmE4016N3087",23782.2026745
"15123","1kmE4016N3088",20817.065984
"15124","1kmE4016N3089",21093.3608175
"15125","1kmE4016N3090",12036.4685465
"15126","1kmE4016N3091",3902.9013115
"15127","1kmE4016N3092",3489.3128645
"15128","1kmE4016N3093",5308.014616
"15129","1kmE4016N3094",10565.388833
"15130","1kmE4016N3095",11443.878409
"15131","1kmE4016N3096",11256.4909
"15132","1kmE4016N3097",12553.3864665
"15133","1kmE4016N3098",13654.7026565
"15134","1kmE4016N3099",17738.2079485
"15135","1kmE4016N3100",19427.595209
"15136","1kmE4016N3101",17315.9283085
"15137","1kmE4016N3102",14436.9243585
"15138","1kmE4016N3103",13464.875435
"15139","1kmE4016N3104",13002.2893455
"15140","1kmE4016N3105",14437.886729
"15141","1kmE4016N3106",10310.515236
"15142","1kmE4016N3107",7997.420892
"15143","1kmE4016N3108",9254.8525645
"15144","1kmE4016N3109",9981.937127
"15145","1kmE4016N3110",8576.0931375
"15146","1kmE4016N3111",6046.038605
"15147","1kmE4016N3112",7685.723058
"15148","1kmE4016N3113",11269.479581
"15149","1kmE4016N3114",12897.6243635
"15150","1kmE4016N3115",13980.5056235
"15151","1kmE4016N3116",9800.177128
"15152","1kmE4016N3117",8739.530777
"15153","1kmE4016N3118",6832.7473385
"15154","1kmE4016N3119",6140.6883825
"15155","1kmE4016N3120",8397.6196945
"15156","1kmE4016N3121",9995.4279195
"15157","1kmE4016N3122",6081.972545
"15158","1kmE4016N3123",7397.9984745
"15159","1kmE4016N3124",11292.208998
"15160","1kmE4016N3125",15875.4328265
"15161","1kmE4016N3126",17687.7956825
"15162","1kmE4016N3127",18039.343726
"15163","1kmE4016N3128",18384.538726
"15164","1kmE4016N3129",19942.481057
"15165","1kmE4016N3130",16209.215238
"15166","1kmE4016N3131",10952.1084765
"15167","1kmE4016N3132",10080.853921
"15168","1kmE4016N3133",11926.451775
"15169","1kmE4016N3134",8979.591529
"15170","1kmE4016N3135",205.016391
"15171","1kmE4017N3074",5143.1789545
"15172","1kmE4017N3075",14678.987199
"15173","1kmE4017N3076",16344.0882615
"15174","1kmE4017N3077",17209.5547795
"15175","1kmE4017N3078",17665.3017675
"15176","1kmE4017N3079",17946.3646365
"15177","1kmE4017N3080",18738.320553
"15178","1kmE4017N3081",21778.8854375
"15179","1kmE4017N3082",22591.1559045
"15180","1kmE4017N3083",23334.708391
"15181","1kmE4017N3084",22275.250784
"15182","1kmE4017N3085",21202.6957125
"15183","1kmE4017N3086",22070.9101745
"15184","1kmE4017N3087",21427.67051
"15185","1kmE4017N3088",21462.8790665
"15186","1kmE4017N3089",18136.2515765
"15187","1kmE4017N3090",1610.4605795
"15188","1kmE4017N3091",826.4995835
"15189","1kmE4017N3092",1793.3777475
"15190","1kmE4017N3093",2269.6599295
"15191","1kmE4017N3094",14467.0850205
"15192","1kmE4017N3095",18819.7092165
"15193","1kmE4017N3096",18631.1574945
"15194","1kmE4017N3097",15538.779297
"15195","1kmE4017N3098",13319.166255
"15196","1kmE4017N3099",13432.8986425
"15197","1kmE4017N3100",16331.189571
"15198","1kmE4017N3101",18261.1603365
"15199","1kmE4017N3102",16176.8874885
"15200","1kmE4017N3103",14259.073323
"15201","1kmE4017N3104",13915.6513555
"15202","1kmE4017N3105",13864.8959555
"15203","1kmE4017N3106",14627.7492525
"15204","1kmE4017N3107",14208.8719605
"15205","1kmE4017N3108",10785.507056
"15206","1kmE4017N3109",7835.9352445
"15207","1kmE4017N3110",8542.908145
"15208","1kmE4017N3111",8281.3795685
"15209","1kmE4017N3112",6182.9519475
"15210","1kmE4017N3113",9501.7536115
"15211","1kmE4017N3114",10969.36073
"15212","1kmE4017N3115",12699.2928675
"15213","1kmE4017N3116",12164.237886
"15214","1kmE4017N3117",10699.690962
"15215","1kmE4017N3118",6576.598049
"15216","1kmE4017N3119",5401.5883005
"15217","1kmE4017N3120",8906.6956015
"15218","1kmE4017N3121",8952.711003
"15219","1kmE4017N3122",6068.726939
"15220","1kmE4017N3123",4692.0538135
"15221","1kmE4017N3124",11363.624881
"15222","1kmE4017N3125",15821.778256
"15223","1kmE4017N3126",17984.1009895
"15224","1kmE4017N3127",18648.842113
"15225","1kmE4017N3128",17063.337205
"15226","1kmE4017N3129",18106.564547
"15227","1kmE4017N3130",16929.559377
"15228","1kmE4017N3131",10730.3630235
"15229","1kmE4017N3132",11054.409112
"15230","1kmE4017N3133",10130.2764755
"15231","1kmE4017N3134",8738.4310715
"15232","1kmE4018N3074",4079.5477995
"15233","1kmE4018N3075",16485.661539
"15234","1kmE4018N3076",16527.6967705
"15235","1kmE4018N3077",16107.6088185
"15236","1kmE4018N3078",17267.548902
"15237","1kmE4018N3079",18645.8071755
"15238","1kmE4018N3080",20087.552665
"15239","1kmE4018N3081",16530.4323355
"15240","1kmE4018N3082",21704.459887
"15241","1kmE4018N3083",22801.407134
"15242","1kmE4018N3084",23025.4500695
"15243","1kmE4018N3085",20484.797038
"15244","1kmE4018N3086",21415.729183
"15245","1kmE4018N3087",21277.2476225
"15246","1kmE4018N3088",17863.7632485
"15247","1kmE4018N3089",3162.9535765
"15248","1kmE4018N3090",560.6281625
"15249","1kmE4018N3091",205.0163905
"15250","1kmE4018N3092",550.5897715
"15251","1kmE4018N3093",1720.2632575
"15252","1kmE4018N3094",3591.873781
"15253","1kmE4018N3095",9722.8363135
"15254","1kmE4018N3096",16143.4918505
"15255","1kmE4018N3097",18868.1817775
"15256","1kmE4018N3098",15842.0893985
"15257","1kmE4018N3099",17714.972855
"15258","1kmE4018N3100",16010.102052
"15259","1kmE4018N3101",17262.2019005
"15260","1kmE4018N3102",17556.4085845
"15261","1kmE4018N3103",14898.4053185
"15262","1kmE4018N3104",16800.0849325
"15263","1kmE4018N3105",16866.3468575
"15264","1kmE4018N3106",15902.0152565
"15265","1kmE4018N3107",15909.890837
"15266","1kmE4018N3108",16833.323888
"15267","1kmE4018N3109",12803.763512
"15268","1kmE4018N3110",8555.9934945
"15269","1kmE4018N3111",8889.2352415
"15270","1kmE4018N3112",6998.858089
"15271","1kmE4018N3113",10322.8779135
"15272","1kmE4018N3114",14202.5324155
"15273","1kmE4018N3115",13195.597231
"15274","1kmE4018N3116",14013.962167
"15275","1kmE4018N3117",13243.7607265
"15276","1kmE4018N3118",9614.8296635
"15277","1kmE4018N3119",10820.883683
"15278","1kmE4018N3120",10478.503575
"15279","1kmE4018N3121",10217.1458915
"15280","1kmE4018N3122",9681.168922
"15281","1kmE4018N3123",8853.8757285
"15282","1kmE4018N3124",11903.704802
"15283","1kmE4018N3125",15547.105744
"15284","1kmE4018N3126",15816.401992
"15285","1kmE4018N3127",16889.847884
"15286","1kmE4018N3128",16192.0044605
"15287","1kmE4018N3129",14985.9714585
"15288","1kmE4018N3130",11385.820247
"15289","1kmE4018N3131",9379.7018925
"15290","1kmE4018N3132",8289.0711465
"15291","1kmE4018N3133",7696.8335495
"15292","1kmE4018N3134",6887.615409
"15293","1kmE4019N3074",1591.255806
"15294","1kmE4019N3075",15764.546915
"15295","1kmE4019N3076",16867.432787
"15296","1kmE4019N3077",17118.217743
"15297","1kmE4019N3078",17845.0145025
"15298","1kmE4019N3079",19204.1866095
"15299","1kmE4019N3080",18686.527918
"15300","1kmE4019N3081",17017.442489
"15301","1kmE4019N3082",15949.5367825
"15302","1kmE4019N3083",17807.462594
"15303","1kmE4019N3084",18982.464115
"15304","1kmE4019N3085",16678.6028325
"15305","1kmE4019N3086",15960.1651565
"15306","1kmE4019N3087",10087.735567
"15307","1kmE4019N3088",205.016391
"15308","1kmE4019N3089",380.635713
"15309","1kmE4019N3090",205.016391
"15310","1kmE4019N3091",509.7021835
"15311","1kmE4019N3093",378.397056
"15312","1kmE4019N3094",1829.0744395
"15313","1kmE4019N3095",1104.207364
"15314","1kmE4019N3096",9760.9816025
"15315","1kmE4019N3097",18388.69635
"15316","1kmE4019N3098",18802.474
"15317","1kmE4019N3099",20857.1588555
"15318","1kmE4019N3100",18603.80451
"15319","1kmE4019N3101",16661.735371
"15320","1kmE4019N3102",17206.8901245
"15321","1kmE4019N3103",17774.795822
"15322","1kmE4019N3104",19247.027308
"15323","1kmE4019N3105",17827.8631325
"15324","1kmE4019N3106",17294.075912
"15325","1kmE4019N3107",17489.51767
"15326","1kmE4019N3108",12097.3996255
"15327","1kmE4019N3109",14039.7135705
"15328","1kmE4019N3110",14914.29728
"15329","1kmE4019N3111",9575.4882885
"15330","1kmE4019N3112",7693.0042665
"15331","1kmE4019N3113",10444.0837295
"15332","1kmE4019N3114",14568.280831
"15333","1kmE4019N3115",15130.4386065
"15334","1kmE4019N3116",15024.9729805
"15335","1kmE4019N3117",10738.9109025
"15336","1kmE4019N3118",7548.0263735
"15337","1kmE4019N3119",9275.180125
"15338","1kmE4019N3120",11890.2780145
"15339","1kmE4019N3121",13822.9035405
"15340","1kmE4019N3122",13737.671743
"15341","1kmE4019N3123",11288.6043195
"15342","1kmE4019N3124",11842.0974405
"15343","1kmE4019N3125",17093.639364
"15344","1kmE4019N3126",17785.882626
"15345","1kmE4019N3127",17214.1440615
"15346","1kmE4019N3128",15044.5673115
"15347","1kmE4019N3129",11170.6657135
"15348","1kmE4019N3130",7806.706176
"15349","1kmE4019N3131",7647.6943705
"15350","1kmE4019N3132",6686.4424825
"15351","1kmE4019N3133",6841.251665
"15352","1kmE4019N3134",4396.2373865
"15353","1kmE4019N3438",205.016391
"15354","1kmE4020N3074",4162.8788105
"15355","1kmE4020N3075",12485.0542845
"15356","1kmE4020N3076",17510.8560825
"15357","1kmE4020N3077",18702.5002605
"15358","1kmE4020N3078",18622.6058125
"15359","1kmE4020N3079",19444.703608
"15360","1kmE4020N3080",18784.081974
"15361","1kmE4020N3081",18303.130369
"15362","1kmE4020N3082",16473.148476
"15363","1kmE4020N3083",15959.16205
"15364","1kmE4020N3084",9894.920441
"15365","1kmE4020N3089",403.8964465
"15366","1kmE4020N3090",205.01639
"15367","1kmE4020N3094",205.0163905
"15368","1kmE4020N3095",395.028406
"15369","1kmE4020N3096",3460.811135
"15370","1kmE4020N3097",15156.446718
"15371","1kmE4020N3098",18047.460893
"15372","1kmE4020N3099",18890.718926
"15373","1kmE4020N3100",15857.6268615
"15374","1kmE4020N3101",16511.1880865
"15375","1kmE4020N3102",17203.0652015
"15376","1kmE4020N3103",20356.568049
"15377","1kmE4020N3104",20422.587967
"15378","1kmE4020N3105",20450.0569615
"15379","1kmE4020N3106",18194.4541
"15380","1kmE4020N3107",16547.270381
"15381","1kmE4020N3108",13249.489767
"15382","1kmE4020N3109",15874.9294195
"15383","1kmE4020N3110",13368.102203
"15384","1kmE4020N3111",10101.7541955
"15385","1kmE4020N3112",10201.6647735
"15386","1kmE4020N3113",10327.8648535
"15387","1kmE4020N3114",12747.2546795
"15388","1kmE4020N3115",12509.479925
"15389","1kmE4020N3116",14291.695446
"15390","1kmE4020N3117",11575.960673
"15391","1kmE4020N3118",9222.172435
"15392","1kmE4020N3119",8310.6241055
"15393","1kmE4020N3120",13442.200767
"15394","1kmE4020N3121",16370.9843915
"15395","1kmE4020N3122",13385.1471055
"15396","1kmE4020N3123",11377.9211305
"15397","1kmE4020N3124",13339.5958595
"15398","1kmE4020N3125",14896.781288
"15399","1kmE4020N3126",14635.4873695
"15400","1kmE4020N3127",16455.9670325
"15401","1kmE4020N3128",13313.204414
"15402","1kmE4020N3129",11362.2244165
"15403","1kmE4020N3130",6670.643809
"15404","1kmE4020N3131",7070.1000895
"15405","1kmE4020N3132",8025.2621005
"15406","1kmE4020N3133",6480.155477
"15407","1kmE4021N3074",5632.639974
"15408","1kmE4021N3075",11087.166722
"15409","1kmE4021N3076",16853.94408
"15410","1kmE4021N3077",18130.7750655
"15411","1kmE4021N3078",18986.4731145
"15412","1kmE4021N3079",20116.277958
"15413","1kmE4021N3080",18828.9384015
"15414","1kmE4021N3081",18319.9575155
"15415","1kmE4021N3082",17848.627632
"15416","1kmE4021N3083",12031.6163985
"15417","1kmE4021N3084",6915.894259
"15418","1kmE4021N3089",332.2120875
"15419","1kmE4021N3090",205.0163905
"15420","1kmE4021N3091",205.01639
"15421","1kmE4021N3093",205.016391
"15422","1kmE4021N3094",556.496286
"15423","1kmE4021N3095",205.0163905
"15424","1kmE4021N3096",719.565974
"15425","1kmE4021N3097",10886.231059
"15426","1kmE4021N3098",14722.7873475
"15427","1kmE4021N3099",15802.5503635
"15428","1kmE4021N3100",15548.6331605
"15429","1kmE4021N3101",17254.087169
"15430","1kmE4021N3102",17465.3983265
"15431","1kmE4021N3103",17679.1097465
"15432","1kmE4021N3104",19119.194235
"15433","1kmE4021N3105",21282.007039
"15434","1kmE4021N3106",17083.635941
"15435","1kmE4021N3107",14025.501739
"15436","1kmE4021N3108",14331.502038
"15437","1kmE4021N3109",14637.992923
"15438","1kmE4021N3110",13503.35181
"15439","1kmE4021N3111",14831.2105895
"15440","1kmE4021N3112",11438.0819775
"15441","1kmE4021N3113",8249.4837375
"15442","1kmE4021N3114",14506.7535
"15443","1kmE4021N3115",15168.7974975
"15444","1kmE4021N3116",15323.697934
"15445","1kmE4021N3117",13552.516033
"15446","1kmE4021N3118",9172.0068045
"15447","1kmE4021N3119",10219.428652
"15448","1kmE4021N3120",12340.4696145
"15449","1kmE4021N3121",15168.941084
"15450","1kmE4021N3122",14315.07963
"15451","1kmE4021N3123",10725.7404265
"15452","1kmE4021N3124",14115.462667
"15453","1kmE4021N3125",14536.4664
"15454","1kmE4021N3126",9886.055541
"15455","1kmE4021N3127",11704.7279145
"15456","1kmE4021N3128",11654.5928235
"15457","1kmE4021N3129",11335.4539275
"15458","1kmE4021N3130",7804.1592845
"15459","1kmE4021N3131",7049.557847
"15460","1kmE4021N3132",5010.3215955
"15461","1kmE4022N3074",3895.568458
"15462","1kmE4022N3075",12823.732269
"15463","1kmE4022N3076",14764.619539
"15464","1kmE4022N3077",14962.430467
"15465","1kmE4022N3078",17583.0292875
"15466","1kmE4022N3079",17904.4393035
"15467","1kmE4022N3080",18174.303942
"15468","1kmE4022N3081",18026.1726115
"15469","1kmE4022N3082",16214.521338
"15470","1kmE4022N3083",12473.792226
"15471","1kmE4022N3084",6608.128857
"15472","1kmE4022N3090",205.0163905
"15473","1kmE4022N3092",403.8964465
"15474","1kmE4022N3094",205.016391
"15475","1kmE4022N3095",205.0163895
"15476","1kmE4022N3096",2204.454981
"15477","1kmE4022N3097",8065.539842
"15478","1kmE4022N3098",9942.4003795
"15479","1kmE4022N3099",12691.660087
"15480","1kmE4022N3100",14988.6244905
"15481","1kmE4022N3101",18172.0678365
"15482","1kmE4022N3102",18841.343144
"15483","1kmE4022N3103",14215.8902195
"15484","1kmE4022N3104",16702.6527885
"15485","1kmE4022N3105",18614.355585
"15486","1kmE4022N3106",19420.9363055
"15487","1kmE4022N3107",16263.600322
"15488","1kmE4022N3108",16576.6586355
"15489","1kmE4022N3109",16421.7690725
"15490","1kmE4022N3110",17489.4667405
"15491","1kmE4022N3111",18738.6900115
"15492","1kmE4022N3112",15453.028518
"15493","1kmE4022N3113",11332.045592
"15494","1kmE4022N3114",12526.917295
"15495","1kmE4022N3115",17813.9340855
"15496","1kmE4022N3116",18614.9421675
"15497","1kmE4022N3117",17284.326535
"15498","1kmE4022N3118",13507.6873675
"15499","1kmE4022N3119",14606.2770915
"15500","1kmE4022N3120",16393.1382875
"15501","1kmE4022N3121",14847.491866
"15502","1kmE4022N3122",10424.479433
"15503","1kmE4022N3123",11201.2710805
"15504","1kmE4022N3124",14446.4735095
"15505","1kmE4022N3125",14981.853962
"15506","1kmE4022N3126",10409.4082165
"15507","1kmE4022N3127",9055.063426
"15508","1kmE4022N3128",9411.135711
"15509","1kmE4022N3129",6482.664871
"15510","1kmE4022N3130",1371.4729945
"15511","1kmE4022N3131",544.2149225
"15512","1kmE4023N3074",5898.1411365
"15513","1kmE4023N3075",11676.722151
"15514","1kmE4023N3076",15102.2764355
"15515","1kmE4023N3077",18540.430323
"15516","1kmE4023N3078",18356.908998
"15517","1kmE4023N3079",21083.2003575
"15518","1kmE4023N3080",20042.045866
"15519","1kmE4023N3081",18457.1530235
"15520","1kmE4023N3082",15182.2746275
"15521","1kmE4023N3083",13013.551995
"15522","1kmE4023N3084",4536.715785
"15523","1kmE4023N3089",581.386542999999
"15524","1kmE4023N3090",205.01639
"15525","1kmE4023N3092",382.5064865
"15526","1kmE4023N3093",382.5064855
"15527","1kmE4023N3094",382.506486999999
"15528","1kmE4023N3096",836.7344405
"15529","1kmE4023N3097",8153.170602
"15530","1kmE4023N3098",8271.5528425
"15531","1kmE4023N3099",9792.908721
"15532","1kmE4023N3100",10443.0386235
"15533","1kmE4023N3101",15416.7038035
"15534","1kmE4023N3102",17580.2785345
"15535","1kmE4023N3103",14686.115897
"15536","1kmE4023N3104",13836.0962385
"15537","1kmE4023N3105",15074.4085545
"15538","1kmE4023N3106",19558.1069105
"15539","1kmE4023N3107",16653.821725
"15540","1kmE4023N3108",17630.5451975
"15541","1kmE4023N3109",20673.4436575
"15542","1kmE4023N3110",19622.1355505
"15543","1kmE4023N3111",19510.122374
"15544","1kmE4023N3112",18807.949581
"15545","1kmE4023N3113",13192.1922455
"15546","1kmE4023N3114",15736.0467145
"15547","1kmE4023N3115",16107.9068905
"15548","1kmE4023N3116",16521.9609985
"15549","1kmE4023N3117",15024.2429775
"15550","1kmE4023N3118",11496.363045
"15551","1kmE4023N3119",13377.5713935
"15552","1kmE4023N3120",15428.961442
"15553","1kmE4023N3121",15432.6402715
"15554","1kmE4023N3122",12052.237187
"15555","1kmE4023N3123",12878.2401795
"15556","1kmE4023N3124",15310.055562
"15557","1kmE4023N3125",12939.053309
"15558","1kmE4023N3126",11481.6076285
"15559","1kmE4023N3127",10886.677874
"15560","1kmE4023N3128",7923.399572
"15561","1kmE4023N3129",3103.644503
"15562","1kmE4024N3074",6416.512408
"15563","1kmE4024N3075",11617.0594565
"15564","1kmE4024N3076",18925.721098
"15565","1kmE4024N3077",19412.836861
"15566","1kmE4024N3078",20902.6409205
"15567","1kmE4024N3079",21163.959272
"15568","1kmE4024N3080",22596.138766
"15569","1kmE4024N3081",20497.225625
"15570","1kmE4024N3082",18117.1434105
"15571","1kmE4024N3083",11212.7277195
"15572","1kmE4024N3084",4973.248853
"15573","1kmE4024N3090",205.0163905
"15574","1kmE4024N3091",382.5064865
"15575","1kmE4024N3093",205.01639
"15576","1kmE4024N3094",205.016391
"15577","1kmE4024N3095",382.5064865
"15578","1kmE4024N3096",205.016391
"15579","1kmE4024N3097",7040.028386
"15580","1kmE4024N3098",9147.7612545
"15581","1kmE4024N3099",8032.8971675
"15582","1kmE4024N3100",8611.9506635
"15583","1kmE4024N3101",7470.271578
"15584","1kmE4024N3102",10288.8079285
"15585","1kmE4024N3103",11586.376087
"15586","1kmE4024N3104",13829.015984
"15587","1kmE4024N3105",13561.869295
"15588","1kmE4024N3106",11850.7235925
"15589","1kmE4024N3107",10049.114432
"15590","1kmE4024N3108",16150.305573
"15591","1kmE4024N3109",15924.8778235
"15592","1kmE4024N3110",17667.550037
"15593","1kmE4024N3111",16250.0148525
"15594","1kmE4024N3112",15815.1897425
"15595","1kmE4024N3113",16330.3485685
"15596","1kmE4024N3114",16694.5211125
"15597","1kmE4024N3115",16700.953353
"15598","1kmE4024N3116",16371.3536225
"15599","1kmE4024N3117",12482.758985
"15600","1kmE4024N3118",9467.789962
"15601","1kmE4024N3119",10301.347594
"15602","1kmE4024N3120",13286.252313
"15603","1kmE4024N3121",12111.583383
"15604","1kmE4024N3122",11185.7641855
"15605","1kmE4024N3123",7855.870259
"15606","1kmE4024N3124",9856.4614795
"15607","1kmE4024N3125",7463.6936045
"15608","1kmE4024N3126",9087.613526
"15609","1kmE4024N3127",7931.3060505
"15610","1kmE4024N3128",4007.4617085
"15611","1kmE4024N3129",403.896446
"15612","1kmE4025N3073",205.01639
"15613","1kmE4025N3074",7311.967137
"15614","1kmE4025N3075",17616.383027
"15615","1kmE4025N3076",19416.854761
"15616","1kmE4025N3077",20519.5818685
"15617","1kmE4025N3078",20236.194542
"15618","1kmE4025N3079",20899.504348
"15619","1kmE4025N3080",21385.959209
"15620","1kmE4025N3081",20389.8430315
"15621","1kmE4025N3082",17953.898316
"15622","1kmE4025N3083",13610.766989
"15623","1kmE4025N3084",6437.000546
"15624","1kmE4025N3089",205.0163895
"15625","1kmE4025N3091",205.016391
"15626","1kmE4025N3092",205.0163905
"15627","1kmE4025N3095",205.0163905
"15628","1kmE4025N3096",382.5064865
"15629","1kmE4025N3097",2517.1654915
"15630","1kmE4025N3098",9541.7894025
"15631","1kmE4025N3099",8642.37044
"15632","1kmE4025N3100",8295.6459015
"15633","1kmE4025N3101",8885.4943785
"15634","1kmE4025N3102",8217.3477295
"15635","1kmE4025N3103",12419.4992505
"15636","1kmE4025N3104",12674.1126565
"15637","1kmE4025N3105",11660.241832
"15638","1kmE4025N3106",9480.567865
"15639","1kmE4025N3107",9794.03761
"15640","1kmE4025N3108",12333.760639
"15641","1kmE4025N3109",14271.0065985
"15642","1kmE4025N3110",14359.5876765
"15643","1kmE4025N3111",13735.8784845
"15644","1kmE4025N3112",12758.0141755
"15645","1kmE4025N3113",14530.5774765
"15646","1kmE4025N3114",16012.8753595
"15647","1kmE4025N3115",15621.09912
"15648","1kmE4025N3116",16142.12769
"15649","1kmE4025N3117",12653.3112355
"15650","1kmE4025N3118",8525.6299825
"15651","1kmE4025N3119",11332.786441
"15652","1kmE4025N3120",12386.8198155
"15653","1kmE4025N3121",11596.2251705
"15654","1kmE4025N3122",12231.672048
"15655","1kmE4025N3123",9680.053505
"15656","1kmE4025N3124",9250.346077
"15657","1kmE4025N3125",6604.013209
"15658","1kmE4025N3126",9564.08718
"15659","1kmE4025N3127",6648.3124595
"15660","1kmE4025N3128",4289.7961465
"15661","1kmE4025N3129",593.908463
"15662","1kmE4026N3074",11397.0413275
"15663","1kmE4026N3075",18208.645783
"15664","1kmE4026N3076",18775.536155
"15665","1kmE4026N3077",19159.3895665
"15666","1kmE4026N3078",20316.9824785
"15667","1kmE4026N3079",19469.639267
"15668","1kmE4026N3080",19602.33148
"15669","1kmE4026N3081",17754.7382755
"15670","1kmE4026N3082",17407.176808
"15671","1kmE4026N3083",17177.2060325
"15672","1kmE4026N3084",2607.1542725
"15673","1kmE4026N3090",205.0163905
"15674","1kmE4026N3091",205.016391
"15675","1kmE4026N3093",205.0163885
"15676","1kmE4026N3094",403.8964455
"15677","1kmE4026N3096",403.8964465
"15678","1kmE4026N3097",332.2120875
"15679","1kmE4026N3098",2762.6024015
"15680","1kmE4026N3099",8733.473637
"15681","1kmE4026N3100",7481.2186675
"15682","1kmE4026N3101",8056.447259
"15683","1kmE4026N3102",8583.4648695
"15684","1kmE4026N3103",8482.551194
"15685","1kmE4026N3104",11449.2219695
"15686","1kmE4026N3105",10047.433317
"15687","1kmE4026N3106",9474.847897
"15688","1kmE4026N3107",9251.151241
"15689","1kmE4026N3108",9054.1561655
"15690","1kmE4026N3109",13011.356576
"15691","1kmE4026N3110",13695.9426255
"15692","1kmE4026N3111",10846.0620985
"15693","1kmE4026N3112",9000.094906
"15694","1kmE4026N3113",9641.6062905
"15695","1kmE4026N3114",13908.281328
"15696","1kmE4026N3115",16124.6429005
"15697","1kmE4026N3116",18072.7488335
"15698","1kmE4026N3117",15796.783266
"15699","1kmE4026N3118",14021.2422835
"15700","1kmE4026N3119",11995.367579
"15701","1kmE4026N3120",14203.755117
"15702","1kmE4026N3121",15216.048773
"15703","1kmE4026N3122",15003.88068
"15704","1kmE4026N3123",14260.1014025
"15705","1kmE4026N3124",15745.860058
"15706","1kmE4026N3125",12358.2055785
"15707","1kmE4026N3126",9910.926208
"15708","1kmE4026N3127",5244.6956635
"15709","1kmE4026N3128",4952.3531735
"15710","1kmE4026N3129",205.0163895
"15711","1kmE4027N3072",205.0163895
"15712","1kmE4027N3073",205.0163895
"15713","1kmE4027N3074",13363.713962
"15714","1kmE4027N3075",16886.8904995
"15715","1kmE4027N3076",18492.9208645
"15716","1kmE4027N3077",19753.836247
"15717","1kmE4027N3078",20922.828087
"15718","1kmE4027N3079",20542.967374
"15719","1kmE4027N3080",19293.4896355
"15720","1kmE4027N3081",17428.4871735
"15721","1kmE4027N3082",15827.954725
"15722","1kmE4027N3083",16239.1766095
"15723","1kmE4027N3084",6092.870993
"15724","1kmE4027N3093",403.8964455
"15725","1kmE4027N3095",205.0163895
"15726","1kmE4027N3096",205.01639
"15727","1kmE4027N3098",205.0163905
"15728","1kmE4027N3099",999.247808
"15729","1kmE4027N3100",2885.532318
"15730","1kmE4027N3101",5783.770113
"15731","1kmE4027N3102",5803.3838535
"15732","1kmE4027N3103",3371.607452
"15733","1kmE4027N3104",1309.5790975
"15734","1kmE4027N3105",5559.741504
"15735","1kmE4027N3106",7448.7511365
"15736","1kmE4027N3107",8703.175114
"15737","1kmE4027N3108",7658.5286505
"15738","1kmE4027N3109",5042.673575
"15739","1kmE4027N3110",2605.037512
"15740","1kmE4027N3111",3063.450253
"15741","1kmE4027N3112",2969.0090515
"15742","1kmE4027N3113",7087.259387
"15743","1kmE4027N3114",11113.7736275
"15744","1kmE4027N3115",12131.968074
"15745","1kmE4027N3116",12530.9787305
"15746","1kmE4027N3117",12801.250275
"15747","1kmE4027N3118",15473.336088
"15748","1kmE4027N3119",18746.4094725
"15749","1kmE4027N3120",19450.289627
"15750","1kmE4027N3121",16646.5758845
"15751","1kmE4027N3122",15862.696838
"15752","1kmE4027N3123",16447.839614
"15753","1kmE4027N3124",17355.136694
"15754","1kmE4027N3125",13537.115083
"15755","1kmE4027N3126",12128.36431
"15756","1kmE4027N3127",8689.902869
"15757","1kmE4027N3128",4150.4006145
"15758","1kmE4028N3072",205.0163895
"15759","1kmE4028N3073",205.0163895
"15760","1kmE4028N3074",13428.838599
"15761","1kmE4028N3075",16692.2773625
"15762","1kmE4028N3076",18656.4066565
"15763","1kmE4028N3077",20007.865255
"15764","1kmE4028N3078",19973.734169
"15765","1kmE4028N3079",20702.4671265
"15766","1kmE4028N3080",19401.0305255
"15767","1kmE4028N3081",16813.277649
"15768","1kmE4028N3082",16672.764876
"15769","1kmE4028N3083",15402.3616575
"15770","1kmE4028N3084",8418.2115635
"15771","1kmE4028N3095",205.01639
"15772","1kmE4028N3096",205.01639
"15773","1kmE4028N3097",332.212087
"15774","1kmE4028N3100",205.0163905
"15775","1kmE4028N3102",205.0163905
"15776","1kmE4028N3111",205.0163905
"15777","1kmE4028N3112",909.57799
"15778","1kmE4028N3113",4571.425565
"15779","1kmE4028N3114",7725.580711
"15780","1kmE4028N3115",8237.7801085
"15781","1kmE4028N3116",8261.914104
"15782","1kmE4028N3117",8765.6543705
"15783","1kmE4028N3118",12788.4503735
"15784","1kmE4028N3119",17236.4238645
"15785","1kmE4028N3120",17618.38401
"15786","1kmE4028N3121",19048.0423545
"15787","1kmE4028N3122",17162.996251
"15788","1kmE4028N3123",16755.971767
"15789","1kmE4028N3124",17957.2056765
"15790","1kmE4028N3125",16627.467016
"15791","1kmE4028N3126",11822.477033
"15792","1kmE4028N3127",11023.823173
"15793","1kmE4028N3128",4748.51287
"15794","1kmE4029N3072",205.0163895
"15795","1kmE4029N3073",205.0163895
"15796","1kmE4029N3074",12788.595774
"15797","1kmE4029N3075",17006.166824
"15798","1kmE4029N3076",18489.3104135
"15799","1kmE4029N3077",18254.9863235
"15800","1kmE4029N3078",18501.5529635
"15801","1kmE4029N3079",18950.027759
"15802","1kmE4029N3080",17926.536712
"15803","1kmE4029N3081",15674.5469355
"15804","1kmE4029N3082",15154.5569725
"15805","1kmE4029N3083",16059.8929305
"15806","1kmE4029N3084",4460.3405775
"15807","1kmE4029N3098",205.0163895
"15808","1kmE4029N3105",205.0163905
"15809","1kmE4029N3111",205.0163905
"15810","1kmE4029N3112",205.0163905
"15811","1kmE4029N3113",1006.519106
"15812","1kmE4029N3114",7260.2572525
"15813","1kmE4029N3115",8104.2973135
"15814","1kmE4029N3116",8371.1940015
"15815","1kmE4029N3117",7374.3411585
"15816","1kmE4029N3118",11789.871015
"15817","1kmE4029N3119",15141.328251
"15818","1kmE4029N3120",14846.710099
"15819","1kmE4029N3121",17249.433412
"15820","1kmE4029N3122",18250.144993
"15821","1kmE4029N3123",17386.2865425
"15822","1kmE4029N3124",19814.9287975
"15823","1kmE4029N3125",16822.821411
"15824","1kmE4029N3126",10528.770615
"15825","1kmE4029N3127",11681.0654605
"15826","1kmE4029N3128",7147.274088
"15827","1kmE4030N3072",205.0163895
"15828","1kmE4030N3073",205.0163895
"15829","1kmE4030N3074",7590.1562805
"15830","1kmE4030N3075",15743.3413635
"15831","1kmE4030N3076",17232.409188
"15832","1kmE4030N3077",17012.883591
"15833","1kmE4030N3078",17700.49118
"15834","1kmE4030N3079",18235.417477
"15835","1kmE4030N3080",18502.2635155
"15836","1kmE4030N3081",16132.512225
"15837","1kmE4030N3082",14577.732905
"15838","1kmE4030N3083",13256.9058755
"15839","1kmE4030N3105",205.0163905
"15840","1kmE4030N3106",205.0163905
"15841","1kmE4030N3107",403.8964455
"15842","1kmE4030N3108",205.0163905
"15843","1kmE4030N3110",205.0163905
"15844","1kmE4030N3114",3816.2133885
"15845","1kmE4030N3115",7411.1767505
"15846","1kmE4030N3116",7424.877748
"15847","1kmE4030N3117",8619.104965
"15848","1kmE4030N3118",9843.435444
"15849","1kmE4030N3119",14631.408384
"15850","1kmE4030N3120",15894.7040095
"15851","1kmE4030N3121",14168.0140155
"15852","1kmE4030N3122",18719.4027485
"15853","1kmE4030N3123",20231.7627575
"15854","1kmE4030N3124",16918.852779
"15855","1kmE4030N3125",11629.4873905
"15856","1kmE4030N3126",11150.8490935
"15857","1kmE4030N3127",11572.205269
"15858","1kmE4030N3128",8209.1970025
"15859","1kmE4031N3072",205.0163895
"15860","1kmE4031N3073",205.0163895
"15861","1kmE4031N3074",205.0163895
"15862","1kmE4031N3075",12112.407741
"15863","1kmE4031N3076",15932.3780005
"15864","1kmE4031N3077",16294.1125245
"15865","1kmE4031N3078",16103.4691955
"15866","1kmE4031N3079",17311.5074015
"15867","1kmE4031N3080",16314.561702
"15868","1kmE4031N3081",15245.1852035
"15869","1kmE4031N3082",14719.365036
"15870","1kmE4031N3083",5108.664198
"15871","1kmE4031N3109",382.506485
"15872","1kmE4031N3110",332.212087
"15873","1kmE4031N3111",205.0163905
"15874","1kmE4031N3113",205.0163905
"15875","1kmE4031N3115",2408.205232
"15876","1kmE4031N3116",5566.6115765
"15877","1kmE4031N3117",6955.974384
"15878","1kmE4031N3118",9969.1465755
"15879","1kmE4031N3119",11996.852726
"15880","1kmE4031N3120",12889.814921
"15881","1kmE4031N3121",12008.024714
"15882","1kmE4031N3122",15160.4820245
"15883","1kmE4031N3123",17248.156827
"15884","1kmE4031N3124",12441.5933315
"15885","1kmE4031N3125",10309.069462
"15886","1kmE4031N3126",11613.2359015
"15887","1kmE4031N3127",10959.2670255
"15888","1kmE4031N3128",7934.8684725
"15889","1kmE4031N3132",205.0163905
"15890","1kmE4032N3075",996.400534
"15891","1kmE4032N3076",11589.9814305
"15892","1kmE4032N3077",14995.729172
"15893","1kmE4032N3078",15640.2368225
"15894","1kmE4032N3079",15402.7942175
"15895","1kmE4032N3080",15871.9753625
"15896","1kmE4032N3081",13819.792059
"15897","1kmE4032N3082",5186.354304
"15898","1kmE4032N3109",205.0163905
"15899","1kmE4032N3110",235.74181
"15900","1kmE4032N3113",205.0163905
"15901","1kmE4032N3114",205.01639
"15902","1kmE4032N3116",205.0163905
"15903","1kmE4032N3118",1537.479031
"15904","1kmE4032N3119",10529.130492
"15905","1kmE4032N3120",9673.5735465
"15906","1kmE4032N3121",8315.525282
"15907","1kmE4032N3122",10468.407483
"15908","1kmE4032N3123",9901.2062715
"15909","1kmE4032N3124",11694.533838
"15910","1kmE4032N3125",9329.97625
"15911","1kmE4032N3126",9391.775721
"15912","1kmE4032N3127",10631.0053785
"15913","1kmE4032N3128",5053.5239805
"15914","1kmE4033N3077",1110.4121275
"15915","1kmE4033N3078",7785.8489895
"15916","1kmE4033N3079",8072.6575505
"15917","1kmE4033N3080",5035.803593
"15918","1kmE4033N3110",403.896446
"15919","1kmE4033N3116",205.0163905
"15920","1kmE4033N3117",205.0163905
"15921","1kmE4033N3119",6328.062328
"15922","1kmE4033N3120",10335.60072
"15923","1kmE4033N3121",9698.090666
"15924","1kmE4033N3122",8095.897921
"15925","1kmE4033N3123",9778.78977
"15926","1kmE4033N3124",9918.9879805
"15927","1kmE4033N3125",10871.7048725
"15928","1kmE4033N3126",9488.1306665
"15929","1kmE4033N3127",7675.8315625
"15930","1kmE4033N3128",865.6262445
"15931","1kmE4034N3111",205.016391
"15932","1kmE4034N3119",368.695213
"15933","1kmE4034N3120",8061.7370735
"15934","1kmE4034N3121",9871.159018
"15935","1kmE4034N3122",10996.027247
"15936","1kmE4034N3123",9696.2551905
"15937","1kmE4034N3124",10247.6798295
"15938","1kmE4034N3125",11162.2480565
"15939","1kmE4034N3126",9387.093914
"15940","1kmE4034N3127",2701.408375
"15941","1kmE4035N3087",205.0163895
"15942","1kmE4035N3121",4515.947541
"15943","1kmE4035N3122",7137.3658445
"15944","1kmE4035N3123",7422.3096705
"15945","1kmE4035N3124",7913.575155
"15946","1kmE4035N3125",5875.5942135
"15947","1kmE4035N3126",1048.6569375
"15948","1kmE4037N3089",205.0163895
"15949","1kmE4038N3091",205.0163905
"15950","1kmE4038N3106",205.016391
"15951","1kmE4042N3111",205.01639
"15952","1kmE4053N3551",205.0163905
"15953","1kmE4078N2836",205.0163895
"15954","1kmE4756N2964",205.01639
"15955","1kmE5928N1772",205.01639
"15956","1kmE9993N4805",205.0163905
