"","verbatim_name","usageKey","scientificName","status","rank","matchType","confidence","acceptedUsageKey","kingdomKey","phylumKey","classKey","orderKey","familyKey"
"1","Alisma gramineum",2865152,"Alisma gramineum Lej.","ACCEPTED","SPECIES","EXACT",98,2865152,6,7707728,196,551,3720
"2","Alisma gramineum",2865152,"Alisma gramineum Lej.","ACCEPTED","SPECIES","EXACT",98,2865152,6,7707728,196,551,3720
"3","Alisma gramineum",2865152,"Alisma gramineum Lej.","ACCEPTED","SPECIES","EXACT",98,2865152,6,7707728,196,551,3720
"4","Alisma lanceolatum",2865125,"Alisma lanceolatum With.","ACCEPTED","SPECIES","EXACT",97,2865125,6,7707728,196,551,3720
"5","Alisma lanceolatum",2865125,"Alisma lanceolatum With.","ACCEPTED","SPECIES","EXACT",97,2865125,6,7707728,196,551,3720
"6","Alisma lanceolatum",2865125,"Alisma lanceolatum With.","ACCEPTED","SPECIES","EXACT",97,2865125,6,7707728,196,551,3720
"7","Alisma lanceolatum",2865125,"Alisma lanceolatum With.","ACCEPTED","SPECIES","EXACT",97,2865125,6,7707728,196,551,3720
"8","Alisma plantago-aquatica",2865100,"Alisma plantago-aquatica L.","ACCEPTED","SPECIES","EXACT",99,2865100,6,7707728,196,551,3720
"9","Alisma plantago-aquatica",2865100,"Alisma plantago-aquatica L.","ACCEPTED","SPECIES","EXACT",99,2865100,6,7707728,196,551,3720
"10","Alisma plantago-aquatica",2865100,"Alisma plantago-aquatica L.","ACCEPTED","SPECIES","EXACT",99,2865100,6,7707728,196,551,3720
"11","Alisma plantago-aquatica",2865100,"Alisma plantago-aquatica L.","ACCEPTED","SPECIES","EXACT",99,2865100,6,7707728,196,551,3720
"12","Baldellia ranunculoides",2864546,"Baldellia ranunculoides (L.) Parl.","ACCEPTED","SPECIES","EXACT",99,2864546,6,7707728,196,551,3720
"13","Baldellia ranunculoides",2864546,"Baldellia ranunculoides (L.) Parl.","ACCEPTED","SPECIES","EXACT",99,2864546,6,7707728,196,551,3720
"14","Luronium natans",2864775,"Luronium natans (L.) Raf.","ACCEPTED","SPECIES","EXACT",99,2864775,6,7707728,196,551,3720
"15","Luronium natans",2864775,"Luronium natans (L.) Raf.","ACCEPTED","SPECIES","EXACT",99,2864775,6,7707728,196,551,3720
"16","Luronium natans",2864775,"Luronium natans (L.) Raf.","ACCEPTED","SPECIES","EXACT",99,2864775,6,7707728,196,551,3720
"17","Sagittaria sagittifolia",5328882,"Sagittaria sagittifolia L.","ACCEPTED","SPECIES","EXACT",98,5328882,6,7707728,196,551,3720
"18","Sagittaria sagittifolia",5328882,"Sagittaria sagittifolia L.","ACCEPTED","SPECIES","EXACT",98,5328882,6,7707728,196,551,3720
"19","Sagittaria sagittifolia",5328882,"Sagittaria sagittifolia L.","ACCEPTED","SPECIES","EXACT",98,5328882,6,7707728,196,551,3720
"20","Sagittaria sagittifolia",5328882,"Sagittaria sagittifolia L.","ACCEPTED","SPECIES","EXACT",98,5328882,6,7707728,196,551,3720
"21","Atriplex glabriuscula",3083660,"Atriplex glabriuscula Edmondston","ACCEPTED","SPECIES","EXACT",99,3083660,6,7707728,220,422,3064
"22","Atriplex glabriuscula",3083660,"Atriplex glabriuscula Edmondston","ACCEPTED","SPECIES","EXACT",99,3083660,6,7707728,220,422,3064
"23","Atriplex laciniata",3083783,"Atriplex laciniata L.","ACCEPTED","SPECIES","EXACT",97,3083783,6,7707728,220,422,3064
"24","Atriplex laciniata",3083783,"Atriplex laciniata L.","ACCEPTED","SPECIES","EXACT",97,3083783,6,7707728,220,422,3064
"25","Atriplex littoralis",3083696,"Atriplex littoralis L.","ACCEPTED","SPECIES","EXACT",97,3083696,6,7707728,220,422,3064
"26","Atriplex littoralis",3083696,"Atriplex littoralis L.","ACCEPTED","SPECIES","EXACT",97,3083696,6,7707728,220,422,3064
"27","Atriplex patula",3083728,"Atriplex patula L.","ACCEPTED","SPECIES","EXACT",98,3083728,6,7707728,220,422,3064
"28","Atriplex patula",3083728,"Atriplex patula L.","ACCEPTED","SPECIES","EXACT",98,3083728,6,7707728,220,422,3064
"29","Atriplex patula",3083728,"Atriplex patula L.","ACCEPTED","SPECIES","EXACT",98,3083728,6,7707728,220,422,3064
"30","Atriplex patula",3083728,"Atriplex patula L.","ACCEPTED","SPECIES","EXACT",98,3083728,6,7707728,220,422,3064
"31","Atriplex pedunculata",3755818,"Atriplex pedunculata L.","SYNONYM","SPECIES","EXACT",98,3756036,6,7707728,220,422,3064
"32","Atriplex pedunculata",3755818,"Atriplex pedunculata L.","SYNONYM","SPECIES","EXACT",98,3756036,6,7707728,220,422,3064
"33","Atriplex prostrata",3083786,"Atriplex prostrata DC.","ACCEPTED","SPECIES","EXACT",97,3083786,6,7707728,220,422,3064
"34","Atriplex prostrata",3083786,"Atriplex prostrata DC.","ACCEPTED","SPECIES","EXACT",97,3083786,6,7707728,220,422,3064
"35","Atriplex prostrata",3083786,"Atriplex prostrata DC.","ACCEPTED","SPECIES","EXACT",97,3083786,6,7707728,220,422,3064
"36","Atriplex prostrata",3083786,"Atriplex prostrata DC.","ACCEPTED","SPECIES","EXACT",97,3083786,6,7707728,220,422,3064
"37","Beta vulgaris",8971274,"Beta vulgaris L.","ACCEPTED","SPECIES","EXACT",99,8971274,6,7707728,220,422,3064
"38","Beta vulgaris",8971274,"Beta vulgaris L.","ACCEPTED","SPECIES","EXACT",99,8971274,6,7707728,220,422,3064
"39","Beta vulgaris",8971274,"Beta vulgaris L.","ACCEPTED","SPECIES","EXACT",99,8971274,6,7707728,220,422,3064
"40","Beta vulgaris",8971274,"Beta vulgaris L.","ACCEPTED","SPECIES","EXACT",99,8971274,6,7707728,220,422,3064
"41","Blitum bonus-henricus",8044896,"Blitum bonus-henricus (L.) Rchb.","ACCEPTED","SPECIES","EXACT",97,8044896,6,7707728,220,422,3064
"42","Blitum bonus-henricus",8044896,"Blitum bonus-henricus (L.) Rchb.","ACCEPTED","SPECIES","EXACT",97,8044896,6,7707728,220,422,3064
"43","Blitum bonus-henricus",8044896,"Blitum bonus-henricus (L.) Rchb.","ACCEPTED","SPECIES","EXACT",97,8044896,6,7707728,220,422,3064
"44","Chenopodiastrum hybridum",7551162,"Chenopodiastrum hybridum (L.) S.Fuentes, Uotila & Borsch","ACCEPTED","SPECIES","EXACT",99,7551162,6,7707728,220,422,3064
"45","Chenopodiastrum hybridum",7551162,"Chenopodiastrum hybridum (L.) S.Fuentes, Uotila & Borsch","ACCEPTED","SPECIES","EXACT",99,7551162,6,7707728,220,422,3064
"46","Chenopodiastrum hybridum",7551162,"Chenopodiastrum hybridum (L.) S.Fuentes, Uotila & Borsch","ACCEPTED","SPECIES","EXACT",99,7551162,6,7707728,220,422,3064
"47","Chenopodiastrum hybridum",7551162,"Chenopodiastrum hybridum (L.) S.Fuentes, Uotila & Borsch","ACCEPTED","SPECIES","EXACT",99,7551162,6,7707728,220,422,3064
"48","Chenopodiastrum murale",8149099,"Chenopodiastrum murale (L.) S.Fuentes, Uotila & Borsch","ACCEPTED","SPECIES","EXACT",99,8149099,6,7707728,220,422,3064
"49","Chenopodiastrum murale",8149099,"Chenopodiastrum murale (L.) S.Fuentes, Uotila & Borsch","ACCEPTED","SPECIES","EXACT",99,8149099,6,7707728,220,422,3064
"50","Chenopodiastrum murale",8149099,"Chenopodiastrum murale (L.) S.Fuentes, Uotila & Borsch","ACCEPTED","SPECIES","EXACT",99,8149099,6,7707728,220,422,3064
"51","Chenopodiastrum murale",8149099,"Chenopodiastrum murale (L.) S.Fuentes, Uotila & Borsch","ACCEPTED","SPECIES","EXACT",99,8149099,6,7707728,220,422,3064
"52","Chenopodium album",3083838,"Chenopodium album L.","ACCEPTED","SPECIES","EXACT",97,3083838,6,7707728,220,422,3064
"53","Chenopodium album",3083838,"Chenopodium album L.","ACCEPTED","SPECIES","EXACT",97,3083838,6,7707728,220,422,3064
"54","Chenopodium album",3083838,"Chenopodium album L.","ACCEPTED","SPECIES","EXACT",97,3083838,6,7707728,220,422,3064
"55","Chenopodium album",3083838,"Chenopodium album L.","ACCEPTED","SPECIES","EXACT",97,3083838,6,7707728,220,422,3064
"56","Chenopodium ficifolium",3083862,"Chenopodium ficifolium Sm.","ACCEPTED","SPECIES","EXACT",97,3083862,6,7707728,220,422,3064
"57","Chenopodium ficifolium",3083862,"Chenopodium ficifolium Sm.","ACCEPTED","SPECIES","EXACT",97,3083862,6,7707728,220,422,3064
"58","Chenopodium ficifolium",3083862,"Chenopodium ficifolium Sm.","ACCEPTED","SPECIES","EXACT",97,3083862,6,7707728,220,422,3064
"59","Chenopodium ficifolium",3083862,"Chenopodium ficifolium Sm.","ACCEPTED","SPECIES","EXACT",97,3083862,6,7707728,220,422,3064
"60","Chenopodium vulvaria",3083932,"Chenopodium vulvaria L.","ACCEPTED","SPECIES","EXACT",99,3083932,6,7707728,220,422,3064
"61","Chenopodium vulvaria",3083932,"Chenopodium vulvaria L.","ACCEPTED","SPECIES","EXACT",99,3083932,6,7707728,220,422,3064
"62","Chenopodium vulvaria",3083932,"Chenopodium vulvaria L.","ACCEPTED","SPECIES","EXACT",99,3083932,6,7707728,220,422,3064
"63","Lipandra polysperma",8273130,"Lipandra polysperma (L.) S.Fuentes, Uotila & Borsch","ACCEPTED","SPECIES","EXACT",99,8273130,6,7707728,220,422,3064
"64","Lipandra polysperma",8273130,"Lipandra polysperma (L.) S.Fuentes, Uotila & Borsch","ACCEPTED","SPECIES","EXACT",99,8273130,6,7707728,220,422,3064
"65","Lipandra polysperma",8273130,"Lipandra polysperma (L.) S.Fuentes, Uotila & Borsch","ACCEPTED","SPECIES","EXACT",99,8273130,6,7707728,220,422,3064
"66","Lipandra polysperma",8273130,"Lipandra polysperma (L.) S.Fuentes, Uotila & Borsch","ACCEPTED","SPECIES","EXACT",99,8273130,6,7707728,220,422,3064
"67","Oxybasis chenopodioides",8117283,"Oxybasis chenopodioides (L.) S.Fuentes, Uotila & Borsch","ACCEPTED","SPECIES","EXACT",99,8117283,6,7707728,220,422,3064
"68","Oxybasis chenopodioides",8117283,"Oxybasis chenopodioides (L.) S.Fuentes, Uotila & Borsch","ACCEPTED","SPECIES","EXACT",99,8117283,6,7707728,220,422,3064
"69","Oxybasis glauca",8290282,"Oxybasis glauca (L.) S.Fuentes, Uotila & Borsch","ACCEPTED","SPECIES","EXACT",99,8290282,6,7707728,220,422,3064
"70","Oxybasis glauca",8290282,"Oxybasis glauca (L.) S.Fuentes, Uotila & Borsch","ACCEPTED","SPECIES","EXACT",99,8290282,6,7707728,220,422,3064
"71","Oxybasis glauca",8290282,"Oxybasis glauca (L.) S.Fuentes, Uotila & Borsch","ACCEPTED","SPECIES","EXACT",99,8290282,6,7707728,220,422,3064
"72","Oxybasis glauca",8290282,"Oxybasis glauca (L.) S.Fuentes, Uotila & Borsch","ACCEPTED","SPECIES","EXACT",99,8290282,6,7707728,220,422,3064
"73","Oxybasis rubra",7725469,"Oxybasis rubra (L.) S.Fuentes, Uotila & Borsch","ACCEPTED","SPECIES","EXACT",99,7725469,6,7707728,220,422,3064
"74","Oxybasis rubra",7725469,"Oxybasis rubra (L.) S.Fuentes, Uotila & Borsch","ACCEPTED","SPECIES","EXACT",99,7725469,6,7707728,220,422,3064
"75","Oxybasis rubra",7725469,"Oxybasis rubra (L.) S.Fuentes, Uotila & Borsch","ACCEPTED","SPECIES","EXACT",99,7725469,6,7707728,220,422,3064
"76","Oxybasis rubra",7725469,"Oxybasis rubra (L.) S.Fuentes, Uotila & Borsch","ACCEPTED","SPECIES","EXACT",99,7725469,6,7707728,220,422,3064
"77","Oxybasis urbica",7418706,"Oxybasis urbica (L.) S.Fuentes, Uotila & Borsch","ACCEPTED","SPECIES","EXACT",99,7418706,6,7707728,220,422,3064
"78","Oxybasis urbica",7418706,"Oxybasis urbica (L.) S.Fuentes, Uotila & Borsch","ACCEPTED","SPECIES","EXACT",99,7418706,6,7707728,220,422,3064
"79","Oxybasis urbica",7418706,"Oxybasis urbica (L.) S.Fuentes, Uotila & Borsch","ACCEPTED","SPECIES","EXACT",99,7418706,6,7707728,220,422,3064
"80","Polycnemum majus",6447704,"Polycnemum majus A.Braun","ACCEPTED","SPECIES","EXACT",97,6447704,6,7707728,220,422,3064
"81","Polycnemum majus",6447704,"Polycnemum majus A.Braun","ACCEPTED","SPECIES","EXACT",97,6447704,6,7707728,220,422,3064
"82","Salicornia europaea",12239479,"Salicornia europaea (Moss) Lambinon & Vanderp.","ACCEPTED","SPECIES","EXACT",97,12239479,6,7707728,220,422,3064
"83","Salicornia europaea",12239479,"Salicornia europaea (Moss) Lambinon & Vanderp.","ACCEPTED","SPECIES","EXACT",97,12239479,6,7707728,220,422,3064
"84","Salicornia procumbens",6035873,"Salicornia procumbens Sm.","ACCEPTED","SPECIES","EXACT",99,6035873,6,7707728,220,422,3064
"85","Salicornia procumbens",6035873,"Salicornia procumbens Sm.","ACCEPTED","SPECIES","EXACT",99,6035873,6,7707728,220,422,3064
"86","Salsola kali",3083957,"Salsola kali L.","ACCEPTED","SPECIES","EXACT",99,3083957,6,7707728,220,422,3064
"87","Salsola kali",3083957,"Salsola kali L.","ACCEPTED","SPECIES","EXACT",99,3083957,6,7707728,220,422,3064
"88","Salsola kali",3083957,"Salsola kali L.","ACCEPTED","SPECIES","EXACT",99,3083957,6,7707728,220,422,3064
"89","Salsola tragus",3083945,"Salsola tragus L.","ACCEPTED","SPECIES","EXACT",99,3083945,6,7707728,220,422,3064
"90","Salsola tragus",3083945,"Salsola tragus L.","ACCEPTED","SPECIES","EXACT",99,3083945,6,7707728,220,422,3064
"91","Salsola tragus",3083945,"Salsola tragus L.","ACCEPTED","SPECIES","EXACT",99,3083945,6,7707728,220,422,3064
"92","Suaeda maritima",3083541,"Suaeda maritima (L.) Dumort.","ACCEPTED","SPECIES","EXACT",97,3083541,6,7707728,220,422,3064
"93","Suaeda maritima",3083541,"Suaeda maritima (L.) Dumort.","ACCEPTED","SPECIES","EXACT",97,3083541,6,7707728,220,422,3064
"94","Allium oleraceum",2857071,"Allium oleraceum L.","ACCEPTED","SPECIES","EXACT",97,2857071,6,7707728,196,1169,7682
"95","Allium oleraceum",2857071,"Allium oleraceum L.","ACCEPTED","SPECIES","EXACT",97,2857071,6,7707728,196,1169,7682
"96","Allium oleraceum",2857071,"Allium oleraceum L.","ACCEPTED","SPECIES","EXACT",97,2857071,6,7707728,196,1169,7682
"97","Allium oleraceum",2857071,"Allium oleraceum L.","ACCEPTED","SPECIES","EXACT",97,2857071,6,7707728,196,1169,7682
"98","Allium sphaerocephalon",2857616,"Allium sphaerocephalon L.","ACCEPTED","SPECIES","EXACT",99,2857616,6,7707728,196,1169,7682
"99","Allium sphaerocephalon",2857616,"Allium sphaerocephalon L.","ACCEPTED","SPECIES","EXACT",99,2857616,6,7707728,196,1169,7682
"100","Allium sphaerocephalon",2857616,"Allium sphaerocephalon L.","ACCEPTED","SPECIES","EXACT",99,2857616,6,7707728,196,1169,7682
"101","Allium sphaerocephalon",2857616,"Allium sphaerocephalon L.","ACCEPTED","SPECIES","EXACT",99,2857616,6,7707728,196,1169,7682
"102","Allium ursinum",2857601,"Allium ursinum L.","ACCEPTED","SPECIES","EXACT",99,2857601,6,7707728,196,1169,7682
"103","Allium ursinum",2857601,"Allium ursinum L.","ACCEPTED","SPECIES","EXACT",99,2857601,6,7707728,196,1169,7682
"104","Allium ursinum",2857601,"Allium ursinum L.","ACCEPTED","SPECIES","EXACT",99,2857601,6,7707728,196,1169,7682
"105","Allium ursinum",2857601,"Allium ursinum L.","ACCEPTED","SPECIES","EXACT",99,2857601,6,7707728,196,1169,7682
"106","Allium vineale",7792960,"Allium vineale L.","ACCEPTED","SPECIES","EXACT",97,7792960,6,7707728,196,1169,7682
"107","Allium vineale",7792960,"Allium vineale L.","ACCEPTED","SPECIES","EXACT",97,7792960,6,7707728,196,1169,7682
"108","Allium vineale",7792960,"Allium vineale L.","ACCEPTED","SPECIES","EXACT",97,7792960,6,7707728,196,1169,7682
"109","Allium vineale",7792960,"Allium vineale L.","ACCEPTED","SPECIES","EXACT",97,7792960,6,7707728,196,1169,7682
"110","Leucojum aestivum",2860425,"Leucojum aestivum L.","ACCEPTED","SPECIES","EXACT",99,2860425,6,7707728,196,1169,7682
"111","Leucojum aestivum",2860425,"Leucojum aestivum L.","ACCEPTED","SPECIES","EXACT",99,2860425,6,7707728,196,1169,7682
"112","Leucojum aestivum",2860425,"Leucojum aestivum L.","ACCEPTED","SPECIES","EXACT",99,2860425,6,7707728,196,1169,7682
"113","Leucojum aestivum",2860425,"Leucojum aestivum L.","ACCEPTED","SPECIES","EXACT",99,2860425,6,7707728,196,1169,7682
"114","Leucojum vernum",2860409,"Leucojum vernum L.","ACCEPTED","SPECIES","EXACT",98,2860409,6,7707728,196,1169,7682
"115","Leucojum vernum",2860409,"Leucojum vernum L.","ACCEPTED","SPECIES","EXACT",98,2860409,6,7707728,196,1169,7682
"116","Leucojum vernum",2860409,"Leucojum vernum L.","ACCEPTED","SPECIES","EXACT",98,2860409,6,7707728,196,1169,7682
"117","Leucojum vernum",2860409,"Leucojum vernum L.","ACCEPTED","SPECIES","EXACT",98,2860409,6,7707728,196,1169,7682
"118","Narcissus pseudonarcissus",2858244,"Narcissus pseudonarcissus L.","ACCEPTED","SPECIES","EXACT",99,2858244,6,7707728,196,1169,7682
"119","Narcissus pseudonarcissus",2858244,"Narcissus pseudonarcissus L.","ACCEPTED","SPECIES","EXACT",99,2858244,6,7707728,196,1169,7682
"120","Narcissus pseudonarcissus",2858244,"Narcissus pseudonarcissus L.","ACCEPTED","SPECIES","EXACT",99,2858244,6,7707728,196,1169,7682
"121","Narcissus pseudonarcissus",2858244,"Narcissus pseudonarcissus L.","ACCEPTED","SPECIES","EXACT",99,2858244,6,7707728,196,1169,7682
"122","Aegopodium podagraria",3034620,"Aegopodium podagraria L.","ACCEPTED","SPECIES","EXACT",99,3034620,6,7707728,220,1351,6720
"123","Aegopodium podagraria",3034620,"Aegopodium podagraria L.","ACCEPTED","SPECIES","EXACT",99,3034620,6,7707728,220,1351,6720
"124","Aegopodium podagraria",3034620,"Aegopodium podagraria L.","ACCEPTED","SPECIES","EXACT",99,3034620,6,7707728,220,1351,6720
"125","Aegopodium podagraria",3034620,"Aegopodium podagraria L.","ACCEPTED","SPECIES","EXACT",99,3034620,6,7707728,220,1351,6720
"126","Aethusa cynapium",5371825,"Aethusa cynapium L.","ACCEPTED","SPECIES","EXACT",99,5371825,6,7707728,220,1351,6720
"127","Aethusa cynapium",5371825,"Aethusa cynapium L.","ACCEPTED","SPECIES","EXACT",99,5371825,6,7707728,220,1351,6720
"128","Aethusa cynapium",5371825,"Aethusa cynapium L.","ACCEPTED","SPECIES","EXACT",99,5371825,6,7707728,220,1351,6720
"129","Aethusa cynapium",5371825,"Aethusa cynapium L.","ACCEPTED","SPECIES","EXACT",99,5371825,6,7707728,220,1351,6720
"130","Angelica sylvestris",5371818,"Angelica sylvestris L.","ACCEPTED","SPECIES","EXACT",99,5371818,6,7707728,220,1351,6720
"131","Angelica sylvestris",5371818,"Angelica sylvestris L.","ACCEPTED","SPECIES","EXACT",99,5371818,6,7707728,220,1351,6720
"132","Angelica sylvestris",5371818,"Angelica sylvestris L.","ACCEPTED","SPECIES","EXACT",99,5371818,6,7707728,220,1351,6720
"133","Angelica sylvestris",5371818,"Angelica sylvestris L.","ACCEPTED","SPECIES","EXACT",99,5371818,6,7707728,220,1351,6720
"134","Anthriscus caucalis",5371743,"Anthriscus caucalis M.Bieb.","ACCEPTED","SPECIES","EXACT",99,5371743,6,7707728,220,1351,6720
"135","Anthriscus caucalis",5371743,"Anthriscus caucalis M.Bieb.","ACCEPTED","SPECIES","EXACT",99,5371743,6,7707728,220,1351,6720
"136","Anthriscus caucalis",5371743,"Anthriscus caucalis M.Bieb.","ACCEPTED","SPECIES","EXACT",99,5371743,6,7707728,220,1351,6720
"137","Anthriscus caucalis",5371743,"Anthriscus caucalis M.Bieb.","ACCEPTED","SPECIES","EXACT",99,5371743,6,7707728,220,1351,6720
"138","Anthriscus sylvestris",5371742,"Anthriscus sylvestris (L.) Hoffm.","ACCEPTED","SPECIES","EXACT",99,5371742,6,7707728,220,1351,6720
"139","Anthriscus sylvestris",5371742,"Anthriscus sylvestris (L.) Hoffm.","ACCEPTED","SPECIES","EXACT",99,5371742,6,7707728,220,1351,6720
"140","Anthriscus sylvestris",5371742,"Anthriscus sylvestris (L.) Hoffm.","ACCEPTED","SPECIES","EXACT",99,5371742,6,7707728,220,1351,6720
"141","Anthriscus sylvestris",5371742,"Anthriscus sylvestris (L.) Hoffm.","ACCEPTED","SPECIES","EXACT",99,5371742,6,7707728,220,1351,6720
"142","Apium graveolens",5371879,"Apium graveolens L.","ACCEPTED","SPECIES","EXACT",97,5371879,6,7707728,220,1351,6720
"143","Apium graveolens",5371879,"Apium graveolens L.","ACCEPTED","SPECIES","EXACT",97,5371879,6,7707728,220,1351,6720
"144","Apium graveolens",5371879,"Apium graveolens L.","ACCEPTED","SPECIES","EXACT",97,5371879,6,7707728,220,1351,6720
"145","Apium graveolens",5371879,"Apium graveolens L.","ACCEPTED","SPECIES","EXACT",97,5371879,6,7707728,220,1351,6720
"146","Berula erecta",3034699,"Berula erecta (Huds.) Coville","ACCEPTED","SPECIES","EXACT",99,3034699,6,7707728,220,1351,6720
"147","Berula erecta",3034699,"Berula erecta (Huds.) Coville","ACCEPTED","SPECIES","EXACT",99,3034699,6,7707728,220,1351,6720
"148","Berula erecta",3034699,"Berula erecta (Huds.) Coville","ACCEPTED","SPECIES","EXACT",99,3034699,6,7707728,220,1351,6720
"149","Berula erecta",3034699,"Berula erecta (Huds.) Coville","ACCEPTED","SPECIES","EXACT",99,3034699,6,7707728,220,1351,6720
"150","Bunium bulbocastanum",3034501,"Bunium bulbocastanum L.","ACCEPTED","SPECIES","EXACT",97,3034501,6,7707728,220,1351,6720
"151","Bunium bulbocastanum",3034501,"Bunium bulbocastanum L.","ACCEPTED","SPECIES","EXACT",97,3034501,6,7707728,220,1351,6720
"152","Bupleurum falcatum",6027105,"Bupleurum falcatum L.","ACCEPTED","SPECIES","EXACT",98,6027105,6,7707728,220,1351,6720
"153","Bupleurum falcatum",6027105,"Bupleurum falcatum L.","ACCEPTED","SPECIES","EXACT",98,6027105,6,7707728,220,1351,6720
"154","Bupleurum falcatum",6027105,"Bupleurum falcatum L.","ACCEPTED","SPECIES","EXACT",98,6027105,6,7707728,220,1351,6720
"155","Bupleurum rotundifolium",3034554,"Bupleurum rotundifolium L.","ACCEPTED","SPECIES","EXACT",97,3034554,6,7707728,220,1351,6720
"156","Bupleurum rotundifolium",3034554,"Bupleurum rotundifolium L.","ACCEPTED","SPECIES","EXACT",97,3034554,6,7707728,220,1351,6720
"157","Bupleurum rotundifolium",3034554,"Bupleurum rotundifolium L.","ACCEPTED","SPECIES","EXACT",97,3034554,6,7707728,220,1351,6720
"158","Bupleurum tenuissimum",3635987,"Bupleurum tenuissimum L.","ACCEPTED","SPECIES","EXACT",99,3635987,6,7707728,220,1351,6720
"159","Bupleurum tenuissimum",3635987,"Bupleurum tenuissimum L.","ACCEPTED","SPECIES","EXACT",99,3635987,6,7707728,220,1351,6720
"160","Carum carvi",3034714,"Carum carvi L.","ACCEPTED","SPECIES","EXACT",99,3034714,6,7707728,220,1351,6720
"161","Carum carvi",3034714,"Carum carvi L.","ACCEPTED","SPECIES","EXACT",99,3034714,6,7707728,220,1351,6720
"162","Carum carvi",3034714,"Carum carvi L.","ACCEPTED","SPECIES","EXACT",99,3034714,6,7707728,220,1351,6720
"163","Caucalis platycarpos",3034523,"Caucalis platycarpos L.","ACCEPTED","SPECIES","EXACT",99,3034523,6,7707728,220,1351,6720
"164","Caucalis platycarpos",3034523,"Caucalis platycarpos L.","ACCEPTED","SPECIES","EXACT",99,3034523,6,7707728,220,1351,6720
"165","Chaerophyllum temulum",3034650,"Chaerophyllum temulum L.","ACCEPTED","SPECIES","EXACT",99,3034650,6,7707728,220,1351,6720
"166","Chaerophyllum temulum",3034650,"Chaerophyllum temulum L.","ACCEPTED","SPECIES","EXACT",99,3034650,6,7707728,220,1351,6720
"167","Chaerophyllum temulum",3034650,"Chaerophyllum temulum L.","ACCEPTED","SPECIES","EXACT",99,3034650,6,7707728,220,1351,6720
"168","Chaerophyllum temulum",3034650,"Chaerophyllum temulum L.","ACCEPTED","SPECIES","EXACT",99,3034650,6,7707728,220,1351,6720
"169","Cicuta virosa",5371864,"Cicuta virosa L.","ACCEPTED","SPECIES","EXACT",99,5371864,6,7707728,220,1351,6720
"170","Cicuta virosa",5371864,"Cicuta virosa L.","ACCEPTED","SPECIES","EXACT",99,5371864,6,7707728,220,1351,6720
"171","Conium maculatum",3034807,"Conium maculatum L.","ACCEPTED","SPECIES","EXACT",99,3034807,6,7707728,220,1351,6720
"172","Conium maculatum",3034807,"Conium maculatum L.","ACCEPTED","SPECIES","EXACT",99,3034807,6,7707728,220,1351,6720
"173","Conium maculatum",3034807,"Conium maculatum L.","ACCEPTED","SPECIES","EXACT",99,3034807,6,7707728,220,1351,6720
"174","Conium maculatum",3034807,"Conium maculatum L.","ACCEPTED","SPECIES","EXACT",99,3034807,6,7707728,220,1351,6720
"175","Conopodium majus",6026760,"Conopodium majus (Gouan) Loret","ACCEPTED","SPECIES","EXACT",98,6026760,6,7707728,220,1351,6720
"176","Conopodium majus",6026760,"Conopodium majus (Gouan) Loret","ACCEPTED","SPECIES","EXACT",98,6026760,6,7707728,220,1351,6720
"177","Crithmum maritimum",3632234,"Crithmum maritimum L.","ACCEPTED","SPECIES","EXACT",99,3632234,6,7707728,220,1351,6720
"178","Crithmum maritimum",3632234,"Crithmum maritimum L.","ACCEPTED","SPECIES","EXACT",99,3632234,6,7707728,220,1351,6720
"179","Daucus carota",3034742,"Daucus carota L.","ACCEPTED","SPECIES","EXACT",97,3034742,6,7707728,220,1351,6720
"180","Daucus carota",3034742,"Daucus carota L.","ACCEPTED","SPECIES","EXACT",97,3034742,6,7707728,220,1351,6720
"181","Daucus carota",3034742,"Daucus carota L.","ACCEPTED","SPECIES","EXACT",97,3034742,6,7707728,220,1351,6720
"182","Daucus carota",3034742,"Daucus carota L.","ACCEPTED","SPECIES","EXACT",97,3034742,6,7707728,220,1351,6720
"183","Dichoropetalum carvifolia",3639144,"Dichoropetalum carvifolia (Vill.) Pimenov & Kljuykov","ACCEPTED","SPECIES","EXACT",99,3639144,6,7707728,220,1351,6720
"184","Dichoropetalum carvifolia",3639144,"Dichoropetalum carvifolia (Vill.) Pimenov & Kljuykov","ACCEPTED","SPECIES","EXACT",99,3639144,6,7707728,220,1351,6720
"185","Dichoropetalum carvifolia",3639144,"Dichoropetalum carvifolia (Vill.) Pimenov & Kljuykov","ACCEPTED","SPECIES","EXACT",99,3639144,6,7707728,220,1351,6720
"186","Eryngium campestre",3034426,"Eryngium campestre L.","ACCEPTED","SPECIES","EXACT",99,3034426,6,7707728,220,1351,6720
"187","Eryngium campestre",3034426,"Eryngium campestre L.","ACCEPTED","SPECIES","EXACT",99,3034426,6,7707728,220,1351,6720
"188","Eryngium campestre",3034426,"Eryngium campestre L.","ACCEPTED","SPECIES","EXACT",99,3034426,6,7707728,220,1351,6720
"189","Eryngium maritimum",3034391,"Eryngium maritimum L.","ACCEPTED","SPECIES","EXACT",99,3034391,6,7707728,220,1351,6720
"190","Eryngium maritimum",3034391,"Eryngium maritimum L.","ACCEPTED","SPECIES","EXACT",99,3034391,6,7707728,220,1351,6720
"191","Falcaria vulgaris",5371782,"Falcaria vulgaris Bernh.","ACCEPTED","SPECIES","EXACT",99,5371782,6,7707728,220,1351,6720
"192","Falcaria vulgaris",5371782,"Falcaria vulgaris Bernh.","ACCEPTED","SPECIES","EXACT",99,5371782,6,7707728,220,1351,6720
"193","Falcaria vulgaris",5371782,"Falcaria vulgaris Bernh.","ACCEPTED","SPECIES","EXACT",99,5371782,6,7707728,220,1351,6720
"194","Helosciadium inundatum",3631418,"Helosciadium inundatum (L.) W.D.J.Koch","ACCEPTED","SPECIES","EXACT",99,3631418,6,7707728,220,1351,6720
"195","Helosciadium inundatum",3631418,"Helosciadium inundatum (L.) W.D.J.Koch","ACCEPTED","SPECIES","EXACT",99,3631418,6,7707728,220,1351,6720
"196","Helosciadium nodiflorum",3631293,"Helosciadium nodiflorum (L.) W.D.J.Koch","ACCEPTED","SPECIES","EXACT",99,3631293,6,7707728,220,1351,6720
"197","Helosciadium nodiflorum",3631293,"Helosciadium nodiflorum (L.) W.D.J.Koch","ACCEPTED","SPECIES","EXACT",99,3631293,6,7707728,220,1351,6720
"198","Helosciadium nodiflorum",3631293,"Helosciadium nodiflorum (L.) W.D.J.Koch","ACCEPTED","SPECIES","EXACT",99,3631293,6,7707728,220,1351,6720
"199","Helosciadium nodiflorum",3631293,"Helosciadium nodiflorum (L.) W.D.J.Koch","ACCEPTED","SPECIES","EXACT",99,3631293,6,7707728,220,1351,6720
"200","Helosciadium repens",7456091,"Helosciadium repens (Jacq.) W.D.J.Koch","ACCEPTED","SPECIES","EXACT",97,7456091,6,7707728,220,1351,6720
"201","Helosciadium repens",7456091,"Helosciadium repens (Jacq.) W.D.J.Koch","ACCEPTED","SPECIES","EXACT",97,7456091,6,7707728,220,1351,6720
"202","Heracleum sphondylium",3034830,"Heracleum sphondylium L.","ACCEPTED","SPECIES","EXACT",97,3034830,6,7707728,220,1351,6720
"203","Heracleum sphondylium",3034830,"Heracleum sphondylium L.","ACCEPTED","SPECIES","EXACT",97,3034830,6,7707728,220,1351,6720
"204","Heracleum sphondylium",3034830,"Heracleum sphondylium L.","ACCEPTED","SPECIES","EXACT",97,3034830,6,7707728,220,1351,6720
"205","Heracleum sphondylium",3034830,"Heracleum sphondylium L.","ACCEPTED","SPECIES","EXACT",97,3034830,6,7707728,220,1351,6720
"206","Meum athamanticum",6026490,"Meum athamanticum Jacq.","ACCEPTED","SPECIES","EXACT",97,6026490,6,7707728,220,1351,6720
"207","Meum athamanticum",6026490,"Meum athamanticum Jacq.","ACCEPTED","SPECIES","EXACT",97,6026490,6,7707728,220,1351,6720
"208","Oenanthe aquatica",5371888,"Oenanthe aquatica (L.) Poir.","ACCEPTED","SPECIES","EXACT",98,5371888,6,7707728,220,1351,6720
"209","Oenanthe aquatica",5371888,"Oenanthe aquatica (L.) Poir.","ACCEPTED","SPECIES","EXACT",98,5371888,6,7707728,220,1351,6720
"210","Oenanthe aquatica",5371888,"Oenanthe aquatica (L.) Poir.","ACCEPTED","SPECIES","EXACT",98,5371888,6,7707728,220,1351,6720
"211","Oenanthe crocata",6027319,"Oenanthe crocata L.","ACCEPTED","SPECIES","EXACT",97,6027319,6,7707728,220,1351,6720
"212","Oenanthe crocata",6027319,"Oenanthe crocata L.","ACCEPTED","SPECIES","EXACT",97,6027319,6,7707728,220,1351,6720
"213","Oenanthe fistulosa",5371890,"Oenanthe fistulosa L.","ACCEPTED","SPECIES","EXACT",97,5371890,6,7707728,220,1351,6720
"214","Oenanthe fistulosa",5371890,"Oenanthe fistulosa L.","ACCEPTED","SPECIES","EXACT",97,5371890,6,7707728,220,1351,6720
"215","Oenanthe fistulosa",5371890,"Oenanthe fistulosa L.","ACCEPTED","SPECIES","EXACT",97,5371890,6,7707728,220,1351,6720
"216","Oenanthe lachenalii",5540332,"Oenanthe lachenalii C.C.Gmel.","ACCEPTED","SPECIES","EXACT",99,5540332,6,7707728,220,1351,6720
"217","Oenanthe lachenalii",5540332,"Oenanthe lachenalii C.C.Gmel.","ACCEPTED","SPECIES","EXACT",99,5540332,6,7707728,220,1351,6720
"218","Oenanthe peucedanifolia",5540247,"Oenanthe peucedanifolia Pollich","ACCEPTED","SPECIES","EXACT",97,5540247,6,7707728,220,1351,6720
"219","Oenanthe peucedanifolia",5540247,"Oenanthe peucedanifolia Pollich","ACCEPTED","SPECIES","EXACT",97,5540247,6,7707728,220,1351,6720
"220","Oenanthe peucedanifolia",5540247,"Oenanthe peucedanifolia Pollich","ACCEPTED","SPECIES","EXACT",97,5540247,6,7707728,220,1351,6720
"221","Oenanthe silaifolia",6027222,"Oenanthe silaifolia M.Bieb.","ACCEPTED","SPECIES","EXACT",97,6027222,6,7707728,220,1351,6720
"222","Oenanthe silaifolia",6027222,"Oenanthe silaifolia M.Bieb.","ACCEPTED","SPECIES","EXACT",97,6027222,6,7707728,220,1351,6720
"223","Oenanthe silaifolia",6027222,"Oenanthe silaifolia M.Bieb.","ACCEPTED","SPECIES","EXACT",97,6027222,6,7707728,220,1351,6720
"224","Orlaya grandiflora",3638282,"Orlaya grandiflora (L.) Hoffm.","ACCEPTED","SPECIES","EXACT",99,3638282,6,7707728,220,1351,6720
"225","Orlaya grandiflora",3638282,"Orlaya grandiflora (L.) Hoffm.","ACCEPTED","SPECIES","EXACT",99,3638282,6,7707728,220,1351,6720
"226","Orlaya grandiflora",3638282,"Orlaya grandiflora (L.) Hoffm.","ACCEPTED","SPECIES","EXACT",99,3638282,6,7707728,220,1351,6720
"227","Orlaya grandiflora",3638282,"Orlaya grandiflora (L.) Hoffm.","ACCEPTED","SPECIES","EXACT",99,3638282,6,7707728,220,1351,6720
"228","Pastinaca sativa",8262702,"Pastinaca sativa L.","ACCEPTED","SPECIES","EXACT",97,8262702,6,7707728,220,1351,6720
"229","Pastinaca sativa",8262702,"Pastinaca sativa L.","ACCEPTED","SPECIES","EXACT",97,8262702,6,7707728,220,1351,6720
"230","Pastinaca sativa",8262702,"Pastinaca sativa L.","ACCEPTED","SPECIES","EXACT",97,8262702,6,7707728,220,1351,6720
"231","Pastinaca sativa",8262702,"Pastinaca sativa L.","ACCEPTED","SPECIES","EXACT",97,8262702,6,7707728,220,1351,6720
"232","Pimpinella major",5371874,"Pimpinella major (L.) Huds.","ACCEPTED","SPECIES","EXACT",97,5371874,6,7707728,220,1351,6720
"233","Pimpinella major",5371874,"Pimpinella major (L.) Huds.","ACCEPTED","SPECIES","EXACT",97,5371874,6,7707728,220,1351,6720
"234","Pimpinella major",5371874,"Pimpinella major (L.) Huds.","ACCEPTED","SPECIES","EXACT",97,5371874,6,7707728,220,1351,6720
"235","Pimpinella major",5371874,"Pimpinella major (L.) Huds.","ACCEPTED","SPECIES","EXACT",97,5371874,6,7707728,220,1351,6720
"236","Pimpinella saxifraga",7622278,"Pimpinella saxifraga L.","ACCEPTED","SPECIES","EXACT",97,7622278,6,7707728,220,1351,6720
"237","Pimpinella saxifraga",7622278,"Pimpinella saxifraga L.","ACCEPTED","SPECIES","EXACT",97,7622278,6,7707728,220,1351,6720
"238","Pimpinella saxifraga",7622278,"Pimpinella saxifraga L.","ACCEPTED","SPECIES","EXACT",97,7622278,6,7707728,220,1351,6720
"239","Pimpinella saxifraga",7622278,"Pimpinella saxifraga L.","ACCEPTED","SPECIES","EXACT",97,7622278,6,7707728,220,1351,6720
"240","Sanicula europaea",6027128,"Sanicula europaea L.","ACCEPTED","SPECIES","EXACT",97,6027128,6,7707728,220,1351,6720
"241","Sanicula europaea",6027128,"Sanicula europaea L.","ACCEPTED","SPECIES","EXACT",97,6027128,6,7707728,220,1351,6720
"242","Sanicula europaea",6027128,"Sanicula europaea L.","ACCEPTED","SPECIES","EXACT",97,6027128,6,7707728,220,1351,6720
"243","Sanicula europaea",6027128,"Sanicula europaea L.","ACCEPTED","SPECIES","EXACT",97,6027128,6,7707728,220,1351,6720
"244","Scandix pecten-veneris",3034233,"Scandix pecten-veneris L.","ACCEPTED","SPECIES","EXACT",99,3034233,6,7707728,220,1351,6720
"245","Scandix pecten-veneris",3034233,"Scandix pecten-veneris L.","ACCEPTED","SPECIES","EXACT",99,3034233,6,7707728,220,1351,6720
"246","Scandix pecten-veneris",3034233,"Scandix pecten-veneris L.","ACCEPTED","SPECIES","EXACT",99,3034233,6,7707728,220,1351,6720
"247","Selinum carvifolia",5371781,"Selinum carvifolia (L.) L.","ACCEPTED","SPECIES","EXACT",99,5371781,6,7707728,220,1351,6720
"248","Selinum carvifolia",5371781,"Selinum carvifolia (L.) L.","ACCEPTED","SPECIES","EXACT",99,5371781,6,7707728,220,1351,6720
"249","Selinum carvifolia",5371781,"Selinum carvifolia (L.) L.","ACCEPTED","SPECIES","EXACT",99,5371781,6,7707728,220,1351,6720
"250","Seseli libanotis",3034133,"Seseli libanotis (L.) W.D.J.Koch","ACCEPTED","SPECIES","EXACT",99,3034133,6,7707728,220,1351,6720
"251","Seseli libanotis",3034133,"Seseli libanotis (L.) W.D.J.Koch","ACCEPTED","SPECIES","EXACT",99,3034133,6,7707728,220,1351,6720
"252","Seseli libanotis",3034133,"Seseli libanotis (L.) W.D.J.Koch","ACCEPTED","SPECIES","EXACT",99,3034133,6,7707728,220,1351,6720
"253","Seseli montanum",6026420,"Seseli montanum L.","ACCEPTED","SPECIES","EXACT",97,6026420,6,7707728,220,1351,6720
"254","Seseli montanum",6026420,"Seseli montanum L.","ACCEPTED","SPECIES","EXACT",97,6026420,6,7707728,220,1351,6720
"255","Silaum silaus",6027388,"Silaum silaus (L.) Schinz & Thell.","ACCEPTED","SPECIES","EXACT",99,6027388,6,7707728,220,1351,6720
"256","Silaum silaus",6027388,"Silaum silaus (L.) Schinz & Thell.","ACCEPTED","SPECIES","EXACT",99,6027388,6,7707728,220,1351,6720
"257","Silaum silaus",6027388,"Silaum silaus (L.) Schinz & Thell.","ACCEPTED","SPECIES","EXACT",99,6027388,6,7707728,220,1351,6720
"258","Sison amomum",3641433,"Sison amomum L.","ACCEPTED","SPECIES","EXACT",99,3641433,6,7707728,220,1351,6720
"259","Sison amomum",3641433,"Sison amomum L.","ACCEPTED","SPECIES","EXACT",99,3641433,6,7707728,220,1351,6720
"260","Sison segetum",3634745,"Sison segetum L.","ACCEPTED","SPECIES","EXACT",99,3634745,6,7707728,220,1351,6720
"261","Sison segetum",3634745,"Sison segetum L.","ACCEPTED","SPECIES","EXACT",99,3634745,6,7707728,220,1351,6720
"262","Sium latifolium",3034530,"Sium latifolium L.","ACCEPTED","SPECIES","EXACT",97,3034530,6,7707728,220,1351,6720
"263","Sium latifolium",3034530,"Sium latifolium L.","ACCEPTED","SPECIES","EXACT",97,3034530,6,7707728,220,1351,6720
"264","Sium latifolium",3034530,"Sium latifolium L.","ACCEPTED","SPECIES","EXACT",97,3034530,6,7707728,220,1351,6720
"265","Sium latifolium",3034530,"Sium latifolium L.","ACCEPTED","SPECIES","EXACT",97,3034530,6,7707728,220,1351,6720
"266","Torilis arvensis",3034823,"Torilis arvensis (Huds.) Link","ACCEPTED","SPECIES","EXACT",99,3034823,6,7707728,220,1351,6720
"267","Torilis arvensis",3034823,"Torilis arvensis (Huds.) Link","ACCEPTED","SPECIES","EXACT",99,3034823,6,7707728,220,1351,6720
"268","Torilis arvensis",3034823,"Torilis arvensis (Huds.) Link","ACCEPTED","SPECIES","EXACT",99,3034823,6,7707728,220,1351,6720
"269","Torilis japonica",3034820,"Torilis japonica (Houtt.) DC.","ACCEPTED","SPECIES","EXACT",99,3034820,6,7707728,220,1351,6720
"270","Torilis japonica",3034820,"Torilis japonica (Houtt.) DC.","ACCEPTED","SPECIES","EXACT",99,3034820,6,7707728,220,1351,6720
"271","Torilis japonica",3034820,"Torilis japonica (Houtt.) DC.","ACCEPTED","SPECIES","EXACT",99,3034820,6,7707728,220,1351,6720
"272","Torilis japonica",3034820,"Torilis japonica (Houtt.) DC.","ACCEPTED","SPECIES","EXACT",99,3034820,6,7707728,220,1351,6720
"273","Torilis nodosa",3034819,"Torilis nodosa (L.) Gaertn.","ACCEPTED","SPECIES","EXACT",97,3034819,6,7707728,220,1351,6720
"274","Torilis nodosa",3034819,"Torilis nodosa (L.) Gaertn.","ACCEPTED","SPECIES","EXACT",97,3034819,6,7707728,220,1351,6720
"275","Torilis nodosa",3034819,"Torilis nodosa (L.) Gaertn.","ACCEPTED","SPECIES","EXACT",97,3034819,6,7707728,220,1351,6720
"276","Torilis nodosa",3034819,"Torilis nodosa (L.) Gaertn.","ACCEPTED","SPECIES","EXACT",97,3034819,6,7707728,220,1351,6720
"277","Trocdaris verticillatum",3642051,"Trocdaris verticillatum (L.) Raf.","ACCEPTED","SPECIES","EXACT",99,3642051,6,7707728,220,1351,6720
"278","Trocdaris verticillatum",3642051,"Trocdaris verticillatum (L.) Raf.","ACCEPTED","SPECIES","EXACT",99,3642051,6,7707728,220,1351,6720
"279","Turgenia latifolia",3034778,"Turgenia latifolia (L.) Hoffm.","ACCEPTED","SPECIES","EXACT",99,3034778,6,7707728,220,1351,6720
"280","Turgenia latifolia",3034778,"Turgenia latifolia (L.) Hoffm.","ACCEPTED","SPECIES","EXACT",99,3034778,6,7707728,220,1351,6720
"281","Vinca minor",3169707,"Vinca minor L.","ACCEPTED","SPECIES","EXACT",98,3169707,6,7707728,220,412,6701
"282","Vinca minor",3169707,"Vinca minor L.","ACCEPTED","SPECIES","EXACT",98,3169707,6,7707728,220,412,6701
"283","Vinca minor",3169707,"Vinca minor L.","ACCEPTED","SPECIES","EXACT",98,3169707,6,7707728,220,412,6701
"284","Vinca minor",3169707,"Vinca minor L.","ACCEPTED","SPECIES","EXACT",98,3169707,6,7707728,220,412,6701
"285","Vincetoxicum hirundinaria",5414548,"Vincetoxicum hirundinaria Medik.","ACCEPTED","SPECIES","EXACT",99,5414548,6,7707728,220,412,6701
"286","Vincetoxicum hirundinaria",5414548,"Vincetoxicum hirundinaria Medik.","ACCEPTED","SPECIES","EXACT",99,5414548,6,7707728,220,412,6701
"287","Vincetoxicum hirundinaria",5414548,"Vincetoxicum hirundinaria Medik.","ACCEPTED","SPECIES","EXACT",99,5414548,6,7707728,220,412,6701
"288","Ilex aquifolium",5414222,"Ilex aquifolium L.","ACCEPTED","SPECIES","EXACT",97,5414222,6,7707728,220,7226638,6716
"289","Ilex aquifolium",5414222,"Ilex aquifolium L.","ACCEPTED","SPECIES","EXACT",97,5414222,6,7707728,220,7226638,6716
"290","Ilex aquifolium",5414222,"Ilex aquifolium L.","ACCEPTED","SPECIES","EXACT",97,5414222,6,7707728,220,7226638,6716
"291","Ilex aquifolium",5414222,"Ilex aquifolium L.","ACCEPTED","SPECIES","EXACT",97,5414222,6,7707728,220,7226638,6716
"292","Arum maculatum",5330580,"Arum maculatum L.","ACCEPTED","SPECIES","EXACT",97,5330580,6,7707728,196,551,6979
"293","Arum maculatum",5330580,"Arum maculatum L.","ACCEPTED","SPECIES","EXACT",97,5330580,6,7707728,196,551,6979
"294","Arum maculatum",5330580,"Arum maculatum L.","ACCEPTED","SPECIES","EXACT",97,5330580,6,7707728,196,551,6979
"295","Arum maculatum",5330580,"Arum maculatum L.","ACCEPTED","SPECIES","EXACT",97,5330580,6,7707728,196,551,6979
"296","Calla palustris",2869101,"Calla palustris L.","ACCEPTED","SPECIES","EXACT",97,2869101,6,7707728,196,551,6979
"297","Calla palustris",2869101,"Calla palustris L.","ACCEPTED","SPECIES","EXACT",97,2869101,6,7707728,196,551,6979
"298","Calla palustris",2869101,"Calla palustris L.","ACCEPTED","SPECIES","EXACT",97,2869101,6,7707728,196,551,6979
"299","Calla palustris",2869101,"Calla palustris L.","ACCEPTED","SPECIES","EXACT",97,2869101,6,7707728,196,551,6979
"300","Lemna gibba",2867569,"Lemna gibba L.","ACCEPTED","SPECIES","EXACT",97,2867569,6,7707728,196,551,6979
"301","Lemna gibba",2867569,"Lemna gibba L.","ACCEPTED","SPECIES","EXACT",97,2867569,6,7707728,196,551,6979
"302","Lemna gibba",2867569,"Lemna gibba L.","ACCEPTED","SPECIES","EXACT",97,2867569,6,7707728,196,551,6979
"303","Lemna gibba",2867569,"Lemna gibba L.","ACCEPTED","SPECIES","EXACT",97,2867569,6,7707728,196,551,6979
"304","Lemna minor",2867589,"Lemna minor L.","ACCEPTED","SPECIES","EXACT",98,2867589,6,7707728,196,551,6979
"305","Lemna minor",2867589,"Lemna minor L.","ACCEPTED","SPECIES","EXACT",98,2867589,6,7707728,196,551,6979
"306","Lemna minor",2867589,"Lemna minor L.","ACCEPTED","SPECIES","EXACT",98,2867589,6,7707728,196,551,6979
"307","Lemna minor",2867589,"Lemna minor L.","ACCEPTED","SPECIES","EXACT",98,2867589,6,7707728,196,551,6979
"308","Lemna trisulca",2867579,"Lemna trisulca L.","ACCEPTED","SPECIES","EXACT",99,2867579,6,7707728,196,551,6979
"309","Lemna trisulca",2867579,"Lemna trisulca L.","ACCEPTED","SPECIES","EXACT",99,2867579,6,7707728,196,551,6979
"310","Lemna trisulca",2867579,"Lemna trisulca L.","ACCEPTED","SPECIES","EXACT",99,2867579,6,7707728,196,551,6979
"311","Lemna trisulca",2867579,"Lemna trisulca L.","ACCEPTED","SPECIES","EXACT",99,2867579,6,7707728,196,551,6979
"312","Spirodela polyrhiza",4097481,"Spirodela polyrhiza (L.) Schleid.","ACCEPTED","SPECIES","EXACT",99,4097481,6,7707728,196,551,6979
"313","Spirodela polyrhiza",4097481,"Spirodela polyrhiza (L.) Schleid.","ACCEPTED","SPECIES","EXACT",99,4097481,6,7707728,196,551,6979
"314","Spirodela polyrhiza",4097481,"Spirodela polyrhiza (L.) Schleid.","ACCEPTED","SPECIES","EXACT",99,4097481,6,7707728,196,551,6979
"315","Spirodela polyrhiza",4097481,"Spirodela polyrhiza (L.) Schleid.","ACCEPTED","SPECIES","EXACT",99,4097481,6,7707728,196,551,6979
"316","Wolffia arrhiza",5330092,"Wolffia arrhiza (L.) Horkel ex Wimm.","ACCEPTED","SPECIES","EXACT",97,5330092,6,7707728,196,551,6979
"317","Wolffia arrhiza",5330092,"Wolffia arrhiza (L.) Horkel ex Wimm.","ACCEPTED","SPECIES","EXACT",97,5330092,6,7707728,196,551,6979
"318","Wolffia arrhiza",5330092,"Wolffia arrhiza (L.) Horkel ex Wimm.","ACCEPTED","SPECIES","EXACT",97,5330092,6,7707728,196,551,6979
"319","Hedera helix",8351737,"Hedera helix L.","ACCEPTED","SPECIES","EXACT",97,8351737,6,7707728,220,1351,8800
"320","Hedera helix",8351737,"Hedera helix L.","ACCEPTED","SPECIES","EXACT",97,8351737,6,7707728,220,1351,8800
"321","Hedera helix",8351737,"Hedera helix L.","ACCEPTED","SPECIES","EXACT",97,8351737,6,7707728,220,1351,8800
"322","Hedera helix",8351737,"Hedera helix L.","ACCEPTED","SPECIES","EXACT",97,8351737,6,7707728,220,1351,8800
"323","Hydrocotyle vulgaris",3034606,"Hydrocotyle vulgaris L.","ACCEPTED","SPECIES","EXACT",97,3034606,6,7707728,220,1351,8800
"324","Hydrocotyle vulgaris",3034606,"Hydrocotyle vulgaris L.","ACCEPTED","SPECIES","EXACT",97,3034606,6,7707728,220,1351,8800
"325","Hydrocotyle vulgaris",3034606,"Hydrocotyle vulgaris L.","ACCEPTED","SPECIES","EXACT",97,3034606,6,7707728,220,1351,8800
"326","Hydrocotyle vulgaris",3034606,"Hydrocotyle vulgaris L.","ACCEPTED","SPECIES","EXACT",97,3034606,6,7707728,220,1351,8800
"327","Anthericum liliago",2773902,"Anthericum liliago L.","ACCEPTED","SPECIES","EXACT",99,2773902,6,7707728,196,1169,7683
"328","Anthericum liliago",2773902,"Anthericum liliago L.","ACCEPTED","SPECIES","EXACT",99,2773902,6,7707728,196,1169,7683
"329","Anthericum liliago",2773902,"Anthericum liliago L.","ACCEPTED","SPECIES","EXACT",99,2773902,6,7707728,196,1169,7683
"330","Asparagus officinalis",2768885,"Asparagus officinalis L.","ACCEPTED","SPECIES","EXACT",98,2768885,6,7707728,196,1169,7683
"331","Asparagus officinalis",2768885,"Asparagus officinalis L.","ACCEPTED","SPECIES","EXACT",98,2768885,6,7707728,196,1169,7683
"332","Asparagus officinalis",2768885,"Asparagus officinalis L.","ACCEPTED","SPECIES","EXACT",98,2768885,6,7707728,196,1169,7683
"333","Asparagus officinalis",2768885,"Asparagus officinalis L.","ACCEPTED","SPECIES","EXACT",98,2768885,6,7707728,196,1169,7683
"334","Convallaria majalis",7459480,"Convallaria majalis L.","ACCEPTED","SPECIES","EXACT",99,7459480,6,7707728,196,1169,7683
"335","Convallaria majalis",7459480,"Convallaria majalis L.","ACCEPTED","SPECIES","EXACT",99,7459480,6,7707728,196,1169,7683
"336","Convallaria majalis",7459480,"Convallaria majalis L.","ACCEPTED","SPECIES","EXACT",99,7459480,6,7707728,196,1169,7683
"337","Convallaria majalis",7459480,"Convallaria majalis L.","ACCEPTED","SPECIES","EXACT",99,7459480,6,7707728,196,1169,7683
"338","Hyacinthoides non-scripta",5304283,"Hyacinthoides non-scripta (L.) Chouard ex Rothm.","ACCEPTED","SPECIES","EXACT",97,5304283,6,7707728,196,1169,7683
"339","Hyacinthoides non-scripta",5304283,"Hyacinthoides non-scripta (L.) Chouard ex Rothm.","ACCEPTED","SPECIES","EXACT",97,5304283,6,7707728,196,1169,7683
"340","Hyacinthoides non-scripta",5304283,"Hyacinthoides non-scripta (L.) Chouard ex Rothm.","ACCEPTED","SPECIES","EXACT",97,5304283,6,7707728,196,1169,7683
"341","Hyacinthoides non-scripta",5304283,"Hyacinthoides non-scripta (L.) Chouard ex Rothm.","ACCEPTED","SPECIES","EXACT",97,5304283,6,7707728,196,1169,7683
"342","Maianthemum bifolium",2769317,"Maianthemum bifolium (L.) F.W.Schmidt","ACCEPTED","SPECIES","EXACT",98,2769317,6,7707728,196,1169,7683
"343","Maianthemum bifolium",2769317,"Maianthemum bifolium (L.) F.W.Schmidt","ACCEPTED","SPECIES","EXACT",98,2769317,6,7707728,196,1169,7683
"344","Maianthemum bifolium",2769317,"Maianthemum bifolium (L.) F.W.Schmidt","ACCEPTED","SPECIES","EXACT",98,2769317,6,7707728,196,1169,7683
"345","Maianthemum bifolium",2769317,"Maianthemum bifolium (L.) F.W.Schmidt","ACCEPTED","SPECIES","EXACT",98,2769317,6,7707728,196,1169,7683
"346","Muscari atlanticum",2772035,"Muscari atlanticum Boiss. & Reut.","ACCEPTED","SPECIES","EXACT",99,2772035,6,7707728,196,1169,7683
"347","Muscari atlanticum",2772035,"Muscari atlanticum Boiss. & Reut.","ACCEPTED","SPECIES","EXACT",99,2772035,6,7707728,196,1169,7683
"348","Muscari comosum",2769204,"Muscari comosum (L.) Mill.","ACCEPTED","SPECIES","EXACT",99,2769204,6,7707728,196,1169,7683
"349","Muscari comosum",2769204,"Muscari comosum (L.) Mill.","ACCEPTED","SPECIES","EXACT",99,2769204,6,7707728,196,1169,7683
"350","Muscari comosum",2769204,"Muscari comosum (L.) Mill.","ACCEPTED","SPECIES","EXACT",99,2769204,6,7707728,196,1169,7683
"351","Muscari comosum",2769204,"Muscari comosum (L.) Mill.","ACCEPTED","SPECIES","EXACT",99,2769204,6,7707728,196,1169,7683
"352","Ornithogalum pyrenaicum",2772902,"Ornithogalum pyrenaicum L.","ACCEPTED","SPECIES","EXACT",98,2772902,6,7707728,196,1169,7683
"353","Ornithogalum pyrenaicum",2772902,"Ornithogalum pyrenaicum L.","ACCEPTED","SPECIES","EXACT",98,2772902,6,7707728,196,1169,7683
"354","Ornithogalum pyrenaicum",2772902,"Ornithogalum pyrenaicum L.","ACCEPTED","SPECIES","EXACT",98,2772902,6,7707728,196,1169,7683
"355","Ornithogalum umbellatum",2773448,"Ornithogalum umbellatum L.","ACCEPTED","SPECIES","EXACT",99,2773448,6,7707728,196,1169,7683
"356","Ornithogalum umbellatum",2773448,"Ornithogalum umbellatum L.","ACCEPTED","SPECIES","EXACT",99,2773448,6,7707728,196,1169,7683
"357","Ornithogalum umbellatum",2773448,"Ornithogalum umbellatum L.","ACCEPTED","SPECIES","EXACT",99,2773448,6,7707728,196,1169,7683
"358","Ornithogalum umbellatum",2773448,"Ornithogalum umbellatum L.","ACCEPTED","SPECIES","EXACT",99,2773448,6,7707728,196,1169,7683
"359","Polygonatum multiflorum",2770022,"Polygonatum multiflorum (L.) All.","ACCEPTED","SPECIES","EXACT",98,2770022,6,7707728,196,1169,7683
"360","Polygonatum multiflorum",2770022,"Polygonatum multiflorum (L.) All.","ACCEPTED","SPECIES","EXACT",98,2770022,6,7707728,196,1169,7683
"361","Polygonatum multiflorum",2770022,"Polygonatum multiflorum (L.) All.","ACCEPTED","SPECIES","EXACT",98,2770022,6,7707728,196,1169,7683
"362","Polygonatum multiflorum",2770022,"Polygonatum multiflorum (L.) All.","ACCEPTED","SPECIES","EXACT",98,2770022,6,7707728,196,1169,7683
"363","Polygonatum odoratum",2770228,"Polygonatum odoratum (Mill.) Druce","ACCEPTED","SPECIES","EXACT",99,2770228,6,7707728,196,1169,7683
"364","Polygonatum odoratum",2770228,"Polygonatum odoratum (Mill.) Druce","ACCEPTED","SPECIES","EXACT",99,2770228,6,7707728,196,1169,7683
"365","Polygonatum odoratum",2770228,"Polygonatum odoratum (Mill.) Druce","ACCEPTED","SPECIES","EXACT",99,2770228,6,7707728,196,1169,7683
"366","Polygonatum verticillatum",2770004,"Polygonatum verticillatum (L.) All.","ACCEPTED","SPECIES","EXACT",98,2770004,6,7707728,196,1169,7683
"367","Polygonatum verticillatum",2770004,"Polygonatum verticillatum (L.) All.","ACCEPTED","SPECIES","EXACT",98,2770004,6,7707728,196,1169,7683
"368","Polygonatum verticillatum",2770004,"Polygonatum verticillatum (L.) All.","ACCEPTED","SPECIES","EXACT",98,2770004,6,7707728,196,1169,7683
"369","Scilla bifolia",2767506,"Scilla bifolia L.","ACCEPTED","SPECIES","EXACT",97,2767506,6,7707728,196,1169,7683
"370","Scilla bifolia",2767506,"Scilla bifolia L.","ACCEPTED","SPECIES","EXACT",97,2767506,6,7707728,196,1169,7683
"371","Scilla bifolia",2767506,"Scilla bifolia L.","ACCEPTED","SPECIES","EXACT",97,2767506,6,7707728,196,1169,7683
"372","Scilla bifolia",2767506,"Scilla bifolia L.","ACCEPTED","SPECIES","EXACT",97,2767506,6,7707728,196,1169,7683
"373","Asplenium adiantum-nigrum",2650594,"Asplenium adiantum-nigrum L.","ACCEPTED","SPECIES","EXACT",99,2650594,6,7707728,7228684,392,6625
"374","Asplenium adiantum-nigrum",2650594,"Asplenium adiantum-nigrum L.","ACCEPTED","SPECIES","EXACT",99,2650594,6,7707728,7228684,392,6625
"375","Asplenium adiantum-nigrum",2650594,"Asplenium adiantum-nigrum L.","ACCEPTED","SPECIES","EXACT",99,2650594,6,7707728,7228684,392,6625
"376","Asplenium adiantum-nigrum",2650594,"Asplenium adiantum-nigrum L.","ACCEPTED","SPECIES","EXACT",99,2650594,6,7707728,7228684,392,6625
"377","Asplenium ceterach",2650617,"Asplenium ceterach L.","ACCEPTED","SPECIES","EXACT",99,2650617,6,7707728,7228684,392,6625
"378","Asplenium ceterach",2650617,"Asplenium ceterach L.","ACCEPTED","SPECIES","EXACT",99,2650617,6,7707728,7228684,392,6625
"379","Asplenium ceterach",2650617,"Asplenium ceterach L.","ACCEPTED","SPECIES","EXACT",99,2650617,6,7707728,7228684,392,6625
"380","Asplenium ceterach",2650617,"Asplenium ceterach L.","ACCEPTED","SPECIES","EXACT",99,2650617,6,7707728,7228684,392,6625
"381","Asplenium fontanum",2650702,"Asplenium fontanum (L.) Bernh.","ACCEPTED","SPECIES","EXACT",99,2650702,6,7707728,7228684,392,6625
"382","Asplenium fontanum",2650702,"Asplenium fontanum (L.) Bernh.","ACCEPTED","SPECIES","EXACT",99,2650702,6,7707728,7228684,392,6625
"383","Asplenium ruta-muraria",2650625,"Asplenium ruta-muraria L.","ACCEPTED","SPECIES","EXACT",97,2650625,6,7707728,7228684,392,6625
"384","Asplenium ruta-muraria",2650625,"Asplenium ruta-muraria L.","ACCEPTED","SPECIES","EXACT",97,2650625,6,7707728,7228684,392,6625
"385","Asplenium ruta-muraria",2650625,"Asplenium ruta-muraria L.","ACCEPTED","SPECIES","EXACT",97,2650625,6,7707728,7228684,392,6625
"386","Asplenium ruta-muraria",2650625,"Asplenium ruta-muraria L.","ACCEPTED","SPECIES","EXACT",97,2650625,6,7707728,7228684,392,6625
"387","Asplenium scolopendrium",2650669,"Asplenium scolopendrium L.","ACCEPTED","SPECIES","EXACT",97,2650669,6,7707728,7228684,392,6625
"388","Asplenium scolopendrium",2650669,"Asplenium scolopendrium L.","ACCEPTED","SPECIES","EXACT",97,2650669,6,7707728,7228684,392,6625
"389","Asplenium scolopendrium",2650669,"Asplenium scolopendrium L.","ACCEPTED","SPECIES","EXACT",97,2650669,6,7707728,7228684,392,6625
"390","Asplenium scolopendrium",2650669,"Asplenium scolopendrium L.","ACCEPTED","SPECIES","EXACT",97,2650669,6,7707728,7228684,392,6625
"391","Asplenium septentrionale",2650720,"Asplenium septentrionale (L.) Hoffm.","ACCEPTED","SPECIES","EXACT",99,2650720,6,7707728,7228684,392,6625
"392","Asplenium septentrionale",2650720,"Asplenium septentrionale (L.) Hoffm.","ACCEPTED","SPECIES","EXACT",99,2650720,6,7707728,7228684,392,6625
"393","Asplenium septentrionale",2650720,"Asplenium septentrionale (L.) Hoffm.","ACCEPTED","SPECIES","EXACT",99,2650720,6,7707728,7228684,392,6625
"394","Asplenium trichomanes",8108066,"Asplenium trichomanes L.","ACCEPTED","SPECIES","EXACT",97,8108066,6,7707728,7228684,392,6625
"395","Asplenium trichomanes",8108066,"Asplenium trichomanes L.","ACCEPTED","SPECIES","EXACT",97,8108066,6,7707728,7228684,392,6625
"396","Asplenium trichomanes",8108066,"Asplenium trichomanes L.","ACCEPTED","SPECIES","EXACT",97,8108066,6,7707728,7228684,392,6625
"397","Asplenium trichomanes",8108066,"Asplenium trichomanes L.","ACCEPTED","SPECIES","EXACT",97,8108066,6,7707728,7228684,392,6625
"398","Asplenium viride",2650716,"Asplenium viride Huds.","ACCEPTED","SPECIES","EXACT",99,2650716,6,7707728,7228684,392,6625
"399","Asplenium viride",2650716,"Asplenium viride Huds.","ACCEPTED","SPECIES","EXACT",99,2650716,6,7707728,7228684,392,6625
"400","Athyrium filix-femina",5275044,"Athyrium filix-femina (L.) Roth","ACCEPTED","SPECIES","EXACT",97,5275044,6,7707728,7228684,392,4922264
"401","Athyrium filix-femina",5275044,"Athyrium filix-femina (L.) Roth","ACCEPTED","SPECIES","EXACT",97,5275044,6,7707728,7228684,392,4922264
"402","Athyrium filix-femina",5275044,"Athyrium filix-femina (L.) Roth","ACCEPTED","SPECIES","EXACT",97,5275044,6,7707728,7228684,392,4922264
"403","Athyrium filix-femina",5275044,"Athyrium filix-femina (L.) Roth","ACCEPTED","SPECIES","EXACT",97,5275044,6,7707728,7228684,392,4922264
"404","Cystopteris fragilis",2650818,"Cystopteris fragilis (L.) Bernh.","ACCEPTED","SPECIES","EXACT",98,2650818,6,7707728,7228684,392,4021011
"405","Cystopteris fragilis",2650818,"Cystopteris fragilis (L.) Bernh.","ACCEPTED","SPECIES","EXACT",98,2650818,6,7707728,7228684,392,4021011
"406","Cystopteris fragilis",2650818,"Cystopteris fragilis (L.) Bernh.","ACCEPTED","SPECIES","EXACT",98,2650818,6,7707728,7228684,392,4021011
"407","Cystopteris fragilis",2650818,"Cystopteris fragilis (L.) Bernh.","ACCEPTED","SPECIES","EXACT",98,2650818,6,7707728,7228684,392,4021011
"408","Gymnocarpium dryopteris",2650832,"Gymnocarpium dryopteris (L.) Newman","ACCEPTED","SPECIES","EXACT",97,2650832,6,7707728,7228684,392,4021011
"409","Gymnocarpium dryopteris",2650832,"Gymnocarpium dryopteris (L.) Newman","ACCEPTED","SPECIES","EXACT",97,2650832,6,7707728,7228684,392,4021011
"410","Gymnocarpium dryopteris",2650832,"Gymnocarpium dryopteris (L.) Newman","ACCEPTED","SPECIES","EXACT",97,2650832,6,7707728,7228684,392,4021011
"411","Gymnocarpium robertianum",2650841,"Gymnocarpium robertianum (Hoffm.) Newman","ACCEPTED","SPECIES","EXACT",97,2650841,6,7707728,7228684,392,4021011
"412","Gymnocarpium robertianum",2650841,"Gymnocarpium robertianum (Hoffm.) Newman","ACCEPTED","SPECIES","EXACT",97,2650841,6,7707728,7228684,392,4021011
"413","Gymnocarpium robertianum",2650841,"Gymnocarpium robertianum (Hoffm.) Newman","ACCEPTED","SPECIES","EXACT",97,2650841,6,7707728,7228684,392,4021011
"414","Phegopteris connectilis",2651330,"Phegopteris connectilis (Michx.) Watt","ACCEPTED","SPECIES","EXACT",99,2651330,6,7707728,7228684,392,6618
"415","Phegopteris connectilis",2651330,"Phegopteris connectilis (Michx.) Watt","ACCEPTED","SPECIES","EXACT",99,2651330,6,7707728,7228684,392,6618
"416","Phegopteris connectilis",2651330,"Phegopteris connectilis (Michx.) Watt","ACCEPTED","SPECIES","EXACT",99,2651330,6,7707728,7228684,392,6618
"417","Thelypteris palustris",5275316,"Thelypteris palustris Schott","ACCEPTED","SPECIES","EXACT",99,5275316,6,7707728,7228684,392,6618
"418","Thelypteris palustris",5275316,"Thelypteris palustris Schott","ACCEPTED","SPECIES","EXACT",99,5275316,6,7707728,7228684,392,6618
"419","Thelypteris palustris",5275316,"Thelypteris palustris Schott","ACCEPTED","SPECIES","EXACT",99,5275316,6,7707728,7228684,392,6618
"420","Achillea millefolium",3120060,"Achillea millefolium L.","ACCEPTED","SPECIES","EXACT",98,3120060,6,7707728,220,414,3065
"421","Achillea millefolium",3120060,"Achillea millefolium L.","ACCEPTED","SPECIES","EXACT",98,3120060,6,7707728,220,414,3065
"422","Achillea millefolium",3120060,"Achillea millefolium L.","ACCEPTED","SPECIES","EXACT",98,3120060,6,7707728,220,414,3065
"423","Achillea millefolium",3120060,"Achillea millefolium L.","ACCEPTED","SPECIES","EXACT",98,3120060,6,7707728,220,414,3065
"424","Achillea ptarmica",3120333,"Achillea ptarmica L.","ACCEPTED","SPECIES","EXACT",98,3120333,6,7707728,220,414,3065
"425","Achillea ptarmica",3120333,"Achillea ptarmica L.","ACCEPTED","SPECIES","EXACT",98,3120333,6,7707728,220,414,3065
"426","Achillea ptarmica",3120333,"Achillea ptarmica L.","ACCEPTED","SPECIES","EXACT",98,3120333,6,7707728,220,414,3065
"427","Achillea ptarmica",3120333,"Achillea ptarmica L.","ACCEPTED","SPECIES","EXACT",98,3120333,6,7707728,220,414,3065
"428","Antennaria dioica",5385604,"Antennaria dioica (L.) Gaertn.","ACCEPTED","SPECIES","EXACT",99,5385604,6,7707728,220,414,3065
"429","Antennaria dioica",5385604,"Antennaria dioica (L.) Gaertn.","ACCEPTED","SPECIES","EXACT",99,5385604,6,7707728,220,414,3065
"430","Antennaria dioica",5385604,"Antennaria dioica (L.) Gaertn.","ACCEPTED","SPECIES","EXACT",99,5385604,6,7707728,220,414,3065
"431","Anthemis arvensis",3102781,"Anthemis arvensis L.","ACCEPTED","SPECIES","EXACT",97,3102781,6,7707728,220,414,3065
"432","Anthemis arvensis",3102781,"Anthemis arvensis L.","ACCEPTED","SPECIES","EXACT",97,3102781,6,7707728,220,414,3065
"433","Anthemis arvensis",3102781,"Anthemis arvensis L.","ACCEPTED","SPECIES","EXACT",97,3102781,6,7707728,220,414,3065
"434","Anthemis cotula",8035698,"Anthemis cotula L.","ACCEPTED","SPECIES","EXACT",97,8035698,6,7707728,220,414,3065
"435","Anthemis cotula",8035698,"Anthemis cotula L.","ACCEPTED","SPECIES","EXACT",97,8035698,6,7707728,220,414,3065
"436","Anthemis cotula",8035698,"Anthemis cotula L.","ACCEPTED","SPECIES","EXACT",97,8035698,6,7707728,220,414,3065
"437","Anthemis tinctoria",3102756,"Anthemis tinctoria L.","SYNONYM","SPECIES","EXACT",98,7066062,6,7707728,220,414,3065
"438","Anthemis tinctoria",3102756,"Anthemis tinctoria L.","SYNONYM","SPECIES","EXACT",98,7066062,6,7707728,220,414,3065
"439","Anthemis tinctoria",3102756,"Anthemis tinctoria L.","SYNONYM","SPECIES","EXACT",98,7066062,6,7707728,220,414,3065
"440","Anthemis tinctoria",3102756,"Anthemis tinctoria L.","SYNONYM","SPECIES","EXACT",98,7066062,6,7707728,220,414,3065
"441","Arctium lappa",7353729,"Arctium lappa L.","ACCEPTED","SPECIES","EXACT",97,7353729,6,7707728,220,414,3065
"442","Arctium lappa",7353729,"Arctium lappa L.","ACCEPTED","SPECIES","EXACT",97,7353729,6,7707728,220,414,3065
"443","Arctium lappa",7353729,"Arctium lappa L.","ACCEPTED","SPECIES","EXACT",97,7353729,6,7707728,220,414,3065
"444","Arctium lappa",7353729,"Arctium lappa L.","ACCEPTED","SPECIES","EXACT",97,7353729,6,7707728,220,414,3065
"445","Arctium minus",5393103,"Arctium minus (Hill) Bernh.","ACCEPTED","SPECIES","EXACT",98,5393103,6,7707728,220,414,3065
"446","Arctium minus",5393103,"Arctium minus (Hill) Bernh.","ACCEPTED","SPECIES","EXACT",98,5393103,6,7707728,220,414,3065
"447","Arctium minus",5393103,"Arctium minus (Hill) Bernh.","ACCEPTED","SPECIES","EXACT",98,5393103,6,7707728,220,414,3065
"448","Arctium minus",5393103,"Arctium minus (Hill) Bernh.","ACCEPTED","SPECIES","EXACT",98,5393103,6,7707728,220,414,3065
"449","Arctium nemorosum",5393111,"Arctium nemorosum Lej.","ACCEPTED","SPECIES","EXACT",99,5393111,6,7707728,220,414,3065
"450","Arctium nemorosum",5393111,"Arctium nemorosum Lej.","ACCEPTED","SPECIES","EXACT",99,5393111,6,7707728,220,414,3065
"451","Arctium nemorosum",5393111,"Arctium nemorosum Lej.","ACCEPTED","SPECIES","EXACT",99,5393111,6,7707728,220,414,3065
"452","Arctium tomentosum",5393080,"Arctium tomentosum Mill.","ACCEPTED","SPECIES","EXACT",99,5393080,6,7707728,220,414,3065
"453","Arctium tomentosum",5393080,"Arctium tomentosum Mill.","ACCEPTED","SPECIES","EXACT",99,5393080,6,7707728,220,414,3065
"454","Arctium tomentosum",5393080,"Arctium tomentosum Mill.","ACCEPTED","SPECIES","EXACT",99,5393080,6,7707728,220,414,3065
"455","Arctium tomentosum",5393080,"Arctium tomentosum Mill.","ACCEPTED","SPECIES","EXACT",99,5393080,6,7707728,220,414,3065
"456","Arnica montana",5405976,"Arnica montana L.","ACCEPTED","SPECIES","EXACT",97,5405976,6,7707728,220,414,3065
"457","Arnica montana",5405976,"Arnica montana L.","ACCEPTED","SPECIES","EXACT",97,5405976,6,7707728,220,414,3065
"458","Arnica montana",5405976,"Arnica montana L.","ACCEPTED","SPECIES","EXACT",97,5405976,6,7707728,220,414,3065
"459","Arnoseris minima",3087403,"Arnoseris minima (L.) Schweigg. & Körte","ACCEPTED","SPECIES","EXACT",98,3087403,6,7707728,220,414,3065
"460","Arnoseris minima",3087403,"Arnoseris minima (L.) Schweigg. & Körte","ACCEPTED","SPECIES","EXACT",98,3087403,6,7707728,220,414,3065
"461","Artemisia absinthium",3121319,"Artemisia absinthium L.","ACCEPTED","SPECIES","EXACT",99,3121319,6,7707728,220,414,3065
"462","Artemisia absinthium",3121319,"Artemisia absinthium L.","ACCEPTED","SPECIES","EXACT",99,3121319,6,7707728,220,414,3065
"463","Artemisia absinthium",3121319,"Artemisia absinthium L.","ACCEPTED","SPECIES","EXACT",99,3121319,6,7707728,220,414,3065
"464","Artemisia alba",3121088,"Artemisia alba Turra","ACCEPTED","SPECIES","EXACT",97,3121088,6,7707728,220,414,3065
"465","Artemisia alba",3121088,"Artemisia alba Turra","ACCEPTED","SPECIES","EXACT",97,3121088,6,7707728,220,414,3065
"466","Artemisia campestris",3121461,"Artemisia campestris L.","ACCEPTED","SPECIES","EXACT",97,3121461,6,7707728,220,414,3065
"467","Artemisia campestris",3121461,"Artemisia campestris L.","ACCEPTED","SPECIES","EXACT",97,3121461,6,7707728,220,414,3065
"468","Artemisia campestris",3121461,"Artemisia campestris L.","ACCEPTED","SPECIES","EXACT",97,3121461,6,7707728,220,414,3065
"469","Artemisia maritima",3121650,"Artemisia maritima L.","ACCEPTED","SPECIES","EXACT",97,3121650,6,7707728,220,414,3065
"470","Artemisia maritima",3121650,"Artemisia maritima L.","ACCEPTED","SPECIES","EXACT",97,3121650,6,7707728,220,414,3065
"471","Artemisia vulgaris",3120946,"Artemisia vulgaris L.","ACCEPTED","SPECIES","EXACT",97,3120946,6,7707728,220,414,3065
"472","Artemisia vulgaris",3120946,"Artemisia vulgaris L.","ACCEPTED","SPECIES","EXACT",97,3120946,6,7707728,220,414,3065
"473","Artemisia vulgaris",3120946,"Artemisia vulgaris L.","ACCEPTED","SPECIES","EXACT",97,3120946,6,7707728,220,414,3065
"474","Artemisia vulgaris",3120946,"Artemisia vulgaris L.","ACCEPTED","SPECIES","EXACT",97,3120946,6,7707728,220,414,3065
"475","Aster linosyris",8180503,"Aster linosyris Rouy","ACCEPTED","SPECIES","EXACT",97,8180503,6,7707728,220,414,3065
"476","Aster linosyris",8180503,"Aster linosyris Rouy","ACCEPTED","SPECIES","EXACT",97,8180503,6,7707728,220,414,3065
"477","Bellis perennis",3117424,"Bellis perennis L.","ACCEPTED","SPECIES","EXACT",99,3117424,6,7707728,220,414,3065
"478","Bellis perennis",3117424,"Bellis perennis L.","ACCEPTED","SPECIES","EXACT",99,3117424,6,7707728,220,414,3065
"479","Bellis perennis",3117424,"Bellis perennis L.","ACCEPTED","SPECIES","EXACT",99,3117424,6,7707728,220,414,3065
"480","Bellis perennis",3117424,"Bellis perennis L.","ACCEPTED","SPECIES","EXACT",99,3117424,6,7707728,220,414,3065
"481","Bidens cernua",5391710,"Bidens cernua L.","ACCEPTED","SPECIES","EXACT",99,5391710,6,7707728,220,414,3065
"482","Bidens cernua",5391710,"Bidens cernua L.","ACCEPTED","SPECIES","EXACT",99,5391710,6,7707728,220,414,3065
"483","Bidens cernua",5391710,"Bidens cernua L.","ACCEPTED","SPECIES","EXACT",99,5391710,6,7707728,220,414,3065
"484","Bidens cernua",5391710,"Bidens cernua L.","ACCEPTED","SPECIES","EXACT",99,5391710,6,7707728,220,414,3065
"485","Bidens tripartita",5391862,"Bidens tripartita L.","ACCEPTED","SPECIES","EXACT",97,5391862,6,7707728,220,414,3065
"486","Bidens tripartita",5391862,"Bidens tripartita L.","ACCEPTED","SPECIES","EXACT",97,5391862,6,7707728,220,414,3065
"487","Bidens tripartita",5391862,"Bidens tripartita L.","ACCEPTED","SPECIES","EXACT",97,5391862,6,7707728,220,414,3065
"488","Bidens tripartita",5391862,"Bidens tripartita L.","ACCEPTED","SPECIES","EXACT",97,5391862,6,7707728,220,414,3065
"489","Buphthalmum salicifolium",5391074,"Buphthalmum salicifolium L.","ACCEPTED","SPECIES","EXACT",99,5391074,6,7707728,220,414,3065
"490","Buphthalmum salicifolium",5391074,"Buphthalmum salicifolium L.","ACCEPTED","SPECIES","EXACT",99,5391074,6,7707728,220,414,3065
"491","Buphthalmum salicifolium",5391074,"Buphthalmum salicifolium L.","ACCEPTED","SPECIES","EXACT",99,5391074,6,7707728,220,414,3065
"492","Carduus crispus",3114649,"Carduus crispus L.","ACCEPTED","SPECIES","EXACT",97,3114649,6,7707728,220,414,3065
"493","Carduus crispus",3114649,"Carduus crispus L.","ACCEPTED","SPECIES","EXACT",97,3114649,6,7707728,220,414,3065
"494","Carduus crispus",3114649,"Carduus crispus L.","ACCEPTED","SPECIES","EXACT",97,3114649,6,7707728,220,414,3065
"495","Carduus crispus",3114649,"Carduus crispus L.","ACCEPTED","SPECIES","EXACT",97,3114649,6,7707728,220,414,3065
"496","Carduus nutans",8185959,"Carduus nutans L.","ACCEPTED","SPECIES","EXACT",97,8185959,6,7707728,220,414,3065
"497","Carduus nutans",8185959,"Carduus nutans L.","ACCEPTED","SPECIES","EXACT",97,8185959,6,7707728,220,414,3065
"498","Carduus nutans",8185959,"Carduus nutans L.","ACCEPTED","SPECIES","EXACT",97,8185959,6,7707728,220,414,3065
"499","Carduus tenuiflorus",3114627,"Carduus tenuiflorus Curtis","ACCEPTED","SPECIES","EXACT",99,3114627,6,7707728,220,414,3065
"500","Carduus tenuiflorus",3114627,"Carduus tenuiflorus Curtis","ACCEPTED","SPECIES","EXACT",99,3114627,6,7707728,220,414,3065
"501","Carduus tenuiflorus",3114627,"Carduus tenuiflorus Curtis","ACCEPTED","SPECIES","EXACT",99,3114627,6,7707728,220,414,3065
"502","Carlina vulgaris",3105380,"Carlina vulgaris L.","ACCEPTED","SPECIES","EXACT",98,3105380,6,7707728,220,414,3065
"503","Carlina vulgaris",3105380,"Carlina vulgaris L.","ACCEPTED","SPECIES","EXACT",98,3105380,6,7707728,220,414,3065
"504","Carlina vulgaris",3105380,"Carlina vulgaris L.","ACCEPTED","SPECIES","EXACT",98,3105380,6,7707728,220,414,3065
"505","Centaurea calcitrapa",3128483,"Centaurea calcitrapa L.","ACCEPTED","SPECIES","EXACT",97,3128483,6,7707728,220,414,3065
"506","Centaurea calcitrapa",3128483,"Centaurea calcitrapa L.","ACCEPTED","SPECIES","EXACT",97,3128483,6,7707728,220,414,3065
"507","Centaurea calcitrapa",3128483,"Centaurea calcitrapa L.","ACCEPTED","SPECIES","EXACT",97,3128483,6,7707728,220,414,3065
"508","Centaurea cyanus",3089561,"Centaurea cyanus L.","ACCEPTED","SPECIES","EXACT",99,3089561,6,7707728,220,414,3065
"509","Centaurea cyanus",3089561,"Centaurea cyanus L.","ACCEPTED","SPECIES","EXACT",99,3089561,6,7707728,220,414,3065
"510","Centaurea cyanus",3089561,"Centaurea cyanus L.","ACCEPTED","SPECIES","EXACT",99,3089561,6,7707728,220,414,3065
"511","Centaurea cyanus",3089561,"Centaurea cyanus L.","ACCEPTED","SPECIES","EXACT",99,3089561,6,7707728,220,414,3065
"512","Centaurea jacea",3128547,"Centaurea jacea L.","ACCEPTED","SPECIES","EXACT",99,3128547,6,7707728,220,414,3065
"513","Centaurea jacea",3128547,"Centaurea jacea L.","ACCEPTED","SPECIES","EXACT",99,3128547,6,7707728,220,414,3065
"514","Centaurea jacea",3128547,"Centaurea jacea L.","ACCEPTED","SPECIES","EXACT",99,3128547,6,7707728,220,414,3065
"515","Centaurea jacea",3128547,"Centaurea jacea L.","ACCEPTED","SPECIES","EXACT",99,3128547,6,7707728,220,414,3065
"516","Centaurea montana",9023462,"Centaurea montana L.","ACCEPTED","SPECIES","EXACT",97,9023462,6,7707728,220,414,3065
"517","Centaurea montana",9023462,"Centaurea montana L.","ACCEPTED","SPECIES","EXACT",97,9023462,6,7707728,220,414,3065
"518","Centaurea montana",9023462,"Centaurea montana L.","ACCEPTED","SPECIES","EXACT",97,9023462,6,7707728,220,414,3065
"519","Centaurea montana",9023462,"Centaurea montana L.","ACCEPTED","SPECIES","EXACT",97,9023462,6,7707728,220,414,3065
"520","Centaurea scabiosa",8087525,"Centaurea scabiosa L.","ACCEPTED","SPECIES","EXACT",97,8087525,6,7707728,220,414,3065
"521","Centaurea scabiosa",8087525,"Centaurea scabiosa L.","ACCEPTED","SPECIES","EXACT",97,8087525,6,7707728,220,414,3065
"522","Centaurea scabiosa",8087525,"Centaurea scabiosa L.","ACCEPTED","SPECIES","EXACT",97,8087525,6,7707728,220,414,3065
"523","Centaurea scabiosa",8087525,"Centaurea scabiosa L.","ACCEPTED","SPECIES","EXACT",97,8087525,6,7707728,220,414,3065
"524","Cichorium intybus",5392252,"Cichorium intybus L.","ACCEPTED","SPECIES","EXACT",99,5392252,6,7707728,220,414,3065
"525","Cichorium intybus",5392252,"Cichorium intybus L.","ACCEPTED","SPECIES","EXACT",99,5392252,6,7707728,220,414,3065
"526","Cichorium intybus",5392252,"Cichorium intybus L.","ACCEPTED","SPECIES","EXACT",99,5392252,6,7707728,220,414,3065
"527","Cichorium intybus",5392252,"Cichorium intybus L.","ACCEPTED","SPECIES","EXACT",99,5392252,6,7707728,220,414,3065
"528","Cirsium acaule",3112799,"Cirsium acaule (L.) Scop.","ACCEPTED","SPECIES","EXACT",97,3112799,6,7707728,220,414,3065
"529","Cirsium acaule",3112799,"Cirsium acaule (L.) Scop.","ACCEPTED","SPECIES","EXACT",97,3112799,6,7707728,220,414,3065
"530","Cirsium acaule",3112799,"Cirsium acaule (L.) Scop.","ACCEPTED","SPECIES","EXACT",97,3112799,6,7707728,220,414,3065
"531","Cirsium arvense",3113414,"Cirsium arvense (L.) Scop.","ACCEPTED","SPECIES","EXACT",99,3113414,6,7707728,220,414,3065
"532","Cirsium arvense",3113414,"Cirsium arvense (L.) Scop.","ACCEPTED","SPECIES","EXACT",99,3113414,6,7707728,220,414,3065
"533","Cirsium arvense",3113414,"Cirsium arvense (L.) Scop.","ACCEPTED","SPECIES","EXACT",99,3113414,6,7707728,220,414,3065
"534","Cirsium arvense",3113414,"Cirsium arvense (L.) Scop.","ACCEPTED","SPECIES","EXACT",99,3113414,6,7707728,220,414,3065
"535","Cirsium dissectum",3113784,"Cirsium dissectum (L.) Hill","ACCEPTED","SPECIES","EXACT",99,3113784,6,7707728,220,414,3065
"536","Cirsium dissectum",3113784,"Cirsium dissectum (L.) Hill","ACCEPTED","SPECIES","EXACT",99,3113784,6,7707728,220,414,3065
"537","Cirsium dissectum",3113784,"Cirsium dissectum (L.) Hill","ACCEPTED","SPECIES","EXACT",99,3113784,6,7707728,220,414,3065
"538","Cirsium eriophorum",3112620,"Cirsium eriophorum (L.) Scop.","SYNONYM","SPECIES","EXACT",98,12171609,6,7707728,220,414,3065
"539","Cirsium eriophorum",3112620,"Cirsium eriophorum (L.) Scop.","SYNONYM","SPECIES","EXACT",98,12171609,6,7707728,220,414,3065
"540","Cirsium eriophorum",3112620,"Cirsium eriophorum (L.) Scop.","SYNONYM","SPECIES","EXACT",98,12171609,6,7707728,220,414,3065
"541","Cirsium oleraceum",3113650,"Cirsium oleraceum (L.) Scop.","ACCEPTED","SPECIES","EXACT",99,3113650,6,7707728,220,414,3065
"542","Cirsium oleraceum",3113650,"Cirsium oleraceum (L.) Scop.","ACCEPTED","SPECIES","EXACT",99,3113650,6,7707728,220,414,3065
"543","Cirsium oleraceum",3113650,"Cirsium oleraceum (L.) Scop.","ACCEPTED","SPECIES","EXACT",99,3113650,6,7707728,220,414,3065
"544","Cirsium oleraceum",3113650,"Cirsium oleraceum (L.) Scop.","ACCEPTED","SPECIES","EXACT",99,3113650,6,7707728,220,414,3065
"545","Cirsium palustre",3113239,"Cirsium palustre (L.) Scop.","ACCEPTED","SPECIES","EXACT",97,3113239,6,7707728,220,414,3065
"546","Cirsium palustre",3113239,"Cirsium palustre (L.) Scop.","ACCEPTED","SPECIES","EXACT",97,3113239,6,7707728,220,414,3065
"547","Cirsium palustre",3113239,"Cirsium palustre (L.) Scop.","ACCEPTED","SPECIES","EXACT",97,3113239,6,7707728,220,414,3065
"548","Cirsium palustre",3113239,"Cirsium palustre (L.) Scop.","ACCEPTED","SPECIES","EXACT",97,3113239,6,7707728,220,414,3065
"549","Cirsium vulgare",3112801,"Cirsium vulgare (Savi) Ten.","ACCEPTED","SPECIES","EXACT",97,3112801,6,7707728,220,414,3065
"550","Cirsium vulgare",3112801,"Cirsium vulgare (Savi) Ten.","ACCEPTED","SPECIES","EXACT",97,3112801,6,7707728,220,414,3065
"551","Cirsium vulgare",3112801,"Cirsium vulgare (Savi) Ten.","ACCEPTED","SPECIES","EXACT",97,3112801,6,7707728,220,414,3065
"552","Cirsium vulgare",3112801,"Cirsium vulgare (Savi) Ten.","ACCEPTED","SPECIES","EXACT",97,3112801,6,7707728,220,414,3065
"553","Crepis biennis",5403531,"Crepis biennis L.","ACCEPTED","SPECIES","EXACT",97,5403531,6,7707728,220,414,3065
"554","Crepis biennis",5403531,"Crepis biennis L.","ACCEPTED","SPECIES","EXACT",97,5403531,6,7707728,220,414,3065
"555","Crepis biennis",5403531,"Crepis biennis L.","ACCEPTED","SPECIES","EXACT",97,5403531,6,7707728,220,414,3065
"556","Crepis biennis",5403531,"Crepis biennis L.","ACCEPTED","SPECIES","EXACT",97,5403531,6,7707728,220,414,3065
"557","Crepis capillaris",5403304,"Crepis capillaris (L.) Wallr.","ACCEPTED","SPECIES","EXACT",99,5403304,6,7707728,220,414,3065
"558","Crepis capillaris",5403304,"Crepis capillaris (L.) Wallr.","ACCEPTED","SPECIES","EXACT",99,5403304,6,7707728,220,414,3065
"559","Crepis capillaris",5403304,"Crepis capillaris (L.) Wallr.","ACCEPTED","SPECIES","EXACT",99,5403304,6,7707728,220,414,3065
"560","Crepis capillaris",5403304,"Crepis capillaris (L.) Wallr.","ACCEPTED","SPECIES","EXACT",99,5403304,6,7707728,220,414,3065
"561","Crepis foetida",5403470,"Crepis foetida L.","ACCEPTED","SPECIES","EXACT",99,5403470,6,7707728,220,414,3065
"562","Crepis foetida",5403470,"Crepis foetida L.","ACCEPTED","SPECIES","EXACT",99,5403470,6,7707728,220,414,3065
"563","Crepis foetida",5403470,"Crepis foetida L.","ACCEPTED","SPECIES","EXACT",99,5403470,6,7707728,220,414,3065
"564","Crepis paludosa",5403296,"Crepis paludosa (L.) Moench","ACCEPTED","SPECIES","EXACT",99,5403296,6,7707728,220,414,3065
"565","Crepis paludosa",5403296,"Crepis paludosa (L.) Moench","ACCEPTED","SPECIES","EXACT",99,5403296,6,7707728,220,414,3065
"566","Crepis paludosa",5403296,"Crepis paludosa (L.) Moench","ACCEPTED","SPECIES","EXACT",99,5403296,6,7707728,220,414,3065
"567","Crepis paludosa",5403296,"Crepis paludosa (L.) Moench","ACCEPTED","SPECIES","EXACT",99,5403296,6,7707728,220,414,3065
"568","Crepis praemorsa",5403302,"Crepis praemorsa (L.) Tausch","ACCEPTED","SPECIES","EXACT",98,5403302,6,7707728,220,414,3065
"569","Crepis praemorsa",5403302,"Crepis praemorsa (L.) Tausch","ACCEPTED","SPECIES","EXACT",98,5403302,6,7707728,220,414,3065
"570","Crepis vesicaria",5403709,"Crepis vesicaria L.","ACCEPTED","SPECIES","EXACT",98,5403709,6,7707728,220,414,3065
"571","Crepis vesicaria",5403709,"Crepis vesicaria L.","ACCEPTED","SPECIES","EXACT",98,5403709,6,7707728,220,414,3065
"572","Crepis vesicaria",5403709,"Crepis vesicaria L.","ACCEPTED","SPECIES","EXACT",98,5403709,6,7707728,220,414,3065
"573","Crepis vesicaria",5403709,"Crepis vesicaria L.","ACCEPTED","SPECIES","EXACT",98,5403709,6,7707728,220,414,3065
"574","Doronicum pardalianches",3142951,"Doronicum pardalianches L.","ACCEPTED","SPECIES","EXACT",97,3142951,6,7707728,220,414,3065
"575","Doronicum pardalianches",3142951,"Doronicum pardalianches L.","ACCEPTED","SPECIES","EXACT",97,3142951,6,7707728,220,414,3065
"576","Doronicum pardalianches",3142951,"Doronicum pardalianches L.","ACCEPTED","SPECIES","EXACT",97,3142951,6,7707728,220,414,3065
"577","Doronicum pardalianches",3142951,"Doronicum pardalianches L.","ACCEPTED","SPECIES","EXACT",97,3142951,6,7707728,220,414,3065
"578","Erigeron acris",3147080,"Erigeron acris L.","ACCEPTED","SPECIES","EXACT",97,3147080,6,7707728,220,414,3065
"579","Erigeron acris",3147080,"Erigeron acris L.","ACCEPTED","SPECIES","EXACT",97,3147080,6,7707728,220,414,3065
"580","Erigeron acris",3147080,"Erigeron acris L.","ACCEPTED","SPECIES","EXACT",97,3147080,6,7707728,220,414,3065
"581","Eupatorium cannabinum",5402943,"Eupatorium cannabinum L.","ACCEPTED","SPECIES","EXACT",99,5402943,6,7707728,220,414,3065
"582","Eupatorium cannabinum",5402943,"Eupatorium cannabinum L.","ACCEPTED","SPECIES","EXACT",99,5402943,6,7707728,220,414,3065
"583","Eupatorium cannabinum",5402943,"Eupatorium cannabinum L.","ACCEPTED","SPECIES","EXACT",99,5402943,6,7707728,220,414,3065
"584","Eupatorium cannabinum",5402943,"Eupatorium cannabinum L.","ACCEPTED","SPECIES","EXACT",99,5402943,6,7707728,220,414,3065
"585","Filago arvensis",3115875,"Filago arvensis L.","ACCEPTED","SPECIES","EXACT",98,3115875,6,7707728,220,414,3065
"586","Filago arvensis",3115875,"Filago arvensis L.","ACCEPTED","SPECIES","EXACT",98,3115875,6,7707728,220,414,3065
"587","Filago arvensis",3115875,"Filago arvensis L.","ACCEPTED","SPECIES","EXACT",98,3115875,6,7707728,220,414,3065
"588","Filago germanica",7533148,"Filago germanica L.","ACCEPTED","SPECIES","EXACT",97,7533148,6,7707728,220,414,3065
"589","Filago germanica",7533148,"Filago germanica L.","ACCEPTED","SPECIES","EXACT",97,7533148,6,7707728,220,414,3065
"590","Filago germanica",7533148,"Filago germanica L.","ACCEPTED","SPECIES","EXACT",97,7533148,6,7707728,220,414,3065
"591","Filago lutescens",3115897,"Filago lutescens Jord.","ACCEPTED","SPECIES","EXACT",99,3115897,6,7707728,220,414,3065
"592","Filago lutescens",3115897,"Filago lutescens Jord.","ACCEPTED","SPECIES","EXACT",99,3115897,6,7707728,220,414,3065
"593","Filago lutescens",3115897,"Filago lutescens Jord.","ACCEPTED","SPECIES","EXACT",99,3115897,6,7707728,220,414,3065
"594","Filago pyramidata",3115755,"Filago pyramidata L.","ACCEPTED","SPECIES","EXACT",97,3115755,6,7707728,220,414,3065
"595","Filago pyramidata",3115755,"Filago pyramidata L.","ACCEPTED","SPECIES","EXACT",97,3115755,6,7707728,220,414,3065
"596","Filago pyramidata",3115755,"Filago pyramidata L.","ACCEPTED","SPECIES","EXACT",97,3115755,6,7707728,220,414,3065
"597","Glebionis segetum",3141101,"Glebionis segetum (L.) Fourr.","ACCEPTED","SPECIES","EXACT",99,3141101,6,7707728,220,414,3065
"598","Glebionis segetum",3141101,"Glebionis segetum (L.) Fourr.","ACCEPTED","SPECIES","EXACT",99,3141101,6,7707728,220,414,3065
"599","Glebionis segetum",3141101,"Glebionis segetum (L.) Fourr.","ACCEPTED","SPECIES","EXACT",99,3141101,6,7707728,220,414,3065
"600","Glebionis segetum",3141101,"Glebionis segetum (L.) Fourr.","ACCEPTED","SPECIES","EXACT",99,3141101,6,7707728,220,414,3065
"601","Gnaphalium luteoalbum",5404874,"Gnaphalium luteoalbum L.","SYNONYM","SPECIES","EXACT",98,3131229,6,7707728,220,414,3065
"602","Gnaphalium luteoalbum",5404874,"Gnaphalium luteoalbum L.","SYNONYM","SPECIES","EXACT",98,3131229,6,7707728,220,414,3065
"603","Gnaphalium luteoalbum",5404874,"Gnaphalium luteoalbum L.","SYNONYM","SPECIES","EXACT",98,3131229,6,7707728,220,414,3065
"604","Gnaphalium luteoalbum",5404874,"Gnaphalium luteoalbum L.","SYNONYM","SPECIES","EXACT",98,3131229,6,7707728,220,414,3065
"605","Gnaphalium sylvaticum",7995437,"Gnaphalium sylvaticum Sm.","ACCEPTED","SPECIES","EXACT",97,7995437,6,7707728,220,414,3065
"606","Gnaphalium sylvaticum",7995437,"Gnaphalium sylvaticum Sm.","ACCEPTED","SPECIES","EXACT",97,7995437,6,7707728,220,414,3065
"607","Gnaphalium sylvaticum",7995437,"Gnaphalium sylvaticum Sm.","ACCEPTED","SPECIES","EXACT",97,7995437,6,7707728,220,414,3065
"608","Gnaphalium uliginosum",5390848,"Gnaphalium uliginosum L.","ACCEPTED","SPECIES","EXACT",97,5390848,6,7707728,220,414,3065
"609","Gnaphalium uliginosum",5390848,"Gnaphalium uliginosum L.","ACCEPTED","SPECIES","EXACT",97,5390848,6,7707728,220,414,3065
"610","Gnaphalium uliginosum",5390848,"Gnaphalium uliginosum L.","ACCEPTED","SPECIES","EXACT",97,5390848,6,7707728,220,414,3065
"611","Gnaphalium uliginosum",5390848,"Gnaphalium uliginosum L.","ACCEPTED","SPECIES","EXACT",97,5390848,6,7707728,220,414,3065
"612","Helichrysum arenarium",3131809,"Helichrysum arenarium (L.) Moench","ACCEPTED","SPECIES","EXACT",97,3131809,6,7707728,220,414,3065
"613","Helichrysum arenarium",3131809,"Helichrysum arenarium (L.) Moench","ACCEPTED","SPECIES","EXACT",97,3131809,6,7707728,220,414,3065
"614","Helminthotheca echioides",3141855,"Helminthotheca echioides (L) Holub","ACCEPTED","SPECIES","EXACT",97,3141855,6,7707728,220,414,3065
"615","Helminthotheca echioides",3141855,"Helminthotheca echioides (L) Holub","ACCEPTED","SPECIES","EXACT",97,3141855,6,7707728,220,414,3065
"616","Helminthotheca echioides",3141855,"Helminthotheca echioides (L) Holub","ACCEPTED","SPECIES","EXACT",97,3141855,6,7707728,220,414,3065
"617","Helminthotheca echioides",3141855,"Helminthotheca echioides (L) Holub","ACCEPTED","SPECIES","EXACT",97,3141855,6,7707728,220,414,3065
"618","Hieracium glaucinum",9689880,"Hieracium glaucinum Jord.","ACCEPTED","SPECIES","EXACT",99,9689880,6,7707728,220,414,3065
"619","Hieracium glaucinum",9689880,"Hieracium glaucinum Jord.","ACCEPTED","SPECIES","EXACT",99,9689880,6,7707728,220,414,3065
"620","Hieracium glaucinum",9689880,"Hieracium glaucinum Jord.","ACCEPTED","SPECIES","EXACT",99,9689880,6,7707728,220,414,3065
"621","Hieracium laevigatum",3135064,"Hieracium laevigatum Willd.","ACCEPTED","SPECIES","EXACT",97,3135064,6,7707728,220,414,3065
"622","Hieracium laevigatum",3135064,"Hieracium laevigatum Willd.","ACCEPTED","SPECIES","EXACT",97,3135064,6,7707728,220,414,3065
"623","Hieracium laevigatum",3135064,"Hieracium laevigatum Willd.","ACCEPTED","SPECIES","EXACT",97,3135064,6,7707728,220,414,3065
"624","Hieracium laevigatum",3135064,"Hieracium laevigatum Willd.","ACCEPTED","SPECIES","EXACT",97,3135064,6,7707728,220,414,3065
"625","Hieracium maculatum",7485421,"Hieracium maculatum Schrank","ACCEPTED","SPECIES","EXACT",97,7485421,6,7707728,220,414,3065
"626","Hieracium maculatum",7485421,"Hieracium maculatum Schrank","ACCEPTED","SPECIES","EXACT",97,7485421,6,7707728,220,414,3065
"627","Hieracium maculatum",7485421,"Hieracium maculatum Schrank","ACCEPTED","SPECIES","EXACT",97,7485421,6,7707728,220,414,3065
"628","Hieracium maculatum",7485421,"Hieracium maculatum Schrank","ACCEPTED","SPECIES","EXACT",97,7485421,6,7707728,220,414,3065
"629","Hieracium murorum",8605056,"Hieracium murorum L.","ACCEPTED","SPECIES","EXACT",98,8605056,6,7707728,220,414,3065
"630","Hieracium murorum",8605056,"Hieracium murorum L.","ACCEPTED","SPECIES","EXACT",98,8605056,6,7707728,220,414,3065
"631","Hieracium murorum",8605056,"Hieracium murorum L.","ACCEPTED","SPECIES","EXACT",98,8605056,6,7707728,220,414,3065
"632","Hieracium murorum",8605056,"Hieracium murorum L.","ACCEPTED","SPECIES","EXACT",98,8605056,6,7707728,220,414,3065
"633","Hieracium sabaudum",3136606,"Hieracium sabaudum L.","ACCEPTED","SPECIES","EXACT",97,3136606,6,7707728,220,414,3065
"634","Hieracium sabaudum",3136606,"Hieracium sabaudum L.","ACCEPTED","SPECIES","EXACT",97,3136606,6,7707728,220,414,3065
"635","Hieracium sabaudum",3136606,"Hieracium sabaudum L.","ACCEPTED","SPECIES","EXACT",97,3136606,6,7707728,220,414,3065
"636","Hieracium sabaudum",3136606,"Hieracium sabaudum L.","ACCEPTED","SPECIES","EXACT",97,3136606,6,7707728,220,414,3065
"637","Hieracium schmidtii",3135601,"Hieracium schmidtii Tausch","ACCEPTED","SPECIES","EXACT",97,3135601,6,7707728,220,414,3065
"638","Hieracium schmidtii",3135601,"Hieracium schmidtii Tausch","ACCEPTED","SPECIES","EXACT",97,3135601,6,7707728,220,414,3065
"639","Hieracium umbellatum",3135329,"Hieracium umbellatum L.","ACCEPTED","SPECIES","EXACT",97,3135329,6,7707728,220,414,3065
"640","Hieracium umbellatum",3135329,"Hieracium umbellatum L.","ACCEPTED","SPECIES","EXACT",97,3135329,6,7707728,220,414,3065
"641","Hieracium umbellatum",3135329,"Hieracium umbellatum L.","ACCEPTED","SPECIES","EXACT",97,3135329,6,7707728,220,414,3065
"642","Hieracium umbellatum",3135329,"Hieracium umbellatum L.","ACCEPTED","SPECIES","EXACT",97,3135329,6,7707728,220,414,3065
"643","Hieracium vulgatum",7777868,"Hieracium vulgatum Spreng.","ACCEPTED","SPECIES","EXACT",97,7777868,6,7707728,220,414,3065
"644","Hieracium vulgatum",7777868,"Hieracium vulgatum Spreng.","ACCEPTED","SPECIES","EXACT",97,7777868,6,7707728,220,414,3065
"645","Hieracium vulgatum",7777868,"Hieracium vulgatum Spreng.","ACCEPTED","SPECIES","EXACT",97,7777868,6,7707728,220,414,3065
"646","Hieracium vulgatum",7777868,"Hieracium vulgatum Spreng.","ACCEPTED","SPECIES","EXACT",97,7777868,6,7707728,220,414,3065
"647","Hypochaeris glabra",3093911,"Hypochaeris glabra L.","ACCEPTED","SPECIES","EXACT",97,3093911,6,7707728,220,414,3065
"648","Hypochaeris glabra",3093911,"Hypochaeris glabra L.","ACCEPTED","SPECIES","EXACT",97,3093911,6,7707728,220,414,3065
"649","Hypochaeris maculata",3093693,"Hypochaeris maculata L.","SYNONYM","SPECIES","EXACT",98,7883344,6,7707728,220,414,3065
"650","Hypochaeris maculata",3093693,"Hypochaeris maculata L.","SYNONYM","SPECIES","EXACT",98,7883344,6,7707728,220,414,3065
"651","Hypochaeris radicata",3093702,"Hypochaeris radicata L.","ACCEPTED","SPECIES","EXACT",99,3093702,6,7707728,220,414,3065
"652","Hypochaeris radicata",3093702,"Hypochaeris radicata L.","ACCEPTED","SPECIES","EXACT",99,3093702,6,7707728,220,414,3065
"653","Hypochaeris radicata",3093702,"Hypochaeris radicata L.","ACCEPTED","SPECIES","EXACT",99,3093702,6,7707728,220,414,3065
"654","Hypochaeris radicata",3093702,"Hypochaeris radicata L.","ACCEPTED","SPECIES","EXACT",99,3093702,6,7707728,220,414,3065
"655","Inula britannica",7502456,"Inula britannica M.Bieb., 1808","ACCEPTED","SPECIES","EXACT",97,7502456,6,7707728,220,414,3065
"656","Inula britannica",7502456,"Inula britannica M.Bieb., 1808","ACCEPTED","SPECIES","EXACT",97,7502456,6,7707728,220,414,3065
"657","Inula salicina",8229935,"Inula salicina Pall.","ACCEPTED","SPECIES","EXACT",97,8229935,6,7707728,220,414,3065
"658","Inula salicina",8229935,"Inula salicina Pall.","ACCEPTED","SPECIES","EXACT",97,8229935,6,7707728,220,414,3065
"659","Inula salicina",8229935,"Inula salicina Pall.","ACCEPTED","SPECIES","EXACT",97,8229935,6,7707728,220,414,3065
"660","Jacobaea aquatica",8340600,"Jacobaea aquatica (Hill) G.Gaertn., B.Mey. & Scherb.","ACCEPTED","SPECIES","EXACT",99,8340600,6,7707728,220,414,3065
"661","Jacobaea aquatica",8340600,"Jacobaea aquatica (Hill) G.Gaertn., B.Mey. & Scherb.","ACCEPTED","SPECIES","EXACT",99,8340600,6,7707728,220,414,3065
"662","Jacobaea aquatica",8340600,"Jacobaea aquatica (Hill) G.Gaertn., B.Mey. & Scherb.","ACCEPTED","SPECIES","EXACT",99,8340600,6,7707728,220,414,3065
"663","Jacobaea erucifolia",10487667,"Jacobaea erucifolia (L.) G.Gaertn., B.Mey. & Scherb.","ACCEPTED","SPECIES","EXACT",99,10487667,6,7707728,220,414,3065
"664","Jacobaea erucifolia",10487667,"Jacobaea erucifolia (L.) G.Gaertn., B.Mey. & Scherb.","ACCEPTED","SPECIES","EXACT",99,10487667,6,7707728,220,414,3065
"665","Jacobaea erucifolia",10487667,"Jacobaea erucifolia (L.) G.Gaertn., B.Mey. & Scherb.","ACCEPTED","SPECIES","EXACT",99,10487667,6,7707728,220,414,3065
"666","Jacobaea paludosa",10380222,"Jacobaea paludosa (L.) G.Gaertn., B.Mey. & Scherb.","ACCEPTED","SPECIES","EXACT",99,10380222,6,7707728,220,414,3065
"667","Jacobaea paludosa",10380222,"Jacobaea paludosa (L.) G.Gaertn., B.Mey. & Scherb.","ACCEPTED","SPECIES","EXACT",99,10380222,6,7707728,220,414,3065
"668","Jacobaea paludosa",10380222,"Jacobaea paludosa (L.) G.Gaertn., B.Mey. & Scherb.","ACCEPTED","SPECIES","EXACT",99,10380222,6,7707728,220,414,3065
"669","Jacobaea vulgaris",5388602,"Jacobaea vulgaris Gaertn.","ACCEPTED","SPECIES","EXACT",97,5388602,6,7707728,220,414,3065
"670","Jacobaea vulgaris",5388602,"Jacobaea vulgaris Gaertn.","ACCEPTED","SPECIES","EXACT",97,5388602,6,7707728,220,414,3065
"671","Jacobaea vulgaris",5388602,"Jacobaea vulgaris Gaertn.","ACCEPTED","SPECIES","EXACT",97,5388602,6,7707728,220,414,3065
"672","Jacobaea vulgaris",5388602,"Jacobaea vulgaris Gaertn.","ACCEPTED","SPECIES","EXACT",97,5388602,6,7707728,220,414,3065
"673","Lactuca perennis",3140574,"Lactuca perennis L.","ACCEPTED","SPECIES","EXACT",99,3140574,6,7707728,220,414,3065
"674","Lactuca perennis",3140574,"Lactuca perennis L.","ACCEPTED","SPECIES","EXACT",99,3140574,6,7707728,220,414,3065
"675","Lactuca serriola",3140490,"Lactuca serriola L.","ACCEPTED","SPECIES","EXACT",99,3140490,6,7707728,220,414,3065
"676","Lactuca serriola",3140490,"Lactuca serriola L.","ACCEPTED","SPECIES","EXACT",99,3140490,6,7707728,220,414,3065
"677","Lactuca serriola",3140490,"Lactuca serriola L.","ACCEPTED","SPECIES","EXACT",99,3140490,6,7707728,220,414,3065
"678","Lactuca serriola",3140490,"Lactuca serriola L.","ACCEPTED","SPECIES","EXACT",99,3140490,6,7707728,220,414,3065
"679","Lactuca virosa",3140346,"Lactuca virosa L.","ACCEPTED","SPECIES","EXACT",97,3140346,6,7707728,220,414,3065
"680","Lactuca virosa",3140346,"Lactuca virosa L.","ACCEPTED","SPECIES","EXACT",97,3140346,6,7707728,220,414,3065
"681","Lactuca virosa",3140346,"Lactuca virosa L.","ACCEPTED","SPECIES","EXACT",97,3140346,6,7707728,220,414,3065
"682","Lactuca virosa",3140346,"Lactuca virosa L.","ACCEPTED","SPECIES","EXACT",97,3140346,6,7707728,220,414,3065
"683","Lapsana communis",3134857,"Lapsana communis L.","ACCEPTED","SPECIES","EXACT",99,3134857,6,7707728,220,414,3065
"684","Lapsana communis",3134857,"Lapsana communis L.","ACCEPTED","SPECIES","EXACT",99,3134857,6,7707728,220,414,3065
"685","Lapsana communis",3134857,"Lapsana communis L.","ACCEPTED","SPECIES","EXACT",99,3134857,6,7707728,220,414,3065
"686","Lapsana communis",3134857,"Lapsana communis L.","ACCEPTED","SPECIES","EXACT",99,3134857,6,7707728,220,414,3065
"687","Leontodon hispidus",3137498,"Leontodon hispidus L.","ACCEPTED","SPECIES","EXACT",97,3137498,6,7707728,220,414,3065
"688","Leontodon hispidus",3137498,"Leontodon hispidus L.","ACCEPTED","SPECIES","EXACT",97,3137498,6,7707728,220,414,3065
"689","Leontodon hispidus",3137498,"Leontodon hispidus L.","ACCEPTED","SPECIES","EXACT",97,3137498,6,7707728,220,414,3065
"690","Leontodon hispidus",3137498,"Leontodon hispidus L.","ACCEPTED","SPECIES","EXACT",97,3137498,6,7707728,220,414,3065
"691","Leucanthemum vulgare",8848598,"Leucanthemum vulgare Lam.","ACCEPTED","SPECIES","EXACT",99,8848598,6,7707728,220,414,3065
"692","Leucanthemum vulgare",8848598,"Leucanthemum vulgare Lam.","ACCEPTED","SPECIES","EXACT",99,8848598,6,7707728,220,414,3065
"693","Leucanthemum vulgare",8848598,"Leucanthemum vulgare Lam.","ACCEPTED","SPECIES","EXACT",99,8848598,6,7707728,220,414,3065
"694","Leucanthemum vulgare",8848598,"Leucanthemum vulgare Lam.","ACCEPTED","SPECIES","EXACT",99,8848598,6,7707728,220,414,3065
"695","Logfia minima",3088922,"Logfia minima (Sm.) Dumort.","ACCEPTED","SPECIES","EXACT",99,3088922,6,7707728,220,414,3065
"696","Logfia minima",3088922,"Logfia minima (Sm.) Dumort.","ACCEPTED","SPECIES","EXACT",99,3088922,6,7707728,220,414,3065
"697","Logfia minima",3088922,"Logfia minima (Sm.) Dumort.","ACCEPTED","SPECIES","EXACT",99,3088922,6,7707728,220,414,3065
"698","Logfia minima",3088922,"Logfia minima (Sm.) Dumort.","ACCEPTED","SPECIES","EXACT",99,3088922,6,7707728,220,414,3065
"699","Matricaria chamomilla",8370958,"Matricaria chamomilla L.","ACCEPTED","SPECIES","EXACT",98,8370958,6,7707728,220,414,3065
"700","Matricaria chamomilla",8370958,"Matricaria chamomilla L.","ACCEPTED","SPECIES","EXACT",98,8370958,6,7707728,220,414,3065
"701","Matricaria chamomilla",8370958,"Matricaria chamomilla L.","ACCEPTED","SPECIES","EXACT",98,8370958,6,7707728,220,414,3065
"702","Matricaria chamomilla",8370958,"Matricaria chamomilla L.","ACCEPTED","SPECIES","EXACT",98,8370958,6,7707728,220,414,3065
"703","Mycelis muralis",3139040,"Mycelis muralis (L.) Dumort.","ACCEPTED","SPECIES","EXACT",99,3139040,6,7707728,220,414,3065
"704","Mycelis muralis",3139040,"Mycelis muralis (L.) Dumort.","ACCEPTED","SPECIES","EXACT",99,3139040,6,7707728,220,414,3065
"705","Mycelis muralis",3139040,"Mycelis muralis (L.) Dumort.","ACCEPTED","SPECIES","EXACT",99,3139040,6,7707728,220,414,3065
"706","Mycelis muralis",3139040,"Mycelis muralis (L.) Dumort.","ACCEPTED","SPECIES","EXACT",99,3139040,6,7707728,220,414,3065
"707","Petasites hybridus",9490132,"Petasites hybridus (L.) G.Gaertn., B.Mey. & Scherb.","ACCEPTED","SPECIES","EXACT",99,9490132,6,7707728,220,414,3065
"708","Petasites hybridus",9490132,"Petasites hybridus (L.) G.Gaertn., B.Mey. & Scherb.","ACCEPTED","SPECIES","EXACT",99,9490132,6,7707728,220,414,3065
"709","Petasites hybridus",9490132,"Petasites hybridus (L.) G.Gaertn., B.Mey. & Scherb.","ACCEPTED","SPECIES","EXACT",99,9490132,6,7707728,220,414,3065
"710","Petasites hybridus",9490132,"Petasites hybridus (L.) G.Gaertn., B.Mey. & Scherb.","ACCEPTED","SPECIES","EXACT",99,9490132,6,7707728,220,414,3065
"711","Picris hieracioides",3093337,"Picris hieracioides L.","ACCEPTED","SPECIES","EXACT",98,3093337,6,7707728,220,414,3065
"712","Picris hieracioides",3093337,"Picris hieracioides L.","ACCEPTED","SPECIES","EXACT",98,3093337,6,7707728,220,414,3065
"713","Picris hieracioides",3093337,"Picris hieracioides L.","ACCEPTED","SPECIES","EXACT",98,3093337,6,7707728,220,414,3065
"714","Picris hieracioides",3093337,"Picris hieracioides L.","ACCEPTED","SPECIES","EXACT",98,3093337,6,7707728,220,414,3065
"715","Pilosella lactucella",9509071,"Pilosella lactucella (Wallr.) P.D.Sell & C.West","ACCEPTED","SPECIES","EXACT",99,9509071,6,7707728,220,414,3065
"716","Pilosella lactucella",9509071,"Pilosella lactucella (Wallr.) P.D.Sell & C.West","ACCEPTED","SPECIES","EXACT",99,9509071,6,7707728,220,414,3065
"717","Pilosella lactucella",9509071,"Pilosella lactucella (Wallr.) P.D.Sell & C.West","ACCEPTED","SPECIES","EXACT",99,9509071,6,7707728,220,414,3065
"718","Pilosella officinarum",9458333,"Pilosella officinarum Vaill.","ACCEPTED","SPECIES","EXACT",98,9458333,6,7707728,220,414,3065
"719","Pilosella officinarum",9458333,"Pilosella officinarum Vaill.","ACCEPTED","SPECIES","EXACT",98,9458333,6,7707728,220,414,3065
"720","Pilosella officinarum",9458333,"Pilosella officinarum Vaill.","ACCEPTED","SPECIES","EXACT",98,9458333,6,7707728,220,414,3065
"721","Pilosella officinarum",9458333,"Pilosella officinarum Vaill.","ACCEPTED","SPECIES","EXACT",98,9458333,6,7707728,220,414,3065
"722","Pilosella peleteriana",3123717,"Pilosella peleteriana (Mérat) F.W.Schultz & Sch.Bip.","ACCEPTED","SPECIES","EXACT",97,3123717,6,7707728,220,414,3065
"723","Pilosella peleteriana",3123717,"Pilosella peleteriana (Mérat) F.W.Schultz & Sch.Bip.","ACCEPTED","SPECIES","EXACT",97,3123717,6,7707728,220,414,3065
"724","Pilosella piloselloides",8288930,"Pilosella piloselloides (Vill.) Soják","ACCEPTED","SPECIES","EXACT",99,8288930,6,7707728,220,414,3065
"725","Pilosella piloselloides",8288930,"Pilosella piloselloides (Vill.) Soják","ACCEPTED","SPECIES","EXACT",99,8288930,6,7707728,220,414,3065
"726","Pilosella piloselloides",8288930,"Pilosella piloselloides (Vill.) Soják","ACCEPTED","SPECIES","EXACT",99,8288930,6,7707728,220,414,3065
"727","Pilosella piloselloides",8288930,"Pilosella piloselloides (Vill.) Soják","ACCEPTED","SPECIES","EXACT",99,8288930,6,7707728,220,414,3065
"728","Podospermum laciniatum",5397911,"Podospermum laciniatum (L.) DC.","SYNONYM","SPECIES","EXACT",98,8286501,6,7707728,220,414,3065
"729","Podospermum laciniatum",5397911,"Podospermum laciniatum (L.) DC.","SYNONYM","SPECIES","EXACT",98,8286501,6,7707728,220,414,3065
"730","Pulicaria dysenterica",3095609,"Pulicaria dysenterica (L.) Bernh.","ACCEPTED","SPECIES","EXACT",97,3095609,6,7707728,220,414,3065
"731","Pulicaria dysenterica",3095609,"Pulicaria dysenterica (L.) Bernh.","ACCEPTED","SPECIES","EXACT",97,3095609,6,7707728,220,414,3065
"732","Pulicaria dysenterica",3095609,"Pulicaria dysenterica (L.) Bernh.","ACCEPTED","SPECIES","EXACT",97,3095609,6,7707728,220,414,3065
"733","Pulicaria dysenterica",3095609,"Pulicaria dysenterica (L.) Bernh.","ACCEPTED","SPECIES","EXACT",97,3095609,6,7707728,220,414,3065
"734","Pulicaria vulgaris",6443643,"Pulicaria vulgaris Gaertn.","ACCEPTED","SPECIES","EXACT",99,6443643,6,7707728,220,414,3065
"735","Pulicaria vulgaris",6443643,"Pulicaria vulgaris Gaertn.","ACCEPTED","SPECIES","EXACT",99,6443643,6,7707728,220,414,3065
"736","Pulicaria vulgaris",6443643,"Pulicaria vulgaris Gaertn.","ACCEPTED","SPECIES","EXACT",99,6443643,6,7707728,220,414,3065
"737","Scorzonera humilis",3111049,"Scorzonera humilis L.","ACCEPTED","SPECIES","EXACT",97,3111049,6,7707728,220,414,3065
"738","Scorzonera humilis",3111049,"Scorzonera humilis L.","ACCEPTED","SPECIES","EXACT",97,3111049,6,7707728,220,414,3065
"739","Scorzonera humilis",3111049,"Scorzonera humilis L.","ACCEPTED","SPECIES","EXACT",97,3111049,6,7707728,220,414,3065
"740","Scorzoneroides autumnalis",3133512,"Scorzoneroides autumnalis (L.) Moench","ACCEPTED","SPECIES","EXACT",99,3133512,6,7707728,220,414,3065
"741","Scorzoneroides autumnalis",3133512,"Scorzoneroides autumnalis (L.) Moench","ACCEPTED","SPECIES","EXACT",99,3133512,6,7707728,220,414,3065
"742","Scorzoneroides autumnalis",3133512,"Scorzoneroides autumnalis (L.) Moench","ACCEPTED","SPECIES","EXACT",99,3133512,6,7707728,220,414,3065
"743","Scorzoneroides autumnalis",3133512,"Scorzoneroides autumnalis (L.) Moench","ACCEPTED","SPECIES","EXACT",99,3133512,6,7707728,220,414,3065
"744","Senecio hercynicus",3107060,"Senecio hercynicus Herborg","ACCEPTED","SPECIES","EXACT",99,3107060,6,7707728,220,414,3065
"745","Senecio hercynicus",3107060,"Senecio hercynicus Herborg","ACCEPTED","SPECIES","EXACT",99,3107060,6,7707728,220,414,3065
"746","Senecio nemorensis",3107839,"Senecio nemorensis L.","ACCEPTED","SPECIES","EXACT",98,3107839,6,7707728,220,414,3065
"747","Senecio nemorensis",3107839,"Senecio nemorensis L.","ACCEPTED","SPECIES","EXACT",98,3107839,6,7707728,220,414,3065
"748","Senecio ovatus",3107361,"Senecio ovatus (G.Gaertn., E.Mey. & Scherb.) Willd.","ACCEPTED","SPECIES","EXACT",97,3107361,6,7707728,220,414,3065
"749","Senecio ovatus",3107361,"Senecio ovatus (G.Gaertn., E.Mey. & Scherb.) Willd.","ACCEPTED","SPECIES","EXACT",97,3107361,6,7707728,220,414,3065
"750","Senecio ovatus",3107361,"Senecio ovatus (G.Gaertn., E.Mey. & Scherb.) Willd.","ACCEPTED","SPECIES","EXACT",97,3107361,6,7707728,220,414,3065
"751","Senecio ovatus",3107361,"Senecio ovatus (G.Gaertn., E.Mey. & Scherb.) Willd.","ACCEPTED","SPECIES","EXACT",97,3107361,6,7707728,220,414,3065
"752","Senecio sylvaticus",3107987,"Senecio sylvaticus L.","ACCEPTED","SPECIES","EXACT",97,3107987,6,7707728,220,414,3065
"753","Senecio sylvaticus",3107987,"Senecio sylvaticus L.","ACCEPTED","SPECIES","EXACT",97,3107987,6,7707728,220,414,3065
"754","Senecio sylvaticus",3107987,"Senecio sylvaticus L.","ACCEPTED","SPECIES","EXACT",97,3107987,6,7707728,220,414,3065
"755","Senecio sylvaticus",3107987,"Senecio sylvaticus L.","ACCEPTED","SPECIES","EXACT",97,3107987,6,7707728,220,414,3065
"756","Senecio viscosus",3107855,"Senecio viscosus L.","ACCEPTED","SPECIES","EXACT",97,3107855,6,7707728,220,414,3065
"757","Senecio viscosus",3107855,"Senecio viscosus L.","ACCEPTED","SPECIES","EXACT",97,3107855,6,7707728,220,414,3065
"758","Senecio viscosus",3107855,"Senecio viscosus L.","ACCEPTED","SPECIES","EXACT",97,3107855,6,7707728,220,414,3065
"759","Senecio viscosus",3107855,"Senecio viscosus L.","ACCEPTED","SPECIES","EXACT",97,3107855,6,7707728,220,414,3065
"760","Senecio vulgaris",3108983,"Senecio vulgaris L.","ACCEPTED","SPECIES","EXACT",99,3108983,6,7707728,220,414,3065
"761","Senecio vulgaris",3108983,"Senecio vulgaris L.","ACCEPTED","SPECIES","EXACT",99,3108983,6,7707728,220,414,3065
"762","Senecio vulgaris",3108983,"Senecio vulgaris L.","ACCEPTED","SPECIES","EXACT",99,3108983,6,7707728,220,414,3065
"763","Senecio vulgaris",3108983,"Senecio vulgaris L.","ACCEPTED","SPECIES","EXACT",99,3108983,6,7707728,220,414,3065
"764","Serratula tinctoria",5388835,"Serratula tinctoria L.","ACCEPTED","SPECIES","EXACT",97,5388835,6,7707728,220,414,3065
"765","Serratula tinctoria",5388835,"Serratula tinctoria L.","ACCEPTED","SPECIES","EXACT",97,5388835,6,7707728,220,414,3065
"766","Serratula tinctoria",5388835,"Serratula tinctoria L.","ACCEPTED","SPECIES","EXACT",97,5388835,6,7707728,220,414,3065
"767","Solidago virgaurea",6446462,"Solidago virgaurea L.","ACCEPTED","SPECIES","EXACT",98,6446462,6,7707728,220,414,3065
"768","Solidago virgaurea",6446462,"Solidago virgaurea L.","ACCEPTED","SPECIES","EXACT",98,6446462,6,7707728,220,414,3065
"769","Solidago virgaurea",6446462,"Solidago virgaurea L.","ACCEPTED","SPECIES","EXACT",98,6446462,6,7707728,220,414,3065
"770","Solidago virgaurea",6446462,"Solidago virgaurea L.","ACCEPTED","SPECIES","EXACT",98,6446462,6,7707728,220,414,3065
"771","Sonchus arvensis",3105813,"Sonchus arvensis L.","ACCEPTED","SPECIES","EXACT",99,3105813,6,7707728,220,414,3065
"772","Sonchus arvensis",3105813,"Sonchus arvensis L.","ACCEPTED","SPECIES","EXACT",99,3105813,6,7707728,220,414,3065
"773","Sonchus arvensis",3105813,"Sonchus arvensis L.","ACCEPTED","SPECIES","EXACT",99,3105813,6,7707728,220,414,3065
"774","Sonchus arvensis",3105813,"Sonchus arvensis L.","ACCEPTED","SPECIES","EXACT",99,3105813,6,7707728,220,414,3065
"775","Sonchus asper",3105782,"Sonchus asper (L.) Hill","ACCEPTED","SPECIES","EXACT",97,3105782,6,7707728,220,414,3065
"776","Sonchus asper",3105782,"Sonchus asper (L.) Hill","ACCEPTED","SPECIES","EXACT",97,3105782,6,7707728,220,414,3065
"777","Sonchus asper",3105782,"Sonchus asper (L.) Hill","ACCEPTED","SPECIES","EXACT",97,3105782,6,7707728,220,414,3065
"778","Sonchus asper",3105782,"Sonchus asper (L.) Hill","ACCEPTED","SPECIES","EXACT",97,3105782,6,7707728,220,414,3065
"779","Sonchus oleraceus",8228544,"Sonchus oleraceus L.","ACCEPTED","SPECIES","EXACT",97,8228544,6,7707728,220,414,3065
"780","Sonchus oleraceus",8228544,"Sonchus oleraceus L.","ACCEPTED","SPECIES","EXACT",97,8228544,6,7707728,220,414,3065
"781","Sonchus oleraceus",8228544,"Sonchus oleraceus L.","ACCEPTED","SPECIES","EXACT",97,8228544,6,7707728,220,414,3065
"782","Sonchus oleraceus",8228544,"Sonchus oleraceus L.","ACCEPTED","SPECIES","EXACT",97,8228544,6,7707728,220,414,3065
"783","Sonchus palustris",3105650,"Sonchus palustris L.","ACCEPTED","SPECIES","EXACT",99,3105650,6,7707728,220,414,3065
"784","Sonchus palustris",3105650,"Sonchus palustris L.","ACCEPTED","SPECIES","EXACT",99,3105650,6,7707728,220,414,3065
"785","Sonchus palustris",3105650,"Sonchus palustris L.","ACCEPTED","SPECIES","EXACT",99,3105650,6,7707728,220,414,3065
"786","Tanacetum vulgare",3118274,"Tanacetum vulgare L.","ACCEPTED","SPECIES","EXACT",99,3118274,6,7707728,220,414,3065
"787","Tanacetum vulgare",3118274,"Tanacetum vulgare L.","ACCEPTED","SPECIES","EXACT",99,3118274,6,7707728,220,414,3065
"788","Tanacetum vulgare",3118274,"Tanacetum vulgare L.","ACCEPTED","SPECIES","EXACT",99,3118274,6,7707728,220,414,3065
"789","Tanacetum vulgare",3118274,"Tanacetum vulgare L.","ACCEPTED","SPECIES","EXACT",99,3118274,6,7707728,220,414,3065
"790","Taraxacum officinale",5394163,"Taraxacum officinale Weber ex F.H.Wigg.","ACCEPTED","SPECIES","EXACT",98,5394163,6,7707728,220,414,3065
"791","Taraxacum officinale",5394163,"Taraxacum officinale Weber ex F.H.Wigg.","ACCEPTED","SPECIES","EXACT",98,5394163,6,7707728,220,414,3065
"792","Taraxacum officinale",5394163,"Taraxacum officinale Weber ex F.H.Wigg.","ACCEPTED","SPECIES","EXACT",98,5394163,6,7707728,220,414,3065
"793","Taraxacum officinale",5394163,"Taraxacum officinale Weber ex F.H.Wigg.","ACCEPTED","SPECIES","EXACT",98,5394163,6,7707728,220,414,3065
"794","Tephroseris helenitis",3130936,"Tephroseris helenitis (L.) B.Nord.","ACCEPTED","SPECIES","EXACT",99,3130936,6,7707728,220,414,3065
"795","Tephroseris helenitis",3130936,"Tephroseris helenitis (L.) B.Nord.","ACCEPTED","SPECIES","EXACT",99,3130936,6,7707728,220,414,3065
"796","Tephroseris palustris",7363445,"Tephroseris palustris (L.) Fourr.","ACCEPTED","SPECIES","EXACT",97,7363445,6,7707728,220,414,3065
"797","Tephroseris palustris",7363445,"Tephroseris palustris (L.) Fourr.","ACCEPTED","SPECIES","EXACT",97,7363445,6,7707728,220,414,3065
"798","Tephroseris palustris",7363445,"Tephroseris palustris (L.) Fourr.","ACCEPTED","SPECIES","EXACT",97,7363445,6,7707728,220,414,3065
"799","Tragopogon pratensis",5386897,"Tragopogon pratensis L.","ACCEPTED","SPECIES","EXACT",99,5386897,6,7707728,220,414,3065
"800","Tragopogon pratensis",5386897,"Tragopogon pratensis L.","ACCEPTED","SPECIES","EXACT",99,5386897,6,7707728,220,414,3065
"801","Tragopogon pratensis",5386897,"Tragopogon pratensis L.","ACCEPTED","SPECIES","EXACT",99,5386897,6,7707728,220,414,3065
"802","Tragopogon pratensis",5386897,"Tragopogon pratensis L.","ACCEPTED","SPECIES","EXACT",99,5386897,6,7707728,220,414,3065
"803","Tripleurospermum inodorum",3104179,"Tripleurospermum inodorum (L.) Sch.-Bip","ACCEPTED","SPECIES","EXACT",99,3104179,6,7707728,220,414,3065
"804","Tripleurospermum inodorum",3104179,"Tripleurospermum inodorum (L.) Sch.-Bip","ACCEPTED","SPECIES","EXACT",99,3104179,6,7707728,220,414,3065
"805","Tripleurospermum inodorum",3104179,"Tripleurospermum inodorum (L.) Sch.-Bip","ACCEPTED","SPECIES","EXACT",99,3104179,6,7707728,220,414,3065
"806","Tripleurospermum inodorum",3104179,"Tripleurospermum inodorum (L.) Sch.-Bip","ACCEPTED","SPECIES","EXACT",99,3104179,6,7707728,220,414,3065
"807","Tripleurospermum maritimum",3104173,"Tripleurospermum maritimum (L.) W.D.J.Koch","ACCEPTED","SPECIES","EXACT",98,3104173,6,7707728,220,414,3065
"808","Tripleurospermum maritimum",3104173,"Tripleurospermum maritimum (L.) W.D.J.Koch","ACCEPTED","SPECIES","EXACT",98,3104173,6,7707728,220,414,3065
"809","Tripleurospermum maritimum",3104173,"Tripleurospermum maritimum (L.) W.D.J.Koch","ACCEPTED","SPECIES","EXACT",98,3104173,6,7707728,220,414,3065
"810","Tripleurospermum maritimum",3104173,"Tripleurospermum maritimum (L.) W.D.J.Koch","ACCEPTED","SPECIES","EXACT",98,3104173,6,7707728,220,414,3065
"811","Tripolium pannonicum",3098616,"Tripolium pannonicum (Jacq.) Dobrocz.","ACCEPTED","SPECIES","EXACT",97,3098616,6,7707728,220,414,3065
"812","Tripolium pannonicum",3098616,"Tripolium pannonicum (Jacq.) Dobrocz.","ACCEPTED","SPECIES","EXACT",97,3098616,6,7707728,220,414,3065
"813","Tripolium pannonicum",3098616,"Tripolium pannonicum (Jacq.) Dobrocz.","ACCEPTED","SPECIES","EXACT",97,3098616,6,7707728,220,414,3065
"814","Tripolium pannonicum",3098616,"Tripolium pannonicum (Jacq.) Dobrocz.","ACCEPTED","SPECIES","EXACT",97,3098616,6,7707728,220,414,3065
"815","Tussilago farfara",3149879,"Tussilago farfara L.","ACCEPTED","SPECIES","EXACT",99,3149879,6,7707728,220,414,3065
"816","Tussilago farfara",3149879,"Tussilago farfara L.","ACCEPTED","SPECIES","EXACT",99,3149879,6,7707728,220,414,3065
"817","Tussilago farfara",3149879,"Tussilago farfara L.","ACCEPTED","SPECIES","EXACT",99,3149879,6,7707728,220,414,3065
"818","Tussilago farfara",3149879,"Tussilago farfara L.","ACCEPTED","SPECIES","EXACT",99,3149879,6,7707728,220,414,3065
"819","Impatiens noli-tangere",2891779,"Impatiens noli-tangere L.","ACCEPTED","SPECIES","EXACT",97,2891779,6,7707728,220,1353,6699
"820","Impatiens noli-tangere",2891779,"Impatiens noli-tangere L.","ACCEPTED","SPECIES","EXACT",97,2891779,6,7707728,220,1353,6699
"821","Impatiens noli-tangere",2891779,"Impatiens noli-tangere L.","ACCEPTED","SPECIES","EXACT",97,2891779,6,7707728,220,1353,6699
"822","Impatiens noli-tangere",2891779,"Impatiens noli-tangere L.","ACCEPTED","SPECIES","EXACT",97,2891779,6,7707728,220,1353,6699
"823","Berberis vulgaris",3033894,"Berberis vulgaris L.","ACCEPTED","SPECIES","EXACT",98,3033894,6,7707728,220,399,6673
"824","Berberis vulgaris",3033894,"Berberis vulgaris L.","ACCEPTED","SPECIES","EXACT",98,3033894,6,7707728,220,399,6673
"825","Berberis vulgaris",3033894,"Berberis vulgaris L.","ACCEPTED","SPECIES","EXACT",98,3033894,6,7707728,220,399,6673
"826","Alnus glutinosa",2876213,"Alnus glutinosa (L.) Gaertn.","ACCEPTED","SPECIES","EXACT",98,2876213,6,7707728,220,1354,4688
"827","Alnus glutinosa",2876213,"Alnus glutinosa (L.) Gaertn.","ACCEPTED","SPECIES","EXACT",98,2876213,6,7707728,220,1354,4688
"828","Alnus glutinosa",2876213,"Alnus glutinosa (L.) Gaertn.","ACCEPTED","SPECIES","EXACT",98,2876213,6,7707728,220,1354,4688
"829","Alnus glutinosa",2876213,"Alnus glutinosa (L.) Gaertn.","ACCEPTED","SPECIES","EXACT",98,2876213,6,7707728,220,1354,4688
"830","Betula pendula",5331916,"Betula pendula Roth","ACCEPTED","SPECIES","EXACT",99,5331916,6,7707728,220,1354,4688
"831","Betula pendula",5331916,"Betula pendula Roth","ACCEPTED","SPECIES","EXACT",99,5331916,6,7707728,220,1354,4688
"832","Betula pendula",5331916,"Betula pendula Roth","ACCEPTED","SPECIES","EXACT",99,5331916,6,7707728,220,1354,4688
"833","Betula pendula",5331916,"Betula pendula Roth","ACCEPTED","SPECIES","EXACT",99,5331916,6,7707728,220,1354,4688
"834","Betula pubescens",9118014,"Betula pubescens Ehrh.","ACCEPTED","SPECIES","EXACT",99,9118014,6,7707728,220,1354,4688
"835","Betula pubescens",9118014,"Betula pubescens Ehrh.","ACCEPTED","SPECIES","EXACT",99,9118014,6,7707728,220,1354,4688
"836","Betula pubescens",9118014,"Betula pubescens Ehrh.","ACCEPTED","SPECIES","EXACT",99,9118014,6,7707728,220,1354,4688
"837","Betula pubescens",9118014,"Betula pubescens Ehrh.","ACCEPTED","SPECIES","EXACT",99,9118014,6,7707728,220,1354,4688
"838","Carpinus betulus",2875818,"Carpinus betulus L.","ACCEPTED","SPECIES","EXACT",98,2875818,6,7707728,220,1354,4688
"839","Carpinus betulus",2875818,"Carpinus betulus L.","ACCEPTED","SPECIES","EXACT",98,2875818,6,7707728,220,1354,4688
"840","Carpinus betulus",2875818,"Carpinus betulus L.","ACCEPTED","SPECIES","EXACT",98,2875818,6,7707728,220,1354,4688
"841","Carpinus betulus",2875818,"Carpinus betulus L.","ACCEPTED","SPECIES","EXACT",98,2875818,6,7707728,220,1354,4688
"842","Corylus avellana",2875979,"Corylus avellana L.","ACCEPTED","SPECIES","EXACT",98,2875979,6,7707728,220,1354,4688
"843","Corylus avellana",2875979,"Corylus avellana L.","ACCEPTED","SPECIES","EXACT",98,2875979,6,7707728,220,1354,4688
"844","Corylus avellana",2875979,"Corylus avellana L.","ACCEPTED","SPECIES","EXACT",98,2875979,6,7707728,220,1354,4688
"845","Corylus avellana",2875979,"Corylus avellana L.","ACCEPTED","SPECIES","EXACT",98,2875979,6,7707728,220,1354,4688
"846","Struthiopteris spicant",5275365,"Struthiopteris spicant (L.) Weiss","ACCEPTED","SPECIES","EXACT",99,5275365,6,7707728,7228684,392,2374
"847","Struthiopteris spicant",5275365,"Struthiopteris spicant (L.) Weiss","ACCEPTED","SPECIES","EXACT",99,5275365,6,7707728,7228684,392,2374
"848","Struthiopteris spicant",5275365,"Struthiopteris spicant (L.) Weiss","ACCEPTED","SPECIES","EXACT",99,5275365,6,7707728,7228684,392,2374
"849","Struthiopteris spicant",5275365,"Struthiopteris spicant (L.) Weiss","ACCEPTED","SPECIES","EXACT",99,5275365,6,7707728,7228684,392,2374
"850","Anchusa arvensis",7831178,"Anchusa arvensis Tausch, 1824","SYNONYM","SPECIES","EXACT",97,9309359,6,7707728,220,7226464,2498
"851","Anchusa arvensis",7831178,"Anchusa arvensis Tausch, 1824","SYNONYM","SPECIES","EXACT",97,9309359,6,7707728,220,7226464,2498
"852","Anchusa arvensis",7831178,"Anchusa arvensis Tausch, 1824","SYNONYM","SPECIES","EXACT",97,9309359,6,7707728,220,7226464,2498
"853","Anchusa arvensis",7831178,"Anchusa arvensis Tausch, 1824","SYNONYM","SPECIES","EXACT",97,9309359,6,7707728,220,7226464,2498
"854","Buglossoides purpurocaerulea",4062037,"Buglossoides purpurocaerulea (L.) I.M.Johnst.","SYNONYM","SPECIES","EXACT",98,4063960,6,7707728,220,7226464,2498
"855","Buglossoides purpurocaerulea",4062037,"Buglossoides purpurocaerulea (L.) I.M.Johnst.","SYNONYM","SPECIES","EXACT",98,4063960,6,7707728,220,7226464,2498
"856","Cynoglossum germanicum",7295106,"Cynoglossum germanicum Jacq.","ACCEPTED","SPECIES","EXACT",99,7295106,6,7707728,220,7226464,2498
"857","Cynoglossum germanicum",7295106,"Cynoglossum germanicum Jacq.","ACCEPTED","SPECIES","EXACT",99,7295106,6,7707728,220,7226464,2498
"858","Cynoglossum officinale",2925815,"Cynoglossum officinale L.","ACCEPTED","SPECIES","EXACT",97,2925815,6,7707728,220,7226464,2498
"859","Cynoglossum officinale",2925815,"Cynoglossum officinale L.","ACCEPTED","SPECIES","EXACT",97,2925815,6,7707728,220,7226464,2498
"860","Cynoglossum officinale",2925815,"Cynoglossum officinale L.","ACCEPTED","SPECIES","EXACT",97,2925815,6,7707728,220,7226464,2498
"861","Echium vulgare",2925892,"Echium vulgare L.","ACCEPTED","SPECIES","EXACT",97,2925892,6,7707728,220,7226464,2498
"862","Echium vulgare",2925892,"Echium vulgare L.","ACCEPTED","SPECIES","EXACT",97,2925892,6,7707728,220,7226464,2498
"863","Echium vulgare",2925892,"Echium vulgare L.","ACCEPTED","SPECIES","EXACT",97,2925892,6,7707728,220,7226464,2498
"864","Echium vulgare",2925892,"Echium vulgare L.","ACCEPTED","SPECIES","EXACT",97,2925892,6,7707728,220,7226464,2498
"865","Lithospermum officinale",2926086,"Lithospermum officinale L.","ACCEPTED","SPECIES","EXACT",99,2926086,6,7707728,220,7226464,2498
"866","Lithospermum officinale",2926086,"Lithospermum officinale L.","ACCEPTED","SPECIES","EXACT",99,2926086,6,7707728,220,7226464,2498
"867","Lithospermum officinale",2926086,"Lithospermum officinale L.","ACCEPTED","SPECIES","EXACT",99,2926086,6,7707728,220,7226464,2498
"868","Lithospermum officinale",2926086,"Lithospermum officinale L.","ACCEPTED","SPECIES","EXACT",99,2926086,6,7707728,220,7226464,2498
"869","Myosotis arvensis",5341170,"Myosotis arvensis (L.) Hill","ACCEPTED","SPECIES","EXACT",97,5341170,6,7707728,220,7226464,2498
"870","Myosotis arvensis",5341170,"Myosotis arvensis (L.) Hill","ACCEPTED","SPECIES","EXACT",97,5341170,6,7707728,220,7226464,2498
"871","Myosotis arvensis",5341170,"Myosotis arvensis (L.) Hill","ACCEPTED","SPECIES","EXACT",97,5341170,6,7707728,220,7226464,2498
"872","Myosotis arvensis",5341170,"Myosotis arvensis (L.) Hill","ACCEPTED","SPECIES","EXACT",97,5341170,6,7707728,220,7226464,2498
"873","Myosotis discolor",5341177,"Myosotis discolor Pers.","ACCEPTED","SPECIES","EXACT",99,5341177,6,7707728,220,7226464,2498
"874","Myosotis discolor",5341177,"Myosotis discolor Pers.","ACCEPTED","SPECIES","EXACT",99,5341177,6,7707728,220,7226464,2498
"875","Myosotis discolor",5341177,"Myosotis discolor Pers.","ACCEPTED","SPECIES","EXACT",99,5341177,6,7707728,220,7226464,2498
"876","Myosotis discolor",5341177,"Myosotis discolor Pers.","ACCEPTED","SPECIES","EXACT",99,5341177,6,7707728,220,7226464,2498
"877","Myosotis laxa",12186874,"Myosotis laxa (Sam.) Hyl. ex Nordh.","ACCEPTED","SPECIES","EXACT",97,12186874,6,7707728,220,7226464,2498
"878","Myosotis laxa",12186874,"Myosotis laxa (Sam.) Hyl. ex Nordh.","ACCEPTED","SPECIES","EXACT",97,12186874,6,7707728,220,7226464,2498
"879","Myosotis laxa",12186874,"Myosotis laxa (Sam.) Hyl. ex Nordh.","ACCEPTED","SPECIES","EXACT",97,12186874,6,7707728,220,7226464,2498
"880","Myosotis laxa",12186874,"Myosotis laxa (Sam.) Hyl. ex Nordh.","ACCEPTED","SPECIES","EXACT",97,12186874,6,7707728,220,7226464,2498
"881","Myosotis ramosissima",7589756,"Myosotis ramosissima Rochel","ACCEPTED","SPECIES","EXACT",98,7589756,6,7707728,220,7226464,2498
"882","Myosotis ramosissima",7589756,"Myosotis ramosissima Rochel","ACCEPTED","SPECIES","EXACT",98,7589756,6,7707728,220,7226464,2498
"883","Myosotis ramosissima",7589756,"Myosotis ramosissima Rochel","ACCEPTED","SPECIES","EXACT",98,7589756,6,7707728,220,7226464,2498
"884","Myosotis ramosissima",7589756,"Myosotis ramosissima Rochel","ACCEPTED","SPECIES","EXACT",98,7589756,6,7707728,220,7226464,2498
"885","Myosotis scorpioides",5341184,"Myosotis scorpioides L.","ACCEPTED","SPECIES","EXACT",97,5341184,6,7707728,220,7226464,2498
"886","Myosotis scorpioides",5341184,"Myosotis scorpioides L.","ACCEPTED","SPECIES","EXACT",97,5341184,6,7707728,220,7226464,2498
"887","Myosotis scorpioides",5341184,"Myosotis scorpioides L.","ACCEPTED","SPECIES","EXACT",97,5341184,6,7707728,220,7226464,2498
"888","Myosotis scorpioides",5341184,"Myosotis scorpioides L.","ACCEPTED","SPECIES","EXACT",97,5341184,6,7707728,220,7226464,2498
"889","Myosotis stricta",5341190,"Myosotis stricta Link ex Roem. & Schult.","ACCEPTED","SPECIES","EXACT",97,5341190,6,7707728,220,7226464,2498
"890","Myosotis stricta",5341190,"Myosotis stricta Link ex Roem. & Schult.","ACCEPTED","SPECIES","EXACT",97,5341190,6,7707728,220,7226464,2498
"891","Myosotis stricta",5341190,"Myosotis stricta Link ex Roem. & Schult.","ACCEPTED","SPECIES","EXACT",97,5341190,6,7707728,220,7226464,2498
"892","Myosotis sylvatica",5341175,"Myosotis sylvatica Ehrh. ex Hoffm.","ACCEPTED","SPECIES","EXACT",97,5341175,6,7707728,220,7226464,2498
"893","Myosotis sylvatica",5341175,"Myosotis sylvatica Ehrh. ex Hoffm.","ACCEPTED","SPECIES","EXACT",97,5341175,6,7707728,220,7226464,2498
"894","Myosotis sylvatica",5341175,"Myosotis sylvatica Ehrh. ex Hoffm.","ACCEPTED","SPECIES","EXACT",97,5341175,6,7707728,220,7226464,2498
"895","Myosotis sylvatica",5341175,"Myosotis sylvatica Ehrh. ex Hoffm.","ACCEPTED","SPECIES","EXACT",97,5341175,6,7707728,220,7226464,2498
"896","Pulmonaria montana",7294673,"Pulmonaria montana Lej.","ACCEPTED","SPECIES","EXACT",97,7294673,6,7707728,220,7226464,2498
"897","Pulmonaria montana",7294673,"Pulmonaria montana Lej.","ACCEPTED","SPECIES","EXACT",97,7294673,6,7707728,220,7226464,2498
"898","Pulmonaria montana",7294673,"Pulmonaria montana Lej.","ACCEPTED","SPECIES","EXACT",97,7294673,6,7707728,220,7226464,2498
"899","Pulmonaria obscura",5439925,"Pulmonaria obscura Dumort.","ACCEPTED","SPECIES","EXACT",97,5439925,6,7707728,220,7226464,2498
"900","Pulmonaria obscura",5439925,"Pulmonaria obscura Dumort.","ACCEPTED","SPECIES","EXACT",97,5439925,6,7707728,220,7226464,2498
"901","Symphytum officinale",7558421,"Symphytum officinale L.","ACCEPTED","SPECIES","EXACT",99,7558421,6,7707728,220,7226464,2498
"902","Symphytum officinale",7558421,"Symphytum officinale L.","ACCEPTED","SPECIES","EXACT",99,7558421,6,7707728,220,7226464,2498
"903","Symphytum officinale",7558421,"Symphytum officinale L.","ACCEPTED","SPECIES","EXACT",99,7558421,6,7707728,220,7226464,2498
"904","Symphytum officinale",7558421,"Symphytum officinale L.","ACCEPTED","SPECIES","EXACT",99,7558421,6,7707728,220,7226464,2498
"905","Alliaria petiolata",5376075,"Alliaria petiolata (M.Bieb.) Cavara & Grande","ACCEPTED","SPECIES","EXACT",99,5376075,6,7707728,220,7225535,3112
"906","Alliaria petiolata",5376075,"Alliaria petiolata (M.Bieb.) Cavara & Grande","ACCEPTED","SPECIES","EXACT",99,5376075,6,7707728,220,7225535,3112
"907","Alliaria petiolata",5376075,"Alliaria petiolata (M.Bieb.) Cavara & Grande","ACCEPTED","SPECIES","EXACT",99,5376075,6,7707728,220,7225535,3112
"908","Alliaria petiolata",5376075,"Alliaria petiolata (M.Bieb.) Cavara & Grande","ACCEPTED","SPECIES","EXACT",99,5376075,6,7707728,220,7225535,3112
"909","Alyssum alyssoides",3044855,"Alyssum alyssoides (L.) L.","ACCEPTED","SPECIES","EXACT",99,3044855,6,7707728,220,7225535,3112
"910","Alyssum alyssoides",3044855,"Alyssum alyssoides (L.) L.","ACCEPTED","SPECIES","EXACT",99,3044855,6,7707728,220,7225535,3112
"911","Alyssum alyssoides",3044855,"Alyssum alyssoides (L.) L.","ACCEPTED","SPECIES","EXACT",99,3044855,6,7707728,220,7225535,3112
"912","Arabidopsis arenosa",3052509,"Arabidopsis arenosa (L.) Lawalrée","ACCEPTED","SPECIES","EXACT",99,3052509,6,7707728,220,7225535,3112
"913","Arabidopsis arenosa",3052509,"Arabidopsis arenosa (L.) Lawalrée","ACCEPTED","SPECIES","EXACT",99,3052509,6,7707728,220,7225535,3112
"914","Arabidopsis arenosa",3052509,"Arabidopsis arenosa (L.) Lawalrée","ACCEPTED","SPECIES","EXACT",99,3052509,6,7707728,220,7225535,3112
"915","Arabidopsis thaliana",3052436,"Arabidopsis thaliana (L.) Heynh.","ACCEPTED","SPECIES","EXACT",98,3052436,6,7707728,220,7225535,3112
"916","Arabidopsis thaliana",3052436,"Arabidopsis thaliana (L.) Heynh.","ACCEPTED","SPECIES","EXACT",98,3052436,6,7707728,220,7225535,3112
"917","Arabidopsis thaliana",3052436,"Arabidopsis thaliana (L.) Heynh.","ACCEPTED","SPECIES","EXACT",98,3052436,6,7707728,220,7225535,3112
"918","Arabidopsis thaliana",3052436,"Arabidopsis thaliana (L.) Heynh.","ACCEPTED","SPECIES","EXACT",98,3052436,6,7707728,220,7225535,3112
"919","Arabis hirsuta",9202524,"Arabis hirsuta (L.) Scop.","ACCEPTED","SPECIES","EXACT",97,9202524,6,7707728,220,7225535,3112
"920","Arabis hirsuta",9202524,"Arabis hirsuta (L.) Scop.","ACCEPTED","SPECIES","EXACT",97,9202524,6,7707728,220,7225535,3112
"921","Arabis hirsuta",9202524,"Arabis hirsuta (L.) Scop.","ACCEPTED","SPECIES","EXACT",97,9202524,6,7707728,220,7225535,3112
"922","Arabis pauciflora",5376288,"Arabis pauciflora (Grimm) Garcke","SYNONYM","SPECIES","EXACT",98,5376286,6,7707728,220,7225535,3112
"923","Arabis pauciflora",5376288,"Arabis pauciflora (Grimm) Garcke","SYNONYM","SPECIES","EXACT",98,5376286,6,7707728,220,7225535,3112
"924","Arabis sagittata",5374838,"Arabis sagittata (Bertol.) DC.","ACCEPTED","SPECIES","EXACT",99,5374838,6,7707728,220,7225535,3112
"925","Arabis sagittata",5374838,"Arabis sagittata (Bertol.) DC.","ACCEPTED","SPECIES","EXACT",99,5374838,6,7707728,220,7225535,3112
"926","Arabis sagittata",5374838,"Arabis sagittata (Bertol.) DC.","ACCEPTED","SPECIES","EXACT",99,5374838,6,7707728,220,7225535,3112
"927","Barbarea intermedia",5374635,"Barbarea intermedia Boreau","ACCEPTED","SPECIES","EXACT",99,5374635,6,7707728,220,7225535,3112
"928","Barbarea intermedia",5374635,"Barbarea intermedia Boreau","ACCEPTED","SPECIES","EXACT",99,5374635,6,7707728,220,7225535,3112
"929","Barbarea intermedia",5374635,"Barbarea intermedia Boreau","ACCEPTED","SPECIES","EXACT",99,5374635,6,7707728,220,7225535,3112
"930","Barbarea intermedia",5374635,"Barbarea intermedia Boreau","ACCEPTED","SPECIES","EXACT",99,5374635,6,7707728,220,7225535,3112
"931","Barbarea vulgaris",5708780,"Barbarea vulgaris (L.) W.T.Aiton","ACCEPTED","SPECIES","EXACT",98,5708780,6,7707728,220,7225535,3112
"932","Barbarea vulgaris",5708780,"Barbarea vulgaris (L.) W.T.Aiton","ACCEPTED","SPECIES","EXACT",98,5708780,6,7707728,220,7225535,3112
"933","Barbarea vulgaris",5708780,"Barbarea vulgaris (L.) W.T.Aiton","ACCEPTED","SPECIES","EXACT",98,5708780,6,7707728,220,7225535,3112
"934","Barbarea vulgaris",5708780,"Barbarea vulgaris (L.) W.T.Aiton","ACCEPTED","SPECIES","EXACT",98,5708780,6,7707728,220,7225535,3112
"935","Biscutella laevigata",3041800,"Biscutella laevigata L.","ACCEPTED","SPECIES","EXACT",97,3041800,6,7707728,220,7225535,3112
"936","Biscutella laevigata",3041800,"Biscutella laevigata L.","ACCEPTED","SPECIES","EXACT",97,3041800,6,7707728,220,7225535,3112
"937","Brassica nigra",3042658,"Brassica nigra (L.) W.D.J.Koch","ACCEPTED","SPECIES","EXACT",98,3042658,6,7707728,220,7225535,3112
"938","Brassica nigra",3042658,"Brassica nigra (L.) W.D.J.Koch","ACCEPTED","SPECIES","EXACT",98,3042658,6,7707728,220,7225535,3112
"939","Brassica nigra",3042658,"Brassica nigra (L.) W.D.J.Koch","ACCEPTED","SPECIES","EXACT",98,3042658,6,7707728,220,7225535,3112
"940","Brassica nigra",3042658,"Brassica nigra (L.) W.D.J.Koch","ACCEPTED","SPECIES","EXACT",98,3042658,6,7707728,220,7225535,3112
"941","Cakile maritima",3048831,"Cakile maritima Scop.","ACCEPTED","SPECIES","EXACT",99,3048831,6,7707728,220,7225535,3112
"942","Cakile maritima",3048831,"Cakile maritima Scop.","ACCEPTED","SPECIES","EXACT",99,3048831,6,7707728,220,7225535,3112
"943","Cakile maritima",3048831,"Cakile maritima Scop.","ACCEPTED","SPECIES","EXACT",99,3048831,6,7707728,220,7225535,3112
"944","Calepina irregularis",3048782,"Calepina irregularis (Asso) Thell.","ACCEPTED","SPECIES","EXACT",99,3048782,6,7707728,220,7225535,3112
"945","Calepina irregularis",3048782,"Calepina irregularis (Asso) Thell.","ACCEPTED","SPECIES","EXACT",99,3048782,6,7707728,220,7225535,3112
"946","Calepina irregularis",3048782,"Calepina irregularis (Asso) Thell.","ACCEPTED","SPECIES","EXACT",99,3048782,6,7707728,220,7225535,3112
"947","Capsella bursa-pastoris",5375388,"Capsella bursa-pastoris (L.) Medik.","ACCEPTED","SPECIES","EXACT",99,5375388,6,7707728,220,7225535,3112
"948","Capsella bursa-pastoris",5375388,"Capsella bursa-pastoris (L.) Medik.","ACCEPTED","SPECIES","EXACT",99,5375388,6,7707728,220,7225535,3112
"949","Capsella bursa-pastoris",5375388,"Capsella bursa-pastoris (L.) Medik.","ACCEPTED","SPECIES","EXACT",99,5375388,6,7707728,220,7225535,3112
"950","Capsella bursa-pastoris",5375388,"Capsella bursa-pastoris (L.) Medik.","ACCEPTED","SPECIES","EXACT",99,5375388,6,7707728,220,7225535,3112
"951","Capsella rubella",5375425,"Capsella rubella Reut.","ACCEPTED","SPECIES","EXACT",97,5375425,6,7707728,220,7225535,3112
"952","Capsella rubella",5375425,"Capsella rubella Reut.","ACCEPTED","SPECIES","EXACT",97,5375425,6,7707728,220,7225535,3112
"953","Capsella rubella",5375425,"Capsella rubella Reut.","ACCEPTED","SPECIES","EXACT",97,5375425,6,7707728,220,7225535,3112
"954","Capsella rubella",5375425,"Capsella rubella Reut.","ACCEPTED","SPECIES","EXACT",97,5375425,6,7707728,220,7225535,3112
"955","Cardamine amara",3046044,"Cardamine amara L.","ACCEPTED","SPECIES","EXACT",98,3046044,6,7707728,220,7225535,3112
"956","Cardamine amara",3046044,"Cardamine amara L.","ACCEPTED","SPECIES","EXACT",98,3046044,6,7707728,220,7225535,3112
"957","Cardamine amara",3046044,"Cardamine amara L.","ACCEPTED","SPECIES","EXACT",98,3046044,6,7707728,220,7225535,3112
"958","Cardamine amara",3046044,"Cardamine amara L.","ACCEPTED","SPECIES","EXACT",98,3046044,6,7707728,220,7225535,3112
"959","Cardamine bulbifera",3045931,"Cardamine bulbifera (L.) Crantz","ACCEPTED","SPECIES","EXACT",98,3045931,6,7707728,220,7225535,3112
"960","Cardamine bulbifera",3045931,"Cardamine bulbifera (L.) Crantz","ACCEPTED","SPECIES","EXACT",98,3045931,6,7707728,220,7225535,3112
"961","Cardamine bulbifera",3045931,"Cardamine bulbifera (L.) Crantz","ACCEPTED","SPECIES","EXACT",98,3045931,6,7707728,220,7225535,3112
"962","Cardamine flexuosa",3046076,"Cardamine flexuosa With.","ACCEPTED","SPECIES","EXACT",99,3046076,6,7707728,220,7225535,3112
"963","Cardamine flexuosa",3046076,"Cardamine flexuosa With.","ACCEPTED","SPECIES","EXACT",99,3046076,6,7707728,220,7225535,3112
"964","Cardamine flexuosa",3046076,"Cardamine flexuosa With.","ACCEPTED","SPECIES","EXACT",99,3046076,6,7707728,220,7225535,3112
"965","Cardamine flexuosa",3046076,"Cardamine flexuosa With.","ACCEPTED","SPECIES","EXACT",99,3046076,6,7707728,220,7225535,3112
"966","Cardamine hirsuta",3046258,"Cardamine hirsuta L.","ACCEPTED","SPECIES","EXACT",97,3046258,6,7707728,220,7225535,3112
"967","Cardamine hirsuta",3046258,"Cardamine hirsuta L.","ACCEPTED","SPECIES","EXACT",97,3046258,6,7707728,220,7225535,3112
"968","Cardamine hirsuta",3046258,"Cardamine hirsuta L.","ACCEPTED","SPECIES","EXACT",97,3046258,6,7707728,220,7225535,3112
"969","Cardamine hirsuta",3046258,"Cardamine hirsuta L.","ACCEPTED","SPECIES","EXACT",97,3046258,6,7707728,220,7225535,3112
"970","Cardamine impatiens",3046187,"Cardamine impatiens L.","ACCEPTED","SPECIES","EXACT",98,3046187,6,7707728,220,7225535,3112
"971","Cardamine impatiens",3046187,"Cardamine impatiens L.","ACCEPTED","SPECIES","EXACT",98,3046187,6,7707728,220,7225535,3112
"972","Cardamine impatiens",3046187,"Cardamine impatiens L.","ACCEPTED","SPECIES","EXACT",98,3046187,6,7707728,220,7225535,3112
"973","Cardamine impatiens",3046187,"Cardamine impatiens L.","ACCEPTED","SPECIES","EXACT",98,3046187,6,7707728,220,7225535,3112
"974","Cardamine pratensis",7972010,"Cardamine pratensis L.","ACCEPTED","SPECIES","EXACT",97,7972010,6,7707728,220,7225535,3112
"975","Cardamine pratensis",7972010,"Cardamine pratensis L.","ACCEPTED","SPECIES","EXACT",97,7972010,6,7707728,220,7225535,3112
"976","Cardamine pratensis",7972010,"Cardamine pratensis L.","ACCEPTED","SPECIES","EXACT",97,7972010,6,7707728,220,7225535,3112
"977","Cardamine pratensis",7972010,"Cardamine pratensis L.","ACCEPTED","SPECIES","EXACT",97,7972010,6,7707728,220,7225535,3112
"978","Cochlearia danica",5373254,"Cochlearia danica L.","ACCEPTED","SPECIES","EXACT",98,5373254,6,7707728,220,7225535,3112
"979","Cochlearia danica",5373254,"Cochlearia danica L.","ACCEPTED","SPECIES","EXACT",98,5373254,6,7707728,220,7225535,3112
"980","Cochlearia danica",5373254,"Cochlearia danica L.","ACCEPTED","SPECIES","EXACT",98,5373254,6,7707728,220,7225535,3112
"981","Cochlearia danica",5373254,"Cochlearia danica L.","ACCEPTED","SPECIES","EXACT",98,5373254,6,7707728,220,7225535,3112
"982","Cochlearia officinalis",5373276,"Cochlearia officinalis L.","ACCEPTED","SPECIES","EXACT",97,5373276,6,7707728,220,7225535,3112
"983","Cochlearia officinalis",5373276,"Cochlearia officinalis L.","ACCEPTED","SPECIES","EXACT",97,5373276,6,7707728,220,7225535,3112
"984","Cochlearia officinalis",5373276,"Cochlearia officinalis L.","ACCEPTED","SPECIES","EXACT",97,5373276,6,7707728,220,7225535,3112
"985","Cochlearia pyrenaica",5373255,"Cochlearia pyrenaica DC.","ACCEPTED","SPECIES","EXACT",99,5373255,6,7707728,220,7225535,3112
"986","Cochlearia pyrenaica",5373255,"Cochlearia pyrenaica DC.","ACCEPTED","SPECIES","EXACT",99,5373255,6,7707728,220,7225535,3112
"987","Coincya monensis",3040600,"Coincya monensis (L.) Greuter & Burdet","ACCEPTED","SPECIES","EXACT",99,3040600,6,7707728,220,7225535,3112
"988","Coincya monensis",3040600,"Coincya monensis (L.) Greuter & Burdet","ACCEPTED","SPECIES","EXACT",99,3040600,6,7707728,220,7225535,3112
"989","Coincya monensis",3040600,"Coincya monensis (L.) Greuter & Burdet","ACCEPTED","SPECIES","EXACT",99,3040600,6,7707728,220,7225535,3112
"990","Coincya monensis",3040600,"Coincya monensis (L.) Greuter & Burdet","ACCEPTED","SPECIES","EXACT",99,3040600,6,7707728,220,7225535,3112
"991","Crambe maritima",5373533,"Crambe maritima L.","ACCEPTED","SPECIES","EXACT",99,5373533,6,7707728,220,7225535,3112
"992","Crambe maritima",5373533,"Crambe maritima L.","ACCEPTED","SPECIES","EXACT",99,5373533,6,7707728,220,7225535,3112
"993","Crambe maritima",5373533,"Crambe maritima L.","ACCEPTED","SPECIES","EXACT",99,5373533,6,7707728,220,7225535,3112
"994","Descurainia sophia",3044318,"Descurainia sophia (L.) Webb ex Prantl","ACCEPTED","SPECIES","EXACT",97,3044318,6,7707728,220,7225535,3112
"995","Descurainia sophia",3044318,"Descurainia sophia (L.) Webb ex Prantl","ACCEPTED","SPECIES","EXACT",97,3044318,6,7707728,220,7225535,3112
"996","Descurainia sophia",3044318,"Descurainia sophia (L.) Webb ex Prantl","ACCEPTED","SPECIES","EXACT",97,3044318,6,7707728,220,7225535,3112
"997","Descurainia sophia",3044318,"Descurainia sophia (L.) Webb ex Prantl","ACCEPTED","SPECIES","EXACT",97,3044318,6,7707728,220,7225535,3112
"998","Diplotaxis muralis",5376337,"Diplotaxis muralis (L.) DC.","ACCEPTED","SPECIES","EXACT",98,5376337,6,7707728,220,7225535,3112
"999","Diplotaxis muralis",5376337,"Diplotaxis muralis (L.) DC.","ACCEPTED","SPECIES","EXACT",98,5376337,6,7707728,220,7225535,3112
"1000","Diplotaxis muralis",5376337,"Diplotaxis muralis (L.) DC.","ACCEPTED","SPECIES","EXACT",98,5376337,6,7707728,220,7225535,3112
"1001","Diplotaxis muralis",5376337,"Diplotaxis muralis (L.) DC.","ACCEPTED","SPECIES","EXACT",98,5376337,6,7707728,220,7225535,3112
"1002","Diplotaxis tenuifolia",5376426,"Diplotaxis tenuifolia (L.) DC.","ACCEPTED","SPECIES","EXACT",99,5376426,6,7707728,220,7225535,3112
"1003","Diplotaxis tenuifolia",5376426,"Diplotaxis tenuifolia (L.) DC.","ACCEPTED","SPECIES","EXACT",99,5376426,6,7707728,220,7225535,3112
"1004","Diplotaxis tenuifolia",5376426,"Diplotaxis tenuifolia (L.) DC.","ACCEPTED","SPECIES","EXACT",99,5376426,6,7707728,220,7225535,3112
"1005","Diplotaxis tenuifolia",5376426,"Diplotaxis tenuifolia (L.) DC.","ACCEPTED","SPECIES","EXACT",99,5376426,6,7707728,220,7225535,3112
"1006","Draba aizoides",3049799,"Draba aizoides L.","ACCEPTED","SPECIES","EXACT",97,3049799,6,7707728,220,7225535,3112
"1007","Draba aizoides",3049799,"Draba aizoides L.","ACCEPTED","SPECIES","EXACT",97,3049799,6,7707728,220,7225535,3112
"1008","Draba boerhaavii",10168552,"Draba boerhaavii (H.C.Hall) Raus","SYNONYM","SPECIES","EXACT",98,7473187,6,7707728,220,7225535,3112
"1009","Draba boerhaavii",10168552,"Draba boerhaavii (H.C.Hall) Raus","SYNONYM","SPECIES","EXACT",98,7473187,6,7707728,220,7225535,3112
"1010","Draba boerhaavii",10168552,"Draba boerhaavii (H.C.Hall) Raus","SYNONYM","SPECIES","EXACT",98,7473187,6,7707728,220,7225535,3112
"1011","Draba glabrescens",8403311,"Draba glabrescens Dusén","ACCEPTED","SPECIES","EXACT",97,8403311,6,7707728,220,7225535,3112
"1012","Draba glabrescens",8403311,"Draba glabrescens Dusén","ACCEPTED","SPECIES","EXACT",97,8403311,6,7707728,220,7225535,3112
"1013","Draba glabrescens",8403311,"Draba glabrescens Dusén","ACCEPTED","SPECIES","EXACT",97,8403311,6,7707728,220,7225535,3112
"1014","Draba majuscula",8202699,"Draba majuscula Rouy & Foucaud","ACCEPTED","SPECIES","EXACT",97,8202699,6,7707728,220,7225535,3112
"1015","Draba majuscula",8202699,"Draba majuscula Rouy & Foucaud","ACCEPTED","SPECIES","EXACT",97,8202699,6,7707728,220,7225535,3112
"1016","Draba majuscula",8202699,"Draba majuscula Rouy & Foucaud","ACCEPTED","SPECIES","EXACT",97,8202699,6,7707728,220,7225535,3112
"1017","Draba praecox",3050064,"Draba praecox Steven","SYNONYM","SPECIES","EXACT",98,7473187,6,7707728,220,7225535,3112
"1018","Draba praecox",3050064,"Draba praecox Steven","SYNONYM","SPECIES","EXACT",98,7473187,6,7707728,220,7225535,3112
"1019","Draba praecox",3050064,"Draba praecox Steven","SYNONYM","SPECIES","EXACT",98,7473187,6,7707728,220,7225535,3112
"1020","Draba verna",7473187,"Draba verna L.","ACCEPTED","SPECIES","EXACT",99,7473187,6,7707728,220,7225535,3112
"1021","Draba verna",7473187,"Draba verna L.","ACCEPTED","SPECIES","EXACT",99,7473187,6,7707728,220,7225535,3112
"1022","Draba verna",7473187,"Draba verna L.","ACCEPTED","SPECIES","EXACT",99,7473187,6,7707728,220,7225535,3112
"1023","Draba verna",7473187,"Draba verna L.","ACCEPTED","SPECIES","EXACT",99,7473187,6,7707728,220,7225535,3112
"1024","Erysimum cheiranthoides",3048266,"Erysimum cheiranthoides L.","ACCEPTED","SPECIES","EXACT",98,3048266,6,7707728,220,7225535,3112
"1025","Erysimum cheiranthoides",3048266,"Erysimum cheiranthoides L.","ACCEPTED","SPECIES","EXACT",98,3048266,6,7707728,220,7225535,3112
"1026","Erysimum cheiranthoides",3048266,"Erysimum cheiranthoides L.","ACCEPTED","SPECIES","EXACT",98,3048266,6,7707728,220,7225535,3112
"1027","Erysimum cheiranthoides",3048266,"Erysimum cheiranthoides L.","ACCEPTED","SPECIES","EXACT",98,3048266,6,7707728,220,7225535,3112
"1028","Erysimum virgatum",3048674,"Erysimum virgatum Roth","ACCEPTED","SPECIES","EXACT",98,3048674,6,7707728,220,7225535,3112
"1029","Erysimum virgatum",3048674,"Erysimum virgatum Roth","ACCEPTED","SPECIES","EXACT",98,3048674,6,7707728,220,7225535,3112
"1030","Erysimum virgatum",3048674,"Erysimum virgatum Roth","ACCEPTED","SPECIES","EXACT",98,3048674,6,7707728,220,7225535,3112
"1031","Iberis amara",5377163,"Iberis amara L.","ACCEPTED","SPECIES","EXACT",98,5377163,6,7707728,220,7225535,3112
"1032","Iberis amara",5377163,"Iberis amara L.","ACCEPTED","SPECIES","EXACT",98,5377163,6,7707728,220,7225535,3112
"1033","Iberis amara",5377163,"Iberis amara L.","ACCEPTED","SPECIES","EXACT",98,5377163,6,7707728,220,7225535,3112
"1034","Lepidium campestre",7703116,"Lepidium campestre (L.) W.T.Aiton","ACCEPTED","SPECIES","EXACT",98,7703116,6,7707728,220,7225535,3112
"1035","Lepidium campestre",7703116,"Lepidium campestre (L.) W.T.Aiton","ACCEPTED","SPECIES","EXACT",98,7703116,6,7707728,220,7225535,3112
"1036","Lepidium campestre",7703116,"Lepidium campestre (L.) W.T.Aiton","ACCEPTED","SPECIES","EXACT",98,7703116,6,7707728,220,7225535,3112
"1037","Lepidium campestre",7703116,"Lepidium campestre (L.) W.T.Aiton","ACCEPTED","SPECIES","EXACT",98,7703116,6,7707728,220,7225535,3112
"1038","Lepidium coronopus",5376627,"Lepidium coronopus (L.) Al-Shehbaz","ACCEPTED","SPECIES","EXACT",99,5376627,6,7707728,220,7225535,3112
"1039","Lepidium coronopus",5376627,"Lepidium coronopus (L.) Al-Shehbaz","ACCEPTED","SPECIES","EXACT",99,5376627,6,7707728,220,7225535,3112
"1040","Lepidium coronopus",5376627,"Lepidium coronopus (L.) Al-Shehbaz","ACCEPTED","SPECIES","EXACT",99,5376627,6,7707728,220,7225535,3112
"1041","Lepidium coronopus",5376627,"Lepidium coronopus (L.) Al-Shehbaz","ACCEPTED","SPECIES","EXACT",99,5376627,6,7707728,220,7225535,3112
"1042","Lepidium ruderale",5376616,"Lepidium ruderale L.","ACCEPTED","SPECIES","EXACT",97,5376616,6,7707728,220,7225535,3112
"1043","Lepidium ruderale",5376616,"Lepidium ruderale L.","ACCEPTED","SPECIES","EXACT",97,5376616,6,7707728,220,7225535,3112
"1044","Lepidium ruderale",5376616,"Lepidium ruderale L.","ACCEPTED","SPECIES","EXACT",97,5376616,6,7707728,220,7225535,3112
"1045","Lepidium ruderale",5376616,"Lepidium ruderale L.","ACCEPTED","SPECIES","EXACT",97,5376616,6,7707728,220,7225535,3112
"1046","Lunaria rediviva",5373322,"Lunaria rediviva L.","ACCEPTED","SPECIES","EXACT",99,5373322,6,7707728,220,7225535,3112
"1047","Lunaria rediviva",5373322,"Lunaria rediviva L.","ACCEPTED","SPECIES","EXACT",99,5373322,6,7707728,220,7225535,3112
"1048","Lunaria rediviva",5373322,"Lunaria rediviva L.","ACCEPTED","SPECIES","EXACT",99,5373322,6,7707728,220,7225535,3112
"1049","Nasturtium microphyllum",9184619,"Nasturtium microphyllum (Boenn. ex Rchb.) Rchb.","ACCEPTED","SPECIES","EXACT",97,9184619,6,7707728,220,7225535,3112
"1050","Nasturtium microphyllum",9184619,"Nasturtium microphyllum (Boenn. ex Rchb.) Rchb.","ACCEPTED","SPECIES","EXACT",97,9184619,6,7707728,220,7225535,3112
"1051","Nasturtium microphyllum",9184619,"Nasturtium microphyllum (Boenn. ex Rchb.) Rchb.","ACCEPTED","SPECIES","EXACT",97,9184619,6,7707728,220,7225535,3112
"1052","Nasturtium microphyllum",9184619,"Nasturtium microphyllum (Boenn. ex Rchb.) Rchb.","ACCEPTED","SPECIES","EXACT",97,9184619,6,7707728,220,7225535,3112
"1053","Nasturtium officinale",7701037,"Nasturtium officinale R.Br.","ACCEPTED","SPECIES","EXACT",97,7701037,6,7707728,220,7225535,3112
"1054","Nasturtium officinale",7701037,"Nasturtium officinale R.Br.","ACCEPTED","SPECIES","EXACT",97,7701037,6,7707728,220,7225535,3112
"1055","Nasturtium officinale",7701037,"Nasturtium officinale R.Br.","ACCEPTED","SPECIES","EXACT",97,7701037,6,7707728,220,7225535,3112
"1056","Nasturtium officinale",7701037,"Nasturtium officinale R.Br.","ACCEPTED","SPECIES","EXACT",97,7701037,6,7707728,220,7225535,3112
"1057","Noccaea caerulescens",3045463,"Noccaea caerulescens (J.Presl & C.Presl) F.K.Mey.","ACCEPTED","SPECIES","EXACT",99,3045463,6,7707728,220,7225535,3112
"1058","Noccaea caerulescens",3045463,"Noccaea caerulescens (J.Presl & C.Presl) F.K.Mey.","ACCEPTED","SPECIES","EXACT",99,3045463,6,7707728,220,7225535,3112
"1059","Noccaea caerulescens",3045463,"Noccaea caerulescens (J.Presl & C.Presl) F.K.Mey.","ACCEPTED","SPECIES","EXACT",99,3045463,6,7707728,220,7225535,3112
"1060","Noccaea montana",3045282,"Noccaea montana (L.) F.K.Mey.","ACCEPTED","SPECIES","EXACT",99,3045282,6,7707728,220,7225535,3112
"1061","Noccaea montana",3045282,"Noccaea montana (L.) F.K.Mey.","ACCEPTED","SPECIES","EXACT",99,3045282,6,7707728,220,7225535,3112
"1062","Noccaea perfoliata",7639623,"Noccaea perfoliata (L.) Al-Shehbaz","ACCEPTED","SPECIES","EXACT",98,7639623,6,7707728,220,7225535,3112
"1063","Noccaea perfoliata",7639623,"Noccaea perfoliata (L.) Al-Shehbaz","ACCEPTED","SPECIES","EXACT",98,7639623,6,7707728,220,7225535,3112
"1064","Noccaea perfoliata",7639623,"Noccaea perfoliata (L.) Al-Shehbaz","ACCEPTED","SPECIES","EXACT",98,7639623,6,7707728,220,7225535,3112
"1065","Raphanus raphanistrum",3040983,"Raphanus raphanistrum L.","ACCEPTED","SPECIES","EXACT",98,3040983,6,7707728,220,7225535,3112
"1066","Raphanus raphanistrum",3040983,"Raphanus raphanistrum L.","ACCEPTED","SPECIES","EXACT",98,3040983,6,7707728,220,7225535,3112
"1067","Raphanus raphanistrum",3040983,"Raphanus raphanistrum L.","ACCEPTED","SPECIES","EXACT",98,3040983,6,7707728,220,7225535,3112
"1068","Raphanus raphanistrum",3040983,"Raphanus raphanistrum L.","ACCEPTED","SPECIES","EXACT",98,3040983,6,7707728,220,7225535,3112
"1069","Rorippa amphibia",3053201,"Rorippa amphibia (L.) Besser","ACCEPTED","SPECIES","EXACT",99,3053201,6,7707728,220,7225535,3112
"1070","Rorippa amphibia",3053201,"Rorippa amphibia (L.) Besser","ACCEPTED","SPECIES","EXACT",99,3053201,6,7707728,220,7225535,3112
"1071","Rorippa amphibia",3053201,"Rorippa amphibia (L.) Besser","ACCEPTED","SPECIES","EXACT",99,3053201,6,7707728,220,7225535,3112
"1072","Rorippa amphibia",3053201,"Rorippa amphibia (L.) Besser","ACCEPTED","SPECIES","EXACT",99,3053201,6,7707728,220,7225535,3112
"1073","Rorippa palustris",3053168,"Rorippa palustris (L.) Besser","ACCEPTED","SPECIES","EXACT",97,3053168,6,7707728,220,7225535,3112
"1074","Rorippa palustris",3053168,"Rorippa palustris (L.) Besser","ACCEPTED","SPECIES","EXACT",97,3053168,6,7707728,220,7225535,3112
"1075","Rorippa palustris",3053168,"Rorippa palustris (L.) Besser","ACCEPTED","SPECIES","EXACT",97,3053168,6,7707728,220,7225535,3112
"1076","Rorippa palustris",3053168,"Rorippa palustris (L.) Besser","ACCEPTED","SPECIES","EXACT",97,3053168,6,7707728,220,7225535,3112
"1077","Rorippa sylvestris",3053376,"Rorippa sylvestris (L.) Besser","ACCEPTED","SPECIES","EXACT",99,3053376,6,7707728,220,7225535,3112
"1078","Rorippa sylvestris",3053376,"Rorippa sylvestris (L.) Besser","ACCEPTED","SPECIES","EXACT",99,3053376,6,7707728,220,7225535,3112
"1079","Rorippa sylvestris",3053376,"Rorippa sylvestris (L.) Besser","ACCEPTED","SPECIES","EXACT",99,3053376,6,7707728,220,7225535,3112
"1080","Rorippa sylvestris",3053376,"Rorippa sylvestris (L.) Besser","ACCEPTED","SPECIES","EXACT",99,3053376,6,7707728,220,7225535,3112
"1081","Sinapis arvensis",3047598,"Sinapis arvensis L.","ACCEPTED","SPECIES","EXACT",97,3047598,6,7707728,220,7225535,3112
"1082","Sinapis arvensis",3047598,"Sinapis arvensis L.","ACCEPTED","SPECIES","EXACT",97,3047598,6,7707728,220,7225535,3112
"1083","Sinapis arvensis",3047598,"Sinapis arvensis L.","ACCEPTED","SPECIES","EXACT",97,3047598,6,7707728,220,7225535,3112
"1084","Sinapis arvensis",3047598,"Sinapis arvensis L.","ACCEPTED","SPECIES","EXACT",97,3047598,6,7707728,220,7225535,3112
"1085","Sisymbrium austriacum",3046913,"Sisymbrium austriacum Jacq.","ACCEPTED","SPECIES","EXACT",99,3046913,6,7707728,220,7225535,3112
"1086","Sisymbrium austriacum",3046913,"Sisymbrium austriacum Jacq.","ACCEPTED","SPECIES","EXACT",99,3046913,6,7707728,220,7225535,3112
"1087","Sisymbrium austriacum",3046913,"Sisymbrium austriacum Jacq.","ACCEPTED","SPECIES","EXACT",99,3046913,6,7707728,220,7225535,3112
"1088","Sisymbrium officinale",3046890,"Sisymbrium officinale (L.) Scop.","ACCEPTED","SPECIES","EXACT",99,3046890,6,7707728,220,7225535,3112
"1089","Sisymbrium officinale",3046890,"Sisymbrium officinale (L.) Scop.","ACCEPTED","SPECIES","EXACT",99,3046890,6,7707728,220,7225535,3112
"1090","Sisymbrium officinale",3046890,"Sisymbrium officinale (L.) Scop.","ACCEPTED","SPECIES","EXACT",99,3046890,6,7707728,220,7225535,3112
"1091","Sisymbrium officinale",3046890,"Sisymbrium officinale (L.) Scop.","ACCEPTED","SPECIES","EXACT",99,3046890,6,7707728,220,7225535,3112
"1092","Teesdalia nudicaulis",3054168,"Teesdalia nudicaulis (L.) W.T.Aiton","ACCEPTED","SPECIES","EXACT",98,3054168,6,7707728,220,7225535,3112
"1093","Teesdalia nudicaulis",3054168,"Teesdalia nudicaulis (L.) W.T.Aiton","ACCEPTED","SPECIES","EXACT",98,3054168,6,7707728,220,7225535,3112
"1094","Teesdalia nudicaulis",3054168,"Teesdalia nudicaulis (L.) W.T.Aiton","ACCEPTED","SPECIES","EXACT",98,3054168,6,7707728,220,7225535,3112
"1095","Teesdalia nudicaulis",3054168,"Teesdalia nudicaulis (L.) W.T.Aiton","ACCEPTED","SPECIES","EXACT",98,3054168,6,7707728,220,7225535,3112
"1096","Thlaspi arvense",3052680,"Thlaspi arvense L.","ACCEPTED","SPECIES","EXACT",99,3052680,6,7707728,220,7225535,3112
"1097","Thlaspi arvense",3052680,"Thlaspi arvense L.","ACCEPTED","SPECIES","EXACT",99,3052680,6,7707728,220,7225535,3112
"1098","Thlaspi arvense",3052680,"Thlaspi arvense L.","ACCEPTED","SPECIES","EXACT",99,3052680,6,7707728,220,7225535,3112
"1099","Thlaspi arvense",3052680,"Thlaspi arvense L.","ACCEPTED","SPECIES","EXACT",99,3052680,6,7707728,220,7225535,3112
"1100","Turritis glabra",5376000,"Turritis glabra L.","ACCEPTED","SPECIES","EXACT",99,5376000,6,7707728,220,7225535,3112
"1101","Turritis glabra",5376000,"Turritis glabra L.","ACCEPTED","SPECIES","EXACT",99,5376000,6,7707728,220,7225535,3112
"1102","Turritis glabra",5376000,"Turritis glabra L.","ACCEPTED","SPECIES","EXACT",99,5376000,6,7707728,220,7225535,3112
"1103","Butomus umbellatus",2864467,"Butomus umbellatus L.","ACCEPTED","SPECIES","EXACT",99,2864467,6,7707728,196,551,6980
"1104","Butomus umbellatus",2864467,"Butomus umbellatus L.","ACCEPTED","SPECIES","EXACT",99,2864467,6,7707728,196,551,6980
"1105","Butomus umbellatus",2864467,"Butomus umbellatus L.","ACCEPTED","SPECIES","EXACT",99,2864467,6,7707728,196,551,6980
"1106","Butomus umbellatus",2864467,"Butomus umbellatus L.","ACCEPTED","SPECIES","EXACT",99,2864467,6,7707728,196,551,6980
"1107","Buxus sempervirens",2984671,"Buxus sempervirens L.","ACCEPTED","SPECIES","EXACT",97,2984671,6,7707728,220,5939628,6703
"1108","Buxus sempervirens",2984671,"Buxus sempervirens L.","ACCEPTED","SPECIES","EXACT",97,2984671,6,7707728,220,5939628,6703
"1109","Buxus sempervirens",2984671,"Buxus sempervirens L.","ACCEPTED","SPECIES","EXACT",97,2984671,6,7707728,220,5939628,6703
"1110","Buxus sempervirens",2984671,"Buxus sempervirens L.","ACCEPTED","SPECIES","EXACT",97,2984671,6,7707728,220,5939628,6703
"1111","Campanula glomerata",5409933,"Campanula glomerata L.","ACCEPTED","SPECIES","EXACT",98,5409933,6,7707728,220,414,8801
"1112","Campanula glomerata",5409933,"Campanula glomerata L.","ACCEPTED","SPECIES","EXACT",98,5409933,6,7707728,220,414,8801
"1113","Campanula glomerata",5409933,"Campanula glomerata L.","ACCEPTED","SPECIES","EXACT",98,5409933,6,7707728,220,414,8801
"1114","Campanula patula",5410564,"Campanula patula L.","ACCEPTED","SPECIES","EXACT",99,5410564,6,7707728,220,414,8801
"1115","Campanula patula",5410564,"Campanula patula L.","ACCEPTED","SPECIES","EXACT",99,5410564,6,7707728,220,414,8801
"1116","Campanula patula",5410564,"Campanula patula L.","ACCEPTED","SPECIES","EXACT",99,5410564,6,7707728,220,414,8801
"1117","Campanula patula",5410564,"Campanula patula L.","ACCEPTED","SPECIES","EXACT",99,5410564,6,7707728,220,414,8801
"1118","Campanula persicifolia",5411475,"Campanula persicifolia L.","ACCEPTED","SPECIES","EXACT",99,5411475,6,7707728,220,414,8801
"1119","Campanula persicifolia",5411475,"Campanula persicifolia L.","ACCEPTED","SPECIES","EXACT",99,5411475,6,7707728,220,414,8801
"1120","Campanula persicifolia",5411475,"Campanula persicifolia L.","ACCEPTED","SPECIES","EXACT",99,5411475,6,7707728,220,414,8801
"1121","Campanula persicifolia",5411475,"Campanula persicifolia L.","ACCEPTED","SPECIES","EXACT",99,5411475,6,7707728,220,414,8801
"1122","Campanula rapunculoides",5410436,"Campanula rapunculoides L.","ACCEPTED","SPECIES","EXACT",97,5410436,6,7707728,220,414,8801
"1123","Campanula rapunculoides",5410436,"Campanula rapunculoides L.","ACCEPTED","SPECIES","EXACT",97,5410436,6,7707728,220,414,8801
"1124","Campanula rapunculoides",5410436,"Campanula rapunculoides L.","ACCEPTED","SPECIES","EXACT",97,5410436,6,7707728,220,414,8801
"1125","Campanula rapunculoides",5410436,"Campanula rapunculoides L.","ACCEPTED","SPECIES","EXACT",97,5410436,6,7707728,220,414,8801
"1126","Campanula rapunculus",5411920,"Campanula rapunculus L.","ACCEPTED","SPECIES","EXACT",98,5411920,6,7707728,220,414,8801
"1127","Campanula rapunculus",5411920,"Campanula rapunculus L.","ACCEPTED","SPECIES","EXACT",98,5411920,6,7707728,220,414,8801
"1128","Campanula rapunculus",5411920,"Campanula rapunculus L.","ACCEPTED","SPECIES","EXACT",98,5411920,6,7707728,220,414,8801
"1129","Campanula rapunculus",5411920,"Campanula rapunculus L.","ACCEPTED","SPECIES","EXACT",98,5411920,6,7707728,220,414,8801
"1130","Campanula rotundifolia",5410907,"Campanula rotundifolia L.","ACCEPTED","SPECIES","EXACT",97,5410907,6,7707728,220,414,8801
"1131","Campanula rotundifolia",5410907,"Campanula rotundifolia L.","ACCEPTED","SPECIES","EXACT",97,5410907,6,7707728,220,414,8801
"1132","Campanula rotundifolia",5410907,"Campanula rotundifolia L.","ACCEPTED","SPECIES","EXACT",97,5410907,6,7707728,220,414,8801
"1133","Campanula rotundifolia",5410907,"Campanula rotundifolia L.","ACCEPTED","SPECIES","EXACT",97,5410907,6,7707728,220,414,8801
"1134","Campanula trachelium",5412014,"Campanula trachelium L.","ACCEPTED","SPECIES","EXACT",98,5412014,6,7707728,220,414,8801
"1135","Campanula trachelium",5412014,"Campanula trachelium L.","ACCEPTED","SPECIES","EXACT",98,5412014,6,7707728,220,414,8801
"1136","Campanula trachelium",5412014,"Campanula trachelium L.","ACCEPTED","SPECIES","EXACT",98,5412014,6,7707728,220,414,8801
"1137","Campanula trachelium",5412014,"Campanula trachelium L.","ACCEPTED","SPECIES","EXACT",98,5412014,6,7707728,220,414,8801
"1138","Jasione montana",8366345,"Jasione montana L.","ACCEPTED","SPECIES","EXACT",98,8366345,6,7707728,220,414,8801
"1139","Jasione montana",8366345,"Jasione montana L.","ACCEPTED","SPECIES","EXACT",98,8366345,6,7707728,220,414,8801
"1140","Jasione montana",8366345,"Jasione montana L.","ACCEPTED","SPECIES","EXACT",98,8366345,6,7707728,220,414,8801
"1141","Jasione montana",8366345,"Jasione montana L.","ACCEPTED","SPECIES","EXACT",98,8366345,6,7707728,220,414,8801
"1142","Legousia hybrida",3158788,"Legousia hybrida (L.) Delarbre","ACCEPTED","SPECIES","EXACT",98,3158788,6,7707728,220,414,8801
"1143","Legousia hybrida",3158788,"Legousia hybrida (L.) Delarbre","ACCEPTED","SPECIES","EXACT",98,3158788,6,7707728,220,414,8801
"1144","Legousia hybrida",3158788,"Legousia hybrida (L.) Delarbre","ACCEPTED","SPECIES","EXACT",98,3158788,6,7707728,220,414,8801
"1145","Legousia speculum-veneris",8022456,"Legousia speculum-veneris (L.) Chaix","ACCEPTED","SPECIES","EXACT",97,8022456,6,7707728,220,414,8801
"1146","Legousia speculum-veneris",8022456,"Legousia speculum-veneris (L.) Chaix","ACCEPTED","SPECIES","EXACT",97,8022456,6,7707728,220,414,8801
"1147","Legousia speculum-veneris",8022456,"Legousia speculum-veneris (L.) Chaix","ACCEPTED","SPECIES","EXACT",97,8022456,6,7707728,220,414,8801
"1148","Lobelia dortmanna",5408512,"Lobelia dortmanna L.","ACCEPTED","SPECIES","EXACT",99,5408512,6,7707728,220,414,8801
"1149","Lobelia dortmanna",5408512,"Lobelia dortmanna L.","ACCEPTED","SPECIES","EXACT",99,5408512,6,7707728,220,414,8801
"1150","Lobelia urens",5408353,"Lobelia urens L.","ACCEPTED","SPECIES","EXACT",99,5408353,6,7707728,220,414,8801
"1151","Lobelia urens",5408353,"Lobelia urens L.","ACCEPTED","SPECIES","EXACT",99,5408353,6,7707728,220,414,8801
"1152","Phyteuma nigrum",3166917,"Phyteuma nigrum F.W.Schmidt","ACCEPTED","SPECIES","EXACT",99,3166917,6,7707728,220,414,8801
"1153","Phyteuma nigrum",3166917,"Phyteuma nigrum F.W.Schmidt","ACCEPTED","SPECIES","EXACT",99,3166917,6,7707728,220,414,8801
"1154","Phyteuma nigrum",3166917,"Phyteuma nigrum F.W.Schmidt","ACCEPTED","SPECIES","EXACT",99,3166917,6,7707728,220,414,8801
"1155","Phyteuma nigrum",3166917,"Phyteuma nigrum F.W.Schmidt","ACCEPTED","SPECIES","EXACT",99,3166917,6,7707728,220,414,8801
"1156","Phyteuma spicatum",3166841,"Phyteuma spicatum L.","ACCEPTED","SPECIES","EXACT",98,3166841,6,7707728,220,414,8801
"1157","Phyteuma spicatum",3166841,"Phyteuma spicatum L.","ACCEPTED","SPECIES","EXACT",98,3166841,6,7707728,220,414,8801
"1158","Phyteuma spicatum",3166841,"Phyteuma spicatum L.","ACCEPTED","SPECIES","EXACT",98,3166841,6,7707728,220,414,8801
"1159","Phyteuma spicatum",3166841,"Phyteuma spicatum L.","ACCEPTED","SPECIES","EXACT",98,3166841,6,7707728,220,414,8801
"1160","Wahlenbergia hederacea",5413552,"Wahlenbergia hederacea (L.) Rchb.","SYNONYM","SPECIES","EXACT",98,9612996,6,7707728,220,414,8801
"1161","Wahlenbergia hederacea",5413552,"Wahlenbergia hederacea (L.) Rchb.","SYNONYM","SPECIES","EXACT",98,9612996,6,7707728,220,414,8801
"1162","Wahlenbergia hederacea",5413552,"Wahlenbergia hederacea (L.) Rchb.","SYNONYM","SPECIES","EXACT",98,9612996,6,7707728,220,414,8801
"1163","Humulus lupulus",2984535,"Humulus lupulus L.","ACCEPTED","SPECIES","EXACT",97,2984535,6,7707728,220,691,2384
"1164","Humulus lupulus",2984535,"Humulus lupulus L.","ACCEPTED","SPECIES","EXACT",97,2984535,6,7707728,220,691,2384
"1165","Humulus lupulus",2984535,"Humulus lupulus L.","ACCEPTED","SPECIES","EXACT",97,2984535,6,7707728,220,691,2384
"1166","Humulus lupulus",2984535,"Humulus lupulus L.","ACCEPTED","SPECIES","EXACT",97,2984535,6,7707728,220,691,2384
"1167","Dipsacus fullonum",8435025,"Dipsacus fullonum L.","ACCEPTED","SPECIES","EXACT",97,8435025,6,7707728,220,946,6710
"1168","Dipsacus fullonum",8435025,"Dipsacus fullonum L.","ACCEPTED","SPECIES","EXACT",97,8435025,6,7707728,220,946,6710
"1169","Dipsacus fullonum",8435025,"Dipsacus fullonum L.","ACCEPTED","SPECIES","EXACT",97,8435025,6,7707728,220,946,6710
"1170","Dipsacus fullonum",8435025,"Dipsacus fullonum L.","ACCEPTED","SPECIES","EXACT",97,8435025,6,7707728,220,946,6710
"1171","Dipsacus pilosus",4102733,"Dipsacus pilosus L.","ACCEPTED","SPECIES","EXACT",99,4102733,6,7707728,220,946,6710
"1172","Dipsacus pilosus",4102733,"Dipsacus pilosus L.","ACCEPTED","SPECIES","EXACT",99,4102733,6,7707728,220,946,6710
"1173","Dipsacus pilosus",4102733,"Dipsacus pilosus L.","ACCEPTED","SPECIES","EXACT",99,4102733,6,7707728,220,946,6710
"1174","Dipsacus pilosus",4102733,"Dipsacus pilosus L.","ACCEPTED","SPECIES","EXACT",99,4102733,6,7707728,220,946,6710
"1175","Knautia arvensis",2888808,"Knautia arvensis (L.) Coult.","ACCEPTED","SPECIES","EXACT",98,2888808,6,7707728,220,946,6710
"1176","Knautia arvensis",2888808,"Knautia arvensis (L.) Coult.","ACCEPTED","SPECIES","EXACT",98,2888808,6,7707728,220,946,6710
"1177","Knautia arvensis",2888808,"Knautia arvensis (L.) Coult.","ACCEPTED","SPECIES","EXACT",98,2888808,6,7707728,220,946,6710
"1178","Knautia arvensis",2888808,"Knautia arvensis (L.) Coult.","ACCEPTED","SPECIES","EXACT",98,2888808,6,7707728,220,946,6710
"1179","Knautia dipsacifolia",7301056,"Knautia dipsacifolia (Host) Kreutzer","ACCEPTED","SPECIES","EXACT",97,7301056,6,7707728,220,946,6710
"1180","Knautia dipsacifolia",7301056,"Knautia dipsacifolia (Host) Kreutzer","ACCEPTED","SPECIES","EXACT",97,7301056,6,7707728,220,946,6710
"1181","Lonicera periclymenum",5334277,"Lonicera periclymenum L.","ACCEPTED","SPECIES","EXACT",97,5334277,6,7707728,220,946,6710
"1182","Lonicera periclymenum",5334277,"Lonicera periclymenum L.","ACCEPTED","SPECIES","EXACT",97,5334277,6,7707728,220,946,6710
"1183","Lonicera periclymenum",5334277,"Lonicera periclymenum L.","ACCEPTED","SPECIES","EXACT",97,5334277,6,7707728,220,946,6710
"1184","Lonicera periclymenum",5334277,"Lonicera periclymenum L.","ACCEPTED","SPECIES","EXACT",97,5334277,6,7707728,220,946,6710
"1185","Lonicera xylosteum",5334259,"Lonicera xylosteum L.","ACCEPTED","SPECIES","EXACT",97,5334259,6,7707728,220,946,6710
"1186","Lonicera xylosteum",5334259,"Lonicera xylosteum L.","ACCEPTED","SPECIES","EXACT",97,5334259,6,7707728,220,946,6710
"1187","Lonicera xylosteum",5334259,"Lonicera xylosteum L.","ACCEPTED","SPECIES","EXACT",97,5334259,6,7707728,220,946,6710
"1188","Lonicera xylosteum",5334259,"Lonicera xylosteum L.","ACCEPTED","SPECIES","EXACT",97,5334259,6,7707728,220,946,6710
"1189","Scabiosa columbaria",2888802,"Scabiosa columbaria L.","ACCEPTED","SPECIES","EXACT",97,2888802,6,7707728,220,946,6710
"1190","Scabiosa columbaria",2888802,"Scabiosa columbaria L.","ACCEPTED","SPECIES","EXACT",97,2888802,6,7707728,220,946,6710
"1191","Scabiosa columbaria",2888802,"Scabiosa columbaria L.","ACCEPTED","SPECIES","EXACT",97,2888802,6,7707728,220,946,6710
"1192","Succisa pratensis",2888811,"Succisa pratensis Moench","ACCEPTED","SPECIES","EXACT",99,2888811,6,7707728,220,946,6710
"1193","Succisa pratensis",2888811,"Succisa pratensis Moench","ACCEPTED","SPECIES","EXACT",99,2888811,6,7707728,220,946,6710
"1194","Succisa pratensis",2888811,"Succisa pratensis Moench","ACCEPTED","SPECIES","EXACT",99,2888811,6,7707728,220,946,6710
"1195","Valeriana dioica",2888762,"Valeriana dioica L.","ACCEPTED","SPECIES","EXACT",97,2888762,6,7707728,220,946,6710
"1196","Valeriana dioica",2888762,"Valeriana dioica L.","ACCEPTED","SPECIES","EXACT",97,2888762,6,7707728,220,946,6710
"1197","Valeriana dioica",2888762,"Valeriana dioica L.","ACCEPTED","SPECIES","EXACT",97,2888762,6,7707728,220,946,6710
"1198","Valeriana officinalis",2888763,"Valeriana officinalis L.","ACCEPTED","SPECIES","EXACT",99,2888763,6,7707728,220,946,6710
"1199","Valeriana officinalis",2888763,"Valeriana officinalis L.","ACCEPTED","SPECIES","EXACT",99,2888763,6,7707728,220,946,6710
"1200","Valeriana officinalis",2888763,"Valeriana officinalis L.","ACCEPTED","SPECIES","EXACT",99,2888763,6,7707728,220,946,6710
"1201","Valeriana officinalis",2888763,"Valeriana officinalis L.","ACCEPTED","SPECIES","EXACT",99,2888763,6,7707728,220,946,6710
"1202","Valeriana wallrothii",7298925,"Valeriana wallrothii Kreyer","SYNONYM","SPECIES","EXACT",98,4095555,6,7707728,220,946,6710
"1203","Valeriana wallrothii",7298925,"Valeriana wallrothii Kreyer","SYNONYM","SPECIES","EXACT",98,4095555,6,7707728,220,946,6710
"1204","Valerianella carinata",2888769,"Valerianella carinata Loisel.","ACCEPTED","SPECIES","EXACT",99,2888769,6,7707728,220,946,6710
"1205","Valerianella carinata",2888769,"Valerianella carinata Loisel.","ACCEPTED","SPECIES","EXACT",99,2888769,6,7707728,220,946,6710
"1206","Valerianella carinata",2888769,"Valerianella carinata Loisel.","ACCEPTED","SPECIES","EXACT",99,2888769,6,7707728,220,946,6710
"1207","Valerianella dentata",2888789,"Valerianella dentata (L.) Pollich","ACCEPTED","SPECIES","EXACT",97,2888789,6,7707728,220,946,6710
"1208","Valerianella dentata",2888789,"Valerianella dentata (L.) Pollich","ACCEPTED","SPECIES","EXACT",97,2888789,6,7707728,220,946,6710
"1209","Valerianella dentata",2888789,"Valerianella dentata (L.) Pollich","ACCEPTED","SPECIES","EXACT",97,2888789,6,7707728,220,946,6710
"1210","Valerianella locusta",2888778,"Valerianella locusta (L.) Laterr.","ACCEPTED","SPECIES","EXACT",97,2888778,6,7707728,220,946,6710
"1211","Valerianella locusta",2888778,"Valerianella locusta (L.) Laterr.","ACCEPTED","SPECIES","EXACT",97,2888778,6,7707728,220,946,6710
"1212","Valerianella locusta",2888778,"Valerianella locusta (L.) Laterr.","ACCEPTED","SPECIES","EXACT",97,2888778,6,7707728,220,946,6710
"1213","Valerianella locusta",2888778,"Valerianella locusta (L.) Laterr.","ACCEPTED","SPECIES","EXACT",97,2888778,6,7707728,220,946,6710
"1214","Valerianella rimosa",4095539,"Valerianella rimosa Bastard","ACCEPTED","SPECIES","EXACT",99,4095539,6,7707728,220,946,6710
"1215","Valerianella rimosa",4095539,"Valerianella rimosa Bastard","ACCEPTED","SPECIES","EXACT",99,4095539,6,7707728,220,946,6710
"1216","Valerianella rimosa",4095539,"Valerianella rimosa Bastard","ACCEPTED","SPECIES","EXACT",99,4095539,6,7707728,220,946,6710
"1217","Agrostemma githago",3085368,"Agrostemma githago L.","ACCEPTED","SPECIES","EXACT",99,3085368,6,7707728,220,422,2518
"1218","Agrostemma githago",3085368,"Agrostemma githago L.","ACCEPTED","SPECIES","EXACT",99,3085368,6,7707728,220,422,2518
"1219","Agrostemma githago",3085368,"Agrostemma githago L.","ACCEPTED","SPECIES","EXACT",99,3085368,6,7707728,220,422,2518
"1220","Agrostemma githago",3085368,"Agrostemma githago L.","ACCEPTED","SPECIES","EXACT",99,3085368,6,7707728,220,422,2518
"1221","Arenaria leptoclados",5384470,"Arenaria leptoclados (Rchb.) Guss.","ACCEPTED","SPECIES","EXACT",98,5384470,6,7707728,220,422,2518
"1222","Arenaria leptoclados",5384470,"Arenaria leptoclados (Rchb.) Guss.","ACCEPTED","SPECIES","EXACT",98,5384470,6,7707728,220,422,2518
"1223","Arenaria leptoclados",5384470,"Arenaria leptoclados (Rchb.) Guss.","ACCEPTED","SPECIES","EXACT",98,5384470,6,7707728,220,422,2518
"1224","Arenaria serpyllifolia",8089871,"Arenaria serpyllifolia L.","ACCEPTED","SPECIES","EXACT",97,8089871,6,7707728,220,422,2518
"1225","Arenaria serpyllifolia",8089871,"Arenaria serpyllifolia L.","ACCEPTED","SPECIES","EXACT",97,8089871,6,7707728,220,422,2518
"1226","Arenaria serpyllifolia",8089871,"Arenaria serpyllifolia L.","ACCEPTED","SPECIES","EXACT",97,8089871,6,7707728,220,422,2518
"1227","Arenaria serpyllifolia",8089871,"Arenaria serpyllifolia L.","ACCEPTED","SPECIES","EXACT",97,8089871,6,7707728,220,422,2518
"1228","Cerastium arvense",3085433,"Cerastium arvense L.","ACCEPTED","SPECIES","EXACT",97,3085433,6,7707728,220,422,2518
"1229","Cerastium arvense",3085433,"Cerastium arvense L.","ACCEPTED","SPECIES","EXACT",97,3085433,6,7707728,220,422,2518
"1230","Cerastium arvense",3085433,"Cerastium arvense L.","ACCEPTED","SPECIES","EXACT",97,3085433,6,7707728,220,422,2518
"1231","Cerastium arvense",3085433,"Cerastium arvense L.","ACCEPTED","SPECIES","EXACT",97,3085433,6,7707728,220,422,2518
"1232","Cerastium brachypetalum",3085439,"Cerastium brachypetalum Desp. ex Pers.","ACCEPTED","SPECIES","EXACT",97,3085439,6,7707728,220,422,2518
"1233","Cerastium brachypetalum",3085439,"Cerastium brachypetalum Desp. ex Pers.","ACCEPTED","SPECIES","EXACT",97,3085439,6,7707728,220,422,2518
"1234","Cerastium brachypetalum",3085439,"Cerastium brachypetalum Desp. ex Pers.","ACCEPTED","SPECIES","EXACT",97,3085439,6,7707728,220,422,2518
"1235","Cerastium diffusum",3085464,"Cerastium diffusum Pers.","ACCEPTED","SPECIES","EXACT",99,3085464,6,7707728,220,422,2518
"1236","Cerastium diffusum",3085464,"Cerastium diffusum Pers.","ACCEPTED","SPECIES","EXACT",99,3085464,6,7707728,220,422,2518
"1237","Cerastium fontanum",3085458,"Cerastium fontanum Baumg.","ACCEPTED","SPECIES","EXACT",99,3085458,6,7707728,220,422,2518
"1238","Cerastium fontanum",3085458,"Cerastium fontanum Baumg.","ACCEPTED","SPECIES","EXACT",99,3085458,6,7707728,220,422,2518
"1239","Cerastium fontanum",3085458,"Cerastium fontanum Baumg.","ACCEPTED","SPECIES","EXACT",99,3085458,6,7707728,220,422,2518
"1240","Cerastium semidecandrum",3085434,"Cerastium semidecandrum L.","ACCEPTED","SPECIES","EXACT",97,3085434,6,7707728,220,422,2518
"1241","Corrigiola litoralis",5384680,"Corrigiola litoralis L.","ACCEPTED","SPECIES","EXACT",99,5384680,6,7707728,220,422,2518
"1242","Corrigiola litoralis",5384680,"Corrigiola litoralis L.","ACCEPTED","SPECIES","EXACT",99,5384680,6,7707728,220,422,2518
"1243","Corrigiola litoralis",5384680,"Corrigiola litoralis L.","ACCEPTED","SPECIES","EXACT",99,5384680,6,7707728,220,422,2518
"1244","Corrigiola litoralis",5384680,"Corrigiola litoralis L.","ACCEPTED","SPECIES","EXACT",99,5384680,6,7707728,220,422,2518
"1245","Dianthus armeria",3085413,"Dianthus armeria L.","ACCEPTED","SPECIES","EXACT",99,3085413,6,7707728,220,422,2518
"1246","Dianthus armeria",3085413,"Dianthus armeria L.","ACCEPTED","SPECIES","EXACT",99,3085413,6,7707728,220,422,2518
"1247","Dianthus armeria",3085413,"Dianthus armeria L.","ACCEPTED","SPECIES","EXACT",99,3085413,6,7707728,220,422,2518
"1248","Dianthus armeria",3085413,"Dianthus armeria L.","ACCEPTED","SPECIES","EXACT",99,3085413,6,7707728,220,422,2518
"1249","Dianthus carthusianorum",8400876,"Dianthus carthusianorum L.","ACCEPTED","SPECIES","EXACT",97,8400876,6,7707728,220,422,2518
"1250","Dianthus carthusianorum",8400876,"Dianthus carthusianorum L.","ACCEPTED","SPECIES","EXACT",97,8400876,6,7707728,220,422,2518
"1251","Dianthus carthusianorum",8400876,"Dianthus carthusianorum L.","ACCEPTED","SPECIES","EXACT",97,8400876,6,7707728,220,422,2518
"1252","Dianthus carthusianorum",8400876,"Dianthus carthusianorum L.","ACCEPTED","SPECIES","EXACT",97,8400876,6,7707728,220,422,2518
"1253","Dianthus deltoides",3085424,"Dianthus deltoides L.","ACCEPTED","SPECIES","EXACT",97,3085424,6,7707728,220,422,2518
"1254","Dianthus deltoides",3085424,"Dianthus deltoides L.","ACCEPTED","SPECIES","EXACT",97,3085424,6,7707728,220,422,2518
"1255","Dianthus deltoides",3085424,"Dianthus deltoides L.","ACCEPTED","SPECIES","EXACT",97,3085424,6,7707728,220,422,2518
"1256","Dianthus deltoides",3085424,"Dianthus deltoides L.","ACCEPTED","SPECIES","EXACT",97,3085424,6,7707728,220,422,2518
"1257","Dianthus gratianopolitanus",6364219,"Dianthus gratianopolitanus Vill.","ACCEPTED","SPECIES","EXACT",99,6364219,6,7707728,220,422,2518
"1258","Dianthus gratianopolitanus",6364219,"Dianthus gratianopolitanus Vill.","ACCEPTED","SPECIES","EXACT",99,6364219,6,7707728,220,422,2518
"1259","Dianthus gratianopolitanus",6364219,"Dianthus gratianopolitanus Vill.","ACCEPTED","SPECIES","EXACT",99,6364219,6,7707728,220,422,2518
"1260","Gypsophila muralis",5384457,"Gypsophila muralis L.","SYNONYM","SPECIES","EXACT",98,3085257,6,7707728,220,422,2518
"1261","Gypsophila muralis",5384457,"Gypsophila muralis L.","SYNONYM","SPECIES","EXACT",98,3085257,6,7707728,220,422,2518
"1262","Gypsophila muralis",5384457,"Gypsophila muralis L.","SYNONYM","SPECIES","EXACT",98,3085257,6,7707728,220,422,2518
"1263","Gypsophila muralis",5384457,"Gypsophila muralis L.","SYNONYM","SPECIES","EXACT",98,3085257,6,7707728,220,422,2518
"1264","Herniaria glabra",3085798,"Herniaria glabra L.","ACCEPTED","SPECIES","EXACT",99,3085798,6,7707728,220,422,2518
"1265","Herniaria glabra",3085798,"Herniaria glabra L.","ACCEPTED","SPECIES","EXACT",99,3085798,6,7707728,220,422,2518
"1266","Herniaria glabra",3085798,"Herniaria glabra L.","ACCEPTED","SPECIES","EXACT",99,3085798,6,7707728,220,422,2518
"1267","Herniaria glabra",3085798,"Herniaria glabra L.","ACCEPTED","SPECIES","EXACT",99,3085798,6,7707728,220,422,2518
"1268","Herniaria hirsuta",3085797,"Herniaria hirsuta L.","ACCEPTED","SPECIES","EXACT",97,3085797,6,7707728,220,422,2518
"1269","Herniaria hirsuta",3085797,"Herniaria hirsuta L.","ACCEPTED","SPECIES","EXACT",97,3085797,6,7707728,220,422,2518
"1270","Herniaria hirsuta",3085797,"Herniaria hirsuta L.","ACCEPTED","SPECIES","EXACT",97,3085797,6,7707728,220,422,2518
"1271","Herniaria hirsuta",3085797,"Herniaria hirsuta L.","ACCEPTED","SPECIES","EXACT",97,3085797,6,7707728,220,422,2518
"1272","Holosteum umbellatum",3085349,"Holosteum umbellatum L.","ACCEPTED","SPECIES","EXACT",99,3085349,6,7707728,220,422,2518
"1273","Holosteum umbellatum",3085349,"Holosteum umbellatum L.","ACCEPTED","SPECIES","EXACT",99,3085349,6,7707728,220,422,2518
"1274","Holosteum umbellatum",3085349,"Holosteum umbellatum L.","ACCEPTED","SPECIES","EXACT",99,3085349,6,7707728,220,422,2518
"1275","Holosteum umbellatum",3085349,"Holosteum umbellatum L.","ACCEPTED","SPECIES","EXACT",99,3085349,6,7707728,220,422,2518
"1276","Honckenya peploides",3085776,"Honckenya peploides (L.) Ehrh.","ACCEPTED","SPECIES","EXACT",99,3085776,6,7707728,220,422,2518
"1277","Honckenya peploides",3085776,"Honckenya peploides (L.) Ehrh.","ACCEPTED","SPECIES","EXACT",99,3085776,6,7707728,220,422,2518
"1278","Illecebrum verticillatum",5384589,"Illecebrum verticillatum L.","ACCEPTED","SPECIES","EXACT",97,5384589,6,7707728,220,422,2518
"1279","Illecebrum verticillatum",5384589,"Illecebrum verticillatum L.","ACCEPTED","SPECIES","EXACT",97,5384589,6,7707728,220,422,2518
"1280","Illecebrum verticillatum",5384589,"Illecebrum verticillatum L.","ACCEPTED","SPECIES","EXACT",97,5384589,6,7707728,220,422,2518
"1281","Moehringia trinervia",3085370,"Moehringia trinervia (L.) Clairv.","ACCEPTED","SPECIES","EXACT",98,3085370,6,7707728,220,422,2518
"1282","Moehringia trinervia",3085370,"Moehringia trinervia (L.) Clairv.","ACCEPTED","SPECIES","EXACT",98,3085370,6,7707728,220,422,2518
"1283","Moehringia trinervia",3085370,"Moehringia trinervia (L.) Clairv.","ACCEPTED","SPECIES","EXACT",98,3085370,6,7707728,220,422,2518
"1284","Moehringia trinervia",3085370,"Moehringia trinervia (L.) Clairv.","ACCEPTED","SPECIES","EXACT",98,3085370,6,7707728,220,422,2518
"1285","Moenchia erecta",7841283,"Moenchia erecta (L.) G.Gaertn., G.Mey. & Scherb.","ACCEPTED","SPECIES","EXACT",99,7841283,6,7707728,220,422,2518
"1286","Moenchia erecta",7841283,"Moenchia erecta (L.) G.Gaertn., G.Mey. & Scherb.","ACCEPTED","SPECIES","EXACT",99,7841283,6,7707728,220,422,2518
"1287","Moenchia erecta",7841283,"Moenchia erecta (L.) G.Gaertn., G.Mey. & Scherb.","ACCEPTED","SPECIES","EXACT",99,7841283,6,7707728,220,422,2518
"1288","Petrorhagia prolifera",3085619,"Petrorhagia prolifera (L.) P.W.Ball & Heywood","ACCEPTED","SPECIES","EXACT",99,3085619,6,7707728,220,422,2518
"1289","Petrorhagia prolifera",3085619,"Petrorhagia prolifera (L.) P.W.Ball & Heywood","ACCEPTED","SPECIES","EXACT",99,3085619,6,7707728,220,422,2518
"1290","Petrorhagia prolifera",3085619,"Petrorhagia prolifera (L.) P.W.Ball & Heywood","ACCEPTED","SPECIES","EXACT",99,3085619,6,7707728,220,422,2518
"1291","Petrorhagia prolifera",3085619,"Petrorhagia prolifera (L.) P.W.Ball & Heywood","ACCEPTED","SPECIES","EXACT",99,3085619,6,7707728,220,422,2518
"1292","Sabulina tenuifolia",5586962,"Sabulina tenuifolia (L.) Rchb.","ACCEPTED","SPECIES","EXACT",99,5586962,6,7707728,220,422,2518
"1293","Sabulina tenuifolia",5586962,"Sabulina tenuifolia (L.) Rchb.","ACCEPTED","SPECIES","EXACT",99,5586962,6,7707728,220,422,2518
"1294","Sabulina tenuifolia",5586962,"Sabulina tenuifolia (L.) Rchb.","ACCEPTED","SPECIES","EXACT",99,5586962,6,7707728,220,422,2518
"1295","Sabulina tenuifolia",5586962,"Sabulina tenuifolia (L.) Rchb.","ACCEPTED","SPECIES","EXACT",99,5586962,6,7707728,220,422,2518
"1296","Sabulina verna",8074997,"Sabulina verna (L.) Rchb.","ACCEPTED","SPECIES","EXACT",97,8074997,6,7707728,220,422,2518
"1297","Sabulina verna",8074997,"Sabulina verna (L.) Rchb.","ACCEPTED","SPECIES","EXACT",97,8074997,6,7707728,220,422,2518
"1298","Sagina apetala",8941837,"Sagina apetala Ard.","ACCEPTED","SPECIES","EXACT",98,8941837,6,7707728,220,422,2518
"1299","Sagina apetala",8941837,"Sagina apetala Ard.","ACCEPTED","SPECIES","EXACT",98,8941837,6,7707728,220,422,2518
"1300","Sagina apetala",8941837,"Sagina apetala Ard.","ACCEPTED","SPECIES","EXACT",98,8941837,6,7707728,220,422,2518
"1301","Sagina apetala",8941837,"Sagina apetala Ard.","ACCEPTED","SPECIES","EXACT",98,8941837,6,7707728,220,422,2518
"1302","Sagina maritima",3085407,"Sagina maritima Don","ACCEPTED","SPECIES","EXACT",99,3085407,6,7707728,220,422,2518
"1303","Sagina maritima",3085407,"Sagina maritima Don","ACCEPTED","SPECIES","EXACT",99,3085407,6,7707728,220,422,2518
"1304","Sagina micropetala",3808928,"Sagina micropetala Rauschert","ACCEPTED","SPECIES","EXACT",99,3808928,6,7707728,220,422,2518
"1305","Sagina micropetala",3808928,"Sagina micropetala Rauschert","ACCEPTED","SPECIES","EXACT",99,3808928,6,7707728,220,422,2518
"1306","Sagina micropetala",3808928,"Sagina micropetala Rauschert","ACCEPTED","SPECIES","EXACT",99,3808928,6,7707728,220,422,2518
"1307","Sagina micropetala",3808928,"Sagina micropetala Rauschert","ACCEPTED","SPECIES","EXACT",99,3808928,6,7707728,220,422,2518
"1308","Sagina nodosa",3085388,"Sagina nodosa (L.) Fenzl","ACCEPTED","SPECIES","EXACT",97,3085388,6,7707728,220,422,2518
"1309","Sagina nodosa",3085388,"Sagina nodosa (L.) Fenzl","ACCEPTED","SPECIES","EXACT",97,3085388,6,7707728,220,422,2518
"1310","Sagina nodosa",3085388,"Sagina nodosa (L.) Fenzl","ACCEPTED","SPECIES","EXACT",97,3085388,6,7707728,220,422,2518
"1311","Sagina procumbens",3085402,"Sagina procumbens L.","ACCEPTED","SPECIES","EXACT",97,3085402,6,7707728,220,422,2518
"1312","Sagina procumbens",3085402,"Sagina procumbens L.","ACCEPTED","SPECIES","EXACT",97,3085402,6,7707728,220,422,2518
"1313","Sagina procumbens",3085402,"Sagina procumbens L.","ACCEPTED","SPECIES","EXACT",97,3085402,6,7707728,220,422,2518
"1314","Sagina procumbens",3085402,"Sagina procumbens L.","ACCEPTED","SPECIES","EXACT",97,3085402,6,7707728,220,422,2518
"1315","Scleranthus annuus",3085894,"Scleranthus annuus L.","ACCEPTED","SPECIES","EXACT",99,3085894,6,7707728,220,422,2518
"1316","Scleranthus annuus",3085894,"Scleranthus annuus L.","ACCEPTED","SPECIES","EXACT",99,3085894,6,7707728,220,422,2518
"1317","Scleranthus annuus",3085894,"Scleranthus annuus L.","ACCEPTED","SPECIES","EXACT",99,3085894,6,7707728,220,422,2518
"1318","Scleranthus annuus",3085894,"Scleranthus annuus L.","ACCEPTED","SPECIES","EXACT",99,3085894,6,7707728,220,422,2518
"1319","Scleranthus perennis",3085895,"Scleranthus perennis L.","ACCEPTED","SPECIES","EXACT",99,3085895,6,7707728,220,422,2518
"1320","Scleranthus perennis",3085895,"Scleranthus perennis L.","ACCEPTED","SPECIES","EXACT",99,3085895,6,7707728,220,422,2518
"1321","Scleranthus perennis",3085895,"Scleranthus perennis L.","ACCEPTED","SPECIES","EXACT",99,3085895,6,7707728,220,422,2518
"1322","Silene conica",5384774,"Silene conica L.","ACCEPTED","SPECIES","EXACT",97,5384774,6,7707728,220,422,2518
"1323","Silene conica",5384774,"Silene conica L.","ACCEPTED","SPECIES","EXACT",97,5384774,6,7707728,220,422,2518
"1324","Silene dioica",5384795,"Silene dioica (L.) Clairv.","ACCEPTED","SPECIES","EXACT",97,5384795,6,7707728,220,422,2518
"1325","Silene dioica",5384795,"Silene dioica (L.) Clairv.","ACCEPTED","SPECIES","EXACT",97,5384795,6,7707728,220,422,2518
"1326","Silene dioica",5384795,"Silene dioica (L.) Clairv.","ACCEPTED","SPECIES","EXACT",97,5384795,6,7707728,220,422,2518
"1327","Silene dioica",5384795,"Silene dioica (L.) Clairv.","ACCEPTED","SPECIES","EXACT",97,5384795,6,7707728,220,422,2518
"1328","Silene flos-cuculi",5384738,"Silene flos-cuculi (L.) Greuter & Burdet","ACCEPTED","SPECIES","EXACT",97,5384738,6,7707728,220,422,2518
"1329","Silene flos-cuculi",5384738,"Silene flos-cuculi (L.) Greuter & Burdet","ACCEPTED","SPECIES","EXACT",97,5384738,6,7707728,220,422,2518
"1330","Silene flos-cuculi",5384738,"Silene flos-cuculi (L.) Greuter & Burdet","ACCEPTED","SPECIES","EXACT",97,5384738,6,7707728,220,422,2518
"1331","Silene flos-cuculi",5384738,"Silene flos-cuculi (L.) Greuter & Burdet","ACCEPTED","SPECIES","EXACT",97,5384738,6,7707728,220,422,2518
"1332","Silene latifolia",5384805,"Silene latifolia Poir.","ACCEPTED","SPECIES","EXACT",97,5384805,6,7707728,220,422,2518
"1333","Silene latifolia",5384805,"Silene latifolia Poir.","ACCEPTED","SPECIES","EXACT",97,5384805,6,7707728,220,422,2518
"1334","Silene latifolia",5384805,"Silene latifolia Poir.","ACCEPTED","SPECIES","EXACT",97,5384805,6,7707728,220,422,2518
"1335","Silene latifolia",5384805,"Silene latifolia Poir.","ACCEPTED","SPECIES","EXACT",97,5384805,6,7707728,220,422,2518
"1336","Silene noctiflora",5384834,"Silene noctiflora L.","ACCEPTED","SPECIES","EXACT",99,5384834,6,7707728,220,422,2518
"1337","Silene noctiflora",5384834,"Silene noctiflora L.","ACCEPTED","SPECIES","EXACT",99,5384834,6,7707728,220,422,2518
"1338","Silene noctiflora",5384834,"Silene noctiflora L.","ACCEPTED","SPECIES","EXACT",99,5384834,6,7707728,220,422,2518
"1339","Silene nutans",5384781,"Silene nutans L.","ACCEPTED","SPECIES","EXACT",99,5384781,6,7707728,220,422,2518
"1340","Silene nutans",5384781,"Silene nutans L.","ACCEPTED","SPECIES","EXACT",99,5384781,6,7707728,220,422,2518
"1341","Silene nutans",5384781,"Silene nutans L.","ACCEPTED","SPECIES","EXACT",99,5384781,6,7707728,220,422,2518
"1342","Silene nutans",5384781,"Silene nutans L.","ACCEPTED","SPECIES","EXACT",99,5384781,6,7707728,220,422,2518
"1343","Silene viscaria",5384742,"Silene viscaria (L.) Jess.","SYNONYM","SPECIES","EXACT",97,8153621,6,7707728,220,422,2518
"1344","Silene viscaria",5384742,"Silene viscaria (L.) Jess.","SYNONYM","SPECIES","EXACT",97,8153621,6,7707728,220,422,2518
"1345","Silene viscaria",5384742,"Silene viscaria (L.) Jess.","SYNONYM","SPECIES","EXACT",97,8153621,6,7707728,220,422,2518
"1346","Silene viscaria",5384742,"Silene viscaria (L.) Jess.","SYNONYM","SPECIES","EXACT",97,8153621,6,7707728,220,422,2518
"1347","Silene vulgaris",9172281,"Silene vulgaris (Moench) Garcke","ACCEPTED","SPECIES","EXACT",99,9172281,6,7707728,220,422,2518
"1348","Silene vulgaris",9172281,"Silene vulgaris (Moench) Garcke","ACCEPTED","SPECIES","EXACT",99,9172281,6,7707728,220,422,2518
"1349","Silene vulgaris",9172281,"Silene vulgaris (Moench) Garcke","ACCEPTED","SPECIES","EXACT",99,9172281,6,7707728,220,422,2518
"1350","Silene vulgaris",9172281,"Silene vulgaris (Moench) Garcke","ACCEPTED","SPECIES","EXACT",99,9172281,6,7707728,220,422,2518
"1351","Spergula arvensis",3085810,"Spergula arvensis L.","ACCEPTED","SPECIES","EXACT",99,3085810,6,7707728,220,422,2518
"1352","Spergula arvensis",3085810,"Spergula arvensis L.","ACCEPTED","SPECIES","EXACT",99,3085810,6,7707728,220,422,2518
"1353","Spergula arvensis",3085810,"Spergula arvensis L.","ACCEPTED","SPECIES","EXACT",99,3085810,6,7707728,220,422,2518
"1354","Spergula arvensis",3085810,"Spergula arvensis L.","ACCEPTED","SPECIES","EXACT",99,3085810,6,7707728,220,422,2518
"1355","Spergula morisonii",3085811,"Spergula morisonii Boreau","ACCEPTED","SPECIES","EXACT",99,3085811,6,7707728,220,422,2518
"1356","Spergula morisonii",3085811,"Spergula morisonii Boreau","ACCEPTED","SPECIES","EXACT",99,3085811,6,7707728,220,422,2518
"1357","Spergula morisonii",3085811,"Spergula morisonii Boreau","ACCEPTED","SPECIES","EXACT",99,3085811,6,7707728,220,422,2518
"1358","Spergularia marina",7736551,"Spergularia marina (L.) Besser","ACCEPTED","SPECIES","EXACT",97,7736551,6,7707728,220,422,2518
"1359","Spergularia marina",7736551,"Spergularia marina (L.) Besser","ACCEPTED","SPECIES","EXACT",97,7736551,6,7707728,220,422,2518
"1360","Spergularia marina",7736551,"Spergularia marina (L.) Besser","ACCEPTED","SPECIES","EXACT",97,7736551,6,7707728,220,422,2518
"1361","Spergularia marina",7736551,"Spergularia marina (L.) Besser","ACCEPTED","SPECIES","EXACT",97,7736551,6,7707728,220,422,2518
"1362","Spergularia media",7570897,"Spergularia media (L.) C.Presl","ACCEPTED","SPECIES","EXACT",97,7570897,6,7707728,220,422,2518
"1363","Spergularia media",7570897,"Spergularia media (L.) C.Presl","ACCEPTED","SPECIES","EXACT",97,7570897,6,7707728,220,422,2518
"1364","Spergularia media",7570897,"Spergularia media (L.) C.Presl","ACCEPTED","SPECIES","EXACT",97,7570897,6,7707728,220,422,2518
"1365","Spergularia rubra",3085633,"Spergularia rubra (L.) J.Presl & C.Presl","ACCEPTED","SPECIES","EXACT",99,3085633,6,7707728,220,422,2518
"1366","Spergularia rubra",3085633,"Spergularia rubra (L.) J.Presl & C.Presl","ACCEPTED","SPECIES","EXACT",99,3085633,6,7707728,220,422,2518
"1367","Spergularia rubra",3085633,"Spergularia rubra (L.) J.Presl & C.Presl","ACCEPTED","SPECIES","EXACT",99,3085633,6,7707728,220,422,2518
"1368","Spergularia rubra",3085633,"Spergularia rubra (L.) J.Presl & C.Presl","ACCEPTED","SPECIES","EXACT",99,3085633,6,7707728,220,422,2518
"1369","Stellaria alsine",5384606,"Stellaria alsine Grimm","ACCEPTED","SPECIES","EXACT",97,5384606,6,7707728,220,422,2518
"1370","Stellaria alsine",5384606,"Stellaria alsine Grimm","ACCEPTED","SPECIES","EXACT",97,5384606,6,7707728,220,422,2518
"1371","Stellaria alsine",5384606,"Stellaria alsine Grimm","ACCEPTED","SPECIES","EXACT",97,5384606,6,7707728,220,422,2518
"1372","Stellaria alsine",5384606,"Stellaria alsine Grimm","ACCEPTED","SPECIES","EXACT",97,5384606,6,7707728,220,422,2518
"1373","Stellaria apetala",8311921,"Stellaria apetala Bernardino","ACCEPTED","SPECIES","EXACT",97,8311921,6,7707728,220,422,2518
"1374","Stellaria apetala",8311921,"Stellaria apetala Bernardino","ACCEPTED","SPECIES","EXACT",97,8311921,6,7707728,220,422,2518
"1375","Stellaria apetala",8311921,"Stellaria apetala Bernardino","ACCEPTED","SPECIES","EXACT",97,8311921,6,7707728,220,422,2518
"1376","Stellaria apetala",8311921,"Stellaria apetala Bernardino","ACCEPTED","SPECIES","EXACT",97,8311921,6,7707728,220,422,2518
"1377","Stellaria aquatica",5384501,"Stellaria aquatica (L.) Scop.","ACCEPTED","SPECIES","EXACT",97,5384501,6,7707728,220,422,2518
"1378","Stellaria aquatica",5384501,"Stellaria aquatica (L.) Scop.","ACCEPTED","SPECIES","EXACT",97,5384501,6,7707728,220,422,2518
"1379","Stellaria aquatica",5384501,"Stellaria aquatica (L.) Scop.","ACCEPTED","SPECIES","EXACT",97,5384501,6,7707728,220,422,2518
"1380","Stellaria graminea",5384616,"Stellaria graminea L.","ACCEPTED","SPECIES","EXACT",97,5384616,6,7707728,220,422,2518
"1381","Stellaria graminea",5384616,"Stellaria graminea L.","ACCEPTED","SPECIES","EXACT",97,5384616,6,7707728,220,422,2518
"1382","Stellaria graminea",5384616,"Stellaria graminea L.","ACCEPTED","SPECIES","EXACT",97,5384616,6,7707728,220,422,2518
"1383","Stellaria graminea",5384616,"Stellaria graminea L.","ACCEPTED","SPECIES","EXACT",97,5384616,6,7707728,220,422,2518
"1384","Stellaria holostea",5384676,"Stellaria holostea L.","SYNONYM","SPECIES","EXACT",98,11071158,6,7707728,220,422,2518
"1385","Stellaria holostea",5384676,"Stellaria holostea L.","SYNONYM","SPECIES","EXACT",98,11071158,6,7707728,220,422,2518
"1386","Stellaria holostea",5384676,"Stellaria holostea L.","SYNONYM","SPECIES","EXACT",98,11071158,6,7707728,220,422,2518
"1387","Stellaria holostea",5384676,"Stellaria holostea L.","SYNONYM","SPECIES","EXACT",98,11071158,6,7707728,220,422,2518
"1388","Stellaria media",5384604,"Stellaria media (L.) Vill.","ACCEPTED","SPECIES","EXACT",97,5384604,6,7707728,220,422,2518
"1389","Stellaria media",5384604,"Stellaria media (L.) Vill.","ACCEPTED","SPECIES","EXACT",97,5384604,6,7707728,220,422,2518
"1390","Stellaria media",5384604,"Stellaria media (L.) Vill.","ACCEPTED","SPECIES","EXACT",97,5384604,6,7707728,220,422,2518
"1391","Stellaria media",5384604,"Stellaria media (L.) Vill.","ACCEPTED","SPECIES","EXACT",97,5384604,6,7707728,220,422,2518
"1392","Stellaria neglecta",6363436,"Stellaria neglecta (Lej.) Weihe","ACCEPTED","SPECIES","EXACT",98,6363436,6,7707728,220,422,2518
"1393","Stellaria neglecta",6363436,"Stellaria neglecta (Lej.) Weihe","ACCEPTED","SPECIES","EXACT",98,6363436,6,7707728,220,422,2518
"1394","Stellaria neglecta",6363436,"Stellaria neglecta (Lej.) Weihe","ACCEPTED","SPECIES","EXACT",98,6363436,6,7707728,220,422,2518
"1395","Stellaria nemorum",6363434,"Stellaria nemorum L.","ACCEPTED","SPECIES","EXACT",97,6363434,6,7707728,220,422,2518
"1396","Stellaria nemorum",6363434,"Stellaria nemorum L.","ACCEPTED","SPECIES","EXACT",97,6363434,6,7707728,220,422,2518
"1397","Stellaria nemorum",6363434,"Stellaria nemorum L.","ACCEPTED","SPECIES","EXACT",97,6363434,6,7707728,220,422,2518
"1398","Stellaria palustris",8127028,"Stellaria palustris (Murray ex Ehrh.) Hoffm.","ACCEPTED","SPECIES","EXACT",97,8127028,6,7707728,220,422,2518
"1399","Stellaria palustris",8127028,"Stellaria palustris (Murray ex Ehrh.) Hoffm.","ACCEPTED","SPECIES","EXACT",97,8127028,6,7707728,220,422,2518
"1400","Stellaria palustris",8127028,"Stellaria palustris (Murray ex Ehrh.) Hoffm.","ACCEPTED","SPECIES","EXACT",97,8127028,6,7707728,220,422,2518
"1401","Stellaria palustris",8127028,"Stellaria palustris (Murray ex Ehrh.) Hoffm.","ACCEPTED","SPECIES","EXACT",97,8127028,6,7707728,220,422,2518
"1402","Stellaria ruderalis",10860042,"Stellaria ruderalis M.Lepsí, P.Lepsí, Z.Kaplan & P.Koutecký","ACCEPTED","SPECIES","EXACT",99,10860042,6,7707728,220,422,2518
"1403","Stellaria ruderalis",10860042,"Stellaria ruderalis M.Lepsí, P.Lepsí, Z.Kaplan & P.Koutecký","ACCEPTED","SPECIES","EXACT",99,10860042,6,7707728,220,422,2518
"1404","Stellaria ruderalis",10860042,"Stellaria ruderalis M.Lepsí, P.Lepsí, Z.Kaplan & P.Koutecký","ACCEPTED","SPECIES","EXACT",99,10860042,6,7707728,220,422,2518
"1405","Euonymus europaeus",3169131,"Euonymus europaeus L.","ACCEPTED","SPECIES","EXACT",99,3169131,6,7707728,220,950,6715
"1406","Euonymus europaeus",3169131,"Euonymus europaeus L.","ACCEPTED","SPECIES","EXACT",99,3169131,6,7707728,220,950,6715
"1407","Euonymus europaeus",3169131,"Euonymus europaeus L.","ACCEPTED","SPECIES","EXACT",99,3169131,6,7707728,220,950,6715
"1408","Euonymus europaeus",3169131,"Euonymus europaeus L.","ACCEPTED","SPECIES","EXACT",99,3169131,6,7707728,220,950,6715
"1409","Parnassia palustris",3032585,"Parnassia palustris L.","ACCEPTED","SPECIES","EXACT",99,3032585,6,7707728,220,950,3592363
"1410","Parnassia palustris",3032585,"Parnassia palustris L.","ACCEPTED","SPECIES","EXACT",99,3032585,6,7707728,220,950,3592363
"1411","Parnassia palustris",3032585,"Parnassia palustris L.","ACCEPTED","SPECIES","EXACT",99,3032585,6,7707728,220,950,3592363
"1412","Ceratophyllum demersum",2882398,"Ceratophyllum demersum L.","ACCEPTED","SPECIES","EXACT",97,2882398,6,7707728,220,7224003,2425
"1413","Ceratophyllum demersum",2882398,"Ceratophyllum demersum L.","ACCEPTED","SPECIES","EXACT",97,2882398,6,7707728,220,7224003,2425
"1414","Ceratophyllum demersum",2882398,"Ceratophyllum demersum L.","ACCEPTED","SPECIES","EXACT",97,2882398,6,7707728,220,7224003,2425
"1415","Ceratophyllum demersum",2882398,"Ceratophyllum demersum L.","ACCEPTED","SPECIES","EXACT",97,2882398,6,7707728,220,7224003,2425
"1416","Ceratophyllum submersum",2882404,"Ceratophyllum submersum L.","ACCEPTED","SPECIES","EXACT",99,2882404,6,7707728,220,7224003,2425
"1417","Ceratophyllum submersum",2882404,"Ceratophyllum submersum L.","ACCEPTED","SPECIES","EXACT",99,2882404,6,7707728,220,7224003,2425
"1418","Ceratophyllum submersum",2882404,"Ceratophyllum submersum L.","ACCEPTED","SPECIES","EXACT",99,2882404,6,7707728,220,7224003,2425
"1419","Fumana procumbens",7331288,"Fumana procumbens (Dunal) Gren. & Godr.","ACCEPTED","SPECIES","EXACT",99,7331288,6,7707728,220,941,6635
"1420","Fumana procumbens",7331288,"Fumana procumbens (Dunal) Gren. & Godr.","ACCEPTED","SPECIES","EXACT",99,7331288,6,7707728,220,941,6635
"1421","Helianthemum apenninum",9823314,"Helianthemum apenninum (L.) Mill.","ACCEPTED","SPECIES","EXACT",98,9823314,6,7707728,220,941,6635
"1422","Helianthemum apenninum",9823314,"Helianthemum apenninum (L.) Mill.","ACCEPTED","SPECIES","EXACT",98,9823314,6,7707728,220,941,6635
"1423","Helianthemum apenninum",9823314,"Helianthemum apenninum (L.) Mill.","ACCEPTED","SPECIES","EXACT",98,9823314,6,7707728,220,941,6635
"1424","Helianthemum nummularium",8890062,"Helianthemum nummularium (L.) Mill.","ACCEPTED","SPECIES","EXACT",97,8890062,6,7707728,220,941,6635
"1425","Helianthemum nummularium",8890062,"Helianthemum nummularium (L.) Mill.","ACCEPTED","SPECIES","EXACT",97,8890062,6,7707728,220,941,6635
"1426","Helianthemum nummularium",8890062,"Helianthemum nummularium (L.) Mill.","ACCEPTED","SPECIES","EXACT",97,8890062,6,7707728,220,941,6635
"1427","Colchicum autumnale",2739622,"Colchicum autumnale L.","ACCEPTED","SPECIES","EXACT",97,2739622,6,7707728,196,1172,7697
"1428","Colchicum autumnale",2739622,"Colchicum autumnale L.","ACCEPTED","SPECIES","EXACT",97,2739622,6,7707728,196,1172,7697
"1429","Colchicum autumnale",2739622,"Colchicum autumnale L.","ACCEPTED","SPECIES","EXACT",97,2739622,6,7707728,196,1172,7697
"1430","Colchicum autumnale",2739622,"Colchicum autumnale L.","ACCEPTED","SPECIES","EXACT",97,2739622,6,7707728,196,1172,7697
"1431","Convolvulus arvensis",2928390,"Convolvulus arvensis L.","ACCEPTED","SPECIES","EXACT",99,2928390,6,7707728,220,1176,2389
"1432","Convolvulus arvensis",2928390,"Convolvulus arvensis L.","ACCEPTED","SPECIES","EXACT",99,2928390,6,7707728,220,1176,2389
"1433","Convolvulus arvensis",2928390,"Convolvulus arvensis L.","ACCEPTED","SPECIES","EXACT",99,2928390,6,7707728,220,1176,2389
"1434","Convolvulus arvensis",2928390,"Convolvulus arvensis L.","ACCEPTED","SPECIES","EXACT",99,2928390,6,7707728,220,1176,2389
"1435","Convolvulus sepium",7384966,"Convolvulus sepium Pall., 1776","ACCEPTED","SPECIES","EXACT",97,7384966,6,7707728,220,1176,2389
"1436","Convolvulus sepium",7384966,"Convolvulus sepium Pall., 1776","ACCEPTED","SPECIES","EXACT",97,7384966,6,7707728,220,1176,2389
"1437","Convolvulus sepium",7384966,"Convolvulus sepium Pall., 1776","ACCEPTED","SPECIES","EXACT",97,7384966,6,7707728,220,1176,2389
"1438","Convolvulus sepium",7384966,"Convolvulus sepium Pall., 1776","ACCEPTED","SPECIES","EXACT",97,7384966,6,7707728,220,1176,2389
"1439","Cuscuta epilinum",2927530,"Cuscuta epilinum Weihe","ACCEPTED","SPECIES","EXACT",98,2927530,6,7707728,220,1176,2389
"1440","Cuscuta epilinum",2927530,"Cuscuta epilinum Weihe","ACCEPTED","SPECIES","EXACT",98,2927530,6,7707728,220,1176,2389
"1441","Cuscuta epithymum",2927518,"Cuscuta epithymum (L.) L.","ACCEPTED","SPECIES","EXACT",97,2927518,6,7707728,220,1176,2389
"1442","Cuscuta epithymum",2927518,"Cuscuta epithymum (L.) L.","ACCEPTED","SPECIES","EXACT",97,2927518,6,7707728,220,1176,2389
"1443","Cuscuta epithymum",2927518,"Cuscuta epithymum (L.) L.","ACCEPTED","SPECIES","EXACT",97,2927518,6,7707728,220,1176,2389
"1444","Cuscuta europaea",2927493,"Cuscuta europaea L.","ACCEPTED","SPECIES","EXACT",97,2927493,6,7707728,220,1176,2389
"1445","Cuscuta europaea",2927493,"Cuscuta europaea L.","ACCEPTED","SPECIES","EXACT",97,2927493,6,7707728,220,1176,2389
"1446","Cuscuta europaea",2927493,"Cuscuta europaea L.","ACCEPTED","SPECIES","EXACT",97,2927493,6,7707728,220,1176,2389
"1447","Cuscuta europaea",2927493,"Cuscuta europaea L.","ACCEPTED","SPECIES","EXACT",97,2927493,6,7707728,220,1176,2389
"1448","Cuscuta lupuliformis",3678256,"Cuscuta lupuliformis Krock.","ACCEPTED","SPECIES","EXACT",99,3678256,6,7707728,220,1176,2389
"1449","Cuscuta lupuliformis",3678256,"Cuscuta lupuliformis Krock.","ACCEPTED","SPECIES","EXACT",99,3678256,6,7707728,220,1176,2389
"1450","Cornus mas",3082263,"Cornus mas L.","ACCEPTED","SPECIES","EXACT",99,3082263,6,7707728,220,949,6713
"1451","Cornus mas",3082263,"Cornus mas L.","ACCEPTED","SPECIES","EXACT",99,3082263,6,7707728,220,949,6713
"1452","Cornus mas",3082263,"Cornus mas L.","ACCEPTED","SPECIES","EXACT",99,3082263,6,7707728,220,949,6713
"1453","Cornus mas",3082263,"Cornus mas L.","ACCEPTED","SPECIES","EXACT",99,3082263,6,7707728,220,949,6713
"1454","Cornus sanguinea",3082234,"Cornus sanguinea L.","ACCEPTED","SPECIES","EXACT",97,3082234,6,7707728,220,949,6713
"1455","Cornus sanguinea",3082234,"Cornus sanguinea L.","ACCEPTED","SPECIES","EXACT",97,3082234,6,7707728,220,949,6713
"1456","Cornus sanguinea",3082234,"Cornus sanguinea L.","ACCEPTED","SPECIES","EXACT",97,3082234,6,7707728,220,949,6713
"1457","Cornus sanguinea",3082234,"Cornus sanguinea L.","ACCEPTED","SPECIES","EXACT",97,3082234,6,7707728,220,949,6713
"1458","Crassula tillaea",5362055,"Crassula tillaea Lest.-Garl.","ACCEPTED","SPECIES","EXACT",97,5362055,6,7707728,220,7219248,2406
"1459","Crassula tillaea",5362055,"Crassula tillaea Lest.-Garl.","ACCEPTED","SPECIES","EXACT",97,5362055,6,7707728,220,7219248,2406
"1460","Crassula tillaea",5362055,"Crassula tillaea Lest.-Garl.","ACCEPTED","SPECIES","EXACT",97,5362055,6,7707728,220,7219248,2406
"1461","Hylotelephium telephium",2985865,"Hylotelephium telephium (L.) H.Ohba","ACCEPTED","SPECIES","EXACT",99,2985865,6,7707728,220,7219248,2406
"1462","Hylotelephium telephium",2985865,"Hylotelephium telephium (L.) H.Ohba","ACCEPTED","SPECIES","EXACT",99,2985865,6,7707728,220,7219248,2406
"1463","Hylotelephium telephium",2985865,"Hylotelephium telephium (L.) H.Ohba","ACCEPTED","SPECIES","EXACT",99,2985865,6,7707728,220,7219248,2406
"1464","Hylotelephium telephium",2985865,"Hylotelephium telephium (L.) H.Ohba","ACCEPTED","SPECIES","EXACT",99,2985865,6,7707728,220,7219248,2406
"1465","Sedum acre",5362007,"Sedum acre L.","ACCEPTED","SPECIES","EXACT",97,5362007,6,7707728,220,7219248,2406
"1466","Sedum acre",5362007,"Sedum acre L.","ACCEPTED","SPECIES","EXACT",97,5362007,6,7707728,220,7219248,2406
"1467","Sedum acre",5362007,"Sedum acre L.","ACCEPTED","SPECIES","EXACT",97,5362007,6,7707728,220,7219248,2406
"1468","Sedum acre",5362007,"Sedum acre L.","ACCEPTED","SPECIES","EXACT",97,5362007,6,7707728,220,7219248,2406
"1469","Sedum album",5362008,"Sedum album L.","ACCEPTED","SPECIES","EXACT",98,5362008,6,7707728,220,7219248,2406
"1470","Sedum album",5362008,"Sedum album L.","ACCEPTED","SPECIES","EXACT",98,5362008,6,7707728,220,7219248,2406
"1471","Sedum album",5362008,"Sedum album L.","ACCEPTED","SPECIES","EXACT",98,5362008,6,7707728,220,7219248,2406
"1472","Sedum album",5362008,"Sedum album L.","ACCEPTED","SPECIES","EXACT",98,5362008,6,7707728,220,7219248,2406
"1473","Sedum rubens",7963827,"Sedum rubens L.","ACCEPTED","SPECIES","EXACT",97,7963827,6,7707728,220,7219248,2406
"1474","Sedum rubens",7963827,"Sedum rubens L.","ACCEPTED","SPECIES","EXACT",97,7963827,6,7707728,220,7219248,2406
"1475","Sedum sexangulare",5361991,"Sedum sexangulare L.","ACCEPTED","SPECIES","EXACT",97,5361991,6,7707728,220,7219248,2406
"1476","Sedum sexangulare",5361991,"Sedum sexangulare L.","ACCEPTED","SPECIES","EXACT",97,5361991,6,7707728,220,7219248,2406
"1477","Sedum sexangulare",5361991,"Sedum sexangulare L.","ACCEPTED","SPECIES","EXACT",97,5361991,6,7707728,220,7219248,2406
"1478","Sedum sexangulare",5361991,"Sedum sexangulare L.","ACCEPTED","SPECIES","EXACT",97,5361991,6,7707728,220,7219248,2406
"1479","Sempervivum funckii",4200522,"Sempervivum × funckii Braun ex W.D.J.Koch","ACCEPTED","SPECIES","EXACT",97,4200522,6,7707728,220,7219248,2406
"1480","Sempervivum funckii",4200522,"Sempervivum × funckii Braun ex W.D.J.Koch","ACCEPTED","SPECIES","EXACT",97,4200522,6,7707728,220,7219248,2406
"1481","Bryonia dioica",6422396,"Bryonia dioica Jacq.","ACCEPTED","SPECIES","EXACT",97,6422396,6,7707728,220,7224005,6634
"1482","Bryonia dioica",6422396,"Bryonia dioica Jacq.","ACCEPTED","SPECIES","EXACT",97,6422396,6,7707728,220,7224005,6634
"1483","Bryonia dioica",6422396,"Bryonia dioica Jacq.","ACCEPTED","SPECIES","EXACT",97,6422396,6,7707728,220,7224005,6634
"1484","Bryonia dioica",6422396,"Bryonia dioica Jacq.","ACCEPTED","SPECIES","EXACT",97,6422396,6,7707728,220,7224005,6634
"1485","Juniperus communis",2684709,"Juniperus communis L.","ACCEPTED","SPECIES","EXACT",97,2684709,6,7707728,194,640,8144
"1486","Juniperus communis",2684709,"Juniperus communis L.","ACCEPTED","SPECIES","EXACT",97,2684709,6,7707728,194,640,8144
"1487","Juniperus communis",2684709,"Juniperus communis L.","ACCEPTED","SPECIES","EXACT",97,2684709,6,7707728,194,640,8144
"1488","Juniperus communis",2684709,"Juniperus communis L.","ACCEPTED","SPECIES","EXACT",97,2684709,6,7707728,194,640,8144
"1489","Blysmus compressus",2710650,"Blysmus compressus (L.) Panz. ex Link","ACCEPTED","SPECIES","EXACT",97,2710650,6,7707728,196,1369,7708
"1490","Blysmus compressus",2710650,"Blysmus compressus (L.) Panz. ex Link","ACCEPTED","SPECIES","EXACT",97,2710650,6,7707728,196,1369,7708
"1491","Blysmus compressus",2710650,"Blysmus compressus (L.) Panz. ex Link","ACCEPTED","SPECIES","EXACT",97,2710650,6,7707728,196,1369,7708
"1492","Bolboschoenus laticarpus",2718394,"Bolboschoenus laticarpus Marhold, Hroudová, Duchácek & Zákr.","ACCEPTED","SPECIES","EXACT",99,2718394,6,7707728,196,1369,7708
"1493","Bolboschoenus laticarpus",2718394,"Bolboschoenus laticarpus Marhold, Hroudová, Duchácek & Zákr.","ACCEPTED","SPECIES","EXACT",99,2718394,6,7707728,196,1369,7708
"1494","Bolboschoenus laticarpus",2718394,"Bolboschoenus laticarpus Marhold, Hroudová, Duchácek & Zákr.","ACCEPTED","SPECIES","EXACT",99,2718394,6,7707728,196,1369,7708
"1495","Bolboschoenus laticarpus",2718394,"Bolboschoenus laticarpus Marhold, Hroudová, Duchácek & Zákr.","ACCEPTED","SPECIES","EXACT",99,2718394,6,7707728,196,1369,7708
"1496","Bolboschoenus maritimus",2718307,"Bolboschoenus maritimus (L.) Palla","ACCEPTED","SPECIES","EXACT",99,2718307,6,7707728,196,1369,7708
"1497","Bolboschoenus maritimus",2718307,"Bolboschoenus maritimus (L.) Palla","ACCEPTED","SPECIES","EXACT",99,2718307,6,7707728,196,1369,7708
"1498","Bolboschoenus maritimus",2718307,"Bolboschoenus maritimus (L.) Palla","ACCEPTED","SPECIES","EXACT",99,2718307,6,7707728,196,1369,7708
"1499","Carex acuta",2722833,"Carex acuta L.","ACCEPTED","SPECIES","EXACT",97,2722833,6,7707728,196,1369,7708
"1500","Carex acuta",2722833,"Carex acuta L.","ACCEPTED","SPECIES","EXACT",97,2722833,6,7707728,196,1369,7708
"1501","Carex acuta",2722833,"Carex acuta L.","ACCEPTED","SPECIES","EXACT",97,2722833,6,7707728,196,1369,7708
"1502","Carex acuta",2722833,"Carex acuta L.","ACCEPTED","SPECIES","EXACT",97,2722833,6,7707728,196,1369,7708
"1503","Carex acutiformis",2723099,"Carex acutiformis Ehrh.","ACCEPTED","SPECIES","EXACT",97,2723099,6,7707728,196,1369,7708
"1504","Carex acutiformis",2723099,"Carex acutiformis Ehrh.","ACCEPTED","SPECIES","EXACT",97,2723099,6,7707728,196,1369,7708
"1505","Carex acutiformis",2723099,"Carex acutiformis Ehrh.","ACCEPTED","SPECIES","EXACT",97,2723099,6,7707728,196,1369,7708
"1506","Carex acutiformis",2723099,"Carex acutiformis Ehrh.","ACCEPTED","SPECIES","EXACT",97,2723099,6,7707728,196,1369,7708
"1507","Carex appropinquata",2727917,"Carex appropinquata Schumach.","ACCEPTED","SPECIES","EXACT",99,2727917,6,7707728,196,1369,7708
"1508","Carex appropinquata",2727917,"Carex appropinquata Schumach.","ACCEPTED","SPECIES","EXACT",99,2727917,6,7707728,196,1369,7708
"1509","Carex appropinquata",2727917,"Carex appropinquata Schumach.","ACCEPTED","SPECIES","EXACT",99,2727917,6,7707728,196,1369,7708
"1510","Carex arenaria",2721897,"Carex arenaria L.","ACCEPTED","SPECIES","EXACT",97,2721897,6,7707728,196,1369,7708
"1511","Carex arenaria",2721897,"Carex arenaria L.","ACCEPTED","SPECIES","EXACT",97,2721897,6,7707728,196,1369,7708
"1512","Carex arenaria",2721897,"Carex arenaria L.","ACCEPTED","SPECIES","EXACT",97,2721897,6,7707728,196,1369,7708
"1513","Carex binervis",2723521,"Carex binervis Sm.","ACCEPTED","SPECIES","EXACT",97,2723521,6,7707728,196,1369,7708
"1514","Carex binervis",2723521,"Carex binervis Sm.","ACCEPTED","SPECIES","EXACT",97,2723521,6,7707728,196,1369,7708
"1515","Carex binervis",2723521,"Carex binervis Sm.","ACCEPTED","SPECIES","EXACT",97,2723521,6,7707728,196,1369,7708
"1516","Carex bohemica",2728048,"Carex bohemica Schreb.","ACCEPTED","SPECIES","EXACT",99,2728048,6,7707728,196,1369,7708
"1517","Carex bohemica",2728048,"Carex bohemica Schreb.","ACCEPTED","SPECIES","EXACT",99,2728048,6,7707728,196,1369,7708
"1518","Carex brizoides",2721983,"Carex brizoides L.","ACCEPTED","SPECIES","EXACT",97,2721983,6,7707728,196,1369,7708
"1519","Carex brizoides",2721983,"Carex brizoides L.","ACCEPTED","SPECIES","EXACT",97,2721983,6,7707728,196,1369,7708
"1520","Carex brizoides",2721983,"Carex brizoides L.","ACCEPTED","SPECIES","EXACT",97,2721983,6,7707728,196,1369,7708
"1521","Carex canescens",2722942,"Carex canescens L.","ACCEPTED","SPECIES","EXACT",97,2722942,6,7707728,196,1369,7708
"1522","Carex canescens",2722942,"Carex canescens L.","ACCEPTED","SPECIES","EXACT",97,2722942,6,7707728,196,1369,7708
"1523","Carex canescens",2722942,"Carex canescens L.","ACCEPTED","SPECIES","EXACT",97,2722942,6,7707728,196,1369,7708
"1524","Carex caryophyllea",2727655,"Carex caryophyllea Latourr.","ACCEPTED","SPECIES","EXACT",99,2727655,6,7707728,196,1369,7708
"1525","Carex caryophyllea",2727655,"Carex caryophyllea Latourr.","ACCEPTED","SPECIES","EXACT",99,2727655,6,7707728,196,1369,7708
"1526","Carex caryophyllea",2727655,"Carex caryophyllea Latourr.","ACCEPTED","SPECIES","EXACT",99,2727655,6,7707728,196,1369,7708
"1527","Carex caryophyllea",2727655,"Carex caryophyllea Latourr.","ACCEPTED","SPECIES","EXACT",99,2727655,6,7707728,196,1369,7708
"1528","Carex demissa",2725414,"Carex demissa Hornem.","ACCEPTED","SPECIES","EXACT",97,2725414,6,7707728,196,1369,7708
"1529","Carex demissa",2725414,"Carex demissa Hornem.","ACCEPTED","SPECIES","EXACT",97,2725414,6,7707728,196,1369,7708
"1530","Carex demissa",2725414,"Carex demissa Hornem.","ACCEPTED","SPECIES","EXACT",97,2725414,6,7707728,196,1369,7708
"1531","Carex diandra",2723156,"Carex diandra Schrank","ACCEPTED","SPECIES","EXACT",97,2723156,6,7707728,196,1369,7708
"1532","Carex diandra",2723156,"Carex diandra Schrank","ACCEPTED","SPECIES","EXACT",97,2723156,6,7707728,196,1369,7708
"1533","Carex diandra",2723156,"Carex diandra Schrank","ACCEPTED","SPECIES","EXACT",97,2723156,6,7707728,196,1369,7708
"1534","Carex digitata",2727038,"Carex digitata L.","ACCEPTED","SPECIES","EXACT",99,2727038,6,7707728,196,1369,7708
"1535","Carex digitata",2727038,"Carex digitata L.","ACCEPTED","SPECIES","EXACT",99,2727038,6,7707728,196,1369,7708
"1536","Carex digitata",2727038,"Carex digitata L.","ACCEPTED","SPECIES","EXACT",99,2727038,6,7707728,196,1369,7708
"1537","Carex digitata",2727038,"Carex digitata L.","ACCEPTED","SPECIES","EXACT",99,2727038,6,7707728,196,1369,7708
"1538","Carex dioica",2728870,"Carex dioica L.","ACCEPTED","SPECIES","EXACT",97,2728870,6,7707728,196,1369,7708
"1539","Carex dioica",2728870,"Carex dioica L.","ACCEPTED","SPECIES","EXACT",97,2728870,6,7707728,196,1369,7708
"1540","Carex dioica",2728870,"Carex dioica L.","ACCEPTED","SPECIES","EXACT",97,2728870,6,7707728,196,1369,7708
"1541","Carex distans",2726010,"Carex distans L.","ACCEPTED","SPECIES","EXACT",97,2726010,6,7707728,196,1369,7708
"1542","Carex distans",2726010,"Carex distans L.","ACCEPTED","SPECIES","EXACT",97,2726010,6,7707728,196,1369,7708
"1543","Carex disticha",2725082,"Carex disticha Huds.","ACCEPTED","SPECIES","EXACT",97,2725082,6,7707728,196,1369,7708
"1544","Carex disticha",2725082,"Carex disticha Huds.","ACCEPTED","SPECIES","EXACT",97,2725082,6,7707728,196,1369,7708
"1545","Carex disticha",2725082,"Carex disticha Huds.","ACCEPTED","SPECIES","EXACT",97,2725082,6,7707728,196,1369,7708
"1546","Carex disticha",2725082,"Carex disticha Huds.","ACCEPTED","SPECIES","EXACT",97,2725082,6,7707728,196,1369,7708
"1547","Carex divisa",2723410,"Carex divisa Huds.","ACCEPTED","SPECIES","EXACT",97,2723410,6,7707728,196,1369,7708
"1548","Carex divisa",2723410,"Carex divisa Huds.","ACCEPTED","SPECIES","EXACT",97,2723410,6,7707728,196,1369,7708
"1549","Carex divulsa",2722914,"Carex divulsa Stokes","ACCEPTED","SPECIES","EXACT",97,2722914,6,7707728,196,1369,7708
"1550","Carex divulsa",2722914,"Carex divulsa Stokes","ACCEPTED","SPECIES","EXACT",97,2722914,6,7707728,196,1369,7708
"1551","Carex divulsa",2722914,"Carex divulsa Stokes","ACCEPTED","SPECIES","EXACT",97,2722914,6,7707728,196,1369,7708
"1552","Carex divulsa",2722914,"Carex divulsa Stokes","ACCEPTED","SPECIES","EXACT",97,2722914,6,7707728,196,1369,7708
"1553","Carex echinata",2726894,"Carex echinata Murray","ACCEPTED","SPECIES","EXACT",97,2726894,6,7707728,196,1369,7708
"1554","Carex echinata",2726894,"Carex echinata Murray","ACCEPTED","SPECIES","EXACT",97,2726894,6,7707728,196,1369,7708
"1555","Carex echinata",2726894,"Carex echinata Murray","ACCEPTED","SPECIES","EXACT",97,2726894,6,7707728,196,1369,7708
"1556","Carex echinata",2726894,"Carex echinata Murray","ACCEPTED","SPECIES","EXACT",97,2726894,6,7707728,196,1369,7708
"1557","Carex elata",2724729,"Carex elata All.","ACCEPTED","SPECIES","EXACT",97,2724729,6,7707728,196,1369,7708
"1558","Carex elata",2724729,"Carex elata All.","ACCEPTED","SPECIES","EXACT",97,2724729,6,7707728,196,1369,7708
"1559","Carex elata",2724729,"Carex elata All.","ACCEPTED","SPECIES","EXACT",97,2724729,6,7707728,196,1369,7708
"1560","Carex elongata",2723188,"Carex elongata L.","ACCEPTED","SPECIES","EXACT",98,2723188,6,7707728,196,1369,7708
"1561","Carex elongata",2723188,"Carex elongata L.","ACCEPTED","SPECIES","EXACT",98,2723188,6,7707728,196,1369,7708
"1562","Carex elongata",2723188,"Carex elongata L.","ACCEPTED","SPECIES","EXACT",98,2723188,6,7707728,196,1369,7708
"1563","Carex elongata",2723188,"Carex elongata L.","ACCEPTED","SPECIES","EXACT",98,2723188,6,7707728,196,1369,7708
"1564","Carex ericetorum",2729081,"Carex ericetorum Pollich","ACCEPTED","SPECIES","EXACT",99,2729081,6,7707728,196,1369,7708
"1565","Carex ericetorum",2729081,"Carex ericetorum Pollich","ACCEPTED","SPECIES","EXACT",99,2729081,6,7707728,196,1369,7708
"1566","Carex extensa",2726545,"Carex extensa Gooden.","ACCEPTED","SPECIES","EXACT",97,2726545,6,7707728,196,1369,7708
"1567","Carex extensa",2726545,"Carex extensa Gooden.","ACCEPTED","SPECIES","EXACT",97,2726545,6,7707728,196,1369,7708
"1568","Carex flacca",2727938,"Carex flacca Schreb.","ACCEPTED","SPECIES","EXACT",99,2727938,6,7707728,196,1369,7708
"1569","Carex flacca",2727938,"Carex flacca Schreb.","ACCEPTED","SPECIES","EXACT",99,2727938,6,7707728,196,1369,7708
"1570","Carex flacca",2727938,"Carex flacca Schreb.","ACCEPTED","SPECIES","EXACT",99,2727938,6,7707728,196,1369,7708
"1571","Carex flacca",2727938,"Carex flacca Schreb.","ACCEPTED","SPECIES","EXACT",99,2727938,6,7707728,196,1369,7708
"1572","Carex flava",2726880,"Carex flava L.","ACCEPTED","SPECIES","EXACT",98,2726880,6,7707728,196,1369,7708
"1573","Carex flava",2726880,"Carex flava L.","ACCEPTED","SPECIES","EXACT",98,2726880,6,7707728,196,1369,7708
"1574","Carex flava",2726880,"Carex flava L.","ACCEPTED","SPECIES","EXACT",98,2726880,6,7707728,196,1369,7708
"1575","Carex hirta",2724661,"Carex hirta L.","ACCEPTED","SPECIES","EXACT",98,2724661,6,7707728,196,1369,7708
"1576","Carex hirta",2724661,"Carex hirta L.","ACCEPTED","SPECIES","EXACT",98,2724661,6,7707728,196,1369,7708
"1577","Carex hirta",2724661,"Carex hirta L.","ACCEPTED","SPECIES","EXACT",98,2724661,6,7707728,196,1369,7708
"1578","Carex hirta",2724661,"Carex hirta L.","ACCEPTED","SPECIES","EXACT",98,2724661,6,7707728,196,1369,7708
"1579","Carex hostiana",2728963,"Carex hostiana DC.","ACCEPTED","SPECIES","EXACT",99,2728963,6,7707728,196,1369,7708
"1580","Carex hostiana",2728963,"Carex hostiana DC.","ACCEPTED","SPECIES","EXACT",99,2728963,6,7707728,196,1369,7708
"1581","Carex hostiana",2728963,"Carex hostiana DC.","ACCEPTED","SPECIES","EXACT",99,2728963,6,7707728,196,1369,7708
"1582","Carex humilis",2723953,"Carex humilis Leyss.","ACCEPTED","SPECIES","EXACT",97,2723953,6,7707728,196,1369,7708
"1583","Carex humilis",2723953,"Carex humilis Leyss.","ACCEPTED","SPECIES","EXACT",97,2723953,6,7707728,196,1369,7708
"1584","Carex laevigata",2723508,"Carex laevigata Sm.","ACCEPTED","SPECIES","EXACT",97,2723508,6,7707728,196,1369,7708
"1585","Carex laevigata",2723508,"Carex laevigata Sm.","ACCEPTED","SPECIES","EXACT",97,2723508,6,7707728,196,1369,7708
"1586","Carex laevigata",2723508,"Carex laevigata Sm.","ACCEPTED","SPECIES","EXACT",97,2723508,6,7707728,196,1369,7708
"1587","Carex lasiocarpa",2728531,"Carex lasiocarpa Ehrh.","ACCEPTED","SPECIES","EXACT",99,2728531,6,7707728,196,1369,7708
"1588","Carex lasiocarpa",2728531,"Carex lasiocarpa Ehrh.","ACCEPTED","SPECIES","EXACT",99,2728531,6,7707728,196,1369,7708
"1589","Carex lasiocarpa",2728531,"Carex lasiocarpa Ehrh.","ACCEPTED","SPECIES","EXACT",99,2728531,6,7707728,196,1369,7708
"1590","Carex leersii",2724306,"Carex leersii F.W.Schultz","ACCEPTED","SPECIES","EXACT",97,2724306,6,7707728,196,1369,7708
"1591","Carex leersii",2724306,"Carex leersii F.W.Schultz","ACCEPTED","SPECIES","EXACT",97,2724306,6,7707728,196,1369,7708
"1592","Carex leersii",2724306,"Carex leersii F.W.Schultz","ACCEPTED","SPECIES","EXACT",97,2724306,6,7707728,196,1369,7708
"1593","Carex lepidocarpa",2725388,"Carex lepidocarpa Tausch","ACCEPTED","SPECIES","EXACT",99,2725388,6,7707728,196,1369,7708
"1594","Carex lepidocarpa",2725388,"Carex lepidocarpa Tausch","ACCEPTED","SPECIES","EXACT",99,2725388,6,7707728,196,1369,7708
"1595","Carex lepidocarpa",2725388,"Carex lepidocarpa Tausch","ACCEPTED","SPECIES","EXACT",99,2725388,6,7707728,196,1369,7708
"1596","Carex lepidocarpa",2725388,"Carex lepidocarpa Tausch","ACCEPTED","SPECIES","EXACT",99,2725388,6,7707728,196,1369,7708
"1597","Carex leporina",8285827,"Carex leporina L.","ACCEPTED","SPECIES","EXACT",97,8285827,6,7707728,196,1369,7708
"1598","Carex leporina",8285827,"Carex leporina L.","ACCEPTED","SPECIES","EXACT",97,8285827,6,7707728,196,1369,7708
"1599","Carex leporina",8285827,"Carex leporina L.","ACCEPTED","SPECIES","EXACT",97,8285827,6,7707728,196,1369,7708
"1600","Carex leporina",8285827,"Carex leporina L.","ACCEPTED","SPECIES","EXACT",97,8285827,6,7707728,196,1369,7708
"1601","Carex limosa",2725881,"Carex limosa L.","ACCEPTED","SPECIES","EXACT",97,2725881,6,7707728,196,1369,7708
"1602","Carex limosa",2725881,"Carex limosa L.","ACCEPTED","SPECIES","EXACT",97,2725881,6,7707728,196,1369,7708
"1603","Carex limosa",2725881,"Carex limosa L.","ACCEPTED","SPECIES","EXACT",97,2725881,6,7707728,196,1369,7708
"1604","Carex montana",2724108,"Carex montana L.","ACCEPTED","SPECIES","EXACT",97,2724108,6,7707728,196,1369,7708
"1605","Carex montana",2724108,"Carex montana L.","ACCEPTED","SPECIES","EXACT",97,2724108,6,7707728,196,1369,7708
"1606","Carex muricata",2722926,"Carex muricata L.","ACCEPTED","SPECIES","EXACT",97,2722926,6,7707728,196,1369,7708
"1607","Carex muricata",2722926,"Carex muricata L.","ACCEPTED","SPECIES","EXACT",97,2722926,6,7707728,196,1369,7708
"1608","Carex muricata",2722926,"Carex muricata L.","ACCEPTED","SPECIES","EXACT",97,2722926,6,7707728,196,1369,7708
"1609","Carex nigra",2724925,"Carex nigra (L.) Reichard","ACCEPTED","SPECIES","EXACT",97,2724925,6,7707728,196,1369,7708
"1610","Carex nigra",2724925,"Carex nigra (L.) Reichard","ACCEPTED","SPECIES","EXACT",97,2724925,6,7707728,196,1369,7708
"1611","Carex nigra",2724925,"Carex nigra (L.) Reichard","ACCEPTED","SPECIES","EXACT",97,2724925,6,7707728,196,1369,7708
"1612","Carex nigra",2724925,"Carex nigra (L.) Reichard","ACCEPTED","SPECIES","EXACT",97,2724925,6,7707728,196,1369,7708
"1613","Carex oederi",7973697,"Carex oederi Retz.","ACCEPTED","SPECIES","EXACT",97,7973697,6,7707728,196,1369,7708
"1614","Carex oederi",7973697,"Carex oederi Retz.","ACCEPTED","SPECIES","EXACT",97,7973697,6,7707728,196,1369,7708
"1615","Carex oederi",7973697,"Carex oederi Retz.","ACCEPTED","SPECIES","EXACT",97,7973697,6,7707728,196,1369,7708
"1616","Carex ornithopoda",2722950,"Carex ornithopoda Willd.","ACCEPTED","SPECIES","EXACT",99,2722950,6,7707728,196,1369,7708
"1617","Carex ornithopoda",2722950,"Carex ornithopoda Willd.","ACCEPTED","SPECIES","EXACT",99,2722950,6,7707728,196,1369,7708
"1618","Carex otrubae",2723259,"Carex otrubae Podp.","ACCEPTED","SPECIES","EXACT",97,2723259,6,7707728,196,1369,7708
"1619","Carex otrubae",2723259,"Carex otrubae Podp.","ACCEPTED","SPECIES","EXACT",97,2723259,6,7707728,196,1369,7708
"1620","Carex otrubae",2723259,"Carex otrubae Podp.","ACCEPTED","SPECIES","EXACT",97,2723259,6,7707728,196,1369,7708
"1621","Carex otrubae",2723259,"Carex otrubae Podp.","ACCEPTED","SPECIES","EXACT",97,2723259,6,7707728,196,1369,7708
"1622","Carex pairae",2727765,"Carex pairae F.W.Schultz","ACCEPTED","SPECIES","EXACT",99,2727765,6,7707728,196,1369,7708
"1623","Carex pairae",2727765,"Carex pairae F.W.Schultz","ACCEPTED","SPECIES","EXACT",99,2727765,6,7707728,196,1369,7708
"1624","Carex pairae",2727765,"Carex pairae F.W.Schultz","ACCEPTED","SPECIES","EXACT",99,2727765,6,7707728,196,1369,7708
"1625","Carex pallescens",2726592,"Carex pallescens L.","ACCEPTED","SPECIES","EXACT",99,2726592,6,7707728,196,1369,7708
"1626","Carex pallescens",2726592,"Carex pallescens L.","ACCEPTED","SPECIES","EXACT",99,2726592,6,7707728,196,1369,7708
"1627","Carex pallescens",2726592,"Carex pallescens L.","ACCEPTED","SPECIES","EXACT",99,2726592,6,7707728,196,1369,7708
"1628","Carex panicea",2724609,"Carex panicea L.","ACCEPTED","SPECIES","EXACT",97,2724609,6,7707728,196,1369,7708
"1629","Carex panicea",2724609,"Carex panicea L.","ACCEPTED","SPECIES","EXACT",97,2724609,6,7707728,196,1369,7708
"1630","Carex panicea",2724609,"Carex panicea L.","ACCEPTED","SPECIES","EXACT",97,2724609,6,7707728,196,1369,7708
"1631","Carex paniculata",2723371,"Carex paniculata L.","ACCEPTED","SPECIES","EXACT",98,2723371,6,7707728,196,1369,7708
"1632","Carex paniculata",2723371,"Carex paniculata L.","ACCEPTED","SPECIES","EXACT",98,2723371,6,7707728,196,1369,7708
"1633","Carex paniculata",2723371,"Carex paniculata L.","ACCEPTED","SPECIES","EXACT",98,2723371,6,7707728,196,1369,7708
"1634","Carex paniculata",2723371,"Carex paniculata L.","ACCEPTED","SPECIES","EXACT",98,2723371,6,7707728,196,1369,7708
"1635","Carex pendula",2722051,"Carex pendula Huds.","ACCEPTED","SPECIES","EXACT",97,2722051,6,7707728,196,1369,7708
"1636","Carex pendula",2722051,"Carex pendula Huds.","ACCEPTED","SPECIES","EXACT",97,2722051,6,7707728,196,1369,7708
"1637","Carex pendula",2722051,"Carex pendula Huds.","ACCEPTED","SPECIES","EXACT",97,2722051,6,7707728,196,1369,7708
"1638","Carex pendula",2722051,"Carex pendula Huds.","ACCEPTED","SPECIES","EXACT",97,2722051,6,7707728,196,1369,7708
"1639","Carex pilulifera",2726614,"Carex pilulifera L.","ACCEPTED","SPECIES","EXACT",97,2726614,6,7707728,196,1369,7708
"1640","Carex pilulifera",2726614,"Carex pilulifera L.","ACCEPTED","SPECIES","EXACT",97,2726614,6,7707728,196,1369,7708
"1641","Carex pilulifera",2726614,"Carex pilulifera L.","ACCEPTED","SPECIES","EXACT",97,2726614,6,7707728,196,1369,7708
"1642","Carex pilulifera",2726614,"Carex pilulifera L.","ACCEPTED","SPECIES","EXACT",97,2726614,6,7707728,196,1369,7708
"1643","Carex pseudobrizoides",2723073,"Carex pseudobrizoides Clavaud","ACCEPTED","SPECIES","EXACT",99,2723073,6,7707728,196,1369,7708
"1644","Carex pseudobrizoides",2723073,"Carex pseudobrizoides Clavaud","ACCEPTED","SPECIES","EXACT",99,2723073,6,7707728,196,1369,7708
"1645","Carex pseudocyperus",2722760,"Carex pseudocyperus L.","ACCEPTED","SPECIES","EXACT",98,2722760,6,7707728,196,1369,7708
"1646","Carex pseudocyperus",2722760,"Carex pseudocyperus L.","ACCEPTED","SPECIES","EXACT",98,2722760,6,7707728,196,1369,7708
"1647","Carex pseudocyperus",2722760,"Carex pseudocyperus L.","ACCEPTED","SPECIES","EXACT",98,2722760,6,7707728,196,1369,7708
"1648","Carex pseudocyperus",2722760,"Carex pseudocyperus L.","ACCEPTED","SPECIES","EXACT",98,2722760,6,7707728,196,1369,7708
"1649","Carex pulicaris",2726956,"Carex pulicaris L.","ACCEPTED","SPECIES","EXACT",98,2726956,6,7707728,196,1369,7708
"1650","Carex pulicaris",2726956,"Carex pulicaris L.","ACCEPTED","SPECIES","EXACT",98,2726956,6,7707728,196,1369,7708
"1651","Carex pulicaris",2726956,"Carex pulicaris L.","ACCEPTED","SPECIES","EXACT",98,2726956,6,7707728,196,1369,7708
"1652","Carex punctata",2725754,"Carex punctata Gaudin","ACCEPTED","SPECIES","EXACT",97,2725754,6,7707728,196,1369,7708
"1653","Carex punctata",2725754,"Carex punctata Gaudin","ACCEPTED","SPECIES","EXACT",97,2725754,6,7707728,196,1369,7708
"1654","Carex remota",2727294,"Carex remota L.","ACCEPTED","SPECIES","EXACT",99,2727294,6,7707728,196,1369,7708
"1655","Carex remota",2727294,"Carex remota L.","ACCEPTED","SPECIES","EXACT",99,2727294,6,7707728,196,1369,7708
"1656","Carex remota",2727294,"Carex remota L.","ACCEPTED","SPECIES","EXACT",99,2727294,6,7707728,196,1369,7708
"1657","Carex remota",2727294,"Carex remota L.","ACCEPTED","SPECIES","EXACT",99,2727294,6,7707728,196,1369,7708
"1658","Carex riparia",2718117,"Carex riparia Curtis","ACCEPTED","SPECIES","EXACT",97,2718117,6,7707728,196,1369,7708
"1659","Carex riparia",2718117,"Carex riparia Curtis","ACCEPTED","SPECIES","EXACT",97,2718117,6,7707728,196,1369,7708
"1660","Carex riparia",2718117,"Carex riparia Curtis","ACCEPTED","SPECIES","EXACT",97,2718117,6,7707728,196,1369,7708
"1661","Carex riparia",2718117,"Carex riparia Curtis","ACCEPTED","SPECIES","EXACT",97,2718117,6,7707728,196,1369,7708
"1662","Carex rostrata",2726725,"Carex rostrata Stokes","ACCEPTED","SPECIES","EXACT",97,2726725,6,7707728,196,1369,7708
"1663","Carex rostrata",2726725,"Carex rostrata Stokes","ACCEPTED","SPECIES","EXACT",97,2726725,6,7707728,196,1369,7708
"1664","Carex rostrata",2726725,"Carex rostrata Stokes","ACCEPTED","SPECIES","EXACT",97,2726725,6,7707728,196,1369,7708
"1665","Carex spicata",2722210,"Carex spicata Huds.","ACCEPTED","SPECIES","EXACT",97,2722210,6,7707728,196,1369,7708
"1666","Carex spicata",2722210,"Carex spicata Huds.","ACCEPTED","SPECIES","EXACT",97,2722210,6,7707728,196,1369,7708
"1667","Carex spicata",2722210,"Carex spicata Huds.","ACCEPTED","SPECIES","EXACT",97,2722210,6,7707728,196,1369,7708
"1668","Carex spicata",2722210,"Carex spicata Huds.","ACCEPTED","SPECIES","EXACT",97,2722210,6,7707728,196,1369,7708
"1669","Carex strigosa",2723315,"Carex strigosa Huds.","ACCEPTED","SPECIES","EXACT",97,2723315,6,7707728,196,1369,7708
"1670","Carex strigosa",2723315,"Carex strigosa Huds.","ACCEPTED","SPECIES","EXACT",97,2723315,6,7707728,196,1369,7708
"1671","Carex strigosa",2723315,"Carex strigosa Huds.","ACCEPTED","SPECIES","EXACT",97,2723315,6,7707728,196,1369,7708
"1672","Carex strigosa",2723315,"Carex strigosa Huds.","ACCEPTED","SPECIES","EXACT",97,2723315,6,7707728,196,1369,7708
"1673","Carex sylvatica",2722602,"Carex sylvatica Huds.","ACCEPTED","SPECIES","EXACT",97,2722602,6,7707728,196,1369,7708
"1674","Carex sylvatica",2722602,"Carex sylvatica Huds.","ACCEPTED","SPECIES","EXACT",97,2722602,6,7707728,196,1369,7708
"1675","Carex sylvatica",2722602,"Carex sylvatica Huds.","ACCEPTED","SPECIES","EXACT",97,2722602,6,7707728,196,1369,7708
"1676","Carex sylvatica",2722602,"Carex sylvatica Huds.","ACCEPTED","SPECIES","EXACT",97,2722602,6,7707728,196,1369,7708
"1677","Carex tomentosa",8346717,"Carex tomentosa L.","ACCEPTED","SPECIES","EXACT",97,8346717,6,7707728,196,1369,7708
"1678","Carex tomentosa",8346717,"Carex tomentosa L.","ACCEPTED","SPECIES","EXACT",97,8346717,6,7707728,196,1369,7708
"1679","Carex trinervis",2710421,"Carex trinervis Degl.","ACCEPTED","SPECIES","EXACT",97,2710421,6,7707728,196,1369,7708
"1680","Carex trinervis",2710421,"Carex trinervis Degl.","ACCEPTED","SPECIES","EXACT",97,2710421,6,7707728,196,1369,7708
"1681","Carex umbrosa",2729177,"Carex umbrosa Host","ACCEPTED","SPECIES","EXACT",99,2729177,6,7707728,196,1369,7708
"1682","Carex umbrosa",2729177,"Carex umbrosa Host","ACCEPTED","SPECIES","EXACT",99,2729177,6,7707728,196,1369,7708
"1683","Carex vesicaria",2722046,"Carex vesicaria L.","ACCEPTED","SPECIES","EXACT",97,2722046,6,7707728,196,1369,7708
"1684","Carex vesicaria",2722046,"Carex vesicaria L.","ACCEPTED","SPECIES","EXACT",97,2722046,6,7707728,196,1369,7708
"1685","Carex vesicaria",2722046,"Carex vesicaria L.","ACCEPTED","SPECIES","EXACT",97,2722046,6,7707728,196,1369,7708
"1686","Carex vulpina",2728514,"Carex vulpina L.","ACCEPTED","SPECIES","EXACT",97,2728514,6,7707728,196,1369,7708
"1687","Carex vulpina",2728514,"Carex vulpina L.","ACCEPTED","SPECIES","EXACT",97,2728514,6,7707728,196,1369,7708
"1688","Carex vulpina",2728514,"Carex vulpina L.","ACCEPTED","SPECIES","EXACT",97,2728514,6,7707728,196,1369,7708
"1689","Cladium mariscus",2731327,"Cladium mariscus (L.) Pohl","ACCEPTED","SPECIES","EXACT",97,2731327,6,7707728,196,1369,7708
"1690","Cladium mariscus",2731327,"Cladium mariscus (L.) Pohl","ACCEPTED","SPECIES","EXACT",97,2731327,6,7707728,196,1369,7708
"1691","Cyperus fuscus",2716489,"Cyperus fuscus L.","ACCEPTED","SPECIES","EXACT",99,2716489,6,7707728,196,1369,7708
"1692","Cyperus fuscus",2716489,"Cyperus fuscus L.","ACCEPTED","SPECIES","EXACT",99,2716489,6,7707728,196,1369,7708
"1693","Cyperus fuscus",2716489,"Cyperus fuscus L.","ACCEPTED","SPECIES","EXACT",99,2716489,6,7707728,196,1369,7708
"1694","Eleocharis acicularis",2717570,"Eleocharis acicularis (L.) Roem. & Schult.","ACCEPTED","SPECIES","EXACT",97,2717570,6,7707728,196,1369,7708
"1695","Eleocharis acicularis",2717570,"Eleocharis acicularis (L.) Roem. & Schult.","ACCEPTED","SPECIES","EXACT",97,2717570,6,7707728,196,1369,7708
"1696","Eleocharis acicularis",2717570,"Eleocharis acicularis (L.) Roem. & Schult.","ACCEPTED","SPECIES","EXACT",97,2717570,6,7707728,196,1369,7708
"1697","Eleocharis multicaulis",2717898,"Eleocharis multicaulis (Sm.) Desv.","ACCEPTED","SPECIES","EXACT",97,2717898,6,7707728,196,1369,7708
"1698","Eleocharis multicaulis",2717898,"Eleocharis multicaulis (Sm.) Desv.","ACCEPTED","SPECIES","EXACT",97,2717898,6,7707728,196,1369,7708
"1699","Eleocharis multicaulis",2717898,"Eleocharis multicaulis (Sm.) Desv.","ACCEPTED","SPECIES","EXACT",97,2717898,6,7707728,196,1369,7708
"1700","Eleocharis ovata",2717641,"Eleocharis ovata (Roth) Roem. & Schult.","ACCEPTED","SPECIES","EXACT",97,2717641,6,7707728,196,1369,7708
"1701","Eleocharis ovata",2717641,"Eleocharis ovata (Roth) Roem. & Schult.","ACCEPTED","SPECIES","EXACT",97,2717641,6,7707728,196,1369,7708
"1702","Eleocharis ovata",2717641,"Eleocharis ovata (Roth) Roem. & Schult.","ACCEPTED","SPECIES","EXACT",97,2717641,6,7707728,196,1369,7708
"1703","Eleocharis palustris",2717002,"Eleocharis palustris (L.) Roem. & Schult.","ACCEPTED","SPECIES","EXACT",97,2717002,6,7707728,196,1369,7708
"1704","Eleocharis palustris",2717002,"Eleocharis palustris (L.) Roem. & Schult.","ACCEPTED","SPECIES","EXACT",97,2717002,6,7707728,196,1369,7708
"1705","Eleocharis palustris",2717002,"Eleocharis palustris (L.) Roem. & Schult.","ACCEPTED","SPECIES","EXACT",97,2717002,6,7707728,196,1369,7708
"1706","Eleocharis palustris",2717002,"Eleocharis palustris (L.) Roem. & Schult.","ACCEPTED","SPECIES","EXACT",97,2717002,6,7707728,196,1369,7708
"1707","Eleocharis quinqueflora",2717493,"Eleocharis quinqueflora (Hartmann) O.Schwarz","ACCEPTED","SPECIES","EXACT",99,2717493,6,7707728,196,1369,7708
"1708","Eleocharis quinqueflora",2717493,"Eleocharis quinqueflora (Hartmann) O.Schwarz","ACCEPTED","SPECIES","EXACT",99,2717493,6,7707728,196,1369,7708
"1709","Eleocharis uniglumis",2717910,"Eleocharis uniglumis (Link) Schult.","ACCEPTED","SPECIES","EXACT",99,2717910,6,7707728,196,1369,7708
"1710","Eleocharis uniglumis",2717910,"Eleocharis uniglumis (Link) Schult.","ACCEPTED","SPECIES","EXACT",99,2717910,6,7707728,196,1369,7708
"1711","Eleocharis uniglumis",2717910,"Eleocharis uniglumis (Link) Schult.","ACCEPTED","SPECIES","EXACT",99,2717910,6,7707728,196,1369,7708
"1712","Eriophorum angustifolium",2730127,"Eriophorum angustifolium Honck.","ACCEPTED","SPECIES","EXACT",97,2730127,6,7707728,196,1369,7708
"1713","Eriophorum angustifolium",2730127,"Eriophorum angustifolium Honck.","ACCEPTED","SPECIES","EXACT",97,2730127,6,7707728,196,1369,7708
"1714","Eriophorum angustifolium",2730127,"Eriophorum angustifolium Honck.","ACCEPTED","SPECIES","EXACT",97,2730127,6,7707728,196,1369,7708
"1715","Eriophorum gracile",2730137,"Eriophorum gracile W.D.J.Koch","ACCEPTED","SPECIES","EXACT",97,2730137,6,7707728,196,1369,7708
"1716","Eriophorum gracile",2730137,"Eriophorum gracile W.D.J.Koch","ACCEPTED","SPECIES","EXACT",97,2730137,6,7707728,196,1369,7708
"1717","Eriophorum gracile",2730137,"Eriophorum gracile W.D.J.Koch","ACCEPTED","SPECIES","EXACT",97,2730137,6,7707728,196,1369,7708
"1718","Eriophorum latifolium",2730210,"Eriophorum latifolium Hoppe","ACCEPTED","SPECIES","EXACT",99,2730210,6,7707728,196,1369,7708
"1719","Eriophorum latifolium",2730210,"Eriophorum latifolium Hoppe","ACCEPTED","SPECIES","EXACT",99,2730210,6,7707728,196,1369,7708
"1720","Eriophorum latifolium",2730210,"Eriophorum latifolium Hoppe","ACCEPTED","SPECIES","EXACT",99,2730210,6,7707728,196,1369,7708
"1721","Eriophorum vaginatum",2730185,"Eriophorum vaginatum L.","ACCEPTED","SPECIES","EXACT",98,2730185,6,7707728,196,1369,7708
"1722","Eriophorum vaginatum",2730185,"Eriophorum vaginatum L.","ACCEPTED","SPECIES","EXACT",98,2730185,6,7707728,196,1369,7708
"1723","Eriophorum vaginatum",2730185,"Eriophorum vaginatum L.","ACCEPTED","SPECIES","EXACT",98,2730185,6,7707728,196,1369,7708
"1724","Isolepis fluitans",2713142,"Isolepis fluitans (L.) R.Br.","ACCEPTED","SPECIES","EXACT",99,2713142,6,7707728,196,1369,7708
"1725","Isolepis fluitans",2713142,"Isolepis fluitans (L.) R.Br.","ACCEPTED","SPECIES","EXACT",99,2713142,6,7707728,196,1369,7708
"1726","Isolepis setacea",2713300,"Isolepis setacea (L.) R.Br.","ACCEPTED","SPECIES","EXACT",97,2713300,6,7707728,196,1369,7708
"1727","Isolepis setacea",2713300,"Isolepis setacea (L.) R.Br.","ACCEPTED","SPECIES","EXACT",97,2713300,6,7707728,196,1369,7708
"1728","Isolepis setacea",2713300,"Isolepis setacea (L.) R.Br.","ACCEPTED","SPECIES","EXACT",97,2713300,6,7707728,196,1369,7708
"1729","Isolepis setacea",2713300,"Isolepis setacea (L.) R.Br.","ACCEPTED","SPECIES","EXACT",97,2713300,6,7707728,196,1369,7708
"1730","Rhynchospora alba",2721119,"Rhynchospora alba (L.) Vahl","ACCEPTED","SPECIES","EXACT",99,2721119,6,7707728,196,1369,7708
"1731","Rhynchospora alba",2721119,"Rhynchospora alba (L.) Vahl","ACCEPTED","SPECIES","EXACT",99,2721119,6,7707728,196,1369,7708
"1732","Rhynchospora alba",2721119,"Rhynchospora alba (L.) Vahl","ACCEPTED","SPECIES","EXACT",99,2721119,6,7707728,196,1369,7708
"1733","Rhynchospora fusca",8388555,"Rhynchospora fusca (L.) W.T.Aiton","ACCEPTED","SPECIES","EXACT",97,8388555,6,7707728,196,1369,7708
"1734","Rhynchospora fusca",8388555,"Rhynchospora fusca (L.) W.T.Aiton","ACCEPTED","SPECIES","EXACT",97,8388555,6,7707728,196,1369,7708
"1735","Rhynchospora fusca",8388555,"Rhynchospora fusca (L.) W.T.Aiton","ACCEPTED","SPECIES","EXACT",97,8388555,6,7707728,196,1369,7708
"1736","Schoenoplectus lacustris",2710941,"Schoenoplectus lacustris (L.) Palla","ACCEPTED","SPECIES","EXACT",99,2710941,6,7707728,196,1369,7708
"1737","Schoenoplectus lacustris",2710941,"Schoenoplectus lacustris (L.) Palla","ACCEPTED","SPECIES","EXACT",99,2710941,6,7707728,196,1369,7708
"1738","Schoenoplectus lacustris",2710941,"Schoenoplectus lacustris (L.) Palla","ACCEPTED","SPECIES","EXACT",99,2710941,6,7707728,196,1369,7708
"1739","Schoenoplectus lacustris",2710941,"Schoenoplectus lacustris (L.) Palla","ACCEPTED","SPECIES","EXACT",99,2710941,6,7707728,196,1369,7708
"1740","Schoenoplectus pungens",2711190,"Schoenoplectus pungens (Vahl) Palla","ACCEPTED","SPECIES","EXACT",99,2711190,6,7707728,196,1369,7708
"1741","Schoenoplectus pungens",2711190,"Schoenoplectus pungens (Vahl) Palla","ACCEPTED","SPECIES","EXACT",99,2711190,6,7707728,196,1369,7708
"1742","Schoenoplectus tabernaemontani",2711157,"Schoenoplectus tabernaemontani (C.C.Gmel.) Palla","ACCEPTED","SPECIES","EXACT",99,2711157,6,7707728,196,1369,7708
"1743","Schoenoplectus tabernaemontani",2711157,"Schoenoplectus tabernaemontani (C.C.Gmel.) Palla","ACCEPTED","SPECIES","EXACT",99,2711157,6,7707728,196,1369,7708
"1744","Schoenoplectus tabernaemontani",2711157,"Schoenoplectus tabernaemontani (C.C.Gmel.) Palla","ACCEPTED","SPECIES","EXACT",99,2711157,6,7707728,196,1369,7708
"1745","Schoenoplectus tabernaemontani",2711157,"Schoenoplectus tabernaemontani (C.C.Gmel.) Palla","ACCEPTED","SPECIES","EXACT",99,2711157,6,7707728,196,1369,7708
"1746","Schoenoplectus triqueter",2711033,"Schoenoplectus triqueter (L.) Palla","ACCEPTED","SPECIES","EXACT",98,2711033,6,7707728,196,1369,7708
"1747","Schoenoplectus triqueter",2711033,"Schoenoplectus triqueter (L.) Palla","ACCEPTED","SPECIES","EXACT",98,2711033,6,7707728,196,1369,7708
"1748","Schoenus nigricans",2709923,"Schoenus nigricans L.","ACCEPTED","SPECIES","EXACT",97,2709923,6,7707728,196,1369,7708
"1749","Schoenus nigricans",2709923,"Schoenus nigricans L.","ACCEPTED","SPECIES","EXACT",97,2709923,6,7707728,196,1369,7708
"1750","Scirpoides holoschoenus",2718201,"Scirpoides holoschoenus (L.) Soják","ACCEPTED","SPECIES","EXACT",99,2718201,6,7707728,196,1369,7708
"1751","Scirpoides holoschoenus",2718201,"Scirpoides holoschoenus (L.) Soják","ACCEPTED","SPECIES","EXACT",99,2718201,6,7707728,196,1369,7708
"1752","Scirpoides holoschoenus",2718201,"Scirpoides holoschoenus (L.) Soják","ACCEPTED","SPECIES","EXACT",99,2718201,6,7707728,196,1369,7708
"1753","Scirpus sylvaticus",2720080,"Scirpus sylvaticus L.","ACCEPTED","SPECIES","EXACT",97,2720080,6,7707728,196,1369,7708
"1754","Scirpus sylvaticus",2720080,"Scirpus sylvaticus L.","ACCEPTED","SPECIES","EXACT",97,2720080,6,7707728,196,1369,7708
"1755","Scirpus sylvaticus",2720080,"Scirpus sylvaticus L.","ACCEPTED","SPECIES","EXACT",97,2720080,6,7707728,196,1369,7708
"1756","Scirpus sylvaticus",2720080,"Scirpus sylvaticus L.","ACCEPTED","SPECIES","EXACT",97,2720080,6,7707728,196,1369,7708
"1757","Trichophorum cespitosum",2710592,"Trichophorum cespitosum (L.) Hartm.","ACCEPTED","SPECIES","EXACT",98,2710592,6,7707728,196,1369,7708
"1758","Trichophorum cespitosum",2710592,"Trichophorum cespitosum (L.) Hartm.","ACCEPTED","SPECIES","EXACT",98,2710592,6,7707728,196,1369,7708
"1759","Trichophorum cespitosum",2710592,"Trichophorum cespitosum (L.) Hartm.","ACCEPTED","SPECIES","EXACT",98,2710592,6,7707728,196,1369,7708
"1760","Pteridium aquilinum",5275012,"Pteridium aquilinum (L.) Kuhn","ACCEPTED","SPECIES","EXACT",99,5275012,6,7707728,7228684,392,6623
"1761","Pteridium aquilinum",5275012,"Pteridium aquilinum (L.) Kuhn","ACCEPTED","SPECIES","EXACT",99,5275012,6,7707728,7228684,392,6623
"1762","Pteridium aquilinum",5275012,"Pteridium aquilinum (L.) Kuhn","ACCEPTED","SPECIES","EXACT",99,5275012,6,7707728,7228684,392,6623
"1763","Pteridium aquilinum",5275012,"Pteridium aquilinum (L.) Kuhn","ACCEPTED","SPECIES","EXACT",99,5275012,6,7707728,7228684,392,6623
"1764","Tamus communis",2755065,"Tamus communis L.","SYNONYM","SPECIES","EXACT",98,2755063,6,7707728,196,1171,7694
"1765","Tamus communis",2755065,"Tamus communis L.","SYNONYM","SPECIES","EXACT",98,2755063,6,7707728,196,1171,7694
"1766","Tamus communis",2755065,"Tamus communis L.","SYNONYM","SPECIES","EXACT",98,2755063,6,7707728,196,1171,7694
"1767","Tamus communis",2755065,"Tamus communis L.","SYNONYM","SPECIES","EXACT",98,2755063,6,7707728,196,1171,7694
"1768","Drosera intermedia",3191157,"Drosera intermedia Hayne","ACCEPTED","SPECIES","EXACT",97,3191157,6,7707728,220,422,5399
"1769","Drosera intermedia",3191157,"Drosera intermedia Hayne","ACCEPTED","SPECIES","EXACT",97,3191157,6,7707728,220,422,5399
"1770","Drosera intermedia",3191157,"Drosera intermedia Hayne","ACCEPTED","SPECIES","EXACT",97,3191157,6,7707728,220,422,5399
"1771","Drosera rotundifolia",3191030,"Drosera rotundifolia L.","ACCEPTED","SPECIES","EXACT",98,3191030,6,7707728,220,422,5399
"1772","Drosera rotundifolia",3191030,"Drosera rotundifolia L.","ACCEPTED","SPECIES","EXACT",98,3191030,6,7707728,220,422,5399
"1773","Drosera rotundifolia",3191030,"Drosera rotundifolia L.","ACCEPTED","SPECIES","EXACT",98,3191030,6,7707728,220,422,5399
"1774","Hippophae rhamnoides",3039285,"Hippophae rhamnoides L.","ACCEPTED","SPECIES","EXACT",99,3039285,6,7707728,220,691,2408
"1775","Hippophae rhamnoides",3039285,"Hippophae rhamnoides L.","ACCEPTED","SPECIES","EXACT",99,3039285,6,7707728,220,691,2408
"1776","Hippophae rhamnoides",3039285,"Hippophae rhamnoides L.","ACCEPTED","SPECIES","EXACT",99,3039285,6,7707728,220,691,2408
"1777","Hippophae rhamnoides",3039285,"Hippophae rhamnoides L.","ACCEPTED","SPECIES","EXACT",99,3039285,6,7707728,220,691,2408
"1778","Elatine hexandra",5646074,"Elatine hexandra (Lapierre) DC.","ACCEPTED","SPECIES","EXACT",99,5646074,6,7707728,220,1414,6644
"1779","Elatine hexandra",5646074,"Elatine hexandra (Lapierre) DC.","ACCEPTED","SPECIES","EXACT",99,5646074,6,7707728,220,1414,6644
"1780","Elatine hexandra",5646074,"Elatine hexandra (Lapierre) DC.","ACCEPTED","SPECIES","EXACT",99,5646074,6,7707728,220,1414,6644
"1781","Elatine hydropiper",9076200,"Elatine hydropiper L.","ACCEPTED","SPECIES","EXACT",97,9076200,6,7707728,220,1414,6644
"1782","Elatine hydropiper",9076200,"Elatine hydropiper L.","ACCEPTED","SPECIES","EXACT",97,9076200,6,7707728,220,1414,6644
"1783","Elatine triandra",5421095,"Elatine triandra Schkuhr","ACCEPTED","SPECIES","EXACT",99,5421095,6,7707728,220,1414,6644
"1784","Elatine triandra",5421095,"Elatine triandra Schkuhr","ACCEPTED","SPECIES","EXACT",99,5421095,6,7707728,220,1414,6644
"1785","Equisetum arvense",7924597,"Equisetum arvense L.","ACCEPTED","SPECIES","EXACT",99,7924597,6,7707728,7228684,954,3105
"1786","Equisetum arvense",7924597,"Equisetum arvense L.","ACCEPTED","SPECIES","EXACT",99,7924597,6,7707728,7228684,954,3105
"1787","Equisetum arvense",7924597,"Equisetum arvense L.","ACCEPTED","SPECIES","EXACT",99,7924597,6,7707728,7228684,954,3105
"1788","Equisetum arvense",7924597,"Equisetum arvense L.","ACCEPTED","SPECIES","EXACT",99,7924597,6,7707728,7228684,954,3105
"1789","Equisetum fluviatile",2687937,"Equisetum fluviatile L.","ACCEPTED","SPECIES","EXACT",99,2687937,6,7707728,7228684,954,3105
"1790","Equisetum fluviatile",2687937,"Equisetum fluviatile L.","ACCEPTED","SPECIES","EXACT",99,2687937,6,7707728,7228684,954,3105
"1791","Equisetum fluviatile",2687937,"Equisetum fluviatile L.","ACCEPTED","SPECIES","EXACT",99,2687937,6,7707728,7228684,954,3105
"1792","Equisetum fluviatile",2687937,"Equisetum fluviatile L.","ACCEPTED","SPECIES","EXACT",99,2687937,6,7707728,7228684,954,3105
"1793","Equisetum hyemale",2687927,"Equisetum hyemale L.","ACCEPTED","SPECIES","EXACT",99,2687927,6,7707728,7228684,954,3105
"1794","Equisetum hyemale",2687927,"Equisetum hyemale L.","ACCEPTED","SPECIES","EXACT",99,2687927,6,7707728,7228684,954,3105
"1795","Equisetum hyemale",2687927,"Equisetum hyemale L.","ACCEPTED","SPECIES","EXACT",99,2687927,6,7707728,7228684,954,3105
"1796","Equisetum hyemale",2687927,"Equisetum hyemale L.","ACCEPTED","SPECIES","EXACT",99,2687927,6,7707728,7228684,954,3105
"1797","Equisetum palustre",2687932,"Equisetum palustre L.","ACCEPTED","SPECIES","EXACT",99,2687932,6,7707728,7228684,954,3105
"1798","Equisetum palustre",2687932,"Equisetum palustre L.","ACCEPTED","SPECIES","EXACT",99,2687932,6,7707728,7228684,954,3105
"1799","Equisetum palustre",2687932,"Equisetum palustre L.","ACCEPTED","SPECIES","EXACT",99,2687932,6,7707728,7228684,954,3105
"1800","Equisetum palustre",2687932,"Equisetum palustre L.","ACCEPTED","SPECIES","EXACT",99,2687932,6,7707728,7228684,954,3105
"1801","Equisetum sylvaticum",2687929,"Equisetum sylvaticum L.","ACCEPTED","SPECIES","EXACT",99,2687929,6,7707728,7228684,954,3105
"1802","Equisetum sylvaticum",2687929,"Equisetum sylvaticum L.","ACCEPTED","SPECIES","EXACT",99,2687929,6,7707728,7228684,954,3105
"1803","Equisetum sylvaticum",2687929,"Equisetum sylvaticum L.","ACCEPTED","SPECIES","EXACT",99,2687929,6,7707728,7228684,954,3105
"1804","Equisetum sylvaticum",2687929,"Equisetum sylvaticum L.","ACCEPTED","SPECIES","EXACT",99,2687929,6,7707728,7228684,954,3105
"1805","Equisetum telmateia",2687943,"Equisetum telmateia Ehrh.","ACCEPTED","SPECIES","EXACT",99,2687943,6,7707728,7228684,954,3105
"1806","Equisetum telmateia",2687943,"Equisetum telmateia Ehrh.","ACCEPTED","SPECIES","EXACT",99,2687943,6,7707728,7228684,954,3105
"1807","Equisetum telmateia",2687943,"Equisetum telmateia Ehrh.","ACCEPTED","SPECIES","EXACT",99,2687943,6,7707728,7228684,954,3105
"1808","Equisetum telmateia",2687943,"Equisetum telmateia Ehrh.","ACCEPTED","SPECIES","EXACT",99,2687943,6,7707728,7228684,954,3105
"1809","Equisetum variegatum",2687920,"Equisetum variegatum Schleich. ex F.Weber & D.Mohr","ACCEPTED","SPECIES","EXACT",97,2687920,6,7707728,7228684,954,3105
"1810","Equisetum variegatum",2687920,"Equisetum variegatum Schleich. ex F.Weber & D.Mohr","ACCEPTED","SPECIES","EXACT",97,2687920,6,7707728,7228684,954,3105
"1811","Equisetum variegatum",2687920,"Equisetum variegatum Schleich. ex F.Weber & D.Mohr","ACCEPTED","SPECIES","EXACT",97,2687920,6,7707728,7228684,954,3105
"1812","Andromeda polifolia",5333413,"Andromeda polifolia L.","ACCEPTED","SPECIES","EXACT",99,5333413,6,7707728,220,1353,2505
"1813","Andromeda polifolia",5333413,"Andromeda polifolia L.","ACCEPTED","SPECIES","EXACT",99,5333413,6,7707728,220,1353,2505
"1814","Andromeda polifolia",5333413,"Andromeda polifolia L.","ACCEPTED","SPECIES","EXACT",99,5333413,6,7707728,220,1353,2505
"1815","Calluna vulgaris",2882482,"Calluna vulgaris (L.) Hull","ACCEPTED","SPECIES","EXACT",97,2882482,6,7707728,220,1353,2505
"1816","Calluna vulgaris",2882482,"Calluna vulgaris (L.) Hull","ACCEPTED","SPECIES","EXACT",97,2882482,6,7707728,220,1353,2505
"1817","Calluna vulgaris",2882482,"Calluna vulgaris (L.) Hull","ACCEPTED","SPECIES","EXACT",97,2882482,6,7707728,220,1353,2505
"1818","Calluna vulgaris",2882482,"Calluna vulgaris (L.) Hull","ACCEPTED","SPECIES","EXACT",97,2882482,6,7707728,220,1353,2505
"1819","Empetrum nigrum",8925249,"Empetrum nigrum L.","ACCEPTED","SPECIES","EXACT",99,8925249,6,7707728,220,1353,2505
"1820","Empetrum nigrum",8925249,"Empetrum nigrum L.","ACCEPTED","SPECIES","EXACT",99,8925249,6,7707728,220,1353,2505
"1821","Empetrum nigrum",8925249,"Empetrum nigrum L.","ACCEPTED","SPECIES","EXACT",99,8925249,6,7707728,220,1353,2505
"1822","Erica cinerea",5333411,"Erica cinerea L.","ACCEPTED","SPECIES","EXACT",99,5333411,6,7707728,220,1353,2505
"1823","Erica cinerea",5333411,"Erica cinerea L.","ACCEPTED","SPECIES","EXACT",99,5333411,6,7707728,220,1353,2505
"1824","Erica cinerea",5333411,"Erica cinerea L.","ACCEPTED","SPECIES","EXACT",99,5333411,6,7707728,220,1353,2505
"1825","Erica tetralix",5333412,"Erica tetralix L.","ACCEPTED","SPECIES","EXACT",99,5333412,6,7707728,220,1353,2505
"1826","Erica tetralix",5333412,"Erica tetralix L.","ACCEPTED","SPECIES","EXACT",99,5333412,6,7707728,220,1353,2505
"1827","Erica tetralix",5333412,"Erica tetralix L.","ACCEPTED","SPECIES","EXACT",99,5333412,6,7707728,220,1353,2505
"1828","Monotropa hypopitys",8249145,"Monotropa hypopitys L.","SYNONYM","SPECIES","EXACT",98,2888342,6,7707728,220,1353,2505
"1829","Monotropa hypopitys",8249145,"Monotropa hypopitys L.","SYNONYM","SPECIES","EXACT",98,2888342,6,7707728,220,1353,2505
"1830","Monotropa hypopitys",8249145,"Monotropa hypopitys L.","SYNONYM","SPECIES","EXACT",98,2888342,6,7707728,220,1353,2505
"1831","Monotropa hypopitys",8249145,"Monotropa hypopitys L.","SYNONYM","SPECIES","EXACT",98,2888342,6,7707728,220,1353,2505
"1832","Pyrola minor",2888272,"Pyrola minor L.","ACCEPTED","SPECIES","EXACT",97,2888272,6,7707728,220,1353,2505
"1833","Pyrola minor",2888272,"Pyrola minor L.","ACCEPTED","SPECIES","EXACT",97,2888272,6,7707728,220,1353,2505
"1834","Pyrola minor",2888272,"Pyrola minor L.","ACCEPTED","SPECIES","EXACT",97,2888272,6,7707728,220,1353,2505
"1835","Pyrola minor",2888272,"Pyrola minor L.","ACCEPTED","SPECIES","EXACT",97,2888272,6,7707728,220,1353,2505
"1836","Pyrola rotundifolia",2888269,"Pyrola rotundifolia L.","ACCEPTED","SPECIES","EXACT",97,2888269,6,7707728,220,1353,2505
"1837","Pyrola rotundifolia",2888269,"Pyrola rotundifolia L.","ACCEPTED","SPECIES","EXACT",97,2888269,6,7707728,220,1353,2505
"1838","Pyrola rotundifolia",2888269,"Pyrola rotundifolia L.","ACCEPTED","SPECIES","EXACT",97,2888269,6,7707728,220,1353,2505
"1839","Vaccinium myrtillus",2882833,"Vaccinium myrtillus L.","ACCEPTED","SPECIES","EXACT",97,2882833,6,7707728,220,1353,2505
"1840","Vaccinium myrtillus",2882833,"Vaccinium myrtillus L.","ACCEPTED","SPECIES","EXACT",97,2882833,6,7707728,220,1353,2505
"1841","Vaccinium myrtillus",2882833,"Vaccinium myrtillus L.","ACCEPTED","SPECIES","EXACT",97,2882833,6,7707728,220,1353,2505
"1842","Vaccinium myrtillus",2882833,"Vaccinium myrtillus L.","ACCEPTED","SPECIES","EXACT",97,2882833,6,7707728,220,1353,2505
"1843","Vaccinium oxycoccos",2882940,"Vaccinium oxycoccos L.","ACCEPTED","SPECIES","EXACT",99,2882940,6,7707728,220,1353,2505
"1844","Vaccinium oxycoccos",2882940,"Vaccinium oxycoccos L.","ACCEPTED","SPECIES","EXACT",99,2882940,6,7707728,220,1353,2505
"1845","Vaccinium oxycoccos",2882940,"Vaccinium oxycoccos L.","ACCEPTED","SPECIES","EXACT",99,2882940,6,7707728,220,1353,2505
"1846","Vaccinium uliginosum",8073364,"Vaccinium uliginosum L.","ACCEPTED","SPECIES","EXACT",99,8073364,6,7707728,220,1353,2505
"1847","Vaccinium uliginosum",8073364,"Vaccinium uliginosum L.","ACCEPTED","SPECIES","EXACT",99,8073364,6,7707728,220,1353,2505
"1848","Vaccinium vitis-idaea",2882835,"Vaccinium vitis-idaea L.","ACCEPTED","SPECIES","EXACT",99,2882835,6,7707728,220,1353,2505
"1849","Vaccinium vitis-idaea",2882835,"Vaccinium vitis-idaea L.","ACCEPTED","SPECIES","EXACT",99,2882835,6,7707728,220,1353,2505
"1850","Vaccinium vitis-idaea",2882835,"Vaccinium vitis-idaea L.","ACCEPTED","SPECIES","EXACT",99,2882835,6,7707728,220,1353,2505
"1851","Vaccinium vitis-idaea",2882835,"Vaccinium vitis-idaea L.","ACCEPTED","SPECIES","EXACT",99,2882835,6,7707728,220,1353,2505
"1852","Euphorbia amygdaloides",3065239,"Euphorbia amygdaloides L.","ACCEPTED","SPECIES","EXACT",97,3065239,6,7707728,220,1414,4691
"1853","Euphorbia amygdaloides",3065239,"Euphorbia amygdaloides L.","ACCEPTED","SPECIES","EXACT",97,3065239,6,7707728,220,1414,4691
"1854","Euphorbia amygdaloides",3065239,"Euphorbia amygdaloides L.","ACCEPTED","SPECIES","EXACT",97,3065239,6,7707728,220,1414,4691
"1855","Euphorbia amygdaloides",3065239,"Euphorbia amygdaloides L.","ACCEPTED","SPECIES","EXACT",97,3065239,6,7707728,220,1414,4691
"1856","Euphorbia brittingeri",8198685,"Euphorbia brittingeri Opiz ex Rchb.","ACCEPTED","SPECIES","EXACT",97,8198685,6,7707728,220,1414,4691
"1857","Euphorbia brittingeri",8198685,"Euphorbia brittingeri Opiz ex Rchb.","ACCEPTED","SPECIES","EXACT",97,8198685,6,7707728,220,1414,4691
"1858","Euphorbia cyparissias",3070106,"Euphorbia cyparissias L.","ACCEPTED","SPECIES","EXACT",99,3070106,6,7707728,220,1414,4691
"1859","Euphorbia cyparissias",3070106,"Euphorbia cyparissias L.","ACCEPTED","SPECIES","EXACT",99,3070106,6,7707728,220,1414,4691
"1860","Euphorbia cyparissias",3070106,"Euphorbia cyparissias L.","ACCEPTED","SPECIES","EXACT",99,3070106,6,7707728,220,1414,4691
"1861","Euphorbia cyparissias",3070106,"Euphorbia cyparissias L.","ACCEPTED","SPECIES","EXACT",99,3070106,6,7707728,220,1414,4691
"1862","Euphorbia dulcis",3069475,"Euphorbia dulcis L.","ACCEPTED","SPECIES","EXACT",97,3069475,6,7707728,220,1414,4691
"1863","Euphorbia dulcis",3069475,"Euphorbia dulcis L.","ACCEPTED","SPECIES","EXACT",97,3069475,6,7707728,220,1414,4691
"1864","Euphorbia dulcis",3069475,"Euphorbia dulcis L.","ACCEPTED","SPECIES","EXACT",97,3069475,6,7707728,220,1414,4691
"1865","Euphorbia esula",8203538,"Euphorbia esula L.","ACCEPTED","SPECIES","EXACT",97,8203538,6,7707728,220,1414,4691
"1866","Euphorbia esula",8203538,"Euphorbia esula L.","ACCEPTED","SPECIES","EXACT",97,8203538,6,7707728,220,1414,4691
"1867","Euphorbia esula",8203538,"Euphorbia esula L.","ACCEPTED","SPECIES","EXACT",97,8203538,6,7707728,220,1414,4691
"1868","Euphorbia esula",8203538,"Euphorbia esula L.","ACCEPTED","SPECIES","EXACT",97,8203538,6,7707728,220,1414,4691
"1869","Euphorbia exigua",3069593,"Euphorbia exigua L.","ACCEPTED","SPECIES","EXACT",99,3069593,6,7707728,220,1414,4691
"1870","Euphorbia exigua",3069593,"Euphorbia exigua L.","ACCEPTED","SPECIES","EXACT",99,3069593,6,7707728,220,1414,4691
"1871","Euphorbia exigua",3069593,"Euphorbia exigua L.","ACCEPTED","SPECIES","EXACT",99,3069593,6,7707728,220,1414,4691
"1872","Euphorbia helioscopia",3066367,"Euphorbia helioscopia L.","ACCEPTED","SPECIES","EXACT",97,3066367,6,7707728,220,1414,4691
"1873","Euphorbia helioscopia",3066367,"Euphorbia helioscopia L.","ACCEPTED","SPECIES","EXACT",97,3066367,6,7707728,220,1414,4691
"1874","Euphorbia helioscopia",3066367,"Euphorbia helioscopia L.","ACCEPTED","SPECIES","EXACT",97,3066367,6,7707728,220,1414,4691
"1875","Euphorbia helioscopia",3066367,"Euphorbia helioscopia L.","ACCEPTED","SPECIES","EXACT",97,3066367,6,7707728,220,1414,4691
"1876","Euphorbia lucida",3069370,"Euphorbia lucida Waldst. & Kit.","ACCEPTED","SPECIES","EXACT",99,3069370,6,7707728,220,1414,4691
"1877","Euphorbia lucida",3069370,"Euphorbia lucida Waldst. & Kit.","ACCEPTED","SPECIES","EXACT",99,3069370,6,7707728,220,1414,4691
"1878","Euphorbia paralias",3069761,"Euphorbia paralias L.","ACCEPTED","SPECIES","EXACT",99,3069761,6,7707728,220,1414,4691
"1879","Euphorbia paralias",3069761,"Euphorbia paralias L.","ACCEPTED","SPECIES","EXACT",99,3069761,6,7707728,220,1414,4691
"1880","Euphorbia peplus",3066386,"Euphorbia peplus L.","ACCEPTED","SPECIES","EXACT",99,3066386,6,7707728,220,1414,4691
"1881","Euphorbia peplus",3066386,"Euphorbia peplus L.","ACCEPTED","SPECIES","EXACT",99,3066386,6,7707728,220,1414,4691
"1882","Euphorbia peplus",3066386,"Euphorbia peplus L.","ACCEPTED","SPECIES","EXACT",99,3066386,6,7707728,220,1414,4691
"1883","Euphorbia peplus",3066386,"Euphorbia peplus L.","ACCEPTED","SPECIES","EXACT",99,3066386,6,7707728,220,1414,4691
"1884","Euphorbia platyphyllos",3068153,"Euphorbia platyphyllos L.","ACCEPTED","SPECIES","EXACT",99,3068153,6,7707728,220,1414,4691
"1885","Euphorbia platyphyllos",3068153,"Euphorbia platyphyllos L.","ACCEPTED","SPECIES","EXACT",99,3068153,6,7707728,220,1414,4691
"1886","Euphorbia platyphyllos",3068153,"Euphorbia platyphyllos L.","ACCEPTED","SPECIES","EXACT",99,3068153,6,7707728,220,1414,4691
"1887","Euphorbia seguieriana",3066179,"Euphorbia seguieriana Neck.","ACCEPTED","SPECIES","EXACT",99,3066179,6,7707728,220,1414,4691
"1888","Euphorbia seguieriana",3066179,"Euphorbia seguieriana Neck.","ACCEPTED","SPECIES","EXACT",99,3066179,6,7707728,220,1414,4691
"1889","Euphorbia stricta",3070024,"Euphorbia stricta L.","ACCEPTED","SPECIES","EXACT",98,3070024,6,7707728,220,1414,4691
"1890","Euphorbia stricta",3070024,"Euphorbia stricta L.","ACCEPTED","SPECIES","EXACT",98,3070024,6,7707728,220,1414,4691
"1891","Euphorbia stricta",3070024,"Euphorbia stricta L.","ACCEPTED","SPECIES","EXACT",98,3070024,6,7707728,220,1414,4691
"1892","Euphorbia stricta",3070024,"Euphorbia stricta L.","ACCEPTED","SPECIES","EXACT",98,3070024,6,7707728,220,1414,4691
"1893","Mercurialis annua",3062975,"Mercurialis annua L.","ACCEPTED","SPECIES","EXACT",97,3062975,6,7707728,220,1414,4691
"1894","Mercurialis annua",3062975,"Mercurialis annua L.","ACCEPTED","SPECIES","EXACT",97,3062975,6,7707728,220,1414,4691
"1895","Mercurialis annua",3062975,"Mercurialis annua L.","ACCEPTED","SPECIES","EXACT",97,3062975,6,7707728,220,1414,4691
"1896","Mercurialis annua",3062975,"Mercurialis annua L.","ACCEPTED","SPECIES","EXACT",97,3062975,6,7707728,220,1414,4691
"1897","Mercurialis perennis",3063016,"Mercurialis perennis L.","ACCEPTED","SPECIES","EXACT",99,3063016,6,7707728,220,1414,4691
"1898","Mercurialis perennis",3063016,"Mercurialis perennis L.","ACCEPTED","SPECIES","EXACT",99,3063016,6,7707728,220,1414,4691
"1899","Mercurialis perennis",3063016,"Mercurialis perennis L.","ACCEPTED","SPECIES","EXACT",99,3063016,6,7707728,220,1414,4691
"1900","Mercurialis perennis",3063016,"Mercurialis perennis L.","ACCEPTED","SPECIES","EXACT",99,3063016,6,7707728,220,1414,4691
"1901","Anthyllis vulneraria",5352367,"Anthyllis vulneraria L.","ACCEPTED","SPECIES","EXACT",97,5352367,6,7707728,220,1370,5386
"1902","Anthyllis vulneraria",5352367,"Anthyllis vulneraria L.","ACCEPTED","SPECIES","EXACT",97,5352367,6,7707728,220,1370,5386
"1903","Anthyllis vulneraria",5352367,"Anthyllis vulneraria L.","ACCEPTED","SPECIES","EXACT",97,5352367,6,7707728,220,1370,5386
"1904","Anthyllis vulneraria",5352367,"Anthyllis vulneraria L.","ACCEPTED","SPECIES","EXACT",97,5352367,6,7707728,220,1370,5386
"1905","Astragalus glycyphyllos",5346998,"Astragalus glycyphyllos L.","ACCEPTED","SPECIES","EXACT",99,5346998,6,7707728,220,1370,5386
"1906","Astragalus glycyphyllos",5346998,"Astragalus glycyphyllos L.","ACCEPTED","SPECIES","EXACT",99,5346998,6,7707728,220,1370,5386
"1907","Astragalus glycyphyllos",5346998,"Astragalus glycyphyllos L.","ACCEPTED","SPECIES","EXACT",99,5346998,6,7707728,220,1370,5386
"1908","Astragalus glycyphyllos",5346998,"Astragalus glycyphyllos L.","ACCEPTED","SPECIES","EXACT",99,5346998,6,7707728,220,1370,5386
"1909","Cytisus scoparius",5354656,"Cytisus scoparius (L.) Link","ACCEPTED","SPECIES","EXACT",99,5354656,6,7707728,220,1370,5386
"1910","Cytisus scoparius",5354656,"Cytisus scoparius (L.) Link","ACCEPTED","SPECIES","EXACT",99,5354656,6,7707728,220,1370,5386
"1911","Cytisus scoparius",5354656,"Cytisus scoparius (L.) Link","ACCEPTED","SPECIES","EXACT",99,5354656,6,7707728,220,1370,5386
"1912","Cytisus scoparius",5354656,"Cytisus scoparius (L.) Link","ACCEPTED","SPECIES","EXACT",99,5354656,6,7707728,220,1370,5386
"1913","Genista anglica",5347644,"Genista anglica L.","ACCEPTED","SPECIES","EXACT",99,5347644,6,7707728,220,1370,5386
"1914","Genista anglica",5347644,"Genista anglica L.","ACCEPTED","SPECIES","EXACT",99,5347644,6,7707728,220,1370,5386
"1915","Genista anglica",5347644,"Genista anglica L.","ACCEPTED","SPECIES","EXACT",99,5347644,6,7707728,220,1370,5386
"1916","Genista germanica",5347824,"Genista germanica L.","ACCEPTED","SPECIES","EXACT",98,5347824,6,7707728,220,1370,5386
"1917","Genista germanica",5347824,"Genista germanica L.","ACCEPTED","SPECIES","EXACT",98,5347824,6,7707728,220,1370,5386
"1918","Genista pilosa",5347571,"Genista pilosa L.","ACCEPTED","SPECIES","EXACT",97,5347571,6,7707728,220,1370,5386
"1919","Genista pilosa",5347571,"Genista pilosa L.","ACCEPTED","SPECIES","EXACT",97,5347571,6,7707728,220,1370,5386
"1920","Genista pilosa",5347571,"Genista pilosa L.","ACCEPTED","SPECIES","EXACT",97,5347571,6,7707728,220,1370,5386
"1921","Genista tinctoria",5347612,"Genista tinctoria L.","ACCEPTED","SPECIES","EXACT",99,5347612,6,7707728,220,1370,5386
"1922","Genista tinctoria",5347612,"Genista tinctoria L.","ACCEPTED","SPECIES","EXACT",99,5347612,6,7707728,220,1370,5386
"1923","Genista tinctoria",5347612,"Genista tinctoria L.","ACCEPTED","SPECIES","EXACT",99,5347612,6,7707728,220,1370,5386
"1924","Genistella sagittalis",5347706,"Genistella sagittalis (L.) Gams","SYNONYM","SPECIES","EXACT",98,5347702,6,7707728,220,1370,5386
"1925","Genistella sagittalis",5347706,"Genistella sagittalis (L.) Gams","SYNONYM","SPECIES","EXACT",98,5347702,6,7707728,220,1370,5386
"1926","Genistella sagittalis",5347706,"Genistella sagittalis (L.) Gams","SYNONYM","SPECIES","EXACT",98,5347702,6,7707728,220,1370,5386
"1927","Hippocrepis comosa",5353750,"Hippocrepis comosa L.","ACCEPTED","SPECIES","EXACT",97,5353750,6,7707728,220,1370,5386
"1928","Hippocrepis comosa",5353750,"Hippocrepis comosa L.","ACCEPTED","SPECIES","EXACT",97,5353750,6,7707728,220,1370,5386
"1929","Hippocrepis comosa",5353750,"Hippocrepis comosa L.","ACCEPTED","SPECIES","EXACT",97,5353750,6,7707728,220,1370,5386
"1930","Lathyrus aphaca",5356649,"Lathyrus aphaca L.","ACCEPTED","SPECIES","EXACT",99,5356649,6,7707728,220,1370,5386
"1931","Lathyrus aphaca",5356649,"Lathyrus aphaca L.","ACCEPTED","SPECIES","EXACT",99,5356649,6,7707728,220,1370,5386
"1932","Lathyrus aphaca",5356649,"Lathyrus aphaca L.","ACCEPTED","SPECIES","EXACT",99,5356649,6,7707728,220,1370,5386
"1933","Lathyrus hirsutus",5356382,"Lathyrus hirsutus L.","ACCEPTED","SPECIES","EXACT",99,5356382,6,7707728,220,1370,5386
"1934","Lathyrus hirsutus",5356382,"Lathyrus hirsutus L.","ACCEPTED","SPECIES","EXACT",99,5356382,6,7707728,220,1370,5386
"1935","Lathyrus hirsutus",5356382,"Lathyrus hirsutus L.","ACCEPTED","SPECIES","EXACT",99,5356382,6,7707728,220,1370,5386
"1936","Lathyrus hirsutus",5356382,"Lathyrus hirsutus L.","ACCEPTED","SPECIES","EXACT",99,5356382,6,7707728,220,1370,5386
"1937","Lathyrus japonicus",5356714,"Lathyrus japonicus Willd.","ACCEPTED","SPECIES","EXACT",99,5356714,6,7707728,220,1370,5386
"1938","Lathyrus japonicus",5356714,"Lathyrus japonicus Willd.","ACCEPTED","SPECIES","EXACT",99,5356714,6,7707728,220,1370,5386
"1939","Lathyrus linifolius",5356393,"Lathyrus linifolius (Reichard) Bässler","ACCEPTED","SPECIES","EXACT",99,5356393,6,7707728,220,1370,5386
"1940","Lathyrus linifolius",5356393,"Lathyrus linifolius (Reichard) Bässler","ACCEPTED","SPECIES","EXACT",99,5356393,6,7707728,220,1370,5386
"1941","Lathyrus linifolius",5356393,"Lathyrus linifolius (Reichard) Bässler","ACCEPTED","SPECIES","EXACT",99,5356393,6,7707728,220,1370,5386
"1942","Lathyrus nissolia",5356542,"Lathyrus nissolia L.","ACCEPTED","SPECIES","EXACT",99,5356542,6,7707728,220,1370,5386
"1943","Lathyrus nissolia",5356542,"Lathyrus nissolia L.","ACCEPTED","SPECIES","EXACT",99,5356542,6,7707728,220,1370,5386
"1944","Lathyrus nissolia",5356542,"Lathyrus nissolia L.","ACCEPTED","SPECIES","EXACT",99,5356542,6,7707728,220,1370,5386
"1945","Lathyrus nissolia",5356542,"Lathyrus nissolia L.","ACCEPTED","SPECIES","EXACT",99,5356542,6,7707728,220,1370,5386
"1946","Lathyrus palustris",5356412,"Lathyrus palustris L.","ACCEPTED","SPECIES","EXACT",97,5356412,6,7707728,220,1370,5386
"1947","Lathyrus palustris",5356412,"Lathyrus palustris L.","ACCEPTED","SPECIES","EXACT",97,5356412,6,7707728,220,1370,5386
"1948","Lathyrus pratensis",5356701,"Lathyrus pratensis L.","ACCEPTED","SPECIES","EXACT",99,5356701,6,7707728,220,1370,5386
"1949","Lathyrus pratensis",5356701,"Lathyrus pratensis L.","ACCEPTED","SPECIES","EXACT",99,5356701,6,7707728,220,1370,5386
"1950","Lathyrus pratensis",5356701,"Lathyrus pratensis L.","ACCEPTED","SPECIES","EXACT",99,5356701,6,7707728,220,1370,5386
"1951","Lathyrus pratensis",5356701,"Lathyrus pratensis L.","ACCEPTED","SPECIES","EXACT",99,5356701,6,7707728,220,1370,5386
"1952","Lathyrus sylvestris",5356623,"Lathyrus sylvestris L.","ACCEPTED","SPECIES","EXACT",99,5356623,6,7707728,220,1370,5386
"1953","Lathyrus sylvestris",5356623,"Lathyrus sylvestris L.","ACCEPTED","SPECIES","EXACT",99,5356623,6,7707728,220,1370,5386
"1954","Lathyrus sylvestris",5356623,"Lathyrus sylvestris L.","ACCEPTED","SPECIES","EXACT",99,5356623,6,7707728,220,1370,5386
"1955","Lathyrus sylvestris",5356623,"Lathyrus sylvestris L.","ACCEPTED","SPECIES","EXACT",99,5356623,6,7707728,220,1370,5386
"1956","Lathyrus tuberosus",5356522,"Lathyrus tuberosus L.","ACCEPTED","SPECIES","EXACT",99,5356522,6,7707728,220,1370,5386
"1957","Lathyrus tuberosus",5356522,"Lathyrus tuberosus L.","ACCEPTED","SPECIES","EXACT",99,5356522,6,7707728,220,1370,5386
"1958","Lathyrus tuberosus",5356522,"Lathyrus tuberosus L.","ACCEPTED","SPECIES","EXACT",99,5356522,6,7707728,220,1370,5386
"1959","Lathyrus tuberosus",5356522,"Lathyrus tuberosus L.","ACCEPTED","SPECIES","EXACT",99,5356522,6,7707728,220,1370,5386
"1960","Lotus corniculatus",5357013,"Lotus corniculatus L.","ACCEPTED","SPECIES","EXACT",99,5357013,6,7707728,220,1370,5386
"1961","Lotus corniculatus",5357013,"Lotus corniculatus L.","ACCEPTED","SPECIES","EXACT",99,5357013,6,7707728,220,1370,5386
"1962","Lotus corniculatus",5357013,"Lotus corniculatus L.","ACCEPTED","SPECIES","EXACT",99,5357013,6,7707728,220,1370,5386
"1963","Lotus corniculatus",5357013,"Lotus corniculatus L.","ACCEPTED","SPECIES","EXACT",99,5357013,6,7707728,220,1370,5386
"1964","Lotus pedunculatus",5356854,"Lotus pedunculatus Cav.","ACCEPTED","SPECIES","EXACT",99,5356854,6,7707728,220,1370,5386
"1965","Lotus pedunculatus",5356854,"Lotus pedunculatus Cav.","ACCEPTED","SPECIES","EXACT",99,5356854,6,7707728,220,1370,5386
"1966","Lotus pedunculatus",5356854,"Lotus pedunculatus Cav.","ACCEPTED","SPECIES","EXACT",99,5356854,6,7707728,220,1370,5386
"1967","Lotus pedunculatus",5356854,"Lotus pedunculatus Cav.","ACCEPTED","SPECIES","EXACT",99,5356854,6,7707728,220,1370,5386
"1968","Medicago arabica",2965527,"Medicago arabica (L.) Huds.","ACCEPTED","SPECIES","EXACT",98,2965527,6,7707728,220,1370,5386
"1969","Medicago arabica",2965527,"Medicago arabica (L.) Huds.","ACCEPTED","SPECIES","EXACT",98,2965527,6,7707728,220,1370,5386
"1970","Medicago arabica",2965527,"Medicago arabica (L.) Huds.","ACCEPTED","SPECIES","EXACT",98,2965527,6,7707728,220,1370,5386
"1971","Medicago arabica",2965527,"Medicago arabica (L.) Huds.","ACCEPTED","SPECIES","EXACT",98,2965527,6,7707728,220,1370,5386
"1972","Medicago falcata",2965354,"Medicago falcata L.","ACCEPTED","SPECIES","EXACT",97,2965354,6,7707728,220,1370,5386
"1973","Medicago falcata",2965354,"Medicago falcata L.","ACCEPTED","SPECIES","EXACT",97,2965354,6,7707728,220,1370,5386
"1974","Medicago falcata",2965354,"Medicago falcata L.","ACCEPTED","SPECIES","EXACT",97,2965354,6,7707728,220,1370,5386
"1975","Medicago falcata",2965354,"Medicago falcata L.","ACCEPTED","SPECIES","EXACT",97,2965354,6,7707728,220,1370,5386
"1976","Medicago lupulina",2965201,"Medicago lupulina L.","ACCEPTED","SPECIES","EXACT",99,2965201,6,7707728,220,1370,5386
"1977","Medicago lupulina",2965201,"Medicago lupulina L.","ACCEPTED","SPECIES","EXACT",99,2965201,6,7707728,220,1370,5386
"1978","Medicago lupulina",2965201,"Medicago lupulina L.","ACCEPTED","SPECIES","EXACT",99,2965201,6,7707728,220,1370,5386
"1979","Medicago lupulina",2965201,"Medicago lupulina L.","ACCEPTED","SPECIES","EXACT",99,2965201,6,7707728,220,1370,5386
"1980","Medicago minima",8073758,"Medicago minima (L.) Bartal.","ACCEPTED","SPECIES","EXACT",97,8073758,6,7707728,220,1370,5386
"1981","Medicago minima",8073758,"Medicago minima (L.) Bartal.","ACCEPTED","SPECIES","EXACT",97,8073758,6,7707728,220,1370,5386
"1982","Medicago minima",8073758,"Medicago minima (L.) Bartal.","ACCEPTED","SPECIES","EXACT",97,8073758,6,7707728,220,1370,5386
"1983","Medicago minima",8073758,"Medicago minima (L.) Bartal.","ACCEPTED","SPECIES","EXACT",97,8073758,6,7707728,220,1370,5386
"1984","Melilotus altissimus",2971042,"Melilotus altissimus Thuill.","ACCEPTED","SPECIES","EXACT",98,2971042,6,7707728,220,1370,5386
"1985","Melilotus altissimus",2971042,"Melilotus altissimus Thuill.","ACCEPTED","SPECIES","EXACT",98,2971042,6,7707728,220,1370,5386
"1986","Melilotus altissimus",2971042,"Melilotus altissimus Thuill.","ACCEPTED","SPECIES","EXACT",98,2971042,6,7707728,220,1370,5386
"1987","Ononis spinosa",2977149,"Ononis spinosa L.","ACCEPTED","SPECIES","EXACT",98,2977149,6,7707728,220,1370,5386
"1988","Ononis spinosa",2977149,"Ononis spinosa L.","ACCEPTED","SPECIES","EXACT",98,2977149,6,7707728,220,1370,5386
"1989","Ononis spinosa",2977149,"Ononis spinosa L.","ACCEPTED","SPECIES","EXACT",98,2977149,6,7707728,220,1370,5386
"1990","Ononis spinosa",2977149,"Ononis spinosa L.","ACCEPTED","SPECIES","EXACT",98,2977149,6,7707728,220,1370,5386
"1991","Ornithopus perpusillus",5358256,"Ornithopus perpusillus L.","ACCEPTED","SPECIES","EXACT",99,5358256,6,7707728,220,1370,5386
"1992","Ornithopus perpusillus",5358256,"Ornithopus perpusillus L.","ACCEPTED","SPECIES","EXACT",99,5358256,6,7707728,220,1370,5386
"1993","Ornithopus perpusillus",5358256,"Ornithopus perpusillus L.","ACCEPTED","SPECIES","EXACT",99,5358256,6,7707728,220,1370,5386
"1994","Ornithopus perpusillus",5358256,"Ornithopus perpusillus L.","ACCEPTED","SPECIES","EXACT",99,5358256,6,7707728,220,1370,5386
"1995","Trifolium arvense",5359246,"Trifolium arvense L.","ACCEPTED","SPECIES","EXACT",97,5359246,6,7707728,220,1370,5386
"1996","Trifolium arvense",5359246,"Trifolium arvense L.","ACCEPTED","SPECIES","EXACT",97,5359246,6,7707728,220,1370,5386
"1997","Trifolium arvense",5359246,"Trifolium arvense L.","ACCEPTED","SPECIES","EXACT",97,5359246,6,7707728,220,1370,5386
"1998","Trifolium arvense",5359246,"Trifolium arvense L.","ACCEPTED","SPECIES","EXACT",97,5359246,6,7707728,220,1370,5386
"1999","Trifolium aureum",5359060,"Trifolium aureum Pollich","ACCEPTED","SPECIES","EXACT",97,5359060,6,7707728,220,1370,5386
"2000","Trifolium aureum",5359060,"Trifolium aureum Pollich","ACCEPTED","SPECIES","EXACT",97,5359060,6,7707728,220,1370,5386
"2001","Trifolium campestre",5359477,"Trifolium campestre Schreb.","ACCEPTED","SPECIES","EXACT",97,5359477,6,7707728,220,1370,5386
"2002","Trifolium campestre",5359477,"Trifolium campestre Schreb.","ACCEPTED","SPECIES","EXACT",97,5359477,6,7707728,220,1370,5386
"2003","Trifolium campestre",5359477,"Trifolium campestre Schreb.","ACCEPTED","SPECIES","EXACT",97,5359477,6,7707728,220,1370,5386
"2004","Trifolium campestre",5359477,"Trifolium campestre Schreb.","ACCEPTED","SPECIES","EXACT",97,5359477,6,7707728,220,1370,5386
"2005","Trifolium dubium",5359429,"Trifolium dubium Sibth.","ACCEPTED","SPECIES","EXACT",99,5359429,6,7707728,220,1370,5386
"2006","Trifolium dubium",5359429,"Trifolium dubium Sibth.","ACCEPTED","SPECIES","EXACT",99,5359429,6,7707728,220,1370,5386
"2007","Trifolium dubium",5359429,"Trifolium dubium Sibth.","ACCEPTED","SPECIES","EXACT",99,5359429,6,7707728,220,1370,5386
"2008","Trifolium dubium",5359429,"Trifolium dubium Sibth.","ACCEPTED","SPECIES","EXACT",99,5359429,6,7707728,220,1370,5386
"2009","Trifolium fragiferum",5358935,"Trifolium fragiferum L.","ACCEPTED","SPECIES","EXACT",99,5358935,6,7707728,220,1370,5386
"2010","Trifolium fragiferum",5358935,"Trifolium fragiferum L.","ACCEPTED","SPECIES","EXACT",99,5358935,6,7707728,220,1370,5386
"2011","Trifolium fragiferum",5358935,"Trifolium fragiferum L.","ACCEPTED","SPECIES","EXACT",99,5358935,6,7707728,220,1370,5386
"2012","Trifolium fragiferum",5358935,"Trifolium fragiferum L.","ACCEPTED","SPECIES","EXACT",99,5358935,6,7707728,220,1370,5386
"2013","Trifolium medium",5358812,"Trifolium medium L.","ACCEPTED","SPECIES","EXACT",98,5358812,6,7707728,220,1370,5386
"2014","Trifolium medium",5358812,"Trifolium medium L.","ACCEPTED","SPECIES","EXACT",98,5358812,6,7707728,220,1370,5386
"2015","Trifolium medium",5358812,"Trifolium medium L.","ACCEPTED","SPECIES","EXACT",98,5358812,6,7707728,220,1370,5386
"2016","Trifolium medium",5358812,"Trifolium medium L.","ACCEPTED","SPECIES","EXACT",98,5358812,6,7707728,220,1370,5386
"2017","Trifolium micranthum",5359250,"Trifolium micranthum Viv.","ACCEPTED","SPECIES","EXACT",99,5359250,6,7707728,220,1370,5386
"2018","Trifolium micranthum",5359250,"Trifolium micranthum Viv.","ACCEPTED","SPECIES","EXACT",99,5359250,6,7707728,220,1370,5386
"2019","Trifolium micranthum",5359250,"Trifolium micranthum Viv.","ACCEPTED","SPECIES","EXACT",99,5359250,6,7707728,220,1370,5386
"2020","Trifolium montanum",5359047,"Trifolium montanum L.","ACCEPTED","SPECIES","EXACT",99,5359047,6,7707728,220,1370,5386
"2021","Trifolium montanum",5359047,"Trifolium montanum L.","ACCEPTED","SPECIES","EXACT",99,5359047,6,7707728,220,1370,5386
"2022","Trifolium ochroleucon",5359209,"Trifolium ochroleucon Huds.","ACCEPTED","SPECIES","EXACT",99,5359209,6,7707728,220,1370,5386
"2023","Trifolium ochroleucon",5359209,"Trifolium ochroleucon Huds.","ACCEPTED","SPECIES","EXACT",99,5359209,6,7707728,220,1370,5386
"2024","Trifolium ornithopodioides",8347243,"Trifolium ornithopodioides L.","ACCEPTED","SPECIES","EXACT",98,8347243,6,7707728,220,1370,5386
"2025","Trifolium ornithopodioides",8347243,"Trifolium ornithopodioides L.","ACCEPTED","SPECIES","EXACT",98,8347243,6,7707728,220,1370,5386
"2026","Trifolium pratense",8324121,"Trifolium pratense L.","ACCEPTED","SPECIES","EXACT",99,8324121,6,7707728,220,1370,5386
"2027","Trifolium pratense",8324121,"Trifolium pratense L.","ACCEPTED","SPECIES","EXACT",99,8324121,6,7707728,220,1370,5386
"2028","Trifolium pratense",8324121,"Trifolium pratense L.","ACCEPTED","SPECIES","EXACT",99,8324121,6,7707728,220,1370,5386
"2029","Trifolium pratense",8324121,"Trifolium pratense L.","ACCEPTED","SPECIES","EXACT",99,8324121,6,7707728,220,1370,5386
"2030","Trifolium repens",5358748,"Trifolium repens L.","ACCEPTED","SPECIES","EXACT",97,5358748,6,7707728,220,1370,5386
"2031","Trifolium repens",5358748,"Trifolium repens L.","ACCEPTED","SPECIES","EXACT",97,5358748,6,7707728,220,1370,5386
"2032","Trifolium repens",5358748,"Trifolium repens L.","ACCEPTED","SPECIES","EXACT",97,5358748,6,7707728,220,1370,5386
"2033","Trifolium repens",5358748,"Trifolium repens L.","ACCEPTED","SPECIES","EXACT",97,5358748,6,7707728,220,1370,5386
"2034","Trifolium scabrum",5358977,"Trifolium scabrum L.","ACCEPTED","SPECIES","EXACT",97,5358977,6,7707728,220,1370,5386
"2035","Trifolium scabrum",5358977,"Trifolium scabrum L.","ACCEPTED","SPECIES","EXACT",97,5358977,6,7707728,220,1370,5386
"2036","Trifolium striatum",5358683,"Trifolium striatum L.","ACCEPTED","SPECIES","EXACT",99,5358683,6,7707728,220,1370,5386
"2037","Trifolium striatum",5358683,"Trifolium striatum L.","ACCEPTED","SPECIES","EXACT",99,5358683,6,7707728,220,1370,5386
"2038","Trifolium striatum",5358683,"Trifolium striatum L.","ACCEPTED","SPECIES","EXACT",99,5358683,6,7707728,220,1370,5386
"2039","Trifolium striatum",5358683,"Trifolium striatum L.","ACCEPTED","SPECIES","EXACT",99,5358683,6,7707728,220,1370,5386
"2040","Trifolium subterraneum",5359330,"Trifolium subterraneum L.","ACCEPTED","SPECIES","EXACT",99,5359330,6,7707728,220,1370,5386
"2041","Trifolium subterraneum",5359330,"Trifolium subterraneum L.","ACCEPTED","SPECIES","EXACT",99,5359330,6,7707728,220,1370,5386
"2042","Trifolium subterraneum",5359330,"Trifolium subterraneum L.","ACCEPTED","SPECIES","EXACT",99,5359330,6,7707728,220,1370,5386
"2043","Trifolium subterraneum",5359330,"Trifolium subterraneum L.","ACCEPTED","SPECIES","EXACT",99,5359330,6,7707728,220,1370,5386
"2044","Ulex europaeus",2951984,"Ulex europaeus L.","ACCEPTED","SPECIES","EXACT",98,2951984,6,7707728,220,1370,5386
"2045","Ulex europaeus",2951984,"Ulex europaeus L.","ACCEPTED","SPECIES","EXACT",98,2951984,6,7707728,220,1370,5386
"2046","Ulex europaeus",2951984,"Ulex europaeus L.","ACCEPTED","SPECIES","EXACT",98,2951984,6,7707728,220,1370,5386
"2047","Ulex europaeus",2951984,"Ulex europaeus L.","ACCEPTED","SPECIES","EXACT",98,2951984,6,7707728,220,1370,5386
"2048","Vicia cracca",2975287,"Vicia cracca L.","ACCEPTED","SPECIES","EXACT",98,2975287,6,7707728,220,1370,5386
"2049","Vicia cracca",2975287,"Vicia cracca L.","ACCEPTED","SPECIES","EXACT",98,2975287,6,7707728,220,1370,5386
"2050","Vicia cracca",2975287,"Vicia cracca L.","ACCEPTED","SPECIES","EXACT",98,2975287,6,7707728,220,1370,5386
"2051","Vicia cracca",2975287,"Vicia cracca L.","ACCEPTED","SPECIES","EXACT",98,2975287,6,7707728,220,1370,5386
"2052","Vicia hirsuta",2975328,"Vicia hirsuta (L.) Gray","ACCEPTED","SPECIES","EXACT",97,2975328,6,7707728,220,1370,5386
"2053","Vicia hirsuta",2975328,"Vicia hirsuta (L.) Gray","ACCEPTED","SPECIES","EXACT",97,2975328,6,7707728,220,1370,5386
"2054","Vicia hirsuta",2975328,"Vicia hirsuta (L.) Gray","ACCEPTED","SPECIES","EXACT",97,2975328,6,7707728,220,1370,5386
"2055","Vicia hirsuta",2975328,"Vicia hirsuta (L.) Gray","ACCEPTED","SPECIES","EXACT",97,2975328,6,7707728,220,1370,5386
"2056","Vicia lathyroides",2975076,"Vicia lathyroides L.","ACCEPTED","SPECIES","EXACT",98,2975076,6,7707728,220,1370,5386
"2057","Vicia lathyroides",2975076,"Vicia lathyroides L.","ACCEPTED","SPECIES","EXACT",98,2975076,6,7707728,220,1370,5386
"2058","Vicia lathyroides",2975076,"Vicia lathyroides L.","ACCEPTED","SPECIES","EXACT",98,2975076,6,7707728,220,1370,5386
"2059","Vicia orobus",2975152,"Vicia orobus DC.","ACCEPTED","SPECIES","EXACT",99,2975152,6,7707728,220,1370,5386
"2060","Vicia orobus",2975152,"Vicia orobus DC.","ACCEPTED","SPECIES","EXACT",99,2975152,6,7707728,220,1370,5386
"2061","Vicia sativa",2975014,"Vicia sativa L.","ACCEPTED","SPECIES","EXACT",97,2975014,6,7707728,220,1370,5386
"2062","Vicia sativa",2975014,"Vicia sativa L.","ACCEPTED","SPECIES","EXACT",97,2975014,6,7707728,220,1370,5386
"2063","Vicia sativa",2975014,"Vicia sativa L.","ACCEPTED","SPECIES","EXACT",97,2975014,6,7707728,220,1370,5386
"2064","Vicia sativa",2975014,"Vicia sativa L.","ACCEPTED","SPECIES","EXACT",97,2975014,6,7707728,220,1370,5386
"2065","Vicia sepium",2974786,"Vicia sepium L.","ACCEPTED","SPECIES","EXACT",99,2974786,6,7707728,220,1370,5386
"2066","Vicia sepium",2974786,"Vicia sepium L.","ACCEPTED","SPECIES","EXACT",99,2974786,6,7707728,220,1370,5386
"2067","Vicia sepium",2974786,"Vicia sepium L.","ACCEPTED","SPECIES","EXACT",99,2974786,6,7707728,220,1370,5386
"2068","Vicia sepium",2974786,"Vicia sepium L.","ACCEPTED","SPECIES","EXACT",99,2974786,6,7707728,220,1370,5386
"2069","Vicia tenuifolia",2975188,"Vicia tenuifolia Roth","ACCEPTED","SPECIES","EXACT",97,2975188,6,7707728,220,1370,5386
"2070","Vicia tenuifolia",2975188,"Vicia tenuifolia Roth","ACCEPTED","SPECIES","EXACT",97,2975188,6,7707728,220,1370,5386
"2071","Vicia tenuifolia",2975188,"Vicia tenuifolia Roth","ACCEPTED","SPECIES","EXACT",97,2975188,6,7707728,220,1370,5386
"2072","Vicia tetrasperma",2975083,"Vicia tetrasperma (L.) Schreb.","ACCEPTED","SPECIES","EXACT",97,2975083,6,7707728,220,1370,5386
"2073","Vicia tetrasperma",2975083,"Vicia tetrasperma (L.) Schreb.","ACCEPTED","SPECIES","EXACT",97,2975083,6,7707728,220,1370,5386
"2074","Vicia tetrasperma",2975083,"Vicia tetrasperma (L.) Schreb.","ACCEPTED","SPECIES","EXACT",97,2975083,6,7707728,220,1370,5386
"2075","Vicia tetrasperma",2975083,"Vicia tetrasperma (L.) Schreb.","ACCEPTED","SPECIES","EXACT",97,2975083,6,7707728,220,1370,5386
"2076","Fagus sylvatica",2882316,"Fagus sylvatica L.","ACCEPTED","SPECIES","EXACT",99,2882316,6,7707728,220,1354,4689
"2077","Fagus sylvatica",2882316,"Fagus sylvatica L.","ACCEPTED","SPECIES","EXACT",99,2882316,6,7707728,220,1354,4689
"2078","Fagus sylvatica",2882316,"Fagus sylvatica L.","ACCEPTED","SPECIES","EXACT",99,2882316,6,7707728,220,1354,4689
"2079","Fagus sylvatica",2882316,"Fagus sylvatica L.","ACCEPTED","SPECIES","EXACT",99,2882316,6,7707728,220,1354,4689
"2080","Quercus petraea",2880130,"Quercus petraea (Matt.) Liebl.","ACCEPTED","SPECIES","EXACT",99,2880130,6,7707728,220,1354,4689
"2081","Quercus petraea",2880130,"Quercus petraea (Matt.) Liebl.","ACCEPTED","SPECIES","EXACT",99,2880130,6,7707728,220,1354,4689
"2082","Quercus petraea",2880130,"Quercus petraea (Matt.) Liebl.","ACCEPTED","SPECIES","EXACT",99,2880130,6,7707728,220,1354,4689
"2083","Quercus petraea",2880130,"Quercus petraea (Matt.) Liebl.","ACCEPTED","SPECIES","EXACT",99,2880130,6,7707728,220,1354,4689
"2084","Quercus pubescens",2881283,"Quercus pubescens Willd.","ACCEPTED","SPECIES","EXACT",97,2881283,6,7707728,220,1354,4689
"2085","Quercus pubescens",2881283,"Quercus pubescens Willd.","ACCEPTED","SPECIES","EXACT",97,2881283,6,7707728,220,1354,4689
"2086","Quercus pubescens",2881283,"Quercus pubescens Willd.","ACCEPTED","SPECIES","EXACT",97,2881283,6,7707728,220,1354,4689
"2087","Quercus robur",2878688,"Quercus robur L.","ACCEPTED","SPECIES","EXACT",97,2878688,6,7707728,220,1354,4689
"2088","Quercus robur",2878688,"Quercus robur L.","ACCEPTED","SPECIES","EXACT",97,2878688,6,7707728,220,1354,4689
"2089","Quercus robur",2878688,"Quercus robur L.","ACCEPTED","SPECIES","EXACT",97,2878688,6,7707728,220,1354,4689
"2090","Quercus robur",2878688,"Quercus robur L.","ACCEPTED","SPECIES","EXACT",97,2878688,6,7707728,220,1354,4689
"2091","Blackstonia perfoliata",6366886,"Blackstonia perfoliata (L.) Huds.","ACCEPTED","SPECIES","EXACT",99,6366886,6,7707728,220,412,2503
"2092","Blackstonia perfoliata",6366886,"Blackstonia perfoliata (L.) Huds.","ACCEPTED","SPECIES","EXACT",99,6366886,6,7707728,220,412,2503
"2093","Blackstonia perfoliata",6366886,"Blackstonia perfoliata (L.) Huds.","ACCEPTED","SPECIES","EXACT",99,6366886,6,7707728,220,412,2503
"2094","Blackstonia perfoliata",6366886,"Blackstonia perfoliata (L.) Huds.","ACCEPTED","SPECIES","EXACT",99,6366886,6,7707728,220,412,2503
"2095","Centaurium erythraea",5414457,"Centaurium erythraea Rafn","ACCEPTED","SPECIES","EXACT",98,5414457,6,7707728,220,412,2503
"2096","Centaurium erythraea",5414457,"Centaurium erythraea Rafn","ACCEPTED","SPECIES","EXACT",98,5414457,6,7707728,220,412,2503
"2097","Centaurium erythraea",5414457,"Centaurium erythraea Rafn","ACCEPTED","SPECIES","EXACT",98,5414457,6,7707728,220,412,2503
"2098","Centaurium erythraea",5414457,"Centaurium erythraea Rafn","ACCEPTED","SPECIES","EXACT",98,5414457,6,7707728,220,412,2503
"2099","Centaurium littorale",5414469,"Centaurium littorale (Turner) Gilmour","ACCEPTED","SPECIES","EXACT",99,5414469,6,7707728,220,412,2503
"2100","Centaurium littorale",5414469,"Centaurium littorale (Turner) Gilmour","ACCEPTED","SPECIES","EXACT",99,5414469,6,7707728,220,412,2503
"2101","Centaurium pulchellum",7439391,"Centaurium pulchellum (Sw.) Druce","ACCEPTED","SPECIES","EXACT",97,7439391,6,7707728,220,412,2503
"2102","Centaurium pulchellum",7439391,"Centaurium pulchellum (Sw.) Druce","ACCEPTED","SPECIES","EXACT",97,7439391,6,7707728,220,412,2503
"2103","Centaurium pulchellum",7439391,"Centaurium pulchellum (Sw.) Druce","ACCEPTED","SPECIES","EXACT",97,7439391,6,7707728,220,412,2503
"2104","Centaurium pulchellum",7439391,"Centaurium pulchellum (Sw.) Druce","ACCEPTED","SPECIES","EXACT",97,7439391,6,7707728,220,412,2503
"2105","Cicendia filiformis",3841406,"Cicendia filiformis (L.) Delarbre","ACCEPTED","SPECIES","EXACT",99,3841406,6,7707728,220,412,2503
"2106","Cicendia filiformis",3841406,"Cicendia filiformis (L.) Delarbre","ACCEPTED","SPECIES","EXACT",99,3841406,6,7707728,220,412,2503
"2107","Cicendia filiformis",3841406,"Cicendia filiformis (L.) Delarbre","ACCEPTED","SPECIES","EXACT",99,3841406,6,7707728,220,412,2503
"2108","Gentiana cruciata",3170115,"Gentiana cruciata L.","ACCEPTED","SPECIES","EXACT",99,3170115,6,7707728,220,412,2503
"2109","Gentiana cruciata",3170115,"Gentiana cruciata L.","ACCEPTED","SPECIES","EXACT",99,3170115,6,7707728,220,412,2503
"2110","Gentiana cruciata",3170115,"Gentiana cruciata L.","ACCEPTED","SPECIES","EXACT",99,3170115,6,7707728,220,412,2503
"2111","Gentiana pneumonanthe",7270598,"Gentiana pneumonanthe L.","ACCEPTED","SPECIES","EXACT",97,7270598,6,7707728,220,412,2503
"2112","Gentiana pneumonanthe",7270598,"Gentiana pneumonanthe L.","ACCEPTED","SPECIES","EXACT",97,7270598,6,7707728,220,412,2503
"2113","Gentiana pneumonanthe",7270598,"Gentiana pneumonanthe L.","ACCEPTED","SPECIES","EXACT",97,7270598,6,7707728,220,412,2503
"2114","Gentianella amarella",8196434,"Gentianella amarella (L.) Börner","ACCEPTED","SPECIES","EXACT",98,8196434,6,7707728,220,412,2503
"2115","Gentianella amarella",8196434,"Gentianella amarella (L.) Börner","ACCEPTED","SPECIES","EXACT",98,8196434,6,7707728,220,412,2503
"2116","Gentianella campestris",7270427,"Gentianella campestris (L.) Börner","ACCEPTED","SPECIES","EXACT",97,7270427,6,7707728,220,412,2503
"2117","Gentianella campestris",7270427,"Gentianella campestris (L.) Börner","ACCEPTED","SPECIES","EXACT",97,7270427,6,7707728,220,412,2503
"2118","Gentianella germanica",7539382,"Gentianella germanica (Willd.) E.F.Warb.","ACCEPTED","SPECIES","EXACT",98,7539382,6,7707728,220,412,2503
"2119","Gentianella germanica",7539382,"Gentianella germanica (Willd.) E.F.Warb.","ACCEPTED","SPECIES","EXACT",98,7539382,6,7707728,220,412,2503
"2120","Gentianopsis ciliata",7270648,"Gentianopsis ciliata (L.) Ma","ACCEPTED","SPECIES","EXACT",99,7270648,6,7707728,220,412,2503
"2121","Gentianopsis ciliata",7270648,"Gentianopsis ciliata (L.) Ma","ACCEPTED","SPECIES","EXACT",99,7270648,6,7707728,220,412,2503
"2122","Erodium cicutarium",9485490,"Erodium cicutarium (L.) L'Hér.","ACCEPTED","SPECIES","EXACT",97,9485490,6,7707728,220,624,4676
"2123","Erodium cicutarium",9485490,"Erodium cicutarium (L.) L'Hér.","ACCEPTED","SPECIES","EXACT",97,9485490,6,7707728,220,624,4676
"2124","Erodium cicutarium",9485490,"Erodium cicutarium (L.) L'Hér.","ACCEPTED","SPECIES","EXACT",97,9485490,6,7707728,220,624,4676
"2125","Erodium cicutarium",9485490,"Erodium cicutarium (L.) L'Hér.","ACCEPTED","SPECIES","EXACT",97,9485490,6,7707728,220,624,4676
"2126","Erodium lebelii",6366011,"Erodium lebelii Jord.","ACCEPTED","SPECIES","EXACT",99,6366011,6,7707728,220,624,4676
"2127","Erodium lebelii",6366011,"Erodium lebelii Jord.","ACCEPTED","SPECIES","EXACT",99,6366011,6,7707728,220,624,4676
"2128","Erodium lebelii",6366011,"Erodium lebelii Jord.","ACCEPTED","SPECIES","EXACT",99,6366011,6,7707728,220,624,4676
"2129","Geranium cinereum",2890574,"Geranium cinereum Cav.","ACCEPTED","SPECIES","EXACT",97,2890574,6,7707728,220,624,4676
"2130","Geranium cinereum",2890574,"Geranium cinereum Cav.","ACCEPTED","SPECIES","EXACT",97,2890574,6,7707728,220,624,4676
"2131","Geranium columbinum",2890603,"Geranium columbinum L.","ACCEPTED","SPECIES","EXACT",97,2890603,6,7707728,220,624,4676
"2132","Geranium columbinum",2890603,"Geranium columbinum L.","ACCEPTED","SPECIES","EXACT",97,2890603,6,7707728,220,624,4676
"2133","Geranium columbinum",2890603,"Geranium columbinum L.","ACCEPTED","SPECIES","EXACT",97,2890603,6,7707728,220,624,4676
"2134","Geranium columbinum",2890603,"Geranium columbinum L.","ACCEPTED","SPECIES","EXACT",97,2890603,6,7707728,220,624,4676
"2135","Geranium dissectum",2890040,"Geranium dissectum L.","ACCEPTED","SPECIES","EXACT",99,2890040,6,7707728,220,624,4676
"2136","Geranium dissectum",2890040,"Geranium dissectum L.","ACCEPTED","SPECIES","EXACT",99,2890040,6,7707728,220,624,4676
"2137","Geranium dissectum",2890040,"Geranium dissectum L.","ACCEPTED","SPECIES","EXACT",99,2890040,6,7707728,220,624,4676
"2138","Geranium dissectum",2890040,"Geranium dissectum L.","ACCEPTED","SPECIES","EXACT",99,2890040,6,7707728,220,624,4676
"2139","Geranium lucidum",2890560,"Geranium lucidum L.","ACCEPTED","SPECIES","EXACT",99,2890560,6,7707728,220,624,4676
"2140","Geranium lucidum",2890560,"Geranium lucidum L.","ACCEPTED","SPECIES","EXACT",99,2890560,6,7707728,220,624,4676
"2141","Geranium lucidum",2890560,"Geranium lucidum L.","ACCEPTED","SPECIES","EXACT",99,2890560,6,7707728,220,624,4676
"2142","Geranium lucidum",2890560,"Geranium lucidum L.","ACCEPTED","SPECIES","EXACT",99,2890560,6,7707728,220,624,4676
"2143","Geranium molle",2891488,"Geranium molle L.","ACCEPTED","SPECIES","EXACT",97,2891488,6,7707728,220,624,4676
"2144","Geranium molle",2891488,"Geranium molle L.","ACCEPTED","SPECIES","EXACT",97,2891488,6,7707728,220,624,4676
"2145","Geranium molle",2891488,"Geranium molle L.","ACCEPTED","SPECIES","EXACT",97,2891488,6,7707728,220,624,4676
"2146","Geranium molle",2891488,"Geranium molle L.","ACCEPTED","SPECIES","EXACT",97,2891488,6,7707728,220,624,4676
"2147","Geranium palustre",2890536,"Geranium palustre L.","ACCEPTED","SPECIES","EXACT",99,2890536,6,7707728,220,624,4676
"2148","Geranium palustre",2890536,"Geranium palustre L.","ACCEPTED","SPECIES","EXACT",99,2890536,6,7707728,220,624,4676
"2149","Geranium palustre",2890536,"Geranium palustre L.","ACCEPTED","SPECIES","EXACT",99,2890536,6,7707728,220,624,4676
"2150","Geranium pratense",2891304,"Geranium pratense L.","ACCEPTED","SPECIES","EXACT",97,2891304,6,7707728,220,624,4676
"2151","Geranium pratense",2891304,"Geranium pratense L.","ACCEPTED","SPECIES","EXACT",97,2891304,6,7707728,220,624,4676
"2152","Geranium pratense",2891304,"Geranium pratense L.","ACCEPTED","SPECIES","EXACT",97,2891304,6,7707728,220,624,4676
"2153","Geranium pratense",2891304,"Geranium pratense L.","ACCEPTED","SPECIES","EXACT",97,2891304,6,7707728,220,624,4676
"2154","Geranium pusillum",2890212,"Geranium pusillum L.","ACCEPTED","SPECIES","EXACT",97,2890212,6,7707728,220,624,4676
"2155","Geranium pusillum",2890212,"Geranium pusillum L.","ACCEPTED","SPECIES","EXACT",97,2890212,6,7707728,220,624,4676
"2156","Geranium pusillum",2890212,"Geranium pusillum L.","ACCEPTED","SPECIES","EXACT",97,2890212,6,7707728,220,624,4676
"2157","Geranium pusillum",2890212,"Geranium pusillum L.","ACCEPTED","SPECIES","EXACT",97,2890212,6,7707728,220,624,4676
"2158","Geranium robertianum",2890668,"Geranium robertianum L.","ACCEPTED","SPECIES","EXACT",99,2890668,6,7707728,220,624,4676
"2159","Geranium robertianum",2890668,"Geranium robertianum L.","ACCEPTED","SPECIES","EXACT",99,2890668,6,7707728,220,624,4676
"2160","Geranium robertianum",2890668,"Geranium robertianum L.","ACCEPTED","SPECIES","EXACT",99,2890668,6,7707728,220,624,4676
"2161","Geranium robertianum",2890668,"Geranium robertianum L.","ACCEPTED","SPECIES","EXACT",99,2890668,6,7707728,220,624,4676
"2162","Geranium rotundifolium",2891031,"Geranium rotundifolium L.","ACCEPTED","SPECIES","EXACT",98,2891031,6,7707728,220,624,4676
"2163","Geranium rotundifolium",2891031,"Geranium rotundifolium L.","ACCEPTED","SPECIES","EXACT",98,2891031,6,7707728,220,624,4676
"2164","Geranium rotundifolium",2891031,"Geranium rotundifolium L.","ACCEPTED","SPECIES","EXACT",98,2891031,6,7707728,220,624,4676
"2165","Geranium rotundifolium",2891031,"Geranium rotundifolium L.","ACCEPTED","SPECIES","EXACT",98,2891031,6,7707728,220,624,4676
"2166","Geranium sanguineum",2890920,"Geranium sanguineum L.","ACCEPTED","SPECIES","EXACT",99,2890920,6,7707728,220,624,4676
"2167","Geranium sanguineum",2890920,"Geranium sanguineum L.","ACCEPTED","SPECIES","EXACT",99,2890920,6,7707728,220,624,4676
"2168","Geranium sanguineum",2890920,"Geranium sanguineum L.","ACCEPTED","SPECIES","EXACT",99,2890920,6,7707728,220,624,4676
"2169","Geranium sanguineum",2890920,"Geranium sanguineum L.","ACCEPTED","SPECIES","EXACT",99,2890920,6,7707728,220,624,4676
"2170","Geranium sylvaticum",2891147,"Geranium sylvaticum L.","ACCEPTED","SPECIES","EXACT",98,2891147,6,7707728,220,624,4676
"2171","Geranium sylvaticum",2891147,"Geranium sylvaticum L.","ACCEPTED","SPECIES","EXACT",98,2891147,6,7707728,220,624,4676
"2172","Geranium sylvaticum",2891147,"Geranium sylvaticum L.","ACCEPTED","SPECIES","EXACT",98,2891147,6,7707728,220,624,4676
"2173","Geranium sylvaticum",2891147,"Geranium sylvaticum L.","ACCEPTED","SPECIES","EXACT",98,2891147,6,7707728,220,624,4676
"2174","Ribes nigrum",2986192,"Ribes nigrum L.","ACCEPTED","SPECIES","EXACT",97,2986192,6,7707728,220,7219248,2403
"2175","Ribes nigrum",2986192,"Ribes nigrum L.","ACCEPTED","SPECIES","EXACT",97,2986192,6,7707728,220,7219248,2403
"2176","Ribes nigrum",2986192,"Ribes nigrum L.","ACCEPTED","SPECIES","EXACT",97,2986192,6,7707728,220,7219248,2403
"2177","Ribes nigrum",2986192,"Ribes nigrum L.","ACCEPTED","SPECIES","EXACT",97,2986192,6,7707728,220,7219248,2403
"2178","Ribes rubrum",2986097,"Ribes rubrum L.","ACCEPTED","SPECIES","EXACT",97,2986097,6,7707728,220,7219248,2403
"2179","Ribes rubrum",2986097,"Ribes rubrum L.","ACCEPTED","SPECIES","EXACT",97,2986097,6,7707728,220,7219248,2403
"2180","Ribes rubrum",2986097,"Ribes rubrum L.","ACCEPTED","SPECIES","EXACT",97,2986097,6,7707728,220,7219248,2403
"2181","Ribes rubrum",2986097,"Ribes rubrum L.","ACCEPTED","SPECIES","EXACT",97,2986097,6,7707728,220,7219248,2403
"2182","Ribes uva-crispa",2986185,"Ribes uva-crispa L.","ACCEPTED","SPECIES","EXACT",98,2986185,6,7707728,220,7219248,2403
"2183","Ribes uva-crispa",2986185,"Ribes uva-crispa L.","ACCEPTED","SPECIES","EXACT",98,2986185,6,7707728,220,7219248,2403
"2184","Ribes uva-crispa",2986185,"Ribes uva-crispa L.","ACCEPTED","SPECIES","EXACT",98,2986185,6,7707728,220,7219248,2403
"2185","Ribes uva-crispa",2986185,"Ribes uva-crispa L.","ACCEPTED","SPECIES","EXACT",98,2986185,6,7707728,220,7219248,2403
"2186","Myriophyllum alterniflorum",5361773,"Myriophyllum alterniflorum DC.","ACCEPTED","SPECIES","EXACT",99,5361773,6,7707728,220,7219248,6694
"2187","Myriophyllum alterniflorum",5361773,"Myriophyllum alterniflorum DC.","ACCEPTED","SPECIES","EXACT",99,5361773,6,7707728,220,7219248,6694
"2188","Myriophyllum alterniflorum",5361773,"Myriophyllum alterniflorum DC.","ACCEPTED","SPECIES","EXACT",99,5361773,6,7707728,220,7219248,6694
"2189","Myriophyllum spicatum",5361760,"Myriophyllum spicatum L.","ACCEPTED","SPECIES","EXACT",97,5361760,6,7707728,220,7219248,6694
"2190","Myriophyllum spicatum",5361760,"Myriophyllum spicatum L.","ACCEPTED","SPECIES","EXACT",97,5361760,6,7707728,220,7219248,6694
"2191","Myriophyllum spicatum",5361760,"Myriophyllum spicatum L.","ACCEPTED","SPECIES","EXACT",97,5361760,6,7707728,220,7219248,6694
"2192","Myriophyllum spicatum",5361760,"Myriophyllum spicatum L.","ACCEPTED","SPECIES","EXACT",97,5361760,6,7707728,220,7219248,6694
"2193","Myriophyllum verticillatum",5361779,"Myriophyllum verticillatum L.","ACCEPTED","SPECIES","EXACT",98,5361779,6,7707728,220,7219248,6694
"2194","Myriophyllum verticillatum",5361779,"Myriophyllum verticillatum L.","ACCEPTED","SPECIES","EXACT",98,5361779,6,7707728,220,7219248,6694
"2195","Myriophyllum verticillatum",5361779,"Myriophyllum verticillatum L.","ACCEPTED","SPECIES","EXACT",98,5361779,6,7707728,220,7219248,6694
"2196","Hydrocharis morsus-ranae",5329266,"Hydrocharis morsus-ranae L.","ACCEPTED","SPECIES","EXACT",99,5329266,6,7707728,196,551,3721
"2197","Hydrocharis morsus-ranae",5329266,"Hydrocharis morsus-ranae L.","ACCEPTED","SPECIES","EXACT",99,5329266,6,7707728,196,551,3721
"2198","Hydrocharis morsus-ranae",5329266,"Hydrocharis morsus-ranae L.","ACCEPTED","SPECIES","EXACT",99,5329266,6,7707728,196,551,3721
"2199","Hydrocharis morsus-ranae",5329266,"Hydrocharis morsus-ranae L.","ACCEPTED","SPECIES","EXACT",99,5329266,6,7707728,196,551,3721
"2200","Najas marina",5329324,"Najas marina L.","ACCEPTED","SPECIES","EXACT",99,5329324,6,7707728,196,551,3721
"2201","Najas marina",5329324,"Najas marina L.","ACCEPTED","SPECIES","EXACT",99,5329324,6,7707728,196,551,3721
"2202","Najas marina",5329324,"Najas marina L.","ACCEPTED","SPECIES","EXACT",99,5329324,6,7707728,196,551,3721
"2203","Najas marina",5329324,"Najas marina L.","ACCEPTED","SPECIES","EXACT",99,5329324,6,7707728,196,551,3721
"2204","Najas minor",5329434,"Najas minor All.","ACCEPTED","SPECIES","EXACT",99,5329434,6,7707728,196,551,3721
"2205","Stratiotes aloides",5329192,"Stratiotes aloides L.","ACCEPTED","SPECIES","EXACT",99,5329192,6,7707728,196,551,3721
"2206","Stratiotes aloides",5329192,"Stratiotes aloides L.","ACCEPTED","SPECIES","EXACT",99,5329192,6,7707728,196,551,3721
"2207","Stratiotes aloides",5329192,"Stratiotes aloides L.","ACCEPTED","SPECIES","EXACT",99,5329192,6,7707728,196,551,3721
"2208","Stratiotes aloides",5329192,"Stratiotes aloides L.","ACCEPTED","SPECIES","EXACT",99,5329192,6,7707728,196,551,3721
"2209","Trichomanes speciosum",5533254,"Trichomanes speciosum Willd.","SYNONYM","SPECIES","EXACT",98,3606863,6,7707728,7228684,7228685,2372
"2210","Trichomanes speciosum",5533254,"Trichomanes speciosum Willd.","SYNONYM","SPECIES","EXACT",98,3606863,6,7707728,7228684,7228685,2372
"2211","Hypericum androsaemum",3189525,"Hypericum androsaemum L.","ACCEPTED","SPECIES","EXACT",99,3189525,6,7707728,220,1414,4900406
"2212","Hypericum androsaemum",3189525,"Hypericum androsaemum L.","ACCEPTED","SPECIES","EXACT",99,3189525,6,7707728,220,1414,4900406
"2213","Hypericum androsaemum",3189525,"Hypericum androsaemum L.","ACCEPTED","SPECIES","EXACT",99,3189525,6,7707728,220,1414,4900406
"2214","Hypericum androsaemum",3189525,"Hypericum androsaemum L.","ACCEPTED","SPECIES","EXACT",99,3189525,6,7707728,220,1414,4900406
"2215","Hypericum elodes",3713039,"Hypericum elodes L.","ACCEPTED","SPECIES","EXACT",98,3713039,6,7707728,220,1414,4900406
"2216","Hypericum elodes",3713039,"Hypericum elodes L.","ACCEPTED","SPECIES","EXACT",98,3713039,6,7707728,220,1414,4900406
"2217","Hypericum hirsutum",7921919,"Hypericum hirsutum L.","ACCEPTED","SPECIES","EXACT",97,7921919,6,7707728,220,1414,4900406
"2218","Hypericum hirsutum",7921919,"Hypericum hirsutum L.","ACCEPTED","SPECIES","EXACT",97,7921919,6,7707728,220,1414,4900406
"2219","Hypericum hirsutum",7921919,"Hypericum hirsutum L.","ACCEPTED","SPECIES","EXACT",97,7921919,6,7707728,220,1414,4900406
"2220","Hypericum hirsutum",7921919,"Hypericum hirsutum L.","ACCEPTED","SPECIES","EXACT",97,7921919,6,7707728,220,1414,4900406
"2221","Hypericum humifusum",3189543,"Hypericum humifusum L.","ACCEPTED","SPECIES","EXACT",97,3189543,6,7707728,220,1414,4900406
"2222","Hypericum humifusum",3189543,"Hypericum humifusum L.","ACCEPTED","SPECIES","EXACT",97,3189543,6,7707728,220,1414,4900406
"2223","Hypericum humifusum",3189543,"Hypericum humifusum L.","ACCEPTED","SPECIES","EXACT",97,3189543,6,7707728,220,1414,4900406
"2224","Hypericum humifusum",3189543,"Hypericum humifusum L.","ACCEPTED","SPECIES","EXACT",97,3189543,6,7707728,220,1414,4900406
"2225","Hypericum linariifolium",4933119,"Hypericum linariifolium Vahl","ACCEPTED","SPECIES","EXACT",97,4933119,6,7707728,220,1414,4900406
"2226","Hypericum linariifolium",4933119,"Hypericum linariifolium Vahl","ACCEPTED","SPECIES","EXACT",97,4933119,6,7707728,220,1414,4900406
"2227","Hypericum maculatum",6437017,"Hypericum maculatum Crantz","ACCEPTED","SPECIES","EXACT",97,6437017,6,7707728,220,1414,4900406
"2228","Hypericum maculatum",6437017,"Hypericum maculatum Crantz","ACCEPTED","SPECIES","EXACT",97,6437017,6,7707728,220,1414,4900406
"2229","Hypericum maculatum",6437017,"Hypericum maculatum Crantz","ACCEPTED","SPECIES","EXACT",97,6437017,6,7707728,220,1414,4900406
"2230","Hypericum maculatum",6437017,"Hypericum maculatum Crantz","ACCEPTED","SPECIES","EXACT",97,6437017,6,7707728,220,1414,4900406
"2231","Hypericum montanum",3714477,"Hypericum montanum L.","ACCEPTED","SPECIES","EXACT",97,3714477,6,7707728,220,1414,4900406
"2232","Hypericum montanum",3714477,"Hypericum montanum L.","ACCEPTED","SPECIES","EXACT",97,3714477,6,7707728,220,1414,4900406
"2233","Hypericum montanum",3714477,"Hypericum montanum L.","ACCEPTED","SPECIES","EXACT",97,3714477,6,7707728,220,1414,4900406
"2234","Hypericum perforatum",3189486,"Hypericum perforatum L.","ACCEPTED","SPECIES","EXACT",99,3189486,6,7707728,220,1414,4900406
"2235","Hypericum perforatum",3189486,"Hypericum perforatum L.","ACCEPTED","SPECIES","EXACT",99,3189486,6,7707728,220,1414,4900406
"2236","Hypericum perforatum",3189486,"Hypericum perforatum L.","ACCEPTED","SPECIES","EXACT",99,3189486,6,7707728,220,1414,4900406
"2237","Hypericum perforatum",3189486,"Hypericum perforatum L.","ACCEPTED","SPECIES","EXACT",99,3189486,6,7707728,220,1414,4900406
"2238","Hypericum pulchrum",3712747,"Hypericum pulchrum L.","ACCEPTED","SPECIES","EXACT",97,3712747,6,7707728,220,1414,4900406
"2239","Hypericum pulchrum",3712747,"Hypericum pulchrum L.","ACCEPTED","SPECIES","EXACT",97,3712747,6,7707728,220,1414,4900406
"2240","Hypericum pulchrum",3712747,"Hypericum pulchrum L.","ACCEPTED","SPECIES","EXACT",97,3712747,6,7707728,220,1414,4900406
"2241","Hypericum pulchrum",3712747,"Hypericum pulchrum L.","ACCEPTED","SPECIES","EXACT",97,3712747,6,7707728,220,1414,4900406
"2242","Hypericum tetrapterum",6436469,"Hypericum tetrapterum Fr.","ACCEPTED","SPECIES","EXACT",99,6436469,6,7707728,220,1414,4900406
"2243","Hypericum tetrapterum",6436469,"Hypericum tetrapterum Fr.","ACCEPTED","SPECIES","EXACT",99,6436469,6,7707728,220,1414,4900406
"2244","Hypericum tetrapterum",6436469,"Hypericum tetrapterum Fr.","ACCEPTED","SPECIES","EXACT",99,6436469,6,7707728,220,1414,4900406
"2245","Hypericum tetrapterum",6436469,"Hypericum tetrapterum Fr.","ACCEPTED","SPECIES","EXACT",99,6436469,6,7707728,220,1414,4900406
"2246","Iris pseudacorus",5298231,"Iris pseudacorus L.","ACCEPTED","SPECIES","EXACT",99,5298231,6,7707728,196,1169,7698
"2247","Iris pseudacorus",5298231,"Iris pseudacorus L.","ACCEPTED","SPECIES","EXACT",99,5298231,6,7707728,196,1169,7698
"2248","Iris pseudacorus",5298231,"Iris pseudacorus L.","ACCEPTED","SPECIES","EXACT",99,5298231,6,7707728,196,1169,7698
"2249","Iris pseudacorus",5298231,"Iris pseudacorus L.","ACCEPTED","SPECIES","EXACT",99,5298231,6,7707728,196,1169,7698
"2250","Sisyrinchium bermudiana",5296097,"Sisyrinchium bermudiana L.","ACCEPTED","SPECIES","EXACT",99,5296097,6,7707728,196,1169,7698
"2251","Sisyrinchium bermudiana",5296097,"Sisyrinchium bermudiana L.","ACCEPTED","SPECIES","EXACT",99,5296097,6,7707728,196,1169,7698
"2252","Juncus acutiflorus",2701571,"Juncus acutiflorus Ehrh. ex Hoffm.","ACCEPTED","SPECIES","EXACT",97,2701571,6,7707728,196,1369,5353
"2253","Juncus acutiflorus",2701571,"Juncus acutiflorus Ehrh. ex Hoffm.","ACCEPTED","SPECIES","EXACT",97,2701571,6,7707728,196,1369,5353
"2254","Juncus acutiflorus",2701571,"Juncus acutiflorus Ehrh. ex Hoffm.","ACCEPTED","SPECIES","EXACT",97,2701571,6,7707728,196,1369,5353
"2255","Juncus acutiflorus",2701571,"Juncus acutiflorus Ehrh. ex Hoffm.","ACCEPTED","SPECIES","EXACT",97,2701571,6,7707728,196,1369,5353
"2256","Juncus alpinoarticulatus",2701930,"Juncus alpinoarticulatus Chaix","ACCEPTED","SPECIES","EXACT",98,2701930,6,7707728,196,1369,5353
"2257","Juncus alpinoarticulatus",2701930,"Juncus alpinoarticulatus Chaix","ACCEPTED","SPECIES","EXACT",98,2701930,6,7707728,196,1369,5353
"2258","Juncus anceps",10027741,"Juncus anceps La Harpe","ACCEPTED","SPECIES","EXACT",97,10027741,6,7707728,196,1369,5353
"2259","Juncus anceps",10027741,"Juncus anceps La Harpe","ACCEPTED","SPECIES","EXACT",97,10027741,6,7707728,196,1369,5353
"2260","Juncus articulatus",2701261,"Juncus articulatus L.","ACCEPTED","SPECIES","EXACT",97,2701261,6,7707728,196,1369,5353
"2261","Juncus articulatus",2701261,"Juncus articulatus L.","ACCEPTED","SPECIES","EXACT",97,2701261,6,7707728,196,1369,5353
"2262","Juncus articulatus",2701261,"Juncus articulatus L.","ACCEPTED","SPECIES","EXACT",97,2701261,6,7707728,196,1369,5353
"2263","Juncus articulatus",2701261,"Juncus articulatus L.","ACCEPTED","SPECIES","EXACT",97,2701261,6,7707728,196,1369,5353
"2264","Juncus balticus",2702048,"Juncus balticus Willd.","ACCEPTED","SPECIES","EXACT",99,2702048,6,7707728,196,1369,5353
"2265","Juncus balticus",2702048,"Juncus balticus Willd.","ACCEPTED","SPECIES","EXACT",99,2702048,6,7707728,196,1369,5353
"2266","Juncus bufonius",6413649,"Juncus bufonius L.","ACCEPTED","SPECIES","EXACT",99,6413649,6,7707728,196,1369,5353
"2267","Juncus bufonius",6413649,"Juncus bufonius L.","ACCEPTED","SPECIES","EXACT",99,6413649,6,7707728,196,1369,5353
"2268","Juncus bufonius",6413649,"Juncus bufonius L.","ACCEPTED","SPECIES","EXACT",99,6413649,6,7707728,196,1369,5353
"2269","Juncus bufonius",6413649,"Juncus bufonius L.","ACCEPTED","SPECIES","EXACT",99,6413649,6,7707728,196,1369,5353
"2270","Juncus bulbosus",2701339,"Juncus bulbosus L.","ACCEPTED","SPECIES","EXACT",98,2701339,6,7707728,196,1369,5353
"2271","Juncus bulbosus",2701339,"Juncus bulbosus L.","ACCEPTED","SPECIES","EXACT",98,2701339,6,7707728,196,1369,5353
"2272","Juncus bulbosus",2701339,"Juncus bulbosus L.","ACCEPTED","SPECIES","EXACT",98,2701339,6,7707728,196,1369,5353
"2273","Juncus capitatus",2701957,"Juncus capitatus Weigel","ACCEPTED","SPECIES","EXACT",97,2701957,6,7707728,196,1369,5353
"2274","Juncus capitatus",2701957,"Juncus capitatus Weigel","ACCEPTED","SPECIES","EXACT",97,2701957,6,7707728,196,1369,5353
"2275","Juncus compressus",2701599,"Juncus compressus Jacq.","ACCEPTED","SPECIES","EXACT",97,2701599,6,7707728,196,1369,5353
"2276","Juncus compressus",2701599,"Juncus compressus Jacq.","ACCEPTED","SPECIES","EXACT",97,2701599,6,7707728,196,1369,5353
"2277","Juncus compressus",2701599,"Juncus compressus Jacq.","ACCEPTED","SPECIES","EXACT",97,2701599,6,7707728,196,1369,5353
"2278","Juncus compressus",2701599,"Juncus compressus Jacq.","ACCEPTED","SPECIES","EXACT",97,2701599,6,7707728,196,1369,5353
"2279","Juncus conglomeratus",2701418,"Juncus conglomeratus L.","ACCEPTED","SPECIES","EXACT",99,2701418,6,7707728,196,1369,5353
"2280","Juncus conglomeratus",2701418,"Juncus conglomeratus L.","ACCEPTED","SPECIES","EXACT",99,2701418,6,7707728,196,1369,5353
"2281","Juncus conglomeratus",2701418,"Juncus conglomeratus L.","ACCEPTED","SPECIES","EXACT",99,2701418,6,7707728,196,1369,5353
"2282","Juncus conglomeratus",2701418,"Juncus conglomeratus L.","ACCEPTED","SPECIES","EXACT",99,2701418,6,7707728,196,1369,5353
"2283","Juncus effusus",2701311,"Juncus effusus L.","ACCEPTED","SPECIES","EXACT",98,2701311,6,7707728,196,1369,5353
"2284","Juncus effusus",2701311,"Juncus effusus L.","ACCEPTED","SPECIES","EXACT",98,2701311,6,7707728,196,1369,5353
"2285","Juncus effusus",2701311,"Juncus effusus L.","ACCEPTED","SPECIES","EXACT",98,2701311,6,7707728,196,1369,5353
"2286","Juncus effusus",2701311,"Juncus effusus L.","ACCEPTED","SPECIES","EXACT",98,2701311,6,7707728,196,1369,5353
"2287","Juncus filiformis",2701799,"Juncus filiformis L.","ACCEPTED","SPECIES","EXACT",98,2701799,6,7707728,196,1369,5353
"2288","Juncus filiformis",2701799,"Juncus filiformis L.","ACCEPTED","SPECIES","EXACT",98,2701799,6,7707728,196,1369,5353
"2289","Juncus filiformis",2701799,"Juncus filiformis L.","ACCEPTED","SPECIES","EXACT",98,2701799,6,7707728,196,1369,5353
"2290","Juncus gerardii",6413621,"Juncus gerardi Loisel.","ACCEPTED","SPECIES","FUZZY",96,6413621,6,7707728,196,1369,5353
"2291","Juncus gerardii",6413621,"Juncus gerardi Loisel.","ACCEPTED","SPECIES","FUZZY",96,6413621,6,7707728,196,1369,5353
"2292","Juncus inflexus",2701841,"Juncus inflexus L.","ACCEPTED","SPECIES","EXACT",98,2701841,6,7707728,196,1369,5353
"2293","Juncus inflexus",2701841,"Juncus inflexus L.","ACCEPTED","SPECIES","EXACT",98,2701841,6,7707728,196,1369,5353
"2294","Juncus inflexus",2701841,"Juncus inflexus L.","ACCEPTED","SPECIES","EXACT",98,2701841,6,7707728,196,1369,5353
"2295","Juncus inflexus",2701841,"Juncus inflexus L.","ACCEPTED","SPECIES","EXACT",98,2701841,6,7707728,196,1369,5353
"2296","Juncus maritimus",2701869,"Juncus maritimus Lam.","ACCEPTED","SPECIES","EXACT",97,2701869,6,7707728,196,1369,5353
"2297","Juncus maritimus",2701869,"Juncus maritimus Lam.","ACCEPTED","SPECIES","EXACT",97,2701869,6,7707728,196,1369,5353
"2298","Juncus ranarius",6413731,"Juncus ranarius Songeon & E.P.Perrier","ACCEPTED","SPECIES","EXACT",97,6413731,6,7707728,196,1369,5353
"2299","Juncus ranarius",6413731,"Juncus ranarius Songeon & E.P.Perrier","ACCEPTED","SPECIES","EXACT",97,6413731,6,7707728,196,1369,5353
"2300","Juncus ranarius",6413731,"Juncus ranarius Songeon & E.P.Perrier","ACCEPTED","SPECIES","EXACT",97,6413731,6,7707728,196,1369,5353
"2301","Juncus squarrosus",2701727,"Juncus squarrosus L.","ACCEPTED","SPECIES","EXACT",98,2701727,6,7707728,196,1369,5353
"2302","Juncus squarrosus",2701727,"Juncus squarrosus L.","ACCEPTED","SPECIES","EXACT",98,2701727,6,7707728,196,1369,5353
"2303","Juncus squarrosus",2701727,"Juncus squarrosus L.","ACCEPTED","SPECIES","EXACT",98,2701727,6,7707728,196,1369,5353
"2304","Juncus subnodulosus",2701900,"Juncus subnodulosus Schrank","ACCEPTED","SPECIES","EXACT",99,2701900,6,7707728,196,1369,5353
"2305","Juncus subnodulosus",2701900,"Juncus subnodulosus Schrank","ACCEPTED","SPECIES","EXACT",99,2701900,6,7707728,196,1369,5353
"2306","Juncus subnodulosus",2701900,"Juncus subnodulosus Schrank","ACCEPTED","SPECIES","EXACT",99,2701900,6,7707728,196,1369,5353
"2307","Juncus subnodulosus",2701900,"Juncus subnodulosus Schrank","ACCEPTED","SPECIES","EXACT",99,2701900,6,7707728,196,1369,5353
"2308","Juncus tenageia",2701736,"Juncus tenageia Ehrh. ex L.fil.","ACCEPTED","SPECIES","EXACT",97,2701736,6,7707728,196,1369,5353
"2309","Juncus tenageia",2701736,"Juncus tenageia Ehrh. ex L.fil.","ACCEPTED","SPECIES","EXACT",97,2701736,6,7707728,196,1369,5353
"2310","Juncus tenageia",2701736,"Juncus tenageia Ehrh. ex L.fil.","ACCEPTED","SPECIES","EXACT",97,2701736,6,7707728,196,1369,5353
"2311","Luzula campestris",2700828,"Luzula campestris (L.) DC.","ACCEPTED","SPECIES","EXACT",98,2700828,6,7707728,196,1369,5353
"2312","Luzula campestris",2700828,"Luzula campestris (L.) DC.","ACCEPTED","SPECIES","EXACT",98,2700828,6,7707728,196,1369,5353
"2313","Luzula campestris",2700828,"Luzula campestris (L.) DC.","ACCEPTED","SPECIES","EXACT",98,2700828,6,7707728,196,1369,5353
"2314","Luzula campestris",2700828,"Luzula campestris (L.) DC.","ACCEPTED","SPECIES","EXACT",98,2700828,6,7707728,196,1369,5353
"2315","Luzula congesta",2700896,"Luzula congesta (Thuill.) Lej.","ACCEPTED","SPECIES","EXACT",98,2700896,6,7707728,196,1369,5353
"2316","Luzula congesta",2700896,"Luzula congesta (Thuill.) Lej.","ACCEPTED","SPECIES","EXACT",98,2700896,6,7707728,196,1369,5353
"2317","Luzula congesta",2700896,"Luzula congesta (Thuill.) Lej.","ACCEPTED","SPECIES","EXACT",98,2700896,6,7707728,196,1369,5353
"2318","Luzula forsteri",2700706,"Luzula forsteri (Sm.) DC.","ACCEPTED","SPECIES","EXACT",98,2700706,6,7707728,196,1369,5353
"2319","Luzula forsteri",2700706,"Luzula forsteri (Sm.) DC.","ACCEPTED","SPECIES","EXACT",98,2700706,6,7707728,196,1369,5353
"2320","Luzula forsteri",2700706,"Luzula forsteri (Sm.) DC.","ACCEPTED","SPECIES","EXACT",98,2700706,6,7707728,196,1369,5353
"2321","Luzula luzuloides",2700874,"Luzula luzuloides (Lam.) Dandy & Wilmott","ACCEPTED","SPECIES","EXACT",99,2700874,6,7707728,196,1369,5353
"2322","Luzula luzuloides",2700874,"Luzula luzuloides (Lam.) Dandy & Wilmott","ACCEPTED","SPECIES","EXACT",99,2700874,6,7707728,196,1369,5353
"2323","Luzula luzuloides",2700874,"Luzula luzuloides (Lam.) Dandy & Wilmott","ACCEPTED","SPECIES","EXACT",99,2700874,6,7707728,196,1369,5353
"2324","Luzula luzuloides",2700874,"Luzula luzuloides (Lam.) Dandy & Wilmott","ACCEPTED","SPECIES","EXACT",99,2700874,6,7707728,196,1369,5353
"2325","Luzula multiflora",2700934,"Luzula multiflora (Ehrh.) Lej.","ACCEPTED","SPECIES","EXACT",99,2700934,6,7707728,196,1369,5353
"2326","Luzula multiflora",2700934,"Luzula multiflora (Ehrh.) Lej.","ACCEPTED","SPECIES","EXACT",99,2700934,6,7707728,196,1369,5353
"2327","Luzula multiflora",2700934,"Luzula multiflora (Ehrh.) Lej.","ACCEPTED","SPECIES","EXACT",99,2700934,6,7707728,196,1369,5353
"2328","Luzula multiflora",2700934,"Luzula multiflora (Ehrh.) Lej.","ACCEPTED","SPECIES","EXACT",99,2700934,6,7707728,196,1369,5353
"2329","Luzula pilosa",2700736,"Luzula pilosa (L.) Willd.","ACCEPTED","SPECIES","EXACT",98,2700736,6,7707728,196,1369,5353
"2330","Luzula pilosa",2700736,"Luzula pilosa (L.) Willd.","ACCEPTED","SPECIES","EXACT",98,2700736,6,7707728,196,1369,5353
"2331","Luzula pilosa",2700736,"Luzula pilosa (L.) Willd.","ACCEPTED","SPECIES","EXACT",98,2700736,6,7707728,196,1369,5353
"2332","Luzula pilosa",2700736,"Luzula pilosa (L.) Willd.","ACCEPTED","SPECIES","EXACT",98,2700736,6,7707728,196,1369,5353
"2333","Luzula sylvatica",2700859,"Luzula sylvatica (Huds.) Gaudin","ACCEPTED","SPECIES","EXACT",98,2700859,6,7707728,196,1369,5353
"2334","Luzula sylvatica",2700859,"Luzula sylvatica (Huds.) Gaudin","ACCEPTED","SPECIES","EXACT",98,2700859,6,7707728,196,1369,5353
"2335","Luzula sylvatica",2700859,"Luzula sylvatica (Huds.) Gaudin","ACCEPTED","SPECIES","EXACT",98,2700859,6,7707728,196,1369,5353
"2336","Luzula sylvatica",2700859,"Luzula sylvatica (Huds.) Gaudin","ACCEPTED","SPECIES","EXACT",98,2700859,6,7707728,196,1369,5353
"2337","Triglochin maritima",2865368,"Triglochin maritima L.","ACCEPTED","SPECIES","EXACT",98,2865368,6,7707728,196,551,7679
"2338","Triglochin maritima",2865368,"Triglochin maritima L.","ACCEPTED","SPECIES","EXACT",98,2865368,6,7707728,196,551,7679
"2339","Triglochin maritima",2865368,"Triglochin maritima L.","ACCEPTED","SPECIES","EXACT",98,2865368,6,7707728,196,551,7679
"2340","Triglochin palustris",2865280,"Triglochin palustris L.","ACCEPTED","SPECIES","EXACT",98,2865280,6,7707728,196,551,7679
"2341","Triglochin palustris",2865280,"Triglochin palustris L.","ACCEPTED","SPECIES","EXACT",98,2865280,6,7707728,196,551,7679
"2342","Triglochin palustris",2865280,"Triglochin palustris L.","ACCEPTED","SPECIES","EXACT",98,2865280,6,7707728,196,551,7679
"2343","Ajuga chamaepitys",2927080,"Ajuga chamaepitys (L.) Schreb.","ACCEPTED","SPECIES","EXACT",97,2927080,6,7707728,220,408,2497
"2344","Ajuga chamaepitys",2927080,"Ajuga chamaepitys (L.) Schreb.","ACCEPTED","SPECIES","EXACT",97,2927080,6,7707728,220,408,2497
"2345","Ajuga pyramidalis",8429926,"Ajuga pyramidalis L.","ACCEPTED","SPECIES","EXACT",97,8429926,6,7707728,220,408,2497
"2346","Ajuga pyramidalis",8429926,"Ajuga pyramidalis L.","ACCEPTED","SPECIES","EXACT",97,8429926,6,7707728,220,408,2497
"2347","Ajuga reptans",2927078,"Ajuga reptans L.","ACCEPTED","SPECIES","EXACT",99,2927078,6,7707728,220,408,2497
"2348","Ajuga reptans",2927078,"Ajuga reptans L.","ACCEPTED","SPECIES","EXACT",99,2927078,6,7707728,220,408,2497
"2349","Ajuga reptans",2927078,"Ajuga reptans L.","ACCEPTED","SPECIES","EXACT",99,2927078,6,7707728,220,408,2497
"2350","Ajuga reptans",2927078,"Ajuga reptans L.","ACCEPTED","SPECIES","EXACT",99,2927078,6,7707728,220,408,2497
"2351","Ballota nigra",2926894,"Ballota nigra L.","ACCEPTED","SPECIES","EXACT",99,2926894,6,7707728,220,408,2497
"2352","Ballota nigra",2926894,"Ballota nigra L.","ACCEPTED","SPECIES","EXACT",99,2926894,6,7707728,220,408,2497
"2353","Ballota nigra",2926894,"Ballota nigra L.","ACCEPTED","SPECIES","EXACT",99,2926894,6,7707728,220,408,2497
"2354","Ballota nigra",2926894,"Ballota nigra L.","ACCEPTED","SPECIES","EXACT",99,2926894,6,7707728,220,408,2497
"2355","Betonica officinalis",2927280,"Betonica officinalis L.","ACCEPTED","SPECIES","EXACT",99,2927280,6,7707728,220,408,2497
"2356","Betonica officinalis",2927280,"Betonica officinalis L.","ACCEPTED","SPECIES","EXACT",99,2927280,6,7707728,220,408,2497
"2357","Betonica officinalis",2927280,"Betonica officinalis L.","ACCEPTED","SPECIES","EXACT",99,2927280,6,7707728,220,408,2497
"2358","Betonica officinalis",2927280,"Betonica officinalis L.","ACCEPTED","SPECIES","EXACT",99,2927280,6,7707728,220,408,2497
"2359","Clinopodium acinos",2927118,"Clinopodium acinos (L.) Kuntze","ACCEPTED","SPECIES","EXACT",99,2927118,6,7707728,220,408,2497
"2360","Clinopodium acinos",2927118,"Clinopodium acinos (L.) Kuntze","ACCEPTED","SPECIES","EXACT",99,2927118,6,7707728,220,408,2497
"2361","Clinopodium acinos",2927118,"Clinopodium acinos (L.) Kuntze","ACCEPTED","SPECIES","EXACT",99,2927118,6,7707728,220,408,2497
"2362","Clinopodium ascendens",3888200,"Clinopodium ascendens (Jord.) Samp.","SYNONYM","SPECIES","EXACT",98,3886463,6,7707728,220,408,2497
"2363","Clinopodium ascendens",3888200,"Clinopodium ascendens (Jord.) Samp.","SYNONYM","SPECIES","EXACT",98,3886463,6,7707728,220,408,2497
"2364","Clinopodium ascendens",3888200,"Clinopodium ascendens (Jord.) Samp.","SYNONYM","SPECIES","EXACT",98,3886463,6,7707728,220,408,2497
"2365","Clinopodium calamintha",7969317,"Clinopodium calamintha Baill., 1891","ACCEPTED","SPECIES","EXACT",97,7969317,6,7707728,220,408,2497
"2366","Clinopodium calamintha",7969317,"Clinopodium calamintha Baill., 1891","ACCEPTED","SPECIES","EXACT",97,7969317,6,7707728,220,408,2497
"2367","Clinopodium calamintha",7969317,"Clinopodium calamintha Baill., 1891","ACCEPTED","SPECIES","EXACT",97,7969317,6,7707728,220,408,2497
"2368","Clinopodium calamintha",7969317,"Clinopodium calamintha Baill., 1891","ACCEPTED","SPECIES","EXACT",97,7969317,6,7707728,220,408,2497
"2369","Clinopodium vulgare",2926945,"Clinopodium vulgare L.","ACCEPTED","SPECIES","EXACT",99,2926945,6,7707728,220,408,2497
"2370","Clinopodium vulgare",2926945,"Clinopodium vulgare L.","ACCEPTED","SPECIES","EXACT",99,2926945,6,7707728,220,408,2497
"2371","Clinopodium vulgare",2926945,"Clinopodium vulgare L.","ACCEPTED","SPECIES","EXACT",99,2926945,6,7707728,220,408,2497
"2372","Clinopodium vulgare",2926945,"Clinopodium vulgare L.","ACCEPTED","SPECIES","EXACT",99,2926945,6,7707728,220,408,2497
"2373","Galeopsis angustifolia",5341306,"Galeopsis angustifolia Ehrh. ex Hoffm.","ACCEPTED","SPECIES","EXACT",97,5341306,6,7707728,220,408,2497
"2374","Galeopsis angustifolia",5341306,"Galeopsis angustifolia Ehrh. ex Hoffm.","ACCEPTED","SPECIES","EXACT",97,5341306,6,7707728,220,408,2497
"2375","Galeopsis angustifolia",5341306,"Galeopsis angustifolia Ehrh. ex Hoffm.","ACCEPTED","SPECIES","EXACT",97,5341306,6,7707728,220,408,2497
"2376","Galeopsis bifida",5341303,"Galeopsis bifida Boenn.","ACCEPTED","SPECIES","EXACT",99,5341303,6,7707728,220,408,2497
"2377","Galeopsis bifida",5341303,"Galeopsis bifida Boenn.","ACCEPTED","SPECIES","EXACT",99,5341303,6,7707728,220,408,2497
"2378","Galeopsis bifida",5341303,"Galeopsis bifida Boenn.","ACCEPTED","SPECIES","EXACT",99,5341303,6,7707728,220,408,2497
"2379","Galeopsis ladanum",5341309,"Galeopsis ladanum L.","ACCEPTED","SPECIES","EXACT",99,5341309,6,7707728,220,408,2497
"2380","Galeopsis ladanum",5341309,"Galeopsis ladanum L.","ACCEPTED","SPECIES","EXACT",99,5341309,6,7707728,220,408,2497
"2381","Galeopsis segetum",5341308,"Galeopsis segetum Neck.","ACCEPTED","SPECIES","EXACT",97,5341308,6,7707728,220,408,2497
"2382","Galeopsis segetum",5341308,"Galeopsis segetum Neck.","ACCEPTED","SPECIES","EXACT",97,5341308,6,7707728,220,408,2497
"2383","Galeopsis segetum",5341308,"Galeopsis segetum Neck.","ACCEPTED","SPECIES","EXACT",97,5341308,6,7707728,220,408,2497
"2384","Galeopsis speciosa",5341305,"Galeopsis speciosa Mill.","ACCEPTED","SPECIES","EXACT",99,5341305,6,7707728,220,408,2497
"2385","Galeopsis speciosa",5341305,"Galeopsis speciosa Mill.","ACCEPTED","SPECIES","EXACT",99,5341305,6,7707728,220,408,2497
"2386","Galeopsis tetrahit",5341300,"Galeopsis tetrahit L.","ACCEPTED","SPECIES","EXACT",99,5341300,6,7707728,220,408,2497
"2387","Galeopsis tetrahit",5341300,"Galeopsis tetrahit L.","ACCEPTED","SPECIES","EXACT",99,5341300,6,7707728,220,408,2497
"2388","Galeopsis tetrahit",5341300,"Galeopsis tetrahit L.","ACCEPTED","SPECIES","EXACT",99,5341300,6,7707728,220,408,2497
"2389","Galeopsis tetrahit",5341300,"Galeopsis tetrahit L.","ACCEPTED","SPECIES","EXACT",99,5341300,6,7707728,220,408,2497
"2390","Glechoma hederacea",2926557,"Glechoma hederacea L.","ACCEPTED","SPECIES","EXACT",99,2926557,6,7707728,220,408,2497
"2391","Glechoma hederacea",2926557,"Glechoma hederacea L.","ACCEPTED","SPECIES","EXACT",99,2926557,6,7707728,220,408,2497
"2392","Glechoma hederacea",2926557,"Glechoma hederacea L.","ACCEPTED","SPECIES","EXACT",99,2926557,6,7707728,220,408,2497
"2393","Glechoma hederacea",2926557,"Glechoma hederacea L.","ACCEPTED","SPECIES","EXACT",99,2926557,6,7707728,220,408,2497
"2394","Lamiastrum galeobdolon",2927323,"Lamiastrum galeobdolon (L.) Ehrend. & Polatschek","SYNONYM","SPECIES","EXACT",98,2927324,6,7707728,220,408,2497
"2395","Lamiastrum galeobdolon",2927323,"Lamiastrum galeobdolon (L.) Ehrend. & Polatschek","SYNONYM","SPECIES","EXACT",98,2927324,6,7707728,220,408,2497
"2396","Lamiastrum galeobdolon",2927323,"Lamiastrum galeobdolon (L.) Ehrend. & Polatschek","SYNONYM","SPECIES","EXACT",98,2927324,6,7707728,220,408,2497
"2397","Lamiastrum galeobdolon",2927323,"Lamiastrum galeobdolon (L.) Ehrend. & Polatschek","SYNONYM","SPECIES","EXACT",98,2927324,6,7707728,220,408,2497
"2398","Lamium album",2926683,"Lamium album L.","ACCEPTED","SPECIES","EXACT",97,2926683,6,7707728,220,408,2497
"2399","Lamium album",2926683,"Lamium album L.","ACCEPTED","SPECIES","EXACT",97,2926683,6,7707728,220,408,2497
"2400","Lamium album",2926683,"Lamium album L.","ACCEPTED","SPECIES","EXACT",97,2926683,6,7707728,220,408,2497
"2401","Lamium album",2926683,"Lamium album L.","ACCEPTED","SPECIES","EXACT",97,2926683,6,7707728,220,408,2497
"2402","Lamium amplexicaule",2926679,"Lamium amplexicaule L.","ACCEPTED","SPECIES","EXACT",99,2926679,6,7707728,220,408,2497
"2403","Lamium amplexicaule",2926679,"Lamium amplexicaule L.","ACCEPTED","SPECIES","EXACT",99,2926679,6,7707728,220,408,2497
"2404","Lamium amplexicaule",2926679,"Lamium amplexicaule L.","ACCEPTED","SPECIES","EXACT",99,2926679,6,7707728,220,408,2497
"2405","Lamium amplexicaule",2926679,"Lamium amplexicaule L.","ACCEPTED","SPECIES","EXACT",99,2926679,6,7707728,220,408,2497
"2406","Lamium hybridum",8941778,"Lamium hybridum Vill.","ACCEPTED","SPECIES","EXACT",99,8941778,6,7707728,220,408,2497
"2407","Lamium hybridum",8941778,"Lamium hybridum Vill.","ACCEPTED","SPECIES","EXACT",99,8941778,6,7707728,220,408,2497
"2408","Lamium hybridum",8941778,"Lamium hybridum Vill.","ACCEPTED","SPECIES","EXACT",99,8941778,6,7707728,220,408,2497
"2409","Lamium maculatum",2926684,"Lamium maculatum (L.) L.","ACCEPTED","SPECIES","EXACT",99,2926684,6,7707728,220,408,2497
"2410","Lamium maculatum",2926684,"Lamium maculatum (L.) L.","ACCEPTED","SPECIES","EXACT",99,2926684,6,7707728,220,408,2497
"2411","Lamium maculatum",2926684,"Lamium maculatum (L.) L.","ACCEPTED","SPECIES","EXACT",99,2926684,6,7707728,220,408,2497
"2412","Lamium maculatum",2926684,"Lamium maculatum (L.) L.","ACCEPTED","SPECIES","EXACT",99,2926684,6,7707728,220,408,2497
"2413","Lamium purpureum",2926682,"Lamium purpureum L.","ACCEPTED","SPECIES","EXACT",99,2926682,6,7707728,220,408,2497
"2414","Lamium purpureum",2926682,"Lamium purpureum L.","ACCEPTED","SPECIES","EXACT",99,2926682,6,7707728,220,408,2497
"2415","Lamium purpureum",2926682,"Lamium purpureum L.","ACCEPTED","SPECIES","EXACT",99,2926682,6,7707728,220,408,2497
"2416","Lamium purpureum",2926682,"Lamium purpureum L.","ACCEPTED","SPECIES","EXACT",99,2926682,6,7707728,220,408,2497
"2417","Leonurus cardiaca",5341389,"Leonurus cardiaca L.","ACCEPTED","SPECIES","EXACT",99,5341389,6,7707728,220,408,2497
"2418","Leonurus cardiaca",5341389,"Leonurus cardiaca L.","ACCEPTED","SPECIES","EXACT",99,5341389,6,7707728,220,408,2497
"2419","Leonurus cardiaca",5341389,"Leonurus cardiaca L.","ACCEPTED","SPECIES","EXACT",99,5341389,6,7707728,220,408,2497
"2420","Leonurus cardiaca",5341389,"Leonurus cardiaca L.","ACCEPTED","SPECIES","EXACT",99,5341389,6,7707728,220,408,2497
"2421","Lycopus europaeus",5341478,"Lycopus europaeus L.","ACCEPTED","SPECIES","EXACT",97,5341478,6,7707728,220,408,2497
"2422","Lycopus europaeus",5341478,"Lycopus europaeus L.","ACCEPTED","SPECIES","EXACT",97,5341478,6,7707728,220,408,2497
"2423","Lycopus europaeus",5341478,"Lycopus europaeus L.","ACCEPTED","SPECIES","EXACT",97,5341478,6,7707728,220,408,2497
"2424","Lycopus europaeus",5341478,"Lycopus europaeus L.","ACCEPTED","SPECIES","EXACT",97,5341478,6,7707728,220,408,2497
"2425","Marrubium vulgare",2927069,"Marrubium vulgare L.","ACCEPTED","SPECIES","EXACT",99,2927069,6,7707728,220,408,2497
"2426","Marrubium vulgare",2927069,"Marrubium vulgare L.","ACCEPTED","SPECIES","EXACT",99,2927069,6,7707728,220,408,2497
"2427","Marrubium vulgare",2927069,"Marrubium vulgare L.","ACCEPTED","SPECIES","EXACT",99,2927069,6,7707728,220,408,2497
"2428","Marrubium vulgare",2927069,"Marrubium vulgare L.","ACCEPTED","SPECIES","EXACT",99,2927069,6,7707728,220,408,2497
"2429","Mentha alopecuroides",2927205,"Mentha × alopecuroides Hull","SYNONYM","SPECIES","EXACT",98,8004895,6,7707728,220,408,2497
"2430","Mentha alopecuroides",2927205,"Mentha × alopecuroides Hull","SYNONYM","SPECIES","EXACT",98,8004895,6,7707728,220,408,2497
"2431","Mentha alopecuroides",2927205,"Mentha × alopecuroides Hull","SYNONYM","SPECIES","EXACT",98,8004895,6,7707728,220,408,2497
"2432","Mentha aquatica",2927208,"Mentha aquatica L.","ACCEPTED","SPECIES","EXACT",98,2927208,6,7707728,220,408,2497
"2433","Mentha aquatica",2927208,"Mentha aquatica L.","ACCEPTED","SPECIES","EXACT",98,2927208,6,7707728,220,408,2497
"2434","Mentha aquatica",2927208,"Mentha aquatica L.","ACCEPTED","SPECIES","EXACT",98,2927208,6,7707728,220,408,2497
"2435","Mentha aquatica",2927208,"Mentha aquatica L.","ACCEPTED","SPECIES","EXACT",98,2927208,6,7707728,220,408,2497
"2436","Mentha arvensis",2927192,"Mentha arvensis L.","ACCEPTED","SPECIES","EXACT",99,2927192,6,7707728,220,408,2497
"2437","Mentha arvensis",2927192,"Mentha arvensis L.","ACCEPTED","SPECIES","EXACT",99,2927192,6,7707728,220,408,2497
"2438","Mentha arvensis",2927192,"Mentha arvensis L.","ACCEPTED","SPECIES","EXACT",99,2927192,6,7707728,220,408,2497
"2439","Mentha arvensis",2927192,"Mentha arvensis L.","ACCEPTED","SPECIES","EXACT",99,2927192,6,7707728,220,408,2497
"2440","Mentha longifolia",7510173,"Mentha longifolia (L.) L.","ACCEPTED","SPECIES","EXACT",97,7510173,6,7707728,220,408,2497
"2441","Mentha longifolia",7510173,"Mentha longifolia (L.) L.","ACCEPTED","SPECIES","EXACT",97,7510173,6,7707728,220,408,2497
"2442","Mentha longifolia",7510173,"Mentha longifolia (L.) L.","ACCEPTED","SPECIES","EXACT",97,7510173,6,7707728,220,408,2497
"2443","Mentha pulegium",2927189,"Mentha pulegium L.","ACCEPTED","SPECIES","EXACT",98,2927189,6,7707728,220,408,2497
"2444","Mentha pulegium",2927189,"Mentha pulegium L.","ACCEPTED","SPECIES","EXACT",98,2927189,6,7707728,220,408,2497
"2445","Mentha pulegium",2927189,"Mentha pulegium L.","ACCEPTED","SPECIES","EXACT",98,2927189,6,7707728,220,408,2497
"2446","Mentha pulegium",2927189,"Mentha pulegium L.","ACCEPTED","SPECIES","EXACT",98,2927189,6,7707728,220,408,2497
"2447","Mentha spicata",2927175,"Mentha spicata L.","ACCEPTED","SPECIES","EXACT",97,2927175,6,7707728,220,408,2497
"2448","Mentha spicata",2927175,"Mentha spicata L.","ACCEPTED","SPECIES","EXACT",97,2927175,6,7707728,220,408,2497
"2449","Mentha spicata",2927175,"Mentha spicata L.","ACCEPTED","SPECIES","EXACT",97,2927175,6,7707728,220,408,2497
"2450","Mentha spicata",2927175,"Mentha spicata L.","ACCEPTED","SPECIES","EXACT",97,2927175,6,7707728,220,408,2497
"2451","Mentha suaveolens",2927190,"Mentha suaveolens Ehrh.","ACCEPTED","SPECIES","EXACT",97,2927190,6,7707728,220,408,2497
"2452","Mentha suaveolens",2927190,"Mentha suaveolens Ehrh.","ACCEPTED","SPECIES","EXACT",97,2927190,6,7707728,220,408,2497
"2453","Mentha suaveolens",2927190,"Mentha suaveolens Ehrh.","ACCEPTED","SPECIES","EXACT",97,2927190,6,7707728,220,408,2497
"2454","Mentha suaveolens",2927190,"Mentha suaveolens Ehrh.","ACCEPTED","SPECIES","EXACT",97,2927190,6,7707728,220,408,2497
"2455","Nepeta cataria",5341499,"Nepeta cataria L.","ACCEPTED","SPECIES","EXACT",99,5341499,6,7707728,220,408,2497
"2456","Nepeta cataria",5341499,"Nepeta cataria L.","ACCEPTED","SPECIES","EXACT",99,5341499,6,7707728,220,408,2497
"2457","Nepeta cataria",5341499,"Nepeta cataria L.","ACCEPTED","SPECIES","EXACT",99,5341499,6,7707728,220,408,2497
"2458","Nepeta cataria",5341499,"Nepeta cataria L.","ACCEPTED","SPECIES","EXACT",99,5341499,6,7707728,220,408,2497
"2459","Origanum vulgare",2926612,"Origanum vulgare L.","ACCEPTED","SPECIES","EXACT",98,2926612,6,7707728,220,408,2497
"2460","Origanum vulgare",2926612,"Origanum vulgare L.","ACCEPTED","SPECIES","EXACT",98,2926612,6,7707728,220,408,2497
"2461","Origanum vulgare",2926612,"Origanum vulgare L.","ACCEPTED","SPECIES","EXACT",98,2926612,6,7707728,220,408,2497
"2462","Origanum vulgare",2926612,"Origanum vulgare L.","ACCEPTED","SPECIES","EXACT",98,2926612,6,7707728,220,408,2497
"2463","Prunella laciniata",5341296,"Prunella laciniata (L.) L.","ACCEPTED","SPECIES","EXACT",97,5341296,6,7707728,220,408,2497
"2464","Prunella laciniata",5341296,"Prunella laciniata (L.) L.","ACCEPTED","SPECIES","EXACT",97,5341296,6,7707728,220,408,2497
"2465","Prunella laciniata",5341296,"Prunella laciniata (L.) L.","ACCEPTED","SPECIES","EXACT",97,5341296,6,7707728,220,408,2497
"2466","Prunella vulgaris",5341297,"Prunella vulgaris L.","ACCEPTED","SPECIES","EXACT",98,5341297,6,7707728,220,408,2497
"2467","Prunella vulgaris",5341297,"Prunella vulgaris L.","ACCEPTED","SPECIES","EXACT",98,5341297,6,7707728,220,408,2497
"2468","Prunella vulgaris",5341297,"Prunella vulgaris L.","ACCEPTED","SPECIES","EXACT",98,5341297,6,7707728,220,408,2497
"2469","Prunella vulgaris",5341297,"Prunella vulgaris L.","ACCEPTED","SPECIES","EXACT",98,5341297,6,7707728,220,408,2497
"2470","Salvia pratensis",2927007,"Salvia pratensis L.","ACCEPTED","SPECIES","EXACT",98,2927007,6,7707728,220,408,2497
"2471","Salvia pratensis",2927007,"Salvia pratensis L.","ACCEPTED","SPECIES","EXACT",98,2927007,6,7707728,220,408,2497
"2472","Salvia pratensis",2927007,"Salvia pratensis L.","ACCEPTED","SPECIES","EXACT",98,2927007,6,7707728,220,408,2497
"2473","Salvia pratensis",2927007,"Salvia pratensis L.","ACCEPTED","SPECIES","EXACT",98,2927007,6,7707728,220,408,2497
"2474","Scutellaria galericulata",2926759,"Scutellaria galericulata L.","ACCEPTED","SPECIES","EXACT",99,2926759,6,7707728,220,408,2497
"2475","Scutellaria galericulata",2926759,"Scutellaria galericulata L.","ACCEPTED","SPECIES","EXACT",99,2926759,6,7707728,220,408,2497
"2476","Scutellaria galericulata",2926759,"Scutellaria galericulata L.","ACCEPTED","SPECIES","EXACT",99,2926759,6,7707728,220,408,2497
"2477","Scutellaria galericulata",2926759,"Scutellaria galericulata L.","ACCEPTED","SPECIES","EXACT",99,2926759,6,7707728,220,408,2497
"2478","Scutellaria minor",5341345,"Scutellaria minor Huds.","ACCEPTED","SPECIES","EXACT",99,5341345,6,7707728,220,408,2497
"2479","Scutellaria minor",5341345,"Scutellaria minor Huds.","ACCEPTED","SPECIES","EXACT",99,5341345,6,7707728,220,408,2497
"2480","Scutellaria minor",5341345,"Scutellaria minor Huds.","ACCEPTED","SPECIES","EXACT",99,5341345,6,7707728,220,408,2497
"2481","Stachys alpina",7306931,"Stachys alpina L.","ACCEPTED","SPECIES","EXACT",99,7306931,6,7707728,220,408,2497
"2482","Stachys alpina",7306931,"Stachys alpina L.","ACCEPTED","SPECIES","EXACT",99,7306931,6,7707728,220,408,2497
"2483","Stachys annua",2927235,"Stachys annua (L.) L.","ACCEPTED","SPECIES","EXACT",98,2927235,6,7707728,220,408,2497
"2484","Stachys annua",2927235,"Stachys annua (L.) L.","ACCEPTED","SPECIES","EXACT",98,2927235,6,7707728,220,408,2497
"2485","Stachys annua",2927235,"Stachys annua (L.) L.","ACCEPTED","SPECIES","EXACT",98,2927235,6,7707728,220,408,2497
"2486","Stachys arvensis",2927229,"Stachys arvensis (L.) L.","ACCEPTED","SPECIES","EXACT",98,2927229,6,7707728,220,408,2497
"2487","Stachys arvensis",2927229,"Stachys arvensis (L.) L.","ACCEPTED","SPECIES","EXACT",98,2927229,6,7707728,220,408,2497
"2488","Stachys arvensis",2927229,"Stachys arvensis (L.) L.","ACCEPTED","SPECIES","EXACT",98,2927229,6,7707728,220,408,2497
"2489","Stachys arvensis",2927229,"Stachys arvensis (L.) L.","ACCEPTED","SPECIES","EXACT",98,2927229,6,7707728,220,408,2497
"2490","Stachys germanica",2927297,"Stachys germanica L.","ACCEPTED","SPECIES","EXACT",99,2927297,6,7707728,220,408,2497
"2491","Stachys germanica",2927297,"Stachys germanica L.","ACCEPTED","SPECIES","EXACT",99,2927297,6,7707728,220,408,2497
"2492","Stachys germanica",2927297,"Stachys germanica L.","ACCEPTED","SPECIES","EXACT",99,2927297,6,7707728,220,408,2497
"2493","Stachys palustris",2927245,"Stachys palustris L.","ACCEPTED","SPECIES","EXACT",98,2927245,6,7707728,220,408,2497
"2494","Stachys palustris",2927245,"Stachys palustris L.","ACCEPTED","SPECIES","EXACT",98,2927245,6,7707728,220,408,2497
"2495","Stachys palustris",2927245,"Stachys palustris L.","ACCEPTED","SPECIES","EXACT",98,2927245,6,7707728,220,408,2497
"2496","Stachys palustris",2927245,"Stachys palustris L.","ACCEPTED","SPECIES","EXACT",98,2927245,6,7707728,220,408,2497
"2497","Stachys recta",2927298,"Stachys recta L.","ACCEPTED","SPECIES","EXACT",97,2927298,6,7707728,220,408,2497
"2498","Stachys recta",2927298,"Stachys recta L.","ACCEPTED","SPECIES","EXACT",97,2927298,6,7707728,220,408,2497
"2499","Stachys recta",2927298,"Stachys recta L.","ACCEPTED","SPECIES","EXACT",97,2927298,6,7707728,220,408,2497
"2500","Stachys sylvatica",2927282,"Stachys sylvatica L.","ACCEPTED","SPECIES","EXACT",98,2927282,6,7707728,220,408,2497
"2501","Stachys sylvatica",2927282,"Stachys sylvatica L.","ACCEPTED","SPECIES","EXACT",98,2927282,6,7707728,220,408,2497
"2502","Stachys sylvatica",2927282,"Stachys sylvatica L.","ACCEPTED","SPECIES","EXACT",98,2927282,6,7707728,220,408,2497
"2503","Stachys sylvatica",2927282,"Stachys sylvatica L.","ACCEPTED","SPECIES","EXACT",98,2927282,6,7707728,220,408,2497
"2504","Teucrium botrys",2926903,"Teucrium botrys L.","ACCEPTED","SPECIES","EXACT",99,2926903,6,7707728,220,408,2497
"2505","Teucrium botrys",2926903,"Teucrium botrys L.","ACCEPTED","SPECIES","EXACT",99,2926903,6,7707728,220,408,2497
"2506","Teucrium botrys",2926903,"Teucrium botrys L.","ACCEPTED","SPECIES","EXACT",99,2926903,6,7707728,220,408,2497
"2507","Teucrium chamaedrys",6411747,"Teucrium chamaedrys L.","ACCEPTED","SPECIES","EXACT",99,6411747,6,7707728,220,408,2497
"2508","Teucrium chamaedrys",6411747,"Teucrium chamaedrys L.","ACCEPTED","SPECIES","EXACT",99,6411747,6,7707728,220,408,2497
"2509","Teucrium chamaedrys",6411747,"Teucrium chamaedrys L.","ACCEPTED","SPECIES","EXACT",99,6411747,6,7707728,220,408,2497
"2510","Teucrium montanum",7308294,"Teucrium montanum L.","ACCEPTED","SPECIES","EXACT",99,7308294,6,7707728,220,408,2497
"2511","Teucrium montanum",7308294,"Teucrium montanum L.","ACCEPTED","SPECIES","EXACT",99,7308294,6,7707728,220,408,2497
"2512","Teucrium scordium",7945074,"Teucrium scordium L.","ACCEPTED","SPECIES","EXACT",98,7945074,6,7707728,220,408,2497
"2513","Teucrium scordium",7945074,"Teucrium scordium L.","ACCEPTED","SPECIES","EXACT",98,7945074,6,7707728,220,408,2497
"2514","Teucrium scorodonia",2926901,"Teucrium scorodonia L.","ACCEPTED","SPECIES","EXACT",98,2926901,6,7707728,220,408,2497
"2515","Teucrium scorodonia",2926901,"Teucrium scorodonia L.","ACCEPTED","SPECIES","EXACT",98,2926901,6,7707728,220,408,2497
"2516","Teucrium scorodonia",2926901,"Teucrium scorodonia L.","ACCEPTED","SPECIES","EXACT",98,2926901,6,7707728,220,408,2497
"2517","Teucrium scorodonia",2926901,"Teucrium scorodonia L.","ACCEPTED","SPECIES","EXACT",98,2926901,6,7707728,220,408,2497
"2518","Thymus praecox",5341449,"Thymus praecox Opiz","ACCEPTED","SPECIES","EXACT",99,5341449,6,7707728,220,408,2497
"2519","Thymus praecox",5341449,"Thymus praecox Opiz","ACCEPTED","SPECIES","EXACT",99,5341449,6,7707728,220,408,2497
"2520","Thymus praecox",5341449,"Thymus praecox Opiz","ACCEPTED","SPECIES","EXACT",99,5341449,6,7707728,220,408,2497
"2521","Thymus pulegioides",5341443,"Thymus pulegioides L.","ACCEPTED","SPECIES","EXACT",98,5341443,6,7707728,220,408,2497
"2522","Thymus pulegioides",5341443,"Thymus pulegioides L.","ACCEPTED","SPECIES","EXACT",98,5341443,6,7707728,220,408,2497
"2523","Thymus pulegioides",5341443,"Thymus pulegioides L.","ACCEPTED","SPECIES","EXACT",98,5341443,6,7707728,220,408,2497
"2524","Thymus pulegioides",5341443,"Thymus pulegioides L.","ACCEPTED","SPECIES","EXACT",98,5341443,6,7707728,220,408,2497
"2525","Thymus serpyllum",6409622,"Thymus serpyllum L.","ACCEPTED","SPECIES","EXACT",99,6409622,6,7707728,220,408,2497
"2526","Thymus serpyllum",6409622,"Thymus serpyllum L.","ACCEPTED","SPECIES","EXACT",99,6409622,6,7707728,220,408,2497
"2527","Pinguicula vulgaris",5415065,"Pinguicula vulgaris L.","ACCEPTED","SPECIES","EXACT",97,5415065,6,7707728,220,408,2391
"2528","Pinguicula vulgaris",5415065,"Pinguicula vulgaris L.","ACCEPTED","SPECIES","EXACT",97,5415065,6,7707728,220,408,2391
"2529","Utricularia australis",7297904,"Utricularia × australis R.Br.","ACCEPTED","SPECIES","EXACT",99,7297904,6,7707728,220,408,2391
"2530","Utricularia australis",7297904,"Utricularia × australis R.Br.","ACCEPTED","SPECIES","EXACT",99,7297904,6,7707728,220,408,2391
"2531","Utricularia australis",7297904,"Utricularia × australis R.Br.","ACCEPTED","SPECIES","EXACT",99,7297904,6,7707728,220,408,2391
"2532","Utricularia intermedia",3172413,"Utricularia intermedia Hayne","ACCEPTED","SPECIES","EXACT",97,3172413,6,7707728,220,408,2391
"2533","Utricularia intermedia",3172413,"Utricularia intermedia Hayne","ACCEPTED","SPECIES","EXACT",97,3172413,6,7707728,220,408,2391
"2534","Utricularia minor",3172414,"Utricularia minor L.","ACCEPTED","SPECIES","EXACT",97,3172414,6,7707728,220,408,2391
"2535","Utricularia minor",3172414,"Utricularia minor L.","ACCEPTED","SPECIES","EXACT",97,3172414,6,7707728,220,408,2391
"2536","Utricularia minor",3172414,"Utricularia minor L.","ACCEPTED","SPECIES","EXACT",97,3172414,6,7707728,220,408,2391
"2537","Utricularia vulgaris",3172427,"Utricularia vulgaris L.","ACCEPTED","SPECIES","EXACT",97,3172427,6,7707728,220,408,2391
"2538","Utricularia vulgaris",3172427,"Utricularia vulgaris L.","ACCEPTED","SPECIES","EXACT",97,3172427,6,7707728,220,408,2391
"2539","Utricularia vulgaris",3172427,"Utricularia vulgaris L.","ACCEPTED","SPECIES","EXACT",97,3172427,6,7707728,220,408,2391
"2540","Fritillaria meleagris",5300535,"Fritillaria meleagris L.","ACCEPTED","SPECIES","EXACT",97,5300535,6,7707728,196,1172,7699
"2541","Fritillaria meleagris",5300535,"Fritillaria meleagris L.","ACCEPTED","SPECIES","EXACT",97,5300535,6,7707728,196,1172,7699
"2542","Fritillaria meleagris",5300535,"Fritillaria meleagris L.","ACCEPTED","SPECIES","EXACT",97,5300535,6,7707728,196,1172,7699
"2543","Fritillaria meleagris",5300535,"Fritillaria meleagris L.","ACCEPTED","SPECIES","EXACT",97,5300535,6,7707728,196,1172,7699
"2544","Gagea lutea",5300245,"Gagea lutea (L.) Ker Gawl.","ACCEPTED","SPECIES","EXACT",97,5300245,6,7707728,196,1172,7699
"2545","Gagea lutea",5300245,"Gagea lutea (L.) Ker Gawl.","ACCEPTED","SPECIES","EXACT",97,5300245,6,7707728,196,1172,7699
"2546","Gagea lutea",5300245,"Gagea lutea (L.) Ker Gawl.","ACCEPTED","SPECIES","EXACT",97,5300245,6,7707728,196,1172,7699
"2547","Gagea spathacea",5299797,"Gagea spathacea (Hayne) Salisb.","ACCEPTED","SPECIES","EXACT",99,5299797,6,7707728,196,1172,7699
"2548","Gagea spathacea",5299797,"Gagea spathacea (Hayne) Salisb.","ACCEPTED","SPECIES","EXACT",99,5299797,6,7707728,196,1172,7699
"2549","Gagea spathacea",5299797,"Gagea spathacea (Hayne) Salisb.","ACCEPTED","SPECIES","EXACT",99,5299797,6,7707728,196,1172,7699
"2550","Gagea spathacea",5299797,"Gagea spathacea (Hayne) Salisb.","ACCEPTED","SPECIES","EXACT",99,5299797,6,7707728,196,1172,7699
"2551","Gagea villosa",5300296,"Gagea villosa (M.Bieb.) Sweet","ACCEPTED","SPECIES","EXACT",97,5300296,6,7707728,196,1172,7699
"2552","Gagea villosa",5300296,"Gagea villosa (M.Bieb.) Sweet","ACCEPTED","SPECIES","EXACT",97,5300296,6,7707728,196,1172,7699
"2553","Gagea villosa",5300296,"Gagea villosa (M.Bieb.) Sweet","ACCEPTED","SPECIES","EXACT",97,5300296,6,7707728,196,1172,7699
"2554","Lilium bulbiferum",2753079,"Lilium bulbiferum L.","ACCEPTED","SPECIES","EXACT",97,2753079,6,7707728,196,1172,7699
"2555","Lilium bulbiferum",2753079,"Lilium bulbiferum L.","ACCEPTED","SPECIES","EXACT",97,2753079,6,7707728,196,1172,7699
"2556","Lilium bulbiferum",2753079,"Lilium bulbiferum L.","ACCEPTED","SPECIES","EXACT",97,2753079,6,7707728,196,1172,7699
"2557","Linum catharticum",2873865,"Linum catharticum L.","ACCEPTED","SPECIES","EXACT",99,2873865,6,7707728,220,1414,2493
"2558","Linum catharticum",2873865,"Linum catharticum L.","ACCEPTED","SPECIES","EXACT",99,2873865,6,7707728,220,1414,2493
"2559","Linum catharticum",2873865,"Linum catharticum L.","ACCEPTED","SPECIES","EXACT",99,2873865,6,7707728,220,1414,2493
"2560","Linum catharticum",2873865,"Linum catharticum L.","ACCEPTED","SPECIES","EXACT",99,2873865,6,7707728,220,1414,2493
"2561","Linum leonii",4048982,"Linum leonii F.W.Schultz","ACCEPTED","SPECIES","EXACT",99,4048982,6,7707728,220,1414,2493
"2562","Linum leonii",4048982,"Linum leonii F.W.Schultz","ACCEPTED","SPECIES","EXACT",99,4048982,6,7707728,220,1414,2493
"2563","Linum tenuifolium",8069406,"Linum tenuifolium L.","ACCEPTED","SPECIES","EXACT",97,8069406,6,7707728,220,1414,2493
"2564","Linum tenuifolium",8069406,"Linum tenuifolium L.","ACCEPTED","SPECIES","EXACT",97,8069406,6,7707728,220,1414,2493
"2565","Linum tenuifolium",8069406,"Linum tenuifolium L.","ACCEPTED","SPECIES","EXACT",97,8069406,6,7707728,220,1414,2493
"2566","Radiola linoides",2873844,"Radiola linoides Roth","ACCEPTED","SPECIES","EXACT",99,2873844,6,7707728,220,1414,2493
"2567","Radiola linoides",2873844,"Radiola linoides Roth","ACCEPTED","SPECIES","EXACT",99,2873844,6,7707728,220,1414,2493
"2568","Radiola linoides",2873844,"Radiola linoides Roth","ACCEPTED","SPECIES","EXACT",99,2873844,6,7707728,220,1414,2493
"2569","Diphasiastrum tristachyum",2688412,"Diphasiastrum tristachyum (Pursh) Holub","ACCEPTED","SPECIES","EXACT",99,2688412,6,7707728,245,421,6725
"2570","Diphasiastrum tristachyum",2688412,"Diphasiastrum tristachyum (Pursh) Holub","ACCEPTED","SPECIES","EXACT",99,2688412,6,7707728,245,421,6725
"2571","Diphasiastrum tristachyum",2688412,"Diphasiastrum tristachyum (Pursh) Holub","ACCEPTED","SPECIES","EXACT",99,2688412,6,7707728,245,421,6725
"2572","Huperzia selago",8190643,"Huperzia selago (L.) Bernh.","ACCEPTED","SPECIES","EXACT",98,8190643,6,7707728,245,421,6725
"2573","Huperzia selago",8190643,"Huperzia selago (L.) Bernh.","ACCEPTED","SPECIES","EXACT",98,8190643,6,7707728,245,421,6725
"2574","Huperzia selago",8190643,"Huperzia selago (L.) Bernh.","ACCEPTED","SPECIES","EXACT",98,8190643,6,7707728,245,421,6725
"2575","Lycopodiella inundata",2688345,"Lycopodiella inundata (L.) Holub","ACCEPTED","SPECIES","EXACT",99,2688345,6,7707728,245,421,6725
"2576","Lycopodiella inundata",2688345,"Lycopodiella inundata (L.) Holub","ACCEPTED","SPECIES","EXACT",99,2688345,6,7707728,245,421,6725
"2577","Lycopodiella inundata",2688345,"Lycopodiella inundata (L.) Holub","ACCEPTED","SPECIES","EXACT",99,2688345,6,7707728,245,421,6725
"2578","Lycopodium clavatum",2688393,"Lycopodium clavatum L.","ACCEPTED","SPECIES","EXACT",99,2688393,6,7707728,245,421,6725
"2579","Lycopodium clavatum",2688393,"Lycopodium clavatum L.","ACCEPTED","SPECIES","EXACT",99,2688393,6,7707728,245,421,6725
"2580","Lycopodium clavatum",2688393,"Lycopodium clavatum L.","ACCEPTED","SPECIES","EXACT",99,2688393,6,7707728,245,421,6725
"2581","Spinulum annotinum",3992189,"Spinulum annotinum (L.) A.Haines","ACCEPTED","SPECIES","EXACT",99,3992189,6,7707728,245,421,6725
"2582","Spinulum annotinum",3992189,"Spinulum annotinum (L.) A.Haines","ACCEPTED","SPECIES","EXACT",99,3992189,6,7707728,245,421,6725
"2583","Lythrum hyssopifolia",3188747,"Lythrum hyssopifolia L.","ACCEPTED","SPECIES","EXACT",97,3188747,6,7707728,220,690,6684
"2584","Lythrum hyssopifolia",3188747,"Lythrum hyssopifolia L.","ACCEPTED","SPECIES","EXACT",97,3188747,6,7707728,220,690,6684
"2585","Lythrum hyssopifolia",3188747,"Lythrum hyssopifolia L.","ACCEPTED","SPECIES","EXACT",97,3188747,6,7707728,220,690,6684
"2586","Lythrum portula",3188743,"Lythrum portula (L.) D.A.Webb","ACCEPTED","SPECIES","EXACT",99,3188743,6,7707728,220,690,6684
"2587","Lythrum portula",3188743,"Lythrum portula (L.) D.A.Webb","ACCEPTED","SPECIES","EXACT",99,3188743,6,7707728,220,690,6684
"2588","Lythrum portula",3188743,"Lythrum portula (L.) D.A.Webb","ACCEPTED","SPECIES","EXACT",99,3188743,6,7707728,220,690,6684
"2589","Lythrum salicaria",3188736,"Lythrum salicaria L.","ACCEPTED","SPECIES","EXACT",99,3188736,6,7707728,220,690,6684
"2590","Lythrum salicaria",3188736,"Lythrum salicaria L.","ACCEPTED","SPECIES","EXACT",99,3188736,6,7707728,220,690,6684
"2591","Lythrum salicaria",3188736,"Lythrum salicaria L.","ACCEPTED","SPECIES","EXACT",99,3188736,6,7707728,220,690,6684
"2592","Lythrum salicaria",3188736,"Lythrum salicaria L.","ACCEPTED","SPECIES","EXACT",99,3188736,6,7707728,220,690,6684
"2593","Althaea officinalis",3152520,"Althaea officinalis L.","ACCEPTED","SPECIES","EXACT",99,3152520,6,7707728,220,941,6685
"2594","Althaea officinalis",3152520,"Althaea officinalis L.","ACCEPTED","SPECIES","EXACT",99,3152520,6,7707728,220,941,6685
"2595","Althaea officinalis",3152520,"Althaea officinalis L.","ACCEPTED","SPECIES","EXACT",99,3152520,6,7707728,220,941,6685
"2596","Althaea officinalis",3152520,"Althaea officinalis L.","ACCEPTED","SPECIES","EXACT",99,3152520,6,7707728,220,941,6685
"2597","Malva alcea",3152365,"Malva alcea L.","ACCEPTED","SPECIES","EXACT",98,3152365,6,7707728,220,941,6685
"2598","Malva alcea",3152365,"Malva alcea L.","ACCEPTED","SPECIES","EXACT",98,3152365,6,7707728,220,941,6685
"2599","Malva alcea",3152365,"Malva alcea L.","ACCEPTED","SPECIES","EXACT",98,3152365,6,7707728,220,941,6685
"2600","Malva alcea",3152365,"Malva alcea L.","ACCEPTED","SPECIES","EXACT",98,3152365,6,7707728,220,941,6685
"2601","Malva cretica",8109348,"Malva cretica Cav.","ACCEPTED","SPECIES","EXACT",97,8109348,6,7707728,220,941,6685
"2602","Malva cretica",8109348,"Malva cretica Cav.","ACCEPTED","SPECIES","EXACT",97,8109348,6,7707728,220,941,6685
"2603","Malva moschata",3152379,"Malva moschata L.","ACCEPTED","SPECIES","EXACT",98,3152379,6,7707728,220,941,6685
"2604","Malva moschata",3152379,"Malva moschata L.","ACCEPTED","SPECIES","EXACT",98,3152379,6,7707728,220,941,6685
"2605","Malva moschata",3152379,"Malva moschata L.","ACCEPTED","SPECIES","EXACT",98,3152379,6,7707728,220,941,6685
"2606","Malva moschata",3152379,"Malva moschata L.","ACCEPTED","SPECIES","EXACT",98,3152379,6,7707728,220,941,6685
"2607","Malva neglecta",3152373,"Malva neglecta Wallr.","ACCEPTED","SPECIES","EXACT",99,3152373,6,7707728,220,941,6685
"2608","Malva neglecta",3152373,"Malva neglecta Wallr.","ACCEPTED","SPECIES","EXACT",99,3152373,6,7707728,220,941,6685
"2609","Malva neglecta",3152373,"Malva neglecta Wallr.","ACCEPTED","SPECIES","EXACT",99,3152373,6,7707728,220,941,6685
"2610","Malva neglecta",3152373,"Malva neglecta Wallr.","ACCEPTED","SPECIES","EXACT",99,3152373,6,7707728,220,941,6685
"2611","Malva setigera",3940638,"Malva setigera K.F.Schimp. & Spenn.","SYNONYM","SPECIES","EXACT",98,3152521,6,7707728,220,941,6685
"2612","Malva setigera",3940638,"Malva setigera K.F.Schimp. & Spenn.","SYNONYM","SPECIES","EXACT",98,3152521,6,7707728,220,941,6685
"2613","Malva setigera",3940638,"Malva setigera K.F.Schimp. & Spenn.","SYNONYM","SPECIES","EXACT",98,3152521,6,7707728,220,941,6685
"2614","Malva sylvestris",3152374,"Malva sylvestris L.","ACCEPTED","SPECIES","EXACT",99,3152374,6,7707728,220,941,6685
"2615","Malva sylvestris",3152374,"Malva sylvestris L.","ACCEPTED","SPECIES","EXACT",99,3152374,6,7707728,220,941,6685
"2616","Malva sylvestris",3152374,"Malva sylvestris L.","ACCEPTED","SPECIES","EXACT",99,3152374,6,7707728,220,941,6685
"2617","Malva sylvestris",3152374,"Malva sylvestris L.","ACCEPTED","SPECIES","EXACT",99,3152374,6,7707728,220,941,6685
"2618","Tilia cordata",3152047,"Tilia cordata Mill.","ACCEPTED","SPECIES","EXACT",97,3152047,6,7707728,220,941,6685
"2619","Tilia cordata",3152047,"Tilia cordata Mill.","ACCEPTED","SPECIES","EXACT",97,3152047,6,7707728,220,941,6685
"2620","Tilia cordata",3152047,"Tilia cordata Mill.","ACCEPTED","SPECIES","EXACT",97,3152047,6,7707728,220,941,6685
"2621","Tilia cordata",3152047,"Tilia cordata Mill.","ACCEPTED","SPECIES","EXACT",97,3152047,6,7707728,220,941,6685
"2622","Tilia platyphyllos",3152048,"Tilia platyphyllos Scop.","ACCEPTED","SPECIES","EXACT",98,3152048,6,7707728,220,941,6685
"2623","Tilia platyphyllos",3152048,"Tilia platyphyllos Scop.","ACCEPTED","SPECIES","EXACT",98,3152048,6,7707728,220,941,6685
"2624","Tilia platyphyllos",3152048,"Tilia platyphyllos Scop.","ACCEPTED","SPECIES","EXACT",98,3152048,6,7707728,220,941,6685
"2625","Tilia platyphyllos",3152048,"Tilia platyphyllos Scop.","ACCEPTED","SPECIES","EXACT",98,3152048,6,7707728,220,941,6685
"2626","Marsilea quadrifolia",5274875,"Marsilea quadrifolia L.","ACCEPTED","SPECIES","EXACT",97,5274875,6,7707728,7228684,7229405,2375
"2627","Marsilea quadrifolia",5274875,"Marsilea quadrifolia L.","ACCEPTED","SPECIES","EXACT",97,5274875,6,7707728,7228684,7229405,2375
"2628","Pilularia globulifera",3913526,"Pilularia globulifera L.","ACCEPTED","SPECIES","EXACT",99,3913526,6,7707728,7228684,7229405,2375
"2629","Pilularia globulifera",3913526,"Pilularia globulifera L.","ACCEPTED","SPECIES","EXACT",99,3913526,6,7707728,7228684,7229405,2375
"2630","Pilularia globulifera",3913526,"Pilularia globulifera L.","ACCEPTED","SPECIES","EXACT",99,3913526,6,7707728,7228684,7229405,2375
"2631","Paris quadrifolia",5295911,"Paris quadrifolia L.","ACCEPTED","SPECIES","EXACT",99,5295911,6,7707728,196,1172,7700
"2632","Paris quadrifolia",5295911,"Paris quadrifolia L.","ACCEPTED","SPECIES","EXACT",99,5295911,6,7707728,196,1172,7700
"2633","Paris quadrifolia",5295911,"Paris quadrifolia L.","ACCEPTED","SPECIES","EXACT",99,5295911,6,7707728,196,1172,7700
"2634","Paris quadrifolia",5295911,"Paris quadrifolia L.","ACCEPTED","SPECIES","EXACT",99,5295911,6,7707728,196,1172,7700
"2635","Menyanthes trifoliata",5341511,"Menyanthes trifoliata L.","ACCEPTED","SPECIES","EXACT",99,5341511,6,7707728,220,414,2386
"2636","Menyanthes trifoliata",5341511,"Menyanthes trifoliata L.","ACCEPTED","SPECIES","EXACT",99,5341511,6,7707728,220,414,2386
"2637","Menyanthes trifoliata",5341511,"Menyanthes trifoliata L.","ACCEPTED","SPECIES","EXACT",99,5341511,6,7707728,220,414,2386
"2638","Menyanthes trifoliata",5341511,"Menyanthes trifoliata L.","ACCEPTED","SPECIES","EXACT",99,5341511,6,7707728,220,414,2386
"2639","Nymphoides peltata",8810827,"Nymphoides peltata (S.G.Gmel.) Kuntze","ACCEPTED","SPECIES","EXACT",99,8810827,6,7707728,220,414,2386
"2640","Nymphoides peltata",8810827,"Nymphoides peltata (S.G.Gmel.) Kuntze","ACCEPTED","SPECIES","EXACT",99,8810827,6,7707728,220,414,2386
"2641","Nymphoides peltata",8810827,"Nymphoides peltata (S.G.Gmel.) Kuntze","ACCEPTED","SPECIES","EXACT",99,8810827,6,7707728,220,414,2386
"2642","Nymphoides peltata",8810827,"Nymphoides peltata (S.G.Gmel.) Kuntze","ACCEPTED","SPECIES","EXACT",99,8810827,6,7707728,220,414,2386
"2643","Montia arvensis",7357900,"Montia arvensis Wallr.","ACCEPTED","SPECIES","EXACT",99,7357900,6,7707728,220,422,4898338
"2644","Montia arvensis",7357900,"Montia arvensis Wallr.","ACCEPTED","SPECIES","EXACT",99,7357900,6,7707728,220,422,4898338
"2645","Montia arvensis",7357900,"Montia arvensis Wallr.","ACCEPTED","SPECIES","EXACT",99,7357900,6,7707728,220,422,4898338
"2646","Montia arvensis",7357900,"Montia arvensis Wallr.","ACCEPTED","SPECIES","EXACT",99,7357900,6,7707728,220,422,4898338
"2647","Montia fontana",9004024,"Montia fontana L.","ACCEPTED","SPECIES","EXACT",97,9004024,6,7707728,220,422,4898338
"2648","Montia fontana",9004024,"Montia fontana L.","ACCEPTED","SPECIES","EXACT",97,9004024,6,7707728,220,422,4898338
"2649","Montia fontana",9004024,"Montia fontana L.","ACCEPTED","SPECIES","EXACT",97,9004024,6,7707728,220,422,4898338
"2650","Myrica gale",5414202,"Myrica gale L.","ACCEPTED","SPECIES","EXACT",99,5414202,6,7707728,220,1354,2432
"2651","Myrica gale",5414202,"Myrica gale L.","ACCEPTED","SPECIES","EXACT",99,5414202,6,7707728,220,1354,2432
"2652","Myrica gale",5414202,"Myrica gale L.","ACCEPTED","SPECIES","EXACT",99,5414202,6,7707728,220,1354,2432
"2653","Narthecium ossifragum",5602614,"Narthecium ossifragum (L.) Huds.","ACCEPTED","SPECIES","EXACT",99,5602614,6,7707728,196,1171,3734
"2654","Narthecium ossifragum",5602614,"Narthecium ossifragum (L.) Huds.","ACCEPTED","SPECIES","EXACT",99,5602614,6,7707728,196,1171,3734
"2655","Narthecium ossifragum",5602614,"Narthecium ossifragum (L.) Huds.","ACCEPTED","SPECIES","EXACT",99,5602614,6,7707728,196,1171,3734
"2656","Nuphar lutea",7551339,"Nuphar lutea (L.) Sibth. & Sm.","ACCEPTED","SPECIES","EXACT",99,7551339,6,7707728,220,636,2423
"2657","Nuphar lutea",7551339,"Nuphar lutea (L.) Sibth. & Sm.","ACCEPTED","SPECIES","EXACT",99,7551339,6,7707728,220,636,2423
"2658","Nuphar lutea",7551339,"Nuphar lutea (L.) Sibth. & Sm.","ACCEPTED","SPECIES","EXACT",99,7551339,6,7707728,220,636,2423
"2659","Nuphar lutea",7551339,"Nuphar lutea (L.) Sibth. & Sm.","ACCEPTED","SPECIES","EXACT",99,7551339,6,7707728,220,636,2423
"2660","Nymphaea alba",2882437,"Nymphaea alba L.","ACCEPTED","SPECIES","EXACT",97,2882437,6,7707728,220,636,2423
"2661","Nymphaea alba",2882437,"Nymphaea alba L.","ACCEPTED","SPECIES","EXACT",97,2882437,6,7707728,220,636,2423
"2662","Nymphaea alba",2882437,"Nymphaea alba L.","ACCEPTED","SPECIES","EXACT",97,2882437,6,7707728,220,636,2423
"2663","Nymphaea alba",2882437,"Nymphaea alba L.","ACCEPTED","SPECIES","EXACT",97,2882437,6,7707728,220,636,2423
"2664","Nymphaea candida",7410966,"Nymphaea candida C.Presl","ACCEPTED","SPECIES","EXACT",99,7410966,6,7707728,220,636,2423
"2665","Pedicularis sylvatica",3171712,"Pedicularis sylvatica L.","ACCEPTED","SPECIES","EXACT",99,3171712,6,7707728,220,408,6651
"2666","Pedicularis sylvatica",3171712,"Pedicularis sylvatica L.","ACCEPTED","SPECIES","EXACT",99,3171712,6,7707728,220,408,6651
"2667","Pedicularis sylvatica",3171712,"Pedicularis sylvatica L.","ACCEPTED","SPECIES","EXACT",99,3171712,6,7707728,220,408,6651
"2668","Rhinanthus alectorolophus",3172045,"Rhinanthus alectorolophus (Scop.) Pollich","ACCEPTED","SPECIES","EXACT",99,3172045,6,7707728,220,408,6651
"2669","Rhinanthus alectorolophus",3172045,"Rhinanthus alectorolophus (Scop.) Pollich","ACCEPTED","SPECIES","EXACT",99,3172045,6,7707728,220,408,6651
"2670","Rhinanthus alectorolophus",3172045,"Rhinanthus alectorolophus (Scop.) Pollich","ACCEPTED","SPECIES","EXACT",99,3172045,6,7707728,220,408,6651
"2671","Rhinanthus alectorolophus",3172045,"Rhinanthus alectorolophus (Scop.) Pollich","ACCEPTED","SPECIES","EXACT",99,3172045,6,7707728,220,408,6651
"2672","Rhinanthus minor",3172043,"Rhinanthus minor L.","ACCEPTED","SPECIES","EXACT",97,3172043,6,7707728,220,408,6651
"2673","Rhinanthus minor",3172043,"Rhinanthus minor L.","ACCEPTED","SPECIES","EXACT",97,3172043,6,7707728,220,408,6651
"2674","Rhinanthus minor",3172043,"Rhinanthus minor L.","ACCEPTED","SPECIES","EXACT",97,3172043,6,7707728,220,408,6651
"2675","Rhinanthus minor",3172043,"Rhinanthus minor L.","ACCEPTED","SPECIES","EXACT",97,3172043,6,7707728,220,408,6651
"2676","Osmunda regalis",8049341,"Osmunda regalis L.","ACCEPTED","SPECIES","EXACT",99,8049341,6,7707728,7228684,7229403,2370
"2677","Osmunda regalis",8049341,"Osmunda regalis L.","ACCEPTED","SPECIES","EXACT",99,8049341,6,7707728,7228684,7229403,2370
"2678","Osmunda regalis",8049341,"Osmunda regalis L.","ACCEPTED","SPECIES","EXACT",99,8049341,6,7707728,7228684,7229403,2370
"2679","Osmunda regalis",8049341,"Osmunda regalis L.","ACCEPTED","SPECIES","EXACT",99,8049341,6,7707728,7228684,7229403,2370
"2680","Oxalis acetosella",8211958,"Oxalis acetosella L.","ACCEPTED","SPECIES","EXACT",98,8211958,6,7707728,220,7224021,6697
"2681","Oxalis acetosella",8211958,"Oxalis acetosella L.","ACCEPTED","SPECIES","EXACT",98,8211958,6,7707728,220,7224021,6697
"2682","Oxalis acetosella",8211958,"Oxalis acetosella L.","ACCEPTED","SPECIES","EXACT",98,8211958,6,7707728,220,7224021,6697
"2683","Oxalis acetosella",8211958,"Oxalis acetosella L.","ACCEPTED","SPECIES","EXACT",98,8211958,6,7707728,220,7224021,6697
"2684","Ceratocapnos claviculata",7315229,"Ceratocapnos claviculata (L.) Lidén","ACCEPTED","SPECIES","EXACT",99,7315229,6,7707728,220,399,2422
"2685","Ceratocapnos claviculata",7315229,"Ceratocapnos claviculata (L.) Lidén","ACCEPTED","SPECIES","EXACT",99,7315229,6,7707728,220,399,2422
"2686","Ceratocapnos claviculata",7315229,"Ceratocapnos claviculata (L.) Lidén","ACCEPTED","SPECIES","EXACT",99,7315229,6,7707728,220,399,2422
"2687","Chelidonium majus",5334186,"Chelidonium majus L.","ACCEPTED","SPECIES","EXACT",98,5334186,6,7707728,220,399,2422
"2688","Chelidonium majus",5334186,"Chelidonium majus L.","ACCEPTED","SPECIES","EXACT",98,5334186,6,7707728,220,399,2422
"2689","Chelidonium majus",5334186,"Chelidonium majus L.","ACCEPTED","SPECIES","EXACT",98,5334186,6,7707728,220,399,2422
"2690","Chelidonium majus",5334186,"Chelidonium majus L.","ACCEPTED","SPECIES","EXACT",98,5334186,6,7707728,220,399,2422
"2691","Corydalis solida",5334208,"Corydalis solida (L.) Clairv.","ACCEPTED","SPECIES","EXACT",97,5334208,6,7707728,220,399,2422
"2692","Corydalis solida",5334208,"Corydalis solida (L.) Clairv.","ACCEPTED","SPECIES","EXACT",97,5334208,6,7707728,220,399,2422
"2693","Corydalis solida",5334208,"Corydalis solida (L.) Clairv.","ACCEPTED","SPECIES","EXACT",97,5334208,6,7707728,220,399,2422
"2694","Corydalis solida",5334208,"Corydalis solida (L.) Clairv.","ACCEPTED","SPECIES","EXACT",97,5334208,6,7707728,220,399,2422
"2695","Fumaria capreolata",5334218,"Fumaria capreolata L.","ACCEPTED","SPECIES","EXACT",97,5334218,6,7707728,220,399,2422
"2696","Fumaria capreolata",5334218,"Fumaria capreolata L.","ACCEPTED","SPECIES","EXACT",97,5334218,6,7707728,220,399,2422
"2697","Fumaria capreolata",5334218,"Fumaria capreolata L.","ACCEPTED","SPECIES","EXACT",97,5334218,6,7707728,220,399,2422
"2698","Fumaria capreolata",5334218,"Fumaria capreolata L.","ACCEPTED","SPECIES","EXACT",97,5334218,6,7707728,220,399,2422
"2699","Fumaria densiflora",5530883,"Fumaria densiflora DC.","ACCEPTED","SPECIES","EXACT",97,5530883,6,7707728,220,399,2422
"2700","Fumaria densiflora",5530883,"Fumaria densiflora DC.","ACCEPTED","SPECIES","EXACT",97,5530883,6,7707728,220,399,2422
"2701","Fumaria densiflora",5530883,"Fumaria densiflora DC.","ACCEPTED","SPECIES","EXACT",97,5530883,6,7707728,220,399,2422
"2702","Fumaria officinalis",5334217,"Fumaria officinalis L.","ACCEPTED","SPECIES","EXACT",97,5334217,6,7707728,220,399,2422
"2703","Fumaria officinalis",5334217,"Fumaria officinalis L.","ACCEPTED","SPECIES","EXACT",97,5334217,6,7707728,220,399,2422
"2704","Fumaria officinalis",5334217,"Fumaria officinalis L.","ACCEPTED","SPECIES","EXACT",97,5334217,6,7707728,220,399,2422
"2705","Fumaria officinalis",5334217,"Fumaria officinalis L.","ACCEPTED","SPECIES","EXACT",97,5334217,6,7707728,220,399,2422
"2706","Fumaria parviflora",5334215,"Fumaria parviflora Lam.","ACCEPTED","SPECIES","EXACT",98,5334215,6,7707728,220,399,2422
"2707","Fumaria parviflora",5334215,"Fumaria parviflora Lam.","ACCEPTED","SPECIES","EXACT",98,5334215,6,7707728,220,399,2422
"2708","Fumaria parviflora",5334215,"Fumaria parviflora Lam.","ACCEPTED","SPECIES","EXACT",98,5334215,6,7707728,220,399,2422
"2709","Fumaria vaillantii",5334216,"Fumaria vaillantii Loisel.","ACCEPTED","SPECIES","EXACT",98,5334216,6,7707728,220,399,2422
"2710","Fumaria vaillantii",5334216,"Fumaria vaillantii Loisel.","ACCEPTED","SPECIES","EXACT",98,5334216,6,7707728,220,399,2422
"2711","Fumaria vaillantii",5334216,"Fumaria vaillantii Loisel.","ACCEPTED","SPECIES","EXACT",98,5334216,6,7707728,220,399,2422
"2712","Glaucium flavum",5334190,"Glaucium flavum Crantz","ACCEPTED","SPECIES","EXACT",99,5334190,6,7707728,220,399,2422
"2713","Glaucium flavum",5334190,"Glaucium flavum Crantz","ACCEPTED","SPECIES","EXACT",99,5334190,6,7707728,220,399,2422
"2714","Glaucium flavum",5334190,"Glaucium flavum Crantz","ACCEPTED","SPECIES","EXACT",99,5334190,6,7707728,220,399,2422
"2715","Papaver argemone",2888445,"Papaver argemone L.","SYNONYM","SPECIES","EXACT",98,5531435,6,7707728,220,399,2422
"2716","Papaver argemone",2888445,"Papaver argemone L.","SYNONYM","SPECIES","EXACT",98,5531435,6,7707728,220,399,2422
"2717","Papaver argemone",2888445,"Papaver argemone L.","SYNONYM","SPECIES","EXACT",98,5531435,6,7707728,220,399,2422
"2718","Papaver argemone",2888445,"Papaver argemone L.","SYNONYM","SPECIES","EXACT",98,5531435,6,7707728,220,399,2422
"2719","Papaver dubium",2888464,"Papaver dubium L.","ACCEPTED","SPECIES","EXACT",97,2888464,6,7707728,220,399,2422
"2720","Papaver dubium",2888464,"Papaver dubium L.","ACCEPTED","SPECIES","EXACT",97,2888464,6,7707728,220,399,2422
"2721","Papaver dubium",2888464,"Papaver dubium L.","ACCEPTED","SPECIES","EXACT",97,2888464,6,7707728,220,399,2422
"2722","Papaver dubium",2888464,"Papaver dubium L.","ACCEPTED","SPECIES","EXACT",97,2888464,6,7707728,220,399,2422
"2723","Papaver rhoeas",2888443,"Papaver rhoeas L.","ACCEPTED","SPECIES","EXACT",98,2888443,6,7707728,220,399,2422
"2724","Papaver rhoeas",2888443,"Papaver rhoeas L.","ACCEPTED","SPECIES","EXACT",98,2888443,6,7707728,220,399,2422
"2725","Papaver rhoeas",2888443,"Papaver rhoeas L.","ACCEPTED","SPECIES","EXACT",98,2888443,6,7707728,220,399,2422
"2726","Papaver rhoeas",2888443,"Papaver rhoeas L.","ACCEPTED","SPECIES","EXACT",98,2888443,6,7707728,220,399,2422
"2727","Callitriche brutia",8402883,"Callitriche brutia Petagna","ACCEPTED","SPECIES","EXACT",98,8402883,6,7707728,220,408,2420
"2728","Callitriche brutia",8402883,"Callitriche brutia Petagna","ACCEPTED","SPECIES","EXACT",98,8402883,6,7707728,220,408,2420
"2729","Callitriche brutia",8402883,"Callitriche brutia Petagna","ACCEPTED","SPECIES","EXACT",98,8402883,6,7707728,220,408,2420
"2730","Callitriche brutia",8402883,"Callitriche brutia Petagna","ACCEPTED","SPECIES","EXACT",98,8402883,6,7707728,220,408,2420
"2731","Callitriche obtusangula",7647358,"Callitriche obtusangula Le Gall","ACCEPTED","SPECIES","EXACT",97,7647358,6,7707728,220,408,2420
"2732","Callitriche obtusangula",7647358,"Callitriche obtusangula Le Gall","ACCEPTED","SPECIES","EXACT",97,7647358,6,7707728,220,408,2420
"2733","Callitriche obtusangula",7647358,"Callitriche obtusangula Le Gall","ACCEPTED","SPECIES","EXACT",97,7647358,6,7707728,220,408,2420
"2734","Callitriche obtusangula",7647358,"Callitriche obtusangula Le Gall","ACCEPTED","SPECIES","EXACT",97,7647358,6,7707728,220,408,2420
"2735","Callitriche palustris",5372484,"Callitriche palustris L.","ACCEPTED","SPECIES","EXACT",97,5372484,6,7707728,220,408,2420
"2736","Callitriche palustris",5372484,"Callitriche palustris L.","ACCEPTED","SPECIES","EXACT",97,5372484,6,7707728,220,408,2420
"2737","Callitriche palustris",5372484,"Callitriche palustris L.","ACCEPTED","SPECIES","EXACT",97,5372484,6,7707728,220,408,2420
"2738","Callitriche platycarpa",7886879,"Callitriche platycarpa Kütz.","ACCEPTED","SPECIES","EXACT",99,7886879,6,7707728,220,408,2420
"2739","Callitriche platycarpa",7886879,"Callitriche platycarpa Kütz.","ACCEPTED","SPECIES","EXACT",99,7886879,6,7707728,220,408,2420
"2740","Callitriche platycarpa",7886879,"Callitriche platycarpa Kütz.","ACCEPTED","SPECIES","EXACT",99,7886879,6,7707728,220,408,2420
"2741","Callitriche platycarpa",7886879,"Callitriche platycarpa Kütz.","ACCEPTED","SPECIES","EXACT",99,7886879,6,7707728,220,408,2420
"2742","Callitriche stagnalis",5372487,"Callitriche stagnalis Scop.","ACCEPTED","SPECIES","EXACT",99,5372487,6,7707728,220,408,2420
"2743","Callitriche stagnalis",5372487,"Callitriche stagnalis Scop.","ACCEPTED","SPECIES","EXACT",99,5372487,6,7707728,220,408,2420
"2744","Callitriche stagnalis",5372487,"Callitriche stagnalis Scop.","ACCEPTED","SPECIES","EXACT",99,5372487,6,7707728,220,408,2420
"2745","Callitriche stagnalis",5372487,"Callitriche stagnalis Scop.","ACCEPTED","SPECIES","EXACT",99,5372487,6,7707728,220,408,2420
"2746","Callitriche truncata",8306779,"Callitriche truncata Guss.","ACCEPTED","SPECIES","EXACT",99,8306779,6,7707728,220,408,2420
"2747","Callitriche truncata",8306779,"Callitriche truncata Guss.","ACCEPTED","SPECIES","EXACT",99,8306779,6,7707728,220,408,2420
"2748","Chaenorhinum minus",3171669,"Chaenorhinum minus (L.) Lange","ACCEPTED","SPECIES","EXACT",99,3171669,6,7707728,220,408,2420
"2749","Chaenorhinum minus",3171669,"Chaenorhinum minus (L.) Lange","ACCEPTED","SPECIES","EXACT",99,3171669,6,7707728,220,408,2420
"2750","Chaenorhinum minus",3171669,"Chaenorhinum minus (L.) Lange","ACCEPTED","SPECIES","EXACT",99,3171669,6,7707728,220,408,2420
"2751","Chaenorhinum minus",3171669,"Chaenorhinum minus (L.) Lange","ACCEPTED","SPECIES","EXACT",99,3171669,6,7707728,220,408,2420
"2752","Digitalis grandiflora",5414992,"Digitalis grandiflora Mill.","ACCEPTED","SPECIES","EXACT",97,5414992,6,7707728,220,408,2420
"2753","Digitalis grandiflora",5414992,"Digitalis grandiflora Mill.","ACCEPTED","SPECIES","EXACT",97,5414992,6,7707728,220,408,2420
"2754","Digitalis grandiflora",5414992,"Digitalis grandiflora Mill.","ACCEPTED","SPECIES","EXACT",97,5414992,6,7707728,220,408,2420
"2755","Digitalis lutea",5414990,"Digitalis lutea L.","ACCEPTED","SPECIES","EXACT",97,5414990,6,7707728,220,408,2420
"2756","Digitalis lutea",5414990,"Digitalis lutea L.","ACCEPTED","SPECIES","EXACT",97,5414990,6,7707728,220,408,2420
"2757","Digitalis lutea",5414990,"Digitalis lutea L.","ACCEPTED","SPECIES","EXACT",97,5414990,6,7707728,220,408,2420
"2758","Digitalis purpurea",5414995,"Digitalis purpurea L.","ACCEPTED","SPECIES","EXACT",99,5414995,6,7707728,220,408,2420
"2759","Digitalis purpurea",5414995,"Digitalis purpurea L.","ACCEPTED","SPECIES","EXACT",99,5414995,6,7707728,220,408,2420
"2760","Digitalis purpurea",5414995,"Digitalis purpurea L.","ACCEPTED","SPECIES","EXACT",99,5414995,6,7707728,220,408,2420
"2761","Digitalis purpurea",5414995,"Digitalis purpurea L.","ACCEPTED","SPECIES","EXACT",99,5414995,6,7707728,220,408,2420
"2762","Globularia bisnagarica",5578472,"Globularia bisnagarica L.","ACCEPTED","SPECIES","EXACT",99,5578472,6,7707728,220,408,2420
"2763","Globularia bisnagarica",5578472,"Globularia bisnagarica L.","ACCEPTED","SPECIES","EXACT",99,5578472,6,7707728,220,408,2420
"2764","Globularia bisnagarica",5578472,"Globularia bisnagarica L.","ACCEPTED","SPECIES","EXACT",99,5578472,6,7707728,220,408,2420
"2765","Gratiola officinalis",3171915,"Gratiola officinalis L.","ACCEPTED","SPECIES","EXACT",97,3171915,6,7707728,220,408,2420
"2766","Gratiola officinalis",3171915,"Gratiola officinalis L.","ACCEPTED","SPECIES","EXACT",97,3171915,6,7707728,220,408,2420
"2767","Gratiola officinalis",3171915,"Gratiola officinalis L.","ACCEPTED","SPECIES","EXACT",97,3171915,6,7707728,220,408,2420
"2768","Hippuris vulgaris",5372503,"Hippuris vulgaris L.","ACCEPTED","SPECIES","EXACT",99,5372503,6,7707728,220,408,2420
"2769","Hippuris vulgaris",5372503,"Hippuris vulgaris L.","ACCEPTED","SPECIES","EXACT",99,5372503,6,7707728,220,408,2420
"2770","Hippuris vulgaris",5372503,"Hippuris vulgaris L.","ACCEPTED","SPECIES","EXACT",99,5372503,6,7707728,220,408,2420
"2771","Hippuris vulgaris",5372503,"Hippuris vulgaris L.","ACCEPTED","SPECIES","EXACT",99,5372503,6,7707728,220,408,2420
"2772","Kickxia elatine",3170819,"Kickxia elatine (L.) Dumort.","ACCEPTED","SPECIES","EXACT",99,3170819,6,7707728,220,408,2420
"2773","Kickxia elatine",3170819,"Kickxia elatine (L.) Dumort.","ACCEPTED","SPECIES","EXACT",99,3170819,6,7707728,220,408,2420
"2774","Kickxia elatine",3170819,"Kickxia elatine (L.) Dumort.","ACCEPTED","SPECIES","EXACT",99,3170819,6,7707728,220,408,2420
"2775","Kickxia elatine",3170819,"Kickxia elatine (L.) Dumort.","ACCEPTED","SPECIES","EXACT",99,3170819,6,7707728,220,408,2420
"2776","Kickxia spuria",3170817,"Kickxia spuria (L.) Dumort.","ACCEPTED","SPECIES","EXACT",99,3170817,6,7707728,220,408,2420
"2777","Kickxia spuria",3170817,"Kickxia spuria (L.) Dumort.","ACCEPTED","SPECIES","EXACT",99,3170817,6,7707728,220,408,2420
"2778","Kickxia spuria",3170817,"Kickxia spuria (L.) Dumort.","ACCEPTED","SPECIES","EXACT",99,3170817,6,7707728,220,408,2420
"2779","Linaria arvensis",5562956,"Linaria arvensis (L.) Desf.","ACCEPTED","SPECIES","EXACT",99,5562956,6,7707728,220,408,2420
"2780","Linaria arvensis",5562956,"Linaria arvensis (L.) Desf.","ACCEPTED","SPECIES","EXACT",99,5562956,6,7707728,220,408,2420
"2781","Linaria arvensis",5562956,"Linaria arvensis (L.) Desf.","ACCEPTED","SPECIES","EXACT",99,5562956,6,7707728,220,408,2420
"2782","Linaria repens",5415019,"Linaria repens (L.) Mill.","ACCEPTED","SPECIES","EXACT",99,5415019,6,7707728,220,408,2420
"2783","Linaria repens",5415019,"Linaria repens (L.) Mill.","ACCEPTED","SPECIES","EXACT",99,5415019,6,7707728,220,408,2420
"2784","Linaria repens",5415019,"Linaria repens (L.) Mill.","ACCEPTED","SPECIES","EXACT",99,5415019,6,7707728,220,408,2420
"2785","Linaria vulgaris",5415020,"Linaria vulgaris Mill.","ACCEPTED","SPECIES","EXACT",97,5415020,6,7707728,220,408,2420
"2786","Linaria vulgaris",5415020,"Linaria vulgaris Mill.","ACCEPTED","SPECIES","EXACT",97,5415020,6,7707728,220,408,2420
"2787","Linaria vulgaris",5415020,"Linaria vulgaris Mill.","ACCEPTED","SPECIES","EXACT",97,5415020,6,7707728,220,408,2420
"2788","Linaria vulgaris",5415020,"Linaria vulgaris Mill.","ACCEPTED","SPECIES","EXACT",97,5415020,6,7707728,220,408,2420
"2789","Littorella uniflora",5421111,"Littorella uniflora (L.) Asch.","ACCEPTED","SPECIES","EXACT",97,5421111,6,7707728,220,408,2420
"2790","Littorella uniflora",5421111,"Littorella uniflora (L.) Asch.","ACCEPTED","SPECIES","EXACT",97,5421111,6,7707728,220,408,2420
"2791","Littorella uniflora",5421111,"Littorella uniflora (L.) Asch.","ACCEPTED","SPECIES","EXACT",97,5421111,6,7707728,220,408,2420
"2792","Misopates orontium",3171145,"Misopates orontium (L.) Raf.","ACCEPTED","SPECIES","EXACT",99,3171145,6,7707728,220,408,2420
"2793","Misopates orontium",3171145,"Misopates orontium (L.) Raf.","ACCEPTED","SPECIES","EXACT",99,3171145,6,7707728,220,408,2420
"2794","Misopates orontium",3171145,"Misopates orontium (L.) Raf.","ACCEPTED","SPECIES","EXACT",99,3171145,6,7707728,220,408,2420
"2795","Misopates orontium",3171145,"Misopates orontium (L.) Raf.","ACCEPTED","SPECIES","EXACT",99,3171145,6,7707728,220,408,2420
"2796","Plantago coronopus",3189739,"Plantago coronopus L.","ACCEPTED","SPECIES","EXACT",97,3189739,6,7707728,220,408,2420
"2797","Plantago coronopus",3189739,"Plantago coronopus L.","ACCEPTED","SPECIES","EXACT",97,3189739,6,7707728,220,408,2420
"2798","Plantago coronopus",3189739,"Plantago coronopus L.","ACCEPTED","SPECIES","EXACT",97,3189739,6,7707728,220,408,2420
"2799","Plantago coronopus",3189739,"Plantago coronopus L.","ACCEPTED","SPECIES","EXACT",97,3189739,6,7707728,220,408,2420
"2800","Plantago lanceolata",8208358,"Plantago lanceolata L.","ACCEPTED","SPECIES","EXACT",98,8208358,6,7707728,220,408,2420
"2801","Plantago lanceolata",8208358,"Plantago lanceolata L.","ACCEPTED","SPECIES","EXACT",98,8208358,6,7707728,220,408,2420
"2802","Plantago lanceolata",8208358,"Plantago lanceolata L.","ACCEPTED","SPECIES","EXACT",98,8208358,6,7707728,220,408,2420
"2803","Plantago lanceolata",8208358,"Plantago lanceolata L.","ACCEPTED","SPECIES","EXACT",98,8208358,6,7707728,220,408,2420
"2804","Plantago major",3189767,"Plantago major L.","ACCEPTED","SPECIES","EXACT",97,3189767,6,7707728,220,408,2420
"2805","Plantago major",3189767,"Plantago major L.","ACCEPTED","SPECIES","EXACT",97,3189767,6,7707728,220,408,2420
"2806","Plantago major",3189767,"Plantago major L.","ACCEPTED","SPECIES","EXACT",97,3189767,6,7707728,220,408,2420
"2807","Plantago major",3189767,"Plantago major L.","ACCEPTED","SPECIES","EXACT",97,3189767,6,7707728,220,408,2420
"2808","Plantago maritima",3189755,"Plantago maritima L.","ACCEPTED","SPECIES","EXACT",97,3189755,6,7707728,220,408,2420
"2809","Plantago maritima",3189755,"Plantago maritima L.","ACCEPTED","SPECIES","EXACT",97,3189755,6,7707728,220,408,2420
"2810","Plantago media",3189747,"Plantago media L.","ACCEPTED","SPECIES","EXACT",98,3189747,6,7707728,220,408,2420
"2811","Plantago media",3189747,"Plantago media L.","ACCEPTED","SPECIES","EXACT",98,3189747,6,7707728,220,408,2420
"2812","Plantago media",3189747,"Plantago media L.","ACCEPTED","SPECIES","EXACT",98,3189747,6,7707728,220,408,2420
"2813","Plantago media",3189747,"Plantago media L.","ACCEPTED","SPECIES","EXACT",98,3189747,6,7707728,220,408,2420
"2814","Veronica acinifolia",8019690,"Veronica acinifolia L.","ACCEPTED","SPECIES","EXACT",97,8019690,6,7707728,220,408,2420
"2815","Veronica acinifolia",8019690,"Veronica acinifolia L.","ACCEPTED","SPECIES","EXACT",97,8019690,6,7707728,220,408,2420
"2816","Veronica acinifolia",8019690,"Veronica acinifolia L.","ACCEPTED","SPECIES","EXACT",97,8019690,6,7707728,220,408,2420
"2817","Veronica agrestis",3172082,"Veronica agrestis L.","ACCEPTED","SPECIES","EXACT",97,3172082,6,7707728,220,408,2420
"2818","Veronica agrestis",3172082,"Veronica agrestis L.","ACCEPTED","SPECIES","EXACT",97,3172082,6,7707728,220,408,2420
"2819","Veronica agrestis",3172082,"Veronica agrestis L.","ACCEPTED","SPECIES","EXACT",97,3172082,6,7707728,220,408,2420
"2820","Veronica agrestis",3172082,"Veronica agrestis L.","ACCEPTED","SPECIES","EXACT",97,3172082,6,7707728,220,408,2420
"2821","Veronica anagallis-aquatica",3172086,"Veronica anagallis-aquatica L.","ACCEPTED","SPECIES","EXACT",99,3172086,6,7707728,220,408,2420
"2822","Veronica anagallis-aquatica",3172086,"Veronica anagallis-aquatica L.","ACCEPTED","SPECIES","EXACT",99,3172086,6,7707728,220,408,2420
"2823","Veronica anagallis-aquatica",3172086,"Veronica anagallis-aquatica L.","ACCEPTED","SPECIES","EXACT",99,3172086,6,7707728,220,408,2420
"2824","Veronica anagallis-aquatica",3172086,"Veronica anagallis-aquatica L.","ACCEPTED","SPECIES","EXACT",99,3172086,6,7707728,220,408,2420
"2825","Veronica arvensis",3172048,"Veronica arvensis L.","ACCEPTED","SPECIES","EXACT",98,3172048,6,7707728,220,408,2420
"2826","Veronica arvensis",3172048,"Veronica arvensis L.","ACCEPTED","SPECIES","EXACT",98,3172048,6,7707728,220,408,2420
"2827","Veronica arvensis",3172048,"Veronica arvensis L.","ACCEPTED","SPECIES","EXACT",98,3172048,6,7707728,220,408,2420
"2828","Veronica arvensis",3172048,"Veronica arvensis L.","ACCEPTED","SPECIES","EXACT",98,3172048,6,7707728,220,408,2420
"2829","Veronica austriaca",3172099,"Veronica austriaca L.","ACCEPTED","SPECIES","EXACT",99,3172099,6,7707728,220,408,2420
"2830","Veronica austriaca",3172099,"Veronica austriaca L.","ACCEPTED","SPECIES","EXACT",99,3172099,6,7707728,220,408,2420
"2831","Veronica austriaca",3172099,"Veronica austriaca L.","ACCEPTED","SPECIES","EXACT",99,3172099,6,7707728,220,408,2420
"2832","Veronica austriaca",3172099,"Veronica austriaca L.","ACCEPTED","SPECIES","EXACT",99,3172099,6,7707728,220,408,2420
"2833","Veronica beccabunga",3172062,"Veronica beccabunga L.","ACCEPTED","SPECIES","EXACT",97,3172062,6,7707728,220,408,2420
"2834","Veronica beccabunga",3172062,"Veronica beccabunga L.","ACCEPTED","SPECIES","EXACT",97,3172062,6,7707728,220,408,2420
"2835","Veronica beccabunga",3172062,"Veronica beccabunga L.","ACCEPTED","SPECIES","EXACT",97,3172062,6,7707728,220,408,2420
"2836","Veronica beccabunga",3172062,"Veronica beccabunga L.","ACCEPTED","SPECIES","EXACT",97,3172062,6,7707728,220,408,2420
"2837","Veronica catenata",3172092,"Veronica catenata Pennell","ACCEPTED","SPECIES","EXACT",99,3172092,6,7707728,220,408,2420
"2838","Veronica catenata",3172092,"Veronica catenata Pennell","ACCEPTED","SPECIES","EXACT",99,3172092,6,7707728,220,408,2420
"2839","Veronica catenata",3172092,"Veronica catenata Pennell","ACCEPTED","SPECIES","EXACT",99,3172092,6,7707728,220,408,2420
"2840","Veronica catenata",3172092,"Veronica catenata Pennell","ACCEPTED","SPECIES","EXACT",99,3172092,6,7707728,220,408,2420
"2841","Veronica chamaedrys",7874883,"Veronica chamaedrys L.","ACCEPTED","SPECIES","EXACT",97,7874883,6,7707728,220,408,2420
"2842","Veronica chamaedrys",7874883,"Veronica chamaedrys L.","ACCEPTED","SPECIES","EXACT",97,7874883,6,7707728,220,408,2420
"2843","Veronica chamaedrys",7874883,"Veronica chamaedrys L.","ACCEPTED","SPECIES","EXACT",97,7874883,6,7707728,220,408,2420
"2844","Veronica chamaedrys",7874883,"Veronica chamaedrys L.","ACCEPTED","SPECIES","EXACT",97,7874883,6,7707728,220,408,2420
"2845","Veronica gentianoides",6439238,"Veronica gentianoides Vahl","ACCEPTED","SPECIES","EXACT",99,6439238,6,7707728,220,408,2420
"2846","Veronica gentianoides",6439238,"Veronica gentianoides Vahl","ACCEPTED","SPECIES","EXACT",99,6439238,6,7707728,220,408,2420
"2847","Veronica hederifolia",3172070,"Veronica hederifolia L.","ACCEPTED","SPECIES","EXACT",97,3172070,6,7707728,220,408,2420
"2848","Veronica hederifolia",3172070,"Veronica hederifolia L.","ACCEPTED","SPECIES","EXACT",97,3172070,6,7707728,220,408,2420
"2849","Veronica hederifolia",3172070,"Veronica hederifolia L.","ACCEPTED","SPECIES","EXACT",97,3172070,6,7707728,220,408,2420
"2850","Veronica hederifolia",3172070,"Veronica hederifolia L.","ACCEPTED","SPECIES","EXACT",97,3172070,6,7707728,220,408,2420
"2851","Veronica montana",8328247,"Veronica montana L.","ACCEPTED","SPECIES","EXACT",97,8328247,6,7707728,220,408,2420
"2852","Veronica montana",8328247,"Veronica montana L.","ACCEPTED","SPECIES","EXACT",97,8328247,6,7707728,220,408,2420
"2853","Veronica montana",8328247,"Veronica montana L.","ACCEPTED","SPECIES","EXACT",97,8328247,6,7707728,220,408,2420
"2854","Veronica montana",8328247,"Veronica montana L.","ACCEPTED","SPECIES","EXACT",97,8328247,6,7707728,220,408,2420
"2855","Veronica officinalis",3172049,"Veronica officinalis L.","ACCEPTED","SPECIES","EXACT",99,3172049,6,7707728,220,408,2420
"2856","Veronica officinalis",3172049,"Veronica officinalis L.","ACCEPTED","SPECIES","EXACT",99,3172049,6,7707728,220,408,2420
"2857","Veronica officinalis",3172049,"Veronica officinalis L.","ACCEPTED","SPECIES","EXACT",99,3172049,6,7707728,220,408,2420
"2858","Veronica officinalis",3172049,"Veronica officinalis L.","ACCEPTED","SPECIES","EXACT",99,3172049,6,7707728,220,408,2420
"2859","Veronica opaca",3172071,"Veronica opaca Fr.","ACCEPTED","SPECIES","EXACT",99,3172071,6,7707728,220,408,2420
"2860","Veronica opaca",3172071,"Veronica opaca Fr.","ACCEPTED","SPECIES","EXACT",99,3172071,6,7707728,220,408,2420
"2861","Veronica opaca",3172071,"Veronica opaca Fr.","ACCEPTED","SPECIES","EXACT",99,3172071,6,7707728,220,408,2420
"2862","Veronica polita",3172074,"Veronica polita Fr.","ACCEPTED","SPECIES","EXACT",99,3172074,6,7707728,220,408,2420
"2863","Veronica polita",3172074,"Veronica polita Fr.","ACCEPTED","SPECIES","EXACT",99,3172074,6,7707728,220,408,2420
"2864","Veronica polita",3172074,"Veronica polita Fr.","ACCEPTED","SPECIES","EXACT",99,3172074,6,7707728,220,408,2420
"2865","Veronica polita",3172074,"Veronica polita Fr.","ACCEPTED","SPECIES","EXACT",99,3172074,6,7707728,220,408,2420
"2866","Veronica praecox",7331926,"Veronica praecox All.","ACCEPTED","SPECIES","EXACT",99,7331926,6,7707728,220,408,2420
"2867","Veronica praecox",7331926,"Veronica praecox All.","ACCEPTED","SPECIES","EXACT",99,7331926,6,7707728,220,408,2420
"2868","Veronica prostrata",8903918,"Veronica prostrata L.","ACCEPTED","SPECIES","EXACT",97,8903918,6,7707728,220,408,2420
"2869","Veronica prostrata",8903918,"Veronica prostrata L.","ACCEPTED","SPECIES","EXACT",97,8903918,6,7707728,220,408,2420
"2870","Veronica prostrata",8903918,"Veronica prostrata L.","ACCEPTED","SPECIES","EXACT",97,8903918,6,7707728,220,408,2420
"2871","Veronica scutellata",3172072,"Veronica scutellata L.","ACCEPTED","SPECIES","EXACT",99,3172072,6,7707728,220,408,2420
"2872","Veronica scutellata",3172072,"Veronica scutellata L.","ACCEPTED","SPECIES","EXACT",99,3172072,6,7707728,220,408,2420
"2873","Veronica scutellata",3172072,"Veronica scutellata L.","ACCEPTED","SPECIES","EXACT",99,3172072,6,7707728,220,408,2420
"2874","Veronica serpyllifolia",3172057,"Veronica serpyllifolia L.","ACCEPTED","SPECIES","EXACT",97,3172057,6,7707728,220,408,2420
"2875","Veronica serpyllifolia",3172057,"Veronica serpyllifolia L.","ACCEPTED","SPECIES","EXACT",97,3172057,6,7707728,220,408,2420
"2876","Veronica serpyllifolia",3172057,"Veronica serpyllifolia L.","ACCEPTED","SPECIES","EXACT",97,3172057,6,7707728,220,408,2420
"2877","Veronica serpyllifolia",3172057,"Veronica serpyllifolia L.","ACCEPTED","SPECIES","EXACT",97,3172057,6,7707728,220,408,2420
"2878","Veronica triphyllos",3172119,"Veronica triphyllos L.","ACCEPTED","SPECIES","EXACT",97,3172119,6,7707728,220,408,2420
"2879","Veronica triphyllos",3172119,"Veronica triphyllos L.","ACCEPTED","SPECIES","EXACT",97,3172119,6,7707728,220,408,2420
"2880","Veronica triphyllos",3172119,"Veronica triphyllos L.","ACCEPTED","SPECIES","EXACT",97,3172119,6,7707728,220,408,2420
"2881","Limosella aquatica",3172211,"Limosella aquatica L.","ACCEPTED","SPECIES","EXACT",97,3172211,6,7707728,220,408,2390
"2882","Limosella aquatica",3172211,"Limosella aquatica L.","ACCEPTED","SPECIES","EXACT",97,3172211,6,7707728,220,408,2390
"2883","Limosella aquatica",3172211,"Limosella aquatica L.","ACCEPTED","SPECIES","EXACT",97,3172211,6,7707728,220,408,2390
"2884","Armeria maritima",8930531,"Armeria maritima (Mill.) Willd.","ACCEPTED","SPECIES","EXACT",97,8930531,6,7707728,220,422,2419
"2885","Armeria maritima",8930531,"Armeria maritima (Mill.) Willd.","ACCEPTED","SPECIES","EXACT",97,8930531,6,7707728,220,422,2419
"2886","Armeria maritima",8930531,"Armeria maritima (Mill.) Willd.","ACCEPTED","SPECIES","EXACT",97,8930531,6,7707728,220,422,2419
"2887","Limonium vulgare",3082322,"Limonium vulgare Mill.","ACCEPTED","SPECIES","EXACT",98,3082322,6,7707728,220,422,2419
"2888","Limonium vulgare",3082322,"Limonium vulgare Mill.","ACCEPTED","SPECIES","EXACT",98,3082322,6,7707728,220,422,2419
"2889","Agrostis canina",2706465,"Agrostis canina L.","ACCEPTED","SPECIES","EXACT",97,2706465,6,7707728,196,1369,3073
"2890","Agrostis canina",2706465,"Agrostis canina L.","ACCEPTED","SPECIES","EXACT",97,2706465,6,7707728,196,1369,3073
"2891","Agrostis canina",2706465,"Agrostis canina L.","ACCEPTED","SPECIES","EXACT",97,2706465,6,7707728,196,1369,3073
"2892","Agrostis capillaris",2706490,"Agrostis capillaris L.","ACCEPTED","SPECIES","EXACT",97,2706490,6,7707728,196,1369,3073
"2893","Agrostis capillaris",2706490,"Agrostis capillaris L.","ACCEPTED","SPECIES","EXACT",97,2706490,6,7707728,196,1369,3073
"2894","Agrostis capillaris",2706490,"Agrostis capillaris L.","ACCEPTED","SPECIES","EXACT",97,2706490,6,7707728,196,1369,3073
"2895","Agrostis capillaris",2706490,"Agrostis capillaris L.","ACCEPTED","SPECIES","EXACT",97,2706490,6,7707728,196,1369,3073
"2896","Agrostis gigantea",2706541,"Agrostis gigantea Roth","ACCEPTED","SPECIES","EXACT",99,2706541,6,7707728,196,1369,3073
"2897","Agrostis gigantea",2706541,"Agrostis gigantea Roth","ACCEPTED","SPECIES","EXACT",99,2706541,6,7707728,196,1369,3073
"2898","Agrostis gigantea",2706541,"Agrostis gigantea Roth","ACCEPTED","SPECIES","EXACT",99,2706541,6,7707728,196,1369,3073
"2899","Agrostis gigantea",2706541,"Agrostis gigantea Roth","ACCEPTED","SPECIES","EXACT",99,2706541,6,7707728,196,1369,3073
"2900","Agrostis stolonifera",2706435,"Agrostis stolonifera L.","ACCEPTED","SPECIES","EXACT",97,2706435,6,7707728,196,1369,3073
"2901","Agrostis stolonifera",2706435,"Agrostis stolonifera L.","ACCEPTED","SPECIES","EXACT",97,2706435,6,7707728,196,1369,3073
"2902","Agrostis stolonifera",2706435,"Agrostis stolonifera L.","ACCEPTED","SPECIES","EXACT",97,2706435,6,7707728,196,1369,3073
"2903","Agrostis stolonifera",2706435,"Agrostis stolonifera L.","ACCEPTED","SPECIES","EXACT",97,2706435,6,7707728,196,1369,3073
"2904","Agrostis vinealis",2706458,"Agrostis vinealis Schreb.","ACCEPTED","SPECIES","EXACT",97,2706458,6,7707728,196,1369,3073
"2905","Agrostis vinealis",2706458,"Agrostis vinealis Schreb.","ACCEPTED","SPECIES","EXACT",97,2706458,6,7707728,196,1369,3073
"2906","Agrostis vinealis",2706458,"Agrostis vinealis Schreb.","ACCEPTED","SPECIES","EXACT",97,2706458,6,7707728,196,1369,3073
"2907","Aira caryophyllea",7747216,"Aira caryophyllea L.","ACCEPTED","SPECIES","EXACT",97,7747216,6,7707728,196,1369,3073
"2908","Aira caryophyllea",7747216,"Aira caryophyllea L.","ACCEPTED","SPECIES","EXACT",97,7747216,6,7707728,196,1369,3073
"2909","Aira caryophyllea",7747216,"Aira caryophyllea L.","ACCEPTED","SPECIES","EXACT",97,7747216,6,7707728,196,1369,3073
"2910","Aira caryophyllea",7747216,"Aira caryophyllea L.","ACCEPTED","SPECIES","EXACT",97,7747216,6,7707728,196,1369,3073
"2911","Aira praecox",5289582,"Aira praecox L.","ACCEPTED","SPECIES","EXACT",99,5289582,6,7707728,196,1369,3073
"2912","Aira praecox",5289582,"Aira praecox L.","ACCEPTED","SPECIES","EXACT",99,5289582,6,7707728,196,1369,3073
"2913","Aira praecox",5289582,"Aira praecox L.","ACCEPTED","SPECIES","EXACT",99,5289582,6,7707728,196,1369,3073
"2914","Aira praecox",5289582,"Aira praecox L.","ACCEPTED","SPECIES","EXACT",99,5289582,6,7707728,196,1369,3073
"2915","Alopecurus aequalis",5290083,"Alopecurus aequalis Sobol.","ACCEPTED","SPECIES","EXACT",98,5290083,6,7707728,196,1369,3073
"2916","Alopecurus aequalis",5290083,"Alopecurus aequalis Sobol.","ACCEPTED","SPECIES","EXACT",98,5290083,6,7707728,196,1369,3073
"2917","Alopecurus aequalis",5290083,"Alopecurus aequalis Sobol.","ACCEPTED","SPECIES","EXACT",98,5290083,6,7707728,196,1369,3073
"2918","Alopecurus geniculatus",5290090,"Alopecurus geniculatus L.","ACCEPTED","SPECIES","EXACT",97,5290090,6,7707728,196,1369,3073
"2919","Alopecurus geniculatus",5290090,"Alopecurus geniculatus L.","ACCEPTED","SPECIES","EXACT",97,5290090,6,7707728,196,1369,3073
"2920","Alopecurus geniculatus",5290090,"Alopecurus geniculatus L.","ACCEPTED","SPECIES","EXACT",97,5290090,6,7707728,196,1369,3073
"2921","Alopecurus geniculatus",5290090,"Alopecurus geniculatus L.","ACCEPTED","SPECIES","EXACT",97,5290090,6,7707728,196,1369,3073
"2922","Alopecurus myosuroides",5290097,"Alopecurus myosuroides Huds.","ACCEPTED","SPECIES","EXACT",99,5290097,6,7707728,196,1369,3073
"2923","Alopecurus myosuroides",5290097,"Alopecurus myosuroides Huds.","ACCEPTED","SPECIES","EXACT",99,5290097,6,7707728,196,1369,3073
"2924","Alopecurus myosuroides",5290097,"Alopecurus myosuroides Huds.","ACCEPTED","SPECIES","EXACT",99,5290097,6,7707728,196,1369,3073
"2925","Alopecurus myosuroides",5290097,"Alopecurus myosuroides Huds.","ACCEPTED","SPECIES","EXACT",99,5290097,6,7707728,196,1369,3073
"2926","Alopecurus pratensis",5290081,"Alopecurus pratensis L.","ACCEPTED","SPECIES","EXACT",97,5290081,6,7707728,196,1369,3073
"2927","Alopecurus pratensis",5290081,"Alopecurus pratensis L.","ACCEPTED","SPECIES","EXACT",97,5290081,6,7707728,196,1369,3073
"2928","Alopecurus pratensis",5290081,"Alopecurus pratensis L.","ACCEPTED","SPECIES","EXACT",97,5290081,6,7707728,196,1369,3073
"2929","Alopecurus pratensis",5290081,"Alopecurus pratensis L.","ACCEPTED","SPECIES","EXACT",97,5290081,6,7707728,196,1369,3073
"2930","Alopecurus rendlei",5290073,"Alopecurus rendlei Eig","ACCEPTED","SPECIES","EXACT",99,5290073,6,7707728,196,1369,3073
"2931","Alopecurus rendlei",5290073,"Alopecurus rendlei Eig","ACCEPTED","SPECIES","EXACT",99,5290073,6,7707728,196,1369,3073
"2932","Anisantha sterilis",2703648,"Anisantha sterilis (L.) Nevski","SYNONYM","SPECIES","EXACT",98,2703647,6,7707728,196,1369,3073
"2933","Anisantha sterilis",2703648,"Anisantha sterilis (L.) Nevski","SYNONYM","SPECIES","EXACT",98,2703647,6,7707728,196,1369,3073
"2934","Anisantha sterilis",2703648,"Anisantha sterilis (L.) Nevski","SYNONYM","SPECIES","EXACT",98,2703647,6,7707728,196,1369,3073
"2935","Anisantha sterilis",2703648,"Anisantha sterilis (L.) Nevski","SYNONYM","SPECIES","EXACT",98,2703647,6,7707728,196,1369,3073
"2936","Anisantha tectorum",2703751,"Anisantha tectorum (L.) Nevski","SYNONYM","SPECIES","EXACT",98,2703746,6,7707728,196,1369,3073
"2937","Anisantha tectorum",2703751,"Anisantha tectorum (L.) Nevski","SYNONYM","SPECIES","EXACT",98,2703746,6,7707728,196,1369,3073
"2938","Anisantha tectorum",2703751,"Anisantha tectorum (L.) Nevski","SYNONYM","SPECIES","EXACT",98,2703746,6,7707728,196,1369,3073
"2939","Anisantha tectorum",2703751,"Anisantha tectorum (L.) Nevski","SYNONYM","SPECIES","EXACT",98,2703746,6,7707728,196,1369,3073
"2940","Anthoxanthum odoratum",2705975,"Anthoxanthum odoratum L.","ACCEPTED","SPECIES","EXACT",99,2705975,6,7707728,196,1369,3073
"2941","Anthoxanthum odoratum",2705975,"Anthoxanthum odoratum L.","ACCEPTED","SPECIES","EXACT",99,2705975,6,7707728,196,1369,3073
"2942","Anthoxanthum odoratum",2705975,"Anthoxanthum odoratum L.","ACCEPTED","SPECIES","EXACT",99,2705975,6,7707728,196,1369,3073
"2943","Anthoxanthum odoratum",2705975,"Anthoxanthum odoratum L.","ACCEPTED","SPECIES","EXACT",99,2705975,6,7707728,196,1369,3073
"2944","Apera spica-venti",5289642,"Apera spica-venti (L.) P.Beauv.","ACCEPTED","SPECIES","EXACT",99,5289642,6,7707728,196,1369,3073
"2945","Apera spica-venti",5289642,"Apera spica-venti (L.) P.Beauv.","ACCEPTED","SPECIES","EXACT",99,5289642,6,7707728,196,1369,3073
"2946","Apera spica-venti",5289642,"Apera spica-venti (L.) P.Beauv.","ACCEPTED","SPECIES","EXACT",99,5289642,6,7707728,196,1369,3073
"2947","Apera spica-venti",5289642,"Apera spica-venti (L.) P.Beauv.","ACCEPTED","SPECIES","EXACT",99,5289642,6,7707728,196,1369,3073
"2948","Arrhenatherum elatius",2704505,"Arrhenatherum elatius (L.) P.Beauv. ex J.Presl & C.Presl","ACCEPTED","SPECIES","EXACT",97,2704505,6,7707728,196,1369,3073
"2949","Arrhenatherum elatius",2704505,"Arrhenatherum elatius (L.) P.Beauv. ex J.Presl & C.Presl","ACCEPTED","SPECIES","EXACT",97,2704505,6,7707728,196,1369,3073
"2950","Arrhenatherum elatius",2704505,"Arrhenatherum elatius (L.) P.Beauv. ex J.Presl & C.Presl","ACCEPTED","SPECIES","EXACT",97,2704505,6,7707728,196,1369,3073
"2951","Arrhenatherum elatius",2704505,"Arrhenatherum elatius (L.) P.Beauv. ex J.Presl & C.Presl","ACCEPTED","SPECIES","EXACT",97,2704505,6,7707728,196,1369,3073
"2952","Avena fatua",2705297,"Avena fatua L.","ACCEPTED","SPECIES","EXACT",98,2705297,6,7707728,196,1369,3073
"2953","Avena fatua",2705297,"Avena fatua L.","ACCEPTED","SPECIES","EXACT",98,2705297,6,7707728,196,1369,3073
"2954","Avena fatua",2705297,"Avena fatua L.","ACCEPTED","SPECIES","EXACT",98,2705297,6,7707728,196,1369,3073
"2955","Avena fatua",2705297,"Avena fatua L.","ACCEPTED","SPECIES","EXACT",98,2705297,6,7707728,196,1369,3073
"2956","Avenella flexuosa",4149465,"Avenella flexuosa (L.) Drejer","ACCEPTED","SPECIES","EXACT",97,4149465,6,7707728,196,1369,3073
"2957","Avenella flexuosa",4149465,"Avenella flexuosa (L.) Drejer","ACCEPTED","SPECIES","EXACT",97,4149465,6,7707728,196,1369,3073
"2958","Avenella flexuosa",4149465,"Avenella flexuosa (L.) Drejer","ACCEPTED","SPECIES","EXACT",97,4149465,6,7707728,196,1369,3073
"2959","Avenella flexuosa",4149465,"Avenella flexuosa (L.) Drejer","ACCEPTED","SPECIES","EXACT",97,4149465,6,7707728,196,1369,3073
"2960","Avenula pubescens",2703793,"Avenula pubescens (Huds.) Dumort.","ACCEPTED","SPECIES","EXACT",99,2703793,6,7707728,196,1369,3073
"2961","Avenula pubescens",2703793,"Avenula pubescens (Huds.) Dumort.","ACCEPTED","SPECIES","EXACT",99,2703793,6,7707728,196,1369,3073
"2962","Avenula pubescens",2703793,"Avenula pubescens (Huds.) Dumort.","ACCEPTED","SPECIES","EXACT",99,2703793,6,7707728,196,1369,3073
"2963","Brachypodium pinnatum",5290142,"Brachypodium pinnatum (L.) P.Beauv.","ACCEPTED","SPECIES","EXACT",99,5290142,6,7707728,196,1369,3073
"2964","Brachypodium pinnatum",5290142,"Brachypodium pinnatum (L.) P.Beauv.","ACCEPTED","SPECIES","EXACT",99,5290142,6,7707728,196,1369,3073
"2965","Brachypodium pinnatum",5290142,"Brachypodium pinnatum (L.) P.Beauv.","ACCEPTED","SPECIES","EXACT",99,5290142,6,7707728,196,1369,3073
"2966","Brachypodium pinnatum",5290142,"Brachypodium pinnatum (L.) P.Beauv.","ACCEPTED","SPECIES","EXACT",99,5290142,6,7707728,196,1369,3073
"2967","Brachypodium sylvaticum",5290146,"Brachypodium sylvaticum (Huds.) P.Beauv.","ACCEPTED","SPECIES","EXACT",99,5290146,6,7707728,196,1369,3073
"2968","Brachypodium sylvaticum",5290146,"Brachypodium sylvaticum (Huds.) P.Beauv.","ACCEPTED","SPECIES","EXACT",99,5290146,6,7707728,196,1369,3073
"2969","Brachypodium sylvaticum",5290146,"Brachypodium sylvaticum (Huds.) P.Beauv.","ACCEPTED","SPECIES","EXACT",99,5290146,6,7707728,196,1369,3073
"2970","Brachypodium sylvaticum",5290146,"Brachypodium sylvaticum (Huds.) P.Beauv.","ACCEPTED","SPECIES","EXACT",99,5290146,6,7707728,196,1369,3073
"2971","Briza media",2702789,"Briza media L.","ACCEPTED","SPECIES","EXACT",99,2702789,6,7707728,196,1369,3073
"2972","Briza media",2702789,"Briza media L.","ACCEPTED","SPECIES","EXACT",99,2702789,6,7707728,196,1369,3073
"2973","Briza media",2702789,"Briza media L.","ACCEPTED","SPECIES","EXACT",99,2702789,6,7707728,196,1369,3073
"2974","Briza media",2702789,"Briza media L.","ACCEPTED","SPECIES","EXACT",99,2702789,6,7707728,196,1369,3073
"2975","Bromopsis erecta",2703669,"Bromopsis erecta (Huds.) Fourr.","SYNONYM","SPECIES","EXACT",97,7647071,6,7707728,196,1369,3073
"2976","Bromopsis erecta",2703669,"Bromopsis erecta (Huds.) Fourr.","SYNONYM","SPECIES","EXACT",97,7647071,6,7707728,196,1369,3073
"2977","Bromopsis erecta",2703669,"Bromopsis erecta (Huds.) Fourr.","SYNONYM","SPECIES","EXACT",97,7647071,6,7707728,196,1369,3073
"2978","Bromopsis ramosa",2703768,"Bromopsis ramosa (Huds.) Holub","SYNONYM","SPECIES","EXACT",98,2703766,6,7707728,196,1369,3073
"2979","Bromopsis ramosa",2703768,"Bromopsis ramosa (Huds.) Holub","SYNONYM","SPECIES","EXACT",98,2703766,6,7707728,196,1369,3073
"2980","Bromopsis ramosa",2703768,"Bromopsis ramosa (Huds.) Holub","SYNONYM","SPECIES","EXACT",98,2703766,6,7707728,196,1369,3073
"2981","Bromus arvensis",2703705,"Bromus arvensis L.","ACCEPTED","SPECIES","EXACT",97,2703705,6,7707728,196,1369,3073
"2982","Bromus arvensis",2703705,"Bromus arvensis L.","ACCEPTED","SPECIES","EXACT",97,2703705,6,7707728,196,1369,3073
"2983","Bromus arvensis",2703705,"Bromus arvensis L.","ACCEPTED","SPECIES","EXACT",97,2703705,6,7707728,196,1369,3073
"2984","Bromus arvensis",2703705,"Bromus arvensis L.","ACCEPTED","SPECIES","EXACT",97,2703705,6,7707728,196,1369,3073
"2985","Bromus bromoideus",4932846,"Bromus bromoideus (Lej.) Crép.","ACCEPTED","SPECIES","EXACT",97,4932846,6,7707728,196,1369,3073
"2986","Bromus bromoideus",4932846,"Bromus bromoideus (Lej.) Crép.","ACCEPTED","SPECIES","EXACT",97,4932846,6,7707728,196,1369,3073
"2987","Bromus grossus",2703659,"Bromus grossus Desf. ex DC.","ACCEPTED","SPECIES","EXACT",98,2703659,6,7707728,196,1369,3073
"2988","Bromus grossus",2703659,"Bromus grossus Desf. ex DC.","ACCEPTED","SPECIES","EXACT",98,2703659,6,7707728,196,1369,3073
"2989","Bromus hordeaceus",2703777,"Bromus hordeaceus L.","ACCEPTED","SPECIES","EXACT",97,2703777,6,7707728,196,1369,3073
"2990","Bromus hordeaceus",2703777,"Bromus hordeaceus L.","ACCEPTED","SPECIES","EXACT",97,2703777,6,7707728,196,1369,3073
"2991","Bromus hordeaceus",2703777,"Bromus hordeaceus L.","ACCEPTED","SPECIES","EXACT",97,2703777,6,7707728,196,1369,3073
"2992","Bromus hordeaceus",2703777,"Bromus hordeaceus L.","ACCEPTED","SPECIES","EXACT",97,2703777,6,7707728,196,1369,3073
"2993","Bromus racemosus",2703764,"Bromus racemosus L.","ACCEPTED","SPECIES","EXACT",99,2703764,6,7707728,196,1369,3073
"2994","Bromus racemosus",2703764,"Bromus racemosus L.","ACCEPTED","SPECIES","EXACT",99,2703764,6,7707728,196,1369,3073
"2995","Bromus racemosus",2703764,"Bromus racemosus L.","ACCEPTED","SPECIES","EXACT",99,2703764,6,7707728,196,1369,3073
"2996","Bromus racemosus",2703764,"Bromus racemosus L.","ACCEPTED","SPECIES","EXACT",99,2703764,6,7707728,196,1369,3073
"2997","Bromus secalinus",2703717,"Bromus secalinus L.","ACCEPTED","SPECIES","EXACT",98,2703717,6,7707728,196,1369,3073
"2998","Bromus secalinus",2703717,"Bromus secalinus L.","ACCEPTED","SPECIES","EXACT",98,2703717,6,7707728,196,1369,3073
"2999","Bromus secalinus",2703717,"Bromus secalinus L.","ACCEPTED","SPECIES","EXACT",98,2703717,6,7707728,196,1369,3073
"3000","Bromus secalinus",2703717,"Bromus secalinus L.","ACCEPTED","SPECIES","EXACT",98,2703717,6,7707728,196,1369,3073
"3001","Calamagrostis arenaria",4126489,"Calamagrostis arenaria (L.) Roth","ACCEPTED","SPECIES","EXACT",99,4126489,6,7707728,196,1369,3073
"3002","Calamagrostis arenaria",4126489,"Calamagrostis arenaria (L.) Roth","ACCEPTED","SPECIES","EXACT",99,4126489,6,7707728,196,1369,3073
"3003","Calamagrostis arundinacea",4109084,"Calamagrostis arundinacea (L.) Roth","ACCEPTED","SPECIES","EXACT",97,4109084,6,7707728,196,1369,3073
"3004","Calamagrostis arundinacea",4109084,"Calamagrostis arundinacea (L.) Roth","ACCEPTED","SPECIES","EXACT",97,4109084,6,7707728,196,1369,3073
"3005","Calamagrostis arundinacea",4109084,"Calamagrostis arundinacea (L.) Roth","ACCEPTED","SPECIES","EXACT",97,4109084,6,7707728,196,1369,3073
"3006","Calamagrostis canescens",4108861,"Calamagrostis canescens (Weber) Roth","ACCEPTED","SPECIES","EXACT",97,4108861,6,7707728,196,1369,3073
"3007","Calamagrostis canescens",4108861,"Calamagrostis canescens (Weber) Roth","ACCEPTED","SPECIES","EXACT",97,4108861,6,7707728,196,1369,3073
"3008","Calamagrostis canescens",4108861,"Calamagrostis canescens (Weber) Roth","ACCEPTED","SPECIES","EXACT",97,4108861,6,7707728,196,1369,3073
"3009","Calamagrostis canescens",4108861,"Calamagrostis canescens (Weber) Roth","ACCEPTED","SPECIES","EXACT",97,4108861,6,7707728,196,1369,3073
"3010","Calamagrostis epigejos",6431455,"Calamagrostis epigejos (L.) Roth","ACCEPTED","SPECIES","EXACT",99,6431455,6,7707728,196,1369,3073
"3011","Calamagrostis epigejos",6431455,"Calamagrostis epigejos (L.) Roth","ACCEPTED","SPECIES","EXACT",99,6431455,6,7707728,196,1369,3073
"3012","Calamagrostis epigejos",6431455,"Calamagrostis epigejos (L.) Roth","ACCEPTED","SPECIES","EXACT",99,6431455,6,7707728,196,1369,3073
"3013","Calamagrostis epigejos",6431455,"Calamagrostis epigejos (L.) Roth","ACCEPTED","SPECIES","EXACT",99,6431455,6,7707728,196,1369,3073
"3014","Calamagrostis phragmitoides",4151143,"Calamagrostis phragmitoides Hartm.","SYNONYM","SPECIES","EXACT",98,4107931,6,7707728,196,1369,3073
"3015","Calamagrostis phragmitoides",4151143,"Calamagrostis phragmitoides Hartm.","SYNONYM","SPECIES","EXACT",98,4107931,6,7707728,196,1369,3073
"3016","Catabrosa aquatica",2705315,"Catabrosa aquatica (L.) P.Beauv.","ACCEPTED","SPECIES","EXACT",97,2705315,6,7707728,196,1369,3073
"3017","Catabrosa aquatica",2705315,"Catabrosa aquatica (L.) P.Beauv.","ACCEPTED","SPECIES","EXACT",97,2705315,6,7707728,196,1369,3073
"3018","Catabrosa aquatica",2705315,"Catabrosa aquatica (L.) P.Beauv.","ACCEPTED","SPECIES","EXACT",97,2705315,6,7707728,196,1369,3073
"3019","Catapodium marinum",4105452,"Catapodium marinum (L.) C.E.Hubb.","ACCEPTED","SPECIES","EXACT",99,4105452,6,7707728,196,1369,3073
"3020","Catapodium marinum",4105452,"Catapodium marinum (L.) C.E.Hubb.","ACCEPTED","SPECIES","EXACT",99,4105452,6,7707728,196,1369,3073
"3021","Catapodium rigidum",2705228,"Catapodium rigidum (L.) C.E.Hubb.","ACCEPTED","SPECIES","EXACT",97,2705228,6,7707728,196,1369,3073
"3022","Catapodium rigidum",2705228,"Catapodium rigidum (L.) C.E.Hubb.","ACCEPTED","SPECIES","EXACT",97,2705228,6,7707728,196,1369,3073
"3023","Catapodium rigidum",2705228,"Catapodium rigidum (L.) C.E.Hubb.","ACCEPTED","SPECIES","EXACT",97,2705228,6,7707728,196,1369,3073
"3024","Catapodium rigidum",2705228,"Catapodium rigidum (L.) C.E.Hubb.","ACCEPTED","SPECIES","EXACT",97,2705228,6,7707728,196,1369,3073
"3025","Corynephorus canescens",5290194,"Corynephorus canescens (L.) P.Beauv.","ACCEPTED","SPECIES","EXACT",99,5290194,6,7707728,196,1369,3073
"3026","Corynephorus canescens",5290194,"Corynephorus canescens (L.) P.Beauv.","ACCEPTED","SPECIES","EXACT",99,5290194,6,7707728,196,1369,3073
"3027","Corynephorus canescens",5290194,"Corynephorus canescens (L.) P.Beauv.","ACCEPTED","SPECIES","EXACT",99,5290194,6,7707728,196,1369,3073
"3028","Cynosurus cristatus",2704395,"Cynosurus cristatus L.","ACCEPTED","SPECIES","EXACT",99,2704395,6,7707728,196,1369,3073
"3029","Cynosurus cristatus",2704395,"Cynosurus cristatus L.","ACCEPTED","SPECIES","EXACT",99,2704395,6,7707728,196,1369,3073
"3030","Cynosurus cristatus",2704395,"Cynosurus cristatus L.","ACCEPTED","SPECIES","EXACT",99,2704395,6,7707728,196,1369,3073
"3031","Cynosurus cristatus",2704395,"Cynosurus cristatus L.","ACCEPTED","SPECIES","EXACT",99,2704395,6,7707728,196,1369,3073
"3032","Dactylis glomerata",2705308,"Dactylis glomerata L.","ACCEPTED","SPECIES","EXACT",99,2705308,6,7707728,196,1369,3073
"3033","Dactylis glomerata",2705308,"Dactylis glomerata L.","ACCEPTED","SPECIES","EXACT",99,2705308,6,7707728,196,1369,3073
"3034","Dactylis glomerata",2705308,"Dactylis glomerata L.","ACCEPTED","SPECIES","EXACT",99,2705308,6,7707728,196,1369,3073
"3035","Dactylis glomerata",2705308,"Dactylis glomerata L.","ACCEPTED","SPECIES","EXACT",99,2705308,6,7707728,196,1369,3073
"3036","Danthonia decumbens",2703250,"Danthonia decumbens (L.) DC.","ACCEPTED","SPECIES","EXACT",99,2703250,6,7707728,196,1369,3073
"3037","Danthonia decumbens",2703250,"Danthonia decumbens (L.) DC.","ACCEPTED","SPECIES","EXACT",99,2703250,6,7707728,196,1369,3073
"3038","Danthonia decumbens",2703250,"Danthonia decumbens (L.) DC.","ACCEPTED","SPECIES","EXACT",99,2703250,6,7707728,196,1369,3073
"3039","Deschampsia cespitosa",8059811,"Deschampsia cespitosa (L.) P.Beauv.","ACCEPTED","SPECIES","EXACT",99,8059811,6,7707728,196,1369,3073
"3040","Deschampsia cespitosa",8059811,"Deschampsia cespitosa (L.) P.Beauv.","ACCEPTED","SPECIES","EXACT",99,8059811,6,7707728,196,1369,3073
"3041","Deschampsia cespitosa",8059811,"Deschampsia cespitosa (L.) P.Beauv.","ACCEPTED","SPECIES","EXACT",99,8059811,6,7707728,196,1369,3073
"3042","Deschampsia cespitosa",8059811,"Deschampsia cespitosa (L.) P.Beauv.","ACCEPTED","SPECIES","EXACT",99,8059811,6,7707728,196,1369,3073
"3043","Deschampsia setacea",4142609,"Deschampsia setacea (Huds.) Hack.","ACCEPTED","SPECIES","EXACT",98,4142609,6,7707728,196,1369,3073
"3044","Deschampsia setacea",4142609,"Deschampsia setacea (Huds.) Hack.","ACCEPTED","SPECIES","EXACT",98,4142609,6,7707728,196,1369,3073
"3045","Digitaria ischaemum",5290003,"Digitaria ischaemum (Schreb.) Muhl.","ACCEPTED","SPECIES","EXACT",97,5290003,6,7707728,196,1369,3073
"3046","Digitaria ischaemum",5290003,"Digitaria ischaemum (Schreb.) Muhl.","ACCEPTED","SPECIES","EXACT",97,5290003,6,7707728,196,1369,3073
"3047","Digitaria ischaemum",5290003,"Digitaria ischaemum (Schreb.) Muhl.","ACCEPTED","SPECIES","EXACT",97,5290003,6,7707728,196,1369,3073
"3048","Digitaria ischaemum",5290003,"Digitaria ischaemum (Schreb.) Muhl.","ACCEPTED","SPECIES","EXACT",97,5290003,6,7707728,196,1369,3073
"3049","Elymus athericus",8766300,"Elymus athericus (Link) Kerguélen","ACCEPTED","SPECIES","EXACT",99,8766300,6,7707728,196,1369,3073
"3050","Elymus athericus",8766300,"Elymus athericus (Link) Kerguélen","ACCEPTED","SPECIES","EXACT",99,8766300,6,7707728,196,1369,3073
"3051","Elymus athericus",8766300,"Elymus athericus (Link) Kerguélen","ACCEPTED","SPECIES","EXACT",99,8766300,6,7707728,196,1369,3073
"3052","Elymus campestris",4112043,"Elymus campestris (Godr. & Gren.) Kerguélen","SYNONYM","SPECIES","EXACT",98,5671967,6,7707728,196,1369,3073
"3053","Elymus campestris",4112043,"Elymus campestris (Godr. & Gren.) Kerguélen","SYNONYM","SPECIES","EXACT",98,5671967,6,7707728,196,1369,3073
"3054","Elymus caninus",5290319,"Elymus caninus (L.) L.","ACCEPTED","SPECIES","EXACT",97,5290319,6,7707728,196,1369,3073
"3055","Elymus caninus",5290319,"Elymus caninus (L.) L.","ACCEPTED","SPECIES","EXACT",97,5290319,6,7707728,196,1369,3073
"3056","Elymus caninus",5290319,"Elymus caninus (L.) L.","ACCEPTED","SPECIES","EXACT",97,5290319,6,7707728,196,1369,3073
"3057","Elymus caninus",5290319,"Elymus caninus (L.) L.","ACCEPTED","SPECIES","EXACT",97,5290319,6,7707728,196,1369,3073
"3058","Elymus farctus",5289901,"Elymus farctus (Viv.) Runemark ex Melderis","SYNONYM","SPECIES","EXACT",97,8395719,6,7707728,196,1369,3073
"3059","Elymus farctus",5289901,"Elymus farctus (Viv.) Runemark ex Melderis","SYNONYM","SPECIES","EXACT",97,8395719,6,7707728,196,1369,3073
"3060","Elymus repens",5290299,"Elymus repens (L.) Gould","ACCEPTED","SPECIES","EXACT",99,5290299,6,7707728,196,1369,3073
"3061","Elymus repens",5290299,"Elymus repens (L.) Gould","ACCEPTED","SPECIES","EXACT",99,5290299,6,7707728,196,1369,3073
"3062","Elymus repens",5290299,"Elymus repens (L.) Gould","ACCEPTED","SPECIES","EXACT",99,5290299,6,7707728,196,1369,3073
"3063","Elymus repens",5290299,"Elymus repens (L.) Gould","ACCEPTED","SPECIES","EXACT",99,5290299,6,7707728,196,1369,3073
"3064","Festuca altissima",4129208,"Festuca altissima All.","ACCEPTED","SPECIES","EXACT",97,4129208,6,7707728,196,1369,3073
"3065","Festuca altissima",4129208,"Festuca altissima All.","ACCEPTED","SPECIES","EXACT",97,4129208,6,7707728,196,1369,3073
"3066","Festuca altissima",4129208,"Festuca altissima All.","ACCEPTED","SPECIES","EXACT",97,4129208,6,7707728,196,1369,3073
"3067","Festuca filiformis",2705011,"Festuca filiformis Pourr.","ACCEPTED","SPECIES","EXACT",97,2705011,6,7707728,196,1369,3073
"3068","Festuca filiformis",2705011,"Festuca filiformis Pourr.","ACCEPTED","SPECIES","EXACT",97,2705011,6,7707728,196,1369,3073
"3069","Festuca filiformis",2705011,"Festuca filiformis Pourr.","ACCEPTED","SPECIES","EXACT",97,2705011,6,7707728,196,1369,3073
"3070","Festuca filiformis",2705011,"Festuca filiformis Pourr.","ACCEPTED","SPECIES","EXACT",97,2705011,6,7707728,196,1369,3073
"3071","Festuca guestfalica",4123395,"Festuca guestfalica Boenn. ex Rchb.","ACCEPTED","SPECIES","EXACT",97,4123395,6,7707728,196,1369,3073
"3072","Festuca guestfalica",4123395,"Festuca guestfalica Boenn. ex Rchb.","ACCEPTED","SPECIES","EXACT",97,4123395,6,7707728,196,1369,3073
"3073","Festuca guestfalica",4123395,"Festuca guestfalica Boenn. ex Rchb.","ACCEPTED","SPECIES","EXACT",97,4123395,6,7707728,196,1369,3073
"3074","Festuca heteropachys",4123077,"Festuca heteropachys (St.-Yves) Patzke ex Auquier","ACCEPTED","SPECIES","EXACT",97,4123077,6,7707728,196,1369,3073
"3075","Festuca heteropachys",4123077,"Festuca heteropachys (St.-Yves) Patzke ex Auquier","ACCEPTED","SPECIES","EXACT",97,4123077,6,7707728,196,1369,3073
"3076","Festuca heterophylla",2704987,"Festuca heterophylla Lam.","ACCEPTED","SPECIES","EXACT",97,2704987,6,7707728,196,1369,3073
"3077","Festuca heterophylla",2704987,"Festuca heterophylla Lam.","ACCEPTED","SPECIES","EXACT",97,2704987,6,7707728,196,1369,3073
"3078","Festuca heterophylla",2704987,"Festuca heterophylla Lam.","ACCEPTED","SPECIES","EXACT",97,2704987,6,7707728,196,1369,3073
"3079","Festuca juncifolia",4122081,"Festuca juncifolia St.-Amans","ACCEPTED","SPECIES","EXACT",97,4122081,6,7707728,196,1369,3073
"3080","Festuca juncifolia",4122081,"Festuca juncifolia St.-Amans","ACCEPTED","SPECIES","EXACT",97,4122081,6,7707728,196,1369,3073
"3081","Festuca lemanii",4121486,"Festuca lemanii T.Bastard","ACCEPTED","SPECIES","EXACT",99,4121486,6,7707728,196,1369,3073
"3082","Festuca lemanii",4121486,"Festuca lemanii T.Bastard","ACCEPTED","SPECIES","EXACT",99,4121486,6,7707728,196,1369,3073
"3083","Festuca pallens",4118209,"Festuca pallens Host","ACCEPTED","SPECIES","EXACT",99,4118209,6,7707728,196,1369,3073
"3084","Festuca pallens",4118209,"Festuca pallens Host","ACCEPTED","SPECIES","EXACT",99,4118209,6,7707728,196,1369,3073
"3085","Festuca rubra",2704922,"Festuca rubra L.","ACCEPTED","SPECIES","EXACT",98,2704922,6,7707728,196,1369,3073
"3086","Festuca rubra",2704922,"Festuca rubra L.","ACCEPTED","SPECIES","EXACT",98,2704922,6,7707728,196,1369,3073
"3087","Festuca rubra",2704922,"Festuca rubra L.","ACCEPTED","SPECIES","EXACT",98,2704922,6,7707728,196,1369,3073
"3088","Festuca rubra",2704922,"Festuca rubra L.","ACCEPTED","SPECIES","EXACT",98,2704922,6,7707728,196,1369,3073
"3089","Glyceria declinata",2705488,"Glyceria declinata Bréb.","ACCEPTED","SPECIES","EXACT",99,2705488,6,7707728,196,1369,3073
"3090","Glyceria declinata",2705488,"Glyceria declinata Bréb.","ACCEPTED","SPECIES","EXACT",99,2705488,6,7707728,196,1369,3073
"3091","Glyceria declinata",2705488,"Glyceria declinata Bréb.","ACCEPTED","SPECIES","EXACT",99,2705488,6,7707728,196,1369,3073
"3092","Glyceria fluitans",2705495,"Glyceria fluitans (L.) R.Br.","ACCEPTED","SPECIES","EXACT",99,2705495,6,7707728,196,1369,3073
"3093","Glyceria fluitans",2705495,"Glyceria fluitans (L.) R.Br.","ACCEPTED","SPECIES","EXACT",99,2705495,6,7707728,196,1369,3073
"3094","Glyceria fluitans",2705495,"Glyceria fluitans (L.) R.Br.","ACCEPTED","SPECIES","EXACT",99,2705495,6,7707728,196,1369,3073
"3095","Glyceria fluitans",2705495,"Glyceria fluitans (L.) R.Br.","ACCEPTED","SPECIES","EXACT",99,2705495,6,7707728,196,1369,3073
"3096","Glyceria maxima",2705484,"Glyceria maxima (Hartm.) Holmb.","ACCEPTED","SPECIES","EXACT",99,2705484,6,7707728,196,1369,3073
"3097","Glyceria maxima",2705484,"Glyceria maxima (Hartm.) Holmb.","ACCEPTED","SPECIES","EXACT",99,2705484,6,7707728,196,1369,3073
"3098","Glyceria maxima",2705484,"Glyceria maxima (Hartm.) Holmb.","ACCEPTED","SPECIES","EXACT",99,2705484,6,7707728,196,1369,3073
"3099","Glyceria maxima",2705484,"Glyceria maxima (Hartm.) Holmb.","ACCEPTED","SPECIES","EXACT",99,2705484,6,7707728,196,1369,3073
"3100","Glyceria notata",4105780,"Glyceria notata Chevall.","ACCEPTED","SPECIES","EXACT",99,4105780,6,7707728,196,1369,3073
"3101","Glyceria notata",4105780,"Glyceria notata Chevall.","ACCEPTED","SPECIES","EXACT",99,4105780,6,7707728,196,1369,3073
"3102","Glyceria notata",4105780,"Glyceria notata Chevall.","ACCEPTED","SPECIES","EXACT",99,4105780,6,7707728,196,1369,3073
"3103","Glyceria notata",4105780,"Glyceria notata Chevall.","ACCEPTED","SPECIES","EXACT",99,4105780,6,7707728,196,1369,3073
"3104","Helictochloa pratensis",6559939,"Helictochloa pratensis (L.) Romero Zarco","ACCEPTED","SPECIES","EXACT",99,6559939,6,7707728,196,1369,3073
"3105","Helictochloa pratensis",6559939,"Helictochloa pratensis (L.) Romero Zarco","ACCEPTED","SPECIES","EXACT",99,6559939,6,7707728,196,1369,3073
"3106","Helictochloa pratensis",6559939,"Helictochloa pratensis (L.) Romero Zarco","ACCEPTED","SPECIES","EXACT",99,6559939,6,7707728,196,1369,3073
"3107","Holcus lanatus",2706164,"Holcus lanatus L.","ACCEPTED","SPECIES","EXACT",99,2706164,6,7707728,196,1369,3073
"3108","Holcus lanatus",2706164,"Holcus lanatus L.","ACCEPTED","SPECIES","EXACT",99,2706164,6,7707728,196,1369,3073
"3109","Holcus lanatus",2706164,"Holcus lanatus L.","ACCEPTED","SPECIES","EXACT",99,2706164,6,7707728,196,1369,3073
"3110","Holcus lanatus",2706164,"Holcus lanatus L.","ACCEPTED","SPECIES","EXACT",99,2706164,6,7707728,196,1369,3073
"3111","Holcus mollis",2706163,"Holcus mollis L.","ACCEPTED","SPECIES","EXACT",99,2706163,6,7707728,196,1369,3073
"3112","Holcus mollis",2706163,"Holcus mollis L.","ACCEPTED","SPECIES","EXACT",99,2706163,6,7707728,196,1369,3073
"3113","Holcus mollis",2706163,"Holcus mollis L.","ACCEPTED","SPECIES","EXACT",99,2706163,6,7707728,196,1369,3073
"3114","Holcus mollis",2706163,"Holcus mollis L.","ACCEPTED","SPECIES","EXACT",99,2706163,6,7707728,196,1369,3073
"3115","Hordelymus europaeus",5674152,"Hordelymus europaeus (L.) Jess. ex Harz","ACCEPTED","SPECIES","EXACT",97,5674152,6,7707728,196,1369,3073
"3116","Hordelymus europaeus",5674152,"Hordelymus europaeus (L.) Jess. ex Harz","ACCEPTED","SPECIES","EXACT",97,5674152,6,7707728,196,1369,3073
"3117","Hordeum marinum",2706053,"Hordeum marinum Huds.","ACCEPTED","SPECIES","EXACT",99,2706053,6,7707728,196,1369,3073
"3118","Hordeum marinum",2706053,"Hordeum marinum Huds.","ACCEPTED","SPECIES","EXACT",99,2706053,6,7707728,196,1369,3073
"3119","Hordeum murinum",7886346,"Hordeum murinum L.","ACCEPTED","SPECIES","EXACT",99,7886346,6,7707728,196,1369,3073
"3120","Hordeum murinum",7886346,"Hordeum murinum L.","ACCEPTED","SPECIES","EXACT",99,7886346,6,7707728,196,1369,3073
"3121","Hordeum murinum",7886346,"Hordeum murinum L.","ACCEPTED","SPECIES","EXACT",99,7886346,6,7707728,196,1369,3073
"3122","Hordeum murinum",7886346,"Hordeum murinum L.","ACCEPTED","SPECIES","EXACT",99,7886346,6,7707728,196,1369,3073
"3123","Hordeum secalinum",2706068,"Hordeum secalinum Schreb.","ACCEPTED","SPECIES","EXACT",97,2706068,6,7707728,196,1369,3073
"3124","Hordeum secalinum",2706068,"Hordeum secalinum Schreb.","ACCEPTED","SPECIES","EXACT",97,2706068,6,7707728,196,1369,3073
"3125","Hordeum secalinum",2706068,"Hordeum secalinum Schreb.","ACCEPTED","SPECIES","EXACT",97,2706068,6,7707728,196,1369,3073
"3126","Koeleria albescens",8160648,"Koeleria albescens Schur, 1859","ACCEPTED","SPECIES","EXACT",97,8160648,6,7707728,196,1369,3073
"3127","Koeleria albescens",8160648,"Koeleria albescens Schur, 1859","ACCEPTED","SPECIES","EXACT",97,8160648,6,7707728,196,1369,3073
"3128","Koeleria albescens",8160648,"Koeleria albescens Schur, 1859","ACCEPTED","SPECIES","EXACT",97,8160648,6,7707728,196,1369,3073
"3129","Koeleria macrantha",2705914,"Koeleria macrantha (Ledeb.) Schult.","ACCEPTED","SPECIES","EXACT",99,2705914,6,7707728,196,1369,3073
"3130","Koeleria macrantha",2705914,"Koeleria macrantha (Ledeb.) Schult.","ACCEPTED","SPECIES","EXACT",99,2705914,6,7707728,196,1369,3073
"3131","Koeleria macrantha",2705914,"Koeleria macrantha (Ledeb.) Schult.","ACCEPTED","SPECIES","EXACT",99,2705914,6,7707728,196,1369,3073
"3132","Koeleria macrantha",2705914,"Koeleria macrantha (Ledeb.) Schult.","ACCEPTED","SPECIES","EXACT",99,2705914,6,7707728,196,1369,3073
"3133","Koeleria pyramidata",2705921,"Koeleria pyramidata (Lam.) P.Beauv.","ACCEPTED","SPECIES","EXACT",99,2705921,6,7707728,196,1369,3073
"3134","Koeleria pyramidata",2705921,"Koeleria pyramidata (Lam.) P.Beauv.","ACCEPTED","SPECIES","EXACT",99,2705921,6,7707728,196,1369,3073
"3135","Leersia oryzoides",2702905,"Leersia oryzoides (L.) Sw.","ACCEPTED","SPECIES","EXACT",98,2702905,6,7707728,196,1369,3073
"3136","Leersia oryzoides",2702905,"Leersia oryzoides (L.) Sw.","ACCEPTED","SPECIES","EXACT",98,2702905,6,7707728,196,1369,3073
"3137","Leersia oryzoides",2702905,"Leersia oryzoides (L.) Sw.","ACCEPTED","SPECIES","EXACT",98,2702905,6,7707728,196,1369,3073
"3138","Leersia oryzoides",2702905,"Leersia oryzoides (L.) Sw.","ACCEPTED","SPECIES","EXACT",98,2702905,6,7707728,196,1369,3073
"3139","Leymus arenarius",2706368,"Leymus arenarius (L.) Hochst.","ACCEPTED","SPECIES","EXACT",99,2706368,6,7707728,196,1369,3073
"3140","Leymus arenarius",2706368,"Leymus arenarius (L.) Hochst.","ACCEPTED","SPECIES","EXACT",99,2706368,6,7707728,196,1369,3073
"3141","Leymus arenarius",2706368,"Leymus arenarius (L.) Hochst.","ACCEPTED","SPECIES","EXACT",99,2706368,6,7707728,196,1369,3073
"3142","Lolium perenne",2706241,"Lolium perenne L.","ACCEPTED","SPECIES","EXACT",98,2706241,6,7707728,196,1369,3073
"3143","Lolium perenne",2706241,"Lolium perenne L.","ACCEPTED","SPECIES","EXACT",98,2706241,6,7707728,196,1369,3073
"3144","Lolium perenne",2706241,"Lolium perenne L.","ACCEPTED","SPECIES","EXACT",98,2706241,6,7707728,196,1369,3073
"3145","Lolium perenne",2706241,"Lolium perenne L.","ACCEPTED","SPECIES","EXACT",98,2706241,6,7707728,196,1369,3073
"3146","Lolium temulentum",2706242,"Lolium temulentum L.","ACCEPTED","SPECIES","EXACT",97,2706242,6,7707728,196,1369,3073
"3147","Lolium temulentum",2706242,"Lolium temulentum L.","ACCEPTED","SPECIES","EXACT",97,2706242,6,7707728,196,1369,3073
"3148","Melica ciliata",2703124,"Melica ciliata L.","ACCEPTED","SPECIES","EXACT",99,2703124,6,7707728,196,1369,3073
"3149","Melica ciliata",2703124,"Melica ciliata L.","ACCEPTED","SPECIES","EXACT",99,2703124,6,7707728,196,1369,3073
"3150","Melica ciliata",2703124,"Melica ciliata L.","ACCEPTED","SPECIES","EXACT",99,2703124,6,7707728,196,1369,3073
"3151","Melica ciliata",2703124,"Melica ciliata L.","ACCEPTED","SPECIES","EXACT",99,2703124,6,7707728,196,1369,3073
"3152","Melica nutans",4118973,"Melica nutans L.","ACCEPTED","SPECIES","EXACT",97,4118973,6,7707728,196,1369,3073
"3153","Melica nutans",4118973,"Melica nutans L.","ACCEPTED","SPECIES","EXACT",97,4118973,6,7707728,196,1369,3073
"3154","Melica uniflora",4116392,"Melica uniflora Retz.","ACCEPTED","SPECIES","EXACT",99,4116392,6,7707728,196,1369,3073
"3155","Melica uniflora",4116392,"Melica uniflora Retz.","ACCEPTED","SPECIES","EXACT",99,4116392,6,7707728,196,1369,3073
"3156","Melica uniflora",4116392,"Melica uniflora Retz.","ACCEPTED","SPECIES","EXACT",99,4116392,6,7707728,196,1369,3073
"3157","Melica uniflora",4116392,"Melica uniflora Retz.","ACCEPTED","SPECIES","EXACT",99,4116392,6,7707728,196,1369,3073
"3158","Mibora minima",2705682,"Mibora minima (L.) Desv.","ACCEPTED","SPECIES","EXACT",98,2705682,6,7707728,196,1369,3073
"3159","Mibora minima",2705682,"Mibora minima (L.) Desv.","ACCEPTED","SPECIES","EXACT",98,2705682,6,7707728,196,1369,3073
"3160","Milium effusum",2706196,"Milium effusum L.","ACCEPTED","SPECIES","EXACT",97,2706196,6,7707728,196,1369,3073
"3161","Milium effusum",2706196,"Milium effusum L.","ACCEPTED","SPECIES","EXACT",97,2706196,6,7707728,196,1369,3073
"3162","Milium effusum",2706196,"Milium effusum L.","ACCEPTED","SPECIES","EXACT",97,2706196,6,7707728,196,1369,3073
"3163","Milium effusum",2706196,"Milium effusum L.","ACCEPTED","SPECIES","EXACT",97,2706196,6,7707728,196,1369,3073
"3164","Molinia caerulea",5289877,"Molinia caerulea (L.) Moench","ACCEPTED","SPECIES","EXACT",99,5289877,6,7707728,196,1369,3073
"3165","Molinia caerulea",5289877,"Molinia caerulea (L.) Moench","ACCEPTED","SPECIES","EXACT",99,5289877,6,7707728,196,1369,3073
"3166","Molinia caerulea",5289877,"Molinia caerulea (L.) Moench","ACCEPTED","SPECIES","EXACT",99,5289877,6,7707728,196,1369,3073
"3167","Molinia caerulea",5289877,"Molinia caerulea (L.) Moench","ACCEPTED","SPECIES","EXACT",99,5289877,6,7707728,196,1369,3073
"3168","Nardurus maritimus",4117520,"Nardurus maritimus (L.) Murb.","SYNONYM","SPECIES","EXACT",98,4120648,6,7707728,196,1369,3073
"3169","Nardurus maritimus",4117520,"Nardurus maritimus (L.) Murb.","SYNONYM","SPECIES","EXACT",98,4120648,6,7707728,196,1369,3073
"3170","Nardurus maritimus",4117520,"Nardurus maritimus (L.) Murb.","SYNONYM","SPECIES","EXACT",98,4120648,6,7707728,196,1369,3073
"3171","Nardus stricta",2702717,"Nardus stricta L.","ACCEPTED","SPECIES","EXACT",99,2702717,6,7707728,196,1369,3073
"3172","Nardus stricta",2702717,"Nardus stricta L.","ACCEPTED","SPECIES","EXACT",99,2702717,6,7707728,196,1369,3073
"3173","Nardus stricta",2702717,"Nardus stricta L.","ACCEPTED","SPECIES","EXACT",99,2702717,6,7707728,196,1369,3073
"3174","Parapholis strigosa",5290068,"Parapholis strigosa (Dumort.) C.E.Hubb.","ACCEPTED","SPECIES","EXACT",97,5290068,6,7707728,196,1369,3073
"3175","Parapholis strigosa",5290068,"Parapholis strigosa (Dumort.) C.E.Hubb.","ACCEPTED","SPECIES","EXACT",97,5290068,6,7707728,196,1369,3073
"3176","Phalaris arundinacea",5289756,"Phalaris arundinacea L.","ACCEPTED","SPECIES","EXACT",98,5289756,6,7707728,196,1369,3073
"3177","Phalaris arundinacea",5289756,"Phalaris arundinacea L.","ACCEPTED","SPECIES","EXACT",98,5289756,6,7707728,196,1369,3073
"3178","Phalaris arundinacea",5289756,"Phalaris arundinacea L.","ACCEPTED","SPECIES","EXACT",98,5289756,6,7707728,196,1369,3073
"3179","Phalaris arundinacea",5289756,"Phalaris arundinacea L.","ACCEPTED","SPECIES","EXACT",98,5289756,6,7707728,196,1369,3073
"3180","Phleum arenarium",2706011,"Phleum arenarium L.","ACCEPTED","SPECIES","EXACT",99,2706011,6,7707728,196,1369,3073
"3181","Phleum arenarium",2706011,"Phleum arenarium L.","ACCEPTED","SPECIES","EXACT",99,2706011,6,7707728,196,1369,3073
"3182","Phleum nodosum",2706007,"Phleum nodosum L.","SYNONYM","SPECIES","EXACT",98,9014945,6,7707728,196,1369,3073
"3183","Phleum nodosum",2706007,"Phleum nodosum L.","SYNONYM","SPECIES","EXACT",98,9014945,6,7707728,196,1369,3073
"3184","Phleum nodosum",2706007,"Phleum nodosum L.","SYNONYM","SPECIES","EXACT",98,9014945,6,7707728,196,1369,3073
"3185","Phleum nodosum",2706007,"Phleum nodosum L.","SYNONYM","SPECIES","EXACT",98,9014945,6,7707728,196,1369,3073
"3186","Phleum phleoides",4139238,"Phleum phleoides (L.) H.Karst.","ACCEPTED","SPECIES","EXACT",97,4139238,6,7707728,196,1369,3073
"3187","Phleum phleoides",4139238,"Phleum phleoides (L.) H.Karst.","ACCEPTED","SPECIES","EXACT",97,4139238,6,7707728,196,1369,3073
"3188","Phleum pratense",9014945,"Phleum pratense L.","ACCEPTED","SPECIES","EXACT",99,9014945,6,7707728,196,1369,3073
"3189","Phleum pratense",9014945,"Phleum pratense L.","ACCEPTED","SPECIES","EXACT",99,9014945,6,7707728,196,1369,3073
"3190","Phleum pratense",9014945,"Phleum pratense L.","ACCEPTED","SPECIES","EXACT",99,9014945,6,7707728,196,1369,3073
"3191","Phleum pratense",9014945,"Phleum pratense L.","ACCEPTED","SPECIES","EXACT",99,9014945,6,7707728,196,1369,3073
"3192","Phragmites australis",5290149,"Phragmites australis (Cav.) Trin. ex Steud.","ACCEPTED","SPECIES","EXACT",97,5290149,6,7707728,196,1369,3073
"3193","Phragmites australis",5290149,"Phragmites australis (Cav.) Trin. ex Steud.","ACCEPTED","SPECIES","EXACT",97,5290149,6,7707728,196,1369,3073
"3194","Phragmites australis",5290149,"Phragmites australis (Cav.) Trin. ex Steud.","ACCEPTED","SPECIES","EXACT",97,5290149,6,7707728,196,1369,3073
"3195","Phragmites australis",5290149,"Phragmites australis (Cav.) Trin. ex Steud.","ACCEPTED","SPECIES","EXACT",97,5290149,6,7707728,196,1369,3073
"3196","Poa annua",2704179,"Poa annua L.","ACCEPTED","SPECIES","EXACT",97,2704179,6,7707728,196,1369,3073
"3197","Poa annua",2704179,"Poa annua L.","ACCEPTED","SPECIES","EXACT",97,2704179,6,7707728,196,1369,3073
"3198","Poa annua",2704179,"Poa annua L.","ACCEPTED","SPECIES","EXACT",97,2704179,6,7707728,196,1369,3073
"3199","Poa annua",2704179,"Poa annua L.","ACCEPTED","SPECIES","EXACT",97,2704179,6,7707728,196,1369,3073
"3200","Poa bulbosa",8086756,"Poa bulbosa L.","ACCEPTED","SPECIES","EXACT",97,8086756,6,7707728,196,1369,3073
"3201","Poa bulbosa",8086756,"Poa bulbosa L.","ACCEPTED","SPECIES","EXACT",97,8086756,6,7707728,196,1369,3073
"3202","Poa bulbosa",8086756,"Poa bulbosa L.","ACCEPTED","SPECIES","EXACT",97,8086756,6,7707728,196,1369,3073
"3203","Poa chaixii",2704211,"Poa chaixii Vill.","ACCEPTED","SPECIES","EXACT",99,2704211,6,7707728,196,1369,3073
"3204","Poa chaixii",2704211,"Poa chaixii Vill.","ACCEPTED","SPECIES","EXACT",99,2704211,6,7707728,196,1369,3073
"3205","Poa chaixii",2704211,"Poa chaixii Vill.","ACCEPTED","SPECIES","EXACT",99,2704211,6,7707728,196,1369,3073
"3206","Poa compressa",2704265,"Poa compressa L.","ACCEPTED","SPECIES","EXACT",97,2704265,6,7707728,196,1369,3073
"3207","Poa compressa",2704265,"Poa compressa L.","ACCEPTED","SPECIES","EXACT",97,2704265,6,7707728,196,1369,3073
"3208","Poa compressa",2704265,"Poa compressa L.","ACCEPTED","SPECIES","EXACT",97,2704265,6,7707728,196,1369,3073
"3209","Poa compressa",2704265,"Poa compressa L.","ACCEPTED","SPECIES","EXACT",97,2704265,6,7707728,196,1369,3073
"3210","Poa nemoralis",2704300,"Poa nemoralis L.","ACCEPTED","SPECIES","EXACT",97,2704300,6,7707728,196,1369,3073
"3211","Poa nemoralis",2704300,"Poa nemoralis L.","ACCEPTED","SPECIES","EXACT",97,2704300,6,7707728,196,1369,3073
"3212","Poa nemoralis",2704300,"Poa nemoralis L.","ACCEPTED","SPECIES","EXACT",97,2704300,6,7707728,196,1369,3073
"3213","Poa nemoralis",2704300,"Poa nemoralis L.","ACCEPTED","SPECIES","EXACT",97,2704300,6,7707728,196,1369,3073
"3214","Poa palustris",2704261,"Poa palustris L.","ACCEPTED","SPECIES","EXACT",97,2704261,6,7707728,196,1369,3073
"3215","Poa palustris",2704261,"Poa palustris L.","ACCEPTED","SPECIES","EXACT",97,2704261,6,7707728,196,1369,3073
"3216","Poa palustris",2704261,"Poa palustris L.","ACCEPTED","SPECIES","EXACT",97,2704261,6,7707728,196,1369,3073
"3217","Poa palustris",2704261,"Poa palustris L.","ACCEPTED","SPECIES","EXACT",97,2704261,6,7707728,196,1369,3073
"3218","Poa pratensis",2704178,"Poa pratensis L.","ACCEPTED","SPECIES","EXACT",97,2704178,6,7707728,196,1369,3073
"3219","Poa pratensis",2704178,"Poa pratensis L.","ACCEPTED","SPECIES","EXACT",97,2704178,6,7707728,196,1369,3073
"3220","Poa pratensis",2704178,"Poa pratensis L.","ACCEPTED","SPECIES","EXACT",97,2704178,6,7707728,196,1369,3073
"3221","Poa pratensis",2704178,"Poa pratensis L.","ACCEPTED","SPECIES","EXACT",97,2704178,6,7707728,196,1369,3073
"3222","Poa trivialis",8300875,"Poa trivialis L.","ACCEPTED","SPECIES","EXACT",98,8300875,6,7707728,196,1369,3073
"3223","Poa trivialis",8300875,"Poa trivialis L.","ACCEPTED","SPECIES","EXACT",98,8300875,6,7707728,196,1369,3073
"3224","Poa trivialis",8300875,"Poa trivialis L.","ACCEPTED","SPECIES","EXACT",98,8300875,6,7707728,196,1369,3073
"3225","Poa trivialis",8300875,"Poa trivialis L.","ACCEPTED","SPECIES","EXACT",98,8300875,6,7707728,196,1369,3073
"3226","Puccinellia distans",2704688,"Puccinellia distans (Jacq.) Parl.","ACCEPTED","SPECIES","EXACT",99,2704688,6,7707728,196,1369,3073
"3227","Puccinellia distans",2704688,"Puccinellia distans (Jacq.) Parl.","ACCEPTED","SPECIES","EXACT",99,2704688,6,7707728,196,1369,3073
"3228","Puccinellia distans",2704688,"Puccinellia distans (Jacq.) Parl.","ACCEPTED","SPECIES","EXACT",99,2704688,6,7707728,196,1369,3073
"3229","Puccinellia distans",2704688,"Puccinellia distans (Jacq.) Parl.","ACCEPTED","SPECIES","EXACT",99,2704688,6,7707728,196,1369,3073
"3230","Puccinellia fasciculata",2704720,"Puccinellia fasciculata (Torr.) E.P.Bicknell","ACCEPTED","SPECIES","EXACT",99,2704720,6,7707728,196,1369,3073
"3231","Puccinellia fasciculata",2704720,"Puccinellia fasciculata (Torr.) E.P.Bicknell","ACCEPTED","SPECIES","EXACT",99,2704720,6,7707728,196,1369,3073
"3232","Puccinellia maritima",2704687,"Puccinellia maritima (Huds.) Parl.","ACCEPTED","SPECIES","EXACT",99,2704687,6,7707728,196,1369,3073
"3233","Puccinellia maritima",2704687,"Puccinellia maritima (Huds.) Parl.","ACCEPTED","SPECIES","EXACT",99,2704687,6,7707728,196,1369,3073
"3234","Schedonorus giganteus",4126109,"Schedonorus giganteus (L.) Holub","SYNONYM","SPECIES","EXACT",97,8368313,6,7707728,196,1369,3073
"3235","Schedonorus giganteus",4126109,"Schedonorus giganteus (L.) Holub","SYNONYM","SPECIES","EXACT",97,8368313,6,7707728,196,1369,3073
"3236","Schedonorus giganteus",4126109,"Schedonorus giganteus (L.) Holub","SYNONYM","SPECIES","EXACT",97,8368313,6,7707728,196,1369,3073
"3237","Schedonorus giganteus",4126109,"Schedonorus giganteus (L.) Holub","SYNONYM","SPECIES","EXACT",97,8368313,6,7707728,196,1369,3073
"3238","Schedonorus pratensis",4125878,"Schedonorus pratensis (Huds.) P.Beauv.","SYNONYM","SPECIES","EXACT",98,2706237,6,7707728,196,1369,3073
"3239","Schedonorus pratensis",4125878,"Schedonorus pratensis (Huds.) P.Beauv.","SYNONYM","SPECIES","EXACT",98,2706237,6,7707728,196,1369,3073
"3240","Schedonorus pratensis",4125878,"Schedonorus pratensis (Huds.) P.Beauv.","SYNONYM","SPECIES","EXACT",98,2706237,6,7707728,196,1369,3073
"3241","Schedonorus pratensis",4125878,"Schedonorus pratensis (Huds.) P.Beauv.","SYNONYM","SPECIES","EXACT",98,2706237,6,7707728,196,1369,3073
"3242","Sesleria caerulea",4119608,"Sesleria caerulea (L.) Ard.","ACCEPTED","SPECIES","EXACT",99,4119608,6,7707728,196,1369,3073
"3243","Sesleria caerulea",4119608,"Sesleria caerulea (L.) Ard.","ACCEPTED","SPECIES","EXACT",99,4119608,6,7707728,196,1369,3073
"3244","Sesleria caerulea",4119608,"Sesleria caerulea (L.) Ard.","ACCEPTED","SPECIES","EXACT",99,4119608,6,7707728,196,1369,3073
"3245","Trisetum flavescens",2704389,"Trisetum flavescens (L.) P.Beauv.","ACCEPTED","SPECIES","EXACT",97,2704389,6,7707728,196,1369,3073
"3246","Trisetum flavescens",2704389,"Trisetum flavescens (L.) P.Beauv.","ACCEPTED","SPECIES","EXACT",97,2704389,6,7707728,196,1369,3073
"3247","Trisetum flavescens",2704389,"Trisetum flavescens (L.) P.Beauv.","ACCEPTED","SPECIES","EXACT",97,2704389,6,7707728,196,1369,3073
"3248","Trisetum flavescens",2704389,"Trisetum flavescens (L.) P.Beauv.","ACCEPTED","SPECIES","EXACT",97,2704389,6,7707728,196,1369,3073
"3249","Vulpia bromoides",5289598,"Vulpia bromoides (L.) Gray","SYNONYM","SPECIES","EXACT",98,2702740,6,7707728,196,1369,3073
"3250","Vulpia bromoides",5289598,"Vulpia bromoides (L.) Gray","SYNONYM","SPECIES","EXACT",98,2702740,6,7707728,196,1369,3073
"3251","Vulpia bromoides",5289598,"Vulpia bromoides (L.) Gray","SYNONYM","SPECIES","EXACT",98,2702740,6,7707728,196,1369,3073
"3252","Vulpia bromoides",5289598,"Vulpia bromoides (L.) Gray","SYNONYM","SPECIES","EXACT",98,2702740,6,7707728,196,1369,3073
"3253","Vulpia fasciculata",5674542,"Vulpia fasciculata (Forssk.) Samp.","SYNONYM","SPECIES","EXACT",97,4124456,6,7707728,196,1369,3073
"3254","Vulpia fasciculata",5674542,"Vulpia fasciculata (Forssk.) Samp.","SYNONYM","SPECIES","EXACT",97,4124456,6,7707728,196,1369,3073
"3255","Vulpia membranacea",4145057,"Vulpia membranacea (L.) Dumort.","SYNONYM","SPECIES","EXACT",98,4120555,6,7707728,196,1369,3073
"3256","Vulpia membranacea",4145057,"Vulpia membranacea (L.) Dumort.","SYNONYM","SPECIES","EXACT",98,4120555,6,7707728,196,1369,3073
"3257","Polygala amarella",7293605,"Polygala amarella Crantz","ACCEPTED","SPECIES","EXACT",97,7293605,6,7707728,220,1370,2417
"3258","Polygala amarella",7293605,"Polygala amarella Crantz","ACCEPTED","SPECIES","EXACT",97,7293605,6,7707728,220,1370,2417
"3259","Polygala calcarea",8169088,"Polygala calcarea F.W.Schultz","ACCEPTED","SPECIES","EXACT",97,8169088,6,7707728,220,1370,2417
"3260","Polygala calcarea",8169088,"Polygala calcarea F.W.Schultz","ACCEPTED","SPECIES","EXACT",97,8169088,6,7707728,220,1370,2417
"3261","Polygala comosa",7293616,"Polygala comosa Schkuhr","ACCEPTED","SPECIES","EXACT",99,7293616,6,7707728,220,1370,2417
"3262","Polygala comosa",7293616,"Polygala comosa Schkuhr","ACCEPTED","SPECIES","EXACT",99,7293616,6,7707728,220,1370,2417
"3263","Polygala comosa",7293616,"Polygala comosa Schkuhr","ACCEPTED","SPECIES","EXACT",99,7293616,6,7707728,220,1370,2417
"3264","Polygala serpyllifolia",3191414,"Polygala serpyllifolia Hosé","ACCEPTED","SPECIES","EXACT",97,3191414,6,7707728,220,1370,2417
"3265","Polygala serpyllifolia",3191414,"Polygala serpyllifolia Hosé","ACCEPTED","SPECIES","EXACT",97,3191414,6,7707728,220,1370,2417
"3266","Polygala serpyllifolia",3191414,"Polygala serpyllifolia Hosé","ACCEPTED","SPECIES","EXACT",97,3191414,6,7707728,220,1370,2417
"3267","Polygala vulgaris",3191374,"Polygala vulgaris L.","ACCEPTED","SPECIES","EXACT",97,3191374,6,7707728,220,1370,2417
"3268","Polygala vulgaris",3191374,"Polygala vulgaris L.","ACCEPTED","SPECIES","EXACT",97,3191374,6,7707728,220,1370,2417
"3269","Polygala vulgaris",3191374,"Polygala vulgaris L.","ACCEPTED","SPECIES","EXACT",97,3191374,6,7707728,220,1370,2417
"3270","Polygala vulgaris",3191374,"Polygala vulgaris L.","ACCEPTED","SPECIES","EXACT",97,3191374,6,7707728,220,1370,2417
"3271","Fallopia convolvulus",6391461,"Fallopia convolvulus (L.) Á.Löve","ACCEPTED","SPECIES","EXACT",99,6391461,6,7707728,220,422,2416
"3272","Fallopia convolvulus",6391461,"Fallopia convolvulus (L.) Á.Löve","ACCEPTED","SPECIES","EXACT",99,6391461,6,7707728,220,422,2416
"3273","Fallopia convolvulus",6391461,"Fallopia convolvulus (L.) Á.Löve","ACCEPTED","SPECIES","EXACT",99,6391461,6,7707728,220,422,2416
"3274","Fallopia convolvulus",6391461,"Fallopia convolvulus (L.) Á.Löve","ACCEPTED","SPECIES","EXACT",99,6391461,6,7707728,220,422,2416
"3275","Fallopia dumetorum",6391446,"Fallopia dumetorum (L.) Holub","ACCEPTED","SPECIES","EXACT",99,6391446,6,7707728,220,422,2416
"3276","Fallopia dumetorum",6391446,"Fallopia dumetorum (L.) Holub","ACCEPTED","SPECIES","EXACT",99,6391446,6,7707728,220,422,2416
"3277","Fallopia dumetorum",6391446,"Fallopia dumetorum (L.) Holub","ACCEPTED","SPECIES","EXACT",99,6391446,6,7707728,220,422,2416
"3278","Fallopia dumetorum",6391446,"Fallopia dumetorum (L.) Holub","ACCEPTED","SPECIES","EXACT",99,6391446,6,7707728,220,422,2416
"3279","Persicaria amphibia",6391648,"Persicaria amphibia (L.) Gray","ACCEPTED","SPECIES","EXACT",97,6391648,6,7707728,220,422,2416
"3280","Persicaria amphibia",6391648,"Persicaria amphibia (L.) Gray","ACCEPTED","SPECIES","EXACT",97,6391648,6,7707728,220,422,2416
"3281","Persicaria amphibia",6391648,"Persicaria amphibia (L.) Gray","ACCEPTED","SPECIES","EXACT",97,6391648,6,7707728,220,422,2416
"3282","Persicaria amphibia",6391648,"Persicaria amphibia (L.) Gray","ACCEPTED","SPECIES","EXACT",97,6391648,6,7707728,220,422,2416
"3283","Persicaria bistorta",6391589,"Persicaria bistorta (L.) Samp.","SYNONYM","SPECIES","EXACT",98,7291159,6,7707728,220,422,2416
"3284","Persicaria bistorta",6391589,"Persicaria bistorta (L.) Samp.","SYNONYM","SPECIES","EXACT",98,7291159,6,7707728,220,422,2416
"3285","Persicaria bistorta",6391589,"Persicaria bistorta (L.) Samp.","SYNONYM","SPECIES","EXACT",98,7291159,6,7707728,220,422,2416
"3286","Persicaria bistorta",6391589,"Persicaria bistorta (L.) Samp.","SYNONYM","SPECIES","EXACT",98,7291159,6,7707728,220,422,2416
"3287","Persicaria hydropiper",8323622,"Persicaria hydropiper (L.) Spach","ACCEPTED","SPECIES","EXACT",97,8323622,6,7707728,220,422,2416
"3288","Persicaria hydropiper",8323622,"Persicaria hydropiper (L.) Spach","ACCEPTED","SPECIES","EXACT",97,8323622,6,7707728,220,422,2416
"3289","Persicaria hydropiper",8323622,"Persicaria hydropiper (L.) Spach","ACCEPTED","SPECIES","EXACT",97,8323622,6,7707728,220,422,2416
"3290","Persicaria hydropiper",8323622,"Persicaria hydropiper (L.) Spach","ACCEPTED","SPECIES","EXACT",97,8323622,6,7707728,220,422,2416
"3291","Persicaria lapathifolia",2889262,"Persicaria lapathifolia (L.) Gray","ACCEPTED","SPECIES","EXACT",98,2889262,6,7707728,220,422,2416
"3292","Persicaria lapathifolia",2889262,"Persicaria lapathifolia (L.) Gray","ACCEPTED","SPECIES","EXACT",98,2889262,6,7707728,220,422,2416
"3293","Persicaria lapathifolia",2889262,"Persicaria lapathifolia (L.) Gray","ACCEPTED","SPECIES","EXACT",98,2889262,6,7707728,220,422,2416
"3294","Persicaria lapathifolia",2889262,"Persicaria lapathifolia (L.) Gray","ACCEPTED","SPECIES","EXACT",98,2889262,6,7707728,220,422,2416
"3295","Persicaria maculosa",6391194,"Persicaria maculosa Gray","ACCEPTED","SPECIES","EXACT",99,6391194,6,7707728,220,422,2416
"3296","Persicaria maculosa",6391194,"Persicaria maculosa Gray","ACCEPTED","SPECIES","EXACT",99,6391194,6,7707728,220,422,2416
"3297","Persicaria maculosa",6391194,"Persicaria maculosa Gray","ACCEPTED","SPECIES","EXACT",99,6391194,6,7707728,220,422,2416
"3298","Persicaria maculosa",6391194,"Persicaria maculosa Gray","ACCEPTED","SPECIES","EXACT",99,6391194,6,7707728,220,422,2416
"3299","Persicaria minor",6391150,"Persicaria minor (Huds.) Opiz","ACCEPTED","SPECIES","EXACT",97,6391150,6,7707728,220,422,2416
"3300","Persicaria minor",6391150,"Persicaria minor (Huds.) Opiz","ACCEPTED","SPECIES","EXACT",97,6391150,6,7707728,220,422,2416
"3301","Persicaria minor",6391150,"Persicaria minor (Huds.) Opiz","ACCEPTED","SPECIES","EXACT",97,6391150,6,7707728,220,422,2416
"3302","Persicaria minor",6391150,"Persicaria minor (Huds.) Opiz","ACCEPTED","SPECIES","EXACT",97,6391150,6,7707728,220,422,2416
"3303","Persicaria mitis",7804549,"Persicaria mitis (Schrank) Assenov","ACCEPTED","SPECIES","EXACT",97,7804549,6,7707728,220,422,2416
"3304","Persicaria mitis",7804549,"Persicaria mitis (Schrank) Assenov","ACCEPTED","SPECIES","EXACT",97,7804549,6,7707728,220,422,2416
"3305","Persicaria mitis",7804549,"Persicaria mitis (Schrank) Assenov","ACCEPTED","SPECIES","EXACT",97,7804549,6,7707728,220,422,2416
"3306","Persicaria mitis",7804549,"Persicaria mitis (Schrank) Assenov","ACCEPTED","SPECIES","EXACT",97,7804549,6,7707728,220,422,2416
"3307","Polygonum aviculare",7821030,"Polygonum aviculare L.","ACCEPTED","SPECIES","EXACT",97,7821030,6,7707728,220,422,2416
"3308","Polygonum aviculare",7821030,"Polygonum aviculare L.","ACCEPTED","SPECIES","EXACT",97,7821030,6,7707728,220,422,2416
"3309","Polygonum aviculare",7821030,"Polygonum aviculare L.","ACCEPTED","SPECIES","EXACT",97,7821030,6,7707728,220,422,2416
"3310","Polygonum aviculare",7821030,"Polygonum aviculare L.","ACCEPTED","SPECIES","EXACT",97,7821030,6,7707728,220,422,2416
"3311","Polygonum oxyspermum",8370223,"Polygonum oxyspermum C.A.Mey. & Bunge","ACCEPTED","SPECIES","EXACT",98,8370223,6,7707728,220,422,2416
"3312","Polygonum oxyspermum",8370223,"Polygonum oxyspermum C.A.Mey. & Bunge","ACCEPTED","SPECIES","EXACT",98,8370223,6,7707728,220,422,2416
"3313","Rumex acetosa",2888951,"Rumex acetosa L.","ACCEPTED","SPECIES","EXACT",99,2888951,6,7707728,220,422,2416
"3314","Rumex acetosa",2888951,"Rumex acetosa L.","ACCEPTED","SPECIES","EXACT",99,2888951,6,7707728,220,422,2416
"3315","Rumex acetosa",2888951,"Rumex acetosa L.","ACCEPTED","SPECIES","EXACT",99,2888951,6,7707728,220,422,2416
"3316","Rumex acetosa",2888951,"Rumex acetosa L.","ACCEPTED","SPECIES","EXACT",99,2888951,6,7707728,220,422,2416
"3317","Rumex acetosella",2888995,"Rumex acetosella L.","ACCEPTED","SPECIES","EXACT",97,2888995,6,7707728,220,422,2416
"3318","Rumex acetosella",2888995,"Rumex acetosella L.","ACCEPTED","SPECIES","EXACT",97,2888995,6,7707728,220,422,2416
"3319","Rumex acetosella",2888995,"Rumex acetosella L.","ACCEPTED","SPECIES","EXACT",97,2888995,6,7707728,220,422,2416
"3320","Rumex acetosella",2888995,"Rumex acetosella L.","ACCEPTED","SPECIES","EXACT",97,2888995,6,7707728,220,422,2416
"3321","Rumex conglomeratus",2888963,"Rumex conglomeratus Murray","ACCEPTED","SPECIES","EXACT",99,2888963,6,7707728,220,422,2416
"3322","Rumex conglomeratus",2888963,"Rumex conglomeratus Murray","ACCEPTED","SPECIES","EXACT",99,2888963,6,7707728,220,422,2416
"3323","Rumex conglomeratus",2888963,"Rumex conglomeratus Murray","ACCEPTED","SPECIES","EXACT",99,2888963,6,7707728,220,422,2416
"3324","Rumex conglomeratus",2888963,"Rumex conglomeratus Murray","ACCEPTED","SPECIES","EXACT",99,2888963,6,7707728,220,422,2416
"3325","Rumex crispus",8195144,"Rumex crispus L.","ACCEPTED","SPECIES","EXACT",97,8195144,6,7707728,220,422,2416
"3326","Rumex crispus",8195144,"Rumex crispus L.","ACCEPTED","SPECIES","EXACT",97,8195144,6,7707728,220,422,2416
"3327","Rumex crispus",8195144,"Rumex crispus L.","ACCEPTED","SPECIES","EXACT",97,8195144,6,7707728,220,422,2416
"3328","Rumex crispus",8195144,"Rumex crispus L.","ACCEPTED","SPECIES","EXACT",97,8195144,6,7707728,220,422,2416
"3329","Rumex hydrolapathum",7291247,"Rumex hydrolapathum (Scop.) Huds.","ACCEPTED","SPECIES","EXACT",97,7291247,6,7707728,220,422,2416
"3330","Rumex hydrolapathum",7291247,"Rumex hydrolapathum (Scop.) Huds.","ACCEPTED","SPECIES","EXACT",97,7291247,6,7707728,220,422,2416
"3331","Rumex hydrolapathum",7291247,"Rumex hydrolapathum (Scop.) Huds.","ACCEPTED","SPECIES","EXACT",97,7291247,6,7707728,220,422,2416
"3332","Rumex hydrolapathum",7291247,"Rumex hydrolapathum (Scop.) Huds.","ACCEPTED","SPECIES","EXACT",97,7291247,6,7707728,220,422,2416
"3333","Rumex maritimus",2888980,"Rumex maritimus L.","ACCEPTED","SPECIES","EXACT",97,2888980,6,7707728,220,422,2416
"3334","Rumex maritimus",2888980,"Rumex maritimus L.","ACCEPTED","SPECIES","EXACT",97,2888980,6,7707728,220,422,2416
"3335","Rumex maritimus",2888980,"Rumex maritimus L.","ACCEPTED","SPECIES","EXACT",97,2888980,6,7707728,220,422,2416
"3336","Rumex maritimus",2888980,"Rumex maritimus L.","ACCEPTED","SPECIES","EXACT",97,2888980,6,7707728,220,422,2416
"3337","Rumex obtusifolius",2889011,"Rumex obtusifolius L.","ACCEPTED","SPECIES","EXACT",97,2889011,6,7707728,220,422,2416
"3338","Rumex obtusifolius",2889011,"Rumex obtusifolius L.","ACCEPTED","SPECIES","EXACT",97,2889011,6,7707728,220,422,2416
"3339","Rumex obtusifolius",2889011,"Rumex obtusifolius L.","ACCEPTED","SPECIES","EXACT",97,2889011,6,7707728,220,422,2416
"3340","Rumex obtusifolius",2889011,"Rumex obtusifolius L.","ACCEPTED","SPECIES","EXACT",97,2889011,6,7707728,220,422,2416
"3341","Rumex palustris",4037603,"Rumex palustris Sm.","ACCEPTED","SPECIES","EXACT",97,4037603,6,7707728,220,422,2416
"3342","Rumex palustris",4037603,"Rumex palustris Sm.","ACCEPTED","SPECIES","EXACT",97,4037603,6,7707728,220,422,2416
"3343","Rumex palustris",4037603,"Rumex palustris Sm.","ACCEPTED","SPECIES","EXACT",97,4037603,6,7707728,220,422,2416
"3344","Rumex palustris",4037603,"Rumex palustris Sm.","ACCEPTED","SPECIES","EXACT",97,4037603,6,7707728,220,422,2416
"3345","Rumex sanguineus",2888960,"Rumex sanguineus L.","ACCEPTED","SPECIES","EXACT",97,2888960,6,7707728,220,422,2416
"3346","Rumex sanguineus",2888960,"Rumex sanguineus L.","ACCEPTED","SPECIES","EXACT",97,2888960,6,7707728,220,422,2416
"3347","Rumex sanguineus",2888960,"Rumex sanguineus L.","ACCEPTED","SPECIES","EXACT",97,2888960,6,7707728,220,422,2416
"3348","Rumex sanguineus",2888960,"Rumex sanguineus L.","ACCEPTED","SPECIES","EXACT",97,2888960,6,7707728,220,422,2416
"3349","Rumex scutatus",2888961,"Rumex scutatus L.","ACCEPTED","SPECIES","EXACT",97,2888961,6,7707728,220,422,2416
"3350","Rumex scutatus",2888961,"Rumex scutatus L.","ACCEPTED","SPECIES","EXACT",97,2888961,6,7707728,220,422,2416
"3351","Rumex scutatus",2888961,"Rumex scutatus L.","ACCEPTED","SPECIES","EXACT",97,2888961,6,7707728,220,422,2416
"3352","Polypodium cambricum",5274944,"Polypodium cambricum L.","ACCEPTED","SPECIES","EXACT",99,5274944,6,7707728,7228684,392,2368
"3353","Polypodium cambricum",5274944,"Polypodium cambricum L.","ACCEPTED","SPECIES","EXACT",99,5274944,6,7707728,7228684,392,2368
"3354","Polypodium interjectum",5649577,"Polypodium interjectum Shivas","ACCEPTED","SPECIES","EXACT",99,5649577,6,7707728,7228684,392,2368
"3355","Polypodium interjectum",5649577,"Polypodium interjectum Shivas","ACCEPTED","SPECIES","EXACT",99,5649577,6,7707728,7228684,392,2368
"3356","Polypodium interjectum",5649577,"Polypodium interjectum Shivas","ACCEPTED","SPECIES","EXACT",99,5649577,6,7707728,7228684,392,2368
"3357","Polypodium vulgare",5274951,"Polypodium vulgare L.","ACCEPTED","SPECIES","EXACT",99,5274951,6,7707728,7228684,392,2368
"3358","Polypodium vulgare",5274951,"Polypodium vulgare L.","ACCEPTED","SPECIES","EXACT",99,5274951,6,7707728,7228684,392,2368
"3359","Polypodium vulgare",5274951,"Polypodium vulgare L.","ACCEPTED","SPECIES","EXACT",99,5274951,6,7707728,7228684,392,2368
"3360","Dryopteris affinis",8915858,"Dryopteris affinis (Lowe) Fraser-Jenk.","ACCEPTED","SPECIES","EXACT",97,8915858,6,7707728,7228684,392,2373
"3361","Dryopteris affinis",8915858,"Dryopteris affinis (Lowe) Fraser-Jenk.","ACCEPTED","SPECIES","EXACT",97,8915858,6,7707728,7228684,392,2373
"3362","Dryopteris affinis",8915858,"Dryopteris affinis (Lowe) Fraser-Jenk.","ACCEPTED","SPECIES","EXACT",97,8915858,6,7707728,7228684,392,2373
"3363","Dryopteris affinis",8915858,"Dryopteris affinis (Lowe) Fraser-Jenk.","ACCEPTED","SPECIES","EXACT",97,8915858,6,7707728,7228684,392,2373
"3364","Dryopteris carthusiana",5275149,"Dryopteris carthusiana (Vill.) H.P.Fuchs","ACCEPTED","SPECIES","EXACT",99,5275149,6,7707728,7228684,392,2373
"3365","Dryopteris carthusiana",5275149,"Dryopteris carthusiana (Vill.) H.P.Fuchs","ACCEPTED","SPECIES","EXACT",99,5275149,6,7707728,7228684,392,2373
"3366","Dryopteris carthusiana",5275149,"Dryopteris carthusiana (Vill.) H.P.Fuchs","ACCEPTED","SPECIES","EXACT",99,5275149,6,7707728,7228684,392,2373
"3367","Dryopteris carthusiana",5275149,"Dryopteris carthusiana (Vill.) H.P.Fuchs","ACCEPTED","SPECIES","EXACT",99,5275149,6,7707728,7228684,392,2373
"3368","Dryopteris cristata",5275110,"Dryopteris cristata (L.) A.Gray","ACCEPTED","SPECIES","EXACT",99,5275110,6,7707728,7228684,392,2373
"3369","Dryopteris cristata",5275110,"Dryopteris cristata (L.) A.Gray","ACCEPTED","SPECIES","EXACT",99,5275110,6,7707728,7228684,392,2373
"3370","Dryopteris cristata",5275110,"Dryopteris cristata (L.) A.Gray","ACCEPTED","SPECIES","EXACT",99,5275110,6,7707728,7228684,392,2373
"3371","Dryopteris dilatata",5275103,"Dryopteris dilatata (Hoffm.) A.Gray","ACCEPTED","SPECIES","EXACT",97,5275103,6,7707728,7228684,392,2373
"3372","Dryopteris dilatata",5275103,"Dryopteris dilatata (Hoffm.) A.Gray","ACCEPTED","SPECIES","EXACT",97,5275103,6,7707728,7228684,392,2373
"3373","Dryopteris dilatata",5275103,"Dryopteris dilatata (Hoffm.) A.Gray","ACCEPTED","SPECIES","EXACT",97,5275103,6,7707728,7228684,392,2373
"3374","Dryopteris dilatata",5275103,"Dryopteris dilatata (Hoffm.) A.Gray","ACCEPTED","SPECIES","EXACT",97,5275103,6,7707728,7228684,392,2373
"3375","Dryopteris expansa",5275102,"Dryopteris expansa (C.Presl) Fraser-Jenk. & Jermy","ACCEPTED","SPECIES","EXACT",99,5275102,6,7707728,7228684,392,2373
"3376","Dryopteris expansa",5275102,"Dryopteris expansa (C.Presl) Fraser-Jenk. & Jermy","ACCEPTED","SPECIES","EXACT",99,5275102,6,7707728,7228684,392,2373
"3377","Dryopteris filix-mas",5275132,"Dryopteris filix-mas (L.) Schott","ACCEPTED","SPECIES","EXACT",99,5275132,6,7707728,7228684,392,2373
"3378","Dryopteris filix-mas",5275132,"Dryopteris filix-mas (L.) Schott","ACCEPTED","SPECIES","EXACT",99,5275132,6,7707728,7228684,392,2373
"3379","Dryopteris filix-mas",5275132,"Dryopteris filix-mas (L.) Schott","ACCEPTED","SPECIES","EXACT",99,5275132,6,7707728,7228684,392,2373
"3380","Dryopteris filix-mas",5275132,"Dryopteris filix-mas (L.) Schott","ACCEPTED","SPECIES","EXACT",99,5275132,6,7707728,7228684,392,2373
"3381","Polystichum aculeatum",7319269,"Polystichum aculeatum (L.) Roth","ACCEPTED","SPECIES","EXACT",97,7319269,6,7707728,7228684,392,2373
"3382","Polystichum aculeatum",7319269,"Polystichum aculeatum (L.) Roth","ACCEPTED","SPECIES","EXACT",97,7319269,6,7707728,7228684,392,2373
"3383","Polystichum aculeatum",7319269,"Polystichum aculeatum (L.) Roth","ACCEPTED","SPECIES","EXACT",97,7319269,6,7707728,7228684,392,2373
"3384","Polystichum aculeatum",7319269,"Polystichum aculeatum (L.) Roth","ACCEPTED","SPECIES","EXACT",97,7319269,6,7707728,7228684,392,2373
"3385","Polystichum lonchitis",2651113,"Polystichum lonchitis (L.) Roth","ACCEPTED","SPECIES","EXACT",99,2651113,6,7707728,7228684,392,2373
"3386","Polystichum lonchitis",2651113,"Polystichum lonchitis (L.) Roth","ACCEPTED","SPECIES","EXACT",99,2651113,6,7707728,7228684,392,2373
"3387","Polystichum lonchitis",2651113,"Polystichum lonchitis (L.) Roth","ACCEPTED","SPECIES","EXACT",99,2651113,6,7707728,7228684,392,2373
"3388","Polystichum setiferum",4044517,"Polystichum setiferum (Forssk.) T.Moore ex Woyn.","ACCEPTED","SPECIES","EXACT",97,4044517,6,7707728,7228684,392,2373
"3389","Polystichum setiferum",4044517,"Polystichum setiferum (Forssk.) T.Moore ex Woyn.","ACCEPTED","SPECIES","EXACT",97,4044517,6,7707728,7228684,392,2373
"3390","Polystichum setiferum",4044517,"Polystichum setiferum (Forssk.) T.Moore ex Woyn.","ACCEPTED","SPECIES","EXACT",97,4044517,6,7707728,7228684,392,2373
"3391","Polystichum setiferum",4044517,"Polystichum setiferum (Forssk.) T.Moore ex Woyn.","ACCEPTED","SPECIES","EXACT",97,4044517,6,7707728,7228684,392,2373
"3392","Groenlandia densa",4009380,"Groenlandia densa (L.) Fourr.","ACCEPTED","SPECIES","EXACT",99,4009380,6,7707728,196,551,6721
"3393","Groenlandia densa",4009380,"Groenlandia densa (L.) Fourr.","ACCEPTED","SPECIES","EXACT",99,4009380,6,7707728,196,551,6721
"3394","Groenlandia densa",4009380,"Groenlandia densa (L.) Fourr.","ACCEPTED","SPECIES","EXACT",99,4009380,6,7707728,196,551,6721
"3395","Potamogeton acutifolius",7361877,"Potamogeton acutifolius Link","ACCEPTED","SPECIES","EXACT",97,7361877,6,7707728,196,551,6721
"3396","Potamogeton acutifolius",7361877,"Potamogeton acutifolius Link","ACCEPTED","SPECIES","EXACT",97,7361877,6,7707728,196,551,6721
"3397","Potamogeton alpinus",5301175,"Potamogeton alpinus Balb.","ACCEPTED","SPECIES","EXACT",98,5301175,6,7707728,196,551,6721
"3398","Potamogeton alpinus",5301175,"Potamogeton alpinus Balb.","ACCEPTED","SPECIES","EXACT",98,5301175,6,7707728,196,551,6721
"3399","Potamogeton alpinus",5301175,"Potamogeton alpinus Balb.","ACCEPTED","SPECIES","EXACT",98,5301175,6,7707728,196,551,6721
"3400","Potamogeton berchtoldii",6389089,"Potamogeton berchtoldii Fieber","ACCEPTED","SPECIES","EXACT",99,6389089,6,7707728,196,551,6721
"3401","Potamogeton berchtoldii",6389089,"Potamogeton berchtoldii Fieber","ACCEPTED","SPECIES","EXACT",99,6389089,6,7707728,196,551,6721
"3402","Potamogeton berchtoldii",6389089,"Potamogeton berchtoldii Fieber","ACCEPTED","SPECIES","EXACT",99,6389089,6,7707728,196,551,6721
"3403","Potamogeton coloratus",7289632,"Potamogeton coloratus Hornem.","ACCEPTED","SPECIES","EXACT",99,7289632,6,7707728,196,551,6721
"3404","Potamogeton coloratus",7289632,"Potamogeton coloratus Hornem.","ACCEPTED","SPECIES","EXACT",99,7289632,6,7707728,196,551,6721
"3405","Potamogeton compressus",7689610,"Potamogeton compressus L.","ACCEPTED","SPECIES","EXACT",98,7689610,6,7707728,196,551,6721
"3406","Potamogeton compressus",7689610,"Potamogeton compressus L.","ACCEPTED","SPECIES","EXACT",98,7689610,6,7707728,196,551,6721
"3407","Potamogeton compressus",7689610,"Potamogeton compressus L.","ACCEPTED","SPECIES","EXACT",98,7689610,6,7707728,196,551,6721
"3408","Potamogeton crispus",5301162,"Potamogeton crispus L.","ACCEPTED","SPECIES","EXACT",98,5301162,6,7707728,196,551,6721
"3409","Potamogeton crispus",5301162,"Potamogeton crispus L.","ACCEPTED","SPECIES","EXACT",98,5301162,6,7707728,196,551,6721
"3410","Potamogeton crispus",5301162,"Potamogeton crispus L.","ACCEPTED","SPECIES","EXACT",98,5301162,6,7707728,196,551,6721
"3411","Potamogeton crispus",5301162,"Potamogeton crispus L.","ACCEPTED","SPECIES","EXACT",98,5301162,6,7707728,196,551,6721
"3412","Potamogeton friesii",5301204,"Potamogeton friesii Rupr.","ACCEPTED","SPECIES","EXACT",99,5301204,6,7707728,196,551,6721
"3413","Potamogeton friesii",5301204,"Potamogeton friesii Rupr.","ACCEPTED","SPECIES","EXACT",99,5301204,6,7707728,196,551,6721
"3414","Potamogeton gramineus",5301183,"Potamogeton gramineus L.","ACCEPTED","SPECIES","EXACT",99,5301183,6,7707728,196,551,6721
"3415","Potamogeton gramineus",5301183,"Potamogeton gramineus L.","ACCEPTED","SPECIES","EXACT",99,5301183,6,7707728,196,551,6721
"3416","Potamogeton gramineus",5301183,"Potamogeton gramineus L.","ACCEPTED","SPECIES","EXACT",99,5301183,6,7707728,196,551,6721
"3417","Potamogeton lucens",5301141,"Potamogeton lucens L.","ACCEPTED","SPECIES","EXACT",97,5301141,6,7707728,196,551,6721
"3418","Potamogeton lucens",5301141,"Potamogeton lucens L.","ACCEPTED","SPECIES","EXACT",97,5301141,6,7707728,196,551,6721
"3419","Potamogeton lucens",5301141,"Potamogeton lucens L.","ACCEPTED","SPECIES","EXACT",97,5301141,6,7707728,196,551,6721
"3420","Potamogeton natans",5301147,"Potamogeton natans L.","ACCEPTED","SPECIES","EXACT",98,5301147,6,7707728,196,551,6721
"3421","Potamogeton natans",5301147,"Potamogeton natans L.","ACCEPTED","SPECIES","EXACT",98,5301147,6,7707728,196,551,6721
"3422","Potamogeton natans",5301147,"Potamogeton natans L.","ACCEPTED","SPECIES","EXACT",98,5301147,6,7707728,196,551,6721
"3423","Potamogeton natans",5301147,"Potamogeton natans L.","ACCEPTED","SPECIES","EXACT",98,5301147,6,7707728,196,551,6721
"3424","Potamogeton nodosus",5301233,"Potamogeton nodosus Poir.","ACCEPTED","SPECIES","EXACT",99,5301233,6,7707728,196,551,6721
"3425","Potamogeton nodosus",5301233,"Potamogeton nodosus Poir.","ACCEPTED","SPECIES","EXACT",99,5301233,6,7707728,196,551,6721
"3426","Potamogeton nodosus",5301233,"Potamogeton nodosus Poir.","ACCEPTED","SPECIES","EXACT",99,5301233,6,7707728,196,551,6721
"3427","Potamogeton obtusifolius",5301231,"Potamogeton obtusifolius Mert. & W.D.J.Koch","ACCEPTED","SPECIES","EXACT",99,5301231,6,7707728,196,551,6721
"3428","Potamogeton obtusifolius",5301231,"Potamogeton obtusifolius Mert. & W.D.J.Koch","ACCEPTED","SPECIES","EXACT",99,5301231,6,7707728,196,551,6721
"3429","Potamogeton perfoliatus",5301200,"Potamogeton perfoliatus L.","ACCEPTED","SPECIES","EXACT",99,5301200,6,7707728,196,551,6721
"3430","Potamogeton perfoliatus",5301200,"Potamogeton perfoliatus L.","ACCEPTED","SPECIES","EXACT",99,5301200,6,7707728,196,551,6721
"3431","Potamogeton perfoliatus",5301200,"Potamogeton perfoliatus L.","ACCEPTED","SPECIES","EXACT",99,5301200,6,7707728,196,551,6721
"3432","Potamogeton polygonifolius",5301226,"Potamogeton polygonifolius Pourr.","ACCEPTED","SPECIES","EXACT",97,5301226,6,7707728,196,551,6721
"3433","Potamogeton polygonifolius",5301226,"Potamogeton polygonifolius Pourr.","ACCEPTED","SPECIES","EXACT",97,5301226,6,7707728,196,551,6721
"3434","Potamogeton polygonifolius",5301226,"Potamogeton polygonifolius Pourr.","ACCEPTED","SPECIES","EXACT",97,5301226,6,7707728,196,551,6721
"3435","Potamogeton pusillus",8351789,"Potamogeton pusillus L.","ACCEPTED","SPECIES","EXACT",99,8351789,6,7707728,196,551,6721
"3436","Potamogeton pusillus",8351789,"Potamogeton pusillus L.","ACCEPTED","SPECIES","EXACT",99,8351789,6,7707728,196,551,6721
"3437","Potamogeton pusillus",8351789,"Potamogeton pusillus L.","ACCEPTED","SPECIES","EXACT",99,8351789,6,7707728,196,551,6721
"3438","Potamogeton pusillus",8351789,"Potamogeton pusillus L.","ACCEPTED","SPECIES","EXACT",99,8351789,6,7707728,196,551,6721
"3439","Potamogeton trichoides",5642073,"Potamogeton trichoides Cham. & Schltdl.","ACCEPTED","SPECIES","EXACT",97,5642073,6,7707728,196,551,6721
"3440","Potamogeton trichoides",5642073,"Potamogeton trichoides Cham. & Schltdl.","ACCEPTED","SPECIES","EXACT",97,5642073,6,7707728,196,551,6721
"3441","Potamogeton trichoides",5642073,"Potamogeton trichoides Cham. & Schltdl.","ACCEPTED","SPECIES","EXACT",97,5642073,6,7707728,196,551,6721
"3442","Stuckenia pectinata",7871428,"Stuckenia pectinata (L.) Börner","ACCEPTED","SPECIES","EXACT",99,7871428,6,7707728,196,551,6721
"3443","Stuckenia pectinata",7871428,"Stuckenia pectinata (L.) Börner","ACCEPTED","SPECIES","EXACT",99,7871428,6,7707728,196,551,6721
"3444","Stuckenia pectinata",7871428,"Stuckenia pectinata (L.) Börner","ACCEPTED","SPECIES","EXACT",99,7871428,6,7707728,196,551,6721
"3445","Stuckenia pectinata",7871428,"Stuckenia pectinata (L.) Börner","ACCEPTED","SPECIES","EXACT",99,7871428,6,7707728,196,551,6721
"3446","Zannichellia palustris",2756540,"Zannichellia palustris L.","ACCEPTED","SPECIES","EXACT",99,2756540,6,7707728,196,551,6721
"3447","Zannichellia palustris",2756540,"Zannichellia palustris L.","ACCEPTED","SPECIES","EXACT",99,2756540,6,7707728,196,551,6721
"3448","Zannichellia palustris",2756540,"Zannichellia palustris L.","ACCEPTED","SPECIES","EXACT",99,2756540,6,7707728,196,551,6721
"3449","Anagallis arvensis",3169305,"Anagallis arvensis L.","SYNONYM","SPECIES","EXACT",98,9631539,6,7707728,220,1353,6674
"3450","Anagallis arvensis",3169305,"Anagallis arvensis L.","SYNONYM","SPECIES","EXACT",98,9631539,6,7707728,220,1353,6674
"3451","Anagallis arvensis",3169305,"Anagallis arvensis L.","SYNONYM","SPECIES","EXACT",98,9631539,6,7707728,220,1353,6674
"3452","Anagallis arvensis",3169305,"Anagallis arvensis L.","SYNONYM","SPECIES","EXACT",98,9631539,6,7707728,220,1353,6674
"3453","Anagallis tenella",3169304,"Anagallis tenella (L.) L.","SYNONYM","SPECIES","EXACT",98,4005183,6,7707728,220,1353,6674
"3454","Anagallis tenella",3169304,"Anagallis tenella (L.) L.","SYNONYM","SPECIES","EXACT",98,4005183,6,7707728,220,1353,6674
"3455","Centunculus minimus",5414370,"Centunculus minimus L.","SYNONYM","SPECIES","EXACT",98,7939955,6,7707728,220,1353,6674
"3456","Centunculus minimus",5414370,"Centunculus minimus L.","SYNONYM","SPECIES","EXACT",98,7939955,6,7707728,220,1353,6674
"3457","Centunculus minimus",5414370,"Centunculus minimus L.","SYNONYM","SPECIES","EXACT",98,7939955,6,7707728,220,1353,6674
"3458","Glaux maritima",5414349,"Glaux maritima L.","SYNONYM","SPECIES","EXACT",98,4007442,6,7707728,220,1353,6674
"3459","Glaux maritima",5414349,"Glaux maritima L.","SYNONYM","SPECIES","EXACT",98,4007442,6,7707728,220,1353,6674
"3460","Hottonia palustris",4006551,"Hottonia palustris L.","ACCEPTED","SPECIES","EXACT",98,4006551,6,7707728,220,1353,6674
"3461","Hottonia palustris",4006551,"Hottonia palustris L.","ACCEPTED","SPECIES","EXACT",98,4006551,6,7707728,220,1353,6674
"3462","Hottonia palustris",4006551,"Hottonia palustris L.","ACCEPTED","SPECIES","EXACT",98,4006551,6,7707728,220,1353,6674
"3463","Hottonia palustris",4006551,"Hottonia palustris L.","ACCEPTED","SPECIES","EXACT",98,4006551,6,7707728,220,1353,6674
"3464","Lysimachia nemorum",7702019,"Lysimachia nemorum L.","ACCEPTED","SPECIES","EXACT",97,7702019,6,7707728,220,1353,6674
"3465","Lysimachia nemorum",7702019,"Lysimachia nemorum L.","ACCEPTED","SPECIES","EXACT",97,7702019,6,7707728,220,1353,6674
"3466","Lysimachia nemorum",7702019,"Lysimachia nemorum L.","ACCEPTED","SPECIES","EXACT",97,7702019,6,7707728,220,1353,6674
"3467","Lysimachia nemorum",7702019,"Lysimachia nemorum L.","ACCEPTED","SPECIES","EXACT",97,7702019,6,7707728,220,1353,6674
"3468","Lysimachia nummularia",3169379,"Lysimachia nummularia L.","ACCEPTED","SPECIES","EXACT",99,3169379,6,7707728,220,1353,6674
"3469","Lysimachia nummularia",3169379,"Lysimachia nummularia L.","ACCEPTED","SPECIES","EXACT",99,3169379,6,7707728,220,1353,6674
"3470","Lysimachia nummularia",3169379,"Lysimachia nummularia L.","ACCEPTED","SPECIES","EXACT",99,3169379,6,7707728,220,1353,6674
"3471","Lysimachia nummularia",3169379,"Lysimachia nummularia L.","ACCEPTED","SPECIES","EXACT",99,3169379,6,7707728,220,1353,6674
"3472","Lysimachia thyrsiflora",3169358,"Lysimachia thyrsiflora L.","ACCEPTED","SPECIES","EXACT",98,3169358,6,7707728,220,1353,6674
"3473","Lysimachia thyrsiflora",3169358,"Lysimachia thyrsiflora L.","ACCEPTED","SPECIES","EXACT",98,3169358,6,7707728,220,1353,6674
"3474","Lysimachia thyrsiflora",3169358,"Lysimachia thyrsiflora L.","ACCEPTED","SPECIES","EXACT",98,3169358,6,7707728,220,1353,6674
"3475","Lysimachia thyrsiflora",3169358,"Lysimachia thyrsiflora L.","ACCEPTED","SPECIES","EXACT",98,3169358,6,7707728,220,1353,6674
"3476","Lysimachia vulgaris",3169386,"Lysimachia vulgaris L.","ACCEPTED","SPECIES","EXACT",97,3169386,6,7707728,220,1353,6674
"3477","Lysimachia vulgaris",3169386,"Lysimachia vulgaris L.","ACCEPTED","SPECIES","EXACT",97,3169386,6,7707728,220,1353,6674
"3478","Lysimachia vulgaris",3169386,"Lysimachia vulgaris L.","ACCEPTED","SPECIES","EXACT",97,3169386,6,7707728,220,1353,6674
"3479","Lysimachia vulgaris",3169386,"Lysimachia vulgaris L.","ACCEPTED","SPECIES","EXACT",97,3169386,6,7707728,220,1353,6674
"3480","Primula elatior",5414326,"Primula elatior (L.) L.","ACCEPTED","SPECIES","EXACT",97,5414326,6,7707728,220,1353,6674
"3481","Primula elatior",5414326,"Primula elatior (L.) L.","ACCEPTED","SPECIES","EXACT",97,5414326,6,7707728,220,1353,6674
"3482","Primula elatior",5414326,"Primula elatior (L.) L.","ACCEPTED","SPECIES","EXACT",97,5414326,6,7707728,220,1353,6674
"3483","Primula elatior",5414326,"Primula elatior (L.) L.","ACCEPTED","SPECIES","EXACT",97,5414326,6,7707728,220,1353,6674
"3484","Primula veris",8377689,"Primula veris L.","ACCEPTED","SPECIES","EXACT",97,8377689,6,7707728,220,1353,6674
"3485","Primula veris",8377689,"Primula veris L.","ACCEPTED","SPECIES","EXACT",97,8377689,6,7707728,220,1353,6674
"3486","Primula veris",8377689,"Primula veris L.","ACCEPTED","SPECIES","EXACT",97,8377689,6,7707728,220,1353,6674
"3487","Primula veris",8377689,"Primula veris L.","ACCEPTED","SPECIES","EXACT",97,8377689,6,7707728,220,1353,6674
"3488","Primula vulgaris",5414335,"Primula vulgaris Huds.","ACCEPTED","SPECIES","EXACT",97,5414335,6,7707728,220,1353,6674
"3489","Primula vulgaris",5414335,"Primula vulgaris Huds.","ACCEPTED","SPECIES","EXACT",97,5414335,6,7707728,220,1353,6674
"3490","Primula vulgaris",5414335,"Primula vulgaris Huds.","ACCEPTED","SPECIES","EXACT",97,5414335,6,7707728,220,1353,6674
"3491","Primula vulgaris",5414335,"Primula vulgaris Huds.","ACCEPTED","SPECIES","EXACT",97,5414335,6,7707728,220,1353,6674
"3492","Samolus valerandi",3169313,"Samolus valerandi L.","ACCEPTED","SPECIES","EXACT",99,3169313,6,7707728,220,1353,6674
"3493","Samolus valerandi",3169313,"Samolus valerandi L.","ACCEPTED","SPECIES","EXACT",99,3169313,6,7707728,220,1353,6674
"3494","Samolus valerandi",3169313,"Samolus valerandi L.","ACCEPTED","SPECIES","EXACT",99,3169313,6,7707728,220,1353,6674
"3495","Cryptogramma crispa",5275447,"Cryptogramma crispa (L.) R.Br.","ACCEPTED","SPECIES","EXACT",97,5275447,6,7707728,7228684,392,2367
"3496","Cryptogramma crispa",5275447,"Cryptogramma crispa (L.) R.Br.","ACCEPTED","SPECIES","EXACT",97,5275447,6,7707728,7228684,392,2367
"3497","Aconitum lycoctonum",3033675,"Aconitum lycoctonum L.","ACCEPTED","SPECIES","EXACT",97,3033675,6,7707728,220,399,2410
"3498","Aconitum lycoctonum",3033675,"Aconitum lycoctonum L.","ACCEPTED","SPECIES","EXACT",97,3033675,6,7707728,220,399,2410
"3499","Aconitum lycoctonum",3033675,"Aconitum lycoctonum L.","ACCEPTED","SPECIES","EXACT",97,3033675,6,7707728,220,399,2410
"3500","Aconitum lycoctonum",3033675,"Aconitum lycoctonum L.","ACCEPTED","SPECIES","EXACT",97,3033675,6,7707728,220,399,2410
"3501","Aconitum napellus",3033665,"Aconitum napellus L.","ACCEPTED","SPECIES","EXACT",97,3033665,6,7707728,220,399,2410
"3502","Aconitum napellus",3033665,"Aconitum napellus L.","ACCEPTED","SPECIES","EXACT",97,3033665,6,7707728,220,399,2410
"3503","Aconitum napellus",3033665,"Aconitum napellus L.","ACCEPTED","SPECIES","EXACT",97,3033665,6,7707728,220,399,2410
"3504","Aconitum napellus",3033665,"Aconitum napellus L.","ACCEPTED","SPECIES","EXACT",97,3033665,6,7707728,220,399,2410
"3505","Actaea spicata",5371473,"Actaea spicata L.","ACCEPTED","SPECIES","EXACT",99,5371473,6,7707728,220,399,2410
"3506","Actaea spicata",5371473,"Actaea spicata L.","ACCEPTED","SPECIES","EXACT",99,5371473,6,7707728,220,399,2410
"3507","Actaea spicata",5371473,"Actaea spicata L.","ACCEPTED","SPECIES","EXACT",99,5371473,6,7707728,220,399,2410
"3508","Anemone nemorosa",3033263,"Anemone nemorosa L.","ACCEPTED","SPECIES","EXACT",97,3033263,6,7707728,220,399,2410
"3509","Anemone nemorosa",3033263,"Anemone nemorosa L.","ACCEPTED","SPECIES","EXACT",97,3033263,6,7707728,220,399,2410
"3510","Anemone nemorosa",3033263,"Anemone nemorosa L.","ACCEPTED","SPECIES","EXACT",97,3033263,6,7707728,220,399,2410
"3511","Anemone nemorosa",3033263,"Anemone nemorosa L.","ACCEPTED","SPECIES","EXACT",97,3033263,6,7707728,220,399,2410
"3512","Anemone ranunculoides",3033266,"Anemone ranunculoides L.","ACCEPTED","SPECIES","EXACT",97,3033266,6,7707728,220,399,2410
"3513","Anemone ranunculoides",3033266,"Anemone ranunculoides L.","ACCEPTED","SPECIES","EXACT",97,3033266,6,7707728,220,399,2410
"3514","Anemone ranunculoides",3033266,"Anemone ranunculoides L.","ACCEPTED","SPECIES","EXACT",97,3033266,6,7707728,220,399,2410
"3515","Anemone ranunculoides",3033266,"Anemone ranunculoides L.","ACCEPTED","SPECIES","EXACT",97,3033266,6,7707728,220,399,2410
"3516","Aquilegia vulgaris",3033191,"Aquilegia vulgaris L.","ACCEPTED","SPECIES","EXACT",97,3033191,6,7707728,220,399,2410
"3517","Aquilegia vulgaris",3033191,"Aquilegia vulgaris L.","ACCEPTED","SPECIES","EXACT",97,3033191,6,7707728,220,399,2410
"3518","Aquilegia vulgaris",3033191,"Aquilegia vulgaris L.","ACCEPTED","SPECIES","EXACT",97,3033191,6,7707728,220,399,2410
"3519","Aquilegia vulgaris",3033191,"Aquilegia vulgaris L.","ACCEPTED","SPECIES","EXACT",97,3033191,6,7707728,220,399,2410
"3520","Caltha palustris",5371685,"Caltha palustris L.","ACCEPTED","SPECIES","EXACT",99,5371685,6,7707728,220,399,2410
"3521","Caltha palustris",5371685,"Caltha palustris L.","ACCEPTED","SPECIES","EXACT",99,5371685,6,7707728,220,399,2410
"3522","Caltha palustris",5371685,"Caltha palustris L.","ACCEPTED","SPECIES","EXACT",99,5371685,6,7707728,220,399,2410
"3523","Caltha palustris",5371685,"Caltha palustris L.","ACCEPTED","SPECIES","EXACT",99,5371685,6,7707728,220,399,2410
"3524","Clematis vitalba",3033558,"Clematis vitalba L.","ACCEPTED","SPECIES","EXACT",97,3033558,6,7707728,220,399,2410
"3525","Clematis vitalba",3033558,"Clematis vitalba L.","ACCEPTED","SPECIES","EXACT",97,3033558,6,7707728,220,399,2410
"3526","Clematis vitalba",3033558,"Clematis vitalba L.","ACCEPTED","SPECIES","EXACT",97,3033558,6,7707728,220,399,2410
"3527","Clematis vitalba",3033558,"Clematis vitalba L.","ACCEPTED","SPECIES","EXACT",97,3033558,6,7707728,220,399,2410
"3528","Consolida regalis",8176367,"Consolida regalis Gray","SYNONYM","SPECIES","EXACT",98,10763835,6,7707728,220,399,2410
"3529","Consolida regalis",8176367,"Consolida regalis Gray","SYNONYM","SPECIES","EXACT",98,10763835,6,7707728,220,399,2410
"3530","Consolida regalis",8176367,"Consolida regalis Gray","SYNONYM","SPECIES","EXACT",98,10763835,6,7707728,220,399,2410
"3531","Consolida regalis",8176367,"Consolida regalis Gray","SYNONYM","SPECIES","EXACT",98,10763835,6,7707728,220,399,2410
"3532","Ficaria verna",9094061,"Ficaria verna Huds.","ACCEPTED","SPECIES","EXACT",99,9094061,6,7707728,220,399,2410
"3533","Ficaria verna",9094061,"Ficaria verna Huds.","ACCEPTED","SPECIES","EXACT",99,9094061,6,7707728,220,399,2410
"3534","Ficaria verna",9094061,"Ficaria verna Huds.","ACCEPTED","SPECIES","EXACT",99,9094061,6,7707728,220,399,2410
"3535","Ficaria verna",9094061,"Ficaria verna Huds.","ACCEPTED","SPECIES","EXACT",99,9094061,6,7707728,220,399,2410
"3536","Helleborus foetidus",6375040,"Helleborus foetidus L.","ACCEPTED","SPECIES","EXACT",99,6375040,6,7707728,220,399,2410
"3537","Helleborus foetidus",6375040,"Helleborus foetidus L.","ACCEPTED","SPECIES","EXACT",99,6375040,6,7707728,220,399,2410
"3538","Helleborus foetidus",6375040,"Helleborus foetidus L.","ACCEPTED","SPECIES","EXACT",99,6375040,6,7707728,220,399,2410
"3539","Helleborus foetidus",6375040,"Helleborus foetidus L.","ACCEPTED","SPECIES","EXACT",99,6375040,6,7707728,220,399,2410
"3540","Helleborus viridis",3033108,"Helleborus viridis L.","ACCEPTED","SPECIES","EXACT",97,3033108,6,7707728,220,399,2410
"3541","Helleborus viridis",3033108,"Helleborus viridis L.","ACCEPTED","SPECIES","EXACT",97,3033108,6,7707728,220,399,2410
"3542","Helleborus viridis",3033108,"Helleborus viridis L.","ACCEPTED","SPECIES","EXACT",97,3033108,6,7707728,220,399,2410
"3543","Helleborus viridis",3033108,"Helleborus viridis L.","ACCEPTED","SPECIES","EXACT",97,3033108,6,7707728,220,399,2410
"3544","Myosurus minimus",3033605,"Myosurus minimus L.","ACCEPTED","SPECIES","EXACT",99,3033605,6,7707728,220,399,2410
"3545","Myosurus minimus",3033605,"Myosurus minimus L.","ACCEPTED","SPECIES","EXACT",99,3033605,6,7707728,220,399,2410
"3546","Myosurus minimus",3033605,"Myosurus minimus L.","ACCEPTED","SPECIES","EXACT",99,3033605,6,7707728,220,399,2410
"3547","Myosurus minimus",3033605,"Myosurus minimus L.","ACCEPTED","SPECIES","EXACT",99,3033605,6,7707728,220,399,2410
"3548","Pulsatilla vulgaris",3033621,"Pulsatilla vulgaris Mill.","ACCEPTED","SPECIES","EXACT",99,3033621,6,7707728,220,399,2410
"3549","Pulsatilla vulgaris",3033621,"Pulsatilla vulgaris Mill.","ACCEPTED","SPECIES","EXACT",99,3033621,6,7707728,220,399,2410
"3550","Pulsatilla vulgaris",3033621,"Pulsatilla vulgaris Mill.","ACCEPTED","SPECIES","EXACT",99,3033621,6,7707728,220,399,2410
"3551","Ranunculus aconitifolius",3928139,"Ranunculus aconitifolius L.","ACCEPTED","SPECIES","EXACT",99,3928139,6,7707728,220,399,2410
"3552","Ranunculus aconitifolius",3928139,"Ranunculus aconitifolius L.","ACCEPTED","SPECIES","EXACT",99,3928139,6,7707728,220,399,2410
"3553","Ranunculus acris",3033363,"Ranunculus acris L.","ACCEPTED","SPECIES","EXACT",97,3033363,6,7707728,220,399,2410
"3554","Ranunculus acris",3033363,"Ranunculus acris L.","ACCEPTED","SPECIES","EXACT",97,3033363,6,7707728,220,399,2410
"3555","Ranunculus acris",3033363,"Ranunculus acris L.","ACCEPTED","SPECIES","EXACT",97,3033363,6,7707728,220,399,2410
"3556","Ranunculus acris",3033363,"Ranunculus acris L.","ACCEPTED","SPECIES","EXACT",97,3033363,6,7707728,220,399,2410
"3557","Ranunculus aquatilis",3033464,"Ranunculus aquatilis L.","ACCEPTED","SPECIES","EXACT",97,3033464,6,7707728,220,399,2410
"3558","Ranunculus aquatilis",3033464,"Ranunculus aquatilis L.","ACCEPTED","SPECIES","EXACT",97,3033464,6,7707728,220,399,2410
"3559","Ranunculus aquatilis",3033464,"Ranunculus aquatilis L.","ACCEPTED","SPECIES","EXACT",97,3033464,6,7707728,220,399,2410
"3560","Ranunculus aquatilis",3033464,"Ranunculus aquatilis L.","ACCEPTED","SPECIES","EXACT",97,3033464,6,7707728,220,399,2410
"3561","Ranunculus arvensis",3033348,"Ranunculus arvensis L.","ACCEPTED","SPECIES","EXACT",99,3033348,6,7707728,220,399,2410
"3562","Ranunculus arvensis",3033348,"Ranunculus arvensis L.","ACCEPTED","SPECIES","EXACT",99,3033348,6,7707728,220,399,2410
"3563","Ranunculus arvensis",3033348,"Ranunculus arvensis L.","ACCEPTED","SPECIES","EXACT",99,3033348,6,7707728,220,399,2410
"3564","Ranunculus auricomus",9100915,"Ranunculus auricomus L.","ACCEPTED","SPECIES","EXACT",97,9100915,6,7707728,220,399,2410
"3565","Ranunculus auricomus",9100915,"Ranunculus auricomus L.","ACCEPTED","SPECIES","EXACT",97,9100915,6,7707728,220,399,2410
"3566","Ranunculus auricomus",9100915,"Ranunculus auricomus L.","ACCEPTED","SPECIES","EXACT",97,9100915,6,7707728,220,399,2410
"3567","Ranunculus auricomus",9100915,"Ranunculus auricomus L.","ACCEPTED","SPECIES","EXACT",97,9100915,6,7707728,220,399,2410
"3568","Ranunculus baudotii",3923698,"Ranunculus baudotii Godr.","SYNONYM","SPECIES","EXACT",97,3929630,6,7707728,220,399,2410
"3569","Ranunculus baudotii",3923698,"Ranunculus baudotii Godr.","SYNONYM","SPECIES","EXACT",97,3929630,6,7707728,220,399,2410
"3570","Ranunculus bulbosus",3033329,"Ranunculus bulbosus L.","ACCEPTED","SPECIES","EXACT",97,3033329,6,7707728,220,399,2410
"3571","Ranunculus bulbosus",3033329,"Ranunculus bulbosus L.","ACCEPTED","SPECIES","EXACT",97,3033329,6,7707728,220,399,2410
"3572","Ranunculus bulbosus",3033329,"Ranunculus bulbosus L.","ACCEPTED","SPECIES","EXACT",97,3033329,6,7707728,220,399,2410
"3573","Ranunculus bulbosus",3033329,"Ranunculus bulbosus L.","ACCEPTED","SPECIES","EXACT",97,3033329,6,7707728,220,399,2410
"3574","Ranunculus circinatus",3033382,"Ranunculus circinatus Sibth.","ACCEPTED","SPECIES","EXACT",99,3033382,6,7707728,220,399,2410
"3575","Ranunculus circinatus",3033382,"Ranunculus circinatus Sibth.","ACCEPTED","SPECIES","EXACT",99,3033382,6,7707728,220,399,2410
"3576","Ranunculus circinatus",3033382,"Ranunculus circinatus Sibth.","ACCEPTED","SPECIES","EXACT",99,3033382,6,7707728,220,399,2410
"3577","Ranunculus flammula",3033312,"Ranunculus flammula L.","ACCEPTED","SPECIES","EXACT",97,3033312,6,7707728,220,399,2410
"3578","Ranunculus flammula",3033312,"Ranunculus flammula L.","ACCEPTED","SPECIES","EXACT",97,3033312,6,7707728,220,399,2410
"3579","Ranunculus flammula",3033312,"Ranunculus flammula L.","ACCEPTED","SPECIES","EXACT",97,3033312,6,7707728,220,399,2410
"3580","Ranunculus fluitans",7277865,"Ranunculus fluitans Lam.","ACCEPTED","SPECIES","EXACT",97,7277865,6,7707728,220,399,2410
"3581","Ranunculus fluitans",7277865,"Ranunculus fluitans Lam.","ACCEPTED","SPECIES","EXACT",97,7277865,6,7707728,220,399,2410
"3582","Ranunculus fluitans",7277865,"Ranunculus fluitans Lam.","ACCEPTED","SPECIES","EXACT",97,7277865,6,7707728,220,399,2410
"3583","Ranunculus hederaceus",3033477,"Ranunculus hederaceus L.","ACCEPTED","SPECIES","EXACT",97,3033477,6,7707728,220,399,2410
"3584","Ranunculus hederaceus",3033477,"Ranunculus hederaceus L.","ACCEPTED","SPECIES","EXACT",97,3033477,6,7707728,220,399,2410
"3585","Ranunculus hederaceus",3033477,"Ranunculus hederaceus L.","ACCEPTED","SPECIES","EXACT",97,3033477,6,7707728,220,399,2410
"3586","Ranunculus lingua",8310009,"Ranunculus lingua L.","ACCEPTED","SPECIES","EXACT",97,8310009,6,7707728,220,399,2410
"3587","Ranunculus lingua",8310009,"Ranunculus lingua L.","ACCEPTED","SPECIES","EXACT",97,8310009,6,7707728,220,399,2410
"3588","Ranunculus lingua",8310009,"Ranunculus lingua L.","ACCEPTED","SPECIES","EXACT",97,8310009,6,7707728,220,399,2410
"3589","Ranunculus lingua",8310009,"Ranunculus lingua L.","ACCEPTED","SPECIES","EXACT",97,8310009,6,7707728,220,399,2410
"3590","Ranunculus ololeucos",7278260,"Ranunculus ololeucos J.Lloyd","ACCEPTED","SPECIES","EXACT",99,7278260,6,7707728,220,399,2410
"3591","Ranunculus ololeucos",7278260,"Ranunculus ololeucos J.Lloyd","ACCEPTED","SPECIES","EXACT",99,7278260,6,7707728,220,399,2410
"3592","Ranunculus ololeucos",7278260,"Ranunculus ololeucos J.Lloyd","ACCEPTED","SPECIES","EXACT",99,7278260,6,7707728,220,399,2410
"3593","Ranunculus peltatus",8365713,"Ranunculus peltatus Schrank","ACCEPTED","SPECIES","EXACT",97,8365713,6,7707728,220,399,2410
"3594","Ranunculus peltatus",8365713,"Ranunculus peltatus Schrank","ACCEPTED","SPECIES","EXACT",97,8365713,6,7707728,220,399,2410
"3595","Ranunculus peltatus",8365713,"Ranunculus peltatus Schrank","ACCEPTED","SPECIES","EXACT",97,8365713,6,7707728,220,399,2410
"3596","Ranunculus penicillatus",7278019,"Ranunculus penicillatus (Dumort.) Bab.","ACCEPTED","SPECIES","EXACT",99,7278019,6,7707728,220,399,2410
"3597","Ranunculus penicillatus",7278019,"Ranunculus penicillatus (Dumort.) Bab.","ACCEPTED","SPECIES","EXACT",99,7278019,6,7707728,220,399,2410
"3598","Ranunculus penicillatus",7278019,"Ranunculus penicillatus (Dumort.) Bab.","ACCEPTED","SPECIES","EXACT",99,7278019,6,7707728,220,399,2410
"3599","Ranunculus platanifolius",3928928,"Ranunculus platanifolius L.","ACCEPTED","SPECIES","EXACT",99,3928928,6,7707728,220,399,2410
"3600","Ranunculus platanifolius",3928928,"Ranunculus platanifolius L.","ACCEPTED","SPECIES","EXACT",99,3928928,6,7707728,220,399,2410
"3601","Ranunculus polyanthemos",7277831,"Ranunculus polyanthemos L.","ACCEPTED","SPECIES","EXACT",99,7277831,6,7707728,220,399,2410
"3602","Ranunculus polyanthemos",7277831,"Ranunculus polyanthemos L.","ACCEPTED","SPECIES","EXACT",99,7277831,6,7707728,220,399,2410
"3603","Ranunculus polyanthemos",7277831,"Ranunculus polyanthemos L.","ACCEPTED","SPECIES","EXACT",99,7277831,6,7707728,220,399,2410
"3604","Ranunculus repens",3033339,"Ranunculus repens L.","ACCEPTED","SPECIES","EXACT",98,3033339,6,7707728,220,399,2410
"3605","Ranunculus repens",3033339,"Ranunculus repens L.","ACCEPTED","SPECIES","EXACT",98,3033339,6,7707728,220,399,2410
"3606","Ranunculus repens",3033339,"Ranunculus repens L.","ACCEPTED","SPECIES","EXACT",98,3033339,6,7707728,220,399,2410
"3607","Ranunculus repens",3033339,"Ranunculus repens L.","ACCEPTED","SPECIES","EXACT",98,3033339,6,7707728,220,399,2410
"3608","Ranunculus sardous",3033483,"Ranunculus sardous Crantz","ACCEPTED","SPECIES","EXACT",99,3033483,6,7707728,220,399,2410
"3609","Ranunculus sardous",3033483,"Ranunculus sardous Crantz","ACCEPTED","SPECIES","EXACT",99,3033483,6,7707728,220,399,2410
"3610","Ranunculus sardous",3033483,"Ranunculus sardous Crantz","ACCEPTED","SPECIES","EXACT",99,3033483,6,7707728,220,399,2410
"3611","Ranunculus sardous",3033483,"Ranunculus sardous Crantz","ACCEPTED","SPECIES","EXACT",99,3033483,6,7707728,220,399,2410
"3612","Ranunculus sceleratus",3033374,"Ranunculus sceleratus L.","ACCEPTED","SPECIES","EXACT",99,3033374,6,7707728,220,399,2410
"3613","Ranunculus sceleratus",3033374,"Ranunculus sceleratus L.","ACCEPTED","SPECIES","EXACT",99,3033374,6,7707728,220,399,2410
"3614","Ranunculus sceleratus",3033374,"Ranunculus sceleratus L.","ACCEPTED","SPECIES","EXACT",99,3033374,6,7707728,220,399,2410
"3615","Ranunculus sceleratus",3033374,"Ranunculus sceleratus L.","ACCEPTED","SPECIES","EXACT",99,3033374,6,7707728,220,399,2410
"3616","Ranunculus trichophyllus",3033377,"Ranunculus trichophyllus Chaix","ACCEPTED","SPECIES","EXACT",98,3033377,6,7707728,220,399,2410
"3617","Ranunculus trichophyllus",3033377,"Ranunculus trichophyllus Chaix","ACCEPTED","SPECIES","EXACT",98,3033377,6,7707728,220,399,2410
"3618","Ranunculus trichophyllus",3033377,"Ranunculus trichophyllus Chaix","ACCEPTED","SPECIES","EXACT",98,3033377,6,7707728,220,399,2410
"3619","Thalictrum flavum",7509607,"Thalictrum flavum L.","ACCEPTED","SPECIES","EXACT",98,7509607,6,7707728,220,399,2410
"3620","Thalictrum flavum",7509607,"Thalictrum flavum L.","ACCEPTED","SPECIES","EXACT",98,7509607,6,7707728,220,399,2410
"3621","Thalictrum flavum",7509607,"Thalictrum flavum L.","ACCEPTED","SPECIES","EXACT",98,7509607,6,7707728,220,399,2410
"3622","Thalictrum flavum",7509607,"Thalictrum flavum L.","ACCEPTED","SPECIES","EXACT",98,7509607,6,7707728,220,399,2410
"3623","Thalictrum minus",3033129,"Thalictrum minus L.","ACCEPTED","SPECIES","EXACT",98,3033129,6,7707728,220,399,2410
"3624","Thalictrum minus",3033129,"Thalictrum minus L.","ACCEPTED","SPECIES","EXACT",98,3033129,6,7707728,220,399,2410
"3625","Reseda lutea",3040252,"Reseda lutea L.","ACCEPTED","SPECIES","EXACT",99,3040252,6,7707728,220,7225535,3110
"3626","Reseda lutea",3040252,"Reseda lutea L.","ACCEPTED","SPECIES","EXACT",99,3040252,6,7707728,220,7225535,3110
"3627","Reseda lutea",3040252,"Reseda lutea L.","ACCEPTED","SPECIES","EXACT",99,3040252,6,7707728,220,7225535,3110
"3628","Reseda lutea",3040252,"Reseda lutea L.","ACCEPTED","SPECIES","EXACT",99,3040252,6,7707728,220,7225535,3110
"3629","Reseda luteola",3040251,"Reseda luteola L.","ACCEPTED","SPECIES","EXACT",99,3040251,6,7707728,220,7225535,3110
"3630","Reseda luteola",3040251,"Reseda luteola L.","ACCEPTED","SPECIES","EXACT",99,3040251,6,7707728,220,7225535,3110
"3631","Reseda luteola",3040251,"Reseda luteola L.","ACCEPTED","SPECIES","EXACT",99,3040251,6,7707728,220,7225535,3110
"3632","Reseda luteola",3040251,"Reseda luteola L.","ACCEPTED","SPECIES","EXACT",99,3040251,6,7707728,220,7225535,3110
"3633","Frangula alnus",3039454,"Frangula alnus Mill.","ACCEPTED","SPECIES","EXACT",99,3039454,6,7707728,220,691,2407
"3634","Frangula alnus",3039454,"Frangula alnus Mill.","ACCEPTED","SPECIES","EXACT",99,3039454,6,7707728,220,691,2407
"3635","Frangula alnus",3039454,"Frangula alnus Mill.","ACCEPTED","SPECIES","EXACT",99,3039454,6,7707728,220,691,2407
"3636","Frangula alnus",3039454,"Frangula alnus Mill.","ACCEPTED","SPECIES","EXACT",99,3039454,6,7707728,220,691,2407
"3637","Rhamnus cathartica",3039491,"Rhamnus cathartica L.","ACCEPTED","SPECIES","EXACT",98,3039491,6,7707728,220,691,2407
"3638","Rhamnus cathartica",3039491,"Rhamnus cathartica L.","ACCEPTED","SPECIES","EXACT",98,3039491,6,7707728,220,691,2407
"3639","Rhamnus cathartica",3039491,"Rhamnus cathartica L.","ACCEPTED","SPECIES","EXACT",98,3039491,6,7707728,220,691,2407
"3640","Agrimonia eupatoria",3001956,"Agrimonia eupatoria L.","ACCEPTED","SPECIES","EXACT",98,3001956,6,7707728,220,691,5015
"3641","Agrimonia eupatoria",3001956,"Agrimonia eupatoria L.","ACCEPTED","SPECIES","EXACT",98,3001956,6,7707728,220,691,5015
"3642","Agrimonia eupatoria",3001956,"Agrimonia eupatoria L.","ACCEPTED","SPECIES","EXACT",98,3001956,6,7707728,220,691,5015
"3643","Agrimonia procera",3002121,"Agrimonia procera Wallr.","ACCEPTED","SPECIES","EXACT",99,3002121,6,7707728,220,691,5015
"3644","Agrimonia procera",3002121,"Agrimonia procera Wallr.","ACCEPTED","SPECIES","EXACT",99,3002121,6,7707728,220,691,5015
"3645","Agrimonia procera",3002121,"Agrimonia procera Wallr.","ACCEPTED","SPECIES","EXACT",99,3002121,6,7707728,220,691,5015
"3646","Agrimonia procera",3002121,"Agrimonia procera Wallr.","ACCEPTED","SPECIES","EXACT",99,3002121,6,7707728,220,691,5015
"3647","Alchemilla filicaulis",3027485,"Alchemilla filicaulis Buser","ACCEPTED","SPECIES","EXACT",98,3027485,6,7707728,220,691,5015
"3648","Alchemilla filicaulis",3027485,"Alchemilla filicaulis Buser","ACCEPTED","SPECIES","EXACT",98,3027485,6,7707728,220,691,5015
"3649","Alchemilla glabra",3027640,"Alchemilla glabra Neygenf.","ACCEPTED","SPECIES","EXACT",97,3027640,6,7707728,220,691,5015
"3650","Alchemilla glabra",3027640,"Alchemilla glabra Neygenf.","ACCEPTED","SPECIES","EXACT",97,3027640,6,7707728,220,691,5015
"3651","Alchemilla glabra",3027640,"Alchemilla glabra Neygenf.","ACCEPTED","SPECIES","EXACT",97,3027640,6,7707728,220,691,5015
"3652","Alchemilla glaucescens",3027452,"Alchemilla glaucescens Wallr.","ACCEPTED","SPECIES","EXACT",99,3027452,6,7707728,220,691,5015
"3653","Alchemilla glaucescens",3027452,"Alchemilla glaucescens Wallr.","ACCEPTED","SPECIES","EXACT",99,3027452,6,7707728,220,691,5015
"3654","Alchemilla micans",3027791,"Alchemilla micans Buser","ACCEPTED","SPECIES","EXACT",99,3027791,6,7707728,220,691,5015
"3655","Alchemilla micans",3027791,"Alchemilla micans Buser","ACCEPTED","SPECIES","EXACT",99,3027791,6,7707728,220,691,5015
"3656","Alchemilla monticola",3028763,"Alchemilla monticola Opiz","ACCEPTED","SPECIES","EXACT",99,3028763,6,7707728,220,691,5015
"3657","Alchemilla monticola",3028763,"Alchemilla monticola Opiz","ACCEPTED","SPECIES","EXACT",99,3028763,6,7707728,220,691,5015
"3658","Alchemilla xanthochlora",3028198,"Alchemilla xanthochlora Rothm.","ACCEPTED","SPECIES","EXACT",99,3028198,6,7707728,220,691,5015
"3659","Alchemilla xanthochlora",3028198,"Alchemilla xanthochlora Rothm.","ACCEPTED","SPECIES","EXACT",99,3028198,6,7707728,220,691,5015
"3660","Alchemilla xanthochlora",3028198,"Alchemilla xanthochlora Rothm.","ACCEPTED","SPECIES","EXACT",99,3028198,6,7707728,220,691,5015
"3661","Aphanes arvensis",5365013,"Aphanes arvensis L.","ACCEPTED","SPECIES","EXACT",98,5365013,6,7707728,220,691,5015
"3662","Aphanes arvensis",5365013,"Aphanes arvensis L.","ACCEPTED","SPECIES","EXACT",98,5365013,6,7707728,220,691,5015
"3663","Aphanes arvensis",5365013,"Aphanes arvensis L.","ACCEPTED","SPECIES","EXACT",98,5365013,6,7707728,220,691,5015
"3664","Aphanes arvensis",5365013,"Aphanes arvensis L.","ACCEPTED","SPECIES","EXACT",98,5365013,6,7707728,220,691,5015
"3665","Aphanes australis",5365026,"Aphanes australis Rydb.","ACCEPTED","SPECIES","EXACT",99,5365026,6,7707728,220,691,5015
"3666","Aphanes australis",5365026,"Aphanes australis Rydb.","ACCEPTED","SPECIES","EXACT",99,5365026,6,7707728,220,691,5015
"3667","Aphanes australis",5365026,"Aphanes australis Rydb.","ACCEPTED","SPECIES","EXACT",99,5365026,6,7707728,220,691,5015
"3668","Aphanes australis",5365026,"Aphanes australis Rydb.","ACCEPTED","SPECIES","EXACT",99,5365026,6,7707728,220,691,5015
"3669","Comarum palustre",3020532,"Comarum palustre L.","ACCEPTED","SPECIES","EXACT",99,3020532,6,7707728,220,691,5015
"3670","Comarum palustre",3020532,"Comarum palustre L.","ACCEPTED","SPECIES","EXACT",99,3020532,6,7707728,220,691,5015
"3671","Comarum palustre",3020532,"Comarum palustre L.","ACCEPTED","SPECIES","EXACT",99,3020532,6,7707728,220,691,5015
"3672","Cotoneaster integerrimus",3025576,"Cotoneaster integerrimus Medik.","ACCEPTED","SPECIES","EXACT",98,3025576,6,7707728,220,691,5015
"3673","Cotoneaster integerrimus",3025576,"Cotoneaster integerrimus Medik.","ACCEPTED","SPECIES","EXACT",98,3025576,6,7707728,220,691,5015
"3674","Cotoneaster integerrimus",3025576,"Cotoneaster integerrimus Medik.","ACCEPTED","SPECIES","EXACT",98,3025576,6,7707728,220,691,5015
"3675","Crataegus laevigata",8252683,"Crataegus laevigata (Poir.) DC.","ACCEPTED","SPECIES","EXACT",99,8252683,6,7707728,220,691,5015
"3676","Crataegus laevigata",8252683,"Crataegus laevigata (Poir.) DC.","ACCEPTED","SPECIES","EXACT",99,8252683,6,7707728,220,691,5015
"3677","Crataegus laevigata",8252683,"Crataegus laevigata (Poir.) DC.","ACCEPTED","SPECIES","EXACT",99,8252683,6,7707728,220,691,5015
"3678","Crataegus laevigata",8252683,"Crataegus laevigata (Poir.) DC.","ACCEPTED","SPECIES","EXACT",99,8252683,6,7707728,220,691,5015
"3679","Crataegus monogyna",9220780,"Crataegus monogyna Jacq.","ACCEPTED","SPECIES","EXACT",97,9220780,6,7707728,220,691,5015
"3680","Crataegus monogyna",9220780,"Crataegus monogyna Jacq.","ACCEPTED","SPECIES","EXACT",97,9220780,6,7707728,220,691,5015
"3681","Crataegus monogyna",9220780,"Crataegus monogyna Jacq.","ACCEPTED","SPECIES","EXACT",97,9220780,6,7707728,220,691,5015
"3682","Crataegus monogyna",9220780,"Crataegus monogyna Jacq.","ACCEPTED","SPECIES","EXACT",97,9220780,6,7707728,220,691,5015
"3683","Crataegus rhipidophylla",9047268,"Crataegus rhipidophylla Gand.","ACCEPTED","SPECIES","EXACT",99,9047268,6,7707728,220,691,5015
"3684","Crataegus rhipidophylla",9047268,"Crataegus rhipidophylla Gand.","ACCEPTED","SPECIES","EXACT",99,9047268,6,7707728,220,691,5015
"3685","Crataegus rhipidophylla",9047268,"Crataegus rhipidophylla Gand.","ACCEPTED","SPECIES","EXACT",99,9047268,6,7707728,220,691,5015
"3686","Filipendula ulmaria",2987999,"Filipendula ulmaria (L.) Maxim.","ACCEPTED","SPECIES","EXACT",98,2987999,6,7707728,220,691,5015
"3687","Filipendula ulmaria",2987999,"Filipendula ulmaria (L.) Maxim.","ACCEPTED","SPECIES","EXACT",98,2987999,6,7707728,220,691,5015
"3688","Filipendula ulmaria",2987999,"Filipendula ulmaria (L.) Maxim.","ACCEPTED","SPECIES","EXACT",98,2987999,6,7707728,220,691,5015
"3689","Filipendula ulmaria",2987999,"Filipendula ulmaria (L.) Maxim.","ACCEPTED","SPECIES","EXACT",98,2987999,6,7707728,220,691,5015
"3690","Filipendula vulgaris",2988069,"Filipendula vulgaris Moench","ACCEPTED","SPECIES","EXACT",97,2988069,6,7707728,220,691,5015
"3691","Filipendula vulgaris",2988069,"Filipendula vulgaris Moench","ACCEPTED","SPECIES","EXACT",97,2988069,6,7707728,220,691,5015
"3692","Fragaria moschata",8350369,"Fragaria moschata Duchesne","ACCEPTED","SPECIES","EXACT",97,8350369,6,7707728,220,691,5015
"3693","Fragaria moschata",8350369,"Fragaria moschata Duchesne","ACCEPTED","SPECIES","EXACT",97,8350369,6,7707728,220,691,5015
"3694","Fragaria vesca",3029817,"Fragaria vesca L.","ACCEPTED","SPECIES","EXACT",98,3029817,6,7707728,220,691,5015
"3695","Fragaria vesca",3029817,"Fragaria vesca L.","ACCEPTED","SPECIES","EXACT",98,3029817,6,7707728,220,691,5015
"3696","Fragaria vesca",3029817,"Fragaria vesca L.","ACCEPTED","SPECIES","EXACT",98,3029817,6,7707728,220,691,5015
"3697","Fragaria vesca",3029817,"Fragaria vesca L.","ACCEPTED","SPECIES","EXACT",98,3029817,6,7707728,220,691,5015
"3698","Fragaria viridis",8400458,"Fragaria viridis Duchesne","ACCEPTED","SPECIES","EXACT",97,8400458,6,7707728,220,691,5015
"3699","Fragaria viridis",8400458,"Fragaria viridis Duchesne","ACCEPTED","SPECIES","EXACT",97,8400458,6,7707728,220,691,5015
"3700","Geum rivale",5369701,"Geum rivale L.","ACCEPTED","SPECIES","EXACT",97,5369701,6,7707728,220,691,5015
"3701","Geum rivale",5369701,"Geum rivale L.","ACCEPTED","SPECIES","EXACT",97,5369701,6,7707728,220,691,5015
"3702","Geum rivale",5369701,"Geum rivale L.","ACCEPTED","SPECIES","EXACT",97,5369701,6,7707728,220,691,5015
"3703","Geum urbanum",5369652,"Geum urbanum L.","ACCEPTED","SPECIES","EXACT",97,5369652,6,7707728,220,691,5015
"3704","Geum urbanum",5369652,"Geum urbanum L.","ACCEPTED","SPECIES","EXACT",97,5369652,6,7707728,220,691,5015
"3705","Geum urbanum",5369652,"Geum urbanum L.","ACCEPTED","SPECIES","EXACT",97,5369652,6,7707728,220,691,5015
"3706","Geum urbanum",5369652,"Geum urbanum L.","ACCEPTED","SPECIES","EXACT",97,5369652,6,7707728,220,691,5015
"3707","Malus sylvestris",3001509,"Malus sylvestris Mill.","ACCEPTED","SPECIES","EXACT",97,3001509,6,7707728,220,691,5015
"3708","Malus sylvestris",3001509,"Malus sylvestris Mill.","ACCEPTED","SPECIES","EXACT",97,3001509,6,7707728,220,691,5015
"3709","Malus sylvestris",3001509,"Malus sylvestris Mill.","ACCEPTED","SPECIES","EXACT",97,3001509,6,7707728,220,691,5015
"3710","Malus sylvestris",3001509,"Malus sylvestris Mill.","ACCEPTED","SPECIES","EXACT",97,3001509,6,7707728,220,691,5015
"3711","Potentilla anglica",5365283,"Potentilla anglica Laich.","ACCEPTED","SPECIES","EXACT",99,5365283,6,7707728,220,691,5015
"3712","Potentilla anglica",5365283,"Potentilla anglica Laich.","ACCEPTED","SPECIES","EXACT",99,5365283,6,7707728,220,691,5015
"3713","Potentilla anglica",5365283,"Potentilla anglica Laich.","ACCEPTED","SPECIES","EXACT",99,5365283,6,7707728,220,691,5015
"3714","Potentilla anglica",5365283,"Potentilla anglica Laich.","ACCEPTED","SPECIES","EXACT",99,5365283,6,7707728,220,691,5015
"3715","Potentilla anserina",5366829,"Potentilla anserina L.","SYNONYM","SPECIES","EXACT",98,7272211,6,7707728,220,691,5015
"3716","Potentilla anserina",5366829,"Potentilla anserina L.","SYNONYM","SPECIES","EXACT",98,7272211,6,7707728,220,691,5015
"3717","Potentilla anserina",5366829,"Potentilla anserina L.","SYNONYM","SPECIES","EXACT",98,7272211,6,7707728,220,691,5015
"3718","Potentilla anserina",5366829,"Potentilla anserina L.","SYNONYM","SPECIES","EXACT",98,7272211,6,7707728,220,691,5015
"3719","Potentilla argentea",8011540,"Potentilla argentea L.","ACCEPTED","SPECIES","EXACT",97,8011540,6,7707728,220,691,5015
"3720","Potentilla argentea",8011540,"Potentilla argentea L.","ACCEPTED","SPECIES","EXACT",97,8011540,6,7707728,220,691,5015
"3721","Potentilla argentea",8011540,"Potentilla argentea L.","ACCEPTED","SPECIES","EXACT",97,8011540,6,7707728,220,691,5015
"3722","Potentilla argentea",8011540,"Potentilla argentea L.","ACCEPTED","SPECIES","EXACT",97,8011540,6,7707728,220,691,5015
"3723","Potentilla erecta",5365576,"Potentilla erecta (L.) Raeusch.","ACCEPTED","SPECIES","EXACT",97,5365576,6,7707728,220,691,5015
"3724","Potentilla erecta",5365576,"Potentilla erecta (L.) Raeusch.","ACCEPTED","SPECIES","EXACT",97,5365576,6,7707728,220,691,5015
"3725","Potentilla erecta",5365576,"Potentilla erecta (L.) Raeusch.","ACCEPTED","SPECIES","EXACT",97,5365576,6,7707728,220,691,5015
"3726","Potentilla erecta",5365576,"Potentilla erecta (L.) Raeusch.","ACCEPTED","SPECIES","EXACT",97,5365576,6,7707728,220,691,5015
"3727","Potentilla reptans",5367273,"Potentilla reptans L.","ACCEPTED","SPECIES","EXACT",97,5367273,6,7707728,220,691,5015
"3728","Potentilla reptans",5367273,"Potentilla reptans L.","ACCEPTED","SPECIES","EXACT",97,5367273,6,7707728,220,691,5015
"3729","Potentilla reptans",5367273,"Potentilla reptans L.","ACCEPTED","SPECIES","EXACT",97,5367273,6,7707728,220,691,5015
"3730","Potentilla reptans",5367273,"Potentilla reptans L.","ACCEPTED","SPECIES","EXACT",97,5367273,6,7707728,220,691,5015
"3731","Potentilla sterilis",5366922,"Potentilla sterilis (L.) Garcke","ACCEPTED","SPECIES","EXACT",98,5366922,6,7707728,220,691,5015
"3732","Potentilla sterilis",5366922,"Potentilla sterilis (L.) Garcke","ACCEPTED","SPECIES","EXACT",98,5366922,6,7707728,220,691,5015
"3733","Potentilla sterilis",5366922,"Potentilla sterilis (L.) Garcke","ACCEPTED","SPECIES","EXACT",98,5366922,6,7707728,220,691,5015
"3734","Potentilla sterilis",5366922,"Potentilla sterilis (L.) Garcke","ACCEPTED","SPECIES","EXACT",98,5366922,6,7707728,220,691,5015
"3735","Potentilla supina",5366090,"Potentilla supina L.","ACCEPTED","SPECIES","EXACT",97,5366090,6,7707728,220,691,5015
"3736","Potentilla supina",5366090,"Potentilla supina L.","ACCEPTED","SPECIES","EXACT",97,5366090,6,7707728,220,691,5015
"3737","Potentilla supina",5366090,"Potentilla supina L.","ACCEPTED","SPECIES","EXACT",97,5366090,6,7707728,220,691,5015
"3738","Potentilla verna",8182596,"Potentilla verna L.","ACCEPTED","SPECIES","EXACT",97,8182596,6,7707728,220,691,5015
"3739","Potentilla verna",8182596,"Potentilla verna L.","ACCEPTED","SPECIES","EXACT",97,8182596,6,7707728,220,691,5015
"3740","Potentilla verna",8182596,"Potentilla verna L.","ACCEPTED","SPECIES","EXACT",97,8182596,6,7707728,220,691,5015
"3741","Potentilla verna",8182596,"Potentilla verna L.","ACCEPTED","SPECIES","EXACT",97,8182596,6,7707728,220,691,5015
"3742","Poterium sanguisorba",5364245,"Poterium sanguisorba L.","ACCEPTED","SPECIES","EXACT",98,5364245,6,7707728,220,691,5015
"3743","Poterium sanguisorba",5364245,"Poterium sanguisorba L.","ACCEPTED","SPECIES","EXACT",98,5364245,6,7707728,220,691,5015
"3744","Poterium sanguisorba",5364245,"Poterium sanguisorba L.","ACCEPTED","SPECIES","EXACT",98,5364245,6,7707728,220,691,5015
"3745","Poterium sanguisorba",5364245,"Poterium sanguisorba L.","ACCEPTED","SPECIES","EXACT",98,5364245,6,7707728,220,691,5015
"3746","Prunus avium",3020791,"Prunus avium (L.) L.","ACCEPTED","SPECIES","EXACT",98,3020791,6,7707728,220,691,5015
"3747","Prunus avium",3020791,"Prunus avium (L.) L.","ACCEPTED","SPECIES","EXACT",98,3020791,6,7707728,220,691,5015
"3748","Prunus avium",3020791,"Prunus avium (L.) L.","ACCEPTED","SPECIES","EXACT",98,3020791,6,7707728,220,691,5015
"3749","Prunus avium",3020791,"Prunus avium (L.) L.","ACCEPTED","SPECIES","EXACT",98,3020791,6,7707728,220,691,5015
"3750","Prunus mahaleb",3022789,"Prunus mahaleb L.","ACCEPTED","SPECIES","EXACT",99,3022789,6,7707728,220,691,5015
"3751","Prunus mahaleb",3022789,"Prunus mahaleb L.","ACCEPTED","SPECIES","EXACT",99,3022789,6,7707728,220,691,5015
"3752","Prunus mahaleb",3022789,"Prunus mahaleb L.","ACCEPTED","SPECIES","EXACT",99,3022789,6,7707728,220,691,5015
"3753","Prunus padus",3021037,"Prunus padus L.","ACCEPTED","SPECIES","EXACT",97,3021037,6,7707728,220,691,5015
"3754","Prunus padus",3021037,"Prunus padus L.","ACCEPTED","SPECIES","EXACT",97,3021037,6,7707728,220,691,5015
"3755","Prunus padus",3021037,"Prunus padus L.","ACCEPTED","SPECIES","EXACT",97,3021037,6,7707728,220,691,5015
"3756","Prunus padus",3021037,"Prunus padus L.","ACCEPTED","SPECIES","EXACT",97,3021037,6,7707728,220,691,5015
"3757","Prunus spinosa",3023221,"Prunus spinosa L.","ACCEPTED","SPECIES","EXACT",97,3023221,6,7707728,220,691,5015
"3758","Prunus spinosa",3023221,"Prunus spinosa L.","ACCEPTED","SPECIES","EXACT",97,3023221,6,7707728,220,691,5015
"3759","Prunus spinosa",3023221,"Prunus spinosa L.","ACCEPTED","SPECIES","EXACT",97,3023221,6,7707728,220,691,5015
"3760","Prunus spinosa",3023221,"Prunus spinosa L.","ACCEPTED","SPECIES","EXACT",97,3023221,6,7707728,220,691,5015
"3761","Pyrus pyraster",5362445,"Pyrus pyraster (L.) Burgsd.","ACCEPTED","SPECIES","EXACT",97,5362445,6,7707728,220,691,5015
"3762","Pyrus pyraster",5362445,"Pyrus pyraster (L.) Burgsd.","ACCEPTED","SPECIES","EXACT",97,5362445,6,7707728,220,691,5015
"3763","Pyrus pyraster",5362445,"Pyrus pyraster (L.) Burgsd.","ACCEPTED","SPECIES","EXACT",97,5362445,6,7707728,220,691,5015
"3764","Pyrus pyraster",5362445,"Pyrus pyraster (L.) Burgsd.","ACCEPTED","SPECIES","EXACT",97,5362445,6,7707728,220,691,5015
"3765","Rosa agrestis",3002394,"Rosa agrestis Savi","ACCEPTED","SPECIES","EXACT",98,3002394,6,7707728,220,691,5015
"3766","Rosa agrestis",3002394,"Rosa agrestis Savi","ACCEPTED","SPECIES","EXACT",98,3002394,6,7707728,220,691,5015
"3767","Rosa agrestis",3002394,"Rosa agrestis Savi","ACCEPTED","SPECIES","EXACT",98,3002394,6,7707728,220,691,5015
"3768","Rosa arvensis",3007054,"Rosa arvensis Huds.","ACCEPTED","SPECIES","EXACT",97,3007054,6,7707728,220,691,5015
"3769","Rosa arvensis",3007054,"Rosa arvensis Huds.","ACCEPTED","SPECIES","EXACT",97,3007054,6,7707728,220,691,5015
"3770","Rosa arvensis",3007054,"Rosa arvensis Huds.","ACCEPTED","SPECIES","EXACT",97,3007054,6,7707728,220,691,5015
"3771","Rosa arvensis",3007054,"Rosa arvensis Huds.","ACCEPTED","SPECIES","EXACT",97,3007054,6,7707728,220,691,5015
"3772","Rosa caesia",3002191,"Rosa caesia Sm.","ACCEPTED","SPECIES","EXACT",98,3002191,6,7707728,220,691,5015
"3773","Rosa caesia",3002191,"Rosa caesia Sm.","ACCEPTED","SPECIES","EXACT",98,3002191,6,7707728,220,691,5015
"3774","Rosa corymbifera",3007783,"Rosa corymbifera Borkh.","ACCEPTED","SPECIES","EXACT",98,3007783,6,7707728,220,691,5015
"3775","Rosa corymbifera",3007783,"Rosa corymbifera Borkh.","ACCEPTED","SPECIES","EXACT",98,3007783,6,7707728,220,691,5015
"3776","Rosa corymbifera",3007783,"Rosa corymbifera Borkh.","ACCEPTED","SPECIES","EXACT",98,3007783,6,7707728,220,691,5015
"3777","Rosa elliptica",3003248,"Rosa elliptica Tausch","SYNONYM","SPECIES","EXACT",97,3002258,6,7707728,220,691,5015
"3778","Rosa elliptica",3003248,"Rosa elliptica Tausch","SYNONYM","SPECIES","EXACT",97,3002258,6,7707728,220,691,5015
"3779","Rosa micrantha",3002154,"Rosa micrantha Borrer ex Sm.","ACCEPTED","SPECIES","EXACT",97,3002154,6,7707728,220,691,5015
"3780","Rosa micrantha",3002154,"Rosa micrantha Borrer ex Sm.","ACCEPTED","SPECIES","EXACT",97,3002154,6,7707728,220,691,5015
"3781","Rosa micrantha",3002154,"Rosa micrantha Borrer ex Sm.","ACCEPTED","SPECIES","EXACT",97,3002154,6,7707728,220,691,5015
"3782","Rosa rubiginosa",8174785,"Rosa rubiginosa L.","ACCEPTED","SPECIES","EXACT",97,8174785,6,7707728,220,691,5015
"3783","Rosa rubiginosa",8174785,"Rosa rubiginosa L.","ACCEPTED","SPECIES","EXACT",97,8174785,6,7707728,220,691,5015
"3784","Rosa rubiginosa",8174785,"Rosa rubiginosa L.","ACCEPTED","SPECIES","EXACT",97,8174785,6,7707728,220,691,5015
"3785","Rosa rubiginosa",8174785,"Rosa rubiginosa L.","ACCEPTED","SPECIES","EXACT",97,8174785,6,7707728,220,691,5015
"3786","Rosa sherardii",3003017,"Rosa sherardii Davies","ACCEPTED","SPECIES","EXACT",99,3003017,6,7707728,220,691,5015
"3787","Rosa sherardii",3003017,"Rosa sherardii Davies","ACCEPTED","SPECIES","EXACT",99,3003017,6,7707728,220,691,5015
"3788","Rosa sherardii",3003017,"Rosa sherardii Davies","ACCEPTED","SPECIES","EXACT",99,3003017,6,7707728,220,691,5015
"3789","Rosa spinosissima",3002333,"Rosa spinosissima L.","ACCEPTED","SPECIES","EXACT",97,3002333,6,7707728,220,691,5015
"3790","Rosa spinosissima",3002333,"Rosa spinosissima L.","ACCEPTED","SPECIES","EXACT",97,3002333,6,7707728,220,691,5015
"3791","Rosa spinosissima",3002333,"Rosa spinosissima L.","ACCEPTED","SPECIES","EXACT",97,3002333,6,7707728,220,691,5015
"3792","Rosa spinosissima",3002333,"Rosa spinosissima L.","ACCEPTED","SPECIES","EXACT",97,3002333,6,7707728,220,691,5015
"3793","Rosa squarrosa",7699588,"Rosa squarrosa Rau","ACCEPTED","SPECIES","EXACT",97,7699588,6,7707728,220,691,5015
"3794","Rosa squarrosa",7699588,"Rosa squarrosa Rau","ACCEPTED","SPECIES","EXACT",97,7699588,6,7707728,220,691,5015
"3795","Rosa squarrosa",7699588,"Rosa squarrosa Rau","ACCEPTED","SPECIES","EXACT",97,7699588,6,7707728,220,691,5015
"3796","Rosa stylosa",3005325,"Rosa stylosa Desv.","ACCEPTED","SPECIES","EXACT",97,3005325,6,7707728,220,691,5015
"3797","Rosa stylosa",3005325,"Rosa stylosa Desv.","ACCEPTED","SPECIES","EXACT",97,3005325,6,7707728,220,691,5015
"3798","Rosa stylosa",3005325,"Rosa stylosa Desv.","ACCEPTED","SPECIES","EXACT",97,3005325,6,7707728,220,691,5015
"3799","Rosa tomentosa",7934161,"Rosa tomentosa Sm.","ACCEPTED","SPECIES","EXACT",97,7934161,6,7707728,220,691,5015
"3800","Rosa tomentosa",7934161,"Rosa tomentosa Sm.","ACCEPTED","SPECIES","EXACT",97,7934161,6,7707728,220,691,5015
"3801","Rosa tomentosa",7934161,"Rosa tomentosa Sm.","ACCEPTED","SPECIES","EXACT",97,7934161,6,7707728,220,691,5015
"3802","Rosa villosa",12205752,"Rosa villosa (Nyár.) Ciocarlan","ACCEPTED","SPECIES","EXACT",97,12205752,6,7707728,220,691,5015
"3803","Rosa villosa",12205752,"Rosa villosa (Nyár.) Ciocarlan","ACCEPTED","SPECIES","EXACT",97,12205752,6,7707728,220,691,5015
"3804","Rosa villosa",12205752,"Rosa villosa (Nyár.) Ciocarlan","ACCEPTED","SPECIES","EXACT",97,12205752,6,7707728,220,691,5015
"3805","Rosa vosagiaca",3003461,"Rosa vosagiaca N.H.F.Desp.","ACCEPTED","SPECIES","EXACT",97,3003461,6,7707728,220,691,5015
"3806","Rosa vosagiaca",3003461,"Rosa vosagiaca N.H.F.Desp.","ACCEPTED","SPECIES","EXACT",97,3003461,6,7707728,220,691,5015
"3807","Rosa vosagiaca",3003461,"Rosa vosagiaca N.H.F.Desp.","ACCEPTED","SPECIES","EXACT",97,3003461,6,7707728,220,691,5015
"3808","Rubus aetnicus",10783897,"Rubus aetnicus Weston","ACCEPTED","SPECIES","EXACT",97,10783897,6,7707728,220,691,5015
"3809","Rubus aetnicus",10783897,"Rubus aetnicus Weston","ACCEPTED","SPECIES","EXACT",97,10783897,6,7707728,220,691,5015
"3810","Rubus caesius",2995209,"Rubus caesius L.","ACCEPTED","SPECIES","EXACT",97,2995209,6,7707728,220,691,5015
"3811","Rubus caesius",2995209,"Rubus caesius L.","ACCEPTED","SPECIES","EXACT",97,2995209,6,7707728,220,691,5015
"3812","Rubus caesius",2995209,"Rubus caesius L.","ACCEPTED","SPECIES","EXACT",97,2995209,6,7707728,220,691,5015
"3813","Rubus caesius",2995209,"Rubus caesius L.","ACCEPTED","SPECIES","EXACT",97,2995209,6,7707728,220,691,5015
"3814","Rubus hasbaniensis",8358255,"Rubus hasbaniensis Vannerom","ACCEPTED","SPECIES","EXACT",99,8358255,6,7707728,220,691,5015
"3815","Rubus hasbaniensis",8358255,"Rubus hasbaniensis Vannerom","ACCEPTED","SPECIES","EXACT",99,8358255,6,7707728,220,691,5015
"3816","Rubus idaeus",2993094,"Rubus idaeus L.","ACCEPTED","SPECIES","EXACT",97,2993094,6,7707728,220,691,5015
"3817","Rubus idaeus",2993094,"Rubus idaeus L.","ACCEPTED","SPECIES","EXACT",97,2993094,6,7707728,220,691,5015
"3818","Rubus idaeus",2993094,"Rubus idaeus L.","ACCEPTED","SPECIES","EXACT",97,2993094,6,7707728,220,691,5015
"3819","Rubus idaeus",2993094,"Rubus idaeus L.","ACCEPTED","SPECIES","EXACT",97,2993094,6,7707728,220,691,5015
"3820","Rubus roberti",3853785,"Rubus roberti Matzke-Hajek","ACCEPTED","SPECIES","EXACT",99,3853785,6,7707728,220,691,5015
"3821","Rubus roberti",3853785,"Rubus roberti Matzke-Hajek","ACCEPTED","SPECIES","EXACT",99,3853785,6,7707728,220,691,5015
"3822","Rubus saxatilis",2992808,"Rubus saxatilis L.","ACCEPTED","SPECIES","EXACT",97,2992808,6,7707728,220,691,5015
"3823","Rubus saxatilis",2992808,"Rubus saxatilis L.","ACCEPTED","SPECIES","EXACT",97,2992808,6,7707728,220,691,5015
"3824","Sanguisorba officinalis",3029627,"Sanguisorba officinalis L.","ACCEPTED","SPECIES","EXACT",99,3029627,6,7707728,220,691,5015
"3825","Sanguisorba officinalis",3029627,"Sanguisorba officinalis L.","ACCEPTED","SPECIES","EXACT",99,3029627,6,7707728,220,691,5015
"3826","Sanguisorba officinalis",3029627,"Sanguisorba officinalis L.","ACCEPTED","SPECIES","EXACT",99,3029627,6,7707728,220,691,5015
"3827","Sanguisorba officinalis",3029627,"Sanguisorba officinalis L.","ACCEPTED","SPECIES","EXACT",99,3029627,6,7707728,220,691,5015
"3828","Sorbus aucuparia",3012167,"Sorbus aucuparia L.","ACCEPTED","SPECIES","EXACT",97,3012167,6,7707728,220,691,5015
"3829","Sorbus aucuparia",3012167,"Sorbus aucuparia L.","ACCEPTED","SPECIES","EXACT",97,3012167,6,7707728,220,691,5015
"3830","Sorbus aucuparia",3012167,"Sorbus aucuparia L.","ACCEPTED","SPECIES","EXACT",97,3012167,6,7707728,220,691,5015
"3831","Sorbus aucuparia",3012167,"Sorbus aucuparia L.","ACCEPTED","SPECIES","EXACT",97,3012167,6,7707728,220,691,5015
"3832","Sorbus torminalis",3012567,"Sorbus torminalis (L.) Crantz","SYNONYM","SPECIES","EXACT",97,9410160,6,7707728,220,691,5015
"3833","Sorbus torminalis",3012567,"Sorbus torminalis (L.) Crantz","SYNONYM","SPECIES","EXACT",97,9410160,6,7707728,220,691,5015
"3834","Sorbus torminalis",3012567,"Sorbus torminalis (L.) Crantz","SYNONYM","SPECIES","EXACT",97,9410160,6,7707728,220,691,5015
"3835","Asperula cynanchica",2917026,"Asperula cynanchica L.","SYNONYM","SPECIES","EXACT",98,12223934,6,7707728,220,412,8798
"3836","Asperula cynanchica",2917026,"Asperula cynanchica L.","SYNONYM","SPECIES","EXACT",98,12223934,6,7707728,220,412,8798
"3837","Asperula cynanchica",2917026,"Asperula cynanchica L.","SYNONYM","SPECIES","EXACT",98,12223934,6,7707728,220,412,8798
"3838","Cruciata laevipes",5338920,"Cruciata laevipes Opiz","ACCEPTED","SPECIES","EXACT",99,5338920,6,7707728,220,412,8798
"3839","Cruciata laevipes",5338920,"Cruciata laevipes Opiz","ACCEPTED","SPECIES","EXACT",99,5338920,6,7707728,220,412,8798
"3840","Cruciata laevipes",5338920,"Cruciata laevipes Opiz","ACCEPTED","SPECIES","EXACT",99,5338920,6,7707728,220,412,8798
"3841","Cruciata laevipes",5338920,"Cruciata laevipes Opiz","ACCEPTED","SPECIES","EXACT",99,5338920,6,7707728,220,412,8798
"3842","Galium aparine",2913548,"Galium aparine L.","ACCEPTED","SPECIES","EXACT",99,2913548,6,7707728,220,412,8798
"3843","Galium aparine",2913548,"Galium aparine L.","ACCEPTED","SPECIES","EXACT",99,2913548,6,7707728,220,412,8798
"3844","Galium aparine",2913548,"Galium aparine L.","ACCEPTED","SPECIES","EXACT",99,2913548,6,7707728,220,412,8798
"3845","Galium aparine",2913548,"Galium aparine L.","ACCEPTED","SPECIES","EXACT",99,2913548,6,7707728,220,412,8798
"3846","Galium boreale",2914338,"Galium boreale L.","ACCEPTED","SPECIES","EXACT",97,2914338,6,7707728,220,412,8798
"3847","Galium boreale",2914338,"Galium boreale L.","ACCEPTED","SPECIES","EXACT",97,2914338,6,7707728,220,412,8798
"3848","Galium mollugo",9039392,"Galium mollugo L.","ACCEPTED","SPECIES","EXACT",99,9039392,6,7707728,220,412,8798
"3849","Galium mollugo",9039392,"Galium mollugo L.","ACCEPTED","SPECIES","EXACT",99,9039392,6,7707728,220,412,8798
"3850","Galium mollugo",9039392,"Galium mollugo L.","ACCEPTED","SPECIES","EXACT",99,9039392,6,7707728,220,412,8798
"3851","Galium mollugo",9039392,"Galium mollugo L.","ACCEPTED","SPECIES","EXACT",99,9039392,6,7707728,220,412,8798
"3852","Galium odoratum",2914642,"Galium odoratum (L.) Scop.","ACCEPTED","SPECIES","EXACT",99,2914642,6,7707728,220,412,8798
"3853","Galium odoratum",2914642,"Galium odoratum (L.) Scop.","ACCEPTED","SPECIES","EXACT",99,2914642,6,7707728,220,412,8798
"3854","Galium odoratum",2914642,"Galium odoratum (L.) Scop.","ACCEPTED","SPECIES","EXACT",99,2914642,6,7707728,220,412,8798
"3855","Galium odoratum",2914642,"Galium odoratum (L.) Scop.","ACCEPTED","SPECIES","EXACT",99,2914642,6,7707728,220,412,8798
"3856","Galium palustre",2913130,"Galium palustre L.","ACCEPTED","SPECIES","EXACT",97,2913130,6,7707728,220,412,8798
"3857","Galium palustre",2913130,"Galium palustre L.","ACCEPTED","SPECIES","EXACT",97,2913130,6,7707728,220,412,8798
"3858","Galium palustre",2913130,"Galium palustre L.","ACCEPTED","SPECIES","EXACT",97,2913130,6,7707728,220,412,8798
"3859","Galium palustre",2913130,"Galium palustre L.","ACCEPTED","SPECIES","EXACT",97,2913130,6,7707728,220,412,8798
"3860","Galium pumilum",9121716,"Galium pumilum Murray","ACCEPTED","SPECIES","EXACT",97,9121716,6,7707728,220,412,8798
"3861","Galium pumilum",9121716,"Galium pumilum Murray","ACCEPTED","SPECIES","EXACT",97,9121716,6,7707728,220,412,8798
"3862","Galium pumilum",9121716,"Galium pumilum Murray","ACCEPTED","SPECIES","EXACT",97,9121716,6,7707728,220,412,8798
"3863","Galium saxatile",2914547,"Galium saxatile L.","ACCEPTED","SPECIES","EXACT",97,2914547,6,7707728,220,412,8798
"3864","Galium saxatile",2914547,"Galium saxatile L.","ACCEPTED","SPECIES","EXACT",97,2914547,6,7707728,220,412,8798
"3865","Galium saxatile",2914547,"Galium saxatile L.","ACCEPTED","SPECIES","EXACT",97,2914547,6,7707728,220,412,8798
"3866","Galium saxatile",2914547,"Galium saxatile L.","ACCEPTED","SPECIES","EXACT",97,2914547,6,7707728,220,412,8798
"3867","Galium spurium",2913214,"Galium spurium L.","ACCEPTED","SPECIES","EXACT",97,2913214,6,7707728,220,412,8798
"3868","Galium spurium",2913214,"Galium spurium L.","ACCEPTED","SPECIES","EXACT",97,2913214,6,7707728,220,412,8798
"3869","Galium spurium",2913214,"Galium spurium L.","ACCEPTED","SPECIES","EXACT",97,2913214,6,7707728,220,412,8798
"3870","Galium sylvaticum",2913288,"Galium sylvaticum L.","ACCEPTED","SPECIES","EXACT",97,2913288,6,7707728,220,412,8798
"3871","Galium sylvaticum",2913288,"Galium sylvaticum L.","ACCEPTED","SPECIES","EXACT",97,2913288,6,7707728,220,412,8798
"3872","Galium sylvaticum",2913288,"Galium sylvaticum L.","ACCEPTED","SPECIES","EXACT",97,2913288,6,7707728,220,412,8798
"3873","Galium tricornutum",2913452,"Galium tricornutum Dandy","ACCEPTED","SPECIES","EXACT",99,2913452,6,7707728,220,412,8798
"3874","Galium tricornutum",2913452,"Galium tricornutum Dandy","ACCEPTED","SPECIES","EXACT",99,2913452,6,7707728,220,412,8798
"3875","Galium uliginosum",2913556,"Galium uliginosum L.","ACCEPTED","SPECIES","EXACT",97,2913556,6,7707728,220,412,8798
"3876","Galium uliginosum",2913556,"Galium uliginosum L.","ACCEPTED","SPECIES","EXACT",97,2913556,6,7707728,220,412,8798
"3877","Galium uliginosum",2913556,"Galium uliginosum L.","ACCEPTED","SPECIES","EXACT",97,2913556,6,7707728,220,412,8798
"3878","Galium uliginosum",2913556,"Galium uliginosum L.","ACCEPTED","SPECIES","EXACT",97,2913556,6,7707728,220,412,8798
"3879","Galium verum",9063248,"Galium verum L.","ACCEPTED","SPECIES","EXACT",99,9063248,6,7707728,220,412,8798
"3880","Galium verum",9063248,"Galium verum L.","ACCEPTED","SPECIES","EXACT",99,9063248,6,7707728,220,412,8798
"3881","Galium verum",9063248,"Galium verum L.","ACCEPTED","SPECIES","EXACT",99,9063248,6,7707728,220,412,8798
"3882","Galium verum",9063248,"Galium verum L.","ACCEPTED","SPECIES","EXACT",99,9063248,6,7707728,220,412,8798
"3883","Sherardia arvensis",5339050,"Sherardia arvensis L.","ACCEPTED","SPECIES","EXACT",99,5339050,6,7707728,220,412,8798
"3884","Sherardia arvensis",5339050,"Sherardia arvensis L.","ACCEPTED","SPECIES","EXACT",99,5339050,6,7707728,220,412,8798
"3885","Sherardia arvensis",5339050,"Sherardia arvensis L.","ACCEPTED","SPECIES","EXACT",99,5339050,6,7707728,220,412,8798
"3886","Sherardia arvensis",5339050,"Sherardia arvensis L.","ACCEPTED","SPECIES","EXACT",99,5339050,6,7707728,220,412,8798
"3887","Ruppia maritima",2864004,"Ruppia maritima L.","ACCEPTED","SPECIES","EXACT",98,2864004,6,7707728,196,551,3722
"3888","Ruppia maritima",2864004,"Ruppia maritima L.","ACCEPTED","SPECIES","EXACT",98,2864004,6,7707728,196,551,3722
"3889","Ruppia spiralis",7466292,"Ruppia spiralis L. ex B.D.Jacks.","ACCEPTED","SPECIES","EXACT",97,7466292,6,7707728,196,551,3722
"3890","Ruppia spiralis",7466292,"Ruppia spiralis L. ex B.D.Jacks.","ACCEPTED","SPECIES","EXACT",97,7466292,6,7707728,196,551,3722
"3891","Populus nigra",3040227,"Populus nigra L.","ACCEPTED","SPECIES","EXACT",97,3040227,6,7707728,220,1414,6664
"3892","Populus nigra",3040227,"Populus nigra L.","ACCEPTED","SPECIES","EXACT",97,3040227,6,7707728,220,1414,6664
"3893","Populus nigra",3040227,"Populus nigra L.","ACCEPTED","SPECIES","EXACT",97,3040227,6,7707728,220,1414,6664
"3894","Populus nigra",3040227,"Populus nigra L.","ACCEPTED","SPECIES","EXACT",97,3040227,6,7707728,220,1414,6664
"3895","Populus tremula",3040249,"Populus tremula L.","ACCEPTED","SPECIES","EXACT",99,3040249,6,7707728,220,1414,6664
"3896","Populus tremula",3040249,"Populus tremula L.","ACCEPTED","SPECIES","EXACT",99,3040249,6,7707728,220,1414,6664
"3897","Populus tremula",3040249,"Populus tremula L.","ACCEPTED","SPECIES","EXACT",99,3040249,6,7707728,220,1414,6664
"3898","Populus tremula",3040249,"Populus tremula L.","ACCEPTED","SPECIES","EXACT",99,3040249,6,7707728,220,1414,6664
"3899","Salix aurita",5372876,"Salix aurita L.","ACCEPTED","SPECIES","EXACT",97,5372876,6,7707728,220,1414,6664
"3900","Salix aurita",5372876,"Salix aurita L.","ACCEPTED","SPECIES","EXACT",97,5372876,6,7707728,220,1414,6664
"3901","Salix aurita",5372876,"Salix aurita L.","ACCEPTED","SPECIES","EXACT",97,5372876,6,7707728,220,1414,6664
"3902","Salix caprea",5372952,"Salix caprea L.","ACCEPTED","SPECIES","EXACT",97,5372952,6,7707728,220,1414,6664
"3903","Salix caprea",5372952,"Salix caprea L.","ACCEPTED","SPECIES","EXACT",97,5372952,6,7707728,220,1414,6664
"3904","Salix caprea",5372952,"Salix caprea L.","ACCEPTED","SPECIES","EXACT",97,5372952,6,7707728,220,1414,6664
"3905","Salix caprea",5372952,"Salix caprea L.","ACCEPTED","SPECIES","EXACT",97,5372952,6,7707728,220,1414,6664
"3906","Salix cinerea",5372605,"Salix cinerea L.","ACCEPTED","SPECIES","EXACT",97,5372605,6,7707728,220,1414,6664
"3907","Salix cinerea",5372605,"Salix cinerea L.","ACCEPTED","SPECIES","EXACT",97,5372605,6,7707728,220,1414,6664
"3908","Salix cinerea",5372605,"Salix cinerea L.","ACCEPTED","SPECIES","EXACT",97,5372605,6,7707728,220,1414,6664
"3909","Salix cinerea",5372605,"Salix cinerea L.","ACCEPTED","SPECIES","EXACT",97,5372605,6,7707728,220,1414,6664
"3910","Salix hookeriana",7476447,"Salix hookeriana Barratt","ACCEPTED","SPECIES","EXACT",98,7476447,6,7707728,220,1414,6664
"3911","Salix hookeriana",7476447,"Salix hookeriana Barratt","ACCEPTED","SPECIES","EXACT",98,7476447,6,7707728,220,1414,6664
"3912","Salix purpurea",5372800,"Salix purpurea L.","ACCEPTED","SPECIES","EXACT",99,5372800,6,7707728,220,1414,6664
"3913","Salix purpurea",5372800,"Salix purpurea L.","ACCEPTED","SPECIES","EXACT",99,5372800,6,7707728,220,1414,6664
"3914","Salix purpurea",5372800,"Salix purpurea L.","ACCEPTED","SPECIES","EXACT",99,5372800,6,7707728,220,1414,6664
"3915","Salix purpurea",5372800,"Salix purpurea L.","ACCEPTED","SPECIES","EXACT",99,5372800,6,7707728,220,1414,6664
"3916","Salix repens",9148812,"Salix repens L.","ACCEPTED","SPECIES","EXACT",97,9148812,6,7707728,220,1414,6664
"3917","Salix repens",9148812,"Salix repens L.","ACCEPTED","SPECIES","EXACT",97,9148812,6,7707728,220,1414,6664
"3918","Salix repens",9148812,"Salix repens L.","ACCEPTED","SPECIES","EXACT",97,9148812,6,7707728,220,1414,6664
"3919","Salix triandra",7103891,"Salix triandra L.","ACCEPTED","SPECIES","EXACT",97,7103891,6,7707728,220,1414,6664
"3920","Salix triandra",7103891,"Salix triandra L.","ACCEPTED","SPECIES","EXACT",97,7103891,6,7707728,220,1414,6664
"3921","Salix triandra",7103891,"Salix triandra L.","ACCEPTED","SPECIES","EXACT",97,7103891,6,7707728,220,1414,6664
"3922","Salix triandra",7103891,"Salix triandra L.","ACCEPTED","SPECIES","EXACT",97,7103891,6,7707728,220,1414,6664
"3923","Salix viminalis",5372933,"Salix viminalis L.","ACCEPTED","SPECIES","EXACT",97,5372933,6,7707728,220,1414,6664
"3924","Salix viminalis",5372933,"Salix viminalis L.","ACCEPTED","SPECIES","EXACT",97,5372933,6,7707728,220,1414,6664
"3925","Salix viminalis",5372933,"Salix viminalis L.","ACCEPTED","SPECIES","EXACT",97,5372933,6,7707728,220,1414,6664
"3926","Salix viminalis",5372933,"Salix viminalis L.","ACCEPTED","SPECIES","EXACT",97,5372933,6,7707728,220,1414,6664
"3927","Thesium humifusum",5579047,"Thesium humifusum DC.","ACCEPTED","SPECIES","EXACT",97,5579047,6,7707728,220,934,4935842
"3928","Thesium humifusum",5579047,"Thesium humifusum DC.","ACCEPTED","SPECIES","EXACT",97,5579047,6,7707728,220,934,4935842
"3929","Thesium pyrenaicum",5579175,"Thesium pyrenaicum Pourr.","ACCEPTED","SPECIES","EXACT",99,5579175,6,7707728,220,934,4935842
"3930","Thesium pyrenaicum",5579175,"Thesium pyrenaicum Pourr.","ACCEPTED","SPECIES","EXACT",99,5579175,6,7707728,220,934,4935842
"3931","Viscum album",2889828,"Viscum album L.","ACCEPTED","SPECIES","EXACT",97,2889828,6,7707728,220,934,2399
"3932","Viscum album",2889828,"Viscum album L.","ACCEPTED","SPECIES","EXACT",97,2889828,6,7707728,220,934,2399
"3933","Viscum album",2889828,"Viscum album L.","ACCEPTED","SPECIES","EXACT",97,2889828,6,7707728,220,934,2399
"3934","Viscum album",2889828,"Viscum album L.","ACCEPTED","SPECIES","EXACT",97,2889828,6,7707728,220,934,2399
"3935","Acer campestre",3189863,"Acer campestre L.","ACCEPTED","SPECIES","EXACT",99,3189863,6,7707728,220,933,6657
"3936","Acer campestre",3189863,"Acer campestre L.","ACCEPTED","SPECIES","EXACT",99,3189863,6,7707728,220,933,6657
"3937","Acer campestre",3189863,"Acer campestre L.","ACCEPTED","SPECIES","EXACT",99,3189863,6,7707728,220,933,6657
"3938","Acer campestre",3189863,"Acer campestre L.","ACCEPTED","SPECIES","EXACT",99,3189863,6,7707728,220,933,6657
"3939","Acer platanoides",3189846,"Acer platanoides L.","ACCEPTED","SPECIES","EXACT",99,3189846,6,7707728,220,933,6657
"3940","Acer platanoides",3189846,"Acer platanoides L.","ACCEPTED","SPECIES","EXACT",99,3189846,6,7707728,220,933,6657
"3941","Acer platanoides",3189846,"Acer platanoides L.","ACCEPTED","SPECIES","EXACT",99,3189846,6,7707728,220,933,6657
"3942","Acer platanoides",3189846,"Acer platanoides L.","ACCEPTED","SPECIES","EXACT",99,3189846,6,7707728,220,933,6657
"3943","Acer pseudoplatanus",3189870,"Acer pseudoplatanus L.","ACCEPTED","SPECIES","EXACT",97,3189870,6,7707728,220,933,6657
"3944","Acer pseudoplatanus",3189870,"Acer pseudoplatanus L.","ACCEPTED","SPECIES","EXACT",97,3189870,6,7707728,220,933,6657
"3945","Acer pseudoplatanus",3189870,"Acer pseudoplatanus L.","ACCEPTED","SPECIES","EXACT",97,3189870,6,7707728,220,933,6657
"3946","Acer pseudoplatanus",3189870,"Acer pseudoplatanus L.","ACCEPTED","SPECIES","EXACT",97,3189870,6,7707728,220,933,6657
"3947","Chrysosplenium alternifolium",7339315,"Chrysosplenium alternifolium L.","ACCEPTED","SPECIES","EXACT",99,7339315,6,7707728,220,7219248,2402
"3948","Chrysosplenium alternifolium",7339315,"Chrysosplenium alternifolium L.","ACCEPTED","SPECIES","EXACT",99,7339315,6,7707728,220,7219248,2402
"3949","Chrysosplenium alternifolium",7339315,"Chrysosplenium alternifolium L.","ACCEPTED","SPECIES","EXACT",99,7339315,6,7707728,220,7219248,2402
"3950","Chrysosplenium alternifolium",7339315,"Chrysosplenium alternifolium L.","ACCEPTED","SPECIES","EXACT",99,7339315,6,7707728,220,7219248,2402
"3951","Chrysosplenium oppositifolium",7526486,"Chrysosplenium oppositifolium L.","ACCEPTED","SPECIES","EXACT",97,7526486,6,7707728,220,7219248,2402
"3952","Chrysosplenium oppositifolium",7526486,"Chrysosplenium oppositifolium L.","ACCEPTED","SPECIES","EXACT",97,7526486,6,7707728,220,7219248,2402
"3953","Chrysosplenium oppositifolium",7526486,"Chrysosplenium oppositifolium L.","ACCEPTED","SPECIES","EXACT",97,7526486,6,7707728,220,7219248,2402
"3954","Chrysosplenium oppositifolium",7526486,"Chrysosplenium oppositifolium L.","ACCEPTED","SPECIES","EXACT",97,7526486,6,7707728,220,7219248,2402
"3955","Saxifraga granulata",7887000,"Saxifraga granulata L.","ACCEPTED","SPECIES","EXACT",97,7887000,6,7707728,220,7219248,2402
"3956","Saxifraga granulata",7887000,"Saxifraga granulata L.","ACCEPTED","SPECIES","EXACT",97,7887000,6,7707728,220,7219248,2402
"3957","Saxifraga granulata",7887000,"Saxifraga granulata L.","ACCEPTED","SPECIES","EXACT",97,7887000,6,7707728,220,7219248,2402
"3958","Saxifraga granulata",7887000,"Saxifraga granulata L.","ACCEPTED","SPECIES","EXACT",97,7887000,6,7707728,220,7219248,2402
"3959","Saxifraga hypnoides",8028512,"Saxifraga hypnoides L.","ACCEPTED","SPECIES","EXACT",98,8028512,6,7707728,220,7219248,2402
"3960","Saxifraga hypnoides",8028512,"Saxifraga hypnoides L.","ACCEPTED","SPECIES","EXACT",98,8028512,6,7707728,220,7219248,2402
"3961","Saxifraga rosacea",3032758,"Saxifraga rosacea Moench","ACCEPTED","SPECIES","EXACT",99,3032758,6,7707728,220,7219248,2402
"3962","Saxifraga rosacea",3032758,"Saxifraga rosacea Moench","ACCEPTED","SPECIES","EXACT",99,3032758,6,7707728,220,7219248,2402
"3963","Saxifraga rosacea",3032758,"Saxifraga rosacea Moench","ACCEPTED","SPECIES","EXACT",99,3032758,6,7707728,220,7219248,2402
"3964","Saxifraga tridactylites",3032833,"Saxifraga tridactylites L.","ACCEPTED","SPECIES","EXACT",99,3032833,6,7707728,220,7219248,2402
"3965","Saxifraga tridactylites",3032833,"Saxifraga tridactylites L.","ACCEPTED","SPECIES","EXACT",99,3032833,6,7707728,220,7219248,2402
"3966","Saxifraga tridactylites",3032833,"Saxifraga tridactylites L.","ACCEPTED","SPECIES","EXACT",99,3032833,6,7707728,220,7219248,2402
"3967","Saxifraga tridactylites",3032833,"Saxifraga tridactylites L.","ACCEPTED","SPECIES","EXACT",99,3032833,6,7707728,220,7219248,2402
"3968","Scrophularia auriculata",3170875,"Scrophularia auriculata L.","ACCEPTED","SPECIES","EXACT",97,3170875,6,7707728,220,408,2390
"3969","Scrophularia auriculata",3170875,"Scrophularia auriculata L.","ACCEPTED","SPECIES","EXACT",97,3170875,6,7707728,220,408,2390
"3970","Scrophularia auriculata",3170875,"Scrophularia auriculata L.","ACCEPTED","SPECIES","EXACT",97,3170875,6,7707728,220,408,2390
"3971","Scrophularia auriculata",3170875,"Scrophularia auriculata L.","ACCEPTED","SPECIES","EXACT",97,3170875,6,7707728,220,408,2390
"3972","Scrophularia canina",3170873,"Scrophularia canina L.","ACCEPTED","SPECIES","EXACT",97,3170873,6,7707728,220,408,2390
"3973","Scrophularia canina",3170873,"Scrophularia canina L.","ACCEPTED","SPECIES","EXACT",97,3170873,6,7707728,220,408,2390
"3974","Scrophularia canina",3170873,"Scrophularia canina L.","ACCEPTED","SPECIES","EXACT",97,3170873,6,7707728,220,408,2390
"3975","Scrophularia nodosa",3170886,"Scrophularia nodosa L.","ACCEPTED","SPECIES","EXACT",99,3170886,6,7707728,220,408,2390
"3976","Scrophularia nodosa",3170886,"Scrophularia nodosa L.","ACCEPTED","SPECIES","EXACT",99,3170886,6,7707728,220,408,2390
"3977","Scrophularia nodosa",3170886,"Scrophularia nodosa L.","ACCEPTED","SPECIES","EXACT",99,3170886,6,7707728,220,408,2390
"3978","Scrophularia nodosa",3170886,"Scrophularia nodosa L.","ACCEPTED","SPECIES","EXACT",99,3170886,6,7707728,220,408,2390
"3979","Scrophularia peregrina",3170862,"Scrophularia peregrina L.","ACCEPTED","SPECIES","EXACT",99,3170862,6,7707728,220,408,2390
"3980","Scrophularia peregrina",3170862,"Scrophularia peregrina L.","ACCEPTED","SPECIES","EXACT",99,3170862,6,7707728,220,408,2390
"3981","Scrophularia peregrina",3170862,"Scrophularia peregrina L.","ACCEPTED","SPECIES","EXACT",99,3170862,6,7707728,220,408,2390
"3982","Scrophularia umbrosa",3170866,"Scrophularia umbrosa Dumort.","ACCEPTED","SPECIES","EXACT",97,3170866,6,7707728,220,408,2390
"3983","Scrophularia umbrosa",3170866,"Scrophularia umbrosa Dumort.","ACCEPTED","SPECIES","EXACT",97,3170866,6,7707728,220,408,2390
"3984","Scrophularia umbrosa",3170866,"Scrophularia umbrosa Dumort.","ACCEPTED","SPECIES","EXACT",97,3170866,6,7707728,220,408,2390
"3985","Scrophularia umbrosa",3170866,"Scrophularia umbrosa Dumort.","ACCEPTED","SPECIES","EXACT",97,3170866,6,7707728,220,408,2390
"3986","Verbascum blattaria",3171943,"Verbascum blattaria L.","ACCEPTED","SPECIES","EXACT",97,3171943,6,7707728,220,408,2390
"3987","Verbascum blattaria",3171943,"Verbascum blattaria L.","ACCEPTED","SPECIES","EXACT",97,3171943,6,7707728,220,408,2390
"3988","Verbascum blattaria",3171943,"Verbascum blattaria L.","ACCEPTED","SPECIES","EXACT",97,3171943,6,7707728,220,408,2390
"3989","Verbascum blattaria",3171943,"Verbascum blattaria L.","ACCEPTED","SPECIES","EXACT",97,3171943,6,7707728,220,408,2390
"3990","Verbascum densiflorum",3171939,"Verbascum densiflorum Bertol.","ACCEPTED","SPECIES","EXACT",99,3171939,6,7707728,220,408,2390
"3991","Verbascum densiflorum",3171939,"Verbascum densiflorum Bertol.","ACCEPTED","SPECIES","EXACT",99,3171939,6,7707728,220,408,2390
"3992","Verbascum densiflorum",3171939,"Verbascum densiflorum Bertol.","ACCEPTED","SPECIES","EXACT",99,3171939,6,7707728,220,408,2390
"3993","Verbascum densiflorum",3171939,"Verbascum densiflorum Bertol.","ACCEPTED","SPECIES","EXACT",99,3171939,6,7707728,220,408,2390
"3994","Verbascum lychnitis",3171947,"Verbascum lychnitis L.","ACCEPTED","SPECIES","EXACT",97,3171947,6,7707728,220,408,2390
"3995","Verbascum lychnitis",3171947,"Verbascum lychnitis L.","ACCEPTED","SPECIES","EXACT",97,3171947,6,7707728,220,408,2390
"3996","Verbascum lychnitis",3171947,"Verbascum lychnitis L.","ACCEPTED","SPECIES","EXACT",97,3171947,6,7707728,220,408,2390
"3997","Verbascum lychnitis",3171947,"Verbascum lychnitis L.","ACCEPTED","SPECIES","EXACT",97,3171947,6,7707728,220,408,2390
"3998","Verbascum nigrum",3171945,"Verbascum nigrum L.","ACCEPTED","SPECIES","EXACT",97,3171945,6,7707728,220,408,2390
"3999","Verbascum nigrum",3171945,"Verbascum nigrum L.","ACCEPTED","SPECIES","EXACT",97,3171945,6,7707728,220,408,2390
"4000","Verbascum nigrum",3171945,"Verbascum nigrum L.","ACCEPTED","SPECIES","EXACT",97,3171945,6,7707728,220,408,2390
"4001","Verbascum nigrum",3171945,"Verbascum nigrum L.","ACCEPTED","SPECIES","EXACT",97,3171945,6,7707728,220,408,2390
"4002","Verbascum pulverulentum",3171941,"Verbascum pulverulentum Vill.","ACCEPTED","SPECIES","EXACT",97,3171941,6,7707728,220,408,2390
"4003","Verbascum pulverulentum",3171941,"Verbascum pulverulentum Vill.","ACCEPTED","SPECIES","EXACT",97,3171941,6,7707728,220,408,2390
"4004","Verbascum pulverulentum",3171941,"Verbascum pulverulentum Vill.","ACCEPTED","SPECIES","EXACT",97,3171941,6,7707728,220,408,2390
"4005","Verbascum thapsus",3171949,"Verbascum thapsus L.","ACCEPTED","SPECIES","EXACT",97,3171949,6,7707728,220,408,2390
"4006","Verbascum thapsus",3171949,"Verbascum thapsus L.","ACCEPTED","SPECIES","EXACT",97,3171949,6,7707728,220,408,2390
"4007","Verbascum thapsus",3171949,"Verbascum thapsus L.","ACCEPTED","SPECIES","EXACT",97,3171949,6,7707728,220,408,2390
"4008","Verbascum thapsus",3171949,"Verbascum thapsus L.","ACCEPTED","SPECIES","EXACT",97,3171949,6,7707728,220,408,2390
"4009","Atropa bella-donna",3802655,"Atropa belladonna L.","ACCEPTED","SPECIES","FUZZY",96,3802655,6,7707728,220,1176,7717
"4010","Atropa bella-donna",3802655,"Atropa belladonna L.","ACCEPTED","SPECIES","FUZZY",96,3802655,6,7707728,220,1176,7717
"4011","Atropa bella-donna",3802655,"Atropa belladonna L.","ACCEPTED","SPECIES","FUZZY",96,3802655,6,7707728,220,1176,7717
"4012","Atropa bella-donna",3802655,"Atropa belladonna L.","ACCEPTED","SPECIES","FUZZY",96,3802655,6,7707728,220,1176,7717
"4013","Hyoscyamus niger",2928978,"Hyoscyamus niger L.","ACCEPTED","SPECIES","EXACT",99,2928978,6,7707728,220,1176,7717
"4014","Hyoscyamus niger",2928978,"Hyoscyamus niger L.","ACCEPTED","SPECIES","EXACT",99,2928978,6,7707728,220,1176,7717
"4015","Hyoscyamus niger",2928978,"Hyoscyamus niger L.","ACCEPTED","SPECIES","EXACT",99,2928978,6,7707728,220,1176,7717
"4016","Solanum dulcamara",2932737,"Solanum dulcamara L.","ACCEPTED","SPECIES","EXACT",99,2932737,6,7707728,220,1176,7717
"4017","Solanum dulcamara",2932737,"Solanum dulcamara L.","ACCEPTED","SPECIES","EXACT",99,2932737,6,7707728,220,1176,7717
"4018","Solanum dulcamara",2932737,"Solanum dulcamara L.","ACCEPTED","SPECIES","EXACT",99,2932737,6,7707728,220,1176,7717
"4019","Solanum dulcamara",2932737,"Solanum dulcamara L.","ACCEPTED","SPECIES","EXACT",99,2932737,6,7707728,220,1176,7717
"4020","Solanum nigrum",9150405,"Solanum nigrum L.","ACCEPTED","SPECIES","EXACT",97,9150405,6,7707728,220,1176,7717
"4021","Solanum nigrum",9150405,"Solanum nigrum L.","ACCEPTED","SPECIES","EXACT",97,9150405,6,7707728,220,1176,7717
"4022","Solanum nigrum",9150405,"Solanum nigrum L.","ACCEPTED","SPECIES","EXACT",97,9150405,6,7707728,220,1176,7717
"4023","Solanum nigrum",9150405,"Solanum nigrum L.","ACCEPTED","SPECIES","EXACT",97,9150405,6,7707728,220,1176,7717
"4024","Taxus baccata",5284517,"Taxus baccata L.","ACCEPTED","SPECIES","EXACT",97,5284517,6,7707728,194,640,4863
"4025","Taxus baccata",5284517,"Taxus baccata L.","ACCEPTED","SPECIES","EXACT",97,5284517,6,7707728,194,640,4863
"4026","Taxus baccata",5284517,"Taxus baccata L.","ACCEPTED","SPECIES","EXACT",97,5284517,6,7707728,194,640,4863
"4027","Taxus baccata",5284517,"Taxus baccata L.","ACCEPTED","SPECIES","EXACT",97,5284517,6,7707728,194,640,4863
"4028","Oreopteris limbosperma",2651495,"Oreopteris limbosperma (All.) Holub","ACCEPTED","SPECIES","EXACT",99,2651495,6,7707728,7228684,392,6618
"4029","Oreopteris limbosperma",2651495,"Oreopteris limbosperma (All.) Holub","ACCEPTED","SPECIES","EXACT",99,2651495,6,7707728,7228684,392,6618
"4030","Oreopteris limbosperma",2651495,"Oreopteris limbosperma (All.) Holub","ACCEPTED","SPECIES","EXACT",99,2651495,6,7707728,7228684,392,6618
"4031","Oreopteris limbosperma",2651495,"Oreopteris limbosperma (All.) Holub","ACCEPTED","SPECIES","EXACT",99,2651495,6,7707728,7228684,392,6618
"4032","Daphne laureola",5420853,"Daphne laureola L.","ACCEPTED","SPECIES","EXACT",99,5420853,6,7707728,220,941,2428
"4033","Daphne laureola",5420853,"Daphne laureola L.","ACCEPTED","SPECIES","EXACT",99,5420853,6,7707728,220,941,2428
"4034","Daphne laureola",5420853,"Daphne laureola L.","ACCEPTED","SPECIES","EXACT",99,5420853,6,7707728,220,941,2428
"4035","Daphne laureola",5420853,"Daphne laureola L.","ACCEPTED","SPECIES","EXACT",99,5420853,6,7707728,220,941,2428
"4036","Daphne mezereum",5420852,"Daphne mezereum L.","ACCEPTED","SPECIES","EXACT",97,5420852,6,7707728,220,941,2428
"4037","Daphne mezereum",5420852,"Daphne mezereum L.","ACCEPTED","SPECIES","EXACT",97,5420852,6,7707728,220,941,2428
"4038","Daphne mezereum",5420852,"Daphne mezereum L.","ACCEPTED","SPECIES","EXACT",97,5420852,6,7707728,220,941,2428
"4039","Sparganium angustifolium",2702361,"Sparganium angustifolium Michx.","ACCEPTED","SPECIES","EXACT",97,2702361,6,7707728,196,1369,4246
"4040","Sparganium angustifolium",2702361,"Sparganium angustifolium Michx.","ACCEPTED","SPECIES","EXACT",97,2702361,6,7707728,196,1369,4246
"4041","Sparganium emersum",2702266,"Sparganium emersum Rehmann","ACCEPTED","SPECIES","EXACT",99,2702266,6,7707728,196,1369,4246
"4042","Sparganium emersum",2702266,"Sparganium emersum Rehmann","ACCEPTED","SPECIES","EXACT",99,2702266,6,7707728,196,1369,4246
"4043","Sparganium emersum",2702266,"Sparganium emersum Rehmann","ACCEPTED","SPECIES","EXACT",99,2702266,6,7707728,196,1369,4246
"4044","Sparganium erectum",7679536,"Sparganium erectum L.","ACCEPTED","SPECIES","EXACT",98,7679536,6,7707728,196,1369,4246
"4045","Sparganium erectum",7679536,"Sparganium erectum L.","ACCEPTED","SPECIES","EXACT",98,7679536,6,7707728,196,1369,4246
"4046","Sparganium erectum",7679536,"Sparganium erectum L.","ACCEPTED","SPECIES","EXACT",98,7679536,6,7707728,196,1369,4246
"4047","Sparganium erectum",7679536,"Sparganium erectum L.","ACCEPTED","SPECIES","EXACT",98,7679536,6,7707728,196,1369,4246
"4048","Sparganium natans",2702384,"Sparganium natans L.","ACCEPTED","SPECIES","EXACT",97,2702384,6,7707728,196,1369,4246
"4049","Sparganium natans",2702384,"Sparganium natans L.","ACCEPTED","SPECIES","EXACT",97,2702384,6,7707728,196,1369,4246
"4050","Sparganium natans",2702384,"Sparganium natans L.","ACCEPTED","SPECIES","EXACT",97,2702384,6,7707728,196,1369,4246
"4051","Typha angustifolia",5289461,"Typha angustifolia L.","ACCEPTED","SPECIES","EXACT",97,5289461,6,7707728,196,1369,4246
"4052","Typha angustifolia",5289461,"Typha angustifolia L.","ACCEPTED","SPECIES","EXACT",97,5289461,6,7707728,196,1369,4246
"4053","Typha angustifolia",5289461,"Typha angustifolia L.","ACCEPTED","SPECIES","EXACT",97,5289461,6,7707728,196,1369,4246
"4054","Typha angustifolia",5289461,"Typha angustifolia L.","ACCEPTED","SPECIES","EXACT",97,5289461,6,7707728,196,1369,4246
"4055","Typha latifolia",5289423,"Typha latifolia L.","ACCEPTED","SPECIES","EXACT",98,5289423,6,7707728,196,1369,4246
"4056","Typha latifolia",5289423,"Typha latifolia L.","ACCEPTED","SPECIES","EXACT",98,5289423,6,7707728,196,1369,4246
"4057","Typha latifolia",5289423,"Typha latifolia L.","ACCEPTED","SPECIES","EXACT",98,5289423,6,7707728,196,1369,4246
"4058","Typha latifolia",5289423,"Typha latifolia L.","ACCEPTED","SPECIES","EXACT",98,5289423,6,7707728,196,1369,4246
"4059","Ulmus glabra",5361866,"Ulmus glabra Huds.","ACCEPTED","SPECIES","EXACT",97,5361866,6,7707728,220,691,2382
"4060","Ulmus glabra",5361866,"Ulmus glabra Huds.","ACCEPTED","SPECIES","EXACT",97,5361866,6,7707728,220,691,2382
"4061","Ulmus glabra",5361866,"Ulmus glabra Huds.","ACCEPTED","SPECIES","EXACT",97,5361866,6,7707728,220,691,2382
"4062","Ulmus glabra",5361866,"Ulmus glabra Huds.","ACCEPTED","SPECIES","EXACT",97,5361866,6,7707728,220,691,2382
"4063","Ulmus laevis",7303616,"Ulmus laevis Pall.","ACCEPTED","SPECIES","EXACT",99,7303616,6,7707728,220,691,2382
"4064","Ulmus laevis",7303616,"Ulmus laevis Pall.","ACCEPTED","SPECIES","EXACT",99,7303616,6,7707728,220,691,2382
"4065","Ulmus laevis",7303616,"Ulmus laevis Pall.","ACCEPTED","SPECIES","EXACT",99,7303616,6,7707728,220,691,2382
"4066","Ulmus laevis",7303616,"Ulmus laevis Pall.","ACCEPTED","SPECIES","EXACT",99,7303616,6,7707728,220,691,2382
"4067","Ulmus minor",5361865,"Ulmus minor Mill.","ACCEPTED","SPECIES","EXACT",99,5361865,6,7707728,220,691,2382
"4068","Ulmus minor",5361865,"Ulmus minor Mill.","ACCEPTED","SPECIES","EXACT",99,5361865,6,7707728,220,691,2382
"4069","Ulmus minor",5361865,"Ulmus minor Mill.","ACCEPTED","SPECIES","EXACT",99,5361865,6,7707728,220,691,2382
"4070","Ulmus minor",5361865,"Ulmus minor Mill.","ACCEPTED","SPECIES","EXACT",99,5361865,6,7707728,220,691,2382
"4071","Ulmus procera",7634307,"Ulmus procera K.D.Koenig & Sims, 1796","ACCEPTED","SPECIES","EXACT",97,7634307,6,7707728,220,691,2382
"4072","Ulmus procera",7634307,"Ulmus procera K.D.Koenig & Sims, 1796","ACCEPTED","SPECIES","EXACT",97,7634307,6,7707728,220,691,2382
"4073","Parietaria judaica",5361801,"Parietaria judaica L.","ACCEPTED","SPECIES","EXACT",97,5361801,6,7707728,220,691,6639
"4074","Parietaria judaica",5361801,"Parietaria judaica L.","ACCEPTED","SPECIES","EXACT",97,5361801,6,7707728,220,691,6639
"4075","Parietaria judaica",5361801,"Parietaria judaica L.","ACCEPTED","SPECIES","EXACT",97,5361801,6,7707728,220,691,6639
"4076","Parietaria judaica",5361801,"Parietaria judaica L.","ACCEPTED","SPECIES","EXACT",97,5361801,6,7707728,220,691,6639
"4077","Parietaria officinalis",5361803,"Parietaria officinalis L.","ACCEPTED","SPECIES","EXACT",99,5361803,6,7707728,220,691,6639
"4078","Parietaria officinalis",5361803,"Parietaria officinalis L.","ACCEPTED","SPECIES","EXACT",99,5361803,6,7707728,220,691,6639
"4079","Parietaria officinalis",5361803,"Parietaria officinalis L.","ACCEPTED","SPECIES","EXACT",99,5361803,6,7707728,220,691,6639
"4080","Parietaria officinalis",5361803,"Parietaria officinalis L.","ACCEPTED","SPECIES","EXACT",99,5361803,6,7707728,220,691,6639
"4081","Urtica dioica",7960979,"Urtica dioica L.","ACCEPTED","SPECIES","EXACT",97,7960979,6,7707728,220,691,6639
"4082","Urtica dioica",7960979,"Urtica dioica L.","ACCEPTED","SPECIES","EXACT",97,7960979,6,7707728,220,691,6639
"4083","Urtica dioica",7960979,"Urtica dioica L.","ACCEPTED","SPECIES","EXACT",97,7960979,6,7707728,220,691,6639
"4084","Urtica dioica",7960979,"Urtica dioica L.","ACCEPTED","SPECIES","EXACT",97,7960979,6,7707728,220,691,6639
"4085","Urtica urens",5361815,"Urtica urens L.","ACCEPTED","SPECIES","EXACT",97,5361815,6,7707728,220,691,6639
"4086","Urtica urens",5361815,"Urtica urens L.","ACCEPTED","SPECIES","EXACT",97,5361815,6,7707728,220,691,6639
"4087","Urtica urens",5361815,"Urtica urens L.","ACCEPTED","SPECIES","EXACT",97,5361815,6,7707728,220,691,6639
"4088","Urtica urens",5361815,"Urtica urens L.","ACCEPTED","SPECIES","EXACT",97,5361815,6,7707728,220,691,6639
"4089","Verbena officinalis",2925529,"Verbena officinalis L.","ACCEPTED","SPECIES","EXACT",99,2925529,6,7707728,220,408,6689
"4090","Verbena officinalis",2925529,"Verbena officinalis L.","ACCEPTED","SPECIES","EXACT",99,2925529,6,7707728,220,408,6689
"4091","Verbena officinalis",2925529,"Verbena officinalis L.","ACCEPTED","SPECIES","EXACT",99,2925529,6,7707728,220,408,6689
"4092","Verbena officinalis",2925529,"Verbena officinalis L.","ACCEPTED","SPECIES","EXACT",99,2925529,6,7707728,220,408,6689
"4093","Adoxa moschatellina",2888794,"Adoxa moschatellina L.","ACCEPTED","SPECIES","EXACT",99,2888794,6,7707728,220,946,4924416
"4094","Adoxa moschatellina",2888794,"Adoxa moschatellina L.","ACCEPTED","SPECIES","EXACT",99,2888794,6,7707728,220,946,4924416
"4095","Adoxa moschatellina",2888794,"Adoxa moschatellina L.","ACCEPTED","SPECIES","EXACT",99,2888794,6,7707728,220,946,4924416
"4096","Adoxa moschatellina",2888794,"Adoxa moschatellina L.","ACCEPTED","SPECIES","EXACT",99,2888794,6,7707728,220,946,4924416
"4097","Sambucus ebulus",2888722,"Sambucus ebulus L.","ACCEPTED","SPECIES","EXACT",99,2888722,6,7707728,220,946,4924416
"4098","Sambucus ebulus",2888722,"Sambucus ebulus L.","ACCEPTED","SPECIES","EXACT",99,2888722,6,7707728,220,946,4924416
"4099","Sambucus ebulus",2888722,"Sambucus ebulus L.","ACCEPTED","SPECIES","EXACT",99,2888722,6,7707728,220,946,4924416
"4100","Sambucus ebulus",2888722,"Sambucus ebulus L.","ACCEPTED","SPECIES","EXACT",99,2888722,6,7707728,220,946,4924416
"4101","Sambucus nigra",2888728,"Sambucus nigra L.","ACCEPTED","SPECIES","EXACT",97,2888728,6,7707728,220,946,4924416
"4102","Sambucus nigra",2888728,"Sambucus nigra L.","ACCEPTED","SPECIES","EXACT",97,2888728,6,7707728,220,946,4924416
"4103","Sambucus nigra",2888728,"Sambucus nigra L.","ACCEPTED","SPECIES","EXACT",97,2888728,6,7707728,220,946,4924416
"4104","Sambucus nigra",2888728,"Sambucus nigra L.","ACCEPTED","SPECIES","EXACT",97,2888728,6,7707728,220,946,4924416
"4105","Sambucus racemosa",2888723,"Sambucus racemosa L.","ACCEPTED","SPECIES","EXACT",97,2888723,6,7707728,220,946,4924416
"4106","Sambucus racemosa",2888723,"Sambucus racemosa L.","ACCEPTED","SPECIES","EXACT",97,2888723,6,7707728,220,946,4924416
"4107","Sambucus racemosa",2888723,"Sambucus racemosa L.","ACCEPTED","SPECIES","EXACT",97,2888723,6,7707728,220,946,4924416
"4108","Sambucus racemosa",2888723,"Sambucus racemosa L.","ACCEPTED","SPECIES","EXACT",97,2888723,6,7707728,220,946,4924416
"4109","Viburnum lantana",2888615,"Viburnum lantana L.","ACCEPTED","SPECIES","EXACT",97,2888615,6,7707728,220,946,4924416
"4110","Viburnum lantana",2888615,"Viburnum lantana L.","ACCEPTED","SPECIES","EXACT",97,2888615,6,7707728,220,946,4924416
"4111","Viburnum lantana",2888615,"Viburnum lantana L.","ACCEPTED","SPECIES","EXACT",97,2888615,6,7707728,220,946,4924416
"4112","Viburnum lantana",2888615,"Viburnum lantana L.","ACCEPTED","SPECIES","EXACT",97,2888615,6,7707728,220,946,4924416
"4113","Viburnum opulus",2888605,"Viburnum opulus L.","ACCEPTED","SPECIES","EXACT",99,2888605,6,7707728,220,946,4924416
"4114","Viburnum opulus",2888605,"Viburnum opulus L.","ACCEPTED","SPECIES","EXACT",99,2888605,6,7707728,220,946,4924416
"4115","Viburnum opulus",2888605,"Viburnum opulus L.","ACCEPTED","SPECIES","EXACT",99,2888605,6,7707728,220,946,4924416
"4116","Viburnum opulus",2888605,"Viburnum opulus L.","ACCEPTED","SPECIES","EXACT",99,2888605,6,7707728,220,946,4924416
"4117","Viola arvensis",5331235,"Viola arvensis Murray","ACCEPTED","SPECIES","EXACT",99,5331235,6,7707728,220,1414,6631
"4118","Viola arvensis",5331235,"Viola arvensis Murray","ACCEPTED","SPECIES","EXACT",99,5331235,6,7707728,220,1414,6631
"4119","Viola arvensis",5331235,"Viola arvensis Murray","ACCEPTED","SPECIES","EXACT",99,5331235,6,7707728,220,1414,6631
"4120","Viola arvensis",5331235,"Viola arvensis Murray","ACCEPTED","SPECIES","EXACT",99,5331235,6,7707728,220,1414,6631
"4121","Viola canina",5331258,"Viola canina L.","ACCEPTED","SPECIES","EXACT",97,5331258,6,7707728,220,1414,6631
"4122","Viola canina",5331258,"Viola canina L.","ACCEPTED","SPECIES","EXACT",97,5331258,6,7707728,220,1414,6631
"4123","Viola canina",5331258,"Viola canina L.","ACCEPTED","SPECIES","EXACT",97,5331258,6,7707728,220,1414,6631
"4124","Viola hirta",5664290,"Viola hirta L.","ACCEPTED","SPECIES","EXACT",97,5664290,6,7707728,220,1414,6631
"4125","Viola hirta",5664290,"Viola hirta L.","ACCEPTED","SPECIES","EXACT",97,5664290,6,7707728,220,1414,6631
"4126","Viola hirta",5664290,"Viola hirta L.","ACCEPTED","SPECIES","EXACT",97,5664290,6,7707728,220,1414,6631
"4127","Viola lactea",7946708,"Viola lactea Sm.","ACCEPTED","SPECIES","EXACT",97,7946708,6,7707728,220,1414,6631
"4128","Viola lactea",7946708,"Viola lactea Sm.","ACCEPTED","SPECIES","EXACT",97,7946708,6,7707728,220,1414,6631
"4129","Viola lutea",8388117,"Viola lutea Huds.","ACCEPTED","SPECIES","EXACT",97,8388117,6,7707728,220,1414,6631
"4130","Viola lutea",8388117,"Viola lutea Huds.","ACCEPTED","SPECIES","EXACT",97,8388117,6,7707728,220,1414,6631
"4131","Viola lutea",8388117,"Viola lutea Huds.","ACCEPTED","SPECIES","EXACT",97,8388117,6,7707728,220,1414,6631
"4132","Viola odorata",5331181,"Viola odorata L.","ACCEPTED","SPECIES","EXACT",97,5331181,6,7707728,220,1414,6631
"4133","Viola odorata",5331181,"Viola odorata L.","ACCEPTED","SPECIES","EXACT",97,5331181,6,7707728,220,1414,6631
"4134","Viola odorata",5331181,"Viola odorata L.","ACCEPTED","SPECIES","EXACT",97,5331181,6,7707728,220,1414,6631
"4135","Viola odorata",5331181,"Viola odorata L.","ACCEPTED","SPECIES","EXACT",97,5331181,6,7707728,220,1414,6631
"4136","Viola palustris",5331355,"Viola palustris L.","ACCEPTED","SPECIES","EXACT",99,5331355,6,7707728,220,1414,6631
"4137","Viola palustris",5331355,"Viola palustris L.","ACCEPTED","SPECIES","EXACT",99,5331355,6,7707728,220,1414,6631
"4138","Viola palustris",5331355,"Viola palustris L.","ACCEPTED","SPECIES","EXACT",99,5331355,6,7707728,220,1414,6631
"4139","Viola reichenbachiana",5663962,"Viola reichenbachiana Jord. ex Boreau","ACCEPTED","SPECIES","EXACT",97,5663962,6,7707728,220,1414,6631
"4140","Viola reichenbachiana",5663962,"Viola reichenbachiana Jord. ex Boreau","ACCEPTED","SPECIES","EXACT",97,5663962,6,7707728,220,1414,6631
"4141","Viola reichenbachiana",5663962,"Viola reichenbachiana Jord. ex Boreau","ACCEPTED","SPECIES","EXACT",97,5663962,6,7707728,220,1414,6631
"4142","Viola reichenbachiana",5663962,"Viola reichenbachiana Jord. ex Boreau","ACCEPTED","SPECIES","EXACT",97,5663962,6,7707728,220,1414,6631
"4143","Viola riviniana",7296321,"Viola riviniana Rchb.","ACCEPTED","SPECIES","EXACT",99,7296321,6,7707728,220,1414,6631
"4144","Viola riviniana",7296321,"Viola riviniana Rchb.","ACCEPTED","SPECIES","EXACT",99,7296321,6,7707728,220,1414,6631
"4145","Viola riviniana",7296321,"Viola riviniana Rchb.","ACCEPTED","SPECIES","EXACT",99,7296321,6,7707728,220,1414,6631
"4146","Viola riviniana",7296321,"Viola riviniana Rchb.","ACCEPTED","SPECIES","EXACT",99,7296321,6,7707728,220,1414,6631
"4147","Viola stagnina",5664390,"Viola stagnina Kit.","ACCEPTED","SPECIES","EXACT",97,5664390,6,7707728,220,1414,6631
"4148","Viola stagnina",5664390,"Viola stagnina Kit.","ACCEPTED","SPECIES","EXACT",97,5664390,6,7707728,220,1414,6631
"4149","Viola tricolor",5331347,"Viola tricolor L.","ACCEPTED","SPECIES","EXACT",99,5331347,6,7707728,220,1414,6631
"4150","Viola tricolor",5331347,"Viola tricolor L.","ACCEPTED","SPECIES","EXACT",99,5331347,6,7707728,220,1414,6631
"4151","Viola tricolor",5331347,"Viola tricolor L.","ACCEPTED","SPECIES","EXACT",99,5331347,6,7707728,220,1414,6631
"4152","Viola tricolor",5331347,"Viola tricolor L.","ACCEPTED","SPECIES","EXACT",99,5331347,6,7707728,220,1414,6631
"4153","Zostera marina",2863967,"Zostera marina L.","ACCEPTED","SPECIES","EXACT",98,2863967,6,7707728,196,551,3725
"4154","Zostera marina",2863967,"Zostera marina L.","ACCEPTED","SPECIES","EXACT",98,2863967,6,7707728,196,551,3725
"4155","Acrospermum adeanum",2612453,"Acrospermum adeanum Höhn.","ACCEPTED","SPECIES","EXACT",99,2612453,5,95,183,1261,4790
"4156","Acrospermum adeanum",2612453,"Acrospermum adeanum Höhn.","ACCEPTED","SPECIES","EXACT",99,2612453,5,95,183,1261,4790
